attack,label,C,T,rog_L12,vel_L9,logit_GOAT,logit_robust_GOAT
A15,1,-10.759824752807617,2.641560301832834,10.759824752807617,2.641560301832834,-3.3037545680999756,3.7941596508026123
-,0,-10.434928894042969,2.768079411187702,10.434928894042969,2.768079411187702,-1.8106608390808105,0.5046707391738892
A13,1,-10.582140922546387,2.887978212302914,10.582140922546387,2.887978212302914,7.12035608291626,8.522109985351562
-,0,-10.51172161102295,2.7768200597736037,10.51172161102295,2.7768200597736037,-1.5193618535995483,-4.160804748535156
A09,1,-11.037771224975586,2.711400434835767,11.037771224975586,2.711400434835767,5.8430376052856445,6.614634037017822
-,0,-11.0866060256958,2.831905234222248,11.0866060256958,2.831905234222248,-3.4399876594543457,-1.8183071613311768
A10,1,-10.478880882263184,2.7865271389692197,10.478880882263184,2.7865271389692197,3.0064268112182617,1.5281333923339844
-,0,-10.75748062133789,2.7011578135802323,10.75748062133789,2.7011578135802323,-8.398886680603027,-2.233635425567627
A09,1,-10.898564338684082,2.7116878301239846,10.898564338684082,2.7116878301239846,3.8647847175598145,5.166285991668701
A09,1,-10.71100902557373,2.793292010067814,10.71100902557373,2.793292010067814,3.96234393119812,4.948822498321533
A11,1,-10.878161430358887,2.809783454468888,10.878161430358887,2.809783454468888,0.5777927041053772,4.1197309494018555
-,0,-11.347676277160645,2.790401511465036,11.347676277160645,2.790401511465036,-6.223652362823486,-3.189776659011841
A10,1,-9.93205451965332,2.6621890987243346,9.93205451965332,2.6621890987243346,7.993505477905273,6.94388484954834
-,0,-10.584014892578125,2.715982587249999,10.584014892578125,2.715982587249999,-4.977470874786377,-2.4988811016082764
A19,1,-10.173148155212402,2.7847738377102966,10.173148155212402,2.7847738377102966,0.833047091960907,-2.97811222076416
A12,1,-11.117727279663086,2.715960997255687,11.117727279663086,2.715960997255687,5.303713798522949,7.5994553565979
A18,1,-11.059206008911133,2.7472568192173585,11.059206008911133,2.7472568192173585,1.0175219774246216,2.4468326568603516
-,0,-11.166801452636719,2.782349950081443,11.166801452636719,2.782349950081443,-3.5452349185943604,-1.9996823072433472
-,0,-11.131806373596191,2.797297690382689,11.131806373596191,2.797297690382689,-11.269196510314941,-4.988325119018555
A16,1,-9.332320213317871,2.779011188914982,9.332320213317871,2.779011188914982,2.801900625228882,9.438169479370117
-,0,-10.601303100585938,2.755608903641873,10.601303100585938,2.755608903641873,-16.339155197143555,-8.536255836486816
-,0,-11.335227966308594,2.769404737615014,11.335227966308594,2.769404737615014,-2.5390617847442627,-1.4969635009765625
-,0,-11.053119659423828,2.7919409523785275,11.053119659423828,2.7919409523785275,0.3445460796356201,0.2348969578742981
A10,1,-10.783448219299316,2.7489366559689494,10.783448219299316,2.7489366559689494,4.685420036315918,0.4123818874359131
A12,1,-10.314172744750977,2.649475554560472,10.314172744750977,2.649475554560472,7.610157012939453,9.152105331420898
-,0,-11.156594276428223,2.708993384946096,11.156594276428223,2.708993384946096,-5.502406597137451,-6.313406467437744
A17,1,-11.122641563415527,2.702833004845859,11.122641563415527,2.702833004845859,6.4291534423828125,7.836143493652344
A19,1,-10.669244766235352,2.812527856384282,10.669244766235352,2.812527856384282,-3.2735893726348877,1.2996008396148682
A17,1,-10.50274658203125,2.8377356322021656,10.50274658203125,2.8377356322021656,5.579381942749023,5.8555216789245605
A12,1,-10.967061042785645,2.8351713322255887,10.967061042785645,2.8351713322255887,5.493613243103027,10.93136978149414
-,0,-9.896590232849121,2.632656642593275,9.896590232849121,2.632656642593275,-3.4427764415740967,-1.2728277444839478
-,0,-11.11967658996582,2.721287791561147,11.11967658996582,2.721287791561147,-7.9750237464904785,-5.077334403991699
-,0,-10.513466835021973,2.7735954067685316,10.513466835021973,2.7735954067685316,-2.844515085220337,-1.2740567922592163
A08,1,-10.369661331176758,2.7993111880040717,10.369661331176758,2.7993111880040717,4.084450721740723,6.736005783081055
A17,1,-11.411989212036133,2.6911364248786382,11.411989212036133,2.6911364248786382,6.425273418426514,8.450531005859375
A08,1,-11.124473571777344,2.847551178444674,11.124473571777344,2.847551178444674,1.1584903001785278,7.318382740020752
-,0,-10.846564292907715,2.701900102243565,10.846564292907715,2.701900102243565,0.9146643280982971,-0.3928457498550415
-,0,-10.50504207611084,2.8225245339410208,10.50504207611084,2.8225245339410208,-9.89156436920166,-3.025597333908081
A09,1,-10.54184627532959,2.7876306513589677,10.54184627532959,2.7876306513589677,7.930700302124023,7.843567848205566
-,0,-11.317764282226562,2.8799537850078147,11.317764282226562,2.8799537850078147,-6.0894622802734375,-2.150456190109253
A11,1,-10.815423965454102,2.731902079017781,10.815423965454102,2.731902079017781,-8.904746055603027,-1.5953086614608765
A19,1,-11.047892570495605,2.686481201279488,11.047892570495605,2.686481201279488,2.5828263759613037,2.7186007499694824
-,0,-10.969696998596191,2.723866471822714,10.969696998596191,2.723866471822714,-5.188568592071533,-2.3455631732940674
A11,1,-10.602337837219238,2.8055723551689233,10.602337837219238,2.8055723551689233,3.9977357387542725,4.566751480102539
A17,1,-11.189234733581543,2.757053556940149,11.189234733581543,2.757053556940149,5.799994468688965,7.730809211730957
-,0,-11.182638168334961,2.75674805611369,11.182638168334961,2.75674805611369,-4.656533718109131,-4.216592788696289
A11,1,-10.337718963623047,2.6428614277685587,10.337718963623047,2.6428614277685587,1.4144737720489502,5.327712059020996
A15,1,-10.989423751831055,2.8752918868239568,10.989423751831055,2.8752918868239568,4.52290153503418,6.759597301483154
A10,1,-10.179356575012207,2.653853487036667,10.179356575012207,2.653853487036667,-2.6671621799468994,6.030743598937988
-,0,-10.500831604003906,2.7600847487786737,10.500831604003906,2.7600847487786737,-8.332954406738281,-2.19577956199646
A14,1,-10.837681770324707,2.7893651215086237,10.837681770324707,2.7893651215086237,-3.2999165058135986,1.1706151962280273
A07,1,-11.16891098022461,2.713926497378655,11.16891098022461,2.713926497378655,5.308450698852539,7.046496391296387
A16,1,-10.221576690673828,2.770287369585245,10.221576690673828,2.770287369585245,5.089094638824463,6.7076497077941895
A13,1,-9.200448036193848,2.706201296040753,9.200448036193848,2.706201296040753,5.375891208648682,8.021883964538574
-,0,-10.935348510742188,2.7093317703682382,10.935348510742188,2.7093317703682382,-8.207783699035645,3.077072858810425
-,0,-11.178199768066406,2.762444590830476,11.178199768066406,2.762444590830476,-4.1151442527771,-5.758032321929932
A18,1,-10.670060157775879,2.752781022760764,10.670060157775879,2.752781022760764,-1.242613673210144,-0.9796452522277832
A09,1,-11.001445770263672,2.834162344407136,11.001445770263672,2.834162344407136,9.426063537597656,11.175385475158691
A13,1,-10.67988109588623,2.770247626062597,10.67988109588623,2.770247626062597,6.271936893463135,7.207252025604248
A08,1,-11.126914978027344,2.8040037492019203,11.126914978027344,2.8040037492019203,6.406630516052246,4.992428302764893
-,0,-11.10529899597168,2.830814040086578,11.10529899597168,2.830814040086578,-8.983403205871582,-8.2412109375
A13,1,-9.218244552612305,2.76278680386441,9.218244552612305,2.76278680386441,7.700565814971924,9.812044143676758
-,0,-11.13025188446045,2.815569856064125,11.13025188446045,2.815569856064125,-13.154998779296875,-6.959096908569336
-,0,-10.809821128845215,2.7306792100866546,10.809821128845215,2.7306792100866546,-7.553797721862793,-2.118724822998047
-,0,-10.94254207611084,2.67117766673078,10.94254207611084,2.67117766673078,-4.944033145904541,-0.399595707654953
A11,1,-10.185441970825195,2.665685067118854,10.185441970825195,2.665685067118854,4.015057563781738,5.234591007232666
-,0,-10.96769905090332,2.8202812715933088,10.96769905090332,2.8202812715933088,-3.2393715381622314,-1.1926168203353882
A16,1,-10.912851333618164,2.797285390686272,10.912851333618164,2.797285390686272,5.393458843231201,9.653636932373047
-,0,-11.011009216308594,2.773386147385051,11.011009216308594,2.773386147385051,-2.4385321140289307,-6.55693244934082
-,0,-10.539299964904785,2.825782763124893,10.539299964904785,2.825782763124893,-0.882178544998169,0.4479689300060272
-,0,-10.919137001037598,2.7909184408173835,10.919137001037598,2.7909184408173835,-5.261931419372559,-1.1456202268600464
A18,1,-10.947081565856934,2.6792380533045868,10.947081565856934,2.6792380533045868,2.106717109680176,0.8647702932357788
-,0,-11.268190383911133,2.7085384560234718,11.268190383911133,2.7085384560234718,-9.282857894897461,-3.882267951965332
A17,1,-11.051669120788574,2.659595220557031,11.051669120788574,2.659595220557031,6.991395473480225,6.446017265319824
A14,1,-11.166007995605469,2.7367058493345278,11.166007995605469,2.7367058493345278,-6.472358703613281,4.005725860595703
A18,1,-11.38845443725586,2.854078398229455,11.38845443725586,2.854078398229455,2.338592767715454,4.056979656219482
-,0,-11.175217628479004,2.8342008990848084,11.175217628479004,2.8342008990848084,-6.017305850982666,-6.263426780700684
-,0,-10.825948715209961,2.778596051244041,10.825948715209961,2.778596051244041,5.732754707336426,3.421813488006592
-,0,-11.021410942077637,2.8360021244196085,11.021410942077637,2.8360021244196085,-3.3098671436309814,-1.4362635612487793
-,0,-11.170337677001953,2.804940858821404,11.170337677001953,2.804940858821404,-2.380070924758911,-2.1938858032226562
-,0,-10.720704078674316,2.8258300073487015,10.720704078674316,2.8258300073487015,-3.965424060821533,-1.5699917078018188
-,0,-11.288983345031738,2.7143955516272036,11.288983345031738,2.7143955516272036,-3.559666872024536,-0.9016405344009399
A08,1,-11.151687622070312,2.7716073605609814,11.151687622070312,2.7716073605609814,6.167394638061523,7.517487049102783
-,0,-10.476784706115723,2.739871274876316,10.476784706115723,2.739871274876316,-7.492108345031738,-4.33714485168457
-,0,-10.53915786743164,2.744284081239491,10.53915786743164,2.744284081239491,-7.408380031585693,-1.8736652135849
-,0,-10.793722152709961,2.855592264345418,10.793722152709961,2.855592264345418,-6.12969970703125,-2.212683916091919
A08,1,-11.02640151977539,2.8198707388725595,11.02640151977539,2.8198707388725595,0.07456085830926895,6.930952072143555
-,0,-10.748043060302734,2.6243213140078927,10.748043060302734,2.6243213140078927,-7.199377059936523,-2.460296154022217
-,0,-10.72790813446045,2.7740260740508855,10.72790813446045,2.7740260740508855,-6.485320091247559,-1.1381644010543823
-,0,-11.261184692382812,2.7196322191553812,11.261184692382812,2.7196322191553812,-4.89727783203125,-5.39315128326416
A12,1,-10.699686050415039,2.792764103051972,10.699686050415039,2.792764103051972,6.63901424407959,4.35560417175293
-,0,-10.679434776306152,2.743401123206052,10.679434776306152,2.743401123206052,-1.8954092264175415,-0.8265455961227417
-,0,-11.050948143005371,2.8617743303739314,11.050948143005371,2.8617743303739314,-2.351346731185913,-3.160938262939453
A18,1,-11.158716201782227,2.8446588968415485,11.158716201782227,2.8446588968415485,-2.883733034133911,-2.4071977138519287
-,0,-10.69431209564209,2.7981168744967695,10.69431209564209,2.7981168744967695,-7.184853553771973,-3.8925211429595947
A18,1,-10.952539443969727,2.7482985144697794,10.952539443969727,2.7482985144697794,-1.2138479948043823,3.4894673824310303
A14,1,-10.81035041809082,2.7976868158960033,10.81035041809082,2.7976868158960033,2.008721113204956,5.95513916015625
A15,1,-10.88149642944336,2.804820825096345,10.88149642944336,2.804820825096345,2.9321558475494385,3.471604585647583
-,0,-11.333313941955566,2.6608975391041794,11.333313941955566,2.6608975391041794,-6.990805625915527,-1.3216465711593628
-,0,-10.971380233764648,2.811031817514987,10.971380233764648,2.811031817514987,-3.2187612056732178,-1.1343209743499756
-,0,-11.085551261901855,2.661331656406909,11.085551261901855,2.661331656406909,-8.278175354003906,-3.83792781829834
-,0,-11.073516845703125,2.788605769797624,11.073516845703125,2.788605769797624,-6.276196479797363,-2.8693530559539795
A12,1,-10.356109619140625,2.63881543214161,10.356109619140625,2.63881543214161,5.156789779663086,8.578946113586426
-,0,-10.961462020874023,2.8341737650653447,10.961462020874023,2.8341737650653447,-5.189509391784668,-3.6181235313415527
A08,1,-11.223234176635742,2.7779184956302223,11.223234176635742,2.7779184956302223,6.014836311340332,5.618886470794678
-,0,-10.94261646270752,2.6723782448878803,10.94261646270752,2.6723782448878803,-6.783565521240234,-3.3171796798706055
-,0,-11.219734191894531,2.8005683553184366,11.219734191894531,2.8005683553184366,-2.1094796657562256,-6.211041450500488
-,0,-10.733503341674805,2.7704218020195874,10.733503341674805,2.7704218020195874,-8.124218940734863,-7.473691463470459
-,0,-11.494953155517578,2.7801204624968365,11.494953155517578,2.7801204624968365,-7.591146469116211,-2.1378328800201416
A08,1,-11.003867149353027,2.7261159621678512,11.003867149353027,2.7261159621678512,4.816797256469727,5.095719337463379
-,0,-10.794249534606934,2.802052944932144,10.794249534606934,2.802052944932144,-9.834486961364746,-4.608381271362305
A15,1,-10.988853454589844,2.826425460035528,10.988853454589844,2.826425460035528,1.710616111755371,5.628013610839844
-,0,-10.972386360168457,2.716726950421239,10.972386360168457,2.716726950421239,-9.61523723602295,-7.075277328491211
A13,1,-10.267748832702637,2.782579059259879,10.267748832702637,2.782579059259879,5.821829319000244,8.41537094116211
A17,1,-11.312073707580566,2.6596285018659147,11.312073707580566,2.6596285018659147,6.4781389236450195,7.912613868713379
A17,1,-11.37718391418457,2.750760769432761,11.37718391418457,2.750760769432761,6.329009532928467,8.485553741455078
A19,1,-11.174958229064941,2.7620476211271408,11.174958229064941,2.7620476211271408,-1.3398796319961548,0.23200297355651855
-,0,-10.987141609191895,2.8424461166887736,10.987141609191895,2.8424461166887736,-10.5338716506958,-3.9080653190612793
-,0,-11.046219825744629,2.778841045915457,11.046219825744629,2.778841045915457,-5.409749984741211,-4.320825576782227
-,0,-11.05138111114502,2.638537658476874,11.05138111114502,2.638537658476874,-2.9316227436065674,-2.29468035697937
-,0,-10.196879386901855,2.7644832393123906,10.196879386901855,2.7644832393123906,-0.7392548322677612,-2.5537912845611572
A16,1,-11.167332649230957,2.7462412001650764,11.167332649230957,2.7462412001650764,4.058263778686523,1.0603668689727783
-,0,-10.490377426147461,2.7253173130878623,10.490377426147461,2.7253173130878623,-8.354950904846191,0.3153403401374817
A15,1,-10.510580062866211,2.689165293014076,10.510580062866211,2.689165293014076,1.504128098487854,7.945599555969238
-,0,-10.47694206237793,2.892361253759517,10.47694206237793,2.892361253759517,-4.6067938804626465,-3.903371810913086
-,0,-11.179276466369629,2.8069584819789455,11.179276466369629,2.8069584819789455,-16.285146713256836,-8.352561950683594
-,0,-10.93337631225586,2.8262440171165584,10.93337631225586,2.8262440171165584,-3.1794307231903076,-9.126792907714844
-,0,-10.561861991882324,2.8168261095695883,10.561861991882324,2.8168261095695883,-7.285695552825928,-2.6117653846740723
-,0,-11.111231803894043,2.738676234018988,11.111231803894043,2.738676234018988,-6.431253910064697,-6.406315326690674
A09,1,-10.646733283996582,2.70863463196899,10.646733283996582,2.70863463196899,3.47668194770813,6.769043922424316
-,0,-10.605260848999023,2.8533420491930217,10.605260848999023,2.8533420491930217,2.4916436672210693,-1.1000515222549438
-,0,-10.884995460510254,2.6994941935617915,10.884995460510254,2.6994941935617915,-8.660216331481934,-3.957855224609375
A13,1,-8.31222915649414,2.7694460346370513,8.31222915649414,2.7694460346370513,9.04960823059082,9.48577880859375
A16,1,-10.438776016235352,2.6984719195279014,10.438776016235352,2.6984719195279014,2.458054542541504,6.152901649475098
-,0,-10.889657020568848,2.8049700613185475,10.889657020568848,2.8049700613185475,-2.279827356338501,-4.252972602844238
A13,1,-10.651735305786133,2.7377139232277194,10.651735305786133,2.7377139232277194,6.269256591796875,7.403224468231201
A07,1,-10.512527465820312,2.671732299625403,10.512527465820312,2.671732299625403,7.827246189117432,3.862710952758789
-,0,-10.438499450683594,2.8237598267249244,10.438499450683594,2.8237598267249244,-1.786980390548706,-1.2186359167099
-,0,-11.255545616149902,2.7923273852881523,11.255545616149902,2.7923273852881523,-10.24887752532959,-7.881438255310059
A13,1,-9.63001537322998,2.6409908262638218,9.63001537322998,2.6409908262638218,5.41664981842041,10.125482559204102
A16,1,-10.622607231140137,2.7439737118223233,10.622607231140137,2.7439737118223233,4.825567245483398,6.403303146362305
A12,1,-10.513609886169434,2.8467672855861093,10.513609886169434,2.8467672855861093,4.002493858337402,4.713311195373535
A07,1,-10.67250919342041,2.6708224200681396,10.67250919342041,2.6708224200681396,4.621939659118652,5.394484996795654
A07,1,-8.663718223571777,2.7662444542303395,8.663718223571777,2.7662444542303395,6.020598888397217,3.390058994293213
-,0,-10.949647903442383,2.7826194871906873,10.949647903442383,2.7826194871906873,-12.673139572143555,-8.251260757446289
A10,1,-10.694807052612305,2.8081657583224335,10.694807052612305,2.8081657583224335,1.6905287504196167,5.289295196533203
-,0,-11.09489917755127,2.729141586113457,11.09489917755127,2.729141586113457,-6.479804515838623,-7.718051910400391
A07,1,-10.763848304748535,2.8236949285206197,10.763848304748535,2.8236949285206197,1.821036696434021,4.172349452972412
-,0,-10.369414329528809,2.8131586768559673,10.369414329528809,2.8131586768559673,-3.876415491104126,2.2241592407226562
-,0,-10.918275833129883,2.7086135496420014,10.918275833129883,2.7086135496420014,-6.998272895812988,-7.149891376495361
A15,1,-10.684345245361328,2.691272682023795,10.684345245361328,2.691272682023795,5.745474338531494,4.566339015960693
-,0,-11.085323333740234,2.8530822615800044,11.085323333740234,2.8530822615800044,-5.331799507141113,-6.468552589416504
A16,1,-11.365511894226074,2.7001679135090275,11.365511894226074,2.7001679135090275,3.6498496532440186,4.475950717926025
-,0,-10.414362907409668,2.7897035195562,10.414362907409668,2.7897035195562,-4.772764205932617,-0.29192644357681274
-,0,-10.780634880065918,2.7226804710138737,10.780634880065918,2.7226804710138737,0.6233920454978943,-1.4303898811340332
A17,1,-11.124557495117188,2.7765887856729807,11.124557495117188,2.7765887856729807,6.217555046081543,5.932050704956055
-,0,-10.604142189025879,2.786714122990523,10.604142189025879,2.786714122990523,-6.800640106201172,-2.857189178466797
A14,1,-10.898433685302734,2.6229806465290717,10.898433685302734,2.6229806465290717,1.1054514646530151,4.25933837890625
-,0,-11.06275749206543,2.713633548671077,11.06275749206543,2.713633548671077,-11.43128490447998,-8.620956420898438
A11,1,-9.847509384155273,2.6761750763883456,9.847509384155273,2.6761750763883456,2.7705111503601074,4.398898124694824
-,0,-11.094855308532715,2.7673855048908935,11.094855308532715,2.7673855048908935,-10.476078987121582,-1.6269879341125488
-,0,-10.095829010009766,2.8054571101573664,10.095829010009766,2.8054571101573664,-1.821594476699829,-1.327585220336914
A08,1,-11.080522537231445,2.6363924236140934,11.080522537231445,2.6363924236140934,1.559014916419983,6.635162353515625
A17,1,-10.689448356628418,2.779180659818168,10.689448356628418,2.779180659818168,6.184042453765869,6.939218521118164
A16,1,-11.014421463012695,2.7985546653275364,11.014421463012695,2.7985546653275364,5.643683433532715,9.048667907714844
-,0,-11.191676139831543,2.7654799287343144,11.191676139831543,2.7654799287343144,-5.49213981628418,-1.641797423362732
A16,1,-10.342931747436523,2.7254030650707173,10.342931747436523,2.7254030650707173,6.697853088378906,8.008901596069336
A11,1,-10.746171951293945,2.8262295608698387,10.746171951293945,2.8262295608698387,0.3869336247444153,1.7072285413742065
A11,1,-10.835905075073242,2.726238103536189,10.835905075073242,2.726238103536189,-1.9236441850662231,-0.28424450755119324
-,0,-10.61814022064209,2.7527375453400933,10.61814022064209,2.7527375453400933,-4.990362167358398,-0.3213488757610321
A19,1,-10.870660781860352,2.6641965983864613,10.870660781860352,2.6641965983864613,-3.6866486072540283,0.17616939544677734
A09,1,-10.9912109375,2.747510746734865,10.9912109375,2.747510746734865,0.18548819422721863,7.0836100578308105
-,0,-10.75584602355957,2.8173349390805646,10.75584602355957,2.8173349390805646,-7.074362754821777,-5.948406219482422
-,0,-10.869181632995605,2.8403792929655842,10.869181632995605,2.8403792929655842,-2.9373204708099365,-2.5052154064178467
-,0,-10.766955375671387,2.844190237696939,10.766955375671387,2.844190237696939,-8.860477447509766,-6.4195122718811035
-,0,-10.689735412597656,2.7610742738352076,10.689735412597656,2.7610742738352076,2.663271188735962,-1.4559998512268066
A18,1,-10.741127014160156,2.692582192908661,10.741127014160156,2.692582192908661,-1.9839414358139038,0.779238760471344
-,0,-11.309914588928223,2.718248991428119,11.309914588928223,2.718248991428119,-8.367438316345215,-7.7112226486206055
-,0,-10.910696029663086,2.6874330017500556,10.910696029663086,2.6874330017500556,-8.202300071716309,-0.7280504703521729
A16,1,-10.715655326843262,2.719495602485608,10.715655326843262,2.719495602485608,3.0268232822418213,6.747182846069336
A15,1,-10.744705200195312,2.740392140269574,10.744705200195312,2.740392140269574,0.3212333619594574,3.006173610687256
A18,1,-11.123905181884766,2.6477658058943767,11.123905181884766,2.6477658058943767,0.7532315254211426,-0.3170509338378906
-,0,-11.243450164794922,2.8252768275493962,11.243450164794922,2.8252768275493962,-3.6597952842712402,-2.61521577835083
-,0,-11.09355354309082,2.7579534203130427,11.09355354309082,2.7579534203130427,-1.3135310411453247,-7.014208793640137
-,0,-11.123123168945312,2.849547797813065,11.123123168945312,2.849547797813065,-11.714548110961914,1.9920425415039062
A07,1,-10.841398239135742,2.6183740481812476,10.841398239135742,2.6183740481812476,2.8374812602996826,0.3640368580818176
A18,1,-10.913376808166504,2.849879251963452,10.913376808166504,2.849879251963452,2.973249673843384,3.327535390853882
A16,1,-10.763045310974121,2.7144431438676713,10.763045310974121,2.7144431438676713,6.324948310852051,4.373254299163818
A13,1,-10.346057891845703,2.8236947551939027,10.346057891845703,2.8236947551939027,6.733160972595215,11.085131645202637
-,0,-11.025962829589844,2.745734903474892,11.025962829589844,2.745734903474892,-6.119439601898193,-7.978691101074219
-,0,-10.948562622070312,2.7653227095775863,10.948562622070312,2.7653227095775863,-3.633436679840088,-2.000380516052246
A09,1,-10.928544998168945,2.7018399698730304,10.928544998168945,2.7018399698730304,5.620354175567627,9.064360618591309
-,0,-10.705227851867676,2.863600751545206,10.705227851867676,2.863600751545206,-5.260276794433594,-0.7343230247497559
A16,1,-8.75246810913086,2.7011031177458698,8.75246810913086,2.7011031177458698,5.729451656341553,4.614495754241943
A19,1,-10.88365364074707,2.7446364991964285,10.88365364074707,2.7446364991964285,6.070572853088379,7.992130279541016
A09,1,-10.617755889892578,2.7732510282924316,10.617755889892578,2.7732510282924316,-2.6708872318267822,6.586319923400879
A08,1,-10.58338451385498,2.760605833869171,10.58338451385498,2.760605833869171,2.506417989730835,4.298427581787109
A10,1,-10.90575885772705,2.832366286336351,10.90575885772705,2.832366286336351,1.6793452501296997,0.5780850648880005
A11,1,-10.574223518371582,2.8688789650265036,10.574223518371582,2.8688789650265036,3.420285224914551,6.607808589935303
A10,1,-8.45134162902832,2.671059094684434,8.45134162902832,2.671059094684434,8.876738548278809,6.393679141998291
-,0,-10.695107460021973,2.7970878222847997,10.695107460021973,2.7970878222847997,-3.8238556385040283,-3.405635356903076
A11,1,-11.015504837036133,2.7152862055880167,11.015504837036133,2.7152862055880167,-0.37712568044662476,1.4925048351287842
A19,1,-11.332968711853027,2.7298645427261015,11.332968711853027,2.7298645427261015,-0.3065003752708435,-0.623248815536499
-,0,-10.976128578186035,2.7205601537449735,10.976128578186035,2.7205601537449735,-9.390408515930176,-2.4804625511169434
-,0,-11.03640365600586,2.710318158655953,11.03640365600586,2.710318158655953,-1.4291146993637085,-1.4761502742767334
-,0,-10.5354642868042,2.80267899186534,10.5354642868042,2.80267899186534,-1.6301615238189697,-0.8468257188796997
-,0,-11.234944343566895,2.73183680187304,11.234944343566895,2.73183680187304,-10.530733108520508,-5.34984016418457
-,0,-11.154494285583496,2.7254433344610525,11.154494285583496,2.7254433344610525,0.6011316180229187,-0.6744113564491272
A14,1,-10.848617553710938,2.768235685163094,10.848617553710938,2.768235685163094,-0.7082114219665527,6.175883769989014
-,0,-10.516349792480469,2.7225627266627446,10.516349792480469,2.7225627266627446,-5.749195098876953,-8.392024040222168
-,0,-10.177990913391113,2.7133706712434,10.177990913391113,2.7133706712434,-3.9641482830047607,-1.6030309200286865
-,0,-10.644637107849121,2.6790081709718656,10.644637107849121,2.6790081709718656,-5.5929155349731445,-1.2667356729507446
A08,1,-10.764569282531738,2.825593277169224,10.764569282531738,2.825593277169224,-5.10323429107666,2.6040117740631104
A18,1,-11.138175010681152,2.8302801515133322,11.138175010681152,2.8302801515133322,4.573798179626465,5.462578296661377
A07,1,-10.657575607299805,2.7560139693016925,10.657575607299805,2.7560139693016925,0.9019041657447815,7.4044365882873535
A14,1,-10.775679588317871,2.7196708546799457,10.775679588317871,2.7196708546799457,-3.083451509475708,4.361059188842773
-,0,-10.867498397827148,2.801128083973234,10.867498397827148,2.801128083973234,-6.022323131561279,-3.5431320667266846
-,0,-11.490885734558105,2.787101535662378,11.490885734558105,2.787101535662378,-10.758124351501465,-8.375330924987793
A16,1,-10.901870727539062,2.6732711181273396,10.901870727539062,2.6732711181273396,4.445098400115967,4.929584980010986
-,0,-10.666308403015137,2.776442790548402,10.666308403015137,2.776442790548402,-2.1755430698394775,-3.2411699295043945
-,0,-10.56523609161377,2.723140771912088,10.56523609161377,2.723140771912088,-2.038801908493042,-3.9989988803863525
A12,1,-10.493486404418945,2.5664156393063573,10.493486404418945,2.5664156393063573,6.477619171142578,10.104438781738281
A08,1,-9.361610412597656,2.7518663377204042,9.361610412597656,2.7518663377204042,-0.8038318753242493,5.615681171417236
-,0,-10.454575538635254,2.7516130418879357,10.454575538635254,2.7516130418879357,-2.042141914367676,-5.161223411560059
-,0,-10.600489616394043,2.8027008499313135,10.600489616394043,2.8027008499313135,-6.049507141113281,-3.279236316680908
-,0,-11.330187797546387,2.6869394338279955,11.330187797546387,2.6869394338279955,-4.683095932006836,-7.174456596374512
A13,1,-10.911595344543457,2.858963671719317,10.911595344543457,2.858963671719317,6.292308807373047,8.972826957702637
A14,1,-10.97735595703125,2.746791483569342,10.97735595703125,2.746791483569342,1.2478901147842407,3.503711223602295
-,0,-10.103833198547363,2.714754632724766,10.103833198547363,2.714754632724766,-4.993462562561035,-8.404108047485352
A11,1,-9.757803916931152,2.769981573416964,9.757803916931152,2.769981573416964,0.7124776244163513,3.8805456161499023
-,0,-11.103952407836914,2.6582172390412966,11.103952407836914,2.6582172390412966,-11.202847480773926,-6.554112911224365
A07,1,-11.1505765914917,2.8515162393817373,11.1505765914917,2.8515162393817373,6.527369499206543,9.4682035446167
A13,1,-10.767297744750977,2.7073661011557113,10.767297744750977,2.7073661011557113,7.131175994873047,9.466363906860352
A18,1,-11.11761474609375,2.718040844236616,11.11761474609375,2.718040844236616,0.10548552125692368,0.09157539159059525
A18,1,-11.336962699890137,2.706387870694507,11.336962699890137,2.706387870694507,4.911516189575195,6.640896797180176
A10,1,-10.754314422607422,2.8102303031502984,10.754314422607422,2.8102303031502984,8.016186714172363,6.052764892578125
-,0,-9.47530460357666,2.708158656261254,9.47530460357666,2.708158656261254,-9.175690650939941,-0.908052384853363
A08,1,-10.965935707092285,2.783053890464417,10.965935707092285,2.783053890464417,4.88960075378418,6.61873722076416
-,0,-11.142098426818848,2.8324286248000208,11.142098426818848,2.8324286248000208,-3.2944135665893555,-6.311408996582031
A15,1,-10.8549222946167,2.767744915120961,10.8549222946167,2.767744915120961,1.1453986167907715,5.7870378494262695
-,0,-10.699403762817383,2.8054866674956114,10.699403762817383,2.8054866674956114,-5.108383655548096,-4.501819610595703
-,0,-10.517842292785645,2.831439898574232,10.517842292785645,2.831439898574232,0.5607718825340271,-2.554476261138916
A18,1,-11.07970142364502,2.8170303317219054,11.07970142364502,2.8170303317219054,1.397763967514038,2.3618674278259277
-,0,-10.911482810974121,2.7749386893112207,10.911482810974121,2.7749386893112207,-13.677023887634277,-5.271288871765137
A16,1,-9.338419914245605,2.7364916291036665,9.338419914245605,2.7364916291036665,8.08134937286377,7.939032077789307
A14,1,-10.962408065795898,2.763646906909424,10.962408065795898,2.763646906909424,-5.477602958679199,2.535008430480957
A09,1,-10.980500221252441,2.7201642252640514,10.980500221252441,2.7201642252640514,7.842902183532715,11.531478881835938
-,0,-10.966588020324707,2.7726272576502122,10.966588020324707,2.7726272576502122,-0.6373566389083862,-1.2436461448669434
-,0,-10.815733909606934,2.798325662733724,10.815733909606934,2.798325662733724,-7.923243045806885,-1.1251959800720215
A09,1,-10.64997386932373,2.637076608882026,10.64997386932373,2.637076608882026,0.5592532753944397,6.84138822555542
A15,1,-10.635974884033203,2.713964252622881,10.635974884033203,2.713964252622881,-2.9765124320983887,6.772655010223389
A17,1,-11.366592407226562,2.7438244311206894,11.366592407226562,2.7438244311206894,6.4412336349487305,10.965413093566895
-,0,-10.265658378601074,2.764854924186782,10.265658378601074,2.764854924186782,-14.80014705657959,-3.2330832481384277
-,0,-11.144269943237305,2.76863176036655,11.144269943237305,2.76863176036655,-5.566595077514648,-1.9115047454833984
A14,1,-11.35335922241211,2.8781360859125837,11.35335922241211,2.8781360859125837,3.651937484741211,5.115602493286133
A15,1,-10.769546508789062,2.7526695213987056,10.769546508789062,2.7526695213987056,3.3492095470428467,0.12504899501800537
A19,1,-10.80066967010498,2.751838289115429,10.80066967010498,2.751838289115429,1.9201520681381226,2.8350300788879395
-,0,-10.556314468383789,2.8381043709110814,10.556314468383789,2.8381043709110814,-1.307733416557312,-1.6001441478729248
A10,1,-10.839733123779297,2.6859592572919846,10.839733123779297,2.6859592572919846,1.747370719909668,5.341238021850586
A18,1,-10.976449966430664,2.757205200093613,10.976449966430664,2.757205200093613,2.2827751636505127,2.1546177864074707
A15,1,-10.9902925491333,2.710929736777055,10.9902925491333,2.710929736777055,-2.8112502098083496,6.129578590393066
A11,1,-10.624857902526855,2.7988539496094336,10.624857902526855,2.7988539496094336,1.7253587245941162,5.691096782684326
A14,1,-11.030208587646484,2.807931203157556,11.030208587646484,2.807931203157556,6.999405860900879,8.080893516540527
A12,1,-10.970860481262207,2.8066078456978287,10.970860481262207,2.8066078456978287,5.408321380615234,7.820840835571289
-,0,-10.48286247253418,2.891968264855633,10.48286247253418,2.891968264855633,-2.571910858154297,-0.41199856996536255
-,0,-11.295170783996582,2.8418003386715465,11.295170783996582,2.8418003386715465,3.3611044883728027,-1.3710997104644775
A14,1,-11.033028602600098,2.8576822871657197,11.033028602600098,2.8576822871657197,1.8476146459579468,2.8978986740112305
A13,1,-10.770247459411621,2.8889248174173088,10.770247459411621,2.8889248174173088,6.758944988250732,9.811626434326172
-,0,-11.16627025604248,2.7362472441882164,11.16627025604248,2.7362472441882164,-2.684279680252075,-8.830162048339844
A10,1,-10.798200607299805,2.664033887447199,10.798200607299805,2.664033887447199,-2.3056867122650146,0.14296811819076538
A19,1,-11.174915313720703,2.7770515001814946,11.174915313720703,2.7770515001814946,-0.11650393158197403,0.27213001251220703
-,0,-10.99206256866455,2.69378763924438,10.99206256866455,2.69378763924438,-10.477004051208496,-2.908580780029297
A19,1,-10.85732364654541,2.863356365340584,10.85732364654541,2.863356365340584,1.0680195093154907,4.2737812995910645
A08,1,-10.510220527648926,2.746904278921665,10.510220527648926,2.746904278921665,5.562527656555176,5.038579940795898
-,0,-10.655318260192871,2.7318705211961625,10.655318260192871,2.7318705211961625,-6.0343146324157715,-1.6208066940307617
-,0,-11.103331565856934,2.8058722698255565,11.103331565856934,2.8058722698255565,-4.031420707702637,-0.4393835663795471
-,0,-10.634955406188965,2.808162470162596,10.634955406188965,2.808162470162596,3.620783805847168,1.9596095085144043
A10,1,-10.94849967956543,2.703860418485282,10.94849967956543,2.703860418485282,7.450761795043945,6.445890426635742
A16,1,-10.583826065063477,2.5723284451771273,10.583826065063477,2.5723284451771273,2.8185832500457764,-0.6920493841171265
A14,1,-10.655444145202637,2.716441889921213,10.655444145202637,2.716441889921213,0.492368221282959,7.195163249969482
A09,1,-10.960521697998047,2.739655331961594,10.960521697998047,2.739655331961594,4.168392181396484,5.881700038909912
A18,1,-11.287772178649902,2.730004688385354,11.287772178649902,2.730004688385354,2.580376386642456,0.8527187705039978
A16,1,-10.461874008178711,2.58277113152083,10.461874008178711,2.58277113152083,4.998804092407227,5.43450927734375
A11,1,-10.666017532348633,2.6289440431500926,10.666017532348633,2.6289440431500926,3.413544178009033,6.69937801361084
-,0,-11.233665466308594,2.722503300050537,11.233665466308594,2.722503300050537,-1.7339693307876587,-1.7016749382019043
A07,1,-9.031194686889648,2.5948331121842587,9.031194686889648,2.5948331121842587,5.970249176025391,4.622012138366699
-,0,-11.082659721374512,2.7247731923528256,11.082659721374512,2.7247731923528256,-9.731491088867188,-4.673675537109375
-,0,-10.716548919677734,2.632505434648106,10.716548919677734,2.632505434648106,-8.991110801696777,-3.6305532455444336
A07,1,-10.329289436340332,2.6769774986016652,10.329289436340332,2.6769774986016652,4.979920387268066,6.537383079528809
-,0,-11.142105102539062,2.7723559477286503,11.142105102539062,2.7723559477286503,-4.260862827301025,-3.1103219985961914
-,0,-11.192325592041016,2.7925266194678566,11.192325592041016,2.7925266194678566,-9.307531356811523,-7.629156112670898
-,0,-10.902461051940918,2.7139030361493233,10.902461051940918,2.7139030361493233,-5.64823055267334,-2.4784820079803467
A14,1,-10.589316368103027,2.694888566875205,10.589316368103027,2.694888566875205,-7.440423965454102,-1.1871533393859863
A17,1,-10.760231018066406,2.712639964819179,10.760231018066406,2.712639964819179,4.479343414306641,4.151852607727051
-,0,-10.65898609161377,2.8434470407712755,10.65898609161377,2.8434470407712755,-3.420102596282959,-2.387828826904297
A19,1,-10.741157531738281,2.9174212000289175,10.741157531738281,2.9174212000289175,0.5452092289924622,-1.639526605606079
A13,1,-10.211270332336426,2.802190927705677,10.211270332336426,2.802190927705677,7.811602592468262,8.80948257446289
A13,1,-10.631319046020508,2.8442075037020262,10.631319046020508,2.8442075037020262,6.13394021987915,7.124903678894043
-,0,-11.069798469543457,2.7661234753762027,11.069798469543457,2.7661234753762027,-4.638517379760742,-5.496570110321045
A08,1,-10.594477653503418,2.7813944365832337,10.594477653503418,2.7813944365832337,7.5226521492004395,7.850237846374512
A16,1,-11.125113487243652,2.7676115264893077,11.125113487243652,2.7676115264893077,4.370838165283203,0.5061830282211304
A09,1,-10.896089553833008,2.752330101468036,10.896089553833008,2.752330101468036,5.613908767700195,7.367640018463135
-,0,-10.657052040100098,2.7151418362711004,10.657052040100098,2.7151418362711004,-4.286035537719727,-3.229707717895508
A08,1,-10.847725868225098,2.7981168757624446,10.847725868225098,2.7981168757624446,4.559627056121826,3.3115084171295166
-,0,-11.14860725402832,2.797807886212957,11.14860725402832,2.797807886212957,-11.824870109558105,-8.874802589416504
-,0,-11.025381088256836,2.7369278947824496,11.025381088256836,2.7369278947824496,-4.512813091278076,-1.0355077981948853
-,0,-11.053178787231445,2.69445970397168,11.053178787231445,2.69445970397168,-1.3253811597824097,-4.133004188537598
-,0,-10.678840637207031,2.8887152886579166,10.678840637207031,2.8887152886579166,1.9480957984924316,-1.120875597000122
-,0,-11.026507377624512,2.811546617341817,11.026507377624512,2.811546617341817,-3.1239006519317627,-1.2304606437683105
A18,1,-11.209277153015137,2.6551856891662173,11.209277153015137,2.6551856891662173,1.3972617387771606,0.7880154848098755
-,0,-11.224924087524414,2.6713017552907927,11.224924087524414,2.6713017552907927,-9.154867172241211,-8.033180236816406
-,0,-10.995538711547852,2.7342229460921343,10.995538711547852,2.7342229460921343,-10.918478012084961,-8.647220611572266
A11,1,-11.290841102600098,2.689520226630737,11.290841102600098,2.689520226630737,3.6327965259552,9.917945861816406
-,0,-10.358843803405762,2.7523861593728847,10.358843803405762,2.7523861593728847,-3.1701807975769043,1.253532886505127
-,0,-11.175874710083008,2.735367298999566,11.175874710083008,2.735367298999566,-3.8742849826812744,-3.7740511894226074
-,0,-11.355040550231934,2.7453414795128817,11.355040550231934,2.7453414795128817,-7.5901665687561035,-1.8838081359863281
-,0,-10.106222152709961,2.7385439502074567,10.106222152709961,2.7385439502074567,-5.04747200012207,1.0912010669708252
A13,1,-10.939685821533203,2.669438120113427,10.939685821533203,2.669438120113427,5.988492488861084,8.330862998962402
A10,1,-10.248007774353027,2.7133900928154358,10.248007774353027,2.7133900928154358,4.369867324829102,7.511113166809082
-,0,-10.541626930236816,2.6629023763267545,10.541626930236816,2.6629023763267545,-1.8225631713867188,-1.0546691417694092
-,0,-11.013422966003418,2.805931940072431,11.013422966003418,2.805931940072431,-10.208512306213379,-5.0896196365356445
-,0,-10.926368713378906,2.847571194005398,10.926368713378906,2.847571194005398,-5.466513633728027,-3.8493499755859375
A14,1,-10.90383243560791,2.775259788180015,10.90383243560791,2.775259788180015,1.6024012565612793,4.727760314941406
A11,1,-10.636959075927734,2.7994916638378227,10.636959075927734,2.7994916638378227,7.657951831817627,8.769379615783691
A17,1,-10.81357192993164,2.756676807951542,10.81357192993164,2.756676807951542,6.798561096191406,8.65905475616455
-,0,-10.61764907836914,2.786044308204695,10.61764907836914,2.786044308204695,-7.266834259033203,-1.3883495330810547
A18,1,-10.076674461364746,2.7662533970166088,10.076674461364746,2.7662533970166088,-0.34707561135292053,4.215551853179932
-,0,-11.022563934326172,2.925892155739884,11.022563934326172,2.925892155739884,-8.741095542907715,-1.975882887840271
A17,1,-10.855183601379395,2.841984139197696,10.855183601379395,2.841984139197696,0.9578559994697571,2.4892778396606445
-,0,-10.361393928527832,2.801890985448116,10.361393928527832,2.801890985448116,-10.343111991882324,-2.4802932739257812
A14,1,-10.63917350769043,2.804165956356755,10.63917350769043,2.804165956356755,3.0569989681243896,5.908968448638916
-,0,-10.969740867614746,2.696569464077695,10.969740867614746,2.696569464077695,-4.762150764465332,-2.734372138977051
A08,1,-11.034307479858398,2.779897624693038,11.034307479858398,2.779897624693038,0.3652328848838806,3.0745184421539307
A19,1,-11.107918739318848,2.818334446860904,11.107918739318848,2.818334446860904,2.1280438899993896,0.2997550666332245
A11,1,-8.579100608825684,2.5738340883481583,8.579100608825684,2.5738340883481583,5.224659442901611,5.754149436950684
A18,1,-11.305912971496582,2.7194341191802693,11.305912971496582,2.7194341191802693,4.367617607116699,7.399029731750488
-,0,-10.290048599243164,2.8037312849681264,10.290048599243164,2.8037312849681264,-4.555516242980957,-3.0327913761138916
-,0,-11.16620922088623,2.7531358035277225,11.16620922088623,2.7531358035277225,-4.959329605102539,-2.4195120334625244
A10,1,-10.40414047241211,2.549153562300977,10.40414047241211,2.549153562300977,5.954344272613525,4.310328006744385
-,0,-11.202370643615723,2.631737124389922,11.202370643615723,2.631737124389922,-6.2897138595581055,-5.486540794372559
-,0,-11.018531799316406,2.71247232281863,11.018531799316406,2.71247232281863,-4.471089839935303,-0.9943596720695496
A10,1,-10.162880897521973,2.6538802761483127,10.162880897521973,2.6538802761483127,-7.7019243240356445,5.108154296875
A09,1,-10.834772109985352,2.7629446675881555,10.834772109985352,2.7629446675881555,5.437063217163086,7.706125259399414
-,0,-10.199895858764648,2.701981408269577,10.199895858764648,2.701981408269577,-8.162806510925293,-3.094841957092285
A14,1,-11.088188171386719,2.787665045766763,11.088188171386719,2.787665045766763,3.1669769287109375,6.508807182312012
-,0,-10.59847354888916,2.8091438812318894,10.59847354888916,2.8091438812318894,4.381789207458496,0.9013326168060303
-,0,-10.875638008117676,2.739437550830917,10.875638008117676,2.739437550830917,-0.14094731211662292,5.842077255249023
-,0,-11.268811225891113,2.6751679873860774,11.268811225891113,2.6751679873860774,-3.345431089401245,-3.6534841060638428
-,0,-11.077180862426758,2.779780848571391,11.077180862426758,2.779780848571391,-4.285669803619385,-5.868890762329102
A09,1,-10.840378761291504,2.73327304936156,10.840378761291504,2.73327304936156,3.4522347450256348,5.86937141418457
-,0,-10.266868591308594,2.801306958925496,10.266868591308594,2.801306958925496,-11.044188499450684,-3.3794000148773193
A15,1,-10.730691909790039,2.79586199983963,10.730691909790039,2.79586199983963,-2.4889471530914307,6.39695930480957
-,0,-10.526987075805664,2.8340051939393605,10.526987075805664,2.8340051939393605,-3.194180727005005,-0.7090883255004883
A09,1,-10.877243995666504,2.7400672964363157,10.877243995666504,2.7400672964363157,7.3822174072265625,8.301509857177734
-,0,-11.107197761535645,2.7231473045746957,11.107197761535645,2.7231473045746957,-4.662226676940918,-4.043870449066162
-,0,-11.223995208740234,2.7024838355463054,11.223995208740234,2.7024838355463054,-4.874375343322754,-6.41278076171875
-,0,-11.152209281921387,2.76604848100611,11.152209281921387,2.76604848100611,-4.289949417114258,-3.628765106201172
A10,1,-7.948146343231201,2.637332842734075,7.948146343231201,2.637332842734075,6.67146110534668,9.63722038269043
A13,1,-9.997254371643066,2.797977972276138,9.997254371643066,2.797977972276138,8.019343376159668,8.797760009765625
A19,1,-10.448308944702148,2.7564001065420376,10.448308944702148,2.7564001065420376,1.8784807920455933,1.2740697860717773
-,0,-10.793451309204102,2.6485649488617216,10.793451309204102,2.6485649488617216,0.24163410067558289,2.6939101219177246
A16,1,-10.349501609802246,2.672084201877867,10.349501609802246,2.672084201877867,5.013055801391602,6.287497520446777
A16,1,-9.950793266296387,2.6933170644013873,9.950793266296387,2.6933170644013873,7.8162031173706055,3.195845127105713
A11,1,-10.673039436340332,2.669312221982456,10.673039436340332,2.669312221982456,6.744420051574707,7.743535041809082
A13,1,-10.789285659790039,2.7813356148140187,10.789285659790039,2.7813356148140187,7.345081329345703,7.269800186157227
-,0,-11.089150428771973,2.6808426922730955,11.089150428771973,2.6808426922730955,-2.5067572593688965,-4.219700813293457
-,0,-10.864532470703125,2.7296132363950854,10.864532470703125,2.7296132363950854,-4.59139347076416,-6.891648769378662
-,0,-10.943367004394531,2.879181244044275,10.943367004394531,2.879181244044275,-6.177522659301758,-5.092806339263916
A15,1,-11.02658748626709,2.757059727148373,11.02658748626709,2.757059727148373,-3.0387775897979736,1.436632752418518
A15,1,-11.156229972839355,2.8353204888846455,11.156229972839355,2.8353204888846455,2.7127859592437744,4.884831428527832
A19,1,-11.072831153869629,2.843349243152178,11.072831153869629,2.843349243152178,0.9349622130393982,0.49760082364082336
A11,1,-10.870351791381836,2.746587489618665,10.870351791381836,2.746587489618665,1.0864875316619873,7.419656753540039
A16,1,-10.56653118133545,2.7799708656568765,10.56653118133545,2.7799708656568765,3.9981517791748047,4.531241416931152
-,0,-10.786059379577637,2.723652777209184,10.786059379577637,2.723652777209184,-8.224600791931152,-1.209182620048523
A15,1,-10.539716720581055,2.7768218295837173,10.539716720581055,2.7768218295837173,2.5909035205841064,3.221799373626709
-,0,-10.910789489746094,2.7848870557431233,10.910789489746094,2.7848870557431233,-5.681243419647217,-6.127885818481445
-,0,-11.216496467590332,2.705739249847949,11.216496467590332,2.705739249847949,-2.503323554992676,-3.341390609741211
A18,1,-10.69221019744873,2.781379958421453,10.69221019744873,2.781379958421453,0.09668754786252975,0.9346770644187927
-,0,-10.968765258789062,2.7053207208385426,10.968765258789062,2.7053207208385426,-6.0626630783081055,-1.485458254814148
A10,1,-10.697698593139648,2.6836460252291943,10.697698593139648,2.6836460252291943,-1.4725133180618286,1.6157619953155518
A17,1,-11.338528633117676,2.6903775406048673,11.338528633117676,2.6903775406048673,6.106127738952637,7.766096591949463
A12,1,-10.872626304626465,2.6737913837100105,10.872626304626465,2.6737913837100105,1.0179028511047363,5.206215858459473
A08,1,-10.960923194885254,2.901116799995087,10.960923194885254,2.901116799995087,5.0645222663879395,7.71073055267334
A16,1,-10.965062141418457,2.7240150745537326,10.965062141418457,2.7240150745537326,5.690711498260498,8.38267707824707
A12,1,-11.085537910461426,2.7472382329327467,11.085537910461426,2.7472382329327467,3.720621347427368,9.50395393371582
-,0,-11.165078163146973,2.789873454801526,11.165078163146973,2.789873454801526,-3.561215400695801,-1.8098483085632324
A09,1,-10.814873695373535,2.7712415527461953,10.814873695373535,2.7712415527461953,8.615313529968262,9.312788963317871
A08,1,-10.859877586364746,2.8748289615821427,10.859877586364746,2.8748289615821427,5.497236251831055,6.987561225891113
A12,1,-11.235431671142578,2.7681793553630665,11.235431671142578,2.7681793553630665,6.759110927581787,9.668316841125488
-,0,-11.084668159484863,2.7812782438088592,11.084668159484863,2.7812782438088592,-0.04539453983306885,-4.658344268798828
A10,1,-10.86858081817627,2.7911135600456345,10.86858081817627,2.7911135600456345,4.065180778503418,1.9183533191680908
A15,1,-11.009295463562012,2.609282239999945,11.009295463562012,2.609282239999945,3.481886148452759,9.629587173461914
A09,1,-10.585824012756348,2.8296166390444863,10.585824012756348,2.8296166390444863,5.136654853820801,8.577033042907715
A15,1,-11.028186798095703,2.842654988122876,11.028186798095703,2.842654988122876,-4.060206413269043,0.7930773496627808
A18,1,-11.278264999389648,2.840209291362468,11.278264999389648,2.840209291362468,-2.0091068744659424,0.18355286121368408
A11,1,-10.771656036376953,2.815490074337117,10.771656036376953,2.815490074337117,-2.9087765216827393,3.68910551071167
A17,1,-10.94375991821289,2.808038385676866,10.94375991821289,2.808038385676866,5.439587593078613,7.302052021026611
-,0,-11.014780044555664,2.7534541873274625,11.014780044555664,2.7534541873274625,-6.251128196716309,-6.559362411499023
A08,1,-10.873504638671875,2.8096966044024394,10.873504638671875,2.8096966044024394,1.9002069234848022,3.719283103942871
A09,1,-11.041810035705566,2.716108525634948,11.041810035705566,2.716108525634948,0.655367374420166,5.789101600646973
A14,1,-10.721928596496582,2.7981700260128424,10.721928596496582,2.7981700260128424,1.8410834074020386,3.2962241172790527
A18,1,-11.372489929199219,2.8152643220436797,11.372489929199219,2.8152643220436797,2.797389268875122,2.559699535369873
A07,1,-10.629241943359375,2.8185707203483217,10.629241943359375,2.8185707203483217,3.5286688804626465,5.151783466339111
-,0,-11.026270866394043,2.8346413043329974,11.026270866394043,2.8346413043329974,-13.015585899353027,-5.6938323974609375
-,0,-11.286499977111816,2.7623767163737387,11.286499977111816,2.7623767163737387,-3.2372326850891113,-3.256315231323242
-,0,-10.85661792755127,2.839813925481027,10.85661792755127,2.839813925481027,-7.112133026123047,-1.3184583187103271
A11,1,-10.947504997253418,2.8357042743225236,10.947504997253418,2.8357042743225236,-0.2302284836769104,2.5486207008361816
-,0,-11.212440490722656,2.5478981924750985,11.212440490722656,2.5478981924750985,-8.43552017211914,-3.4599688053131104
-,0,-11.164793014526367,2.7213810341460243,11.164793014526367,2.7213810341460243,-7.177035808563232,-4.471611976623535
-,0,-11.127748489379883,2.7032153037755506,11.127748489379883,2.7032153037755506,-5.027003288269043,-2.579228639602661
-,0,-10.938250541687012,2.855873482578143,10.938250541687012,2.855873482578143,0.5926225781440735,1.2435624599456787
A19,1,-10.994067192077637,2.709600406759108,10.994067192077637,2.709600406759108,-2.4076778888702393,-1.9314451217651367
-,0,-10.938616752624512,2.8268389952545574,10.938616752624512,2.8268389952545574,0.2572513222694397,-5.104410171508789
A16,1,-11.060378074645996,2.7958853239057158,11.060378074645996,2.7958853239057158,4.393733024597168,7.562231063842773
-,0,-10.852437973022461,2.8833466929537117,10.852437973022461,2.8833466929537117,-7.267297744750977,-0.988213062286377
-,0,-10.974815368652344,2.818623824767364,10.974815368652344,2.818623824767364,-5.798482418060303,-0.4304670989513397
A08,1,-11.012500762939453,2.8713121016214003,11.012500762939453,2.8713121016214003,8.665290832519531,5.798317909240723
A17,1,-11.14615249633789,2.7692369409404467,11.14615249633789,2.7692369409404467,1.2823044061660767,-0.13686415553092957
-,0,-10.698997497558594,2.833759342942242,10.698997497558594,2.833759342942242,-3.426206111907959,-1.06854248046875
-,0,-10.414793968200684,2.8352108594076584,10.414793968200684,2.8352108594076584,0.2571803629398346,3.46366548538208
A15,1,-10.884066581726074,2.662320382691466,10.884066581726074,2.662320382691466,-4.807219505310059,3.6091973781585693
-,0,-11.154984474182129,2.6574069102997635,11.154984474182129,2.6574069102997635,-10.74122142791748,-6.440152168273926
A08,1,-10.850066184997559,2.804234288872552,10.850066184997559,2.804234288872552,5.123236179351807,6.589419841766357
A15,1,-11.184718132019043,2.824573911463748,11.184718132019043,2.824573911463748,6.963188648223877,7.433813095092773
-,0,-10.633593559265137,2.8273496086432495,10.633593559265137,2.8273496086432495,-3.302661657333374,-1.782517910003662
A15,1,-10.568904876708984,2.619898963346537,10.568904876708984,2.619898963346537,-1.1324050426483154,6.107982635498047
A15,1,-10.914883613586426,2.776103726273794,10.914883613586426,2.776103726273794,-6.345136642456055,0.7440086603164673
-,0,-11.147965431213379,2.8265050451869094,11.147965431213379,2.8265050451869094,-4.883925437927246,-2.5555481910705566
-,0,-10.56329345703125,2.7859054273122625,10.56329345703125,2.7859054273122625,-3.358888864517212,-2.118342161178589
A07,1,-10.423929214477539,2.7981480685896845,10.423929214477539,2.7981480685896845,6.287165641784668,7.706573486328125
A19,1,-10.780660629272461,2.7332150582303365,10.780660629272461,2.7332150582303365,-1.18073308467865,0.5172600746154785
A17,1,-11.060198783874512,2.8423290767445866,11.060198783874512,2.8423290767445866,4.630048751831055,6.563284397125244
A18,1,-10.878310203552246,2.7855715472731717,10.878310203552246,2.7855715472731717,-3.595205783843994,-1.3141857385635376
A14,1,-10.797040939331055,2.7710646561848185,10.797040939331055,2.7710646561848185,3.8539912700653076,7.751588821411133
-,0,-11.280091285705566,2.723446225166465,11.280091285705566,2.723446225166465,-5.109925270080566,-0.1093101054430008
-,0,-11.25672435760498,2.6750605156765412,11.25672435760498,2.6750605156765412,-5.5926194190979,-1.446559190750122
A19,1,-11.008696556091309,2.784514367442364,11.008696556091309,2.784514367442364,2.5382049083709717,4.866667747497559
A19,1,-11.038202285766602,2.831471818733977,11.038202285766602,2.831471818733977,2.0836620330810547,-2.0103647708892822
A17,1,-10.476095199584961,2.81656516076444,10.476095199584961,2.81656516076444,6.1367082595825195,5.620157241821289
-,0,-11.17237377166748,2.7549995367454017,11.17237377166748,2.7549995367454017,-2.2088115215301514,-3.8435094356536865
-,0,-10.870473861694336,2.798555512502011,10.870473861694336,2.798555512502011,-13.301346778869629,-8.354904174804688
-,0,-10.758301734924316,2.800290658548632,10.758301734924316,2.800290658548632,-9.185215950012207,-4.103371620178223
-,0,-10.956735610961914,2.8574936516117027,10.956735610961914,2.8574936516117027,-5.864493370056152,-2.3800132274627686
-,0,-11.098006248474121,2.6834492775357144,11.098006248474121,2.6834492775357144,-8.744847297668457,-3.4383840560913086
-,0,-10.505000114440918,2.8035627126529032,10.505000114440918,2.8035627126529032,-2.6583948135375977,-2.131821393966675
-,0,-11.014972686767578,2.571303493547852,11.014972686767578,2.571303493547852,-6.660360336303711,-7.164783000946045
-,0,-10.640156745910645,2.7823322973493383,10.640156745910645,2.7823322973493383,-1.406248688697815,-0.8784277439117432
-,0,-10.877052307128906,2.6693958943123963,10.877052307128906,2.6693958943123963,-5.007208824157715,-5.38832950592041
-,0,-11.290742874145508,2.813820489521363,11.290742874145508,2.813820489521363,-8.197653770446777,-5.12701416015625
A13,1,-10.401100158691406,2.713198922440186,10.401100158691406,2.713198922440186,3.4903957843780518,4.723751544952393
-,0,-10.48696517944336,2.847855785786353,10.48696517944336,2.847855785786353,-2.566540479660034,-1.930906891822815
-,0,-10.330451011657715,2.8309043114719303,10.330451011657715,2.8309043114719303,0.6304888129234314,-1.3628466129302979
A17,1,-11.003962516784668,2.738333578359653,11.003962516784668,2.738333578359653,1.2270276546478271,2.018986225128174
-,0,-11.136260986328125,2.6330015827547757,11.136260986328125,2.6330015827547757,-10.460169792175293,-8.04462718963623
-,0,-11.301663398742676,2.684085472424232,11.301663398742676,2.684085472424232,-6.122903347015381,-3.7535293102264404
A17,1,-11.08321475982666,2.833220702564882,11.08321475982666,2.833220702564882,7.436934947967529,9.696243286132812
A10,1,-8.060736656188965,2.586633976719834,8.060736656188965,2.586633976719834,7.866544723510742,8.249712944030762
A09,1,-11.01939868927002,2.708433011338606,11.01939868927002,2.708433011338606,4.488392353057861,7.8932952880859375
A12,1,-11.079764366149902,2.657298864509221,11.079764366149902,2.657298864509221,6.860983371734619,9.989806175231934
A11,1,-10.718836784362793,2.6508046247211787,10.718836784362793,2.6508046247211787,5.8455095291137695,5.382899761199951
A18,1,-10.875129699707031,2.8000248275717516,10.875129699707031,2.8000248275717516,3.518801212310791,5.233626365661621
A09,1,-11.079961776733398,2.793644994698889,11.079961776733398,2.793644994698889,6.653050422668457,8.754413604736328
A18,1,-10.589211463928223,2.7841970082800547,10.589211463928223,2.7841970082800547,2.311645269393921,-0.6313154697418213
-,0,-10.2587308883667,2.7746345857269596,10.2587308883667,2.7746345857269596,-8.18100643157959,-3.3752670288085938
A18,1,-10.887656211853027,2.8663524924293076,10.887656211853027,2.8663524924293076,3.0665929317474365,1.0960869789123535
A09,1,-8.048227310180664,2.452164959344827,8.048227310180664,2.452164959344827,9.112884521484375,7.975042343139648
-,0,-10.398837089538574,2.9013690277200834,10.398837089538574,2.9013690277200834,-9.90627384185791,-7.671057224273682
-,0,-11.026315689086914,2.64563831787316,11.026315689086914,2.64563831787316,-2.4247288703918457,-0.9892266988754272
A07,1,-10.229007720947266,2.64754386107781,10.229007720947266,2.64754386107781,8.7493257522583,8.096184730529785
A15,1,-11.177077293395996,2.726282082276651,11.177077293395996,2.726282082276651,5.145302772521973,8.229509353637695
A17,1,-10.822277069091797,2.836797014782904,10.822277069091797,2.836797014782904,5.946611404418945,5.082122802734375
A14,1,-10.397789001464844,2.702334604886797,10.397789001464844,2.702334604886797,3.0887439250946045,6.55539083480835
A10,1,-10.77486801147461,2.738930161530441,10.77486801147461,2.738930161530441,4.775042533874512,0.8872101306915283
A07,1,-10.752685546875,2.8474904670570367,10.752685546875,2.8474904670570367,7.846817493438721,7.963905334472656
A14,1,-11.125916481018066,2.751369709313836,11.125916481018066,2.751369709313836,-3.928853750228882,4.774385929107666
A16,1,-9.811541557312012,2.6269672076826867,9.811541557312012,2.6269672076826867,6.301042556762695,8.03073501586914
-,0,-11.12690258026123,2.7578436900571646,11.12690258026123,2.7578436900571646,-3.0329439640045166,-6.7675676345825195
A16,1,-10.715036392211914,2.676060397260604,10.715036392211914,2.676060397260604,1.9939740896224976,0.9099995493888855
-,0,-11.071502685546875,2.7583938281341513,11.071502685546875,2.7583938281341513,-6.211917877197266,-5.130016803741455
A13,1,-10.760247230529785,2.6655369478385196,10.760247230529785,2.6655369478385196,6.530877113342285,9.374738693237305
A17,1,-11.34162425994873,2.7412286041935334,11.34162425994873,2.7412286041935334,7.212187767028809,10.545989990234375
-,0,-10.983169555664062,2.673880674909968,10.983169555664062,2.673880674909968,-10.772333145141602,-8.066646575927734
A14,1,-11.082717895507812,2.758018071986352,11.082717895507812,2.758018071986352,0.5132583975791931,4.8250250816345215
A10,1,-10.889897346496582,2.6993129194696137,10.889897346496582,2.6993129194696137,2.5214929580688477,0.26012474298477173
A10,1,-10.550657272338867,2.8793486540208253,10.550657272338867,2.8793486540208253,4.299262046813965,0.8622483015060425
A18,1,-11.185100555419922,2.717194708807234,11.185100555419922,2.717194708807234,1.7679184675216675,3.3100318908691406
A14,1,-10.954401016235352,2.876470702908722,10.954401016235352,2.876470702908722,-1.600674033164978,1.6652064323425293
A13,1,-10.669508934020996,2.8244944072450795,10.669508934020996,2.8244944072450795,7.443874835968018,4.973494052886963
A15,1,-10.933307647705078,2.811084419449489,10.933307647705078,2.811084419449489,-5.174712181091309,3.2738466262817383
A14,1,-10.866591453552246,2.66851085452368,10.866591453552246,2.66851085452368,-0.02808377891778946,4.901178359985352
-,0,-10.092106819152832,2.8181979692057513,10.092106819152832,2.8181979692057513,-3.4283430576324463,-1.430779218673706
A12,1,-10.668581008911133,2.7263779380360726,10.668581008911133,2.7263779380360726,8.392611503601074,10.239770889282227
A14,1,-10.914522171020508,2.8468316600050727,10.914522171020508,2.8468316600050727,1.9524873495101929,8.340018272399902
A11,1,-10.61242389678955,2.7452060410888146,10.61242389678955,2.7452060410888146,-2.4467480182647705,5.321593284606934
-,0,-11.511780738830566,2.8310229133504143,11.511780738830566,2.8310229133504143,-2.171283483505249,-2.169281482696533
A13,1,-10.948046684265137,2.707344314540001,10.948046684265137,2.707344314540001,7.535107612609863,7.674438953399658
A17,1,-11.300675392150879,2.88440939363826,11.300675392150879,2.88440939363826,5.4904985427856445,9.921894073486328
-,0,-10.866914749145508,2.809764164998332,10.866914749145508,2.809764164998332,-8.308582305908203,-6.585219383239746
-,0,-11.131397247314453,2.843405572951367,11.131397247314453,2.843405572951367,-7.8798370361328125,-2.4312028884887695
A09,1,-9.96200942993164,2.816299978328491,9.96200942993164,2.816299978328491,6.3137311935424805,6.582773208618164
-,0,-10.67634105682373,2.865348465337171,10.67634105682373,2.865348465337171,-0.12124726921319962,1.431685209274292
-,0,-10.921143531799316,2.8627839920073206,10.921143531799316,2.8627839920073206,-7.6366190910339355,-7.79425573348999
-,0,-11.231346130371094,2.7456114504170825,11.231346130371094,2.7456114504170825,-5.6047043800354,-2.1752371788024902
A09,1,-10.520075798034668,2.8018956542667603,10.520075798034668,2.8018956542667603,4.856504917144775,4.524603843688965
A08,1,-10.854683876037598,2.8197875873616867,10.854683876037598,2.8197875873616867,7.070782661437988,8.667536735534668
A08,1,-10.860548973083496,2.8438227636596567,10.860548973083496,2.8438227636596567,5.367821216583252,3.620941162109375
A16,1,-11.030482292175293,2.7505179551627372,11.030482292175293,2.7505179551627372,7.001047134399414,1.7175225019454956
A17,1,-10.763246536254883,2.8148335528510886,10.763246536254883,2.8148335528510886,5.479491233825684,6.947028160095215
-,0,-10.903948783874512,2.732261439006296,10.903948783874512,2.732261439006296,-5.359589576721191,-0.5504341721534729
A11,1,-11.138565063476562,2.675647064390697,11.138565063476562,2.675647064390697,-0.9558642506599426,3.288850784301758
-,0,-11.440396308898926,2.7361061715657478,11.440396308898926,2.7361061715657478,-2.072040319442749,-5.34266996383667
A19,1,-10.988351821899414,2.8386994561917978,10.988351821899414,2.8386994561917978,4.3071208000183105,2.117098331451416
-,0,-11.17536735534668,2.766765443339817,11.17536735534668,2.766765443339817,-4.344540596008301,-5.146979808807373
A17,1,-10.840106964111328,2.748498550329375,10.840106964111328,2.748498550329375,5.0692853927612305,7.627218246459961
A07,1,-10.377474784851074,2.7510857866187393,10.377474784851074,2.7510857866187393,7.413081645965576,6.857409954071045
-,0,-11.216400146484375,2.7953520615010947,11.216400146484375,2.7953520615010947,-2.625917673110962,-2.4692482948303223
-,0,-11.34371280670166,2.763744561696921,11.34371280670166,2.763744561696921,-3.7350215911865234,-6.432003974914551
A18,1,-10.449335098266602,2.826732566011402,10.449335098266602,2.826732566011402,2.08284330368042,1.0055084228515625
-,0,-10.84626293182373,2.847923470455816,10.84626293182373,2.847923470455816,-4.400856971740723,-1.2247446775436401
A10,1,-10.543000221252441,2.665027073677223,10.543000221252441,2.665027073677223,5.092106819152832,7.078038215637207
-,0,-10.79291820526123,2.827667333934515,10.79291820526123,2.827667333934515,-14.100539207458496,-8.125314712524414
-,0,-10.602956771850586,2.8586791804951863,10.602956771850586,2.8586791804951863,-7.529999732971191,-3.690718650817871
A09,1,-11.075414657592773,2.8485479148855766,11.075414657592773,2.8485479148855766,5.616123199462891,7.243661403656006
A09,1,-11.015962600708008,2.855969486490571,11.015962600708008,2.855969486490571,4.543849945068359,6.482809066772461
A12,1,-10.815645217895508,2.7053088187401144,10.815645217895508,2.7053088187401144,4.389077663421631,6.095141410827637
A18,1,-11.103433609008789,2.7217384058690115,11.103433609008789,2.7217384058690115,-0.4407010078430176,-1.144811749458313
-,0,-10.412175178527832,2.750550049995368,10.412175178527832,2.750550049995368,-3.1499993801116943,-3.7947800159454346
-,0,-10.506773948669434,2.6955294324893444,10.506773948669434,2.6955294324893444,-4.309799671173096,-1.0188030004501343
A16,1,-11.084362030029297,2.725712631820539,11.084362030029297,2.725712631820539,5.942938804626465,7.757560729980469
A07,1,-8.981945037841797,2.634177188631333,8.981945037841797,2.634177188631333,3.165095567703247,5.860584735870361
A18,1,-11.210993766784668,2.753197770741487,11.210993766784668,2.753197770741487,3.298213481903076,-0.25311967730522156
-,0,-10.750565528869629,2.7744977214112163,10.750565528869629,2.7744977214112163,-7.904487609863281,2.3795480728149414
-,0,-10.798168182373047,2.727373806621821,10.798168182373047,2.727373806621821,-6.190769672393799,-1.5771560668945312
-,0,-11.19570255279541,2.746790537081222,11.19570255279541,2.746790537081222,-10.125853538513184,-6.231266975402832
A18,1,-11.055144309997559,2.7606711020270143,11.055144309997559,2.7606711020270143,3.2737953662872314,1.2394051551818848
A11,1,-10.704620361328125,2.7817780499326745,10.704620361328125,2.7817780499326745,-2.365520715713501,4.099616527557373
-,0,-10.740428924560547,2.7801055483764046,10.740428924560547,2.7801055483764046,-0.029807627201080322,-3.082174777984619
A17,1,-11.493315696716309,2.6889983738746572,11.493315696716309,2.6889983738746572,5.368668079376221,6.215005874633789
A13,1,-10.379977226257324,2.826791508886057,10.379977226257324,2.826791508886057,8.12520694732666,8.398641586303711
A16,1,-10.273621559143066,2.7569343252784533,10.273621559143066,2.7569343252784533,8.16454029083252,9.562427520751953
A07,1,-11.035931587219238,2.728789290575307,11.035931587219238,2.728789290575307,4.451223373413086,5.008457660675049
A11,1,-9.09873104095459,2.6696736787296254,9.09873104095459,2.6696736787296254,7.627649307250977,7.870654582977295
-,0,-11.12498664855957,2.710173791937959,11.12498664855957,2.710173791937959,-6.819173336029053,-2.6464569568634033
-,0,-11.337607383728027,2.570582255691633,11.337607383728027,2.570582255691633,-5.003188133239746,-4.480443000793457
A19,1,-11.321511268615723,2.8226383510401694,11.321511268615723,2.8226383510401694,2.7686140537261963,-0.9827306270599365
-,0,-11.273567199707031,2.7088391549131514,11.273567199707031,2.7088391549131514,-0.643374502658844,-6.655153274536133
-,0,-11.229711532592773,2.6576741966041757,11.229711532592773,2.6576741966041757,-10.744962692260742,-5.728727340698242
-,0,-11.187275886535645,2.7124128271487677,11.187275886535645,2.7124128271487677,-0.8422481417655945,-0.5650442838668823
-,0,-10.707710266113281,2.7799242993960265,10.707710266113281,2.7799242993960265,-3.0687243938446045,-1.3441481590270996
-,0,-10.904287338256836,2.7988398349859467,10.904287338256836,2.7988398349859467,-5.340631484985352,-2.3326094150543213
-,0,-10.734057426452637,2.7675775640281466,10.734057426452637,2.7675775640281466,0.7493216395378113,-1.1429944038391113
A13,1,-10.76856803894043,2.7455291502503747,10.76856803894043,2.7455291502503747,8.147876739501953,7.371786117553711
-,0,-10.899764060974121,2.731165094088112,10.899764060974121,2.731165094088112,-4.543252944946289,-4.521596908569336
-,0,-10.984271049499512,2.7442583305815305,10.984271049499512,2.7442583305815305,-9.50246810913086,-8.067615509033203
-,0,-10.652769088745117,2.845726315048119,10.652769088745117,2.845726315048119,-5.730145454406738,1.2866296768188477
A18,1,-10.545882225036621,2.807698721588072,10.545882225036621,2.807698721588072,-2.696758985519409,-0.47664523124694824
A19,1,-11.193902015686035,2.6564932364672673,11.193902015686035,2.6564932364672673,6.575070381164551,3.2246904373168945
-,0,-11.094468116760254,2.693608046143452,11.094468116760254,2.693608046143452,-3.5181775093078613,-5.559586048126221
A07,1,-10.986067771911621,2.694363467591953,10.986067771911621,2.694363467591953,6.540201187133789,9.222455978393555
-,0,-11.177096366882324,2.8452573751463177,11.177096366882324,2.8452573751463177,-2.071547508239746,-2.3771533966064453
A13,1,-11.112265586853027,2.742760883273447,11.112265586853027,2.742760883273447,7.8589768409729,9.743886947631836
A17,1,-11.379722595214844,2.806093877899028,11.379722595214844,2.806093877899028,4.823891639709473,4.71046257019043
A08,1,-10.855765342712402,2.9094898940408283,10.855765342712402,2.9094898940408283,1.7759381532669067,4.445810317993164
-,0,-10.461010932922363,2.671277857028455,10.461010932922363,2.671277857028455,-4.947545051574707,-2.1220781803131104
A18,1,-10.776121139526367,2.7278560676639345,10.776121139526367,2.7278560676639345,5.282965183258057,7.884376049041748
-,0,-10.820517539978027,2.625831758902743,10.820517539978027,2.625831758902743,-4.055988311767578,-0.7507250308990479
-,0,-11.198375701904297,2.8119516102013518,11.198375701904297,2.8119516102013518,-7.863935470581055,-8.051484107971191
-,0,-11.379196166992188,2.770212213684359,11.379196166992188,2.770212213684359,-6.666759490966797,-4.984828472137451
-,0,-11.004948616027832,2.8398227419975783,11.004948616027832,2.8398227419975783,2.6364026069641113,1.4394960403442383
A10,1,-10.928420066833496,2.639925063036286,10.928420066833496,2.639925063036286,4.18281364440918,0.7732210159301758
-,0,-10.833603858947754,2.62223293345584,10.833603858947754,2.62223293345584,-4.165146827697754,-0.4799499809741974
-,0,-10.93793773651123,2.640639713519934,10.93793773651123,2.640639713519934,-5.729741096496582,-1.1591448783874512
-,0,-10.556533813476562,2.87715719874545,10.556533813476562,2.87715719874545,-10.005072593688965,-2.375689744949341
A07,1,-10.433971405029297,2.7267577899692124,10.433971405029297,2.7267577899692124,7.31060266494751,6.901834487915039
A09,1,-10.986714363098145,2.6385543034903374,10.986714363098145,2.6385543034903374,2.939640760421753,6.72724723815918
A14,1,-10.822599411010742,2.7047289772453946,10.822599411010742,2.7047289772453946,-1.7688082456588745,3.047513008117676
-,0,-9.538769721984863,2.797450399596124,9.538769721984863,2.797450399596124,-6.277800559997559,-1.3125886917114258
A17,1,-11.443629264831543,2.7563874465330365,11.443629264831543,2.7563874465330365,2.7532413005828857,3.7003097534179688
A07,1,-10.952339172363281,2.856769476595132,10.952339172363281,2.856769476595132,4.785702228546143,7.973132133483887
-,0,-11.141860961914062,2.7600590668450202,11.141860961914062,2.7600590668450202,-12.667777061462402,-1.9151605367660522
A07,1,-10.486836433410645,2.774182371834052,10.486836433410645,2.774182371834052,6.320125579833984,3.4618735313415527
A09,1,-10.84045124053955,2.686470220709577,10.84045124053955,2.686470220709577,2.1721909046173096,2.1615407466888428
A14,1,-11.162672996520996,2.75182370881627,11.162672996520996,2.75182370881627,-0.8787493109703064,3.1364035606384277
-,0,-11.263589859008789,2.786038753525808,11.263589859008789,2.786038753525808,-5.723850250244141,-2.833310604095459
-,0,-10.432605743408203,2.8297171610455085,10.432605743408203,2.8297171610455085,-6.4896039962768555,-2.2163758277893066
A10,1,-10.903143882751465,2.8254583293223683,10.903143882751465,2.8254583293223683,4.386178970336914,5.92149543762207
A16,1,-10.765414237976074,2.76942985166831,10.765414237976074,2.76942985166831,1.0104671716690063,-0.2816202938556671
A08,1,-11.15064525604248,2.8133222859672267,11.15064525604248,2.8133222859672267,4.975694179534912,8.179403305053711
A09,1,-10.9596529006958,2.7426825333064637,10.9596529006958,2.7426825333064637,2.2737958431243896,5.668454170227051
-,0,-11.05372428894043,2.80034233244753,11.05372428894043,2.80034233244753,-2.6966025829315186,-5.186427593231201
A11,1,-10.845175743103027,2.79476275316337,10.845175743103027,2.79476275316337,1.7515747547149658,2.4752798080444336
A08,1,-11.062440872192383,2.735099499851045,11.062440872192383,2.735099499851045,5.690107345581055,6.663372993469238
A07,1,-11.029857635498047,2.693110615719501,11.029857635498047,2.693110615719501,3.8933026790618896,3.9371185302734375
A18,1,-10.999103546142578,2.8084865866019917,10.999103546142578,2.8084865866019917,6.3211445808410645,1.8375179767608643
-,0,-11.100419998168945,2.720956905291356,11.100419998168945,2.720956905291356,-10.153387069702148,-7.831143856048584
A12,1,-10.67714786529541,2.8245237524839615,10.67714786529541,2.8245237524839615,4.755302429199219,8.446564674377441
A08,1,-10.940796852111816,2.7541446975054056,10.940796852111816,2.7541446975054056,4.225696563720703,5.443465232849121
A17,1,-11.323203086853027,2.7025707583566296,11.323203086853027,2.7025707583566296,6.312292098999023,4.556715965270996
A19,1,-10.993627548217773,2.795576556651234,10.993627548217773,2.795576556651234,1.0084964036941528,-0.9311771392822266
-,0,-10.57424259185791,2.7114095580806112,10.57424259185791,2.7114095580806112,-9.848074913024902,-1.652631402015686
A10,1,-10.727395057678223,2.7845585015372065,10.727395057678223,2.7845585015372065,2.442883253097534,3.849090576171875
-,0,-11.000243186950684,2.7762475917498866,11.000243186950684,2.7762475917498866,-5.028355121612549,-3.1495752334594727
-,0,-11.270550727844238,2.6839701429279086,11.270550727844238,2.6839701429279086,-1.053622841835022,-0.7692328691482544
A17,1,-11.21469497680664,2.709193330279987,11.21469497680664,2.709193330279987,4.512685775756836,1.0598145723342896
-,0,-11.014358520507812,2.792683078252806,11.014358520507812,2.792683078252806,-0.8895940184593201,-2.640202522277832
A08,1,-10.528796195983887,2.7504608654164806,10.528796195983887,2.7504608654164806,6.337429523468018,9.227886199951172
A12,1,-10.726067543029785,2.6434833322348723,10.726067543029785,2.6434833322348723,2.664423704147339,-1.0831880569458008
A07,1,-11.215104103088379,2.7391568461496627,11.215104103088379,2.7391568461496627,5.643015384674072,9.04610538482666
A19,1,-10.920356750488281,2.802180585672633,10.920356750488281,2.802180585672633,-5.090213298797607,-0.7400777339935303
A07,1,-10.59401798248291,2.73466013710266,10.59401798248291,2.73466013710266,4.321352481842041,7.694931983947754
A07,1,-11.02303695678711,2.811492461782444,11.02303695678711,2.811492461782444,6.943132400512695,4.336446762084961
A11,1,-8.83661937713623,2.6217094523895708,8.83661937713623,2.6217094523895708,8.816072463989258,9.020142555236816
A14,1,-10.5711030960083,2.6698983479753213,10.5711030960083,2.6698983479753213,1.0143846273422241,3.359013557434082
A13,1,-11.213669776916504,2.707624724308323,11.213669776916504,2.707624724308323,4.911787986755371,7.68863582611084
-,0,-10.23714542388916,2.8541196468912924,10.23714542388916,2.8541196468912924,-3.590975761413574,2.4552464485168457
-,0,-11.073064804077148,2.7817450350449535,11.073064804077148,2.7817450350449535,-11.827877044677734,-5.482260704040527
-,0,-11.04338550567627,2.801632824546661,11.04338550567627,2.801632824546661,-7.287179946899414,-6.830425262451172
A16,1,-10.9984712600708,2.769457559923371,10.9984712600708,2.769457559923371,5.042091369628906,6.310596466064453
A18,1,-10.93772029876709,2.7122519254752353,10.93772029876709,2.7122519254752353,-2.388178825378418,5.2123122215271
A14,1,-10.816000938415527,2.7934357263361393,10.816000938415527,2.7934357263361393,4.140811920166016,5.503268241882324
-,0,-10.687994003295898,2.790394273106012,10.687994003295898,2.790394273106012,-3.96777606010437,-0.5572090744972229
A10,1,-10.972254753112793,2.7567767453900482,10.972254753112793,2.7567767453900482,7.182199478149414,6.6771440505981445
A19,1,-11.17776870727539,2.6768291163436846,11.17776870727539,2.6768291163436846,6.070836067199707,6.126152992248535
A16,1,-10.806373596191406,2.8050257147605713,10.806373596191406,2.8050257147605713,4.24680233001709,6.985790252685547
-,0,-11.263888359069824,2.603072220370392,11.263888359069824,2.603072220370392,-11.75308895111084,-7.540286540985107
A07,1,-10.960073471069336,2.574418382735423,10.960073471069336,2.574418382735423,6.975471019744873,9.795315742492676
A10,1,-10.485587120056152,2.6997616140546685,10.485587120056152,2.6997616140546685,2.6686313152313232,4.633184432983398
A11,1,-10.644180297851562,2.7690066680366887,10.644180297851562,2.7690066680366887,3.8379297256469727,1.9832558631896973
A08,1,-10.585022926330566,2.820573683859325,10.585022926330566,2.820573683859325,6.982948303222656,8.748897552490234
-,0,-10.25865650177002,2.7823903766858202,10.25865650177002,2.7823903766858202,-3.62369704246521,-1.4480775594711304
A15,1,-10.891195297241211,2.5877824304497294,10.891195297241211,2.5877824304497294,-0.889050304889679,4.120323181152344
-,0,-11.217680931091309,2.8660531775915237,11.217680931091309,2.8660531775915237,-6.5341644287109375,-3.8852124214172363
-,0,-11.121665954589844,2.8724211547524123,11.121665954589844,2.8724211547524123,-0.6518330574035645,-2.3456051349639893
-,0,-11.248895645141602,2.817348784355538,11.248895645141602,2.817348784355538,-7.312577247619629,-6.878461837768555
A11,1,-10.376699447631836,2.914502780996423,10.376699447631836,2.914502780996423,3.499112844467163,4.265590190887451
-,0,-11.271289825439453,2.699128898040305,11.271289825439453,2.699128898040305,0.9645381569862366,-2.969452381134033
-,0,-11.036295890808105,2.714554643972314,11.036295890808105,2.714554643972314,-6.726905822753906,-6.094175338745117
A19,1,-11.445103645324707,2.710506284564765,11.445103645324707,2.710506284564765,2.767188310623169,-1.2173845767974854
A08,1,-10.829668998718262,2.869758639569207,10.829668998718262,2.869758639569207,3.7811591625213623,5.607087135314941
-,0,-10.779122352600098,2.8074305279135143,10.779122352600098,2.8074305279135143,-10.93198299407959,-7.3431782722473145
A17,1,-11.350090980529785,2.8387542102418926,11.350090980529785,2.8387542102418926,5.362290382385254,7.368277549743652
-,0,-11.257429122924805,2.8137399347142993,11.257429122924805,2.8137399347142993,-11.91313362121582,-8.336698532104492
-,0,-11.070589065551758,2.764961522112884,11.070589065551758,2.764961522112884,-6.450059413909912,-4.056125640869141
-,0,-11.255117416381836,2.7860554808486424,11.255117416381836,2.7860554808486424,-9.048237800598145,-4.156458854675293
A08,1,-11.014730453491211,2.715494856651563,11.014730453491211,2.715494856651563,5.13918399810791,4.065625190734863
A14,1,-10.760506629943848,2.755783260493775,10.760506629943848,2.755783260493775,-2.2373859882354736,0.5534010529518127
-,0,-11.027755737304688,2.776646702525923,11.027755737304688,2.776646702525923,-0.9151873588562012,-4.351192951202393
A18,1,-11.002906799316406,2.807209389644524,11.002906799316406,2.807209389644524,4.076311111450195,1.8447248935699463
A17,1,-10.945318222045898,2.7796596950556234,10.945318222045898,2.7796596950556234,-2.3962814807891846,2.4808831214904785
A17,1,-11.35543155670166,2.7485454355917596,11.35543155670166,2.7485454355917596,6.1781206130981445,9.88832950592041
-,0,-11.359405517578125,2.790681140020985,11.359405517578125,2.790681140020985,-6.914854526519775,-4.083704948425293
A14,1,-10.863354682922363,2.683432906577655,10.863354682922363,2.683432906577655,-0.7487958073616028,-1.0509157180786133
A10,1,-10.674322128295898,2.6729105014821477,10.674322128295898,2.6729105014821477,3.926762342453003,1.8024096488952637
-,0,-11.038030624389648,2.81992472102992,11.038030624389648,2.81992472102992,-0.12525677680969238,2.427880048751831
A11,1,-10.508137702941895,2.6890403387432005,10.508137702941895,2.6890403387432005,7.81038761138916,7.893860816955566
-,0,-10.912128448486328,2.835645331425134,10.912128448486328,2.835645331425134,-9.379993438720703,-1.449601173400879
A07,1,-10.419498443603516,2.658154619772555,10.419498443603516,2.658154619772555,0.9119376540184021,7.443180561065674
A08,1,-10.441391944885254,2.7535849311126395,10.441391944885254,2.7535849311126395,0.658416211605072,5.373224258422852
-,0,-11.355337142944336,2.818485032706766,11.355337142944336,2.818485032706766,-1.7648717164993286,-4.862484455108643
A12,1,-10.582737922668457,2.695655754097343,10.582737922668457,2.695655754097343,2.874298095703125,4.370944023132324
A07,1,-9.055887222290039,2.634385079734638,9.055887222290039,2.634385079734638,3.2185652256011963,7.610315799713135
-,0,-10.781702041625977,2.742763260228521,10.781702041625977,2.742763260228521,-4.642851829528809,-1.3839852809906006
-,0,-10.554072380065918,2.8094378818836065,10.554072380065918,2.8094378818836065,5.2792792320251465,-0.07327554374933243
-,0,-11.24033260345459,2.7498705217522357,11.24033260345459,2.7498705217522357,-10.832969665527344,-4.154641151428223
A07,1,-10.860107421875,2.725936781591132,10.860107421875,2.725936781591132,4.216029167175293,6.966044902801514
-,0,-11.01241397857666,2.75439138113622,11.01241397857666,2.75439138113622,-8.06436538696289,-6.424945831298828
A16,1,-10.885055541992188,2.817390861834986,10.885055541992188,2.817390861834986,2.707340955734253,5.515962600708008
-,0,-10.953495979309082,2.716814337899144,10.953495979309082,2.716814337899144,-6.501672744750977,-1.886141061782837
A15,1,-10.593795776367188,2.7939764990731697,10.593795776367188,2.7939764990731697,0.3924453854560852,5.7537455558776855
A10,1,-10.20922565460205,2.7609848563882826,10.20922565460205,2.7609848563882826,1.1054061651229858,4.346965312957764
A15,1,-10.640143394470215,2.7252457650775113,10.640143394470215,2.7252457650775113,3.2425780296325684,4.285277366638184
A11,1,-10.665631294250488,2.6951079917139555,10.665631294250488,2.6951079917139555,5.169791221618652,7.119754791259766
-,0,-10.513373374938965,2.6256578714020535,10.513373374938965,2.6256578714020535,-2.997462749481201,-1.3740520477294922
-,0,-10.418755531311035,2.8570202051197517,10.418755531311035,2.8570202051197517,-9.55047607421875,-1.5968561172485352
A16,1,-10.373480796813965,2.747422301448369,10.373480796813965,2.747422301448369,2.6399714946746826,3.989771842956543
A11,1,-10.870038986206055,2.7208716590492417,10.870038986206055,2.7208716590492417,0.021321065723896027,5.7176713943481445
A11,1,-10.370827674865723,2.6752551166801624,10.370827674865723,2.6752551166801624,7.440622329711914,1.6957509517669678
A17,1,-11.121426582336426,2.8789352069363314,11.121426582336426,2.8789352069363314,5.322279930114746,3.5401673316955566
A11,1,-10.685835838317871,2.8119075267590876,10.685835838317871,2.8119075267590876,3.8499858379364014,6.065907955169678
-,0,-10.75631332397461,2.6640073380124467,10.75631332397461,2.6640073380124467,-1.0389978885650635,-0.9299638867378235
-,0,-11.327009201049805,2.788214480703784,11.327009201049805,2.788214480703784,-9.539887428283691,-5.493805885314941
A18,1,-10.783900260925293,2.7438445248518555,10.783900260925293,2.7438445248518555,3.854372024536133,0.7091008424758911
-,0,-11.123062133789062,2.727359159244926,11.123062133789062,2.727359159244926,-6.743127822875977,-6.633278846740723
-,0,-11.14205551147461,2.725898920433666,11.14205551147461,2.725898920433666,-4.6489763259887695,-3.0688138008117676
-,0,-10.730274200439453,2.8562501587990776,10.730274200439453,2.8562501587990776,-3.507103443145752,-1.2900358438491821
-,0,-10.821207046508789,2.777653313454508,10.821207046508789,2.777653313454508,-10.33537769317627,-7.508037567138672
A09,1,-10.597593307495117,2.747867131368332,10.597593307495117,2.747867131368332,1.785124659538269,6.898484230041504
A11,1,-10.950297355651855,2.832691699405293,10.950297355651855,2.832691699405293,2.586888313293457,5.977266311645508
-,0,-10.981841087341309,2.835379430498287,10.981841087341309,2.835379430498287,-6.40091609954834,-3.6991584300994873
-,0,-10.844962120056152,2.7322079021788617,10.844962120056152,2.7322079021788617,-4.534738540649414,-4.079752445220947
A16,1,-10.685824394226074,2.6788256630619447,10.685824394226074,2.6788256630619447,5.5181708335876465,2.0417943000793457
-,0,-11.450583457946777,2.738989271703082,11.450583457946777,2.738989271703082,-6.042494773864746,-8.895105361938477
A10,1,-10.932560920715332,2.799538529933506,10.932560920715332,2.799538529933506,4.4719085693359375,3.2513022422790527
-,0,-10.879956245422363,2.692478928300961,10.879956245422363,2.692478928300961,-9.551539421081543,-4.938033580780029
-,0,-11.121850967407227,2.7474017705710057,11.121850967407227,2.7474017705710057,-5.282289505004883,-2.835150718688965
-,0,-10.708477973937988,2.806452127002398,10.708477973937988,2.806452127002398,2.329432249069214,-0.694067120552063
A11,1,-10.743802070617676,2.618149016994401,10.743802070617676,2.618149016994401,-1.5245296955108643,2.0136349201202393
A13,1,-11.226505279541016,2.7305044970908106,11.226505279541016,2.7305044970908106,7.891885757446289,9.626007080078125
A13,1,-11.014412879943848,2.7695226302322546,11.014412879943848,2.7695226302322546,7.892858028411865,8.529963493347168
A11,1,-10.845484733581543,2.7750652287176396,10.845484733581543,2.7750652287176396,2.7543208599090576,2.2565560340881348
A19,1,-10.605403900146484,2.792337012343773,10.605403900146484,2.792337012343773,-0.10129883885383606,-2.924197196960449
A09,1,-10.231717109680176,2.8484982861293187,10.231717109680176,2.8484982861293187,8.060681343078613,6.667475700378418
A12,1,-11.44271469116211,2.6035330978897946,11.44271469116211,2.6035330978897946,7.2428083419799805,8.918754577636719
-,0,-11.31634521484375,2.7290850651873906,11.31634521484375,2.7290850651873906,-5.582601070404053,-5.817060470581055
A14,1,-10.94151782989502,2.8206880035164046,10.94151782989502,2.8206880035164046,3.835693836212158,4.731924533843994
-,0,-10.79849624633789,2.7600123298350354,10.79849624633789,2.7600123298350354,-5.414958953857422,-3.151146411895752
-,0,-10.55357551574707,2.7700883025423257,10.55357551574707,2.7700883025423257,-8.306317329406738,-2.299274444580078
A18,1,-10.709938049316406,2.8919409587110105,10.709938049316406,2.8919409587110105,4.504977703094482,8.443181991577148
A08,1,-11.096854209899902,2.7340496283689415,11.096854209899902,2.7340496283689415,7.826299667358398,5.185641288757324
A15,1,-10.908796310424805,2.7729532340687033,10.908796310424805,2.7729532340687033,4.383358001708984,6.115032196044922
-,0,-10.397782325744629,2.880918973844856,10.397782325744629,2.880918973844856,-1.5633820295333862,-5.250661373138428
A14,1,-10.559671401977539,2.674408906552822,10.559671401977539,2.674408906552822,-1.710909366607666,2.7682905197143555
A19,1,-10.924744606018066,2.6742678339300365,10.924744606018066,2.6742678339300365,-2.7902109622955322,-0.8033347725868225
A18,1,-10.858640670776367,2.75623306101057,10.858640670776367,2.75623306101057,0.36501577496528625,-1.8457140922546387
A09,1,-11.015448570251465,2.7405399685464196,11.015448570251465,2.7405399685464196,3.3813858032226562,4.421744346618652
-,0,-11.343620300292969,2.7337116508766712,11.343620300292969,2.7337116508766712,-9.554686546325684,-4.919129371643066
-,0,-10.98000717163086,2.7336197830716378,10.98000717163086,2.7336197830716378,-5.884605884552002,-5.223937034606934
-,0,-11.378925323486328,2.6449657103422486,11.378925323486328,2.6449657103422486,-4.949037551879883,-2.5508337020874023
-,0,-10.77193832397461,2.76284307799167,10.77193832397461,2.76284307799167,-3.705904722213745,-0.5493611693382263
A13,1,-9.315208435058594,2.591470643780906,9.315208435058594,2.591470643780906,6.685561656951904,9.790596008300781
A09,1,-10.82435417175293,2.726338410810465,10.82435417175293,2.726338410810465,1.6286885738372803,3.7480602264404297
-,0,-11.251030921936035,2.7734750133179826,11.251030921936035,2.7734750133179826,-3.82356858253479,-1.4597501754760742
A13,1,-10.737983703613281,2.81297478042739,10.737983703613281,2.81297478042739,6.706133842468262,7.4535980224609375
A10,1,-10.524267196655273,2.7884917629188584,10.524267196655273,2.7884917629188584,0.7084937691688538,4.328578948974609
-,0,-10.54011344909668,2.646259905519822,10.54011344909668,2.646259905519822,-1.845598578453064,-2.4606475830078125
-,0,-10.61752986907959,2.742051210356293,10.61752986907959,2.742051210356293,0.9035128355026245,-0.9150694608688354
A16,1,-10.91399097442627,2.610011005786327,10.91399097442627,2.610011005786327,3.17140793800354,6.367116928100586
-,0,-10.394747734069824,2.757321923982203,10.394747734069824,2.757321923982203,-6.890067100524902,-4.8290205001831055
A19,1,-10.738435745239258,2.8103692078896607,10.738435745239258,2.8103692078896607,-0.8737568855285645,-0.111663818359375
A13,1,-10.98175048828125,2.9092520166805476,10.98175048828125,2.9092520166805476,7.993731498718262,9.27447509765625
A07,1,-10.656654357910156,2.774552435132131,10.656654357910156,2.774552435132131,7.064105987548828,10.010458946228027
A09,1,-9.229737281799316,2.696190537524526,9.229737281799316,2.696190537524526,6.6511383056640625,7.998291015625
A15,1,-11.124750137329102,2.825666570377377,11.124750137329102,2.825666570377377,2.1598122119903564,7.050285816192627
-,0,-10.886239051818848,2.7940191292711383,10.886239051818848,2.7940191292711383,-4.468006610870361,-2.6117806434631348
A14,1,-11.026387214660645,2.708545732144643,11.026387214660645,2.708545732144643,0.13134035468101501,-0.3689172863960266
A17,1,-11.073280334472656,2.844449321270452,11.073280334472656,2.844449321270452,6.039992332458496,3.499037742614746
A07,1,-8.180496215820312,2.644434140401042,8.180496215820312,2.644434140401042,0.25032955408096313,8.057378768920898
A10,1,-9.828448295593262,2.7296576144894997,9.828448295593262,2.7296576144894997,7.802464485168457,0.6230745315551758
-,0,-10.899066925048828,2.7837571709888977,10.899066925048828,2.7837571709888977,-13.89380931854248,-8.55794906616211
A13,1,-11.049745559692383,2.8873490929003536,11.049745559692383,2.8873490929003536,7.037793159484863,8.566524505615234
A18,1,-10.906298637390137,2.718144277587901,10.906298637390137,2.718144277587901,-3.7121787071228027,-3.7932069301605225
-,0,-11.01850700378418,2.8190786391926377,11.01850700378418,2.8190786391926377,-3.03580641746521,-1.7383469343185425
A09,1,-10.39460277557373,2.735101121432859,10.39460277557373,2.735101121432859,7.891461372375488,5.9362030029296875
A08,1,-10.912800788879395,2.850089506822874,10.912800788879395,2.850089506822874,6.430525779724121,6.441502571105957
-,0,-11.145038604736328,2.7622323483273963,11.145038604736328,2.7622323483273963,-3.519101142883301,-1.245545744895935
A12,1,-10.338809967041016,2.6455327241658364,10.338809967041016,2.6455327241658364,7.9440765380859375,3.9731311798095703
-,0,-10.729057312011719,2.8449987342305016,10.729057312011719,2.8449987342305016,-9.216745376586914,-3.537769079208374
-,0,-10.968412399291992,2.6918896665481418,10.968412399291992,2.6918896665481418,-2.582409620285034,-3.4365732669830322
A17,1,-10.136638641357422,2.630403878525858,10.136638641357422,2.630403878525858,7.460906028747559,4.793137073516846
A19,1,-10.950591087341309,2.828926105062289,10.950591087341309,2.828926105062289,-4.409662246704102,-0.6734437346458435
A12,1,-10.8322172164917,2.6605645091838963,10.8322172164917,2.6605645091838963,6.463575839996338,4.766349792480469
-,0,-11.045923233032227,2.6206861909359245,11.045923233032227,2.6206861909359245,-6.5561347007751465,-3.637179374694824
-,0,-11.010841369628906,2.7364615819923976,11.010841369628906,2.7364615819923976,-10.600129127502441,-7.306608200073242
A12,1,-10.688650131225586,2.77453403863725,10.688650131225586,2.77453403863725,6.92418098449707,3.3119430541992188
A16,1,-10.864765167236328,2.8042674248415356,10.864765167236328,2.8042674248415356,1.7150778770446777,3.2115254402160645
A15,1,-10.975913047790527,2.7742477482979404,10.975913047790527,2.7742477482979404,-4.515687942504883,0.7108737230300903
-,0,-10.675629615783691,2.7332763842805137,10.675629615783691,2.7332763842805137,-6.708621501922607,-4.024986267089844
-,0,-11.030550956726074,2.8113643172682434,11.030550956726074,2.8113643172682434,-8.978131294250488,-2.516043186187744
-,0,-10.985222816467285,2.8828029448260546,10.985222816467285,2.8828029448260546,-6.666208267211914,-4.088557243347168
A11,1,-9.90749454498291,2.7012350548595774,9.90749454498291,2.7012350548595774,4.816768169403076,7.273955821990967
A09,1,-10.773001670837402,2.8044770224120867,10.773001670837402,2.8044770224120867,8.579863548278809,6.625574111938477
A13,1,-11.108072280883789,2.6967117895993318,11.108072280883789,2.6967117895993318,4.800567150115967,7.9208664894104
-,0,-11.089905738830566,2.7524429814688194,11.089905738830566,2.7524429814688194,-5.041324138641357,-4.5935893058776855
A15,1,-10.974769592285156,2.762158081342145,10.974769592285156,2.762158081342145,6.0034074783325195,4.142569541931152
-,0,-10.784006118774414,2.7683912317873207,10.784006118774414,2.7683912317873207,-3.6216952800750732,-2.4480786323547363
A17,1,-11.18757152557373,2.831776867460321,11.18757152557373,2.831776867460321,6.802063941955566,7.617959499359131
-,0,-10.98491096496582,2.918461651260038,10.98491096496582,2.918461651260038,-1.5731314420700073,-1.143924593925476
-,0,-11.054635047912598,2.8310300777043254,11.054635047912598,2.8310300777043254,-16.695322036743164,-6.651306629180908
-,0,-11.086419105529785,2.714976937334775,11.086419105529785,2.714976937334775,-5.65705680847168,-3.5268731117248535
-,0,-11.031167984008789,2.789203008999566,11.031167984008789,2.789203008999566,-6.880181789398193,-7.649237632751465
-,0,-10.599591255187988,2.7363661601295735,10.599591255187988,2.7363661601295735,-1.508461594581604,-2.132298469543457
A12,1,-10.889143943786621,2.819341319452724,10.889143943786621,2.819341319452724,4.023809432983398,2.444394588470459
-,0,-11.038010597229004,2.8314924264143144,11.038010597229004,2.8314924264143144,0.8100338578224182,0.41639789938926697
A08,1,-11.010125160217285,2.840255667753856,11.010125160217285,2.840255667753856,6.207016944885254,4.009703159332275
A15,1,-10.796524047851562,2.785504373281174,10.796524047851562,2.785504373281174,2.729132652282715,7.660242080688477
A09,1,-11.244454383850098,2.7443277068567045,11.244454383850098,2.7443277068567045,6.151100158691406,7.908414840698242
-,0,-10.770960807800293,2.7728289702142055,10.770960807800293,2.7728289702142055,-16.14666175842285,-7.447453022003174
-,0,-10.707541465759277,2.8187392444225066,10.707541465759277,2.8187392444225066,-5.1666059494018555,-2.1446752548217773
-,0,-10.627304077148438,2.735965569089164,10.627304077148438,2.735965569089164,-5.0712738037109375,-3.1104516983032227
-,0,-10.882528305053711,2.8058996732379122,10.882528305053711,2.8058996732379122,-3.863332986831665,-2.443959951400757
A09,1,-10.66043758392334,2.856536147879935,10.66043758392334,2.856536147879935,3.9713633060455322,5.242969512939453
-,0,-11.239792823791504,2.6993062054528947,11.239792823791504,2.6993062054528947,-6.979619979858398,-2.5246822834014893
-,0,-11.089943885803223,2.827565093602995,11.089943885803223,2.827565093602995,-9.840155601501465,-1.8739879131317139
-,0,-11.163614273071289,2.7619040429777595,11.163614273071289,2.7619040429777595,-12.550944328308105,-6.963352203369141
A09,1,-10.64728832244873,2.604094352980548,10.64728832244873,2.604094352980548,5.971492767333984,7.860295295715332
A13,1,-11.018779754638672,2.819376208719516,11.018779754638672,2.819376208719516,7.113766193389893,5.085788726806641
-,0,-10.798436164855957,2.702368896420072,10.798436164855957,2.702368896420072,-4.361321449279785,-1.6772282123565674
A07,1,-10.442476272583008,2.8361180843141636,10.442476272583008,2.8361180843141636,4.032285213470459,5.777594566345215
-,0,-11.143817901611328,2.667533961502505,11.143817901611328,2.667533961502505,0.8211780190467834,0.6093490123748779
-,0,-10.827653884887695,2.7802539331826672,10.827653884887695,2.7802539331826672,-2.6826634407043457,-1.1853859424591064
-,0,-10.77755355834961,2.7158748984144494,10.77755355834961,2.7158748984144494,-3.774526596069336,-0.16480082273483276
A14,1,-11.128758430480957,2.6284602411284204,11.128758430480957,2.6284602411284204,1.6015559434890747,3.790816307067871
A18,1,-11.207748413085938,2.6293917873335655,11.207748413085938,2.6293917873335655,-0.2452056109905243,2.137383460998535
-,0,-11.174790382385254,2.7806628737125734,11.174790382385254,2.7806628737125734,-1.1932343244552612,-5.231637477874756
A18,1,-11.339689254760742,2.661335830852675,11.339689254760742,2.661335830852675,-2.079115152359009,-1.1596566438674927
-,0,-10.962690353393555,2.779453620216637,10.962690353393555,2.779453620216637,-10.246705055236816,-5.895822048187256
A16,1,-10.350452423095703,2.7893458791684567,10.350452423095703,2.7893458791684567,1.0016846656799316,1.1029572486877441
-,0,-11.043452262878418,2.8322303473544292,11.043452262878418,2.8322303473544292,-8.323079109191895,-6.725519180297852
-,0,-10.912721633911133,2.8008037584854604,10.912721633911133,2.8008037584854604,-8.016247749328613,-3.9229841232299805
-,0,-10.905753135681152,2.6804790956878417,10.905753135681152,2.6804790956878417,-1.337254524230957,-4.125892639160156
A18,1,-10.594141006469727,2.7015618405818107,10.594141006469727,2.7015618405818107,-1.0149574279785156,0.7358967065811157
-,0,-10.471741676330566,2.8603501522809713,10.471741676330566,2.8603501522809713,-11.022080421447754,-8.62608528137207
A09,1,-10.836758613586426,2.863906235355771,10.836758613586426,2.863906235355771,1.5273997783660889,7.784783840179443
-,0,-11.198738098144531,2.7749451798230993,11.198738098144531,2.7749451798230993,-5.582489967346191,-3.142242431640625
A11,1,-11.002281188964844,2.7877934812209393,11.002281188964844,2.7877934812209393,4.132380485534668,3.9411792755126953
-,0,-11.098313331604004,2.802145023790306,11.098313331604004,2.802145023790306,-5.488010883331299,-4.191577911376953
A11,1,-10.81521987915039,2.868321031256993,10.81521987915039,2.868321031256993,1.9790266752243042,4.961106300354004
A10,1,-10.731707572937012,2.6515360042508274,10.731707572937012,2.6515360042508274,6.8774189949035645,8.033717155456543
A14,1,-10.710609436035156,2.7559052611755335,10.710609436035156,2.7559052611755335,-4.0547895431518555,4.455500602722168
A08,1,-10.671106338500977,2.7420850274646824,10.671106338500977,2.7420850274646824,8.177908897399902,7.299057960510254
A15,1,-10.73740005493164,2.8217915430924423,10.73740005493164,2.8217915430924423,2.109802007675171,3.46591854095459
-,0,-10.327025413513184,2.6914956677925224,10.327025413513184,2.6914956677925224,-7.602194786071777,-1.1855508089065552
A09,1,-10.932957649230957,2.770880537445302,10.932957649230957,2.770880537445302,2.682299852371216,5.26578426361084
A18,1,-11.046160697937012,2.728786696846748,11.046160697937012,2.728786696846748,-2.3968288898468018,3.1059281826019287
-,0,-10.517779350280762,2.810628015379195,10.517779350280762,2.810628015379195,-7.396112442016602,-6.275207042694092
-,0,-10.79720401763916,2.730491615749786,10.79720401763916,2.730491615749786,-4.05637788772583,-2.297029495239258
-,0,-10.873980522155762,2.86186114856136,10.873980522155762,2.86186114856136,-0.47663170099258423,-2.522972583770752
A14,1,-10.996321678161621,2.7190094530510227,10.996321678161621,2.7190094530510227,-1.8244143724441528,0.5198274254798889
-,0,-11.252312660217285,2.7882016295131127,11.252312660217285,2.7882016295131127,-10.401884078979492,-4.39657735824585
A14,1,-10.85770034790039,2.7184511043060775,10.85770034790039,2.7184511043060775,-2.071650266647339,4.40273380279541
-,0,-10.925283432006836,2.759981555329063,10.925283432006836,2.759981555329063,-5.328326225280762,-1.8302838802337646
A07,1,-11.014708518981934,2.7660045390099253,11.014708518981934,2.7660045390099253,6.856645584106445,7.522617340087891
-,0,-10.67191219329834,2.8388559009713403,10.67191219329834,2.8388559009713403,-10.448302268981934,-1.8759032487869263
-,0,-10.23047161102295,2.779819933038213,10.23047161102295,2.779819933038213,0.42938417196273804,-0.3908054828643799
-,0,-10.473980903625488,2.813570637521184,10.473980903625488,2.813570637521184,-6.571052551269531,-1.689663290977478
A14,1,-10.914142608642578,2.7978459082177007,10.914142608642578,2.7978459082177007,0.25705596804618835,6.721784591674805
A12,1,-10.53752613067627,2.6172774214232075,10.53752613067627,2.6172774214232075,7.213339328765869,4.3635735511779785
A08,1,-10.576067924499512,2.6665268360189045,10.576067924499512,2.6665268360189045,5.909167289733887,5.492397308349609
A16,1,-10.271855354309082,2.847121293191665,10.271855354309082,2.847121293191665,7.797706604003906,8.919072151184082
-,0,-11.012312889099121,2.8841458139593867,11.012312889099121,2.8841458139593867,-12.346467971801758,-6.492181301116943
-,0,-11.0933256149292,2.610027424648697,11.0933256149292,2.610027424648697,-9.507438659667969,-6.880537509918213
-,0,-11.016670227050781,2.731275405282571,11.016670227050781,2.731275405282571,-6.592041015625,-2.8189172744750977
-,0,-10.483803749084473,2.7040321567615515,10.483803749084473,2.7040321567615515,-11.532331466674805,-2.858872175216675
A17,1,-11.365137100219727,2.641933417204692,11.365137100219727,2.641933417204692,0.4137038588523865,0.045604147017002106
-,0,-11.18362808227539,2.715046387650415,11.18362808227539,2.715046387650415,-3.2159228324890137,-3.7961654663085938
A19,1,-10.523781776428223,2.76388610882128,10.523781776428223,2.76388610882128,-0.6954421401023865,0.14772433042526245
A17,1,-11.05337142944336,2.713252636538205,11.05337142944336,2.713252636538205,3.2075273990631104,0.26446694135665894
A07,1,-10.181246757507324,2.6432889628006406,10.181246757507324,2.6432889628006406,-5.46876859664917,3.10084867477417
A10,1,-10.388221740722656,2.748491116607511,10.388221740722656,2.748491116607511,-2.4939262866973877,0.44226017594337463
A10,1,-10.48825740814209,2.6755872412261574,10.48825740814209,2.6755872412261574,5.062677383422852,3.759922981262207
A11,1,-10.622026443481445,2.8293782502756444,10.622026443481445,2.8293782502756444,-2.684309720993042,6.246680736541748
-,0,-10.497076034545898,2.8372557957442055,10.497076034545898,2.8372557957442055,-3.0496551990509033,-2.222646713256836
A17,1,-10.884808540344238,2.8433032560399103,10.884808540344238,2.8433032560399103,6.24923038482666,3.700223922729492
-,0,-11.06351089477539,2.809406957109654,11.06351089477539,2.809406957109654,-6.712691307067871,-8.04063606262207
-,0,-11.379351615905762,2.8964115750985724,11.379351615905762,2.8964115750985724,-3.340869665145874,-8.181646347045898
A11,1,-10.81989574432373,2.6448074812656124,10.81989574432373,2.6448074812656124,-1.142361044883728,5.519596576690674
-,0,-10.496148109436035,2.9099906955959054,10.496148109436035,2.9099906955959054,-5.0689697265625,-1.4248172044754028
-,0,-10.100639343261719,2.8341407250762387,10.100639343261719,2.8341407250762387,-4.235822677612305,-1.17860746383667
A07,1,-10.420814514160156,2.8444555858737175,10.420814514160156,2.8444555858737175,4.829854965209961,7.605409622192383
-,0,-9.70251178741455,2.7522444376931836,9.70251178741455,2.7522444376931836,-7.060330867767334,-1.9404422044754028
A08,1,-11.005095481872559,2.595727511145277,11.005095481872559,2.595727511145277,4.507676601409912,4.717966079711914
A14,1,-11.0468168258667,2.6156949395289333,11.0468168258667,2.6156949395289333,7.303481578826904,4.915134429931641
A08,1,-10.963994979858398,2.828052551106926,10.963994979858398,2.828052551106926,5.569950103759766,3.2454137802124023
-,0,-11.133142471313477,2.753375984443405,11.133142471313477,2.753375984443405,-7.51875114440918,-7.95379638671875
A19,1,-11.235382080078125,2.771903230301942,11.235382080078125,2.771903230301942,-1.0806074142456055,-3.513800621032715
A17,1,-10.963279724121094,2.778634805285209,10.963279724121094,2.778634805285209,4.60258674621582,4.093389511108398
-,0,-11.131799697875977,2.764455812110857,11.131799697875977,2.764455812110857,-5.106532096862793,-3.900418996810913
A07,1,-10.575716972351074,2.6481567624569844,10.575716972351074,2.6481567624569844,-2.5302321910858154,3.288078784942627
-,0,-10.181553840637207,2.8183014068419454,10.181553840637207,2.8183014068419454,1.0382435321807861,-0.8357151746749878
-,0,-10.611495971679688,2.7421509843167335,10.611495971679688,2.7421509843167335,-7.576946258544922,-1.078036904335022
A08,1,-10.90292739868164,2.744291902895958,10.90292739868164,2.744291902895958,1.5573235750198364,4.110019683837891
A10,1,-8.79388427734375,2.7078859215187183,8.79388427734375,2.7078859215187183,-0.7696951031684875,1.3571354150772095
A13,1,-10.839570999145508,2.7503116198867135,10.839570999145508,2.7503116198867135,6.590829372406006,6.87688684463501
A13,1,-10.854704856872559,2.8298038441038513,10.854704856872559,2.8298038441038513,6.880817413330078,6.466760635375977
-,0,-10.567580223083496,2.863549850743646,10.567580223083496,2.863549850743646,-8.364782333374023,-1.3725628852844238
-,0,-10.79198932647705,2.8094198082455333,10.79198932647705,2.8094198082455333,-3.8731613159179688,-1.650517225265503
A12,1,-10.859054565429688,2.786866052304346,10.859054565429688,2.786866052304346,4.125066757202148,3.4568145275115967
A15,1,-10.689422607421875,2.772535399241499,10.689422607421875,2.772535399241499,-0.540639340877533,5.695562839508057
A17,1,-10.737615585327148,2.7766855253100737,10.737615585327148,2.7766855253100737,1.161420226097107,5.285865783691406
-,0,-11.213342666625977,2.6392765310092865,11.213342666625977,2.6392765310092865,-12.338412284851074,-8.956855773925781
A10,1,-10.914907455444336,2.824586734963882,10.914907455444336,2.824586734963882,0.37234577536582947,2.360281229019165
A10,1,-10.029175758361816,2.6917338606806065,10.029175758361816,2.6917338606806065,0.8383098840713501,2.3370015621185303
A15,1,-10.85627555847168,2.8511621357288908,10.85627555847168,2.8511621357288908,-1.4082638025283813,2.2076947689056396
A18,1,-11.188806533813477,2.7359810195129994,11.188806533813477,2.7359810195129994,-3.3199143409729004,-0.937811553478241
A07,1,-10.417000770568848,2.7385343244690494,10.417000770568848,2.7385343244690494,2.3063600063323975,5.900575160980225
A15,1,-11.112581253051758,2.801540255696241,11.112581253051758,2.801540255696241,3.2130401134490967,5.683028221130371
-,0,-11.061482429504395,2.856953102497434,11.061482429504395,2.856953102497434,-6.005527496337891,-2.9056544303894043
A10,1,-10.77575969696045,2.780602283356145,10.77575969696045,2.780602283356145,3.7265164852142334,1.3503966331481934
A13,1,-9.176888465881348,2.8211568619147003,9.176888465881348,2.8211568619147003,7.359278202056885,7.466455936431885
A16,1,-11.240067481994629,2.672946149059521,11.240067481994629,2.672946149059521,5.911342620849609,6.674458026885986
-,0,-10.422419548034668,2.7991706807388708,10.422419548034668,2.7991706807388708,-12.015460014343262,-1.5571269989013672
-,0,-10.045591354370117,2.7162987649938635,10.045591354370117,2.7162987649938635,0.8458529114723206,-3.2710020542144775
A11,1,-11.02358627319336,2.692901495573187,11.02358627319336,2.692901495573187,7.429268836975098,9.51156234741211
A10,1,-11.163827896118164,2.7880376274719443,11.163827896118164,2.7880376274719443,-2.19522762298584,3.633225440979004
-,0,-10.929300308227539,2.8097762900714405,10.929300308227539,2.8097762900714405,-6.539687156677246,-1.749972939491272
-,0,-11.372551918029785,2.8499549710769885,11.372551918029785,2.8499549710769885,-4.708384990692139,-0.5497713088989258
-,0,-11.174168586730957,2.6604961753789254,11.174168586730957,2.6604961753789254,-6.953587532043457,-4.574498653411865
-,0,-10.916172981262207,2.836644486926148,10.916172981262207,2.836644486926148,-12.024456977844238,-3.402768135070801
A09,1,-10.526535987854004,2.8639273944632513,10.526535987854004,2.8639273944632513,3.2806756496429443,6.927018165588379
-,0,-11.160545349121094,2.757613243813007,11.160545349121094,2.757613243813007,-1.111749529838562,-2.1537771224975586
A08,1,-10.497350692749023,2.719055531637916,10.497350692749023,2.719055531637916,9.438271522521973,5.985256195068359
-,0,-10.983563423156738,2.796604438849204,10.983563423156738,2.796604438849204,-4.095515251159668,-7.57847261428833
A12,1,-11.063416481018066,2.8233101966518714,11.063416481018066,2.8233101966518714,6.096076965332031,7.825003623962402
A18,1,-10.772207260131836,2.741225265032052,10.772207260131836,2.741225265032052,-0.006064452230930328,0.15690430998802185
A16,1,-9.333335876464844,2.752723570939706,9.333335876464844,2.752723570939706,3.225282907485962,8.078356742858887
-,0,-11.159468650817871,2.7270389414294818,11.159468650817871,2.7270389414294818,-12.095562934875488,-6.03253173828125
-,0,-11.138542175292969,2.714873027811769,11.138542175292969,2.714873027811769,-2.7186381816864014,-3.4833321571350098
A08,1,-11.143330574035645,2.7943853668506877,11.143330574035645,2.7943853668506877,7.171331405639648,7.330903053283691
A10,1,-10.8656644821167,2.6888844301988857,10.8656644821167,2.6888844301988857,2.5436596870422363,6.494829177856445
A08,1,-10.978988647460938,2.724940323804693,10.978988647460938,2.724940323804693,6.221938610076904,6.111254692077637
A10,1,-10.511615753173828,2.568403989709333,10.511615753173828,2.568403989709333,2.2543888092041016,3.8734450340270996
A16,1,-10.714726448059082,2.6988134231116536,10.714726448059082,2.6988134231116536,6.662425994873047,10.419000625610352
A14,1,-10.801485061645508,2.654214065999522,10.801485061645508,2.654214065999522,-0.32601839303970337,6.6363525390625
A16,1,-9.5258207321167,2.631777302391882,9.5258207321167,2.631777302391882,3.5074524879455566,4.509527206420898
A12,1,-10.688838005065918,2.671617008830542,10.688838005065918,2.671617008830542,3.90912127494812,5.325795650482178
-,0,-11.061620712280273,2.822551231626268,11.061620712280273,2.822551231626268,-11.671393394470215,-8.357120513916016
-,0,-11.037503242492676,2.6959143411453863,11.037503242492676,2.6959143411453863,-4.104911804199219,-0.7476133108139038
A12,1,-10.84422492980957,2.7611487055134667,10.84422492980957,2.7611487055134667,0.24081814289093018,-1.036436915397644
-,0,-10.13622760772705,2.777037874542703,10.13622760772705,2.777037874542703,-5.73992919921875,-4.112013339996338
A09,1,-10.972321510314941,2.8855966387742726,10.972321510314941,2.8855966387742726,0.2911083400249481,3.8702683448791504
A17,1,-10.5087308883667,2.8894861068357454,10.5087308883667,2.8894861068357454,4.007726192474365,3.7441134452819824
-,0,-10.639847755432129,2.7654813450543125,10.639847755432129,2.7654813450543125,1.1417185068130493,-0.7728102207183838
-,0,-10.540349960327148,2.767941930823353,10.540349960327148,2.767941930823353,-8.603577613830566,-3.6406991481781006
-,0,-10.818577766418457,2.8538080892824946,10.818577766418457,2.8538080892824946,-7.502692699432373,-6.560592174530029
A17,1,-11.187504768371582,2.86802995349229,11.187504768371582,2.86802995349229,4.894587516784668,7.665047645568848
-,0,-10.943479537963867,2.7281355886299683,10.943479537963867,2.7281355886299683,-10.76671314239502,-4.29011344909668
A18,1,-11.333189010620117,2.6945064159166994,11.333189010620117,2.6945064159166994,0.534369170665741,2.0874712467193604
-,0,-10.692120552062988,2.6873687187055477,10.692120552062988,2.6873687187055477,1.8181641101837158,3.0893807411193848
-,0,-10.49120807647705,2.754046252535619,10.49120807647705,2.754046252535619,-0.8653442859649658,-3.703195571899414
-,0,-10.934389114379883,2.7042797683121065,10.934389114379883,2.7042797683121065,-7.61194372177124,-2.278512477874756
-,0,-10.66657543182373,2.775459505048842,10.66657543182373,2.775459505048842,-0.3358331322669983,-2.9853382110595703
-,0,-11.231846809387207,2.72838449297919,11.231846809387207,2.72838449297919,-4.539431571960449,-2.455573797225952
-,0,-10.982227325439453,2.691995904727079,10.982227325439453,2.691995904727079,-8.47574234008789,-7.4645843505859375
A19,1,-11.241852760314941,2.8406367507615893,11.241852760314941,2.8406367507615893,1.3491262197494507,1.7579301595687866
A07,1,-10.860177993774414,2.8062497613192234,10.860177993774414,2.8062497613192234,3.9362235069274902,7.535586357116699
A19,1,-11.0432767868042,2.779584026939071,11.0432767868042,2.779584026939071,3.4972527027130127,1.3314435482025146
-,0,-11.295794486999512,2.756728446359756,11.295794486999512,2.756728446359756,-8.02524471282959,-7.11067008972168
-,0,-10.860965728759766,2.8371124218243375,10.860965728759766,2.8371124218243375,-2.2799315452575684,-2.9023256301879883
A07,1,-10.811441421508789,2.7668523894023633,10.811441421508789,2.7668523894023633,2.2062032222747803,2.504394292831421
-,0,-10.929118156433105,2.736547911260995,10.929118156433105,2.736547911260995,-3.044489622116089,-4.961709499359131
A15,1,-10.712839126586914,2.702093283445235,10.712839126586914,2.702093283445235,-3.6001312732696533,2.9267196655273438
A18,1,-10.707514762878418,2.8007563628078236,10.707514762878418,2.8007563628078236,3.2833168506622314,5.202963829040527
-,0,-10.715392112731934,2.6648599512937974,10.715392112731934,2.6648599512937974,-1.2904047966003418,-0.5794782042503357
-,0,-10.981239318847656,2.697587719211021,10.981239318847656,2.697587719211021,-12.899927139282227,-7.526937484741211
A18,1,-10.67343807220459,2.7265891380242704,10.67343807220459,2.7265891380242704,3.1330831050872803,0.5641770958900452
A17,1,-10.9718017578125,2.7414325418688565,10.9718017578125,2.7414325418688565,4.411107063293457,3.624079704284668
A12,1,-10.983508110046387,2.688327515634499,10.983508110046387,2.688327515634499,4.4491353034973145,4.0421576499938965
A18,1,-10.79637622833252,2.864725758809189,10.79637622833252,2.864725758809189,-1.7812212705612183,0.10161008685827255
-,0,-10.510346412658691,2.849346262791459,10.510346412658691,2.849346262791459,-1.0575535297393799,-1.0591353178024292
-,0,-10.73613166809082,2.8569489569893602,10.73613166809082,2.8569489569893602,-0.2557530403137207,-0.8131769895553589
A11,1,-10.778148651123047,2.6328586472349205,10.778148651123047,2.6328586472349205,0.9153441786766052,7.00539493560791
A14,1,-10.54370403289795,2.76555331794949,10.54370403289795,2.76555331794949,4.238257884979248,3.9164209365844727
A08,1,-10.976980209350586,2.697749725782756,10.976980209350586,2.697749725782756,6.479343414306641,6.942704200744629
A10,1,-10.932432174682617,2.7566090388296702,10.932432174682617,2.7566090388296702,-2.4872066974639893,1.9718668460845947
A08,1,-10.956852912902832,2.8087932726437663,10.956852912902832,2.8087932726437663,-0.05096987634897232,7.256628036499023
-,0,-10.316764831542969,2.718403684098163,10.316764831542969,2.718403684098163,-1.1109936237335205,-5.219025135040283
-,0,-10.967806816101074,2.8532615929261853,10.967806816101074,2.8532615929261853,-8.10922908782959,-3.8881454467773438
-,0,-10.612794876098633,2.82045916232308,10.612794876098633,2.82045916232308,-5.040014743804932,-1.841210126876831
A09,1,-11.116436958312988,2.778432679348992,11.116436958312988,2.778432679348992,4.289154052734375,7.409027099609375
A07,1,-10.633426666259766,2.694081880679785,10.633426666259766,2.694081880679785,5.578423976898193,8.577835083007812
A12,1,-10.284690856933594,2.6757122662703616,10.284690856933594,2.6757122662703616,3.1162869930267334,6.244632720947266
A08,1,-11.019942283630371,2.8124463563270763,11.019942283630371,2.8124463563270763,5.056050777435303,6.236994743347168
A13,1,-8.053231239318848,2.540130285611493,8.053231239318848,2.540130285611493,8.381155967712402,7.111908912658691
A08,1,-10.81562614440918,2.8474573310825515,10.81562614440918,2.8474573310825515,3.1790690422058105,5.034173011779785
-,0,-10.499746322631836,2.6798148100874446,10.499746322631836,2.6798148100874446,-4.196149826049805,-2.0896153450012207
-,0,-10.577238082885742,2.8122335177216544,10.577238082885742,2.8122335177216544,-3.0506038665771484,-3.5289831161499023
-,0,-10.588166236877441,2.8451195423549422,10.588166236877441,2.8451195423549422,-11.161094665527344,-4.5477495193481445
A14,1,-10.903178215026855,2.748232671107096,10.903178215026855,2.748232671107096,1.1160792112350464,5.1576433181762695
-,0,-10.733991622924805,2.8176463526444384,10.733991622924805,2.8176463526444384,-4.124410629272461,-0.768740177154541
A19,1,-10.724315643310547,2.7025427627429903,10.724315643310547,2.7025427627429903,-1.5053421258926392,1.181024193763733
-,0,-10.765313148498535,2.742157769197947,10.765313148498535,2.742157769197947,-10.572368621826172,-2.4419057369232178
-,0,-10.364313125610352,2.7895068432190167,10.364313125610352,2.7895068432190167,-4.790197372436523,-1.3308991193771362
A13,1,-10.246822357177734,2.7869265138354624,10.246822357177734,2.7869265138354624,7.394452095031738,9.93817138671875
-,0,-10.33210277557373,2.878878137233764,10.33210277557373,2.878878137233764,-5.3590240478515625,-4.848054885864258
A13,1,-10.685036659240723,2.7108410222116124,10.685036659240723,2.7108410222116124,7.273271560668945,10.509622573852539
A18,1,-10.904207229614258,2.8042846589224495,10.904207229614258,2.8042846589224495,4.221309661865234,1.5962746143341064
-,0,-10.768047332763672,2.7409139284734803,10.768047332763672,2.7409139284734803,-2.627324104309082,-1.4478099346160889
-,0,-11.308143615722656,2.813094219220118,11.308143615722656,2.813094219220118,-12.048962593078613,-2.124553680419922
-,0,-10.401991844177246,2.7688696125991132,10.401991844177246,2.7688696125991132,-4.666623115539551,-4.876360893249512
A10,1,-10.77238655090332,2.768714770364848,10.77238655090332,2.768714770364848,-2.3775556087493896,1.0552749633789062
-,0,-11.068572044372559,2.803084463280755,11.068572044372559,2.803084463280755,-8.979121208190918,-5.659489631652832
A18,1,-10.459638595581055,2.733727715512765,10.459638595581055,2.733727715512765,-1.98564875125885,2.0700783729553223
A08,1,-10.850862503051758,2.816450571799115,10.850862503051758,2.816450571799115,6.2877960205078125,7.70398473739624
-,0,-11.460588455200195,2.890390164655795,11.460588455200195,2.890390164655795,-4.0759429931640625,-3.6717305183410645
A12,1,-10.868485450744629,2.741191529241763,10.868485450744629,2.741191529241763,7.4174933433532715,9.756906509399414
A07,1,-10.885645866394043,2.857641988128189,10.885645866394043,2.857641988128189,6.285607814788818,3.012223243713379
A17,1,-10.878405570983887,2.87617972240985,10.878405570983887,2.87617972240985,2.073742628097534,6.072943687438965
-,0,-10.384462356567383,2.6167119362381643,10.384462356567383,2.6167119362381643,-4.95820426940918,-2.5772976875305176
-,0,-11.21876049041748,2.7499520362830947,11.21876049041748,2.7499520362830947,-11.015265464782715,-7.2941694259643555
A15,1,-11.019414901733398,2.888282818339804,11.019414901733398,2.888282818339804,7.172595024108887,6.932907581329346
-,0,-10.847999572753906,2.7627881732200104,10.847999572753906,2.7627881732200104,-8.709717750549316,-8.70147705078125
A14,1,-10.762417793273926,2.6498915902836617,10.762417793273926,2.6498915902836617,2.634561777114868,7.201103210449219
A12,1,-10.739892959594727,2.7480591862915182,10.739892959594727,2.7480591862915182,6.0569000244140625,8.012224197387695
A15,1,-10.780019760131836,2.793995725692893,10.780019760131836,2.793995725692893,-0.14293980598449707,3.9286417961120605
-,0,-10.135504722595215,2.812211802377981,10.135504722595215,2.812211802377981,-2.6837728023529053,-2.793276786804199
-,0,-10.8698091506958,2.727299469668229,10.8698091506958,2.727299469668229,-6.1255927085876465,-6.91916036605835
A12,1,-10.625486373901367,2.684120811973424,10.625486373901367,2.684120811973424,4.64775276184082,3.231785774230957
-,0,-10.558564186096191,2.7188471936655896,10.558564186096191,2.7188471936655896,-1.1674469709396362,-0.9341883659362793
-,0,-10.73512077331543,2.8248828165597644,10.73512077331543,2.8248828165597644,-7.397802352905273,-3.99971342086792
-,0,-10.807225227355957,2.813038468525135,10.807225227355957,2.813038468525135,-3.7930057048797607,-1.1344419717788696
A18,1,-11.298185348510742,2.7468325112050525,11.298185348510742,2.7468325112050525,0.21333372592926025,2.0350334644317627
A17,1,-11.472062110900879,2.7933125426193413,11.472062110900879,2.7933125426193413,6.388840198516846,8.2385892868042
-,0,-10.52947998046875,2.6930346786965877,10.52947998046875,2.6930346786965877,-6.093201637268066,-3.9653818607330322
-,0,-11.166865348815918,2.7168610816697845,11.166865348815918,2.7168610816697845,-0.8382677435874939,-1.268805980682373
-,0,-11.239959716796875,2.6955339213001173,11.239959716796875,2.6955339213001173,-11.809632301330566,-6.317716598510742
-,0,-10.817413330078125,2.826380052041688,10.817413330078125,2.826380052041688,-4.5038275718688965,-2.668393135070801
-,0,-11.263154029846191,2.7143247027719037,11.263154029846191,2.7143247027719037,-3.6306052207946777,-3.8347129821777344
A12,1,-10.018997192382812,2.8555263074015125,10.018997192382812,2.8555263074015125,4.169701099395752,5.581515312194824
-,0,-11.141996383666992,2.8000887380672856,11.141996383666992,2.8000887380672856,-6.85491943359375,-2.273806095123291
-,0,-10.755241394042969,2.834167131774979,10.755241394042969,2.834167131774979,-0.4736725687980652,-1.5025233030319214
-,0,-10.912999153137207,2.84656237947585,10.912999153137207,2.84656237947585,-2.239306688308716,0.014621943235397339
A07,1,-11.11864948272705,2.824454880043572,11.11864948272705,2.824454880043572,3.155622720718384,1.3688796758651733
A13,1,-10.47824764251709,2.809482992658019,10.47824764251709,2.809482992658019,3.922476053237915,7.844300270080566
A08,1,-10.955175399780273,2.8255327390704914,10.955175399780273,2.8255327390704914,4.043388366699219,4.798700332641602
A11,1,-10.647032737731934,2.823885249400584,10.647032737731934,2.823885249400584,5.335531711578369,7.034763813018799
A19,1,-11.415504455566406,2.768207114285782,11.415504455566406,2.768207114285782,2.270042657852173,0.35952696204185486
A10,1,-8.655322074890137,2.6475145898249868,8.655322074890137,2.6475145898249868,6.354147911071777,6.150276184082031
-,0,-10.306001663208008,2.8807530490268705,10.306001663208008,2.8807530490268705,-4.571013450622559,-2.679595470428467
A13,1,-10.663867950439453,2.672439882976719,10.663867950439453,2.672439882976719,6.473465442657471,7.023569107055664
A11,1,-10.744246482849121,2.752013149360909,10.744246482849121,2.752013149360909,2.3512094020843506,2.641916275024414
-,0,-10.641559600830078,2.7088765949214055,10.641559600830078,2.7088765949214055,-8.941023826599121,-3.4660439491271973
A10,1,-10.866609573364258,2.7449139050564124,10.866609573364258,2.7449139050564124,1.053737998008728,1.9692802429199219
-,0,-10.833413124084473,2.738489194989478,10.833413124084473,2.738489194989478,-14.025191307067871,-2.302131175994873
A14,1,-10.960232734680176,2.7883000368112794,10.960232734680176,2.7883000368112794,4.535443305969238,4.783921241760254
A10,1,-9.768494606018066,2.61738595360277,9.768494606018066,2.61738595360277,4.640381813049316,5.298486709594727
-,0,-11.233366012573242,2.7923303008147893,11.233366012573242,2.7923303008147893,-11.925817489624023,-3.1888771057128906
A15,1,-10.80280876159668,2.7768539661580474,10.80280876159668,2.7768539661580474,-4.500116348266602,3.6553268432617188
A11,1,-11.225578308105469,2.7061329648569026,11.225578308105469,2.7061329648569026,2.692998170852661,5.060213088989258
A16,1,-11.18578815460205,2.620640074685069,11.18578815460205,2.620640074685069,6.641469478607178,5.917431831359863
A09,1,-10.826632499694824,2.8344181512954596,10.826632499694824,2.8344181512954596,3.926940679550171,4.547374725341797
A17,1,-10.98314380645752,2.763490191527471,10.98314380645752,2.763490191527471,2.604290723800659,5.448625564575195
-,0,-10.999940872192383,2.79564338004815,10.999940872192383,2.79564338004815,-1.4091947078704834,-2.4650421142578125
A07,1,-10.852195739746094,2.825595607043486,10.852195739746094,2.825595607043486,3.9491825103759766,7.566849708557129
A10,1,-10.754339218139648,2.7142150758645402,10.754339218139648,2.7142150758645402,3.9938905239105225,1.1286346912384033
A13,1,-10.862347602844238,2.7663646599994305,10.862347602844238,2.7663646599994305,6.645360469818115,7.583211898803711
A15,1,-10.995805740356445,2.6795413083606796,10.995805740356445,2.6795413083606796,-0.7304081320762634,1.4242961406707764
A13,1,-10.638212203979492,2.8401148912467713,10.638212203979492,2.8401148912467713,6.863191604614258,9.362150192260742
A12,1,-10.947027206420898,2.636665359747815,10.947027206420898,2.636665359747815,5.071588039398193,6.159445762634277
A08,1,-10.894081115722656,2.806422362115263,10.894081115722656,2.806422362115263,3.71193528175354,5.679535865783691
-,0,-11.362996101379395,2.781530717669326,11.362996101379395,2.781530717669326,-9.842560768127441,-8.421989440917969
A19,1,-10.898687362670898,2.741015868541716,10.898687362670898,2.741015868541716,-2.0613622665405273,0.8100166320800781
-,0,-10.78648853302002,2.7983787075703637,10.78648853302002,2.7983787075703637,-1.091705560684204,-1.0222986936569214
A07,1,-10.709979057312012,2.9268535526014414,10.709979057312012,2.9268535526014414,1.3262830972671509,5.196783065795898
A15,1,-10.634780883789062,2.8331388055999858,10.634780883789062,2.8331388055999858,1.5144015550613403,7.7072224617004395
-,0,-11.038341522216797,2.7769975179923754,11.038341522216797,2.7769975179923754,-7.168964862823486,-2.116945266723633
A19,1,-10.858832359313965,2.722989428061985,10.858832359313965,2.722989428061985,1.640064001083374,1.6356477737426758
-,0,-10.99687385559082,2.80919096839427,10.99687385559082,2.80919096839427,-2.112318754196167,-2.6469974517822266
A16,1,-10.678322792053223,2.4789195524013348,10.678322792053223,2.4789195524013348,3.4226598739624023,6.647805690765381
-,0,-11.073979377746582,2.8965118136726407,11.073979377746582,2.8965118136726407,-4.051649570465088,-2.092672824859619
-,0,-10.85226058959961,2.59182958339453,10.85226058959961,2.59182958339453,-6.556144714355469,-6.978047847747803
-,0,-11.08391284942627,2.761697531807013,11.08391284942627,2.761697531807013,-6.177248001098633,-4.614814758300781
A13,1,-7.669219970703125,2.548737235614165,7.669219970703125,2.548737235614165,7.982926368713379,9.906447410583496
-,0,-10.956913948059082,2.7687508153725657,10.956913948059082,2.7687508153725657,-0.644804060459137,-2.522526741027832
A10,1,-9.155487060546875,2.684735727993947,9.155487060546875,2.684735727993947,6.773748874664307,8.69990348815918
-,0,-10.51600170135498,2.761907571993641,10.51600170135498,2.761907571993641,-6.514496326446533,-3.0980758666992188
-,0,-11.122885704040527,2.626733627094607,11.122885704040527,2.626733627094607,-8.80374813079834,-8.69890022277832
-,0,-10.556053161621094,2.7127764262781513,10.556053161621094,2.7127764262781513,-1.3202396631240845,-1.1049423217773438
-,0,-10.79914665222168,2.797679582807069,10.79914665222168,2.797679582807069,-5.976446628570557,-6.924593448638916
-,0,-10.710046768188477,2.778054223325747,10.710046768188477,2.778054223325747,-3.055286407470703,-1.2212049961090088
A19,1,-11.3036470413208,2.7949160060395326,11.3036470413208,2.7949160060395326,0.4646347165107727,1.3119778633117676
-,0,-10.750760078430176,2.7092696259059097,10.750760078430176,2.7092696259059097,-2.7520992755889893,-0.6157776713371277
-,0,-10.347373962402344,2.802552295614195,10.347373962402344,2.802552295614195,-7.004819869995117,-2.1186208724975586
A11,1,-10.940313339233398,2.8212633871133823,10.940313339233398,2.8212633871133823,-3.588589906692505,4.864907264709473
-,0,-10.338184356689453,2.7113593195163532,10.338184356689453,2.7113593195163532,-2.2829535007476807,-4.103403091430664
-,0,-11.07071590423584,2.6980266468897236,11.07071590423584,2.6980266468897236,-10.843701362609863,-6.696338653564453
-,0,-10.513829231262207,2.6854936657327633,10.513829231262207,2.6854936657327633,-9.785757064819336,-3.647347927093506
A07,1,-11.190459251403809,2.5770983051406846,11.190459251403809,2.5770983051406846,6.825394630432129,7.80811882019043
-,0,-11.147253036499023,2.656389595301954,11.147253036499023,2.656389595301954,-2.0358188152313232,-6.685776233673096
A14,1,-10.829583168029785,2.794931235385745,10.829583168029785,2.794931235385745,-0.1740286648273468,4.437965393066406
-,0,-11.214529991149902,2.7570493386739634,11.214529991149902,2.7570493386739634,-8.676026344299316,-5.4560394287109375
A14,1,-10.722187042236328,2.7950329032164882,10.722187042236328,2.7950329032164882,0.9773123264312744,6.920722007751465
A10,1,-10.799039840698242,2.698183530603246,10.799039840698242,2.698183530603246,-1.1365480422973633,1.9409527778625488
-,0,-11.040572166442871,2.7823234601620084,11.040572166442871,2.7823234601620084,-12.224730491638184,-1.3932218551635742
A15,1,-10.94833755493164,2.8515102832238584,10.94833755493164,2.8515102832238584,4.93982458114624,5.751253604888916
A16,1,-10.570708274841309,2.7519037527160517,10.570708274841309,2.7519037527160517,0.8468542695045471,2.382209300994873
A09,1,-10.720693588256836,2.865453306185302,10.720693588256836,2.865453306185302,-1.2601245641708374,5.914728164672852
A18,1,-11.293745040893555,2.6721494037485094,11.293745040893555,2.6721494037485094,6.065055847167969,4.944692611694336
A13,1,-10.66909122467041,2.803222297360239,10.66909122467041,2.803222297360239,7.667710304260254,9.275429725646973
A17,1,-11.280231475830078,2.7801828890123006,11.280231475830078,2.7801828890123006,3.808659553527832,8.00922679901123
-,0,-10.499832153320312,2.8276326987213314,10.499832153320312,2.8276326987213314,-0.88645339012146,-1.017216444015503
A16,1,-11.075794219970703,2.6891388644963676,11.075794219970703,2.6891388644963676,3.1240458488464355,5.995271682739258
-,0,-11.1845064163208,2.763831459449952,11.1845064163208,2.763831459449952,-5.398265361785889,-2.3843555450439453
A18,1,-9.703392028808594,2.8163891865954476,9.703392028808594,2.8163891865954476,-5.400688648223877,-0.008495993912220001
-,0,-10.613040924072266,2.730876397886806,10.613040924072266,2.730876397886806,-3.7743723392486572,-1.4399248361587524
-,0,-11.349714279174805,2.7988151268195303,11.349714279174805,2.7988151268195303,-3.354771137237549,-3.1895205974578857
A07,1,-11.204682350158691,2.7355656826858548,11.204682350158691,2.7355656826858548,5.83548641204834,6.358445167541504
A07,1,-11.114039421081543,2.644718540089646,11.114039421081543,2.644718540089646,1.962755799293518,-0.0613798126578331
-,0,-11.046783447265625,2.5896658398677403,11.046783447265625,2.5896658398677403,-4.43023157119751,-4.856415748596191
-,0,-11.463349342346191,2.8239534700896676,11.463349342346191,2.8239534700896676,-14.438325881958008,-5.64242696762085
A09,1,-9.172985076904297,2.6907209326350343,9.172985076904297,2.6907209326350343,4.7357401847839355,7.131080627441406
-,0,-11.063268661499023,2.755106720502991,11.063268661499023,2.755106720502991,-3.059506893157959,-6.77413272857666
-,0,-10.906079292297363,2.6103630369921484,10.906079292297363,2.6103630369921484,-3.9475624561309814,-4.9546732902526855
A16,1,-11.175567626953125,2.8100544206979032,11.175567626953125,2.8100544206979032,4.059053897857666,2.468693971633911
A17,1,-11.107950210571289,2.769609138662389,11.107950210571289,2.769609138662389,3.9818532466888428,-0.412971168756485
-,0,-11.027135848999023,2.7081266686825147,11.027135848999023,2.7081266686825147,-3.4121994972229004,-4.652979850769043
A10,1,-8.405296325683594,2.676962875092714,8.405296325683594,2.676962875092714,6.618818283081055,10.191960334777832
-,0,-11.1521635055542,2.819937524534564,11.1521635055542,2.819937524534564,-0.7822097539901733,-4.059665679931641
-,0,-10.672982215881348,2.7398139190798148,10.672982215881348,2.7398139190798148,-1.4409602880477905,-0.6604902744293213
A18,1,-10.556796073913574,2.8067511725190624,10.556796073913574,2.8067511725190624,3.469008445739746,1.4971094131469727
A17,1,-11.174293518066406,2.8355824163781436,11.174293518066406,2.8355824163781436,7.038739204406738,7.916878700256348
A16,1,-10.940430641174316,2.7867876998216925,10.940430641174316,2.7867876998216925,4.662844657897949,2.7930026054382324
A10,1,-10.749025344848633,2.7878410034932424,10.749025344848633,2.7878410034932424,0.7115837335586548,7.385383129119873
-,0,-11.040550231933594,2.7856346819697277,11.040550231933594,2.7856346819697277,-8.095967292785645,-3.0348169803619385
-,0,-11.062955856323242,2.6664164188884873,11.062955856323242,2.6664164188884873,-4.380768775939941,-2.837035894393921
-,0,-10.57797622680664,2.8474761854549655,10.57797622680664,2.8474761854549655,-8.16261100769043,-6.550415992736816
A11,1,-9.824859619140625,2.729086684235699,9.824859619140625,2.729086684235699,2.1888065338134766,8.224845886230469
A10,1,-11.02112102508545,2.7364303649917545,11.02112102508545,2.7364303649917545,3.9793028831481934,3.752249002456665
-,0,-10.065428733825684,2.854227506592681,10.065428733825684,2.854227506592681,-3.808094024658203,-2.6480302810668945
A07,1,-10.863015174865723,2.848091284911661,10.863015174865723,2.848091284911661,6.9463701248168945,7.23638391494751
-,0,-10.895711898803711,2.7278545068685385,10.895711898803711,2.7278545068685385,-7.311504364013672,-7.77952766418457
A15,1,-10.619235038757324,2.732586728134966,10.619235038757324,2.732586728134966,2.7255561351776123,5.458155155181885
A17,1,-11.19245433807373,2.6678348226294215,11.19245433807373,2.6678348226294215,6.998500823974609,9.605339050292969
A16,1,-11.186638832092285,2.857897945390269,11.186638832092285,2.857897945390269,2.6706318855285645,-1.3627731800079346
-,0,-10.62844467163086,2.7808577058386046,10.62844467163086,2.7808577058386046,-4.789588928222656,-5.201837539672852
A12,1,-10.963565826416016,2.749135007441324,10.963565826416016,2.749135007441324,3.418070077896118,-0.8486853241920471
A14,1,-10.809032440185547,2.814797239846241,10.809032440185547,2.814797239846241,-1.4180361032485962,3.8505215644836426
-,0,-10.737266540527344,2.757756501878387,10.737266540527344,2.757756501878387,-1.8288565874099731,-5.045539379119873
A14,1,-10.918067932128906,2.6552326091972978,10.918067932128906,2.6552326091972978,0.9533144235610962,6.437840938568115
-,0,-10.69473648071289,2.6984683891633927,10.69473648071289,2.6984683891633927,-5.5973591804504395,-1.497883677482605
A08,1,-11.00377368927002,2.775371835430398,11.00377368927002,2.775371835430398,4.018688678741455,4.165481090545654
A07,1,-10.98453426361084,2.8939591961298485,10.98453426361084,2.8939591961298485,4.028504371643066,5.380957126617432
A12,1,-10.297517776489258,2.792666496586309,10.297517776489258,2.792666496586309,7.27509069442749,5.271828651428223
-,0,-10.358497619628906,2.7844272950272475,10.358497619628906,2.7844272950272475,-1.01020085811615,-0.672652542591095
-,0,-11.157727241516113,2.8079560072909784,11.157727241516113,2.8079560072909784,-9.718814849853516,-6.510097503662109
-,0,-10.763198852539062,2.79572493891007,10.763198852539062,2.79572493891007,-3.4701428413391113,-2.5692951679229736
A07,1,-11.033061981201172,2.7627002079244063,11.033061981201172,2.7627002079244063,3.7438719272613525,0.6487816572189331
A14,1,-10.712718963623047,2.784386000653342,10.712718963623047,2.784386000653342,-4.364476203918457,4.475610256195068
-,0,-10.135437965393066,2.7442259664836377,10.135437965393066,2.7442259664836377,-2.9490292072296143,-1.1788537502288818
-,0,-10.853361129760742,2.9175688562293427,10.853361129760742,2.9175688562293427,-3.947894811630249,-2.929569721221924
A15,1,-10.905357360839844,2.740010327428742,10.905357360839844,2.740010327428742,-1.211173176765442,6.262994766235352
-,0,-10.565580368041992,2.861209587839459,10.565580368041992,2.861209587839459,-1.0866769552230835,-3.2833662033081055
-,0,-11.03750991821289,2.8794497593376644,11.03750991821289,2.8794497593376644,-7.192157745361328,-3.3264288902282715
-,0,-10.935344696044922,2.903763983426254,10.935344696044922,2.903763983426254,-7.871764659881592,-0.43520084023475647
A08,1,-10.997369766235352,2.8182885556970443,10.997369766235352,2.8182885556970443,6.662661075592041,5.443340301513672
A10,1,-9.98450756072998,2.6191676320511434,9.98450756072998,2.6191676320511434,2.0682082176208496,8.266960144042969
A08,1,-10.593976974487305,2.7142624934591413,10.593976974487305,2.7142624934591413,6.045991897583008,8.034486770629883
A16,1,-10.665820121765137,2.7099144152621224,10.665820121765137,2.7099144152621224,6.701932430267334,8.591104507446289
A11,1,-10.836642265319824,2.730468955282026,10.836642265319824,2.730468955282026,6.016356468200684,7.238551139831543
A19,1,-10.597716331481934,2.7664258778186475,10.597716331481934,2.7664258778186475,-2.9965314865112305,0.049024827778339386
-,0,-10.97889232635498,2.8418034430136667,10.97889232635498,2.8418034430136667,-13.879158973693848,-3.527830123901367
A14,1,-10.553098678588867,2.778160700178796,10.553098678588867,2.778160700178796,3.638542413711548,6.249924182891846
A11,1,-10.887106895446777,2.8468743721227976,10.887106895446777,2.8468743721227976,5.6185126304626465,6.6845245361328125
-,0,-11.258078575134277,2.7987464509191877,11.258078575134277,2.7987464509191877,-6.853056907653809,-0.9273836016654968
A16,1,-10.327603340148926,2.7072515108764836,10.327603340148926,2.7072515108764836,1.744709849357605,3.352156162261963
A13,1,-9.044402122497559,2.7502807822096993,9.044402122497559,2.7502807822096993,5.7183837890625,10.775993347167969
-,0,-10.940908432006836,2.8251996308808964,10.940908432006836,2.8251996308808964,0.2693825364112854,-0.6236064434051514
-,0,-10.662483215332031,2.781481186063035,10.662483215332031,2.781481186063035,-4.226545333862305,-2.383518695831299
-,0,-11.242979049682617,2.7846087981290255,11.242979049682617,2.7846087981290255,-3.8962759971618652,-2.262065887451172
-,0,-8.853551864624023,2.819545625716278,8.853551864624023,2.819545625716278,0.48868829011917114,-1.254701018333435
A17,1,-11.317359924316406,2.5928631418435493,11.317359924316406,2.5928631418435493,6.386641979217529,8.41038703918457
A18,1,-11.130705833435059,2.8192316911909803,11.130705833435059,2.8192316911909803,2.636657476425171,2.9587864875793457
A11,1,-10.951553344726562,2.732249441861858,10.951553344726562,2.732249441861858,3.4498631954193115,3.4816980361938477
-,0,-11.163358688354492,2.702399909640411,11.163358688354492,2.702399909640411,-1.0156601667404175,-1.470621109008789
A07,1,-10.92605209350586,2.897040963813529,10.92605209350586,2.897040963813529,5.845007419586182,9.08339786529541
A17,1,-11.03306770324707,2.811167498222528,11.03306770324707,2.811167498222528,7.083693504333496,6.551601409912109
-,0,-10.448527336120605,2.758033128043962,10.448527336120605,2.758033128043962,-10.055686950683594,-6.138227939605713
-,0,-11.176332473754883,2.6538889541778548,11.176332473754883,2.6538889541778548,-3.8516738414764404,-1.0599838495254517
A12,1,-10.889275550842285,2.7056263083508387,10.889275550842285,2.7056263083508387,5.6216325759887695,8.089288711547852
A17,1,-11.268256187438965,2.5693147590324887,11.268256187438965,2.5693147590324887,7.399604320526123,9.793049812316895
A15,1,-10.904940605163574,2.7816323867139467,10.904940605163574,2.7816323867139467,1.8099581003189087,3.9064555168151855
A14,1,-11.066314697265625,2.7371737114154513,11.066314697265625,2.7371737114154513,4.876988410949707,4.2343668937683105
-,0,-11.243453979492188,2.690969441816068,11.243453979492188,2.690969441816068,-5.167544364929199,-7.281951427459717
-,0,-11.133455276489258,2.741631744703441,11.133455276489258,2.741631744703441,-10.2818603515625,-8.221921920776367
-,0,-10.97278118133545,2.7935545930601657,10.97278118133545,2.7935545930601657,-4.093863010406494,-5.093499660491943
A13,1,-9.028645515441895,2.4878652640456074,9.028645515441895,2.4878652640456074,5.620182037353516,8.867677688598633
-,0,-10.446282386779785,2.7742841096544755,10.446282386779785,2.7742841096544755,-5.280484199523926,-1.9790050983428955
A19,1,-11.067628860473633,2.7718887533781396,11.067628860473633,2.7718887533781396,1.7100129127502441,-2.3399810791015625
A16,1,-11.243215560913086,2.8371276983116567,11.243215560913086,2.8371276983116567,5.110372066497803,3.997513771057129
-,0,-11.116068840026855,2.637483722518421,11.116068840026855,2.637483722518421,-9.12914752960205,-2.7797513008117676
-,0,-10.668096542358398,2.849189547436903,10.668096542358398,2.849189547436903,-5.009463310241699,-7.630002021789551
-,0,-10.707528114318848,2.809778057328401,10.707528114318848,2.809778057328401,-10.909765243530273,-4.425124168395996
-,0,-10.760247230529785,2.8619524122330375,10.760247230529785,2.8619524122330375,-5.583000659942627,-2.7358033657073975
-,0,-10.769245147705078,2.7746605586680784,10.769245147705078,2.7746605586680784,-4.696839809417725,-2.5427374839782715
A17,1,-11.3673095703125,2.770239721144866,11.3673095703125,2.770239721144866,4.7584333419799805,8.575037002563477
-,0,-10.686112403869629,2.6677777209503444,10.686112403869629,2.6677777209503444,-2.503486394882202,-2.583869457244873
A08,1,-10.97529411315918,2.61092744483916,10.97529411315918,2.61092744483916,-0.1908159852027893,5.419610023498535
A07,1,-10.949953079223633,2.7749856705157483,10.949953079223633,2.7749856705157483,3.340426206588745,1.5000226497650146
-,0,-11.120758056640625,2.8393032495711124,11.120758056640625,2.8393032495711124,-9.16055965423584,-4.864510536193848
-,0,-11.322172164916992,2.7433018204181416,11.322172164916992,2.7433018204181416,-4.241546154022217,-3.1948659420013428
A08,1,-11.12054443359375,2.7317760892337115,11.12054443359375,2.7317760892337115,6.820101261138916,4.939796447753906
A11,1,-10.650566101074219,2.660869827199602,10.650566101074219,2.660869827199602,-1.6959308385849,3.1827712059020996
A10,1,-10.288857460021973,2.614358115389976,10.288857460021973,2.614358115389976,-0.48998957872390747,2.115898370742798
-,0,-10.983501434326172,2.8667594936743614,10.983501434326172,2.8667594936743614,-5.373855113983154,-1.6144447326660156
A19,1,-11.0637788772583,2.783370843832256,11.0637788772583,2.783370843832256,0.8418152928352356,-0.1373748481273651
A12,1,-10.714648246765137,2.7550000207201766,10.714648246765137,2.7550000207201766,2.908963918685913,3.894212484359741
-,0,-10.667121887207031,2.7839802566069167,10.667121887207031,2.7839802566069167,-4.156883239746094,-3.5999057292938232
A10,1,-8.121787071228027,2.373817902322069,8.121787071228027,2.373817902322069,9.450360298156738,7.964649200439453
A07,1,-8.78429889678955,2.5527920808193314,8.78429889678955,2.5527920808193314,9.284399032592773,9.558216094970703
A09,1,-10.639120101928711,2.70305763934191,10.639120101928711,2.70305763934191,0.721088707447052,3.846109628677368
-,0,-10.115365028381348,2.8028067690507203,10.115365028381348,2.8028067690507203,-5.902470588684082,-2.48127818107605
-,0,-11.382556915283203,2.716806830178985,11.382556915283203,2.716806830178985,-9.124316215515137,-8.82379150390625
-,0,-11.211250305175781,2.671171008994306,11.211250305175781,2.671171008994306,-1.6205430030822754,-3.627692937850952
A08,1,-10.50090217590332,2.7124530803771374,10.50090217590332,2.7124530803771374,9.413473129272461,8.64753532409668
A12,1,-11.001853942871094,2.8295350649183537,11.001853942871094,2.8295350649183537,7.6616034507751465,6.915700912475586
A07,1,-10.828791618347168,2.7001293880185333,10.828791618347168,2.7001293880185333,4.511715888977051,3.6016316413879395
A10,1,-10.628067016601562,2.6067472715407085,10.628067016601562,2.6067472715407085,-2.9249935150146484,3.5521512031555176
-,0,-11.243608474731445,2.7552445802879344,11.243608474731445,2.7552445802879344,5.211048126220703,-0.5362028479576111
A12,1,-10.600459098815918,2.739781758126161,10.600459098815918,2.739781758126161,6.093823432922363,4.999410152435303
-,0,-10.75519847869873,2.8246454574424873,10.75519847869873,2.8246454574424873,-3.9888288974761963,-2.7388691902160645
-,0,-11.172128677368164,2.8928409181287393,11.172128677368164,2.8928409181287393,-14.423324584960938,-7.184993743896484
A12,1,-10.691474914550781,2.7676713894872282,10.691474914550781,2.7676713894872282,2.1049091815948486,1.3516463041305542
-,0,-10.494342803955078,2.849744542898809,10.494342803955078,2.849744542898809,-6.795741558074951,-1.983128547668457
-,0,-10.998555183410645,2.8816659858482767,10.998555183410645,2.8816659858482767,-2.2767064571380615,-5.255791664123535
A12,1,-10.610573768615723,2.847834600289379,10.610573768615723,2.847834600289379,6.818599700927734,5.660219669342041
A17,1,-11.268531799316406,2.7153202179679936,11.268531799316406,2.7153202179679936,5.116356372833252,3.4690070152282715
-,0,-11.281621932983398,2.7416501840251275,11.281621932983398,2.7416501840251275,-8.377223014831543,-7.544649124145508
-,0,-11.095191955566406,2.7760328376178873,11.095191955566406,2.7760328376178873,1.0101131200790405,-0.5711507797241211
A11,1,-10.91142463684082,2.7878881504649318,10.91142463684082,2.7878881504649318,1.7162294387817383,3.980091094970703
A07,1,-10.515990257263184,2.6465249805782953,10.515990257263184,2.6465249805782953,7.251698017120361,9.077451705932617
-,0,-10.77275562286377,2.697329558336962,10.77275562286377,2.697329558336962,-3.5379607677459717,-2.539440631866455
A18,1,-10.979926109313965,2.663057737744168,10.979926109313965,2.663057737744168,2.6421475410461426,1.0986361503601074
A10,1,-10.700699806213379,2.73285300294477,10.700699806213379,2.73285300294477,-0.5053362846374512,0.7527465224266052
A17,1,-10.665730476379395,2.790187726338042,10.665730476379395,2.790187726338042,2.2229034900665283,1.0442041158676147
A16,1,-11.134456634521484,2.7199021024249457,11.134456634521484,2.7199021024249457,4.9784979820251465,7.938327312469482
A10,1,-10.790467262268066,2.7144418080057133,10.790467262268066,2.7144418080057133,-1.810808777809143,-0.42652907967567444
A12,1,-10.482903480529785,2.6470406342446835,10.482903480529785,2.6470406342446835,6.206761360168457,5.240286827087402
A08,1,-11.172017097473145,2.766559812505251,11.172017097473145,2.766559812505251,7.7700605392456055,10.764488220214844
A12,1,-11.41183090209961,2.712781889570357,11.41183090209961,2.712781889570357,2.7872424125671387,3.8014414310455322
A13,1,-10.15665340423584,2.807115984900382,10.15665340423584,2.807115984900382,9.373519897460938,6.50584077835083
-,0,-10.698481559753418,2.726702008657495,10.698481559753418,2.726702008657495,-5.025525093078613,-5.671911239624023
A16,1,-11.013114929199219,2.708053636271325,11.013114929199219,2.708053636271325,-1.1927239894866943,0.4969255030155182
A09,1,-10.821001052856445,2.8412244970357854,10.821001052856445,2.8412244970357854,5.649975776672363,7.439503192901611
-,0,-10.598082542419434,2.8391042537950333,10.598082542419434,2.8391042537950333,-7.799413681030273,-3.658947467803955
A12,1,-10.898181915283203,2.7209512602790085,10.898181915283203,2.7209512602790085,6.633068561553955,7.022771835327148
A14,1,-11.125138282775879,2.764612380535309,11.125138282775879,2.764612380535309,-1.504672646522522,1.4797532558441162
A10,1,-10.769540786743164,2.8339923427917006,10.769540786743164,2.8339923427917006,3.094200372695923,2.5363564491271973
-,0,-10.920668601989746,2.784685142167707,10.920668601989746,2.784685142167707,-10.725981712341309,-1.1687369346618652
-,0,-10.6510648727417,2.7256036972876796,10.6510648727417,2.7256036972876796,-6.7087016105651855,-3.59397029876709
-,0,-11.060135841369629,2.7866395881222537,11.060135841369629,2.7866395881222537,-1.3724271059036255,-2.252579927444458
-,0,-10.789900779724121,2.8475985961011854,10.789900779724121,2.8475985961011854,-14.024306297302246,-5.47703218460083
-,0,-10.80743408203125,2.8310060479976813,10.80743408203125,2.8310060479976813,-3.0413448810577393,-0.28852012753486633
A18,1,-11.051424026489258,2.7705890221653275,11.051424026489258,2.7705890221653275,-0.3358840346336365,0.365614652633667
A08,1,-10.924968719482422,2.8236369136021238,10.924968719482422,2.8236369136021238,2.65104603767395,6.662440299987793
A07,1,-10.903658866882324,2.804047068404615,10.903658866882324,2.804047068404615,5.4612650871276855,8.071067810058594
A12,1,-11.159049034118652,2.753847902335736,11.159049034118652,2.753847902335736,7.601032257080078,7.858874320983887
A14,1,-10.581989288330078,2.767818747011367,10.581989288330078,2.767818747011367,-2.392167091369629,5.393440246582031
A13,1,-10.747649192810059,2.6686944804158967,10.747649192810059,2.6686944804158967,6.739251613616943,5.782184600830078
-,0,-11.040607452392578,2.8530822615602656,11.040607452392578,2.8530822615602656,-6.642334461212158,-2.2943272590637207
A17,1,-11.16610336303711,2.823558277591639,11.16610336303711,2.823558277591639,4.8309197425842285,2.936816692352295
A13,1,-10.290332794189453,2.7128176553963432,10.290332794189453,2.7128176553963432,8.24260425567627,9.786385536193848
A13,1,-10.2027587890625,2.8390072531960846,10.2027587890625,2.8390072531960846,6.616138458251953,8.232525825500488
A10,1,-10.190788269042969,2.680100851789298,10.190788269042969,2.680100851789298,5.199654579162598,6.739274978637695
-,0,-11.195180892944336,2.6108500689330665,11.195180892944336,2.6108500689330665,-2.8029911518096924,-2.195690393447876
A19,1,-11.189434051513672,2.6284675780943205,11.189434051513672,2.6284675780943205,2.956223249435425,8.385334968566895
-,0,-10.588085174560547,2.742773257020444,10.588085174560547,2.742773257020444,-3.4193928241729736,-1.3883610963821411
A19,1,-10.810310363769531,2.813235167802559,10.810310363769531,2.813235167802559,3.457214117050171,4.792791843414307
A08,1,-11.044047355651855,2.8171663666697695,11.044047355651855,2.8171663666697695,3.668794631958008,6.970283508300781
-,0,-10.40346622467041,2.7255038670472227,10.40346622467041,2.7255038670472227,-2.0834968090057373,-1.5407893657684326
-,0,-11.0736083984375,2.773778674154861,11.0736083984375,2.773778674154861,-11.63853645324707,-6.66761589050293
A12,1,-10.579665184020996,2.8006744451956984,10.579665184020996,2.8006744451956984,3.350145101547241,4.40743350982666
-,0,-10.531880378723145,2.7305741294900483,10.531880378723145,2.7305741294900483,-6.300014495849609,-4.030112266540527
A19,1,-10.951521873474121,2.7484887702468983,10.951521873474121,2.7484887702468983,-4.237607479095459,1.7018442153930664
-,0,-10.743197441101074,2.8023144475206285,10.743197441101074,2.8023144475206285,-4.960471153259277,-2.2924671173095703
A15,1,-10.696599006652832,2.8397808378766034,10.696599006652832,2.8397808378766034,-2.059828758239746,4.032644271850586
A09,1,-10.456576347351074,2.796234603353285,10.456576347351074,2.796234603353285,6.377392768859863,8.458196640014648
A10,1,-10.8289155960083,2.8486268262540793,10.8289155960083,2.8486268262540793,5.603643417358398,0.9161337614059448
A11,1,-9.363666534423828,2.7541584951146287,9.363666534423828,2.7541584951146287,7.422062873840332,7.214931488037109
-,0,-10.736462593078613,2.7135620375559197,10.736462593078613,2.7135620375559197,-7.019009590148926,-4.159180641174316
-,0,-9.612798690795898,2.681270967877112,9.612798690795898,2.681270967877112,1.5874160528182983,-0.6840482354164124
-,0,-11.08720588684082,2.738664329395868,11.08720588684082,2.738664329395868,-3.93694806098938,-2.48571515083313
A13,1,-10.799335479736328,2.822055943536859,10.799335479736328,2.822055943536859,5.848557472229004,5.7382378578186035
A07,1,-10.793755531311035,2.8126562231004386,10.793755531311035,2.8126562231004386,1.3902424573898315,3.815410614013672
A13,1,-10.150480270385742,2.8207513598814877,10.150480270385742,2.8207513598814877,6.442188262939453,8.704968452453613
A12,1,-10.96032428741455,2.760498700228096,10.96032428741455,2.760498700228096,6.212790489196777,9.618871688842773
-,0,-11.071490287780762,2.8463647553817513,11.071490287780762,2.8463647553817513,-7.788783550262451,-6.791213512420654
A14,1,-10.936244010925293,2.751408464656495,10.936244010925293,2.751408464656495,0.7363957762718201,7.995430946350098
A15,1,-10.70607852935791,2.624930043693419,10.70607852935791,2.624930043693419,0.8299066424369812,3.282160997390747
A16,1,-10.945646286010742,2.845109794248975,10.945646286010742,2.845109794248975,2.0004775524139404,6.404332160949707
A13,1,-10.995207786560059,2.7728518343186455,10.995207786560059,2.7728518343186455,6.689507961273193,8.19686508178711
A07,1,-10.91618537902832,2.6039258289805933,10.91618537902832,2.6039258289805933,2.5526578426361084,2.733454704284668
A14,1,-10.578956604003906,2.7527057616320576,10.578956604003906,2.7527057616320576,5.726461887359619,4.420254230499268
-,0,-10.822113037109375,2.7352729478453575,10.822113037109375,2.7352729478453575,-12.990849494934082,-6.297859191894531
-,0,-11.033044815063477,2.715599934837786,11.033044815063477,2.715599934837786,-4.194877624511719,-3.594487428665161
A16,1,-9.227849006652832,2.663174227089197,9.227849006652832,2.663174227089197,4.75641393661499,4.1416168212890625
A18,1,-10.429664611816406,2.813844976087216,10.429664611816406,2.813844976087216,3.279651165008545,4.781935214996338
-,0,-11.38986587524414,2.690664505639045,11.38986587524414,2.690664505639045,-2.766390562057495,-5.49639892578125
A18,1,-10.854005813598633,2.7535865568819653,10.854005813598633,2.7535865568819653,-7.121521949768066,-0.294755220413208
-,0,-10.924302101135254,2.8596186364418315,10.924302101135254,2.8596186364418315,-12.267156600952148,-5.706726551055908
A17,1,-11.08860969543457,2.7278521506386815,11.08860969543457,2.7278521506386815,6.166505813598633,7.433122634887695
A15,1,-10.866117477416992,2.745449699931632,10.866117477416992,2.745449699931632,3.88720965385437,6.510217189788818
-,0,-10.720434188842773,2.720409362623806,10.720434188842773,2.720409362623806,-9.993237495422363,-4.450867652893066
A19,1,-10.64769458770752,2.8753719365574195,10.64769458770752,2.8753719365574195,2.560493230819702,2.338789463043213
-,0,-9.866901397705078,2.807218883894038,9.866901397705078,2.807218883894038,-4.742391586303711,-1.727321982383728
A18,1,-10.870182037353516,2.7704637880825,10.870182037353516,2.7704637880825,1.338248372077942,2.441556215286255
-,0,-10.96269416809082,2.734796970834435,10.96269416809082,2.734796970834435,-4.1917243003845215,-4.53875732421875
-,0,-11.073779106140137,2.8970408375413697,11.073779106140137,2.8970408375413697,-8.287789344787598,-0.9471521973609924
A19,1,-10.623085975646973,2.7882557586791696,10.623085975646973,2.7882557586791696,2.395693063735962,5.91204833984375
A18,1,-10.881171226501465,2.6931412444326663,10.881171226501465,2.6931412444326663,1.093434453010559,-0.21440601348876953
-,0,-10.447824478149414,2.7305431011574766,10.447824478149414,2.7305431011574766,-2.518247365951538,-0.9280879497528076
A11,1,-10.690462112426758,2.8622372720894753,10.690462112426758,2.8622372720894753,-2.4724464416503906,5.247051239013672
A10,1,-10.855690002441406,2.594316853795923,10.855690002441406,2.594316853795923,2.2820680141448975,5.812155246734619
A07,1,-10.785308837890625,2.7761370857701,10.785308837890625,2.7761370857701,-0.8877741694450378,4.967146396636963
-,0,-11.004114151000977,2.60944098816497,11.004114151000977,2.60944098816497,-7.63665246963501,-3.0354952812194824
A11,1,-10.968554496765137,2.740583419543081,10.968554496765137,2.740583419543081,3.499516248703003,2.0812175273895264
-,0,-10.874091148376465,2.7304968611411105,10.874091148376465,2.7304968611411105,-8.812224388122559,-6.884707927703857
A14,1,-10.912700653076172,2.7538761081611347,10.912700653076172,2.7538761081611347,0.9832387566566467,5.052565097808838
A18,1,-11.294161796569824,2.6291006157327548,11.294161796569824,2.6291006157327548,2.4440419673919678,-1.3139393329620361
A14,1,-11.303876876831055,2.7543872356456807,11.303876876831055,2.7543872356456807,1.7783960103988647,4.11311149597168
-,0,-11.21213436126709,2.7104150403428164,11.21213436126709,2.7104150403428164,-4.233491897583008,-3.4158926010131836
A11,1,-11.031936645507812,2.8038086286066695,11.031936645507812,2.8038086286066695,4.076151371002197,7.759255409240723
A17,1,-11.144135475158691,2.607208607440861,11.144135475158691,2.607208607440861,4.792110443115234,6.904145240783691
-,0,-11.089587211608887,2.802424075782373,11.089587211608887,2.802424075782373,-1.7927221059799194,-1.3243855237960815
-,0,-11.114644050598145,2.790637958333962,11.114644050598145,2.790637958333962,-7.922976493835449,-6.977570056915283
-,0,-10.769990921020508,2.83710840757763,10.769990921020508,2.83710840757763,-8.144736289978027,-4.497217655181885
A12,1,-11.102888107299805,2.6921614934398037,11.102888107299805,2.6921614934398037,4.93091344833374,2.684314250946045
-,0,-11.064720153808594,2.878915964566312,11.064720153808594,2.878915964566312,-10.398327827453613,-1.8346803188323975
-,0,-10.967390060424805,2.831568769195581,10.967390060424805,2.831568769195581,-7.0574212074279785,-4.929413318634033
A15,1,-10.917864799499512,2.715994711107326,10.917864799499512,2.715994711107326,0.8779416680335999,5.994182109832764
-,0,-10.6370849609375,2.790555358293769,10.6370849609375,2.790555358293769,-8.111455917358398,-5.3762102127075195
A15,1,-10.631561279296875,2.888197447094201,10.631561279296875,2.888197447094201,0.8061218857765198,5.78185510635376
A09,1,-9.78148365020752,2.6484016456713664,9.78148365020752,2.6484016456713664,4.769104957580566,5.452258110046387
-,0,-10.896710395812988,2.840648655400326,10.896710395812988,2.840648655400326,-9.085469245910645,-7.367302417755127
-,0,-10.778730392456055,2.7465486454619144,10.778730392456055,2.7465486454619144,-6.0084991455078125,-1.1135189533233643
-,0,-8.957674026489258,2.7068595657287546,8.957674026489258,2.7068595657287546,1.2048591375350952,-0.8040040135383606
-,0,-10.84566879272461,2.766867113710029,10.84566879272461,2.766867113710029,2.9405853748321533,-0.5580912232398987
A17,1,-10.187406539916992,2.8770941354895982,10.187406539916992,2.8770941354895982,2.0965092182159424,-0.418582946062088
A09,1,-11.143095970153809,2.7409761225973237,11.143095970153809,2.7409761225973237,7.512482643127441,5.764412879943848
A13,1,-10.748744010925293,2.8653573982073617,10.748744010925293,2.8653573982073617,7.606114387512207,6.544188976287842
A19,1,-11.038464546203613,2.77138541696817,11.038464546203613,2.77138541696817,-1.538495659828186,4.547093391418457
A15,1,-11.076501846313477,2.851182420532443,11.076501846313477,2.851182420532443,4.9281005859375,5.299429893493652
-,0,-11.065473556518555,2.797278661351073,11.065473556518555,2.797278661351073,-7.2790021896362305,-2.1959776878356934
A17,1,-11.296231269836426,2.6411439319383714,11.296231269836426,2.6411439319383714,4.939448356628418,2.2200989723205566
A07,1,-9.983298301696777,2.6141974597971207,9.983298301696777,2.6141974597971207,8.407544136047363,6.89027738571167
A12,1,-11.176412582397461,2.643925485358376,11.176412582397461,2.643925485358376,0.0470709502696991,3.5364818572998047
-,0,-10.838506698608398,2.802011367094949,10.838506698608398,2.802011367094949,-5.832961082458496,-2.691103458404541
A14,1,-10.119787216186523,2.6687427451471604,10.119787216186523,2.6687427451471604,4.8073625564575195,4.160947322845459
A12,1,-10.81899642944336,2.744572923163841,10.81899642944336,2.744572923163841,7.215759754180908,8.383320808410645
A17,1,-10.562542915344238,2.6803080975053466,10.562542915344238,2.6803080975053466,3.4745867252349854,8.807513236999512
A18,1,-10.979098320007324,2.6629953422447326,10.979098320007324,2.6629953422447326,5.964380264282227,6.321650505065918
A09,1,-10.417555809020996,2.716976523263023,10.417555809020996,2.716976523263023,4.704678058624268,5.912298202514648
-,0,-10.964369773864746,2.8010455454582837,10.964369773864746,2.8010455454582837,-10.121232032775879,-6.03436279296875
A12,1,-11.03849983215332,2.7000030728615214,11.03849983215332,2.7000030728615214,4.872238636016846,11.15495777130127
A16,1,-10.658307075500488,2.725368349122984,10.658307075500488,2.725368349122984,8.93700885772705,9.148619651794434
A19,1,-11.09334659576416,2.7203077037586305,11.09334659576416,2.7203077037586305,4.316457748413086,3.9558234214782715
A11,1,-10.205829620361328,2.7828226235185305,10.205829620361328,2.7828226235185305,4.325899600982666,5.710180282592773
A13,1,-10.948307037353516,2.824279213323339,10.948307037353516,2.824279213323339,8.437284469604492,8.97889232635498
-,0,-10.824530601501465,2.8415543015408677,10.824530601501465,2.8415543015408677,-5.17556095123291,-0.9088159799575806
-,0,-10.296174049377441,2.810963215761323,10.296174049377441,2.810963215761323,-6.531554698944092,-2.7481865882873535
A16,1,-10.205849647521973,2.8052692953992864,10.205849647521973,2.8052692953992864,5.832879066467285,5.884716987609863
A15,1,-10.97551155090332,2.7570047025130253,10.97551155090332,2.7570047025130253,-2.6206471920013428,3.9486374855041504
-,0,-11.20883560180664,2.8461703119526467,11.20883560180664,2.8461703119526467,-7.246243000030518,-6.586850166320801
-,0,-10.898701667785645,2.6434738547294114,10.898701667785645,2.6434738547294114,-6.3589935302734375,-4.840201377868652
-,0,-11.398375511169434,2.7582550715880347,11.398375511169434,2.7582550715880347,-5.077325820922852,-4.533807277679443
A19,1,-10.700627326965332,2.904274326297183,10.700627326965332,2.904274326297183,0.13220161199569702,2.5566954612731934
-,0,-10.824349403381348,2.8473809088194892,10.824349403381348,2.8473809088194892,-7.678872108459473,-3.5436155796051025
A12,1,-10.241646766662598,2.84579766740375,10.241646766662598,2.84579766740375,7.010401725769043,5.773883819580078
-,0,-10.867551803588867,2.8624159793601125,10.867551803588867,2.8624159793601125,-11.332199096679688,-7.024835109710693
A12,1,-10.696319580078125,2.717101208002357,10.696319580078125,2.717101208002357,0.454122930765152,2.6713171005249023
-,0,-10.935050010681152,2.8502792621856714,10.935050010681152,2.8502792621856714,-5.27573823928833,-1.0287007093429565
A15,1,-10.889937400817871,2.7717152202370534,10.889937400817871,2.7717152202370534,-3.3194923400878906,0.22351104021072388
-,0,-10.725536346435547,2.792969183766942,10.725536346435547,2.792969183766942,-10.982000350952148,-3.8714537620544434
A08,1,-10.741902351379395,2.7412439076782427,10.741902351379395,2.7412439076782427,4.621849060058594,7.204566478729248
A15,1,-11.272126197814941,2.8151255300540163,11.272126197814941,2.8151255300540163,1.1095192432403564,3.8052568435668945
A08,1,-10.854345321655273,2.846740540834286,10.854345321655273,2.846740540834286,7.682492256164551,3.5394723415374756
A16,1,-10.576190948486328,2.634659418314382,10.576190948486328,2.634659418314382,2.626312494277954,1.6564068794250488
A08,1,-10.43725872039795,2.8909657369621775,10.43725872039795,2.8909657369621775,7.165139198303223,6.117725372314453
A18,1,-10.895912170410156,2.6823351105041313,10.895912170410156,2.6823351105041313,1.8028746843338013,2.7406721115112305
-,0,-10.605167388916016,2.783709879950088,10.605167388916016,2.783709879950088,-3.65260910987854,-2.11502742767334
-,0,-10.408356666564941,2.8948257578041074,10.408356666564941,2.8948257578041074,-1.5630297660827637,-2.113818645477295
A15,1,-10.92434024810791,2.747611440786814,10.92434024810791,2.747611440786814,-2.169219732284546,-1.5773534774780273
A12,1,-10.161789894104004,2.8157268046253394,10.161789894104004,2.8157268046253394,7.671375274658203,5.717248916625977
A17,1,-11.333037376403809,2.75458577989756,11.333037376403809,2.75458577989756,4.33392333984375,8.380475997924805
-,0,-10.9625883102417,2.7850788558320163,10.9625883102417,2.7850788558320163,-6.6558837890625,-3.0377309322357178
-,0,-10.787235260009766,2.8268119419518993,10.787235260009766,2.8268119419518993,3.9998605251312256,6.851325988769531
-,0,-11.192429542541504,2.7309577258163977,11.192429542541504,2.7309577258163977,-11.229300498962402,-4.795693397521973
A14,1,-10.680861473083496,2.7980075767190704,10.680861473083496,2.7980075767190704,0.8538906574249268,8.638229370117188
-,0,-10.601231575012207,2.798117378349675,10.601231575012207,2.798117378349675,-8.378230094909668,-2.840426445007324
A18,1,-11.056483268737793,2.7945402143101403,11.056483268737793,2.7945402143101403,0.8839479088783264,-0.28409838676452637
A12,1,-10.791356086730957,2.5754903596172323,10.791356086730957,2.5754903596172323,5.590975284576416,6.928750991821289
A10,1,-11.004918098449707,2.84253874826685,11.004918098449707,2.84253874826685,-1.403140902519226,0.6507482528686523
-,0,-11.116796493530273,2.854101344710011,11.116796493530273,2.854101344710011,-7.894824981689453,-2.329076051712036
A11,1,-10.916086196899414,2.738110802813043,10.916086196899414,2.738110802813043,2.994920492172241,1.66805899143219
-,0,-10.310975074768066,2.862125170936806,10.310975074768066,2.862125170936806,-8.948328971862793,-2.898625373840332
-,0,-11.052478790283203,2.8941084777939974,11.052478790283203,2.8941084777939974,-13.249817848205566,-6.357735633850098
A10,1,-10.91476058959961,2.870612902807223,10.91476058959961,2.870612902807223,1.7579915523529053,1.16650390625
A19,1,-10.754891395568848,2.743006726369332,10.754891395568848,2.743006726369332,-2.5547826290130615,-1.0138555765151978
A08,1,-10.657095909118652,2.756746082366181,10.657095909118652,2.756746082366181,4.149522304534912,5.019888877868652
A11,1,-11.075992584228516,2.7174079782328966,11.075992584228516,2.7174079782328966,-2.853696346282959,3.405341625213623
A16,1,-10.95352840423584,2.8653797436267316,10.95352840423584,2.8653797436267316,-1.5179698467254639,2.0444626808166504
-,0,-10.981610298156738,2.816111903130076,10.981610298156738,2.816111903130076,-9.397554397583008,-2.531339406967163
A17,1,-11.024863243103027,2.733704327688624,11.024863243103027,2.733704327688624,6.1412200927734375,9.571762084960938
A18,1,-11.267218589782715,2.774367808400173,11.267218589782715,2.774367808400173,-0.004166431725025177,3.2863669395446777
-,0,-11.014277458190918,2.7400154847287808,11.014277458190918,2.7400154847287808,-4.852359771728516,-3.2924375534057617
A16,1,-10.13280963897705,2.7619549908607346,10.13280963897705,2.7619549908607346,0.25774601101875305,5.497511386871338
-,0,-11.278453826904297,2.745512508387405,11.278453826904297,2.745512508387405,-4.581280708312988,-2.23020601272583
A15,1,-10.925570487976074,2.8661081551407324,10.925570487976074,2.8661081551407324,-0.7948783040046692,6.011341094970703
A17,1,-11.434971809387207,2.749688013915306,11.434971809387207,2.749688013915306,6.845208168029785,5.762242317199707
A13,1,-9.869302749633789,2.6980619713332485,9.869302749633789,2.6980619713332485,7.15532112121582,7.1507697105407715
A07,1,-11.123180389404297,2.7996094028550487,11.123180389404297,2.7996094028550487,-0.0010858774185180664,6.755391597747803
-,0,-11.026463508605957,2.649831650716759,11.026463508605957,2.649831650716759,-8.944191932678223,-7.219018936157227
-,0,-11.272890090942383,2.813475630261828,11.272890090942383,2.813475630261828,-4.108131408691406,-4.875202178955078
-,0,-11.153040885925293,2.7068272292529234,11.153040885925293,2.7068272292529234,-4.912180423736572,-5.319402694702148
A19,1,-11.056814193725586,2.640767285687078,11.056814193725586,2.640767285687078,-5.907683372497559,-1.356868028640747
A10,1,-11.152386665344238,2.8061537102933873,11.152386665344238,2.8061537102933873,8.222128868103027,9.61824893951416
A19,1,-11.384725570678711,2.726810940172775,11.384725570678711,2.726810940172775,-8.648234367370605,-4.861137390136719
-,0,-10.550960540771484,2.8298705040339565,10.550960540771484,2.8298705040339565,-3.0761921405792236,-1.632880687713623
-,0,-10.469491004943848,2.8086482681562503,10.469491004943848,2.8086482681562503,-4.051939964294434,-1.120978593826294
-,0,-10.399316787719727,2.799775529593279,10.399316787719727,2.799775529593279,-8.058162689208984,-3.7811508178710938
A12,1,-10.950669288635254,2.8839216655086597,10.950669288635254,2.8839216655086597,7.629739761352539,9.540619850158691
A18,1,-10.6150541305542,2.6797475315351273,10.6150541305542,2.6797475315351273,-4.498963832855225,0.6212527751922607
-,0,-10.839531898498535,2.731847116914655,10.839531898498535,2.731847116914655,-4.354527473449707,-2.5168800354003906
A17,1,-11.387578964233398,2.782944629601363,11.387578964233398,2.782944629601363,7.455924034118652,8.008370399475098
-,0,-10.642607688903809,2.793736233226708,10.642607688903809,2.793736233226708,-2.7293288707733154,-3.045084238052368
A15,1,-10.952165603637695,2.5886121831124953,10.952165603637695,2.5886121831124953,2.1342930793762207,8.053400039672852
A11,1,-10.84392261505127,2.711632853900157,10.84392261505127,2.711632853900157,0.5047903656959534,4.105195999145508
-,0,-11.250946044921875,2.6804293900546474,11.250946044921875,2.6804293900546474,-3.0010485649108887,-1.0071680545806885
A15,1,-10.60279369354248,2.8093561671409866,10.60279369354248,2.8093561671409866,0.20435550808906555,8.466296195983887
A08,1,-10.82751750946045,2.7015216668418165,10.82751750946045,2.7015216668418165,6.003157138824463,7.807076930999756
A08,1,-10.857013702392578,2.8622572404951563,10.857013702392578,2.8622572404951563,2.7502377033233643,3.8191170692443848
A19,1,-11.389458656311035,2.742647958961887,11.389458656311035,2.742647958961887,-1.2271076440811157,1.729158878326416
A19,1,-11.033842086791992,2.7536292834351155,11.033842086791992,2.7536292834351155,-3.0030922889709473,-0.5833009481430054
A11,1,-10.589251518249512,2.5859419673944037,10.589251518249512,2.5859419673944037,3.5135538578033447,2.888587474822998
-,0,-10.519119262695312,2.781311184472001,10.519119262695312,2.781311184472001,-6.074967384338379,-4.952714920043945
A13,1,-10.882753372192383,2.7756322216281073,10.882753372192383,2.7756322216281073,7.473480224609375,10.309758186340332
A11,1,-11.168797492980957,2.6814557989026073,11.168797492980957,2.6814557989026073,2.1393301486968994,3.8728790283203125
-,0,-11.036874771118164,2.6955160623214542,11.036874771118164,2.6955160623214542,-9.5974702835083,-6.487909317016602
-,0,-10.967782974243164,2.701158631395494,10.967782974243164,2.701158631395494,5.098180770874023,-1.3085204362869263
-,0,-10.761451721191406,2.788793218853746,10.761451721191406,2.788793218853746,-10.243292808532715,-5.070764541625977
A12,1,-10.905582427978516,2.8219543790899855,10.905582427978516,2.8219543790899855,6.4195075035095215,3.038282632827759
-,0,-11.19034481048584,2.7715661335497583,11.19034481048584,2.7715661335497583,-3.455778121948242,-6.5742082595825195
-,0,-10.274898529052734,2.8132538323575456,10.274898529052734,2.8132538323575456,-2.2863337993621826,-1.2855733633041382
-,0,-11.27441120147705,2.6973009106018497,11.27441120147705,2.6973009106018497,-11.032683372497559,-6.4482927322387695
-,0,-10.912232398986816,2.7610049447150775,10.912232398986816,2.7610049447150775,-7.725472927093506,-2.6539273262023926
A16,1,-10.881555557250977,2.7589316006949796,10.881555557250977,2.7589316006949796,6.297912120819092,6.163328647613525
A10,1,-10.44476318359375,2.6780017760827013,10.44476318359375,2.6780017760827013,-5.883600234985352,0.12408626824617386
A11,1,-10.2214937210083,2.7037197226603693,10.2214937210083,2.7037197226603693,3.486229181289673,5.655271530151367
-,0,-11.162039756774902,2.814147252283533,11.162039756774902,2.814147252283533,-6.698085308074951,-6.945095539093018
-,0,-11.001869201660156,2.8466145844785626,11.001869201660156,2.8466145844785626,-1.0617059469223022,-2.0191192626953125
A13,1,-11.108014106750488,2.770552676054314,11.108014106750488,2.770552676054314,6.493290901184082,8.874786376953125
A10,1,-10.92236328125,2.7646623066205014,10.92236328125,2.7646623066205014,-0.7144889831542969,1.132752776145935
-,0,-10.473017692565918,2.916702032829638,10.473017692565918,2.916702032829638,-10.043069839477539,-4.632152080535889
A19,1,-11.111635208129883,2.7773992763261965,11.111635208129883,2.7773992763261965,-1.663161039352417,-1.0533332824707031
A19,1,-11.249589920043945,2.772743376423835,11.249589920043945,2.772743376423835,-4.430638790130615,-1.706216812133789
A11,1,-10.303963661193848,2.567011497800813,10.303963661193848,2.567011497800813,2.347144603729248,6.715541362762451
A13,1,-10.774166107177734,2.7925370787953443,10.774166107177734,2.7925370787953443,6.950153827667236,7.611598014831543
-,0,-10.601764678955078,2.692566700946129,10.601764678955078,2.692566700946129,4.460392475128174,0.34980714321136475
-,0,-10.57382583618164,2.770345394260871,10.57382583618164,2.770345394260871,-9.375730514526367,-3.97189998626709
A16,1,-11.098852157592773,2.770468575495274,11.098852157592773,2.770468575495274,2.204064130783081,4.967356204986572
-,0,-10.994195938110352,2.669682426723987,10.994195938110352,2.669682426723987,-1.4202758073806763,-0.6890910267829895
-,0,-10.074722290039062,2.731371243169203,10.074722290039062,2.731371243169203,-5.104987144470215,-3.71830677986145
A17,1,-10.7634916305542,2.794870792015278,10.7634916305542,2.794870792015278,4.479313373565674,8.523577690124512
A09,1,-10.887560844421387,2.826376826676318,10.887560844421387,2.826376826676318,4.031160831451416,10.138265609741211
-,0,-10.932394981384277,2.91020595822388,10.932394981384277,2.91020595822388,-3.567809581756592,-0.5636714696884155
A16,1,-11.244877815246582,2.7158125844116645,11.244877815246582,2.7158125844116645,6.833453178405762,9.271051406860352
A12,1,-10.97464370727539,2.7540912442234413,10.97464370727539,2.7540912442234413,3.9478752613067627,0.694038987159729
-,0,-10.522915840148926,2.7876314734514955,10.522915840148926,2.7876314734514955,-3.769707441329956,-1.9298416376113892
-,0,-10.716500282287598,2.81051574087517,10.716500282287598,2.81051574087517,-11.584228515625,-5.844999313354492
-,0,-10.554101943969727,2.681092591427554,10.554101943969727,2.681092591427554,-7.407198429107666,-1.8989148139953613
-,0,-10.772287368774414,2.851137579178018,10.772287368774414,2.851137579178018,-2.584113836288452,-0.9661303758621216
A10,1,-10.644594192504883,2.7853095533399674,10.644594192504883,2.7853095533399674,3.054529905319214,1.8104989528656006
-,0,-10.758513450622559,2.7819643961297422,10.758513450622559,2.7819643961297422,-4.733680248260498,-1.6993598937988281
-,0,-11.01453685760498,2.7990450091237915,11.01453685760498,2.7990450091237915,-11.12806224822998,-5.016626358032227
A07,1,-10.87415885925293,2.61095121968014,10.87415885925293,2.61095121968014,1.9056142568588257,6.204926490783691
-,0,-10.572836875915527,2.5585403104288673,10.572836875915527,2.5585403104288673,-5.971724987030029,-3.997194766998291
A19,1,-10.798444747924805,2.7138867981128367,10.798444747924805,2.7138867981128367,3.2352688312530518,-0.03751514106988907
-,0,-11.053397178649902,2.5373569810703835,11.053397178649902,2.5373569810703835,-5.94498872756958,-8.089065551757812
A16,1,-10.51064682006836,2.756009008544684,10.51064682006836,2.756009008544684,4.076735973358154,-0.4752659499645233
A19,1,-11.104148864746094,2.823496421736171,11.104148864746094,2.823496421736171,2.0401999950408936,0.5358486175537109
-,0,-11.020461082458496,2.804306953310321,11.020461082458496,2.804306953310321,-2.4816815853118896,-3.266749620437622
-,0,-10.35908031463623,2.6868234144016783,10.35908031463623,2.6868234144016783,1.8796803951263428,-0.4115920662879944
-,0,-11.22231674194336,2.802064343935377,11.22231674194336,2.802064343935377,-7.016795635223389,-6.938778877258301
A14,1,-11.19956111907959,2.7360149108473335,11.19956111907959,2.7360149108473335,4.263763427734375,7.4064154624938965
-,0,-11.105113983154297,2.720870393029667,11.105113983154297,2.720870393029667,-9.409964561462402,-3.5425357818603516
A13,1,-10.286069869995117,2.736277883359604,10.286069869995117,2.736277883359604,8.24272346496582,8.807482719421387
A16,1,-10.21298599243164,2.7977263585419,10.21298599243164,2.7977263585419,2.6741693019866943,2.2622509002685547
A13,1,-10.586719512939453,2.7719249910826473,10.586719512939453,2.7719249910826473,6.65239143371582,9.412866592407227
-,0,-11.213998794555664,2.590973181571003,11.213998794555664,2.590973181571003,-4.799932956695557,-4.599013328552246
A12,1,-10.908432960510254,2.7235062105192815,10.908432960510254,2.7235062105192815,6.441576957702637,8.216944694519043
A16,1,-10.780122756958008,2.795752535057554,10.780122756958008,2.795752535057554,6.604100704193115,6.394432067871094
-,0,-10.858683586120605,2.694209631515998,10.858683586120605,2.694209631515998,-9.181853294372559,-5.058896064758301
-,0,-11.36286449432373,2.7602363287643925,11.36286449432373,2.7602363287643925,-3.9983770847320557,-4.3812150955200195
A11,1,-9.785388946533203,2.845543629350143,9.785388946533203,2.845543629350143,5.038949012756348,8.805275917053223
-,0,-10.939800262451172,2.6288366666052165,10.939800262451172,2.6288366666052165,-3.4722607135772705,-4.090404510498047
A12,1,-10.757407188415527,2.6996129068816006,10.757407188415527,2.6996129068816006,7.969024658203125,10.661113739013672
-,0,-11.08779525756836,2.8876691963854824,11.08779525756836,2.8876691963854824,-0.4487515091896057,1.4291095733642578
-,0,-10.597640991210938,2.7914716206890158,10.597640991210938,2.7914716206890158,-4.189059257507324,-2.0552635192871094
-,0,-11.034345626831055,2.860153908438192,11.034345626831055,2.860153908438192,-7.023982048034668,-1.1173253059387207
A13,1,-9.720174789428711,2.6523460589322787,9.720174789428711,2.6523460589322787,8.444023132324219,10.433060646057129
A16,1,-10.86628532409668,2.797696310150181,10.86628532409668,2.797696310150181,7.188617706298828,11.556432723999023
-,0,-10.868364334106445,2.8490050908669784,10.868364334106445,2.8490050908669784,3.082608938217163,-4.456455707550049
-,0,-10.871674537658691,2.7976563275200834,10.871674537658691,2.7976563275200834,-13.200098991394043,-10.298067092895508
A14,1,-11.025775909423828,2.743571209269234,11.025775909423828,2.743571209269234,2.0447685718536377,3.3778605461120605
A16,1,-11.279023170471191,2.6017612280533076,11.279023170471191,2.6017612280533076,7.732873916625977,7.031201362609863
-,0,-11.002970695495605,2.8153674903691717,11.002970695495605,2.8153674903691717,-3.6742546558380127,2.3166136741638184
-,0,-11.33735179901123,2.696590150807298,11.33735179901123,2.696590150807298,-6.430788040161133,-5.685523986816406
A19,1,-10.923856735229492,2.817377838620784,10.923856735229492,2.817377838620784,-2.830613374710083,-1.3376891613006592
-,0,-10.972065925598145,2.7683816151801515,10.972065925598145,2.7683816151801515,-6.288865089416504,-7.010032653808594
-,0,-11.318378448486328,2.723959505190665,11.318378448486328,2.723959505190665,-9.674489974975586,-4.522332191467285
-,0,-10.470711708068848,2.706337004779487,10.470711708068848,2.706337004779487,-5.0307111740112305,-2.627297878265381
-,0,-11.12038803100586,2.7697001010786106,11.12038803100586,2.7697001010786106,-6.142053604125977,-6.783651828765869
A17,1,-11.008697509765625,2.740159926764094,11.008697509765625,2.740159926764094,3.1923134326934814,5.381198883056641
-,0,-10.95294189453125,2.801655512645281,10.95294189453125,2.801655512645281,-3.767463445663452,-5.258325099945068
A16,1,-10.438909530639648,2.5520817965867333,10.438909530639648,2.5520817965867333,1.6764030456542969,3.490581750869751
A11,1,-9.960223197937012,2.696317121260311,9.960223197937012,2.696317121260311,7.231523513793945,10.308242797851562
-,0,-10.77304744720459,2.771531545501781,10.77304744720459,2.771531545501781,-4.455315589904785,-1.1164677143096924
-,0,-11.042022705078125,2.791370072710658,11.042022705078125,2.791370072710658,-4.931074142456055,-7.900921821594238
A15,1,-11.301169395446777,2.843399449845598,11.301169395446777,2.843399449845598,0.9355650544166565,1.043959617614746
A07,1,-10.97461223602295,2.6954976207305386,10.97461223602295,2.6954976207305386,3.830281972885132,4.148399353027344
A09,1,-11.055983543395996,2.830335902191334,11.055983543395996,2.830335902191334,3.580026149749756,4.981524467468262
-,0,-9.34632396697998,2.750923022092593,9.34632396697998,2.750923022092593,-3.975135564804077,-8.136404991149902
A15,1,-10.863357543945312,2.8683742257732434,10.863357543945312,2.8683742257732434,4.375575542449951,6.032880783081055
A16,1,-11.378236770629883,2.5928558028885256,11.378236770629883,2.5928558028885256,4.825435638427734,3.857072353363037
-,0,-10.950886726379395,2.7561777279093826,10.950886726379395,2.7561777279093826,-16.133527755737305,-8.917106628417969
-,0,-11.121381759643555,2.7222051971349583,11.121381759643555,2.7222051971349583,-3.5511224269866943,-2.4091897010803223
A17,1,-10.946656227111816,2.711743138089273,10.946656227111816,2.711743138089273,4.993714809417725,0.051161110401153564
A12,1,-10.625372886657715,2.6759066662759428,10.625372886657715,2.6759066662759428,8.295065879821777,9.235445976257324
-,0,-10.95726490020752,2.6566694902342562,10.95726490020752,2.6566694902342562,-3.962758779525757,-5.726144790649414
A10,1,-11.12067699432373,2.702969795169488,11.12067699432373,2.702969795169488,0.9947921633720398,1.5873517990112305
A17,1,-10.860657691955566,2.709065616623858,10.860657691955566,2.709065616623858,5.416638374328613,7.858386516571045
A17,1,-11.038786888122559,2.804672223692611,11.038786888122559,2.804672223692611,6.357954025268555,9.993890762329102
A18,1,-10.938562393188477,2.7746573958019543,10.938562393188477,2.7746573958019543,-1.5888950824737549,-1.32267165184021
-,0,-11.230019569396973,2.7543703689930585,11.230019569396973,2.7543703689930585,-4.536787509918213,-0.9482104778289795
A07,1,-10.444497108459473,2.544073767711475,10.444497108459473,2.544073767711475,8.166162490844727,8.150106430053711
A19,1,-11.074386596679688,2.8130965336510547,11.074386596679688,2.8130965336510547,0.5210813283920288,4.935298442840576
-,0,-10.75174331665039,2.6982757577001224,10.75174331665039,2.6982757577001224,-3.0778276920318604,-7.124248504638672
A14,1,-10.386791229248047,2.8089740062412747,10.386791229248047,2.8089740062412747,0.5061724781990051,5.618180274963379
A10,1,-10.63897705078125,2.5968848005818943,10.63897705078125,2.5968848005818943,-4.075155258178711,2.8833019733428955
A16,1,-10.580245971679688,2.657378299598999,10.580245971679688,2.657378299598999,2.350318670272827,6.636572360992432
-,0,-11.226181030273438,2.862126766129127,11.226181030273438,2.862126766129127,-5.980472564697266,-6.404116630554199
-,0,-10.549822807312012,2.876254714167846,10.549822807312012,2.876254714167846,-0.5645400881767273,-0.9520720839500427
-,0,-11.139575958251953,2.742928359692587,11.139575958251953,2.742928359692587,-5.763869285583496,-3.4625349044799805
-,0,-11.25041389465332,2.7392230710577596,11.25041389465332,2.7392230710577596,-9.662755966186523,-2.6588499546051025
-,0,-9.238357543945312,2.7292544039394797,9.238357543945312,2.7292544039394797,-7.157365798950195,-2.1869382858276367
A17,1,-11.052478790283203,2.7710178469923417,11.052478790283203,2.7710178469923417,6.85234260559082,8.870152473449707
A17,1,-11.24853515625,2.7048940181421712,11.24853515625,2.7048940181421712,4.887588977813721,5.2830119132995605
A13,1,-10.372149467468262,2.8782812846355696,10.372149467468262,2.8782812846355696,5.565837860107422,6.869551658630371
-,0,-10.933548927307129,2.683510482144417,10.933548927307129,2.683510482144417,-17.032556533813477,-4.266857624053955
A08,1,-10.526281356811523,2.761257442957536,10.526281356811523,2.761257442957536,9.248274803161621,8.737055778503418
A19,1,-11.078948020935059,2.797919733804064,11.078948020935059,2.797919733804064,-0.6654218435287476,-0.6472200155258179
A12,1,-10.735301971435547,2.7780601718482387,10.735301971435547,2.7780601718482387,4.212475299835205,2.133080005645752
A15,1,-10.775439262390137,2.819085803565987,10.775439262390137,2.819085803565987,-2.119976758956909,4.106809616088867
A09,1,-10.885069847106934,2.800606181403445,10.885069847106934,2.800606181403445,3.906618356704712,7.889734268188477
-,0,-10.513114929199219,2.8019697934133125,10.513114929199219,2.8019697934133125,-2.954116106033325,-1.4542180299758911
A15,1,-10.660487174987793,2.6593050727882814,10.660487174987793,2.6593050727882814,2.454604148864746,5.957342624664307
-,0,-11.298262596130371,2.800338590070223,11.298262596130371,2.800338590070223,-0.031099215149879456,-1.2488734722137451
A14,1,-10.847837448120117,2.857722713720806,10.847837448120117,2.857722713720806,1.3356784582138062,4.158390045166016
A17,1,-10.608476638793945,2.8394381338234074,10.608476638793945,2.8394381338234074,4.87105655670166,3.9328625202178955
-,0,-11.056675910949707,2.8755231996044954,11.056675910949707,2.8755231996044954,-2.690382242202759,-0.950171709060669
-,0,-10.985539436340332,2.7947012255045642,10.985539436340332,2.7947012255045642,-13.380267143249512,-2.8127825260162354
A09,1,-10.828603744506836,2.6720681253995613,10.828603744506836,2.6720681253995613,4.381049156188965,5.259350299835205
-,0,-10.566338539123535,2.719972200945713,10.566338539123535,2.719972200945713,-0.1867927610874176,-2.4207334518432617
A08,1,-11.19136905670166,2.754309081022101,11.19136905670166,2.754309081022101,2.0997090339660645,3.403007984161377
A13,1,-10.969482421875,2.7666363266785705,10.969482421875,2.7666363266785705,7.003176212310791,9.23451042175293
-,0,-11.412086486816406,2.6972822660081404,11.412086486816406,2.6972822660081404,-0.023066803812980652,-2.200159788131714
A10,1,-10.868334770202637,2.729914170295191,10.868334770202637,2.729914170295191,2.084968328475952,4.586713790893555
-,0,-10.444476127624512,2.7460621531427507,10.444476127624512,2.7460621531427507,-9.217988014221191,-5.192198753356934
A19,1,-11.024442672729492,2.6809939073520126,11.024442672729492,2.6809939073520126,-0.8906777501106262,-1.2094330787658691
A12,1,-11.129586219787598,2.6829241840335825,11.129586219787598,2.6829241840335825,3.3858916759490967,2.9419169425964355
A12,1,-10.683513641357422,2.6789483158800778,10.683513641357422,2.6789483158800778,7.669869899749756,7.806731224060059
A19,1,-11.224461555480957,2.8590522903628943,11.224461555480957,2.8590522903628943,0.19266828894615173,0.797296941280365
A19,1,-11.229837417602539,2.598632249549273,11.229837417602539,2.598632249549273,3.7725751399993896,2.534642219543457
A13,1,-10.413814544677734,2.7818254926618096,10.413814544677734,2.7818254926618096,6.527176380157471,7.84271240234375
A19,1,-10.758692741394043,2.9241932486929985,10.758692741394043,2.9241932486929985,1.7603332996368408,4.068223476409912
A17,1,-11.183636665344238,2.749477421058357,11.183636665344238,2.749477421058357,5.980960369110107,10.2244291305542
-,0,-11.332176208496094,2.795021725896019,11.332176208496094,2.795021725896019,-4.689929962158203,-3.4193272590637207
-,0,-11.12054443359375,2.82635027300094,11.12054443359375,2.82635027300094,-6.291149139404297,-2.619791269302368
A19,1,-10.914894104003906,2.822547313396697,10.914894104003906,2.822547313396697,1.067457914352417,-1.065810203552246
-,0,-10.868529319763184,2.8785893271225076,10.868529319763184,2.8785893271225076,-4.637881278991699,-0.6736690998077393
A14,1,-11.128796577453613,2.663476048067017,11.128796577453613,2.663476048067017,0.5950972437858582,2.877272605895996
A08,1,-11.240866661071777,2.7465652885552054,11.240866661071777,2.7465652885552054,6.082005023956299,5.472360134124756
-,0,-9.829069137573242,2.8285543963411697,9.829069137573242,2.8285543963411697,-1.9216617345809937,-2.3533451557159424
-,0,-10.776610374450684,2.7964706087723377,10.776610374450684,2.7964706087723377,-6.258651256561279,-2.3641271591186523
A13,1,-10.812773704528809,2.8742378583407864,10.812773704528809,2.8742378583407864,6.723200798034668,10.19087028503418
-,0,-10.807994842529297,2.787382395809065,10.807994842529297,2.787382395809065,-6.623221397399902,0.7988552451133728
-,0,-11.100061416625977,2.801539839440357,11.100061416625977,2.801539839440357,-5.569665908813477,-4.031711578369141
A07,1,-10.766061782836914,2.700699893407276,10.766061782836914,2.700699893407276,-2.1640512943267822,0.800858736038208
A13,1,-10.626561164855957,2.6594468978589547,10.626561164855957,2.6594468978589547,7.179220199584961,7.719657897949219
A15,1,-10.440174102783203,2.786290988001884,10.440174102783203,2.786290988001884,-5.372277736663818,2.7136411666870117
A12,1,-10.767800331115723,2.845634844682452,10.767800331115723,2.845634844682452,5.582810401916504,6.924491882324219
A13,1,-10.642355918884277,2.8598444410066755,10.642355918884277,2.8598444410066755,7.296257019042969,10.203027725219727
A10,1,-10.676074981689453,2.845914017737484,10.676074981689453,2.845914017737484,4.286906719207764,3.281278610229492
A12,1,-11.068325996398926,2.8048022413558646,11.068325996398926,2.8048022413558646,2.986097574234009,2.927232027053833
A13,1,-10.843832969665527,2.790522490343272,10.843832969665527,2.790522490343272,7.163291931152344,8.48841667175293
A10,1,-10.982511520385742,2.740852813827845,10.982511520385742,2.740852813827845,2.9796133041381836,-0.18012966215610504
A16,1,-10.666417121887207,2.878689708491204,10.666417121887207,2.878689708491204,7.714216232299805,2.3840904235839844
-,0,-11.186232566833496,2.811452381921031,11.186232566833496,2.811452381921031,-7.897512435913086,-5.512823581695557
-,0,-10.69457721710205,2.6328674747475116,10.69457721710205,2.6328674747475116,-5.538715839385986,-2.099067449569702
-,0,-10.60345458984375,2.8216466278868992,10.60345458984375,2.8216466278868992,-3.1275851726531982,-1.0085625648498535
A17,1,-10.834826469421387,2.870843221523199,10.834826469421387,2.870843221523199,6.0683393478393555,3.328381299972534
-,0,-10.353272438049316,2.876340228512839,10.353272438049316,2.876340228512839,-2.0657806396484375,-9.202413558959961
A17,1,-10.794775009155273,2.775349332192306,10.794775009155273,2.775349332192306,6.6396660804748535,9.065496444702148
A16,1,-11.315834999084473,2.8086294096316786,11.315834999084473,2.8086294096316786,2.984811544418335,-1.6980276107788086
A19,1,-11.189393043518066,2.821970745652187,11.189393043518066,2.821970745652187,5.043144226074219,0.7901021838188171
-,0,-10.04002571105957,2.7660847132564466,10.04002571105957,2.7660847132564466,-5.6538496017456055,-1.5016977787017822
-,0,-11.192374229431152,2.647784974278169,11.192374229431152,2.647784974278169,-2.363128423690796,-5.418644905090332
-,0,-10.944962501525879,2.772120792293223,10.944962501525879,2.772120792293223,-9.930922508239746,-1.5638560056686401
-,0,-11.100886344909668,2.708841630273779,11.100886344909668,2.708841630273779,-9.16579532623291,-5.805575370788574
A07,1,-8.220321655273438,2.6213094202018596,8.220321655273438,2.6213094202018596,9.058436393737793,9.369504928588867
-,0,-10.75233268737793,2.791841798277849,10.75233268737793,2.791841798277849,-3.307971477508545,-2.182652473449707
A19,1,-11.255021095275879,2.787130673153834,11.255021095275879,2.787130673153834,3.910923719406128,0.17229047417640686
-,0,-10.636679649353027,2.7163439288030355,10.636679649353027,2.7163439288030355,0.15792390704154968,-0.8892537355422974
-,0,-10.116079330444336,2.6989844935567224,10.116079330444336,2.6989844935567224,-10.38858699798584,-8.067000389099121
A19,1,-11.055407524108887,2.724303681922364,11.055407524108887,2.724303681922364,-1.3749932050704956,3.042865514755249
A13,1,-10.75046443939209,2.8450792878157287,10.75046443939209,2.8450792878157287,7.1822829246521,7.950340270996094
-,0,-10.728381156921387,2.837485629744978,10.728381156921387,2.837485629744978,-3.426128387451172,-3.090498447418213
A13,1,-10.638480186462402,2.835624542773639,10.638480186462402,2.835624542773639,7.5911946296691895,10.280521392822266
A10,1,-9.355066299438477,2.606395689659899,9.355066299438477,2.606395689659899,2.204035997390747,3.712167978286743
A16,1,-11.319928169250488,2.6452454704714343,11.319928169250488,2.6452454704714343,5.853021621704102,6.296414852142334
-,0,-10.915183067321777,2.7729951002863498,10.915183067321777,2.7729951002863498,-6.715104103088379,-6.186052322387695
-,0,-11.29214859008789,2.824183652043971,11.29214859008789,2.824183652043971,-7.652852535247803,-8.689535140991211
A10,1,-10.985302925109863,2.838359886832334,10.985302925109863,2.838359886832334,0.6019877195358276,3.5593488216400146
-,0,-10.988107681274414,2.7870951602253666,10.988107681274414,2.7870951602253666,-5.073558807373047,-2.818570852279663
A19,1,-10.847368240356445,2.8031054754220124,10.847368240356445,2.8031054754220124,0.5242525339126587,-0.49334099888801575
A17,1,-11.289363861083984,2.74756755101141,11.289363861083984,2.74756755101141,6.919614791870117,11.020648956298828
A09,1,-10.83214282989502,2.749193167247534,10.83214282989502,2.749193167247534,3.1344106197357178,7.416303634643555
A15,1,-11.30002212524414,2.7445294126794795,11.30002212524414,2.7445294126794795,-5.432657718658447,2.977292060852051
-,0,-11.125043869018555,2.790550755737388,11.125043869018555,2.790550755737388,-5.845727920532227,-8.610974311828613
A15,1,-10.677206039428711,2.8324852634330355,10.677206039428711,2.8324852634330355,-2.525491952896118,2.8564929962158203
A09,1,-11.035017013549805,2.7804199932897693,11.035017013549805,2.7804199932897693,0.475094735622406,6.3877363204956055
-,0,-10.480877876281738,2.773054787051334,10.480877876281738,2.773054787051334,-5.049145698547363,-4.58408260345459
-,0,-11.458653450012207,2.712133874573037,11.458653450012207,2.712133874573037,-12.37310791015625,-8.255816459655762
-,0,-9.829195022583008,2.720906901386555,9.829195022583008,2.720906901386555,-2.3192954063415527,-0.0874248668551445
A10,1,-10.887860298156738,2.8256920305663535,10.887860298156738,2.8256920305663535,4.9867024421691895,1.260717749595642
A17,1,-11.250027656555176,2.728606168509993,11.250027656555176,2.728606168509993,3.182051658630371,0.6473897695541382
A16,1,-11.015504837036133,2.7552929443706544,11.015504837036133,2.7552929443706544,5.4799299240112305,9.444969177246094
A19,1,-11.237491607666016,2.8311970617743505,11.237491607666016,2.8311970617743505,-0.6005066633224487,2.374941825866699
A12,1,-11.022477149963379,2.7415374323069543,11.022477149963379,2.7415374323069543,5.211216926574707,6.589923858642578
A07,1,-11.076995849609375,2.681670762917684,11.076995849609375,2.681670762917684,6.214818954467773,9.655462265014648
A17,1,-11.041705131530762,2.733284130720447,11.041705131530762,2.733284130720447,5.561277866363525,7.733363151550293
-,0,-11.039813041687012,2.7438713448698047,11.039813041687012,2.7438713448698047,-4.503320693969727,-2.166126012802124
A10,1,-11.08098030090332,2.811461640278073,11.08098030090332,2.811461640278073,-3.402409553527832,0.48633578419685364
A16,1,-11.216379165649414,2.682943598494245,11.216379165649414,2.682943598494245,5.30510139465332,2.28764009475708
A09,1,-10.68964958190918,2.8116360566914826,10.68964958190918,2.8116360566914826,7.465001106262207,3.9810638427734375
-,0,-10.751221656799316,2.7877950837930743,10.751221656799316,2.7877950837930743,-0.9463077783584595,2.0502662658691406
A10,1,-10.877344131469727,2.8605235720125206,10.877344131469727,2.8605235720125206,4.408074855804443,0.31260159611701965
-,0,-10.822046279907227,2.7298198216007967,10.822046279907227,2.7298198216007967,-9.783822059631348,-9.177597999572754
-,0,-10.989073753356934,2.8495049871150964,10.989073753356934,2.8495049871150964,-5.613821029663086,-3.7621960639953613
A08,1,-11.001462936401367,2.7707677182796746,11.001462936401367,2.7707677182796746,6.265262603759766,6.774082183837891
A15,1,-11.0613374710083,2.749978507989978,11.0613374710083,2.749978507989978,1.6845561265945435,5.360398292541504
-,0,-10.383708953857422,2.7639248947385013,10.383708953857422,2.7639248947385013,-0.392130047082901,-1.5490028858184814
A16,1,-10.937490463256836,2.7371505121778794,10.937490463256836,2.7371505121778794,4.911450386047363,8.792839050292969
-,0,-10.998448371887207,2.754287943557275,10.998448371887207,2.754287943557275,-6.798301696777344,-4.691133499145508
-,0,-11.132234573364258,2.770446861442467,11.132234573364258,2.770446861442467,-2.2194173336029053,-2.63339900970459
A12,1,-10.792724609375,2.723906773393749,10.792724609375,2.723906773393749,7.189228534698486,7.6733622550964355
A09,1,-10.433775901794434,2.773994353147703,10.433775901794434,2.773994353147703,6.461034774780273,2.9756574630737305
-,0,-11.017975807189941,2.813273653831218,11.017975807189941,2.813273653831218,-2.68278431892395,-4.917232513427734
A19,1,-10.501811981201172,2.876667718576598,10.501811981201172,2.876667718576598,-0.2488228976726532,0.3924771845340729
A12,1,-9.318953514099121,2.5892541758349745,9.318953514099121,2.5892541758349745,3.3059096336364746,3.0233397483825684
A15,1,-11.086694717407227,2.7832904333428226,11.086694717407227,2.7832904333428226,-0.8114450573921204,3.1197261810302734
A08,1,-10.813108444213867,2.6925556115291536,10.813108444213867,2.6925556115291536,4.52951717376709,5.777026176452637
A18,1,-11.365836143493652,2.6203271809853055,11.365836143493652,2.6203271809853055,2.0152196884155273,3.391310214996338
A09,1,-10.886476516723633,2.512879894615608,10.886476516723633,2.512879894615608,5.971453666687012,7.447381019592285
A09,1,-10.839400291442871,2.7634462410017515,10.839400291442871,2.7634462410017515,3.7706046104431152,7.285175323486328
A12,1,-10.936187744140625,2.767977695322354,10.936187744140625,2.767977695322354,2.989105463027954,5.642886161804199
A13,1,-8.458805084228516,2.56184935210963,8.458805084228516,2.56184935210963,7.616424560546875,9.658031463623047
A12,1,-10.5521240234375,2.609625692640554,10.5521240234375,2.609625692640554,2.675955057144165,4.167575836181641
-,0,-10.712538719177246,2.736369877080168,10.712538719177246,2.736369877080168,-8.169529914855957,-7.264292240142822
-,0,-11.176618576049805,2.7906111131655615,11.176618576049805,2.7906111131655615,-9.734603881835938,-4.571438789367676
-,0,-10.521713256835938,2.8352768149351832,10.521713256835938,2.8352768149351832,-9.127504348754883,-4.771207809448242
A11,1,-11.05217456817627,2.9170582440591906,11.05217456817627,2.9170582440591906,3.7121284008026123,7.164389610290527
A19,1,-10.521346092224121,2.8280686904445775,10.521346092224121,2.8280686904445775,1.6089640855789185,1.0351051092147827
A16,1,-11.03382396697998,2.7133458754513695,11.03382396697998,2.7133458754513695,7.725664138793945,3.091567039489746
A13,1,-9.84982681274414,2.7951157879564286,9.84982681274414,2.7951157879564286,6.388461589813232,10.916971206665039
A08,1,-10.865421295166016,2.6746066772694275,10.865421295166016,2.6746066772694275,6.179635047912598,7.141750335693359
A17,1,-10.813949584960938,2.7822402172293987,10.813949584960938,2.7822402172293987,4.776107311248779,6.134260177612305
A18,1,-11.117721557617188,2.61791103718132,11.117721557617188,2.61791103718132,4.856144905090332,3.1090574264526367
-,0,-10.62614631652832,2.775786491275283,10.62614631652832,2.775786491275283,1.2087973356246948,-1.3162224292755127
A07,1,-9.409028053283691,2.7859571807042256,9.409028053283691,2.7859571807042256,8.146937370300293,8.059389114379883
-,0,-11.387173652648926,2.7259093782335677,11.387173652648926,2.7259093782335677,-7.133351802825928,-8.026911735534668
-,0,-11.187573432922363,2.7582434581735678,11.187573432922363,2.7582434581735678,-5.697162628173828,-7.418788433074951
-,0,-10.66680908203125,2.814458092332797,10.66680908203125,2.814458092332797,-3.512342691421509,-1.4157183170318604
-,0,-10.746475219726562,2.7530831090747454,10.746475219726562,2.7530831090747454,-8.137426376342773,-3.330867052078247
-,0,-10.414624214172363,2.8288174709765963,10.414624214172363,2.8288174709765963,-3.3102681636810303,-1.9260544776916504
A15,1,-10.532225608825684,2.7258215339902123,10.532225608825684,2.7258215339902123,0.6616789698600769,4.940712928771973
A19,1,-10.63349723815918,2.753177756539805,10.63349723815918,2.753177756539805,4.432938098907471,2.039321184158325
-,0,-10.669069290161133,2.8225938618469715,10.669069290161133,2.8225938618469715,-9.051102638244629,-1.2014509439468384
A17,1,-10.77976131439209,2.8731467131381447,10.77976131439209,2.8731467131381447,5.853964805603027,3.4336001873016357
-,0,-10.576912879943848,2.7700768036739603,10.576912879943848,2.7700768036739603,-6.046176910400391,-3.2827417850494385
-,0,-11.073415756225586,2.658072601748291,11.073415756225586,2.658072601748291,-3.4966046810150146,-2.8476803302764893
A17,1,-11.4509916305542,2.719962738549755,11.4509916305542,2.719962738549755,5.740054130554199,7.800021171569824
A16,1,-9.791230201721191,2.787015378549854,9.791230201721191,2.787015378549854,4.657839775085449,6.346672058105469
-,0,-11.038284301757812,2.7057134847780717,11.038284301757812,2.7057134847780717,-6.7721028327941895,-8.218087196350098
A19,1,-10.28986930847168,2.7669468201438163,10.28986930847168,2.7669468201438163,-3.740488290786743,0.8970288634300232
-,0,-10.615958213806152,2.8411020864243812,10.615958213806152,2.8411020864243812,-3.9602577686309814,3.5250935554504395
A12,1,-10.595073699951172,2.793038558793722,10.595073699951172,2.793038558793722,7.1269025802612305,9.477010726928711
-,0,-10.73421859741211,2.820411018719662,10.73421859741211,2.820411018719662,-3.972660779953003,-4.7607951164245605
A16,1,-11.039556503295898,2.797467471556333,11.039556503295898,2.797467471556333,4.312675476074219,3.3332560062408447
A09,1,-10.79809284210205,2.742382738492354,10.79809284210205,2.742382738492354,6.443068504333496,8.998941421508789
-,0,-11.178573608398438,2.8476041400989414,11.178573608398438,2.8476041400989414,-10.791804313659668,-6.9591851234436035
A11,1,-10.613680839538574,2.7930475337235094,10.613680839538574,2.7930475337235094,0.29027020931243896,4.933513641357422
A18,1,-10.541292190551758,2.7806692648795877,10.541292190551758,2.7806692648795877,-2.913257360458374,0.7282211184501648
-,0,-10.843232154846191,2.883473359962542,10.843232154846191,2.883473359962542,-7.874981880187988,-4.7316131591796875
-,0,-10.631699562072754,2.7480397528357,10.631699562072754,2.7480397528357,3.5039126873016357,-0.8030421733856201
A19,1,-11.353878021240234,2.7892119994975637,11.353878021240234,2.7892119994975637,1.0185807943344116,-0.501457929611206
-,0,-10.907657623291016,2.8851052689716834,10.907657623291016,2.8851052689716834,-10.115899085998535,-4.844622611999512
-,0,-10.658991813659668,2.6465334592655316,10.658991813659668,2.6465334592655316,-10.164472579956055,-5.5873870849609375
A11,1,-11.25211238861084,2.787096762775307,11.25211238861084,2.787096762775307,6.804409027099609,3.144922971725464
-,0,-10.975476264953613,2.8636244087351437,10.975476264953613,2.8636244087351437,-5.204812526702881,-4.23016357421875
-,0,-10.848077774047852,2.886661749863659,10.848077774047852,2.886661749863659,0.048497237265110016,-0.7835166454315186
A12,1,-10.960393905639648,2.6755804801165306,10.960393905639648,2.6755804801165306,5.629615783691406,6.812609672546387
A12,1,-10.995010375976562,2.837614086643528,10.995010375976562,2.837614086643528,9.01307201385498,5.266063213348389
A13,1,-10.92915153503418,2.7812864286686234,10.92915153503418,2.7812864286686234,6.674724578857422,7.6857171058654785
-,0,-11.025542259216309,2.6086304681770174,11.025542259216309,2.6086304681770174,0.10314219444990158,-4.754250526428223
-,0,-10.698280334472656,2.8973924836912843,10.698280334472656,2.8973924836912843,-11.307730674743652,-1.4657416343688965
A10,1,-10.792459487915039,2.793123301222947,10.792459487915039,2.793123301222947,3.811325788497925,4.216707706451416
-,0,-11.010891914367676,2.800701339479307,11.010891914367676,2.800701339479307,-7.821786880493164,-5.939871788024902
A08,1,-10.832919120788574,2.845917762663074,10.832919120788574,2.845917762663074,3.006970167160034,7.223487854003906
-,0,-10.90200138092041,2.864685941919158,10.90200138092041,2.864685941919158,-5.105581283569336,-4.2769775390625
A14,1,-10.948403358459473,2.7537437428532963,10.948403358459473,2.7537437428532963,-0.8666793704032898,7.646526336669922
-,0,-11.219852447509766,2.800756671342518,11.219852447509766,2.800756671342518,-4.583847999572754,-6.7260661125183105
A08,1,-10.868013381958008,2.806421366730534,10.868013381958008,2.806421366730534,2.122514486312866,3.1861565113067627
-,0,-10.875057220458984,2.7338723303088335,10.875057220458984,2.7338723303088335,-2.3903119564056396,-7.6295270919799805
-,0,-10.790504455566406,2.768938792284724,10.790504455566406,2.768938792284724,2.2201321125030518,-1.3904941082000732
A13,1,-10.810203552246094,2.833133411084978,10.810203552246094,2.833133411084978,8.231162071228027,10.084999084472656
-,0,-11.270814895629883,2.690004625496035,11.270814895629883,2.690004625496035,1.2692826986312866,-2.35237455368042
A15,1,-10.684654235839844,2.856335716152208,10.684654235839844,2.856335716152208,-3.1421635150909424,4.154725074768066
-,0,-11.135828018188477,2.7811149432068034,11.135828018188477,2.7811149432068034,-4.056727409362793,-7.565427780151367
-,0,-10.35137939453125,2.8577701313301827,10.35137939453125,2.8577701313301827,-5.526649475097656,-4.94680118560791
-,0,-11.14344596862793,2.7707493053110626,11.14344596862793,2.7707493053110626,-7.972026348114014,-6.065155029296875
-,0,-11.173815727233887,2.6776338748116095,11.173815727233887,2.6776338748116095,-7.6478166580200195,-3.088840961456299
-,0,-11.273006439208984,2.9087028510531656,11.273006439208984,2.9087028510531656,-14.071942329406738,-5.621872901916504
A18,1,-10.778879165649414,2.7844917527522304,10.778879165649414,2.7844917527522304,-2.325831174850464,-0.3927991986274719
-,0,-11.02456283569336,2.815658473434369,11.02456283569336,2.815658473434369,-2.3261795043945312,-2.5806782245635986
A17,1,-11.2020902633667,2.8642323438934834,11.2020902633667,2.8642323438934834,0.28781503438949585,0.7457782626152039
A18,1,-11.132059097290039,2.7331190542771306,11.132059097290039,2.7331190542771306,0.35611724853515625,5.544398307800293
-,0,-10.651747703552246,2.651395561309944,10.651747703552246,2.651395561309944,-2.872589111328125,-3.3584327697753906
A17,1,-11.350852966308594,2.6955902234009015,11.350852966308594,2.6955902234009015,4.808128356933594,9.32548713684082
-,0,-10.730144500732422,2.781203324800465,10.730144500732422,2.781203324800465,-1.748807430267334,-0.6578640937805176
A11,1,-10.393206596374512,2.8927871092999964,10.393206596374512,2.8927871092999964,4.97508430480957,4.207455158233643
A16,1,-10.759364128112793,2.590693033448363,10.759364128112793,2.590693033448363,3.6728150844573975,3.742872953414917
-,0,-10.997845649719238,2.826377943097981,10.997845649719238,2.826377943097981,-4.953863143920898,-3.119711399078369
A14,1,-11.109195709228516,2.7113101652978755,11.109195709228516,2.7113101652978755,-2.311439037322998,1.0190691947937012
A16,1,-11.272552490234375,2.753515540393113,11.272552490234375,2.753515540393113,3.635612726211548,0.3391972482204437
A10,1,-10.753042221069336,2.753450899207879,10.753042221069336,2.753450899207879,3.6208736896514893,8.158834457397461
-,0,-11.220694541931152,2.8085046678527172,11.220694541931152,2.8085046678527172,-5.588674545288086,-1.7916672229766846
-,0,-11.006598472595215,2.608130477192976,11.006598472595215,2.608130477192976,-13.140667915344238,-6.613781929016113
A12,1,-11.182424545288086,2.6707697119481453,11.182424545288086,2.6707697119481453,6.245080947875977,7.578436851501465
-,0,-11.246572494506836,2.7699889136734805,11.246572494506836,2.7699889136734805,5.6867170333862305,-0.34454256296157837
A17,1,-11.402824401855469,2.768172595462957,11.402824401855469,2.768172595462957,6.608841896057129,9.30825138092041
A14,1,-11.20249080657959,2.804849831073719,11.20249080657959,2.804849831073719,1.6031982898712158,3.130315065383911
A11,1,-10.83780574798584,2.5918276784154584,10.83780574798584,2.5918276784154584,8.895171165466309,9.90667724609375
-,0,-10.562797546386719,2.90792464497687,10.562797546386719,2.90792464497687,-3.5656540393829346,-1.28977632522583
A14,1,-10.772308349609375,2.729377430669206,10.772308349609375,2.729377430669206,-3.034440040588379,2.4897589683532715
-,0,-10.511465072631836,2.8796013657008577,10.511465072631836,2.8796013657008577,-0.33626747131347656,-2.078066349029541
A13,1,-10.686327934265137,2.842297057273653,10.686327934265137,2.842297057273653,7.484866142272949,9.35612964630127
-,0,-10.97280216217041,2.843912376410269,10.97280216217041,2.843912376410269,-5.107337951660156,-2.485006093978882
-,0,-11.015522003173828,2.586408329777733,11.015522003173828,2.586408329777733,-9.019185066223145,-5.080135345458984
A17,1,-11.198812484741211,2.7028288159369813,11.198812484741211,2.7028288159369813,4.676636695861816,4.949585437774658
-,0,-10.897327423095703,2.854608978827184,10.897327423095703,2.854608978827184,-7.495147228240967,-2.2676024436950684
A09,1,-10.692414283752441,2.831898844302772,10.692414283752441,2.831898844302772,7.519716739654541,7.379002571105957
A19,1,-11.360275268554688,2.744962318020665,11.360275268554688,2.744962318020665,-2.212512731552124,-0.27737265825271606
-,0,-11.266643524169922,2.686608901942734,11.266643524169922,2.686608901942734,-3.002307891845703,-2.2627100944519043
A09,1,-10.488448143005371,2.7356303496913013,10.488448143005371,2.7356303496913013,7.62042236328125,10.436054229736328
A13,1,-10.844430923461914,2.7755478151544284,10.844430923461914,2.7755478151544284,9.047709465026855,9.206472396850586
-,0,-11.114672660827637,2.7526583427172904,11.114672660827637,2.7526583427172904,0.16463276743888855,-1.706406831741333
-,0,-10.832271575927734,2.6832252606221063,10.832271575927734,2.6832252606221063,-10.532424926757812,-7.928774833679199
A12,1,-10.48106575012207,2.68255870055165,10.48106575012207,2.68255870055165,5.697513580322266,6.755074977874756
A08,1,-10.833492279052734,2.8438187494669025,10.833492279052734,2.8438187494669025,4.3045759201049805,6.613561630249023
-,0,-10.821725845336914,2.8171800955864414,10.821725845336914,2.8171800955864414,-12.159749031066895,-6.224841117858887
A09,1,-10.349530220031738,2.805174870197792,10.349530220031738,2.805174870197792,4.16221809387207,9.143854141235352
A14,1,-11.198497772216797,2.5919950820925948,11.198497772216797,2.5919950820925948,-2.3925940990448,3.4517922401428223
-,0,-11.267815589904785,2.7399140744665478,11.267815589904785,2.7399140744665478,-9.651968002319336,-2.824742078781128
A18,1,-10.669624328613281,2.7684828679442486,10.669624328613281,2.7684828679442486,5.149083137512207,2.0365099906921387
A14,1,-10.982278823852539,2.6544027279391966,10.982278823852539,2.6544027279391966,4.608189582824707,7.529688835144043
A19,1,-11.067283630371094,2.6578005496277854,11.067283630371094,2.6578005496277854,-0.9926627278327942,4.004665374755859
-,0,-10.692540168762207,2.8185302466708038,10.692540168762207,2.8185302466708038,-7.659566402435303,-4.474246978759766
-,0,-11.43696403503418,2.757460006722705,11.43696403503418,2.757460006722705,-0.9792085886001587,-2.096421480178833
-,0,-11.263744354248047,2.728781730668387,11.263744354248047,2.728781730668387,-7.359443664550781,-6.352428436279297
-,0,-10.422331809997559,2.745755897943618,10.422331809997559,2.745755897943618,-3.0868966579437256,-1.257720708847046
A16,1,-10.978886604309082,2.7161929015522506,10.978886604309082,2.7161929015522506,5.514121055603027,6.24110221862793
A15,1,-10.724056243896484,2.703372499242187,10.724056243896484,2.703372499242187,0.8862887024879456,0.6143248081207275
A18,1,-11.07219409942627,2.747158500833216,11.07219409942627,2.747158500833216,1.4537755250930786,2.9449377059936523
-,0,-10.4371976852417,2.8137223432316834,10.4371976852417,2.8137223432316834,-1.3846698999404907,-1.567542552947998
-,0,-10.501850128173828,2.6716672209926866,10.501850128173828,2.6716672209926866,-5.209336280822754,4.3606719970703125
A14,1,-10.787820816040039,2.7085578572399482,10.787820816040039,2.7085578572399482,4.283270835876465,5.730498313903809
A19,1,-10.971275329589844,2.654546320333103,10.971275329589844,2.654546320333103,1.6417335271835327,-0.5919442176818848
A13,1,-10.797612190246582,2.6948450859069686,10.797612190246582,2.6948450859069686,7.050161361694336,9.700395584106445
-,0,-11.281526565551758,2.788598266135908,11.281526565551758,2.788598266135908,-4.043127059936523,-4.800107479095459
A14,1,-10.786022186279297,2.767293898040395,10.786022186279297,2.767293898040395,-0.6350530385971069,1.2335411310195923
A15,1,-10.954190254211426,2.8964321292435207,10.954190254211426,2.8964321292435207,-4.8998517990112305,2.507084369659424
-,0,-10.90837287902832,2.7806819703959675,10.90837287902832,2.7806819703959675,-9.907270431518555,-6.409976959228516
-,0,-10.713777542114258,2.806327131294671,10.713777542114258,2.806327131294671,-5.776850700378418,-3.403550624847412
-,0,-10.78541088104248,2.7899264109933317,10.78541088104248,2.7899264109933317,-7.879791259765625,-0.8525591492652893
A14,1,-11.033671379089355,2.7929003126477827,11.033671379089355,2.7929003126477827,-1.2200425863265991,-0.7708500623703003
-,0,-10.943991661071777,2.7666611870859588,10.943991661071777,2.7666611870859588,-5.141256809234619,-5.43632173538208
A14,1,-10.625537872314453,2.738219059385913,10.625537872314453,2.738219059385913,0.5310165882110596,6.4750566482543945
-,0,-10.79139232635498,2.8135253777211298,10.79139232635498,2.8135253777211298,-4.554851531982422,-0.6269984245300293
A12,1,-10.6625394821167,2.7525471744591363,10.6625394821167,2.7525471744591363,4.230352401733398,1.8405704498291016
-,0,-11.214619636535645,2.697918520472194,11.214619636535645,2.697918520472194,-5.069096088409424,-6.200356483459473
A11,1,-11.072431564331055,2.7047587588908195,11.072431564331055,2.7047587588908195,3.025521993637085,4.780360221862793
A14,1,-10.549907684326172,2.7190450413398226,10.549907684326172,2.7190450413398226,-6.401246070861816,6.54403829574585
A19,1,-10.76077651977539,2.751880782757004,10.76077651977539,2.751880782757004,1.184261679649353,0.3284272849559784
A11,1,-10.829193115234375,2.6831048387030143,10.829193115234375,2.6831048387030143,-3.6240005493164062,4.124208450317383
-,0,-11.306756019592285,2.8013206572419045,11.306756019592285,2.8013206572419045,-4.22892951965332,-3.809387683868408
A17,1,-11.200779914855957,2.7580809870333423,11.200779914855957,2.7580809870333423,6.028277397155762,8.042058944702148
A11,1,-11.225603103637695,2.703105470285874,11.225603103637695,2.703105470285874,3.426194429397583,-0.25492480397224426
A17,1,-10.72314739227295,2.8509445737908004,10.72314739227295,2.8509445737908004,5.9565629959106445,8.936227798461914
-,0,-11.14378833770752,2.8731455443566194,11.14378833770752,2.8731455443566194,0.2685980200767517,-2.8207855224609375
A17,1,-10.957281112670898,2.900639339259187,10.957281112670898,2.900639339259187,5.098653793334961,5.2437286376953125
A13,1,-10.8239107131958,2.7869003468942197,10.8239107131958,2.7869003468942197,7.6341962814331055,8.407792091369629
A15,1,-10.87303638458252,2.5958139224220576,10.87303638458252,2.5958139224220576,-3.007343053817749,2.3252367973327637
-,0,-11.04491138458252,2.7958540286607008,11.04491138458252,2.7958540286607008,-8.144211769104004,-1.9785711765289307
A19,1,-10.66063117980957,2.758131755024199,10.66063117980957,2.758131755024199,-0.6871426105499268,0.7113012075424194
A19,1,-10.856841087341309,2.779793383596341,10.856841087341309,2.779793383596341,-6.658611297607422,-5.505674839019775
-,0,-11.160741806030273,2.860626581864864,11.160741806030273,2.860626581864864,-7.670178413391113,-4.605419635772705
A19,1,-10.667433738708496,2.8897015496468867,10.667433738708496,2.8897015496468867,4.962615489959717,0.8468904495239258
-,0,-11.374987602233887,2.7087226979296255,11.374987602233887,2.7087226979296255,-7.7685651779174805,-5.904539108276367
A14,1,-10.68051528930664,2.647406800164391,10.68051528930664,2.647406800164391,0.46482357382774353,3.5625128746032715
-,0,-11.117602348327637,2.800557908769856,11.117602348327637,2.800557908769856,-2.1185195446014404,-0.6727304458618164
-,0,-11.135568618774414,2.7340980897070777,11.135568618774414,2.7340980897070777,-9.085497856140137,-2.3004374504089355
A14,1,-10.750776290893555,2.807131040985087,10.750776290893555,2.807131040985087,2.3909201622009277,4.893861770629883
-,0,-11.300923347473145,2.648101838990787,11.300923347473145,2.648101838990787,-1.3815556764602661,-3.980074882507324
-,0,-10.87773323059082,2.6431940150926363,10.87773323059082,2.6431940150926363,-4.367190361022949,-3.4198100566864014
-,0,-10.500375747680664,2.7624356341215157,10.500375747680664,2.7624356341215157,-7.616133689880371,-4.706644058227539
-,0,-10.974128723144531,2.851246876930855,10.974128723144531,2.851246876930855,-10.281484603881836,-6.193177223205566
A09,1,-10.966902732849121,2.7315648891028075,10.966902732849121,2.7315648891028075,7.5741424560546875,8.992996215820312
-,0,-10.795612335205078,2.812718095738836,10.795612335205078,2.812718095738836,-5.519981384277344,-4.124913215637207
-,0,-10.454913139343262,2.837992869532042,10.454913139343262,2.837992869532042,-9.904471397399902,-2.617713212966919
A07,1,-10.847865104675293,2.744336459573581,10.847865104675293,2.744336459573581,7.84886360168457,10.269868850708008
A09,1,-10.985942840576172,2.7968102443440355,10.985942840576172,2.7968102443440355,4.747068405151367,5.575898170471191
A14,1,-10.809954643249512,2.8943221366337535,10.809954643249512,2.8943221366337535,2.5391554832458496,3.6264922618865967
A08,1,-10.195287704467773,2.6422616191825705,10.195287704467773,2.6422616191825705,4.518660068511963,5.8291707038879395
A10,1,-10.90565013885498,2.7971143479191207,10.90565013885498,2.7971143479191207,3.915076494216919,6.598028659820557
-,0,-10.602842330932617,2.7938457540150448,10.602842330932617,2.7938457540150448,-2.5216493606567383,-0.887926459312439
A17,1,-11.047152519226074,2.8443484828811334,11.047152519226074,2.8443484828811334,5.695995330810547,4.96033239364624
-,0,-10.806242942810059,2.8674694359230486,10.806242942810059,2.8674694359230486,-8.212956428527832,-1.0132819414138794
-,0,-11.229109764099121,2.834054437615073,11.229109764099121,2.834054437615073,-9.90943717956543,-6.67888879776001
A09,1,-10.950096130371094,2.738093830370953,10.950096130371094,2.738093830370953,4.272149085998535,4.7135844230651855
-,0,-10.166058540344238,2.868566703057297,10.166058540344238,2.868566703057297,-1.4928408861160278,-1.993080496788025
-,0,-11.174351692199707,2.680795274697932,11.174351692199707,2.680795274697932,-12.061644554138184,-4.496097564697266
A15,1,-10.368027687072754,2.6228110730939465,10.368027687072754,2.6228110730939465,2.8701188564300537,4.502936363220215
A17,1,-10.640460968017578,2.8208333439674207,10.640460968017578,2.8208333439674207,6.158430099487305,5.863633155822754
-,0,-11.226393699645996,2.75740425600223,11.226393699645996,2.75740425600223,-11.6279935836792,-9.301027297973633
A08,1,-10.433817863464355,2.7959678114604025,10.433817863464355,2.7959678114604025,6.063483238220215,7.082292079925537
A16,1,-10.542884826660156,2.7592282416489855,10.542884826660156,2.7592282416489855,4.2737603187561035,7.6448493003845215
A07,1,-10.65539264678955,2.818049682891817,10.65539264678955,2.818049682891817,6.917595386505127,3.5187087059020996
-,0,-10.71083927154541,2.5671896628568787,10.71083927154541,2.5671896628568787,-6.17716121673584,-4.019987106323242
A14,1,-11.023195266723633,2.868814446149123,11.023195266723633,2.868814446149123,5.100918769836426,5.102025508880615
A10,1,-9.464642524719238,2.7822746889976675,9.464642524719238,2.7822746889976675,3.6847381591796875,3.6747097969055176
A14,1,-11.031423568725586,2.7810299650237305,11.031423568725586,2.7810299650237305,3.311203956604004,5.442129135131836
A14,1,-11.023432731628418,2.7625903281351407,11.023432731628418,2.7625903281351407,0.6657509803771973,5.067243576049805
-,0,-11.134785652160645,2.7217691442783747,11.134785652160645,2.7217691442783747,-11.852673530578613,-9.428973197937012
-,0,-10.751853942871094,2.853037465120783,10.751853942871094,2.853037465120783,-4.350771903991699,-1.8748447895050049
-,0,-11.14887809753418,2.7292859528314497,11.14887809753418,2.7292859528314497,-7.838717937469482,-6.727203369140625
-,0,-11.276693344116211,2.765794725609099,11.276693344116211,2.765794725609099,-10.24656867980957,-6.753052234649658
-,0,-10.5654878616333,2.7055940028213263,10.5654878616333,2.7055940028213263,-7.725744724273682,-3.6389567852020264
A12,1,-9.66413402557373,2.771829256504814,9.66413402557373,2.771829256504814,8.27839183807373,6.868064880371094
A10,1,-10.935687065124512,2.741068950765802,10.935687065124512,2.741068950765802,1.7648282051086426,-0.9717211723327637
-,0,-10.877707481384277,2.922296930353756,10.877707481384277,2.922296930353756,-6.163700580596924,-7.4214091300964355
A19,1,-11.006142616271973,2.7436874339722355,11.006142616271973,2.7436874339722355,-1.713530421257019,-0.055001042783260345
A13,1,-10.802817344665527,2.8434186934393586,10.802817344665527,2.8434186934393586,5.23612117767334,3.4235544204711914
A12,1,-11.320591926574707,2.717091688809765,11.320591926574707,2.717091688809765,8.252635955810547,8.819016456604004
A07,1,-10.277677536010742,2.6588057835817263,10.277677536010742,2.6588057835817263,4.930416584014893,5.614083290100098
A10,1,-8.62732982635498,2.496062015909622,8.62732982635498,2.496062015909622,5.7947845458984375,5.789789199829102
-,0,-11.149225234985352,2.684034570364115,11.149225234985352,2.684034570364115,-3.9804108142852783,-2.829615592956543
A17,1,-11.25103759765625,2.717737414525759,11.25103759765625,2.717737414525759,6.7477593421936035,9.451056480407715
A18,1,-10.01107406616211,2.6394753895142293,10.01107406616211,2.6394753895142293,-0.37476667761802673,-0.6106683611869812
A11,1,-11.154302597045898,2.8102947914159366,11.154302597045898,2.8102947914159366,0.7323054671287537,-0.3511189818382263
A18,1,-11.036026000976562,2.7487770011778148,11.036026000976562,2.7487770011778148,-1.0449258089065552,0.21343329548835754
A12,1,-10.797136306762695,2.5886176947350457,10.797136306762695,2.5886176947350457,-1.6867643594741821,1.2931849956512451
A12,1,-10.671021461486816,2.75967829901662,10.671021461486816,2.75967829901662,6.372774124145508,8.962296485900879
-,0,-11.136940956115723,2.8158812207286315,11.136940956115723,2.8158812207286315,-3.0464885234832764,-3.3050992488861084
-,0,-11.093755722045898,2.7236079926718304,11.093755722045898,2.7236079926718304,-2.338920831680298,-7.409280300140381
-,0,-10.778037071228027,2.7858226907915995,10.778037071228027,2.7858226907915995,-4.846112251281738,-2.7122678756713867
A07,1,-10.679598808288574,2.8242843006115006,10.679598808288574,2.8242843006115006,5.7907280921936035,6.032746315002441
-,0,-11.256057739257812,2.5864453649828727,11.256057739257812,2.5864453649828727,-3.7137434482574463,-1.3672173023223877
A12,1,-11.175841331481934,2.8127045885076862,11.175841331481934,2.8127045885076862,7.174882888793945,9.101537704467773
-,0,-11.033058166503906,2.66002667974343,11.033058166503906,2.66002667974343,0.7876788973808289,-1.0607469081878662
A16,1,-10.91093635559082,2.7324333838811437,10.91093635559082,2.7324333838811437,7.09932804107666,5.702911853790283
-,0,-10.87561321258545,2.8137270848163984,10.87561321258545,2.8137270848163984,1.0084197521209717,-0.498287171125412
-,0,-10.952149391174316,2.7362850476940763,10.952149391174316,2.7362850476940763,-0.41598010063171387,-1.5175869464874268
A18,1,-11.208492279052734,2.71509977619786,11.208492279052734,2.71509977619786,1.3173085451126099,-0.6510682106018066
-,0,-11.047436714172363,2.73935296760931,11.047436714172363,2.73935296760931,-11.77715015411377,-5.5201520919799805
A17,1,-10.547398567199707,2.815208571389778,10.547398567199707,2.815208571389778,6.873645782470703,9.310053825378418
-,0,-10.615882873535156,2.768922743383549,10.615882873535156,2.768922743383549,-3.0162746906280518,-1.981750249862671
A15,1,-10.661548614501953,2.819456934405801,10.661548614501953,2.819456934405801,0.4059830605983734,1.3817737102508545
-,0,-11.035493850708008,2.8232834518378347,11.035493850708008,2.8232834518378347,-3.6173293590545654,-4.065434455871582
-,0,-10.878828048706055,2.8743121002189,10.878828048706055,2.8743121002189,-11.809792518615723,-9.253974914550781
A08,1,-10.900495529174805,2.8011375363830204,10.900495529174805,2.8011375363830204,9.031622886657715,7.258099555969238
A16,1,-11.214366912841797,2.616067647793202,11.214366912841797,2.616067647793202,3.4691662788391113,2.6636853218078613
-,0,-10.945161819458008,2.8713837223008576,10.945161819458008,2.8713837223008576,-4.457111358642578,-7.582376956939697
-,0,-11.017324447631836,2.7386070249960306,11.017324447631836,2.7386070249960306,-3.756204128265381,-4.210293292999268
-,0,-10.547588348388672,2.707393232637309,10.547588348388672,2.707393232637309,-6.346837043762207,-1.644148349761963
A11,1,-9.29996395111084,2.75848900877629,9.29996395111084,2.75848900877629,7.401613235473633,7.55735969543457
-,0,-11.083468437194824,2.8515993432394797,11.083468437194824,2.8515993432394797,-4.353697299957275,-3.3340659141540527
-,0,-10.924373626708984,2.8658847798092357,10.924373626708984,2.8658847798092357,-11.188294410705566,-8.074644088745117
A17,1,-11.122535705566406,2.891888580391998,11.122535705566406,2.891888580391998,3.54111647605896,6.330117702484131
A10,1,-10.678816795349121,2.7789846395084643,10.678816795349121,2.7789846395084643,-1.6268717050552368,2.7110891342163086
-,0,-10.660192489624023,2.752673666789011,10.660192489624023,2.752673666789011,-4.384305953979492,-0.9972954392433167
A09,1,-11.141366958618164,2.765029303216014,11.141366958618164,2.765029303216014,8.098569869995117,8.599370002746582
-,0,-10.512833595275879,2.78833441717013,10.512833595275879,2.78833441717013,0.8488659858703613,2.966627359390259
-,0,-11.231263160705566,2.6427472538435457,11.231263160705566,2.6427472538435457,-1.366237998008728,-4.341324806213379
A18,1,-10.749889373779297,2.827963372416511,10.749889373779297,2.827963372416511,0.5034460425376892,-1.2855889797210693
-,0,-10.12730884552002,2.7620635079120506,10.12730884552002,2.7620635079120506,-2.03507399559021,-1.1464871168136597
-,0,-10.759090423583984,2.8293994344949245,10.759090423583984,2.8293994344949245,-10.400606155395508,-4.574145317077637
A12,1,-8.349603652954102,2.6860517754506485,8.349603652954102,2.6860517754506485,5.816351890563965,4.749650955200195
A17,1,-11.220280647277832,2.647725883131677,11.220280647277832,2.647725883131677,7.463659286499023,8.282718658447266
A17,1,-11.103023529052734,2.7589372598918587,11.103023529052734,2.7589372598918587,4.106863021850586,0.6880524754524231
-,0,-11.236103057861328,2.877195100190791,11.236103057861328,2.877195100190791,-10.684075355529785,-0.7942736148834229
-,0,-10.099228858947754,2.7984399981142416,10.099228858947754,2.7984399981142416,3.6694674491882324,-0.6215551495552063
A09,1,-9.98621940612793,2.6335232676504368,9.98621940612793,2.6335232676504368,10.061585426330566,7.698904037475586
-,0,-10.9246244430542,2.7980890309947224,10.9246244430542,2.7980890309947224,-10.262750625610352,-4.885678768157959
-,0,-10.66068172454834,2.7932425115654658,10.66068172454834,2.7932425115654658,-0.49160975217819214,-0.6290143728256226
A07,1,-10.483272552490234,2.837681902883471,10.483272552490234,2.837681902883471,5.182394981384277,5.291791915893555
-,0,-11.239461898803711,2.7700888552819785,11.239461898803711,2.7700888552819785,-0.7600261569023132,-2.4549448490142822
-,0,-11.05008316040039,2.812561380364003,11.05008316040039,2.812561380364003,-8.447093963623047,-0.7555784583091736
A16,1,-10.584084510803223,2.640928096052079,10.584084510803223,2.640928096052079,3.4065968990325928,-0.4514578878879547
-,0,-10.978650093078613,2.7660000196964343,10.978650093078613,2.7660000196964343,-2.72832989692688,-2.2188539505004883
A11,1,-10.651969909667969,2.804916559770605,10.651969909667969,2.804916559770605,0.10876841098070145,4.140593528747559
A07,1,-9.002978324890137,2.752884079605753,9.002978324890137,2.752884079605753,8.390554428100586,9.618829727172852
A07,1,-10.903764724731445,2.7067893265444414,10.903764724731445,2.7067893265444414,7.335791110992432,6.729677200317383
A08,1,-10.686569213867188,2.8647485939479314,10.686569213867188,2.8647485939479314,6.311297416687012,5.936202049255371
-,0,-11.23156452178955,2.772359663741312,11.23156452178955,2.772359663741312,-8.097125053405762,-3.9115400314331055
A10,1,-10.526527404785156,2.6822711444667067,10.526527404785156,2.6822711444667067,-0.06278152018785477,3.1171274185180664
A10,1,-10.732808113098145,2.7804449682432586,10.732808113098145,2.7804449682432586,-4.370810508728027,0.8380553722381592
-,0,-11.330607414245605,2.650181206627671,11.330607414245605,2.650181206627671,-0.7751257419586182,1.5784056186676025
A11,1,-10.46397876739502,2.6258569947165054,10.46397876739502,2.6258569947165054,5.507318019866943,5.110437393188477
-,0,-10.525623321533203,2.799462748021473,10.525623321533203,2.799462748021473,-4.636226654052734,-1.738440752029419
A14,1,-10.581345558166504,2.6367267809493358,10.581345558166504,2.6367267809493358,5.793400764465332,8.53874397277832
-,0,-10.500787734985352,2.7740130118766535,10.500787734985352,2.7740130118766535,-4.2516937255859375,3.6525256633758545
-,0,-10.270184516906738,2.732202008454001,10.270184516906738,2.732202008454001,-4.92642879486084,-2.0881190299987793
-,0,-10.870400428771973,2.8088594640597044,10.870400428771973,2.8088594640597044,-2.6123719215393066,0.16789424419403076
-,0,-10.912168502807617,2.6582105098556217,10.912168502807617,2.6582105098556217,-4.482549667358398,-2.3047451972961426
-,0,-11.158388137817383,2.767615255655039,11.158388137817383,2.767615255655039,-5.957578659057617,-4.265045642852783
-,0,-10.774937629699707,2.776733116282584,10.774937629699707,2.776733116282584,-5.12207555770874,-1.8479011058807373
A09,1,-11.181317329406738,2.7457076760396713,11.181317329406738,2.7457076760396713,5.186163902282715,9.6602783203125
A14,1,-10.905776023864746,2.743128747718612,10.905776023864746,2.743128747718612,4.758050441741943,6.514077663421631
-,0,-10.276086807250977,2.7285924689315078,10.276086807250977,2.7285924689315078,-7.58636474609375,-2.1556949615478516
-,0,-10.274925231933594,2.70575941237887,10.274925231933594,2.70575941237887,-3.6695497035980225,0.5301432609558105
A12,1,-10.49139404296875,2.5824872088016333,10.49139404296875,2.5824872088016333,7.399580001831055,9.383875846862793
A13,1,-8.710955619812012,2.6339090050900293,8.710955619812012,2.6339090050900293,5.393676280975342,6.782777786254883
-,0,-9.895550727844238,2.8421599223230634,9.895550727844238,2.8421599223230634,-3.441581964492798,-0.8440650105476379
-,0,-10.58614730834961,2.758936533816769,10.58614730834961,2.758936533816769,-4.917191505432129,-5.189815998077393
-,0,-10.772642135620117,2.6745048323104217,10.772642135620117,2.6745048323104217,-9.545186042785645,-4.835132122039795
-,0,-11.21394157409668,2.8073665413579345,11.21394157409668,2.8073665413579345,-2.984525442123413,-5.004042625427246
A17,1,-11.120329856872559,2.812948152677332,11.120329856872559,2.812948152677332,6.858170509338379,11.193312644958496
-,0,-10.701120376586914,2.8655604887304063,10.701120376586914,2.8655604887304063,-3.032963752746582,-8.027206420898438
-,0,-11.22709846496582,2.7071898053571712,11.22709846496582,2.7071898053571712,1.1734267473220825,-1.0604243278503418
A10,1,-9.809704780578613,2.666092915429637,9.809704780578613,2.666092915429637,4.749753952026367,6.382472038269043
A17,1,-10.968868255615234,2.8780151057519925,10.968868255615234,2.8780151057519925,2.3092257976531982,6.787647724151611
-,0,-10.716015815734863,2.7767266563161774,10.716015815734863,2.7767266563161774,-9.607987403869629,-4.751246929168701
-,0,-10.8402099609375,2.8272325925923227,10.8402099609375,2.8272325925923227,-6.828372955322266,-4.970240116119385
A10,1,-10.314936637878418,2.7818264893529925,10.314936637878418,2.7818264893529925,-3.086099863052368,3.2106690406799316
-,0,-10.401050567626953,2.8413543935919963,10.401050567626953,2.8413543935919963,-7.092667579650879,-2.2440614700317383
-,0,-11.112083435058594,2.695835534467969,11.112083435058594,2.695835534467969,-7.920759201049805,-6.528801441192627
-,0,-10.610573768615723,2.8002511313082485,10.610573768615723,2.8002511313082485,0.6410509943962097,-4.868066787719727
-,0,-11.220011711120605,2.861149145703672,11.220011711120605,2.861149145703672,-6.642594337463379,-6.668902397155762
A16,1,-10.043864250183105,2.76703072277285,10.043864250183105,2.76703072277285,6.64294958114624,6.813577175140381
A19,1,-10.993613243103027,2.693552562186253,10.993613243103027,2.693552562186253,-0.6672095060348511,1.2722787857055664
A13,1,-9.762024879455566,2.7712837466042224,9.762024879455566,2.7712837466042224,7.132536888122559,8.726287841796875
-,0,-11.110007286071777,2.5382252192550148,11.110007286071777,2.5382252192550148,-8.445690155029297,-8.32187271118164
A12,1,-10.86186695098877,2.680006537608869,10.86186695098877,2.680006537608869,6.790715217590332,9.964099884033203
A09,1,-11.096819877624512,2.7330970709590616,11.096819877624512,2.7330970709590616,3.25349760055542,6.2591352462768555
A10,1,-7.599699974060059,2.6572607069647525,7.599699974060059,2.6572607069647525,8.55910587310791,7.725391864776611
A18,1,-11.080840110778809,2.647451855628435,11.080840110778809,2.647451855628435,2.713853120803833,1.987067699432373
-,0,-10.997369766235352,2.9044031357466604,10.997369766235352,2.9044031357466604,-8.035782814025879,-4.244812965393066
A16,1,-10.704290390014648,2.8601008040465468,10.704290390014648,2.8601008040465468,-2.229323148727417,4.053991794586182
A15,1,-10.768899917602539,2.79623863741155,10.768899917602539,2.79623863741155,0.7446872591972351,-0.10985033959150314
-,0,-11.121582984924316,2.835971275273135,11.121582984924316,2.835971275273135,-8.175381660461426,-5.13466215133667
-,0,-10.769035339355469,2.6967125639766922,10.769035339355469,2.6967125639766922,-2.6362688541412354,-2.8152825832366943
A08,1,-10.980088233947754,2.7284497224617787,10.980088233947754,2.7284497224617787,5.268312454223633,7.722745895385742
-,0,-11.159411430358887,2.8656977739823355,11.159411430358887,2.8656977739823355,-3.369574546813965,-7.828559398651123
A07,1,-10.945171356201172,2.8175259503202223,10.945171356201172,2.8175259503202223,6.738687992095947,7.57537317276001
A10,1,-11.07299518585205,2.7944652225425686,11.07299518585205,2.7944652225425686,0.4298872649669647,3.197721242904663
-,0,-10.879400253295898,2.8480396327041575,10.879400253295898,2.8480396327041575,-6.134531497955322,-3.1332380771636963
-,0,-10.733040809631348,2.721344787922339,10.733040809631348,2.721344787922339,0.10903562605381012,-0.14955589175224304
-,0,-11.32082462310791,2.710544875686797,11.32082462310791,2.710544875686797,-6.551096439361572,-9.041557312011719
A19,1,-10.50031566619873,2.8229582328562453,10.50031566619873,2.8229582328562453,1.4029701948165894,0.4642399847507477
A07,1,-10.972846984863281,2.6273681397053745,10.972846984863281,2.6273681397053745,1.6680786609649658,5.0566911697387695
A15,1,-10.462135314941406,2.639427007775657,10.462135314941406,2.639427007775657,4.424882888793945,5.695179462432861
-,0,-10.66790771484375,2.7173820940101283,10.66790771484375,2.7173820940101283,1.8515386581420898,-1.2131333351135254
A08,1,-10.608176231384277,2.8194369189023263,10.608176231384277,2.8194369189023263,5.940248489379883,6.769518852233887
-,0,-11.102388381958008,2.8126091678609457,11.102388381958008,2.8126091678609457,-9.631964683532715,-4.092409133911133
A13,1,-10.91319751739502,2.74463525362092,10.91319751739502,2.74463525362092,7.580465316772461,9.78984260559082
-,0,-10.485323905944824,2.7238241592657944,10.485323905944824,2.7238241592657944,0.452476441860199,0.4643491804599762
A07,1,-8.713227272033691,2.681811342353696,8.713227272033691,2.681811342353696,7.559452056884766,10.734564781188965
A09,1,-10.392148971557617,2.895345675427192,10.392148971557617,2.895345675427192,6.7288055419921875,6.921918869018555
A16,1,-10.998242378234863,2.770354134708956,10.998242378234863,2.770354134708956,6.3144755363464355,8.136262893676758
-,0,-11.30737590789795,2.8916165716662388,11.30737590789795,2.8916165716662388,-2.1453046798706055,-4.605933666229248
A12,1,-10.79865837097168,2.8052281742930267,10.79865837097168,2.8052281742930267,5.462331771850586,8.528037071228027
-,0,-11.337730407714844,2.8563326963583684,11.337730407714844,2.8563326963583684,-4.566248893737793,-4.713233947753906
A19,1,-10.204117774963379,2.862838701512804,10.204117774963379,2.862838701512804,3.3495285511016846,3.1449766159057617
A14,1,-10.6649808883667,2.773487112021035,10.6649808883667,2.773487112021035,2.8317840099334717,4.572307586669922
-,0,-10.811466217041016,2.8026732744967915,10.811466217041016,2.8026732744967915,-2.939162492752075,-0.8952041268348694
-,0,-11.255566596984863,2.671130055100323,11.255566596984863,2.671130055100323,-4.994805335998535,-3.9407782554626465
A18,1,-10.857978820800781,2.6170763392109118,10.857978820800781,2.6170763392109118,-1.4618064165115356,0.5901893973350525
A19,1,-11.234703063964844,2.6637910964047444,11.234703063964844,2.6637910964047444,3.505828857421875,-0.6767255067825317
A16,1,-11.049384117126465,2.7347012374345723,11.049384117126465,2.7347012374345723,3.812786817550659,7.73335075378418
A09,1,-10.973156929016113,2.7481236426127027,10.973156929016113,2.7481236426127027,5.127926349639893,6.660314559936523
-,0,-11.040267944335938,2.8288309524792514,11.040267944335938,2.8288309524792514,-11.453219413757324,-3.5898118019104004
-,0,-11.090888023376465,2.653888449059877,11.090888023376465,2.653888449059877,-2.3591487407684326,-2.35618257522583
A11,1,-9.904257774353027,2.830203597701671,9.904257774353027,2.830203597701671,5.69630241394043,5.753174781799316
A17,1,-10.872236251831055,2.625647878958552,10.872236251831055,2.625647878958552,5.1089372634887695,4.566813945770264
A10,1,-10.684785842895508,2.6875071952191054,10.684785842895508,2.6875071952191054,4.630353927612305,0.575478196144104
-,0,-10.926368713378906,2.721278832371779,10.926368713378906,2.721278832371779,-8.79485034942627,-7.056596755981445
-,0,-10.909505844116211,2.7433641050860365,10.909505844116211,2.7433641050860365,-4.648812294006348,-1.649153470993042
A19,1,-11.010515213012695,2.6996676634128507,11.010515213012695,2.6996676634128507,3.158676862716675,6.001304626464844
A08,1,-10.888981819152832,2.7021241455573835,10.888981819152832,2.7021241455573835,9.176597595214844,8.380534172058105
A08,1,-10.806788444519043,2.6950529135578205,10.806788444519043,2.6950529135578205,3.9980244636535645,6.936012268066406
A16,1,-9.488809585571289,2.745957611753548,9.488809585571289,2.745957611753548,7.857913970947266,8.381591796875
A13,1,-10.288911819458008,2.7198843415673917,10.288911819458008,2.7198843415673917,7.992727279663086,8.476089477539062
A16,1,-10.366414070129395,2.653756648437896,10.366414070129395,2.653756648437896,2.151256799697876,3.4384918212890625
A15,1,-10.581707954406738,2.674839687726972,10.581707954406738,2.674839687726972,-0.13859465718269348,5.142911911010742
-,0,-10.826250076293945,2.8272657787572513,10.826250076293945,2.8272657787572513,-3.3465797901153564,-4.6085076332092285
-,0,-10.983129501342773,2.826230286934513,10.983129501342773,2.826230286934513,-6.015726089477539,-4.373581409454346
A19,1,-10.829998016357422,2.8322036038874177,10.829998016357422,2.8322036038874177,-1.3845434188842773,-2.1644725799560547
-,0,-11.172799110412598,2.782881898080918,11.172799110412598,2.782881898080918,-6.80317497253418,-4.208817481994629
A18,1,-11.06400203704834,2.805001300949533,11.06400203704834,2.805001300949533,1.3296908140182495,-0.35438475012779236
A18,1,-11.047112464904785,2.820531825453303,11.047112464904785,2.820531825453303,-3.0949923992156982,-2.328733444213867
A17,1,-11.518633842468262,2.8559318094470436,11.518633842468262,2.8559318094470436,6.952954292297363,7.326363563537598
A18,1,-11.182432174682617,2.6657382198726025,11.182432174682617,2.6657382198726025,3.6245040893554688,1.6206462383270264
-,0,-10.949854850769043,2.8000649062414835,10.949854850769043,2.8000649062414835,-10.366948127746582,-5.720187664031982
A09,1,-10.938194274902344,2.8091555025592343,10.938194274902344,2.8091555025592343,7.001981258392334,5.495603561401367
A09,1,-10.703030586242676,2.829627548281513,10.703030586242676,2.829627548281513,8.19267749786377,4.891912937164307
A10,1,-10.6464262008667,2.6049882496556194,10.6464262008667,2.6049882496556194,-0.46304696798324585,2.4274539947509766
A13,1,-10.784445762634277,2.776605570264307,10.784445762634277,2.776605570264307,4.938865661621094,5.446751117706299
A08,1,-11.141560554504395,2.7937080567121013,11.141560554504395,2.7937080567121013,6.528398513793945,7.885434150695801
-,0,-11.244091033935547,2.751524484078452,11.244091033935547,2.751524484078452,-1.5670140981674194,-2.2182233333587646
A11,1,-11.11047077178955,2.8549112079314334,11.11047077178955,2.8549112079314334,1.0200854539871216,-0.4507432281970978
A07,1,-9.476496696472168,2.6480270073604584,9.476496696472168,2.6480270073604584,6.071432590484619,6.245443344116211
A07,1,-7.168153285980225,2.5903964541457642,7.168153285980225,2.5903964541457642,8.086675643920898,6.437239646911621
A12,1,-11.11093521118164,2.855941333242408,11.11093521118164,2.855941333242408,4.726877212524414,8.671719551086426
-,0,-10.419644355773926,2.8099473329029596,10.419644355773926,2.8099473329029596,-7.998841285705566,-1.339784860610962
A10,1,-9.24480152130127,2.760454261940069,9.24480152130127,2.760454261940069,5.603984832763672,3.5739688873291016
-,0,-11.294751167297363,2.643765868929588,11.294751167297363,2.643765868929588,-1.3415383100509644,-1.8737082481384277
A19,1,-10.994400024414062,2.709706256876415,10.994400024414062,2.709706256876415,3.9759018421173096,0.6924504637718201
-,0,-10.46778678894043,2.7655180560414347,10.46778678894043,2.7655180560414347,-0.42367392778396606,0.08900899440050125
-,0,-10.706709861755371,2.884120837750938,10.706709861755371,2.884120837750938,-3.9429173469543457,-2.4027085304260254
-,0,-11.2728271484375,2.8367801926885687,11.2728271484375,2.8367801926885687,-12.534523963928223,-6.486629486083984
-,0,-10.478850364685059,2.7549453635055396,10.478850364685059,2.7549453635055396,-6.269852638244629,-1.219594120979309
A14,1,-10.915525436401367,2.7355172275546535,10.915525436401367,2.7355172275546535,1.5221179723739624,0.7625254392623901
A11,1,-9.982819557189941,2.696047621048927,9.982819557189941,2.696047621048927,3.810002565383911,6.4883623123168945
A15,1,-10.840733528137207,2.80950300810703,10.840733528137207,2.80950300810703,5.736480712890625,4.454258441925049
-,0,-10.773208618164062,2.8640613469040366,10.773208618164062,2.8640613469040366,1.898871660232544,2.1475989818573
A14,1,-11.141925811767578,2.667623525373188,11.141925811767578,2.667623525373188,5.834929466247559,5.788356304168701
A09,1,-10.742338180541992,2.736230900878222,10.742338180541992,2.736230900878222,1.1278965473175049,8.796564102172852
A14,1,-10.932453155517578,2.6337738708018974,10.932453155517578,2.6337738708018974,0.020454272627830505,5.533214092254639
-,0,-10.862442970275879,2.770730504242666,10.862442970275879,2.770730504242666,-4.704285621643066,-2.6453866958618164
-,0,-8.815906524658203,2.7543511266334533,8.815906524658203,2.7543511266334533,1.0127708911895752,-1.015952706336975
-,0,-9.991776466369629,2.835087232907822,9.991776466369629,2.835087232907822,-3.990041732788086,-1.2088171243667603
-,0,-11.15209674835205,2.7911814860409314,11.15209674835205,2.7911814860409314,-12.429308891296387,-6.495739936828613
A15,1,-10.960236549377441,2.7729209557397874,10.960236549377441,2.7729209557397874,-3.9959332942962646,3.845247507095337
-,0,-10.489346504211426,2.7213464387724704,10.489346504211426,2.7213464387724704,-3.6314690113067627,-0.9661126136779785
A10,1,-10.923760414123535,2.7540638910738546,10.923760414123535,2.7540638910738546,-2.0506579875946045,0.7949665188789368
A17,1,-11.152490615844727,2.7688360590875294,11.152490615844727,2.7688360590875294,6.215423583984375,3.52695894241333
-,0,-11.32273006439209,2.8254034270497,11.32273006439209,2.8254034270497,-6.874547004699707,-4.217350959777832
A09,1,-10.958860397338867,2.70212398263579,10.958860397338867,2.70212398263579,-1.2881940603256226,8.565653800964355
A14,1,-10.836031913757324,2.8176144324252386,10.836031913757324,2.8176144324252386,2.271205186843872,5.1847028732299805
A12,1,-11.220491409301758,2.7194952889489645,11.220491409301758,2.7194952889489645,7.254299163818359,3.5881359577178955
A07,1,-10.542095184326172,2.7270836762206243,10.542095184326172,2.7270836762206243,3.9368326663970947,7.4961442947387695
-,0,-10.554186820983887,2.8640968127344095,10.554186820983887,2.8640968127344095,-5.60931921005249,-5.785920143127441
A09,1,-10.878325462341309,2.749674167392795,10.878325462341309,2.749674167392795,6.765618324279785,7.641234397888184
A08,1,-10.584166526794434,2.9075987587103804,10.584166526794434,2.9075987587103804,5.086773872375488,4.177731513977051
A19,1,-11.077189445495605,2.7600589849258177,11.077189445495605,2.7600589849258177,5.131471633911133,-0.45681822299957275
A12,1,-10.975229263305664,2.713921478416106,10.975229263305664,2.713921478416106,5.205315113067627,6.833782196044922
A07,1,-10.912104606628418,2.83225138886839,10.912104606628418,2.83225138886839,5.964463233947754,6.948741912841797
A09,1,-10.371981620788574,2.69719751070905,10.371981620788574,2.69719751070905,4.352338790893555,2.871920108795166
A18,1,-10.543249130249023,2.6701907103298805,10.543249130249023,2.6701907103298805,-3.1989500522613525,-1.8381277322769165
-,0,-10.644950866699219,2.823160792570075,10.644950866699219,2.823160792570075,-3.6499602794647217,-2.8563027381896973
-,0,-10.812847137451172,2.831601401338803,10.812847137451172,2.831601401338803,-3.7731809616088867,-0.9097920060157776
A18,1,-10.347821235656738,2.80936450021015,10.347821235656738,2.80936450021015,6.2371625900268555,7.088009834289551
A16,1,-11.281214714050293,2.56792802818213,11.281214714050293,2.56792802818213,3.3135221004486084,7.709541320800781
-,0,-10.18803882598877,2.8066519751084917,10.18803882598877,2.8066519751084917,-8.280081748962402,-7.706986427307129
A09,1,-11.15818977355957,2.76774307098486,11.15818977355957,2.76774307098486,5.65178108215332,7.543768882751465
A07,1,-10.850469589233398,2.788829974535728,10.850469589233398,2.788829974535728,5.293696403503418,7.758182048797607
-,0,-10.806039810180664,2.700889092958301,10.806039810180664,2.700889092958301,-0.29782527685165405,0.08547445386648178
-,0,-10.951923370361328,2.7346207045803794,10.951923370361328,2.7346207045803794,-5.721012115478516,-7.609964370727539
-,0,-10.908754348754883,2.8338042599816973,10.908754348754883,2.8338042599816973,-6.152835369110107,-6.130408763885498
-,0,-10.791107177734375,2.769813610765641,10.791107177734375,2.769813610765641,-5.772867202758789,-0.6593104600906372
A19,1,-10.796899795532227,2.7716557246473004,10.796899795532227,2.7716557246473004,-2.141347646713257,-0.564376950263977
-,0,-11.218558311462402,2.711191721307144,11.218558311462402,2.711191721307144,-5.04335880279541,-2.2459733486175537
-,0,-10.950555801391602,2.7377793321341333,10.950555801391602,2.7377793321341333,-6.945554733276367,-7.618029594421387
-,0,-10.995041847229004,2.774967762668936,10.995041847229004,2.774967762668936,-1.3575509786605835,-4.6009111404418945
A12,1,-10.636756896972656,2.8278937280844514,10.636756896972656,2.8278937280844514,5.36863899230957,5.9929986000061035
A17,1,-11.363704681396484,2.6933432017888563,11.363704681396484,2.6933432017888563,6.465592861175537,8.166436195373535
A09,1,-10.882826805114746,2.87483548531287,10.882826805114746,2.87483548531287,8.906960487365723,9.594858169555664
A12,1,-10.184779167175293,2.790867618961184,10.184779167175293,2.790867618961184,4.2751383781433105,5.180759429931641
A16,1,-9.520209312438965,2.8001133497857214,9.520209312438965,2.8001133497857214,2.8158650398254395,5.471064567565918
-,0,-10.654487609863281,2.79051746084412,10.654487609863281,2.79051746084412,-8.940911293029785,-0.20974895358085632
A09,1,-11.289299964904785,2.7500430807559213,11.289299964904785,2.7500430807559213,5.23560905456543,7.400749206542969
A09,1,-11.056081771850586,2.6241989828717194,11.056081771850586,2.6241989828717194,3.4924285411834717,4.119992256164551
-,0,-11.087420463562012,2.7747474116769575,11.087420463562012,2.7747474116769575,-4.085095405578613,-2.8151793479919434
-,0,-11.12001895904541,2.7065625640239364,11.12001895904541,2.7065625640239364,-14.592130661010742,-5.266756057739258
A07,1,-11.035262107849121,2.876310511925897,11.035262107849121,2.876310511925897,5.715724468231201,7.380499362945557
A11,1,-10.982464790344238,2.5820985128100213,10.982464790344238,2.5820985128100213,-0.713830292224884,4.701562881469727
A17,1,-11.211438179016113,2.791520831911696,11.211438179016113,2.791520831911696,4.504540920257568,6.775289058685303
-,0,-11.143856048583984,2.848162991102177,11.143856048583984,2.848162991102177,-5.971489906311035,-7.15608024597168
A07,1,-11.143805503845215,2.700694019234872,11.143805503845215,2.700694019234872,6.307805061340332,5.493258476257324
A14,1,-10.930094718933105,2.7405253224655906,10.930094718933105,2.7405253224655906,-0.5781238675117493,2.6548287868499756
-,0,-11.174201011657715,2.8181384748949307,11.174201011657715,2.8181384748949307,-10.013482093811035,-5.708871841430664
-,0,-10.828975677490234,2.791199731812883,10.828975677490234,2.791199731812883,-9.946798324584961,-8.150226593017578
-,0,-11.169509887695312,2.7053507034047954,11.169509887695312,2.7053507034047954,-5.9037885665893555,-6.16057014465332
A17,1,-11.139107704162598,2.797614857160404,11.139107704162598,2.797614857160404,6.357083320617676,7.248895645141602
A19,1,-11.218644142150879,2.718595723857747,11.218644142150879,2.718595723857747,5.085570335388184,5.711463928222656
-,0,-10.690902709960938,2.798426539811759,10.690902709960938,2.798426539811759,-10.778122901916504,-2.5986742973327637
-,0,-10.749308586120605,2.814036211534122,10.749308586120605,2.814036211534122,-1.9167953729629517,-4.217047691345215
A11,1,-11.045392036437988,2.7456648724681525,11.045392036437988,2.7456648724681525,4.974828243255615,6.102718353271484
A10,1,-9.974838256835938,2.6223159202402537,9.974838256835938,2.6223159202402537,2.1923084259033203,0.6096323132514954
-,0,-11.392183303833008,2.780119247932694,11.392183303833008,2.780119247932694,-3.0555226802825928,-4.978884696960449
A18,1,-11.142231941223145,2.6623715690338283,11.142231941223145,2.6623715690338283,0.42154669761657715,1.1313910484313965
-,0,-11.22800064086914,2.850037128476464,11.22800064086914,2.850037128476464,-5.26029109954834,-3.9507641792297363
-,0,-11.156067848205566,2.813922062651236,11.156067848205566,2.813922062651236,-1.7975369691848755,0.1569228172302246
A17,1,-11.217023849487305,2.6799405618801484,11.217023849487305,2.6799405618801484,6.340142250061035,8.179082870483398
A13,1,-11.154932022094727,2.793828841586239,11.154932022094727,2.793828841586239,6.746894836425781,6.721075057983398
A07,1,-10.998857498168945,2.8475233336991472,10.998857498168945,2.8475233336991472,4.765551567077637,6.073990821838379
A18,1,-11.133932113647461,2.6620157753461893,11.133932113647461,2.6620157753461893,2.1663291454315186,0.20414474606513977
A08,1,-11.188604354858398,2.763072763763289,11.188604354858398,2.763072763763289,6.71183443069458,9.124217987060547
-,0,-11.34523868560791,2.7309351542283697,11.34523868560791,2.7309351542283697,-6.6774702072143555,-2.591733455657959
A08,1,-10.789297103881836,2.7682152727656137,10.789297103881836,2.7682152727656137,6.433130264282227,7.033102512359619
-,0,-10.975123405456543,2.69665460848147,10.975123405456543,2.69665460848147,-11.540448188781738,-4.365410804748535
-,0,-10.897550582885742,2.8959238940112098,10.897550582885742,2.8959238940112098,-3.659531593322754,-5.446905612945557
A10,1,-10.569560050964355,2.7849199381379734,10.569560050964355,2.7849199381379734,-1.605000376701355,0.1373620629310608
A08,1,-10.941886901855469,2.79588837594437,10.941886901855469,2.79588837594437,9.15410327911377,7.150362014770508
A12,1,-9.85560131072998,2.89943190526749,9.85560131072998,2.89943190526749,5.737526893615723,5.128339767456055
A14,1,-10.767050743103027,2.6984514906397092,10.767050743103027,2.6984514906397092,3.8122432231903076,7.340381622314453
A17,1,-11.45589828491211,2.549048379388391,11.45589828491211,2.549048379388391,6.351161956787109,6.270200729370117
-,0,-10.265260696411133,2.9425542521259525,10.265260696411133,2.9425542521259525,-3.7249722480773926,-1.5028119087219238
A09,1,-10.742508888244629,2.769460662990254,10.742508888244629,2.769460662990254,-0.1109316274523735,5.919210433959961
A10,1,-10.977804183959961,2.7673758526993724,10.977804183959961,2.7673758526993724,2.1084985733032227,4.222156047821045
-,0,-11.245455741882324,2.639921975516657,11.245455741882324,2.639921975516657,-3.614840269088745,-3.046198844909668
-,0,-10.592974662780762,2.6533744005119884,10.592974662780762,2.6533744005119884,-2.459331750869751,-0.188859224319458
A13,1,-10.109539031982422,2.8232206513344895,10.109539031982422,2.8232206513344895,7.472990989685059,8.235441207885742
-,0,-10.714741706848145,2.8522793485667868,10.714741706848145,2.8522793485667868,-4.5021281242370605,-4.011668682098389
A09,1,-11.224529266357422,2.6972812413112557,11.224529266357422,2.6972812413112557,5.558282852172852,5.959582805633545
-,0,-10.147631645202637,2.8388477895948037,10.147631645202637,2.8388477895948037,-2.6003952026367188,-1.3288007974624634
-,0,-11.017428398132324,2.8947426539146077,11.017428398132324,2.8947426539146077,-13.519366264343262,-6.191061496734619
A19,1,-10.135675430297852,2.7125521920612905,10.135675430297852,2.7125521920612905,2.1329469680786133,5.208247661590576
A14,1,-10.822548866271973,2.7326227237361156,10.822548866271973,2.7326227237361156,-1.6242367029190063,-0.04070419818162918
A07,1,-10.939529418945312,2.753144735085705,10.939529418945312,2.753144735085705,5.208677291870117,7.179075241088867
-,0,-10.281055450439453,2.803322490191958,10.281055450439453,2.803322490191958,-5.528681755065918,-2.514556646347046
A16,1,-10.605486869812012,2.717722186456399,10.605486869812012,2.717722186456399,0.004056990146636963,-0.5150451064109802
A14,1,-10.775775909423828,2.756104015834103,10.775775909423828,2.756104015834103,1.547355055809021,7.69230842590332
-,0,-10.281658172607422,2.810601271901466,10.281658172607422,2.810601271901466,-8.337424278259277,-3.4664769172668457
A14,1,-10.699954986572266,2.6469326937923037,10.699954986572266,2.6469326937923037,3.1326186656951904,4.535665988922119
-,0,-11.100618362426758,2.7519599641577255,11.100618362426758,2.7519599641577255,-14.549663543701172,-6.949919700622559
A10,1,-10.404402732849121,2.7226883262744814,10.404402732849121,2.7226883262744814,9.656100273132324,8.966583251953125
-,0,-11.266284942626953,2.755479152785971,11.266284942626953,2.755479152785971,-7.925109386444092,-7.053450107574463
A12,1,-10.680258750915527,2.6861274451820174,10.680258750915527,2.6861274451820174,6.949453353881836,8.2044038772583
A13,1,-10.726485252380371,2.7189640296612314,10.726485252380371,2.7189640296612314,6.39797830581665,5.925219535827637
A17,1,-11.323593139648438,2.7849638801388203,11.323593139648438,2.7849638801388203,5.175326347351074,4.57546329498291
A11,1,-11.253449440002441,2.7253946537259632,11.253449440002441,2.7253946537259632,-0.16304555535316467,4.5625176429748535
-,0,-10.942142486572266,2.76961487381878,10.942142486572266,2.76961487381878,-3.021775484085083,-4.112573623657227
A18,1,-11.110376358032227,2.7204763319491416,11.110376358032227,2.7204763319491416,0.30971938371658325,2.0248374938964844
-,0,-10.688159942626953,2.78242830135873,10.688159942626953,2.78242830135873,-6.342120170593262,-1.013105869293213
A08,1,-10.694148063659668,2.853826896599289,10.694148063659668,2.853826896599289,7.325684547424316,7.563887119293213
A08,1,-10.697540283203125,2.8579758681201457,10.697540283203125,2.8579758681201457,8.426228523254395,8.73068618774414
A15,1,-10.299087524414062,2.673759158680165,10.299087524414062,2.673759158680165,-2.7007930278778076,4.0464863777160645
A16,1,-11.030896186828613,2.679011199039866,11.030896186828613,2.679011199039866,5.350059509277344,3.8483386039733887
A17,1,-11.100851058959961,2.88972079201445,11.100851058959961,2.88972079201445,2.1283066272735596,6.296294212341309
A17,1,-10.884417533874512,2.8364559016461572,10.884417533874512,2.8364559016461572,0.10773676633834839,4.429506778717041
-,0,-10.897114753723145,2.7594274289920455,10.897114753723145,2.7594274289920455,-3.6248791217803955,-4.117490768432617
A17,1,-10.788411140441895,2.799064427389598,10.788411140441895,2.799064427389598,6.232616424560547,9.043047904968262
-,0,-11.004972457885742,2.83874799238842,11.004972457885742,2.83874799238842,-6.069082260131836,-5.2558817863464355
-,0,-9.401888847351074,2.8494533964097988,9.401888847351074,2.8494533964097988,-2.4899754524230957,-3.363919496536255
A08,1,-10.973917007446289,2.739970684066209,10.973917007446289,2.739970684066209,7.918345928192139,5.900993347167969
-,0,-10.712437629699707,2.8517163580705023,10.712437629699707,2.8517163580705023,4.7595086097717285,1.1366938352584839
-,0,-10.877490043640137,2.7711570489825856,10.877490043640137,2.7711570489825856,-6.513218879699707,-2.80971360206604
A18,1,-11.127153396606445,2.715291719066304,11.127153396606445,2.715291719066304,1.6264581680297852,6.268087387084961
-,0,-10.488655090332031,2.6946177119906087,10.488655090332031,2.6946177119906087,-5.518913269042969,-1.5863966941833496
-,0,-10.567571640014648,2.75674465315198,10.567571640014648,2.75674465315198,-0.44091513752937317,-0.6351652145385742
-,0,-10.34437370300293,2.745282373168119,10.34437370300293,2.745282373168119,-5.001932144165039,-1.2889604568481445
-,0,-11.001822471618652,2.585608197561419,11.001822471618652,2.585608197561419,-2.8832669258117676,-4.790286064147949
-,0,-10.536595344543457,2.8833199482106098,10.536595344543457,2.8833199482106098,-9.956717491149902,-4.898535251617432
A10,1,-10.696462631225586,2.7745701583462243,10.696462631225586,2.7745701583462243,1.0516939163208008,0.2934587001800537
A18,1,-10.321290969848633,2.7664562961643173,10.321290969848633,2.7664562961643173,-4.799079895019531,0.5564665198326111
A09,1,-10.915166854858398,2.6271749028177664,10.915166854858398,2.6271749028177664,6.187906265258789,3.056830406188965
-,0,-10.261677742004395,2.6649873107173736,10.261677742004395,2.6649873107173736,-1.3814955949783325,-2.334818124771118
-,0,-11.206328392028809,2.7269608969437913,11.206328392028809,2.7269608969437913,-2.1168212890625,-3.045724630355835
A15,1,-10.825063705444336,2.7255416944383843,10.825063705444336,2.7255416944383843,-1.4336912631988525,5.934133529663086
A09,1,-9.907918930053711,2.6407802040190616,9.907918930053711,2.6407802040190616,-3.138810157775879,8.443196296691895
A11,1,-11.087043762207031,2.760971636568601,11.087043762207031,2.760971636568601,-2.285609483718872,1.9539499282836914
-,0,-10.497042655944824,2.747685084185684,10.497042655944824,2.747685084185684,-1.9204548597335815,-0.9930459856987
A10,1,-10.747167587280273,2.6154464358395266,10.747167587280273,2.6154464358395266,3.2382564544677734,5.211366653442383
A14,1,-11.071839332580566,2.795143288141267,11.071839332580566,2.795143288141267,-1.3726154565811157,1.0938327312469482
A14,1,-10.765323638916016,2.850234870234507,10.765323638916016,2.850234870234507,5.892018795013428,6.027039527893066
-,0,-11.194233894348145,2.7352341808447784,11.194233894348145,2.7352341808447784,-7.871859073638916,-2.0200798511505127
-,0,-10.256611824035645,2.7969368909632655,10.256611824035645,2.7969368909632655,-2.9761269092559814,1.0846278667449951
A18,1,-10.368868827819824,2.743994124161715,10.368868827819824,2.743994124161715,6.138178825378418,0.8061216473579407
-,0,-10.655757904052734,2.8616049066312894,10.655757904052734,2.8616049066312894,3.5463385581970215,2.190359115600586
A10,1,-9.000732421875,2.737397226442108,9.000732421875,2.737397226442108,2.05727219581604,4.346504211425781
-,0,-11.319576263427734,2.7861329744819634,11.319576263427734,2.7861329744819634,-6.515491485595703,-4.917962551116943
A12,1,-10.934305191040039,2.757417105915208,10.934305191040039,2.757417105915208,3.6147890090942383,5.469875335693359
A14,1,-11.211753845214844,2.742048414559793,11.211753845214844,2.742048414559793,5.201569080352783,8.557211875915527
A07,1,-10.606995582580566,2.9013877662870766,10.606995582580566,2.9013877662870766,9.66127872467041,8.493624687194824
A11,1,-10.872405052185059,2.695896925557508,10.872405052185059,2.695896925557508,-0.9367517232894897,2.879439353942871
-,0,-10.63949203491211,2.7564088924616224,10.63949203491211,2.7564088924616224,0.24449849128723145,5.7088165283203125
A14,1,-10.776836395263672,2.6537469312727464,10.776836395263672,2.6537469312727464,5.097184181213379,5.206971168518066
-,0,-10.492403030395508,2.7540232985036908,10.492403030395508,2.7540232985036908,-3.6955935955047607,-1.0306122303009033
-,0,-9.951142311096191,2.814471322979487,9.951142311096191,2.814471322979487,-4.983527183532715,-3.3213353157043457
-,0,-11.044262886047363,2.6586324553364062,11.044262886047363,2.6586324553364062,-3.4444491863250732,0.26780936121940613
A15,1,-10.999500274658203,2.640192457785798,10.999500274658203,2.640192457785798,-0.8031491041183472,0.30923154950141907
A11,1,-10.714617729187012,2.7715856465117725,10.714617729187012,2.7715856465117725,-5.988504409790039,1.498221755027771
-,0,-10.786752700805664,2.852740505277544,10.786752700805664,2.852740505277544,-10.7439603805542,-5.683688163757324
-,0,-10.804384231567383,2.844991396540012,10.804384231567383,2.844991396540012,-9.603321075439453,-8.942432403564453
-,0,-11.041341781616211,2.7697442225486264,11.041341781616211,2.7697442225486264,-7.143850803375244,-4.7466583251953125
A17,1,-10.980712890625,2.808951239264404,10.980712890625,2.808951239264404,5.29852294921875,8.31556510925293
A19,1,-11.165366172790527,2.7500265853894477,11.165366172790527,2.7500265853894477,-5.118895530700684,-3.2349228858947754
A16,1,-10.896328926086426,2.5969876957433105,10.896328926086426,2.5969876957433105,4.285106658935547,2.2828598022460938
A18,1,-11.291333198547363,2.7633566282648507,11.291333198547363,2.7633566282648507,2.2060024738311768,2.5063767433166504
-,0,-10.864838600158691,2.8318863798807508,10.864838600158691,2.8318863798807508,-11.222250938415527,-6.639745712280273
-,0,-10.201011657714844,2.9212415673952763,10.201011657714844,2.9212415673952763,-3.1988377571105957,-4.419166564941406
-,0,-11.014447212219238,2.6549704085368737,11.014447212219238,2.6549704085368737,-4.510406970977783,-8.108407020568848
A07,1,-8.847002983093262,2.503815415890205,8.847002983093262,2.503815415890205,4.91865348815918,10.060859680175781
-,0,-11.025287628173828,2.7308319871786675,11.025287628173828,2.7308319871786675,-11.023287773132324,-4.274607181549072
-,0,-11.330223083496094,2.7302947483373816,11.330223083496094,2.7302947483373816,-0.31679221987724304,-6.07602071762085
A11,1,-9.927446365356445,2.7338332453749445,9.927446365356445,2.7338332453749445,5.235725402832031,8.589664459228516
A17,1,-11.105838775634766,2.7953080149773744,11.105838775634766,2.7953080149773744,1.4530370235443115,5.9031291007995605
A19,1,-11.122275352478027,2.8432792262987507,11.122275352478027,2.8432792262987507,1.809045672416687,3.4005539417266846
-,0,-11.041089057922363,2.862400109336762,11.041089057922363,2.862400109336762,-6.007205009460449,-1.1143760681152344
-,0,-10.807988166809082,2.7946717312225062,10.807988166809082,2.7946717312225062,-4.315391540527344,-2.3179144859313965
A15,1,-10.674065589904785,2.7229513327023906,10.674065589904785,2.7229513327023906,-2.694495916366577,6.112846374511719
-,0,-11.08813190460205,2.799635479093318,11.08813190460205,2.799635479093318,-2.8462820053100586,-4.744211196899414
-,0,-10.568782806396484,2.9109464056678367,10.568782806396484,2.9109464056678367,-4.4019246101379395,-3.085610866546631
-,0,-11.253836631774902,2.777601591151035,11.253836631774902,2.777601591151035,-8.281728744506836,-3.122868537902832
A10,1,-10.834420204162598,2.8052804269272746,10.834420204162598,2.8052804269272746,2.8387601375579834,1.0179486274719238
A09,1,-10.064349174499512,2.736982888745382,10.064349174499512,2.736982888745382,4.918323516845703,6.951137065887451
A09,1,-11.402286529541016,2.788913632426656,11.402286529541016,2.788913632426656,7.757126331329346,9.7333402633667
A19,1,-10.80882453918457,2.8166360083408075,10.80882453918457,2.8166360083408075,2.6054375171661377,0.6103092432022095
-,0,-11.377400398254395,2.8016644600217355,11.377400398254395,2.8016644600217355,-3.7640888690948486,-4.494383811950684
-,0,-11.113810539245605,2.811276203781822,11.113810539245605,2.811276203781822,-11.627315521240234,-6.595800399780273
A14,1,-10.323919296264648,2.742652811493954,10.323919296264648,2.742652811493954,1.3751800060272217,2.546736240386963
A08,1,-11.207441329956055,2.7520204551427487,11.207441329956055,2.7520204551427487,6.053363800048828,5.308291435241699
-,0,-10.281759262084961,2.69040706552353,10.281759262084961,2.69040706552353,-6.4673051834106445,-1.3903007507324219
A14,1,-10.909500122070312,2.6278796597034644,10.909500122070312,2.6278796597034644,4.709427833557129,6.794981956481934
-,0,-11.087428092956543,2.848680057239328,11.087428092956543,2.848680057239328,-5.071192741394043,-2.8849072456359863
-,0,-10.843475341796875,2.725446934880203,10.843475341796875,2.725446934880203,-0.3865395784378052,-1.2051087617874146
A13,1,-10.052555084228516,2.7674694308066488,10.052555084228516,2.7674694308066488,7.825136661529541,8.636178970336914
A09,1,-10.30567455291748,2.7057675984694938,10.30567455291748,2.7057675984694938,8.012899398803711,8.44886589050293
A07,1,-10.66320514678955,2.753868943778763,10.66320514678955,2.753868943778763,8.494770050048828,4.801607131958008
-,0,-10.699986457824707,2.740716531543491,10.699986457824707,2.740716531543491,-3.090989351272583,-1.406692624092102
A18,1,-11.014996528625488,2.7019595208933502,11.014996528625488,2.7019595208933502,4.669665336608887,3.402224063873291
-,0,-11.133552551269531,2.820222937191711,11.133552551269531,2.820222937191711,-14.284506797790527,-7.786609649658203
A13,1,-10.639954566955566,2.7662228184331306,10.639954566955566,2.7662228184331306,7.267230987548828,8.515512466430664
A09,1,-10.980384826660156,2.8111251077740986,10.980384826660156,2.8111251077740986,2.068385362625122,4.518364429473877
-,0,-9.833765983581543,2.83919299640886,9.833765983581543,2.83919299640886,-3.6987838745117188,-2.874664783477783
A10,1,-11.037912368774414,2.793057296034285,11.037912368774414,2.793057296034285,-6.759575366973877,1.4353448152542114
A14,1,-10.935348510742188,2.8601274330622792,10.935348510742188,2.8601274330622792,-3.890833616256714,2.9435296058654785
-,0,-10.924266815185547,2.8259728775006114,10.924266815185547,2.8259728775006114,-12.019675254821777,-7.083367347717285
-,0,-11.071541786193848,2.6713960580990395,11.071541786193848,2.6713960580990395,-7.3928422927856445,-1.9695899486541748
-,0,-10.837252616882324,2.8024867967935068,10.837252616882324,2.8024867967935068,-2.630481719970703,-2.5996923446655273
A18,1,-11.368148803710938,2.766230171329773,11.368148803710938,2.766230171329773,1.7216612100601196,1.4400157928466797
A18,1,-11.37570858001709,2.727993257154315,11.37570858001709,2.727993257154315,-1.6913203001022339,4.910393714904785
A16,1,-11.369964599609375,2.7932966725904897,11.369964599609375,2.7932966725904897,5.13870906829834,6.729032516479492
A10,1,-10.355605125427246,2.6577786596255404,10.355605125427246,2.6577786596255404,2.4850590229034424,4.6881632804870605
A08,1,-11.02913761138916,2.787905444084123,11.02913761138916,2.787905444084123,1.5594080686569214,4.685035228729248
-,0,-10.696165084838867,2.7356101145623604,10.696165084838867,2.7356101145623604,-8.941324234008789,-6.344038963317871
A15,1,-9.941051483154297,2.7084562973183526,9.941051483154297,2.7084562973183526,3.914047956466675,5.377694606781006
-,0,-11.111205101013184,2.7087689683905567,11.111205101013184,2.7087689683905567,-3.8938379287719727,-2.5328497886657715
A13,1,-10.707691192626953,2.8637406485580486,10.707691192626953,2.8637406485580486,5.896407127380371,4.1498565673828125
A10,1,-10.839757919311523,2.805728897204722,10.839757919311523,2.805728897204722,-3.9463696479797363,3.7544608116149902
A13,1,-10.947296142578125,2.7947015722384916,10.947296142578125,2.7947015722384916,7.566697597503662,9.505470275878906
A15,1,-10.855058670043945,2.7646555786328646,10.855058670043945,2.7646555786328646,7.121969223022461,8.34255313873291
A11,1,-10.733543395996094,2.778544180776083,10.733543395996094,2.778544180776083,6.493918418884277,5.783416271209717
-,0,-10.391277313232422,2.819585878976405,10.391277313232422,2.819585878976405,-6.554471015930176,-3.051152229309082
-,0,-10.204428672790527,2.7556430349906718,10.204428672790527,2.7556430349906718,-10.915745735168457,-5.627967834472656
-,0,-11.167475700378418,2.7687291947779893,11.167475700378418,2.7687291947779893,-8.96779727935791,-10.096395492553711
-,0,-11.220574378967285,2.693884571687534,11.220574378967285,2.693884571687534,-4.800766944885254,-2.6042070388793945
A19,1,-11.173868179321289,2.7925700729971696,11.173868179321289,2.7925700729971696,-5.1332855224609375,0.5720992088317871
-,0,-10.364518165588379,2.760418777030987,10.364518165588379,2.760418777030987,0.3599100708961487,-0.9320344924926758
-,0,-10.412229537963867,2.762010741527257,10.412229537963867,2.762010741527257,-2.411468982696533,-1.3070597648620605
A13,1,-10.97049331665039,2.881875852693111,10.97049331665039,2.881875852693111,7.718569755554199,10.27391242980957
-,0,-11.104528427124023,2.7083422133992325,11.104528427124023,2.7083422133992325,-3.475616693496704,-5.568567276000977
A18,1,-10.513649940490723,2.824630181690698,10.513649940490723,2.824630181690698,0.1315682828426361,2.0758488178253174
-,0,-10.454506874084473,2.8138068639507474,10.454506874084473,2.8138068639507474,-7.7926435470581055,1.3469092845916748
-,0,-11.10615062713623,2.6252013480661893,11.10615062713623,2.6252013480661893,-12.70814323425293,-7.015888690948486
A13,1,-10.066776275634766,2.5692905559509285,10.066776275634766,2.5692905559509285,7.327487468719482,7.081919193267822
A10,1,-10.817482948303223,2.5379928515085326,10.817482948303223,2.5379928515085326,4.938898086547852,8.14687728881836
A18,1,-11.245086669921875,2.6344640580709986,11.245086669921875,2.6344640580709986,1.0188831090927124,0.11915627866983414
A14,1,-10.807137489318848,2.7784522597837773,10.807137489318848,2.7784522597837773,-0.5938465595245361,5.941432952880859
A16,1,-11.229094505310059,2.7861611654294443,11.229094505310059,2.7861611654294443,4.7161736488342285,3.3269081115722656
-,0,-10.974076271057129,2.6821621591332727,10.974076271057129,2.6821621591332727,-10.859087944030762,-4.951744079589844
-,0,-11.202057838439941,2.717377207286167,11.202057838439941,2.717377207286167,-5.1017303466796875,-2.9559733867645264
-,0,-11.24382495880127,2.6908989812843145,11.24382495880127,2.6908989812843145,-5.896345138549805,-4.578144073486328
A18,1,-10.696757316589355,2.8397812792760453,10.696757316589355,2.8397812792760453,2.4431569576263428,4.9368085861206055
-,0,-11.069424629211426,2.7794209943889365,11.069424629211426,2.7794209943889365,-3.7038652896881104,-2.9130821228027344
A11,1,-10.738901138305664,2.7172781322683033,10.738901138305664,2.7172781322683033,0.4915873408317566,-0.559326171875
A15,1,-10.999237060546875,2.6534625385491273,10.999237060546875,2.6534625385491273,8.189723014831543,7.698378562927246
A18,1,-11.165324211120605,2.7184747601684296,11.165324211120605,2.7184747601684296,4.484584808349609,4.976991653442383
-,0,-10.862531661987305,2.8424380541828422,10.862531661987305,2.8424380541828422,-13.220842361450195,-6.676732063293457
-,0,-11.077973365783691,2.8859054324138866,11.077973365783691,2.8859054324138866,-8.7579984664917,-8.25791072845459
-,0,-11.154231071472168,2.8676064968605672,11.154231071472168,2.8676064968605672,-9.997117042541504,-8.164352416992188
-,0,-10.573868751525879,2.8830739582087186,10.573868751525879,2.8830739582087186,-4.286811828613281,-1.7237889766693115
-,0,-10.120498657226562,2.6852879443154936,10.120498657226562,2.6852879443154936,-12.149725914001465,-3.7334141731262207
-,0,-11.019269943237305,2.6770144075978126,11.019269943237305,2.6770144075978126,-4.342898845672607,-3.9002838134765625
A19,1,-11.098952293395996,2.648787498012348,11.098952293395996,2.648787498012348,1.3419793844223022,0.7407801151275635
A16,1,-10.416390419006348,2.762880583808378,10.416390419006348,2.762880583808378,4.550222396850586,6.772575378417969
-,0,-10.896637916564941,2.7056511337746225,10.896637916564941,2.7056511337746225,-6.7271952629089355,-1.4247816801071167
A14,1,-11.082005500793457,2.6902899204299606,11.082005500793457,2.6902899204299606,-3.471086263656616,0.9878108501434326
A12,1,-10.937994003295898,2.7354383138166702,10.937994003295898,2.7354383138166702,2.029766798019409,0.15049639344215393
-,0,-11.13404655456543,2.832109097907235,11.13404655456543,2.832109097907235,-13.262984275817871,-7.193691730499268
A10,1,-10.718881607055664,2.770772646773795,10.718881607055664,2.770772646773795,2.8168864250183105,6.56249475479126
A07,1,-11.197283744812012,2.5848704914851144,11.197283744812012,2.5848704914851144,8.287891387939453,8.086849212646484
-,0,-11.166851997375488,2.7273311738632513,11.166851997375488,2.7273311738632513,-5.566315650939941,-0.8610383868217468
-,0,-11.322110176086426,2.8267832445297216,11.322110176086426,2.8267832445297216,-3.476163148880005,-0.48661008477211
-,0,-10.3710355758667,2.885994319100889,10.3710355758667,2.885994319100889,-6.689939498901367,-1.7737228870391846
A19,1,-10.827346801757812,2.841016176483905,10.827346801757812,2.841016176483905,-2.8429105281829834,5.52083683013916
A19,1,-11.189003944396973,2.6333789578668836,11.189003944396973,2.6333789578668836,0.6286512017250061,1.928602695465088
A13,1,-10.446377754211426,2.7216707842459495,10.446377754211426,2.7216707842459495,4.0095367431640625,8.868666648864746
-,0,-10.522758483886719,2.7707323786913056,10.522758483886719,2.7707323786913056,-7.434034824371338,-2.0064682960510254
A11,1,-10.572607040405273,2.6647309798519387,10.572607040405273,2.6647309798519387,3.9100584983825684,7.004367351531982
A07,1,-9.722467422485352,2.771451418359108,9.722467422485352,2.771451418359108,9.0152587890625,8.775045394897461
A14,1,-10.978111267089844,2.7069264045129167,10.978111267089844,2.7069264045129167,1.5839612483978271,3.7218246459960938
-,0,-11.11618709564209,2.876248254243912,11.11618709564209,2.876248254243912,-5.413276672363281,-1.417673110961914
A11,1,-10.975883483886719,2.6271692284403745,10.975883483886719,2.6271692284403745,4.6039605140686035,3.1576342582702637
-,0,-10.637661933898926,2.6723749520375453,10.637661933898926,2.6723749520375453,-6.424175262451172,-1.7285540103912354
A19,1,-10.66250228881836,2.8856144506770374,10.66250228881836,2.8856144506770374,-3.2896206378936768,-3.4503321647644043
-,0,-11.29458999633789,2.729674700309217,11.29458999633789,2.729674700309217,-6.257938385009766,-6.95832633972168
A17,1,-10.877970695495605,2.8403792942353183,10.877970695495605,2.8403792942353183,3.4612655639648438,2.7251815795898438
-,0,-11.011998176574707,2.757785622388178,11.011998176574707,2.757785622388178,-5.043267250061035,-6.619112968444824
A14,1,-11.169258117675781,2.802688502588886,11.169258117675781,2.802688502588886,-0.6333816051483154,1.0131402015686035
A12,1,-10.923843383789062,2.723463847182233,10.923843383789062,2.723463847182233,8.058574676513672,10.988775253295898
-,0,-10.470365524291992,2.748071989085032,10.470365524291992,2.748071989085032,-9.509218215942383,-3.1336793899536133
A18,1,-10.927998542785645,2.7740989973580596,10.927998542785645,2.7740989973580596,4.044800758361816,0.8817942142486572
A11,1,-10.922093391418457,2.6207946204159853,10.922093391418457,2.6207946204159853,3.3122377395629883,0.10775607079267502
A11,1,-10.987142562866211,2.7138165496496263,10.987142562866211,2.7138165496496263,4.834664344787598,0.6047577261924744
-,0,-10.409339904785156,2.8105369251218466,10.409339904785156,2.8105369251218466,-8.877243041992188,-2.2377538681030273
A15,1,-10.824261665344238,2.8125028801725365,10.824261665344238,2.8125028801725365,2.758798599243164,5.765119552612305
A16,1,-11.273655891418457,2.560818099785992,11.273655891418457,2.560818099785992,6.259263038635254,3.935363531112671
A15,1,-11.111722946166992,2.664119843147258,11.111722946166992,2.664119843147258,2.845468282699585,6.647507667541504
A18,1,-11.135272026062012,2.7420212872133716,11.135272026062012,2.7420212872133716,0.4326598346233368,0.22039321064949036
A19,1,-11.355917930603027,2.7357521294813796,11.355917930603027,2.7357521294813796,3.1255900859832764,1.629499912261963
A17,1,-11.307896614074707,2.7447751804432694,11.307896614074707,2.7447751804432694,3.678088426589966,5.82320499420166
A09,1,-11.195412635803223,2.711494257093956,11.195412635803223,2.711494257093956,5.815404891967773,8.564998626708984
-,0,-11.313095092773438,2.7189014476838396,11.313095092773438,2.7189014476838396,-13.128486633300781,-7.483024597167969
A15,1,-10.97902774810791,2.819511106352892,10.97902774810791,2.819511106352892,-2.4872052669525146,4.455513954162598
A17,1,-11.005342483520508,2.626787485623739,11.005342483520508,2.626787485623739,2.0594704151153564,1.4571068286895752
A13,1,-10.890703201293945,2.9044431667078667,10.890703201293945,2.9044431667078667,6.079516410827637,7.76354455947876
A15,1,-11.11690616607666,2.726260899349301,11.11690616607666,2.726260899349301,-1.3751479387283325,1.1500744819641113
-,0,-10.883421897888184,2.832664701810142,10.883421897888184,2.832664701810142,-1.427855372428894,-7.022211074829102
-,0,-10.626433372497559,2.768890458789647,10.626433372497559,2.768890458789647,-2.9840986728668213,-2.308043956756592
-,0,-10.476862907409668,2.817972990023587,10.476862907409668,2.817972990023587,-3.8527207374572754,-1.2644226551055908
-,0,-11.131242752075195,2.8965034805812806,11.131242752075195,2.8965034805812806,-7.426212787628174,-8.594070434570312
A12,1,-10.988923072814941,2.7044481158949285,10.988923072814941,2.7044481158949285,7.369994640350342,7.610411643981934
A13,1,-10.579986572265625,2.7922432885994626,10.579986572265625,2.7922432885994626,7.520071983337402,10.873224258422852
-,0,-10.89477252960205,2.7634325439416947,10.89477252960205,2.7634325439416947,-6.060372352600098,-1.9702134132385254
A12,1,-11.1719388961792,2.750488760682349,11.1719388961792,2.750488760682349,5.012427806854248,4.894211769104004
-,0,-11.253626823425293,2.712567332614999,11.253626823425293,2.712567332614999,-2.367868185043335,-7.057458400726318
-,0,-11.22638988494873,2.684146176202059,11.22638988494873,2.684146176202059,-6.655837059020996,-5.934367656707764
-,0,-10.843192100524902,2.745083295695439,10.843192100524902,2.745083295695439,-6.692302227020264,-2.7349517345428467
A17,1,-10.985004425048828,2.840830782111065,10.985004425048828,2.840830782111065,5.256675720214844,7.069855690002441
A11,1,-10.633432388305664,2.7566325881044023,10.633432388305664,2.7566325881044023,3.8143792152404785,6.302396774291992
-,0,-11.048632621765137,2.714001493005098,11.048632621765137,2.714001493005098,-2.6573708057403564,-3.593705177307129
A13,1,-9.641812324523926,2.6934071176591754,9.641812324523926,2.6934071176591754,5.77633810043335,7.423427581787109
-,0,-10.632769584655762,2.8373510723734183,10.632769584655762,2.8373510723734183,-9.284964561462402,-1.8247215747833252
-,0,-10.76388931274414,2.8033940674678544,10.76388931274414,2.8033940674678544,-13.958207130432129,-2.3863396644592285
A19,1,-10.94161605834961,2.870770053302395,10.94161605834961,2.870770053302395,-0.11160535365343094,0.5351404547691345
A09,1,-10.878534317016602,2.7868577166707595,10.878534317016602,2.7868577166707595,5.396910667419434,5.647057056427002
-,0,-11.018061637878418,2.7268875077110826,11.018061637878418,2.7268875077110826,-3.3844897747039795,-1.3373574018478394
A07,1,-10.519743919372559,2.81855630849318,10.519743919372559,2.81855630849318,3.916893720626831,6.793973445892334
A15,1,-11.26748275756836,2.8968047373505144,11.26748275756836,2.8968047373505144,3.2929656505584717,0.7628021240234375
A07,1,-10.771440505981445,2.7634010269912093,10.771440505981445,2.7634010269912093,5.080468654632568,6.986391067504883
-,0,-11.16831111907959,2.67852013718902,11.16831111907959,2.67852013718902,-4.854169845581055,-3.726191520690918
A16,1,-10.646552085876465,2.722455228009471,10.646552085876465,2.722455228009471,5.408319473266602,4.132793426513672
-,0,-10.98360824584961,2.777235346978773,10.98360824584961,2.777235346978773,-12.025883674621582,-9.242443084716797
-,0,-10.912495613098145,2.7264294691806112,10.912495613098145,2.7264294691806112,-8.709742546081543,1.4131054878234863
-,0,-10.936779975891113,2.84065599435971,10.936779975891113,2.84065599435971,-6.92997932434082,-4.061516761779785
A16,1,-11.151567459106445,2.7304666671461657,11.151567459106445,2.7304666671461657,4.457324028015137,-0.14304348826408386
A14,1,-11.173147201538086,2.9113859430731894,11.173147201538086,2.9113859430731894,1.9329752922058105,0.8145405054092407
A10,1,-10.720612525939941,2.718116512326836,10.720612525939941,2.718116512326836,5.9553327560424805,2.410835027694702
-,0,-11.036699295043945,2.6609025932172528,11.036699295043945,2.6609025932172528,-8.724474906921387,-6.025880813598633
A16,1,-10.667768478393555,2.716894187053028,10.667768478393555,2.716894187053028,2.604998826980591,4.345231533050537
-,0,-11.216106414794922,2.7546678927307533,11.216106414794922,2.7546678927307533,-7.542110443115234,-7.577478885650635
A09,1,-10.021062850952148,2.718555438756081,10.021062850952148,2.718555438756081,2.711517572402954,7.592593669891357
A14,1,-10.982704162597656,2.784175794726948,10.982704162597656,2.784175794726948,2.6345083713531494,4.595815658569336
-,0,-10.5057954788208,2.8040432763803937,10.5057954788208,2.8040432763803937,-9.452872276306152,-1.8656247854232788
A14,1,-11.114648818969727,2.8560242417772783,11.114648818969727,2.8560242417772783,4.936687469482422,8.801289558410645
-,0,-11.202857971191406,2.720623274314549,11.202857971191406,2.720623274314549,-3.608755111694336,-0.6324372291564941
A17,1,-10.264710426330566,2.802654033432414,10.264710426330566,2.802654033432414,2.172240972518921,4.64469575881958
A19,1,-10.483820915222168,2.790370189786991,10.483820915222168,2.790370189786991,1.807552695274353,0.36553433537483215
A12,1,-11.2081937789917,2.71102059985829,11.2081937789917,2.71102059985829,6.898579120635986,10.00735092163086
-,0,-10.94858169555664,2.839149513556975,10.94858169555664,2.839149513556975,-7.19435977935791,-0.03098991885781288
-,0,-11.045013427734375,2.8814700126089705,11.045013427734375,2.8814700126089705,-10.44935131072998,-2.7578306198120117
-,0,-11.010587692260742,2.5935271865318335,11.010587692260742,2.5935271865318335,-7.076992988586426,-1.2695074081420898
A10,1,-8.302959442138672,2.5171046023835517,8.302959442138672,2.5171046023835517,6.121362686157227,8.10858154296875
A14,1,-11.010001182556152,2.7400841618315224,11.010001182556152,2.7400841618315224,-3.571347951889038,1.997999668121338
A13,1,-10.658215522766113,2.846054413604373,10.658215522766113,2.846054413604373,7.018779754638672,5.59749698638916
-,0,-10.755674362182617,2.8294609203367362,10.755674362182617,2.8294609203367362,-4.911643981933594,0.6333615779876709
A12,1,-10.39090347290039,2.7015111381993444,10.39090347290039,2.7015111381993444,6.897470951080322,10.079998970031738
A12,1,-10.909006118774414,2.8381857551559717,10.909006118774414,2.8381857551559717,8.7935791015625,6.968862533569336
A18,1,-11.193901062011719,2.7650483721569277,11.193901062011719,2.7650483721569277,-3.994371175765991,-0.16498291492462158
A07,1,-8.111895561218262,2.708510428970781,8.111895561218262,2.708510428970781,8.198196411132812,8.615612983703613
-,0,-11.01249885559082,2.7358643720565676,11.01249885559082,2.7358643720565676,-8.379800796508789,-8.48498821258545
-,0,-10.809896469116211,2.8240157708359472,10.809896469116211,2.8240157708359472,-7.482895374298096,-1.3477017879486084
-,0,-11.38766098022461,2.7191713114626337,11.38766098022461,2.7191713114626337,-2.841897487640381,-1.8584574460983276
A07,1,-10.706867218017578,2.7248608882999155,10.706867218017578,2.7248608882999155,5.407631874084473,7.883133411407471
A19,1,-10.616215705871582,2.829974445446622,10.616215705871582,2.829974445446622,-1.1982824802398682,-1.1665738821029663
-,0,-10.933669090270996,2.686113085370118,10.933669090270996,2.686113085370118,-2.527109146118164,-7.439859867095947
A09,1,-10.916903495788574,2.6865741646836834,10.916903495788574,2.6865741646836834,9.796748161315918,7.45503044128418
A11,1,-10.920604705810547,2.690693702624688,10.920604705810547,2.690693702624688,-6.517945289611816,-2.045199155807495
A09,1,-10.224187850952148,2.729451289432337,10.224187850952148,2.729451289432337,5.191499710083008,7.393170356750488
A18,1,-11.314684867858887,2.701888604584717,11.314684867858887,2.701888604584717,4.184269428253174,3.1969451904296875
A09,1,-10.744951248168945,2.826783948944622,10.744951248168945,2.826783948944622,6.549952983856201,8.703895568847656
A13,1,-10.758828163146973,2.8274962224208604,10.758828163146973,2.8274962224208604,7.481359004974365,8.636799812316895
-,0,-10.321747779846191,2.7297528897550083,10.321747779846191,2.7297528897550083,-3.3997395038604736,-1.1479378938674927
-,0,-11.306657791137695,2.7163910504072573,11.306657791137695,2.7163910504072573,-9.956934928894043,-4.131131649017334
A16,1,-10.687910079956055,2.586152638578439,10.687910079956055,2.586152638578439,0.5302538275718689,7.167826175689697
-,0,-7.138718128204346,2.560679240379099,7.138718128204346,2.560679240379099,-0.10757517069578171,-1.4226162433624268
-,0,-11.188490867614746,2.7665460835762596,11.188490867614746,2.7665460835762596,-1.6042845249176025,-3.8556766510009766
-,0,-11.389142990112305,2.7391302190354354,11.389142990112305,2.7391302190354354,-4.643617153167725,-4.899008750915527
A14,1,-10.55080509185791,2.6058798359468796,10.55080509185791,2.6058798359468796,2.98364520072937,3.842804193496704
-,0,-10.636415481567383,2.8247513009341136,10.636415481567383,2.8247513009341136,-2.642277479171753,-4.073490619659424
-,0,-11.456867218017578,2.6524681777944044,11.456867218017578,2.6524681777944044,-3.0672800540924072,-0.8483036756515503
-,0,-10.649750709533691,2.760897588699634,10.649750709533691,2.760897588699634,-2.228114366531372,-1.4122354984283447
-,0,-11.152097702026367,2.621784126837862,11.152097702026367,2.621784126837862,-17.04261016845703,-6.058876991271973
A09,1,-11.166709899902344,2.7768968049085516,11.166709899902344,2.7768968049085516,4.428061485290527,7.101144790649414
A15,1,-10.913244247436523,2.8009125316287857,10.913244247436523,2.8009125316287857,3.818822145462036,4.820932388305664
-,0,-11.145204544067383,2.704786738788467,11.145204544067383,2.704786738788467,-6.2912726402282715,-4.4190802574157715
-,0,-10.529258728027344,2.7816058079248656,10.529258728027344,2.7816058079248656,-3.6022932529449463,-2.3514246940612793
-,0,-10.31739616394043,2.826005412430891,10.31739616394043,2.826005412430891,-3.0132102966308594,-1.0572857856750488
A10,1,-10.575505256652832,2.78946112543773,10.575505256652832,2.78946112543773,-3.5541274547576904,0.8819019794464111
-,0,-10.966473579406738,2.7803999633008334,10.966473579406738,2.7803999633008334,0.03910704702138901,0.018219076097011566
A12,1,-10.082682609558105,2.7532042307262685,10.082682609558105,2.7532042307262685,8.633345603942871,7.207165718078613
A14,1,-11.057217597961426,2.8616793218215952,11.057217597961426,2.8616793218215952,3.438723087310791,8.437031745910645
-,0,-11.287958145141602,2.700070767979345,11.287958145141602,2.700070767979345,-5.639410018920898,-1.6248760223388672
A09,1,-10.786812782287598,2.7625849616518363,10.786812782287598,2.7625849616518363,7.147353172302246,6.497467994689941
-,0,-10.451057434082031,2.897350799937568,10.451057434082031,2.897350799937568,-9.762057304382324,-3.9728477001190186
-,0,-11.023805618286133,2.813530532506036,11.023805618286133,2.813530532506036,-7.299420356750488,-2.8349366188049316
A18,1,-11.10536003112793,2.7638874054078424,11.10536003112793,2.7638874054078424,0.2609097361564636,6.423369407653809
A11,1,-10.963006973266602,2.7751272746246634,10.963006973266602,2.7751272746246634,-0.36112111806869507,2.0871353149414062
A11,1,-10.849594116210938,2.881043326390992,10.849594116210938,2.881043326390992,1.7567931413650513,4.117948532104492
A09,1,-10.63072395324707,2.8761476276065197,10.63072395324707,2.8761476276065197,5.261476516723633,7.920948028564453
A08,1,-11.178303718566895,2.729837558195263,11.178303718566895,2.729837558195263,3.772888422012329,5.640038013458252
A08,1,-10.716836929321289,2.6846823306351695,10.716836929321289,2.6846823306351695,8.190055847167969,7.114262580871582
A11,1,-9.981904029846191,2.727398830508338,9.981904029846191,2.727398830508338,2.932739019393921,7.461194038391113
-,0,-11.148782730102539,2.6749242801148854,11.148782730102539,2.6749242801148854,-2.8219704627990723,-0.9765892028808594
A10,1,-11.102121353149414,2.9269419005982305,11.102121353149414,2.9269419005982305,4.882993221282959,0.2485024333000183
A12,1,-10.835076332092285,2.7995121220165275,10.835076332092285,2.7995121220165275,6.466200828552246,7.645825386047363
A14,1,-11.099547386169434,2.7089052039352324,11.099547386169434,2.7089052039352324,6.062656879425049,4.6260552406311035
-,0,-10.9569673538208,2.8142826886872463,10.9569673538208,2.8142826886872463,-9.85234546661377,-3.839954137802124
-,0,-11.204209327697754,2.865112791601189,11.204209327697754,2.865112791601189,-7.005465030670166,-2.9915759563446045
-,0,-11.121491432189941,2.7238386129472523,11.121491432189941,2.7238386129472523,-11.86821460723877,-3.789856433868408
A13,1,-10.963013648986816,2.682442172062473,10.963013648986816,2.682442172062473,7.8535871505737305,10.685285568237305
A18,1,-10.635187149047852,2.669417085331963,10.635187149047852,2.669417085331963,0.6369196772575378,3.630237579345703
-,0,-10.688848495483398,2.7478494915534664,10.688848495483398,2.7478494915534664,-3.1556591987609863,-8.641587257385254
A10,1,-10.78048038482666,2.5853159398284915,10.78048038482666,2.5853159398284915,-2.4517476558685303,1.1135036945343018
A18,1,-11.181270599365234,2.7748780453326862,11.181270599365234,2.7748780453326862,5.501473426818848,4.593082427978516
A07,1,-10.39208698272705,2.721832815949223,10.39208698272705,2.721832815949223,2.537825107574463,2.739476203918457
-,0,-11.073406219482422,2.809657685647986,11.073406219482422,2.809657685647986,0.6515448689460754,-0.9430363774299622
-,0,-10.06384563446045,2.813766784089873,10.06384563446045,2.813766784089873,0.12755094468593597,-0.6611967086791992
A12,1,-9.370697021484375,2.68600265634054,9.370697021484375,2.68600265634054,3.921102285385132,3.845681667327881
A08,1,-11.127243041992188,2.842597517786328,11.127243041992188,2.842597517786328,4.0036821365356445,7.658149242401123
-,0,-11.018972396850586,2.727139230327661,11.018972396850586,2.727139230327661,-3.568808078765869,-1.9838542938232422
-,0,-10.712644577026367,2.845492245162805,10.712644577026367,2.845492245162805,-4.52440881729126,-6.534270286560059
A11,1,-10.987632751464844,2.7292466617916666,10.987632751464844,2.7292466617916666,-3.9386165142059326,0.7073979377746582
A07,1,-10.633183479309082,2.7404082783224126,10.633183479309082,2.7404082783224126,0.5018887519836426,2.8123369216918945
-,0,-11.094377517700195,2.7178909528827737,11.094377517700195,2.7178909528827737,-0.849076509475708,-0.9005019068717957
A12,1,-10.553337097167969,2.6857613090013475,10.553337097167969,2.6857613090013475,8.332709312438965,9.331528663635254
-,0,-11.146082878112793,2.7444132198686875,11.146082878112793,2.7444132198686875,-5.763027191162109,-7.665961265563965
A12,1,-9.243890762329102,2.8126511663936427,9.243890762329102,2.8126511663936427,4.967212677001953,-1.0395326614379883
-,0,-11.062098503112793,2.793116570683221,11.062098503112793,2.793116570683221,-11.2372407913208,-4.372095108032227
-,0,-11.01888370513916,2.821707070015029,11.01888370513916,2.821707070015029,-2.105541467666626,-4.817215919494629
A08,1,-10.862371444702148,2.665280270788111,10.862371444702148,2.665280270788111,8.844156265258789,6.422842979431152
-,0,-10.761550903320312,2.795336736146466,10.761550903320312,2.795336736146466,-3.8597538471221924,-2.7112576961517334
-,0,-11.052785873413086,2.7854013545629166,11.052785873413086,2.7854013545629166,-8.69235897064209,-3.3956832885742188
A10,1,-10.529608726501465,2.6804219145727384,10.529608726501465,2.6804219145727384,1.6893583536148071,6.702655792236328
-,0,-11.24017333984375,2.7806952616933107,11.24017333984375,2.7806952616933107,-7.911760330200195,-2.7623069286346436
A12,1,-10.446022987365723,2.606345871434911,10.446022987365723,2.606345871434911,8.32628345489502,7.168731212615967
A19,1,-11.049304008483887,2.6702370854490773,11.049304008483887,2.6702370854490773,2.3284051418304443,-0.8134307265281677
A12,1,-10.661279678344727,2.6785558668874025,10.661279678344727,2.6785558668874025,2.247058391571045,5.773551940917969
A07,1,-11.042374610900879,2.7454436523686967,11.042374610900879,2.7454436523686967,5.998035430908203,3.75592041015625
-,0,-10.66015338897705,2.9151874090153354,10.66015338897705,2.9151874090153354,-6.359908103942871,-5.571991920471191
A10,1,-10.39885139465332,2.6320198923828686,10.39885139465332,2.6320198923828686,2.8190391063690186,5.064084529876709
A19,1,-10.766016960144043,2.745130887876074,10.766016960144043,2.745130887876074,-3.7463910579681396,-0.8270038366317749
-,0,-10.815410614013672,2.7729804971112193,10.815410614013672,2.7729804971112193,-2.5534167289733887,-3.975562572479248
-,0,-11.23531436920166,2.746656437681334,11.23531436920166,2.746656437681334,-5.377367973327637,-4.073139667510986
A12,1,-10.860990524291992,2.8699605689513144,10.860990524291992,2.8699605689513144,5.4213762283325195,9.380056381225586
A11,1,-10.864648818969727,2.793359961481773,10.864648818969727,2.793359961481773,-3.1518938541412354,2.0938987731933594
A07,1,-11.009782791137695,2.768126582674229,11.009782791137695,2.768126582674229,3.104905843734741,3.4745335578918457
A18,1,-11.039345741271973,2.8261268025405664,11.039345741271973,2.8261268025405664,6.605242729187012,5.568974494934082
-,0,-11.00896167755127,2.8239956652637246,11.00896167755127,2.8239956652637246,-6.825577259063721,-4.573271751403809
A11,1,-10.94434642791748,2.6569624139006507,10.94434642791748,2.6569624139006507,2.1836957931518555,3.2688071727752686
-,0,-10.549653053283691,2.748214859155593,10.549653053283691,2.748214859155593,-7.526649475097656,-6.718321800231934
A10,1,-9.209013938903809,2.6066272259967747,9.209013938903809,2.6066272259967747,5.141940116882324,6.548492431640625
A15,1,-10.58495044708252,2.8536515221746113,10.58495044708252,2.8536515221746113,-3.462923765182495,2.708888530731201
-,0,-11.034590721130371,2.749087554275847,11.034590721130371,2.749087554275847,-9.693928718566895,-5.934410095214844
-,0,-10.594356536865234,2.76268499039431,10.594356536865234,2.76268499039431,-9.247036933898926,-4.720546245574951
-,0,-11.166876792907715,2.86032991326936,11.166876792907715,2.86032991326936,-2.808157205581665,-0.3202199339866638
A12,1,-10.456503868103027,2.681826482904646,10.456503868103027,2.681826482904646,7.13038444519043,3.9673590660095215
A11,1,-10.945184707641602,2.7774991959754676,10.945184707641602,2.7774991959754676,2.20908784866333,5.627378463745117
-,0,-10.834372520446777,2.7520872884633856,10.834372520446777,2.7520872884633856,-1.1920952796936035,-3.9031639099121094
A18,1,-10.81049633026123,2.733942621336246,10.81049633026123,2.733942621336246,-4.747439384460449,-0.672936201095581
-,0,-10.555898666381836,2.851234025775237,10.555898666381836,2.851234025775237,-9.815855026245117,-3.7029170989990234
-,0,-10.650954246520996,2.8389162180516045,10.650954246520996,2.8389162180516045,-1.9244444370269775,-0.880292534828186
A14,1,-10.7462739944458,2.7203215532610545,10.7462739944458,2.7203215532610545,0.7325358986854553,5.681780815124512
A18,1,-11.13665771484375,2.727586801197593,11.13665771484375,2.727586801197593,6.3070878982543945,3.899014711380005
-,0,-10.5392484664917,2.6718847815514577,10.5392484664917,2.6718847815514577,-1.8482577800750732,-1.7952501773834229
-,0,-10.711596488952637,2.806351605010397,10.711596488952637,2.806351605010397,-3.871340274810791,-1.8640838861465454
-,0,-11.111529350280762,2.747981799769474,11.111529350280762,2.747981799769474,-5.867698669433594,-3.684354782104492
-,0,-11.153570175170898,2.8375632690873145,11.153570175170898,2.8375632690873145,-11.404860496520996,-5.204388618469238
-,0,-11.168292999267578,2.7978696698904963,11.168292999267578,2.7978696698904963,-2.827929735183716,-5.818082809448242
A07,1,-8.907270431518555,2.595948180342424,8.907270431518555,2.595948180342424,5.937689781188965,4.713600158691406
A08,1,-10.792250633239746,2.870695233592568,10.792250633239746,2.870695233592568,4.067179203033447,7.745659828186035
-,0,-10.725852966308594,2.8083436077619846,10.725852966308594,2.8083436077619846,-8.291439056396484,-1.1093101501464844
-,0,-11.069546699523926,2.7667251913814828,11.069546699523926,2.7667251913814828,-11.79831314086914,-7.995918273925781
-,0,-10.656396865844727,2.622551300850024,10.656396865844727,2.622551300850024,-10.295073509216309,-2.5020806789398193
-,0,-10.529435157775879,2.789013869726328,10.529435157775879,2.789013869726328,-8.982277870178223,-1.27423095703125
-,0,-10.743249893188477,2.767028850972425,10.743249893188477,2.767028850972425,-6.455141067504883,-4.432814598083496
A16,1,-10.764880180358887,2.829758630071638,10.764880180358887,2.829758630071638,6.470281600952148,4.530218124389648
-,0,-10.720185279846191,2.871928196512626,10.720185279846191,2.871928196512626,-13.278804779052734,-6.459926605224609
A07,1,-10.343695640563965,2.881416803601534,10.343695640563965,2.881416803601534,4.362275123596191,8.592981338500977
A13,1,-9.405865669250488,2.760718110932403,9.405865669250488,2.760718110932403,7.594855785369873,9.237150192260742
-,0,-10.648111343383789,2.7570791164374033,10.648111343383789,2.7570791164374033,-1.3656877279281616,1.3378474712371826
A12,1,-10.974672317504883,2.759686190685803,10.974672317504883,2.759686190685803,5.0779571533203125,8.05760383605957
-,0,-10.634718894958496,2.841431008246772,10.634718894958496,2.841431008246772,-2.931180000305176,-0.23402556777000427
-,0,-10.757706642150879,2.8225536086062823,10.757706642150879,2.8225536086062823,-1.3085745573043823,0.9062583446502686
-,0,-10.477771759033203,2.864068733497952,10.477771759033203,2.864068733497952,0.31289300322532654,0.8739804625511169
A18,1,-11.273842811584473,2.7073329651491673,11.273842811584473,2.7073329651491673,2.4013330936431885,1.359299659729004
A19,1,-10.541569709777832,2.919539240942803,10.541569709777832,2.919539240942803,-1.8542726039886475,-0.4653122127056122
A09,1,-10.645036697387695,2.6555116892588804,10.645036697387695,2.6555116892588804,0.7071666121482849,6.741883754730225
A10,1,-10.92331314086914,2.681624196710387,10.92331314086914,2.681624196710387,-1.4793959856033325,2.3154335021972656
A10,1,-10.16433048248291,2.7069401715706127,10.16433048248291,2.7069401715706127,5.588681221008301,7.030338287353516
-,0,-10.896242141723633,2.815569954121419,10.896242141723633,2.815569954121419,-7.1453046798706055,-7.4644551277160645
-,0,-11.019767761230469,2.7184666017168335,11.019767761230469,2.7184666017168335,-7.997260093688965,-3.6476263999938965
-,0,-11.15530014038086,2.6805121357147588,11.15530014038086,2.6805121357147588,-1.1314111948013306,-1.3522602319717407
-,0,-10.696045875549316,2.782166250200585,10.696045875549316,2.782166250200585,-5.975224494934082,-1.6053438186645508
A13,1,-10.643288612365723,2.7976642166311225,10.643288612365723,2.7976642166311225,7.244421482086182,9.670866966247559
A08,1,-10.66188907623291,2.678364859888369,10.66188907623291,2.678364859888369,-0.9288748502731323,3.481809139251709
-,0,-11.255455017089844,2.684513512578268,11.255455017089844,2.684513512578268,0.39891517162323,-3.25277042388916
-,0,-10.804869651794434,2.6865517639006464,10.804869651794434,2.6865517639006464,-8.988227844238281,-4.555044174194336
-,0,-11.187386512756348,2.7717211764054723,11.187386512756348,2.7717211764054723,-3.9603726863861084,-1.2673351764678955
A15,1,-10.674135208129883,2.711344890947535,10.674135208129883,2.711344890947535,-4.559051990509033,3.327624797821045
A17,1,-10.824475288391113,2.7238158692113323,10.824475288391113,2.7238158692113323,5.0094780921936035,3.0425944328308105
-,0,-10.838407516479492,2.8733200716555602,10.838407516479492,2.8733200716555602,-13.4693603515625,-5.78874397277832
A13,1,-10.195430755615234,2.667379654478541,10.195430755615234,2.667379654478541,7.998631477355957,7.75484561920166
A16,1,-10.967484474182129,2.5057707233460222,10.967484474182129,2.5057707233460222,6.887025833129883,4.28995943069458
-,0,-11.04902172088623,2.774470187774248,11.04902172088623,2.774470187774248,-4.729788780212402,-2.6810615062713623
-,0,-11.015531539916992,2.8289463415511116,11.015531539916992,2.8289463415511116,-8.851727485656738,-2.212223768234253
-,0,-10.052230834960938,2.813045007988415,10.052230834960938,2.813045007988415,-3.009161949157715,-2.2986412048339844
A09,1,-10.811517715454102,2.5449324313647574,10.811517715454102,2.5449324313647574,4.735101699829102,7.932093143463135
-,0,-10.553011894226074,2.8302051597501223,10.553011894226074,2.8302051597501223,0.8014954924583435,-0.12954312562942505
-,0,-10.348052024841309,2.8012732396146927,10.348052024841309,2.8012732396146927,1.6474530696868896,0.2307315170764923
A12,1,-10.899557113647461,2.767443681456234,10.899557113647461,2.767443681456234,-0.11972977966070175,2.5418167114257812
A16,1,-11.152566909790039,2.8320067822550974,11.152566909790039,2.8320067822550974,6.681110382080078,6.583801746368408
A19,1,-10.786101341247559,2.712538326681163,10.786101341247559,2.712538326681163,1.582397222518921,0.14524689316749573
A12,1,-11.010786056518555,2.775427412819495,11.010786056518555,2.775427412819495,5.530317783355713,0.24701926112174988
A15,1,-10.961915016174316,2.7375324949621276,10.961915016174316,2.7375324949621276,1.018054485321045,2.181997776031494
A19,1,-11.116347312927246,2.600242070745106,11.116347312927246,2.600242070745106,3.3473799228668213,3.498366594314575
-,0,-10.882240295410156,2.776855525655473,10.882240295410156,2.776855525655473,-11.442212104797363,-4.17040491104126
-,0,-10.562084197998047,2.892333678309918,10.562084197998047,2.892333678309918,-1.3287359476089478,-1.8697618246078491
A07,1,-10.683077812194824,2.631914972072078,10.683077812194824,2.631914972072078,3.7683115005493164,3.4628899097442627
A08,1,-11.445037841796875,2.76598471885558,11.445037841796875,2.76598471885558,7.774930000305176,8.498815536499023
-,0,-11.272229194641113,2.6637017046811127,11.272229194641113,2.6637017046811127,-8.393721580505371,-3.0916006565093994
A14,1,-10.83655071258545,2.805004673300564,10.83655071258545,2.805004673300564,-1.218348741531372,1.8704665899276733
A18,1,-10.816652297973633,2.631900180743937,10.816652297973633,2.631900180743937,-6.9959259033203125,-0.7328701019287109
-,0,-11.142765998840332,2.744573631273565,11.142765998840332,2.744573631273565,-6.399882793426514,-7.7954559326171875
-,0,-10.540751457214355,2.8416243809905075,10.540751457214355,2.8416243809905075,-9.798893928527832,-0.9525463581085205
-,0,-11.30777645111084,2.671044464275326,11.30777645111084,2.671044464275326,-4.409556865692139,-6.580685615539551
A17,1,-11.066428184509277,2.7602360606996252,11.066428184509277,2.7602360606996252,3.7819130420684814,8.317172050476074
-,0,-11.240163803100586,2.7772362467285787,11.240163803100586,2.7772362467285787,-4.8857293128967285,-0.5584702491760254
-,0,-11.18602466583252,2.795388568569195,11.18602466583252,2.795388568569195,-4.868189334869385,-3.925656795501709
-,0,-11.076828956604004,2.851013076334902,11.076828956604004,2.851013076334902,-4.283515930175781,-3.874302864074707
A17,1,-11.00247859954834,2.7917353888457126,11.00247859954834,2.7917353888457126,2.856139659881592,0.8343750238418579
A11,1,-10.998562812805176,2.820059325478772,10.998562812805176,2.820059325478772,2.5003292560577393,5.560762405395508
-,0,-11.06028938293457,2.6384905870386177,11.06028938293457,2.6384905870386177,0.36907652020454407,-3.1476540565490723
A19,1,-11.106395721435547,2.7743774978988838,11.106395721435547,2.7743774978988838,4.945273399353027,4.128026962280273
A11,1,-10.75,2.60217348994891,10.75,2.60217348994891,4.124922275543213,7.833370685577393
-,0,-11.231249809265137,2.810306917759634,11.231249809265137,2.810306917759634,-7.519833564758301,-2.9222726821899414
-,0,-10.736538887023926,2.8328002341592957,10.736538887023926,2.8328002341592957,-3.060109853744507,-0.3461678922176361
-,0,-10.995162963867188,2.6214675516261536,10.995162963867188,2.6214675516261536,-4.539989948272705,-0.9199864864349365
A19,1,-11.219048500061035,2.7038423218627035,11.219048500061035,2.7038423218627035,-2.462573528289795,-1.933538794517517
A13,1,-10.715182304382324,2.7007739755309355,10.715182304382324,2.7007739755309355,6.497806549072266,6.594395160675049
A12,1,-10.923537254333496,2.6415293457110622,10.923537254333496,2.6415293457110622,4.415675163269043,8.435388565063477
A13,1,-10.865055084228516,2.77333141846044,10.865055084228516,2.77333141846044,7.248945713043213,8.110237121582031
A14,1,-10.504273414611816,2.5238826641157823,10.504273414611816,2.5238826641157823,4.544116973876953,4.035428524017334
-,0,-10.524434089660645,2.816665082997348,10.524434089660645,2.816665082997348,1.4494255781173706,-0.9169690608978271
A18,1,-11.228188514709473,2.8061410337512007,11.228188514709473,2.8061410337512007,-2.8771183490753174,-0.8936483860015869
A19,1,-10.778287887573242,2.816658400771197,10.778287887573242,2.816658400771197,-4.452642440795898,-0.5513118505477905
A15,1,-10.940422058105469,2.7742273165599225,10.940422058105469,2.7742273165599225,1.3981558084487915,5.153313636779785
A16,1,-10.995399475097656,2.7069949996551483,10.995399475097656,2.7069949996551483,2.8423166275024414,0.8127279877662659
-,0,-11.109719276428223,2.723336745143435,11.109719276428223,2.723336745143435,-5.006747245788574,-3.1264679431915283
A17,1,-9.908265113830566,2.7535728060252933,9.908265113830566,2.7535728060252933,5.017108917236328,4.83755350112915
-,0,-10.251051902770996,2.752593950512405,10.251051902770996,2.752593950512405,-6.842154502868652,-0.9896650314331055
-,0,-11.186895370483398,2.796335493994573,11.186895370483398,2.796335493994573,-9.493852615356445,-4.718367576599121
A18,1,-10.896299362182617,2.6455301875487063,10.896299362182617,2.6455301875487063,6.296592712402344,3.2097067832946777
-,0,-10.937141418457031,2.6492745318881346,10.937141418457031,2.6492745318881346,-9.280274391174316,-8.601568222045898
-,0,-11.012017250061035,2.7473391988217863,11.012017250061035,2.7473391988217863,-2.551190137863159,-0.5451294183731079
A14,1,-10.689101219177246,2.746451726881026,10.689101219177246,2.746451726881026,0.5026066303253174,3.4275779724121094
A16,1,-11.15478801727295,2.612154517061587,11.15478801727295,2.612154517061587,4.615939140319824,6.909333229064941
A12,1,-10.674176216125488,2.671802401962948,10.674176216125488,2.671802401962948,8.238785743713379,6.828829765319824
-,0,-11.227230072021484,2.759028316954996,11.227230072021484,2.759028316954996,-4.386592388153076,-3.6906020641326904
A17,1,-11.088860511779785,2.73168013416586,11.088860511779785,2.73168013416586,1.840830683708191,7.527207851409912
-,0,-10.866963386535645,2.7757249798112653,10.866963386535645,2.7757249798112653,-6.072626113891602,-4.982561111450195
-,0,-10.413923263549805,2.7379861350912433,10.413923263549805,2.7379861350912433,-3.371546745300293,-1.1515772342681885
A18,1,-11.332136154174805,2.683554154831803,11.332136154174805,2.683554154831803,4.706277847290039,6.457450866699219
A11,1,-10.886444091796875,2.82361524409586,10.886444091796875,2.82361524409586,-3.8176422119140625,5.010549068450928
A14,1,-11.009744644165039,2.7852000093483222,11.009744644165039,2.7852000093483222,-1.8456752300262451,4.80324125289917
A16,1,-11.05301570892334,2.7382212905901007,11.05301570892334,2.7382212905901007,8.054598808288574,9.129470825195312
A08,1,-10.766133308410645,2.767435567512531,10.766133308410645,2.767435567512531,5.533049583435059,6.938806533813477
A12,1,-10.044275283813477,2.79208134816077,10.044275283813477,2.79208134816077,6.890250205993652,5.921701431274414
A14,1,-10.986862182617188,2.7388875339039997,10.986862182617188,2.7388875339039997,4.534960746765137,3.899468421936035
-,0,-11.043848991394043,2.7295794339147816,11.043848991394043,2.7295794339147816,-3.932077169418335,-0.8791686296463013
A10,1,-11.238551139831543,2.5979630933939086,11.238551139831543,2.5979630933939086,5.805749416351318,-1.3916049003601074
-,0,-11.219378471374512,2.7131142101533547,11.219378471374512,2.7131142101533547,-2.804514169692993,-4.70270299911499
A12,1,-11.024494171142578,2.611313389539357,11.024494171142578,2.611313389539357,5.146812438964844,5.228998184204102
A17,1,-10.78508472442627,2.699767780989161,10.78508472442627,2.699767780989161,3.6368253231048584,1.9717350006103516
-,0,-10.394661903381348,2.764177803918183,10.394661903381348,2.764177803918183,-5.229132175445557,-1.8693454265594482
-,0,-10.278584480285645,2.7342082105463112,10.278584480285645,2.7342082105463112,-5.59313440322876,-1.644333839416504
A12,1,-10.845555305480957,2.566065716245304,10.845555305480957,2.566065716245304,3.1857383251190186,4.423556327819824
-,0,-10.93593692779541,2.7964086402455255,10.93593692779541,2.7964086402455255,-9.943521499633789,-6.365711688995361
A15,1,-10.863258361816406,2.7930452179954415,10.863258361816406,2.7930452179954415,4.659331798553467,3.8792858123779297
A09,1,-10.98169994354248,2.623219948724126,10.98169994354248,2.623219948724126,7.295093536376953,6.224055767059326
-,0,-10.778754234313965,2.8028990267373683,10.778754234313965,2.8028990267373683,-7.226349830627441,-1.6190457344055176
-,0,-10.760584831237793,2.76743879411567,10.760584831237793,2.76743879411567,2.278763771057129,2.6984896659851074
A19,1,-10.752346992492676,2.79791036455612,10.752346992492676,2.79791036455612,0.4354192018508911,-1.3749589920043945
A15,1,-10.584139823913574,2.7888887308994885,10.584139823913574,2.7888887308994885,-1.3171602487564087,4.048305511474609
-,0,-10.788244247436523,2.67801451635087,10.788244247436523,2.67801451635087,-4.525574684143066,-1.1463031768798828
-,0,-10.57269287109375,2.769993430452926,10.57269287109375,2.769993430452926,-1.8026494979858398,-2.415742874145508
-,0,-11.156024932861328,2.6204933880783674,11.156024932861328,2.6204933880783674,-12.30654239654541,-7.4224019050598145
A11,1,-10.810845375061035,2.734833898840261,10.810845375061035,2.734833898840261,7.6926422119140625,7.157632827758789
A11,1,-11.047266006469727,2.8412792523592123,11.047266006469727,2.8412792523592123,-0.2884267568588257,3.56826114654541
A15,1,-10.9374418258667,2.750230719642854,10.9374418258667,2.750230719642854,2.173696994781494,3.4979748725891113
-,0,-11.251564979553223,2.726878517274996,11.251564979553223,2.726878517274996,-10.328949928283691,-4.877471923828125
A11,1,-10.613548278808594,2.897271503464421,10.613548278808594,2.897271503464421,4.2867889404296875,5.016841888427734
A15,1,-10.85038948059082,2.7362139361296545,10.85038948059082,2.7362139361296545,2.3632941246032715,5.194487571716309
A16,1,-10.915932655334473,2.8126538127172718,10.915932655334473,2.8126538127172718,3.25727915763855,-0.5735311508178711
A11,1,-10.903931617736816,2.563346380434912,10.903931617736816,2.563346380434912,3.8359808921813965,4.044285774230957
A07,1,-10.893610000610352,2.6621617913124354,10.893610000610352,2.6621617913124354,5.819029808044434,7.637786865234375
-,0,-10.9480619430542,2.782888849558618,10.9480619430542,2.782888849558618,-7.2077131271362305,-3.9845471382141113
A10,1,-10.72905445098877,2.6686848810234176,10.72905445098877,2.6686848810234176,6.636113166809082,6.14780855178833
-,0,-11.177902221679688,2.8727061332483657,11.177902221679688,2.8727061332483657,-9.059342384338379,-4.206988334655762
-,0,-10.860819816589355,2.7214972927784618,10.860819816589355,2.7214972927784618,-7.419422149658203,-0.7349614500999451
-,0,-11.486605644226074,2.747028434848638,11.486605644226074,2.747028434848638,-6.386417865753174,-5.598503589630127
A11,1,-9.566078186035156,2.676684745773713,9.566078186035156,2.676684745773713,3.7706286907196045,6.910458564758301
A14,1,-10.951116561889648,2.6385626366193327,10.951116561889648,2.6385626366193327,0.9958427548408508,3.2479639053344727
A15,1,-11.078140258789062,2.85022841030918,11.078140258789062,2.85022841030918,5.216253757476807,2.6055727005004883
A15,1,-10.258577346801758,2.8220979972167153,10.258577346801758,2.8220979972167153,5.793243408203125,3.179654598236084
A15,1,-10.797616958618164,2.644269793217863,10.797616958618164,2.644269793217863,-5.503188610076904,4.246958255767822
-,0,-11.14627456665039,2.8074432069836903,11.14627456665039,2.8074432069836903,-7.372042179107666,-2.0261926651000977
A07,1,-10.831856727600098,2.83933600926609,10.831856727600098,2.83933600926609,3.770754098892212,6.777130126953125
A17,1,-10.713654518127441,2.7487202258541235,10.713654518127441,2.7487202258541235,3.845695734024048,4.305501937866211
-,0,-10.959776878356934,2.5873752031250117,10.959776878356934,2.5873752031250117,-6.515408039093018,-6.195160865783691
A17,1,-10.527854919433594,2.772008192245097,10.527854919433594,2.772008192245097,7.167309761047363,5.59664249420166
A11,1,-10.847332954406738,2.7832919618753307,10.847332954406738,2.7832919618753307,4.561439514160156,1.3788728713989258
A15,1,-10.73104190826416,2.7468019883377903,10.73104190826416,2.7468019883377903,5.105868339538574,3.6526083946228027
-,0,-10.532403945922852,2.6948032123087304,10.532403945922852,2.6948032123087304,-3.800743341445923,-4.1063737869262695
-,0,-11.174677848815918,2.729865986304504,11.174677848815918,2.729865986304504,1.0407688617706299,-1.1951125860214233
-,0,-10.964920997619629,2.7460381598536077,10.964920997619629,2.7460381598536077,-8.332669258117676,-4.200955390930176
A10,1,-11.005948066711426,2.7214827430450512,11.005948066711426,2.7214827430450512,3.7886626720428467,2.897578001022339
A14,1,-10.827768325805664,2.6750547034957965,10.827768325805664,2.6750547034957965,4.696865081787109,6.075464725494385
A13,1,-11.13735580444336,2.884225767772376,11.13735580444336,2.884225767772376,7.678084850311279,7.666024684906006
-,0,-10.69325065612793,2.807865027162209,10.69325065612793,2.807865027162209,1.2374204397201538,-0.46767255663871765
-,0,-11.118967056274414,2.8481741684179838,11.118967056274414,2.8481741684179838,-3.5766847133636475,-5.020875453948975
A17,1,-10.921263694763184,2.8336122049938424,10.921263694763184,2.8336122049938424,4.387787818908691,2.4190585613250732
A10,1,-10.700942039489746,2.710982098641775,10.700942039489746,2.710982098641775,-3.9133477210998535,3.344365119934082
A17,1,-10.597535133361816,2.6863065695543384,10.597535133361816,2.6863065695543384,3.3369929790496826,-1.0345299243927002
-,0,-10.928764343261719,2.8571340209250664,10.928764343261719,2.8571340209250664,-5.42459774017334,-2.920583963394165
A15,1,-11.025033950805664,2.7412920983466336,11.025033950805664,2.7412920983466336,-4.492302417755127,1.042264699935913
A11,1,-10.875383377075195,2.7843806060958594,10.875383377075195,2.7843806060958594,7.021842956542969,7.445075988769531
-,0,-10.497002601623535,2.709683073015056,10.497002601623535,2.709683073015056,-2.3477768898010254,-0.9524673819541931
-,0,-11.12657356262207,2.7546668442357114,11.12657356262207,2.7546668442357114,-2.8889713287353516,-5.864112854003906
A17,1,-11.119993209838867,2.684293634485996,11.119993209838867,2.684293634485996,5.467355728149414,8.685741424560547
-,0,-10.93183708190918,2.7771911754715557,10.93183708190918,2.7771911754715557,-4.920918941497803,-2.0317814350128174
A15,1,-11.076406478881836,2.664656263430548,11.076406478881836,2.664656263430548,0.25063076615333557,5.626538276672363
-,0,-11.185324668884277,2.777463153596828,11.185324668884277,2.777463153596828,-5.841997146606445,-3.2918996810913086
A16,1,-9.411428451538086,2.7285830410781338,9.411428451538086,2.7285830410781338,4.257083415985107,6.08089017868042
A10,1,-10.921496391296387,2.811637660568707,10.921496391296387,2.811637660568707,3.3229899406433105,-0.6169795989990234
-,0,-11.096090316772461,2.7693526286305032,11.096090316772461,2.7693526286305032,-8.129607200622559,-5.138700485229492
A17,1,-10.79860782623291,2.7393197323031337,10.79860782623291,2.7393197323031337,5.902623176574707,4.77403450012207
-,0,-11.071175575256348,2.730122227016034,11.071175575256348,2.730122227016034,-7.065073490142822,-6.357970237731934
A08,1,-10.451562881469727,2.7476962734011625,10.451562881469727,2.7476962734011625,8.380297660827637,7.363227844238281
-,0,-11.117446899414062,2.861422557736402,11.117446899414062,2.861422557736402,-9.643811225891113,-9.483531951904297
-,0,-10.889119148254395,2.6993298461257886,10.889119148254395,2.6993298461257886,-0.005290471017360687,0.9153546690940857
A10,1,-10.806695938110352,2.7969846288749043,10.806695938110352,2.7969846288749043,-0.011179305613040924,4.584570407867432
A16,1,-11.158302307128906,2.7573156229567743,11.158302307128906,2.7573156229567743,7.502044677734375,7.338171482086182
A15,1,-10.591231346130371,2.815811815130048,10.591231346130371,2.815811815130048,-2.655325412750244,1.7207016944885254
-,0,-10.8292236328125,2.848619535614325,10.8292236328125,2.848619535614325,-7.491975784301758,0.9684202671051025
-,0,-11.171082496643066,2.6969807330521265,11.171082496643066,2.6969807330521265,-5.235071182250977,-7.02717399597168
-,0,-11.12640380859375,2.770284412219629,11.12640380859375,2.770284412219629,-4.908565521240234,-3.7416605949401855
A14,1,-10.869773864746094,2.7755618525630195,10.869773864746094,2.7755618525630195,-0.7030841708183289,3.5748231410980225
A10,1,-10.803065299987793,2.644672276375084,10.803065299987793,2.644672276375084,-1.979451060295105,3.9790334701538086
-,0,-11.27173137664795,2.6896767979556837,11.27173137664795,2.6896767979556837,0.37639784812927246,-1.9323251247406006
-,0,-9.76312255859375,2.7756370090545923,9.76312255859375,2.7756370090545923,-6.291298866271973,-4.2114458084106445
-,0,-11.008659362792969,2.721710040860965,11.008659362792969,2.721710040860965,-8.320119857788086,-5.513822078704834
-,0,-10.66816520690918,2.78488784465427,10.66816520690918,2.78488784465427,-7.237909317016602,-1.4892420768737793
-,0,-11.098899841308594,2.862046647641504,11.098899841308594,2.862046647641504,-1.4404677152633667,-6.8566131591796875
-,0,-11.150263786315918,2.743173864495409,11.150263786315918,2.743173864495409,-7.1020636558532715,-1.7028076648712158
A07,1,-10.769001960754395,2.7696541747579615,10.769001960754395,2.7696541747579615,6.196380615234375,6.365063190460205
-,0,-11.238242149353027,2.620558664613309,11.238242149353027,2.620558664613309,-2.193392515182495,-2.2716431617736816
A17,1,-11.237824440002441,2.730344084467694,11.237824440002441,2.730344084467694,4.792082786560059,1.461310625076294
A09,1,-10.868861198425293,2.6474510174721453,10.868861198425293,2.6474510174721453,6.370703220367432,8.782273292541504
-,0,-10.745874404907227,2.7550334782619963,10.745874404907227,2.7550334782619963,-9.716891288757324,-2.629955291748047
A15,1,-10.911009788513184,2.78979809431234,10.911009788513184,2.78979809431234,-2.6027538776397705,6.078739166259766
-,0,-11.01058578491211,2.7833774542282765,11.01058578491211,2.7833774542282765,-11.347458839416504,-9.091495513916016
A11,1,-10.952115058898926,2.719831253630039,10.952115058898926,2.719831253630039,7.3511810302734375,4.7088541984558105
A11,1,-10.663788795471191,2.7877305967846286,10.663788795471191,2.7877305967846286,0.8756235837936401,2.931262731552124
A10,1,-10.570961952209473,2.8500252727296753,10.570961952209473,2.8500252727296753,3.001420259475708,3.6133604049682617
-,0,-11.23491382598877,2.6151496127388127,11.23491382598877,2.6151496127388127,-10.060256004333496,-8.887917518615723
A18,1,-10.990352630615234,2.790550840217193,10.990352630615234,2.790550840217193,-0.8294848203659058,1.6894257068634033
A09,1,-10.98094654083252,2.807227990060252,10.98094654083252,2.807227990060252,7.189175605773926,6.074370384216309
-,0,-11.144144058227539,2.6582083251879043,11.144144058227539,2.6582083251879043,-1.3883941173553467,-1.2383477687835693
-,0,-10.937291145324707,2.8662629973259444,10.937291145324707,2.8662629973259444,-6.000061988830566,-5.788565635681152
-,0,-10.47685718536377,2.8212746498342613,10.47685718536377,2.8212746498342613,0.941150426864624,-0.17487406730651855
-,0,-10.373019218444824,2.829302270686958,10.373019218444824,2.829302270686958,-4.0020294189453125,-1.2034411430358887
-,0,-10.827715873718262,2.808084372748355,10.827715873718262,2.808084372748355,-3.5613744258880615,-6.225671291351318
-,0,-10.828694343566895,2.8702614300752356,10.828694343566895,2.8702614300752356,-14.548165321350098,-4.35084867477417
-,0,-11.093950271606445,2.8007625587336156,11.093950271606445,2.8007625587336156,-5.411019325256348,-2.31402587890625
A15,1,-11.060462951660156,2.7508928322526676,11.060462951660156,2.7508928322526676,4.969101905822754,3.8157989978790283
-,0,-10.961404800415039,2.7433002166392475,10.961404800415039,2.7433002166392475,-9.686375617980957,-5.795204162597656
-,0,-10.834468841552734,2.68084918287398,10.834468841552734,2.68084918287398,-3.4493396282196045,-0.9512144327163696
-,0,-11.047137260437012,2.693898425185428,11.047137260437012,2.693898425185428,-5.002851486206055,-8.87315845489502
A08,1,-10.54373550415039,2.849571184430986,10.54373550415039,2.849571184430986,-2.426412343978882,2.8578882217407227
A13,1,-10.973692893981934,2.881781452542899,10.973692893981934,2.881781452542899,6.87848424911499,9.126662254333496
-,0,-11.139337539672852,2.6923604716040535,11.139337539672852,2.6923604716040535,-10.510363578796387,-7.372543811798096
-,0,-10.249356269836426,2.8860005892030336,10.249356269836426,2.8860005892030336,-10.300283432006836,-2.0332016944885254
-,0,-10.529029846191406,2.699115820579125,10.529029846191406,2.699115820579125,-5.902490139007568,-1.2275352478027344
A12,1,-10.337799072265625,2.752304131121858,10.337799072265625,2.752304131121858,7.605420112609863,4.855136871337891
A17,1,-11.023101806640625,2.841862211279251,11.023101806640625,2.841862211279251,2.2499003410339355,-1.2226711511611938
A17,1,-11.214489936828613,2.78999249310214,11.214489936828613,2.78999249310214,5.1700286865234375,5.693531036376953
A11,1,-11.001547813415527,2.629913567946548,11.001547813415527,2.629913567946548,3.743014097213745,6.917717933654785
A19,1,-11.341973304748535,2.741119036839811,11.341973304748535,2.741119036839811,2.5134057998657227,-0.7255387306213379
-,0,-11.104340553283691,2.7679831723666974,11.104340553283691,2.7679831723666974,-2.305811643600464,-3.191058397293091
A12,1,-11.061253547668457,2.6059564241258504,11.061253547668457,2.6059564241258504,0.039202168583869934,3.211165189743042
A11,1,-11.201984405517578,2.8065048507732837,11.201984405517578,2.8065048507732837,1.8864710330963135,3.590590000152588
A17,1,-10.503846168518066,2.843147111615799,10.503846168518066,2.843147111615799,6.832783222198486,1.7677271366119385
A09,1,-11.182286262512207,2.7498921952142474,11.182286262512207,2.7498921952142474,5.493758678436279,9.500880241394043
A11,1,-10.96717357635498,2.7683096564127947,10.96717357635498,2.7683096564127947,3.1932928562164307,5.338702201843262
-,0,-11.390746116638184,2.7137360112406985,11.390746116638184,2.7137360112406985,-8.79706859588623,-6.339521408081055
-,0,-11.162849426269531,2.8462243105960585,11.162849426269531,2.8462243105960585,-13.588135719299316,-6.715537071228027
-,0,-10.981573104858398,2.8046560890966896,10.981573104858398,2.8046560890966896,-6.205006122589111,-7.6016011238098145
-,0,-11.370059967041016,2.7453083741534368,11.370059967041016,2.7453083741534368,-3.903698682785034,-2.0185160636901855
-,0,-11.443998336791992,2.704785307055838,11.443998336791992,2.704785307055838,-8.543713569641113,-6.568072319030762
A14,1,-11.21619701385498,2.7196737180562245,11.21619701385498,2.7196737180562245,2.0459320545196533,2.6434903144836426
A12,1,-10.857776641845703,2.6330650350783547,10.857776641845703,2.6330650350783547,7.085281848907471,6.705942153930664
-,0,-10.646111488342285,2.8535702119301716,10.646111488342285,2.8535702119301716,-2.783442497253418,-1.3029793500900269
A11,1,-10.690204620361328,2.8075910101530965,10.690204620361328,2.8075910101530965,-0.010775573551654816,4.236151218414307
A12,1,-6.860116958618164,2.6535585037911993,6.860116958618164,2.6535585037911993,7.689178466796875,8.184995651245117
A13,1,-10.87015438079834,2.7733759905359197,10.87015438079834,2.7733759905359197,7.740907669067383,8.948905944824219
A10,1,-10.900495529174805,2.6402542202523374,10.900495529174805,2.6402542202523374,0.24825015664100647,0.00044890493154525757
-,0,-10.956135749816895,2.914331106850389,10.956135749816895,2.914331106850389,-2.7704432010650635,-1.502784013748169
-,0,-11.222533226013184,2.755427627049101,11.222533226013184,2.755427627049101,-7.2282280921936035,-2.3485188484191895
A09,1,-10.778545379638672,2.709033742790259,10.778545379638672,2.709033742790259,-0.16860437393188477,7.776756286621094
-,0,-10.325944900512695,2.6984660283655457,10.325944900512695,2.6984660283655457,-9.379861831665039,-5.343645095825195
-,0,-10.67745590209961,2.817594552095228,10.67745590209961,2.817594552095228,-4.189770221710205,-1.0362138748168945
A09,1,-10.868760108947754,2.835522853340257,10.868760108947754,2.835522853340257,3.4568703174591064,6.7458086013793945
-,0,-11.225654602050781,2.76578782294024,11.225654602050781,2.76578782294024,-6.713065147399902,-4.59869384765625
-,0,-10.236054420471191,2.807984387029094,10.236054420471191,2.807984387029094,-8.393715858459473,-0.9601323008537292
-,0,-10.6846923828125,2.675647779273695,10.6846923828125,2.675647779273695,-1.5429106950759888,-1.3664437532424927
-,0,-10.964723587036133,2.7688468940136457,10.964723587036133,2.7688468940136457,-10.25014877319336,-8.080978393554688
A16,1,-10.01997184753418,2.633556010209401,10.01997184753418,2.633556010209401,5.508534908294678,10.215126037597656
A09,1,-10.898153305053711,2.7578572443135716,10.898153305053711,2.7578572443135716,3.1242830753326416,5.623610019683838
-,0,-11.043840408325195,2.7211973053275997,11.043840408325195,2.7211973053275997,-3.391216993331909,-7.44818115234375
A08,1,-10.814689636230469,2.8620242551746946,10.814689636230469,2.8620242551746946,7.496450901031494,6.688777923583984
-,0,-11.08033561706543,2.756961366669961,11.08033561706543,2.756961366669961,-7.823376655578613,-7.370688438415527
-,0,-10.525824546813965,2.8074410161065426,10.525824546813965,2.8074410161065426,-11.864657402038574,-8.937458038330078
-,0,-11.231497764587402,2.8313988470797766,11.231497764587402,2.8313988470797766,-6.355351448059082,-2.5970277786254883
A19,1,-10.972517013549805,2.799179671174958,10.972517013549805,2.799179671174958,-0.7782104015350342,0.45863279700279236
A11,1,-9.204329490661621,2.556058653369736,9.204329490661621,2.556058653369736,1.1911340951919556,7.3402557373046875
-,0,-11.34778881072998,2.7102616515583673,11.34778881072998,2.7102616515583673,-5.492698669433594,-3.425149440765381
A10,1,-9.075177192687988,2.500007250153617,9.075177192687988,2.500007250153617,2.012784242630005,1.4377012252807617
-,0,-11.295243263244629,2.700237772496898,11.295243263244629,2.700237772496898,-6.764499187469482,-8.216580390930176
-,0,-10.69486141204834,2.8212921250223904,10.69486141204834,2.8212921250223904,-4.196254730224609,-3.057898998260498
A10,1,-10.854959487915039,2.680091335619207,10.854959487915039,2.680091335619207,5.097617149353027,5.124292850494385
A14,1,-10.566300392150879,2.6756413048744148,10.566300392150879,2.6756413048744148,0.655526340007782,6.8597822189331055
A15,1,-10.77858829498291,2.7760620927212387,10.77858829498291,2.7760620927212387,-2.297603130340576,7.161647796630859
A14,1,-10.953983306884766,2.7704751149415734,10.953983306884766,2.7704751149415734,-0.31990981101989746,5.6618571281433105
-,0,-11.031856536865234,2.7536306475976353,11.031856536865234,2.7536306475976353,-3.3669536113739014,-2.4246938228607178
A18,1,-11.061298370361328,2.7288658562571313,11.061298370361328,2.7288658562571313,3.4258525371551514,1.943678617477417
-,0,-10.513166427612305,2.7893824192879286,10.513166427612305,2.7893824192879286,-2.7850191593170166,-0.9283350706100464
A13,1,-10.356537818908691,2.711657464362017,10.356537818908691,2.711657464362017,7.166759490966797,10.084807395935059
A13,1,-10.130355834960938,2.7756638596930827,10.130355834960938,2.7756638596930827,7.189175128936768,7.314209938049316
A09,1,-10.895578384399414,2.858672863306727,10.895578384399414,2.858672863306727,4.182342052459717,6.167475700378418
-,0,-10.844703674316406,2.740071376865404,10.844703674316406,2.740071376865404,-2.00121808052063,-1.141385793685913
A11,1,-11.257400512695312,2.702127233157683,11.257400512695312,2.702127233157683,4.006439685821533,3.4496564865112305
A10,1,-9.090095520019531,2.665330238658841,9.090095520019531,2.665330238658841,8.049583435058594,7.797365188598633
-,0,-10.849749565124512,2.8346487810482217,10.849749565124512,2.8346487810482217,-10.365979194641113,-5.967240333557129
A07,1,-10.929482460021973,2.7281051935914804,10.929482460021973,2.7281051935914804,3.267033338546753,5.383773326873779
A18,1,-10.70506763458252,2.7336776973987953,10.70506763458252,2.7336776973987953,3.516406297683716,4.727165699005127
A19,1,-10.960881233215332,2.9030802820951593,10.960881233215332,2.9030802820951593,1.4303327798843384,0.4457513988018036
A19,1,-10.658766746520996,2.7867961088399666,10.658766746520996,2.7867961088399666,-0.7018635869026184,-0.33236703276634216
-,0,-10.939154624938965,2.8494315077558796,10.939154624938965,2.8494315077558796,-10.45635986328125,-2.2323148250579834
A11,1,-10.556974411010742,2.733610271110415,10.556974411010742,2.733610271110415,3.414745807647705,7.762591361999512
A15,1,-10.780241966247559,2.7499963517640276,10.780241966247559,2.7499963517640276,-2.1115760803222656,2.2783350944519043
-,0,-10.715804100036621,2.843301857479295,10.715804100036621,2.843301857479295,-11.259995460510254,-3.5069358348846436
A13,1,-10.751609802246094,2.8402834372406764,10.751609802246094,2.8402834372406764,6.65120792388916,7.179705619812012
A16,1,-11.087803840637207,2.676178406940456,11.087803840637207,2.676178406940456,4.256234169006348,8.344014167785645
-,0,-10.944731712341309,2.695507923256929,10.944731712341309,2.695507923256929,-1.4761910438537598,-8.075523376464844
-,0,-10.785863876342773,2.8839141055318693,10.785863876342773,2.8839141055318693,-5.352351188659668,-2.8148014545440674
A09,1,-10.473356246948242,2.7156473775636245,10.473356246948242,2.7156473775636245,2.8441522121429443,6.394901275634766
A13,1,-11.024360656738281,2.8678427233405626,11.024360656738281,2.8678427233405626,7.792059421539307,8.429413795471191
-,0,-10.798419952392578,2.7491769604613645,10.798419952392578,2.7491769604613645,-7.329769611358643,-5.139338970184326
-,0,-10.543757438659668,2.739142342789232,10.543757438659668,2.739142342789232,-7.365755081176758,-9.199167251586914
-,0,-10.736984252929688,2.8765127552807312,10.736984252929688,2.8765127552807312,-7.372323989868164,-0.8289944529533386
A11,1,-10.253021240234375,2.7797822777686108,10.253021240234375,2.7797822777686108,7.799224853515625,6.28629207611084
A18,1,-11.239594459533691,2.802571536679665,11.239594459533691,2.802571536679665,0.8976027965545654,-1.2874081134796143
A12,1,-9.901571273803711,2.6482743953983907,9.901571273803711,2.6482743953983907,5.246052265167236,4.632022857666016
-,0,-10.689352989196777,2.7718257275519074,10.689352989196777,2.7718257275519074,-3.8346009254455566,-0.6391794085502625
-,0,-11.232285499572754,2.8407492079892926,11.232285499572754,2.8407492079892926,-9.115696907043457,-7.412799835205078
-,0,-9.45055103302002,2.808483806458187,9.45055103302002,2.808483806458187,-2.689542531967163,-1.7862452268600464
A10,1,-9.1814546585083,2.682517190157016,9.1814546585083,2.682517190157016,8.167281150817871,6.344608306884766
A07,1,-10.822892189025879,2.683499251246926,10.822892189025879,2.683499251246926,-0.12627741694450378,1.5866236686706543
A12,1,-10.630463600158691,2.7160399237947344,10.630463600158691,2.7160399237947344,4.7177019119262695,3.7039413452148438
A07,1,-10.623449325561523,2.7588081032483496,10.623449325561523,2.7588081032483496,5.624002933502197,8.038400650024414
A17,1,-10.935525894165039,2.7601807514503656,10.935525894165039,2.7601807514503656,4.515013694763184,5.50951623916626
A10,1,-10.775348663330078,2.667319591788595,10.775348663330078,2.667319591788595,3.9921367168426514,3.861072063446045
-,0,-10.8547945022583,2.7746218828701896,10.8547945022583,2.7746218828701896,1.252402901649475,-1.0573947429656982
-,0,-10.653032302856445,2.723422567973531,10.653032302856445,2.723422567973531,-5.117556571960449,-1.5607293844223022
A09,1,-10.815043449401855,2.71971959380909,10.815043449401855,2.71971959380909,-1.7123754024505615,4.194074630737305
A14,1,-10.948187828063965,2.5414987870572663,10.948187828063965,2.5414987870572663,-5.651541233062744,1.1657568216323853
A09,1,-10.628081321716309,2.6167767282414065,10.628081321716309,2.6167767282414065,7.668724060058594,6.776925563812256
A12,1,-10.834545135498047,2.8290344869376858,10.834545135498047,2.8290344869376858,7.243644714355469,6.482407093048096
-,0,-11.185750007629395,2.740778666656866,11.185750007629395,2.740778666656866,-6.865667343139648,-8.398821830749512
A12,1,-11.101337432861328,2.7517203965003447,11.101337432861328,2.7517203965003447,5.56468391418457,1.0130746364593506
A17,1,-10.420008659362793,2.859375633649908,10.420008659362793,2.859375633649908,6.537596225738525,8.460558891296387
-,0,-11.133851051330566,2.8374994546489334,11.133851051330566,2.8374994546489334,-2.9661426544189453,-3.2663276195526123
-,0,-11.028569221496582,2.6842525792123078,11.028569221496582,2.6842525792123078,-5.475808143615723,-5.593022346496582
-,0,-10.990645408630371,2.736285292581707,10.990645408630371,2.736285292581707,-4.823401927947998,-2.5195388793945312
-,0,-10.680566787719727,2.724400457659887,10.680566787719727,2.724400457659887,0.44291985034942627,-0.038831569254398346
A15,1,-10.943032264709473,2.6400859710216764,10.943032264709473,2.6400859710216764,-2.9845287799835205,2.7299723625183105
A14,1,-10.940348625183105,2.809169852871901,10.940348625183105,2.809169852871901,-7.970893859863281,0.011678911745548248
-,0,-10.775900840759277,2.8050223118226594,10.775900840759277,2.8050223118226594,-7.395277976989746,-4.374432563781738
-,0,-10.768383026123047,2.711374816967889,10.768383026123047,2.711374816967889,-9.372406005859375,-10.174479484558105
-,0,-10.241337776184082,2.855267973251511,10.241337776184082,2.855267973251511,-12.71175479888916,-8.725610733032227
-,0,-10.829952239990234,2.876058188242078,10.829952239990234,2.876058188242078,0.6070283651351929,-0.6425116062164307
A07,1,-10.74158000946045,2.7527139201039303,10.74158000946045,2.7527139201039303,-3.279742956161499,1.5912830829620361
-,0,-11.072270393371582,2.7510568546894905,11.072270393371582,2.7510568546894905,-2.883466958999634,-3.207237720489502
A19,1,-10.760086059570312,2.74869805378993,10.760086059570312,2.74869805378993,2.4526572227478027,-0.03344417363405228
-,0,-11.032946586608887,2.824880957837532,11.032946586608887,2.824880957837532,-5.524990081787109,-4.038724899291992
A15,1,-10.711689949035645,2.7654163526699698,10.711689949035645,2.7654163526699698,1.7925976514816284,4.499722003936768
A15,1,-10.608048439025879,2.640394721826527,10.608048439025879,2.640394721826527,6.506684303283691,6.907007217407227
A15,1,-11.074759483337402,2.731413717809821,11.074759483337402,2.731413717809821,0.5477409362792969,4.793449401855469
A08,1,-10.806386947631836,2.8609285429547913,10.806386947631836,2.8609285429547913,7.366843223571777,7.621420860290527
-,0,-10.586918830871582,2.8272255242227278,10.586918830871582,2.8272255242227278,-6.279378890991211,2.351412773132324
-,0,-10.527565956115723,2.838004432223342,10.527565956115723,2.838004432223342,-3.222813367843628,-0.27080008387565613
-,0,-10.838068962097168,2.828592926849562,10.838068962097168,2.828592926849562,-5.262018203735352,-0.16040197014808655
A16,1,-10.362726211547852,2.687566956342397,10.362726211547852,2.687566956342397,5.952465057373047,5.080226898193359
-,0,-11.333917617797852,2.740959916838802,11.333917617797852,2.740959916838802,-10.007185935974121,-7.398499965667725
A13,1,-10.966185569763184,2.774780543458716,10.966185569763184,2.774780543458716,7.258329391479492,8.391134262084961
A19,1,-10.526368141174316,2.8020378069920504,10.526368141174316,2.8020378069920504,-3.1996049880981445,-1.0079004764556885
A14,1,-10.568875312805176,2.8253948309930133,10.568875312805176,2.8253948309930133,-5.996805667877197,4.648197174072266
A09,1,-10.306563377380371,2.7287054461241924,10.306563377380371,2.7287054461241924,7.888787746429443,8.289298057556152
A11,1,-7.820028305053711,2.669886319728248,7.820028305053711,2.669886319728248,7.705699443817139,8.746379852294922
-,0,-11.012579917907715,2.920448694568728,11.012579917907715,2.920448694568728,-6.405271530151367,-7.320206642150879
A19,1,-10.704358100891113,2.689052513983808,10.704358100891113,2.689052513983808,-1.2964857816696167,-0.3534078001976013
A12,1,-9.995664596557617,2.707671364494176,9.995664596557617,2.707671364494176,4.868246078491211,3.398435115814209
A14,1,-11.216034889221191,2.784990411873344,11.216034889221191,2.784990411873344,-1.7865087985992432,4.727674961090088
-,0,-10.886924743652344,2.7741615079191893,10.886924743652344,2.7741615079191893,-9.06686019897461,-5.560084342956543
-,0,-11.0831298828125,2.79072900028752,11.0831298828125,2.79072900028752,-9.264512062072754,-6.5956926345825195
A13,1,-10.433116912841797,2.673472111636203,10.433116912841797,2.673472111636203,7.0565924644470215,8.284866333007812
A11,1,-11.052621841430664,2.7320811868079273,11.052621841430664,2.7320811868079273,-0.04550442472100258,-1.3936069011688232
-,0,-11.147650718688965,2.8086463908208277,11.147650718688965,2.8086463908208277,0.3078714907169342,-1.012721300125122
-,0,-10.564055442810059,2.7584842561243477,10.564055442810059,2.7584842561243477,-13.190321922302246,-4.932372093200684
-,0,-10.615036010742188,2.7932257931562203,10.615036010742188,2.7932257931562203,-1.2210259437561035,5.33156681060791
-,0,-10.611733436584473,2.735838180068195,10.611733436584473,2.735838180068195,-6.076255798339844,-1.454911470413208
-,0,-10.331778526306152,2.852163912448629,10.331778526306152,2.852163912448629,-6.987900733947754,-0.6994956731796265
-,0,-10.679719924926758,2.695296812108223,10.679719924926758,2.695296812108223,-1.7115095853805542,-1.6322810649871826
A19,1,-10.698882102966309,2.8025658027858897,10.698882102966309,2.8025658027858897,5.77134895324707,3.875422477722168
-,0,-11.524755477905273,2.5793790166136827,11.524755477905273,2.5793790166136827,-6.052136421203613,-5.839890956878662
-,0,-10.7095308303833,2.8466226482257673,10.7095308303833,2.8466226482257673,-8.604098320007324,-1.1154963970184326
-,0,-10.645304679870605,2.7058046595001457,10.645304679870605,2.7058046595001457,-7.382080078125,-8.118656158447266
A08,1,-10.621135711669922,2.663694588689305,10.621135711669922,2.663694588689305,6.229125022888184,8.247209548950195
A12,1,-11.033777236938477,2.847849472816623,11.033777236938477,2.847849472816623,6.429994583129883,8.423185348510742
-,0,-10.522539138793945,2.8041385555493763,10.522539138793945,2.8041385555493763,-0.04343149811029434,-0.87962806224823
A18,1,-10.635124206542969,2.797691792070306,10.635124206542969,2.797691792070306,-0.8078645467758179,2.0744881629943848
-,0,-10.959489822387695,2.7323285416951872,10.959489822387695,2.7323285416951872,-7.297382354736328,-0.47575053572654724
-,0,-10.771449089050293,2.807038677429935,10.771449089050293,2.807038677429935,-3.661773920059204,-2.005429267883301
A14,1,-10.302687644958496,2.7587292649156243,10.302687644958496,2.7587292649156243,3.188328981399536,6.061437606811523
-,0,-10.883683204650879,2.769259553108855,10.883683204650879,2.769259553108855,0.17263132333755493,-8.295655250549316
A13,1,-10.948410034179688,2.78826775719319,10.948410034179688,2.78826775719319,6.932413101196289,10.377931594848633
A07,1,-10.955617904663086,2.9014697230771223,10.955617904663086,2.9014697230771223,3.29341197013855,3.5061049461364746
A12,1,-9.056387901306152,2.680850286119962,9.056387901306152,2.680850286119962,5.197933673858643,9.293230056762695
A07,1,-11.192009925842285,2.7222981528749317,11.192009925842285,2.7222981528749317,7.325135231018066,3.841921091079712
A08,1,-10.449112892150879,2.811310943594355,10.449112892150879,2.811310943594355,2.8364899158477783,5.43209981918335
-,0,-9.75902271270752,2.8425397907425545,9.75902271270752,2.8425397907425545,0.3819078803062439,-2.831852674484253
-,0,-11.192157745361328,2.657407561960815,11.192157745361328,2.657407561960815,-9.614731788635254,-5.405950546264648
-,0,-11.199264526367188,2.8205070226487683,11.199264526367188,2.8205070226487683,-4.066885948181152,-2.241877794265747
A19,1,-11.202864646911621,2.886353129574861,11.202864646911621,2.886353129574861,-0.011864788830280304,1.1365201473236084
-,0,-11.108171463012695,2.830658977508313,11.108171463012695,2.830658977508313,-10.111404418945312,-6.710749626159668
-,0,-11.07529354095459,2.8337205293507015,11.07529354095459,2.8337205293507015,-6.724164009094238,-5.9583282470703125
-,0,-10.90799331665039,2.8096376701431183,10.90799331665039,2.8096376701431183,-16.361370086669922,-5.142963409423828
-,0,-10.861137390136719,2.7178515022114005,10.861137390136719,2.7178515022114005,-8.804348945617676,-3.1185050010681152
-,0,-11.09860610961914,2.893085065606242,11.09860610961914,2.893085065606242,-5.156984329223633,-3.055149555206299
A16,1,-11.36413288116455,2.7993206668357544,11.36413288116455,2.7993206668357544,1.4640750885009766,5.1684064865112305
-,0,-11.202508926391602,2.710377827604304,11.202508926391602,2.710377827604304,-5.130143165588379,-5.8174004554748535
-,0,-11.187393188476562,2.807502970655345,11.187393188476562,2.807502970655345,-10.002470970153809,-6.240982532501221
-,0,-11.466693878173828,2.758551689188762,11.466693878173828,2.758551689188762,-6.024229526519775,-5.826388359069824
-,0,-11.306334495544434,2.8037241194184097,11.306334495544434,2.8037241194184097,-4.4320878982543945,-4.599093437194824
-,0,-10.80005168914795,2.779801521390831,10.80005168914795,2.779801521390831,-3.469132423400879,-4.183903694152832
-,0,-10.42674446105957,2.8183818657038975,10.42674446105957,2.8183818657038975,-4.9554338455200195,-4.30341100692749
-,0,-10.862465858459473,2.8140036116064153,10.862465858459473,2.8140036116064153,-3.6963231563568115,-7.622084617614746
A12,1,-10.273072242736816,2.7908210540248604,10.273072242736816,2.7908210540248604,5.1128034591674805,7.294561386108398
A12,1,-9.288132667541504,2.686631317320868,9.288132667541504,2.686631317320868,6.848257541656494,6.343437671661377
A08,1,-10.828625679016113,2.791621526044994,10.828625679016113,2.791621526044994,3.9792895317077637,6.133721351623535
-,0,-11.105109214782715,2.7224271123281154,11.105109214782715,2.7224271123281154,-1.5826588869094849,-0.6991634368896484
-,0,-9.570951461791992,2.774600931468515,9.570951461791992,2.774600931468515,-0.9435234665870667,4.3432111740112305
A10,1,-10.83244514465332,2.7735396955794593,10.83244514465332,2.7735396955794593,0.36283737421035767,1.9651341438293457
-,0,-10.989760398864746,2.7186470750042204,10.989760398864746,2.7186470750042204,-9.338332176208496,-9.708208084106445
A19,1,-10.773235321044922,2.7343200287272227,10.773235321044922,2.7343200287272227,1.334023118019104,2.892711639404297
A09,1,-10.65195369720459,2.8240131390758316,10.65195369720459,2.8240131390758316,4.448123931884766,6.8369364738464355
-,0,-11.43313217163086,2.6877469362720565,11.43313217163086,2.6877469362720565,-4.016220569610596,-6.239390850067139
A09,1,-10.077641487121582,2.5723149097647777,10.077641487121582,2.5723149097647777,4.382477760314941,2.7868857383728027
-,0,-11.185200691223145,2.6629512759275276,11.185200691223145,2.6629512759275276,-7.482501029968262,-1.2554103136062622
A13,1,-8.810665130615234,2.8036143878185675,8.810665130615234,2.8036143878185675,8.384669303894043,8.650815963745117
-,0,-11.001581192016602,2.751084207912468,11.001581192016602,2.751084207912468,0.8967546820640564,0.7859735488891602
A09,1,-10.775012016296387,2.8273407704769244,10.775012016296387,2.8273407704769244,7.20347785949707,6.573575019836426
A07,1,-10.353313446044922,2.8201319415988144,10.353313446044922,2.8201319415988144,9.006773948669434,7.532162666320801
A18,1,-11.1348237991333,2.7953439004729805,11.1348237991333,2.7953439004729805,-0.8074415326118469,4.08948278427124
-,0,-10.378938674926758,2.8962144407257493,10.378938674926758,2.8962144407257493,-8.982133865356445,-3.6855223178863525
-,0,-10.869455337524414,2.834493917446571,10.869455337524414,2.834493917446571,-4.233953475952148,-1.3591114282608032
-,0,-11.397375106811523,2.795533751853518,11.397375106811523,2.795533751853518,-5.489016532897949,-3.317354917526245
-,0,-10.409485816955566,2.664837486049439,10.409485816955566,2.664837486049439,-2.849385976791382,-0.7622861266136169
A14,1,-11.064038276672363,2.6903281183643206,11.064038276672363,2.6903281183643206,6.726627349853516,4.564879417419434
A07,1,-10.247322082519531,2.7199895408861496,10.247322082519531,2.7199895408861496,7.370562553405762,5.905708312988281
A10,1,-10.020602226257324,2.780397446060263,10.020602226257324,2.780397446060263,3.658874273300171,6.727290153503418
-,0,-11.202081680297852,2.768612007825107,11.202081680297852,2.768612007825107,-1.3739537000656128,-1.507230281829834
-,0,-10.935209274291992,2.7743443771360523,10.935209274291992,2.7743443771360523,-7.151212215423584,-3.9191813468933105
-,0,-11.19974422454834,2.7759081499298595,11.19974422454834,2.7759081499298595,-2.558767557144165,-3.5200233459472656
A19,1,-11.084722518920898,2.6731420390764384,11.084722518920898,2.6731420390764384,-2.213261127471924,0.21156656742095947
-,0,-11.182342529296875,2.7230334900999633,11.182342529296875,2.7230334900999633,-9.110260963439941,-7.146527290344238
A17,1,-10.993131637573242,2.7700444884773376,10.993131637573242,2.7700444884773376,5.761285305023193,8.204217910766602
-,0,-10.833413124084473,2.710412394100837,10.833413124084473,2.710412394100837,-5.013936996459961,-6.6944756507873535
-,0,-11.173266410827637,2.7544653800785994,11.173266410827637,2.7544653800785994,-2.6164114475250244,-6.579903602600098
A14,1,-10.90163516998291,2.8374115144741516,10.90163516998291,2.8374115144741516,-5.44513463973999,3.262235641479492
-,0,-11.041266441345215,2.6347333326129623,11.041266441345215,2.6347333326129623,1.7081547975540161,-2.3384768962860107
-,0,-10.646915435791016,2.742707583555078,10.646915435791016,2.742707583555078,-2.671724557876587,-1.696237325668335
A09,1,-10.854543685913086,2.719638620835963,10.854543685913086,2.719638620835963,0.9925975203514099,5.621781349182129
A16,1,-10.768962860107422,2.6945021275941055,10.768962860107422,2.6945021275941055,4.74372673034668,8.87093448638916
A14,1,-10.888923645019531,2.707163620937915,10.888923645019531,2.707163620937915,0.1057884618639946,5.433594703674316
-,0,-11.061849594116211,2.8024715673925016,11.061849594116211,2.8024715673925016,1.139731526374817,-1.8227216005325317
-,0,-10.637991905212402,2.7485434937397413,10.637991905212402,2.7485434937397413,-0.5957620739936829,-1.9273335933685303
-,0,-10.793790817260742,2.7007595192875113,10.793790817260742,2.7007595192875113,-3.6739938259124756,-3.5668745040893555
A07,1,-8.920185089111328,2.75304868405903,8.920185089111328,2.75304868405903,8.322032928466797,10.74673843383789
A12,1,-10.581659317016602,2.6568246017948405,10.581659317016602,2.6568246017948405,6.259859085083008,3.1872453689575195
A16,1,-10.91752815246582,2.6716105318569765,10.91752815246582,2.6716105318569765,3.1202852725982666,1.7888951301574707
A09,1,-10.523477554321289,2.7198507475692004,10.523477554321289,2.7198507475692004,2.1946537494659424,5.928256034851074
A09,1,-10.40478801727295,2.790119654684716,10.40478801727295,2.790119654684716,-1.1167501211166382,5.045350074768066
-,0,-10.56873607635498,2.6697043154167814,10.56873607635498,2.6697043154167814,-9.419244766235352,-1.1453622579574585
A12,1,-10.865510940551758,2.7931175660514795,10.865510940551758,2.7931175660514795,7.036040782928467,6.42097282409668
-,0,-9.90445327758789,2.741670345254942,9.90445327758789,2.741670345254942,-2.9623844623565674,-2.68672513961792
-,0,-10.923211097717285,2.770134358695569,10.923211097717285,2.770134358695569,-10.90744686126709,-4.286307334899902
-,0,-11.195112228393555,2.82164364483197,11.195112228393555,2.82164364483197,-12.88477611541748,-9.454069137573242
A07,1,-11.204476356506348,2.870854572174745,11.204476356506348,2.870854572174745,7.230795383453369,8.546582221984863
A16,1,-11.265289306640625,2.747513235792617,11.265289306640625,2.747513235792617,1.7843483686447144,4.273933410644531
A15,1,-10.875025749206543,2.777999050493142,10.875025749206543,2.777999050493142,-3.336454153060913,6.244598388671875
A13,1,-10.880020141601562,2.7802307493174867,10.880020141601562,2.7802307493174867,7.403754234313965,10.44509220123291
-,0,-10.582608222961426,2.781020809886677,10.582608222961426,2.781020809886677,-7.610714912414551,-3.287808656692505
A19,1,-10.601941108703613,2.7890577951572295,10.601941108703613,2.7890577951572295,6.858580589294434,6.264760494232178
-,0,-10.089836120605469,2.7700475073302937,10.089836120605469,2.7700475073302937,-4.7824249267578125,-2.7047204971313477
A12,1,-11.043776512145996,2.7343666587303046,11.043776512145996,2.7343666587303046,6.265070915222168,7.82257604598999
A14,1,-10.721179008483887,2.678075808167241,10.721179008483887,2.678075808167241,-1.9375947713851929,3.8237226009368896
A07,1,-9.665792465209961,2.777061263732151,9.665792465209961,2.777061263732151,4.619468688964844,8.287715911865234
-,0,-11.135009765625,2.846859918441879,11.135009765625,2.846859918441879,-11.629440307617188,-10.07699966430664
A12,1,-10.993107795715332,2.8135466077674045,10.993107795715332,2.8135466077674045,3.0919835567474365,4.552669525146484
-,0,-11.116533279418945,2.821510150276677,11.116533279418945,2.821510150276677,-4.886467933654785,-1.9830613136291504
A19,1,-11.060513496398926,2.7041302172944803,11.060513496398926,2.7041302172944803,-3.997878313064575,-0.8952912092208862
A08,1,-10.782876014709473,2.8102876270620247,10.782876014709473,2.8102876270620247,4.001226902008057,6.300322532653809
-,0,-10.83731746673584,2.8325165417349156,10.83731746673584,2.8325165417349156,-8.879476547241211,-6.141406059265137
-,0,-10.873703002929688,2.6458253417958346,10.873703002929688,2.6458253417958346,-3.151743173599243,-0.4586472809314728
A07,1,-10.832071304321289,2.8064860196374597,10.832071304321289,2.8064860196374597,-0.666933000087738,6.3904523849487305
A10,1,-10.303667068481445,2.610400623292383,10.303667068481445,2.610400623292383,8.95300006866455,7.36392068862915
-,0,-10.518291473388672,2.767679353938322,10.518291473388672,2.767679353938322,2.7617623805999756,-0.4917546808719635
A11,1,-10.994507789611816,2.707256800781755,10.994507789611816,2.707256800781755,-3.2602593898773193,5.98194694519043
A13,1,-10.374281883239746,2.7474331962385863,10.374281883239746,2.7474331962385863,7.1587443351745605,10.414385795593262
A13,1,-9.577238082885742,2.7052588926273162,9.577238082885742,2.7052588926273162,6.822634696960449,7.611861228942871
A13,1,-10.910061836242676,2.835927649658681,10.910061836242676,2.835927649658681,7.906557083129883,9.950521469116211
-,0,-10.774054527282715,2.6704916553134113,10.774054527282715,2.6704916553134113,-9.053996086120605,-2.7496893405914307
-,0,-10.174047470092773,2.7678264934121244,10.174047470092773,2.7678264934121244,-2.00970458984375,-1.3557474613189697
-,0,-10.457992553710938,2.8672548777149376,10.457992553710938,2.8672548777149376,-0.4614964723587036,-4.578168869018555
-,0,-11.130645751953125,2.8239133444125146,11.130645751953125,2.8239133444125146,-10.657089233398438,-2.3011133670806885
A18,1,-10.676194190979004,2.6929855538270293,10.676194190979004,2.6929855538270293,4.723492622375488,-0.7244552373886108
A18,1,-10.581146240234375,2.7789219461513586,10.581146240234375,2.7789219461513586,-0.14308422803878784,0.7565218806266785
A07,1,-10.620948791503906,2.8163770879047134,10.620948791503906,2.8163770879047134,6.695746421813965,7.879974365234375
-,0,-10.560002326965332,2.7068498452207495,10.560002326965332,2.7068498452207495,-1.2689976692199707,-1.5195258855819702
A12,1,-9.996349334716797,2.715434366892198,9.996349334716797,2.715434366892198,-2.7402775287628174,3.583411931991577
-,0,-10.621041297912598,2.911189969848961,10.621041297912598,2.911189969848961,-6.362533092498779,-1.9697598218917847
A08,1,-10.753585815429688,2.7545259168755396,10.753585815429688,2.7545259168755396,5.169780731201172,7.579744338989258
-,0,-10.954678535461426,2.7313608186631035,10.954678535461426,2.7313608186631035,-6.653890609741211,-1.4728366136550903
A15,1,-10.559334754943848,2.748797092066814,10.559334754943848,2.748797092066814,3.915649652481079,6.979540824890137
A09,1,-10.596821784973145,2.652020418104632,10.596821784973145,2.652020418104632,5.940561771392822,6.387155055999756
-,0,-11.243311882019043,2.660790530759576,11.243311882019043,2.660790530759576,-7.827478408813477,-2.9611151218414307
A10,1,-11.125429153442383,2.7604880539621517,11.125429153442383,2.7604880539621517,0.6662135124206543,2.158702850341797
-,0,-10.69900131225586,2.781390349366186,10.69900131225586,2.781390349366186,-1.9667649269104004,-1.2029283046722412
-,0,-10.247614860534668,2.848622638644237,10.247614860534668,2.848622638644237,0.9157217741012573,-0.6561045050621033
A08,1,-11.02326488494873,2.7343141214853905,11.02326488494873,2.7343141214853905,7.017979621887207,5.022613525390625
A18,1,-10.453873634338379,2.793372377525011,10.453873634338379,2.793372377525011,-2.273123025894165,-0.4264458119869232
A13,1,-10.797239303588867,2.8297204646404746,10.797239303588867,2.8297204646404746,6.4457688331604,3.809894561767578
-,0,-10.921427726745605,2.7975674395553876,10.921427726745605,2.7975674395553876,-11.376888275146484,-7.179627895355225
A07,1,-10.135703086853027,2.6363987896431516,10.135703086853027,2.6363987896431516,5.83402156829834,10.064294815063477
A09,1,-10.044097900390625,2.538394727520998,10.044097900390625,2.538394727520998,4.700773239135742,7.340223789215088
A07,1,-8.645551681518555,2.510187122771294,8.645551681518555,2.510187122771294,7.529716491699219,8.645366668701172
-,0,-10.749457359313965,2.825172886109335,10.749457359313965,2.825172886109335,-9.25899600982666,-0.9955688118934631
-,0,-10.607979774475098,2.8269075138529445,10.607979774475098,2.8269075138529445,-1.1823749542236328,-2.1115517616271973
-,0,-10.626398086547852,2.772005858362528,10.626398086547852,2.772005858362528,-5.762356758117676,-2.048116683959961
-,0,-11.196355819702148,2.592403077370455,11.196355819702148,2.592403077370455,3.1381194591522217,-0.9221159815788269
A16,1,-10.922492980957031,2.7114442091355495,10.922492980957031,2.7114442091355495,4.220184326171875,3.62018084526062
A12,1,-11.180049896240234,2.71215854838382,11.180049896240234,2.71215854838382,7.989809036254883,8.45343017578125
A19,1,-10.956913948059082,2.8405010462905746,10.956913948059082,2.8405010462905746,2.642468214035034,1.0097739696502686
A16,1,-10.206368446350098,2.7916708166963717,10.206368446350098,2.7916708166963717,7.203583240509033,3.2616469860076904
-,0,-11.341994285583496,2.7524382305198434,11.341994285583496,2.7524382305198434,-4.120373725891113,-1.353281855583191
A10,1,-10.96570873260498,2.5904999448804915,10.96570873260498,2.5904999448804915,1.8298903703689575,0.8782403469085693
-,0,-11.069778442382812,2.728342446059226,11.069778442382812,2.728342446059226,-7.075511932373047,-2.763162851333618
-,0,-10.90554428100586,2.841720294395855,10.90554428100586,2.841720294395855,-6.2415008544921875,-2.9169583320617676
A07,1,-10.840188026428223,2.8163856672674785,10.840188026428223,2.8163856672674785,5.265987873077393,4.888596534729004
-,0,-10.672966957092285,2.752363987350863,10.672966957092285,2.752363987350863,-9.477301597595215,-7.969269752502441
A13,1,-10.72667407989502,2.720231089208973,10.72667407989502,2.720231089208973,8.545672416687012,8.765886306762695
-,0,-11.021791458129883,2.6979577770581185,11.021791458129883,2.6979577770581185,-7.026312351226807,-7.479952335357666
A16,1,-10.920150756835938,2.6509984832094915,10.920150756835938,2.6509984832094915,4.763642311096191,3.8601574897766113
-,0,-10.998348236083984,2.6059054430540267,10.998348236083984,2.6059054430540267,-3.7267651557922363,-4.695705413818359
A09,1,-10.43588638305664,2.7718804215601125,10.43588638305664,2.7718804215601125,8.286463737487793,9.040767669677734
A11,1,-10.72610092163086,2.6547559232839246,10.72610092163086,2.6547559232839246,-6.4040656089782715,0.792657732963562
A13,1,-10.968005180358887,2.8937165313808935,10.968005180358887,2.8937165313808935,8.830780029296875,10.190553665161133
A07,1,-10.523938179016113,2.7390360129476368,10.523938179016113,2.7390360129476368,4.407036304473877,7.839824199676514
A10,1,-10.924707412719727,2.5088770553020545,10.924707412719727,2.5088770553020545,0.7473528385162354,5.868523597717285
A11,1,-10.817521095275879,2.8310436333170155,10.817521095275879,2.8310436333170155,-2.2086758613586426,1.201465129852295
-,0,-10.478302001953125,2.8747232095344497,10.478302001953125,2.8747232095344497,-0.2447827160358429,-1.587759017944336
A17,1,-11.267622947692871,2.7750195631505106,11.267622947692871,2.7750195631505106,4.5933732986450195,7.896847724914551
-,0,-10.93582534790039,2.783288542459328,10.93582534790039,2.783288542459328,-5.784162998199463,-7.785737991333008
A11,1,-10.7297945022583,2.681878861250215,10.7297945022583,2.681878861250215,-0.3071610927581787,-1.2184014320373535
A17,1,-11.206461906433105,2.780870258470337,11.206461906433105,2.780870258470337,5.1675519943237305,3.1371405124664307
A10,1,-10.697702407836914,2.7187916218506656,10.697702407836914,2.7187916218506656,-3.842405319213867,-2.2903494834899902
A07,1,-10.799759864807129,2.846263790717516,10.799759864807129,2.846263790717516,5.526545524597168,6.882072448730469
A14,1,-10.970922470092773,2.795154656514383,10.970922470092773,2.795154656514383,2.5778191089630127,2.6997690200805664
A13,1,-10.96039867401123,2.8045812906487906,10.96039867401123,2.8045812906487906,6.6289167404174805,6.684696674346924
-,0,-11.069060325622559,2.752583177642441,11.069060325622559,2.752583177642441,-5.147926330566406,-5.035689353942871
A16,1,-10.900928497314453,2.7639337805702757,10.900928497314453,2.7639337805702757,5.213054656982422,-0.6363867521286011
-,0,-11.138397216796875,2.723618464300244,11.138397216796875,2.723618464300244,-1.5914887189865112,-1.6792047023773193
A12,1,-10.992605209350586,2.697747527678139,10.992605209350586,2.697747527678139,6.233327865600586,7.313513278961182
A09,1,-10.887450218200684,2.7493443845270704,10.887450218200684,2.7493443845270704,1.1827110052108765,8.13059139251709
-,0,-11.231011390686035,2.863704093202076,11.231011390686035,2.863704093202076,-6.425442695617676,-6.278656959533691
A07,1,-9.644630432128906,2.694143458610126,9.644630432128906,2.694143458610126,8.439408302307129,6.215676784515381
A11,1,-10.533452033996582,2.639968717990167,10.533452033996582,2.639968717990167,7.914437770843506,6.680210113525391
A08,1,-9.913102149963379,2.772056714785431,9.913102149963379,2.772056714785431,7.26718282699585,9.778615951538086
A18,1,-11.206563949584961,2.7031604196552714,11.206563949584961,2.7031604196552714,4.6524977684021,3.294701337814331
A16,1,-11.104499816894531,2.6815952338696345,11.104499816894531,2.6815952338696345,4.7293572425842285,8.997055053710938
A12,1,-10.739023208618164,2.776442569608824,10.739023208618164,2.776442569608824,5.328083515167236,0.31148141622543335
-,0,-10.947381973266602,2.7162458338982405,10.947381973266602,2.7162458338982405,-7.207770347595215,-7.232601165771484
A17,1,-11.233613014221191,2.8373962863612547,11.233613014221191,2.8373962863612547,3.533287763595581,7.229736328125
-,0,-11.096782684326172,2.8197944810814306,11.096782684326172,2.8197944810814306,-4.500502586364746,-3.6790120601654053
-,0,-10.85843276977539,2.884863736842476,10.85843276977539,2.884863736842476,-7.100648880004883,-1.8402836322784424
-,0,-11.205991744995117,2.8332476607258186,11.205991744995117,2.8332476607258186,-10.393338203430176,-5.728155136108398
-,0,-11.085750579833984,2.782992895648132,11.085750579833984,2.782992895648132,-3.337054967880249,-1.8067045211791992
A10,1,-7.514828681945801,2.65610258822062,7.514828681945801,2.65610258822062,3.225632905960083,6.116624355316162
-,0,-10.727012634277344,2.7707136443214,10.727012634277344,2.7707136443214,-4.424740791320801,-1.647047519683838
-,0,-11.04728889465332,2.7912536105674914,11.04728889465332,2.7912536105674914,-10.555582046508789,-4.877970218658447
-,0,-10.887484550476074,2.771361955088785,10.887484550476074,2.771361955088785,-2.6313607692718506,-3.758376359939575
-,0,-11.37667179107666,2.8101245205026424,11.37667179107666,2.8101245205026424,-6.215813636779785,-8.48353385925293
A17,1,-10.830190658569336,2.8930731303280646,10.830190658569336,2.8930731303280646,1.4783132076263428,3.7237815856933594
A08,1,-10.40241527557373,2.783078866671802,10.40241527557373,2.783078866671802,4.4185662269592285,8.704826354980469
-,0,-10.877803802490234,2.7400254367832932,10.877803802490234,2.7400254367832932,-0.7814906239509583,-1.316246747970581
A14,1,-10.768288612365723,2.792874948346156,10.768288612365723,2.792874948346156,-1.0376275777816772,7.49480676651001
A09,1,-10.95649242401123,2.8852067374309724,10.95649242401123,2.8852067374309724,0.46347561478614807,1.8278961181640625
A11,1,-10.648136138916016,2.746784319215431,10.648136138916016,2.746784319215431,5.501286506652832,4.513011932373047
-,0,-10.97850513458252,2.8040673073792695,10.97850513458252,2.8040673073792695,-7.006604194641113,-2.177896022796631
A09,1,-11.096930503845215,2.663197829983897,11.096930503845215,2.663197829983897,4.189145565032959,7.567699432373047
-,0,-11.138272285461426,2.737639993638137,11.138272285461426,2.737639993638137,-6.901280403137207,-1.979660153388977
A08,1,-10.820820808410645,2.7753573792412283,10.820820808410645,2.7753573792412283,2.465151309967041,5.304580211639404
A19,1,-10.731228828430176,2.7680672643184736,10.731228828430176,2.7680672643184736,-1.0525213479995728,-0.011763572692871094
A12,1,-10.996131896972656,2.766816828879079,10.996131896972656,2.766816828879079,2.9843132495880127,1.4715583324432373
-,0,-10.413874626159668,2.8243866162513194,10.413874626159668,2.8243866162513194,-5.4936065673828125,-1.6607592105865479
A09,1,-10.94383430480957,2.7702039546211465,10.94383430480957,2.7702039546211465,2.5921378135681152,7.554911136627197
-,0,-11.007096290588379,2.789712896424371,11.007096290588379,2.789712896424371,-4.305111408233643,-2.644552230834961
A10,1,-10.897625923156738,2.702268202417414,10.897625923156738,2.702268202417414,5.348466873168945,3.0062599182128906
A13,1,-10.878276824951172,2.689942549366438,10.878276824951172,2.689942549366438,7.568173885345459,8.812957763671875
-,0,-10.552165031433105,2.8346970550682484,10.552165031433105,2.8346970550682484,-3.2493529319763184,-2.942887783050537
A17,1,-10.941818237304688,2.7527607391601348,10.941818237304688,2.7527607391601348,6.492626190185547,8.395309448242188
-,0,-11.34655475616455,2.803621724249962,11.34655475616455,2.803621724249962,-9.134160995483398,-2.2228410243988037
A18,1,-11.140020370483398,2.698248179669974,11.140020370483398,2.698248179669974,4.854109764099121,7.404453754425049
-,0,-11.048384666442871,2.666410133636299,11.048384666442871,2.666410133636299,-3.4126362800598145,-6.59791898727417
A17,1,-10.670818328857422,2.8465276409557863,10.670818328857422,2.8465276409557863,7.272647857666016,10.104547500610352
A10,1,-10.690544128417969,2.7776546698571978,10.690544128417969,2.7776546698571978,6.5014872550964355,7.136094093322754
-,0,-11.057238578796387,2.8072191532302337,11.057238578796387,2.8072191532302337,-3.7270867824554443,-7.447128772735596
-,0,-10.81348705291748,2.7423558916291544,10.81348705291748,2.7423558916291544,-2.6928446292877197,-6.0589728355407715
A17,1,-10.582778930664062,2.838053580969811,10.582778930664062,2.838053580969811,2.8553805351257324,5.968411445617676
A16,1,-11.115983963012695,2.5917338323250814,11.115983963012695,2.5917338323250814,4.45024299621582,9.855592727661133
-,0,-11.307019233703613,2.706140031967717,11.307019233703613,2.706140031967717,1.9200831651687622,-2.3099613189697266
-,0,-10.81573486328125,2.9060030199687086,10.81573486328125,2.9060030199687086,-6.709948539733887,-6.631705284118652
-,0,-10.615784645080566,2.7382221469262187,10.615784645080566,2.7382221469262187,-3.4207215309143066,-0.6002501249313354
A09,1,-11.093356132507324,2.9199591403547185,11.093356132507324,2.9199591403547185,7.556794166564941,6.310077667236328
-,0,-10.525896072387695,2.7379928643731684,10.525896072387695,2.7379928643731684,-8.982815742492676,-2.9474501609802246
-,0,-11.079080581665039,2.746710755334776,11.079080581665039,2.746710755334776,-1.8345705270767212,-0.6291635036468506
A14,1,-10.60145378112793,2.8783665296194285,10.60145378112793,2.8783665296194285,0.030568651854991913,3.4876022338867188
A16,1,-11.054390907287598,2.7280635517320477,11.054390907287598,2.7280635517320477,7.079962730407715,5.879942893981934
A15,1,-10.76977252960205,2.8631621606600315,10.76977252960205,2.8631621606600315,4.185460567474365,6.386528491973877
A09,1,-8.821037292480469,2.72406728202092,8.821037292480469,2.72406728202092,3.9759676456451416,1.9109816551208496
A18,1,-10.692100524902344,2.777084784339902,10.692100524902344,2.777084784339902,-1.43427312374115,0.23567014932632446
A11,1,-10.91873836517334,2.735786647553898,10.91873836517334,2.735786647553898,0.6106422543525696,3.444679021835327
A18,1,-11.195186614990234,2.7713831393548998,11.195186614990234,2.7713831393548998,3.2355825901031494,4.963657379150391
A19,1,-10.886271476745605,2.841799516617894,10.886271476745605,2.841799516617894,2.7892258167266846,0.45901384949684143
A13,1,-11.015186309814453,2.6755588938953037,11.015186309814453,2.6755588938953037,7.57292366027832,11.083172798156738
A17,1,-11.379522323608398,2.6917856073047184,11.379522323608398,2.6917856073047184,6.133540153503418,8.363848686218262
-,0,-11.462196350097656,2.7754752731123626,11.462196350097656,2.7754752731123626,-7.8118896484375,-4.16274356842041
A07,1,-10.5985107421875,2.758604007696754,10.5985107421875,2.758604007696754,6.761287689208984,6.368318557739258
A18,1,-10.364148139953613,2.7202207258370117,10.364148139953613,2.7202207258370117,-0.8793291449546814,-3.9794955253601074
-,0,-10.731755256652832,2.864741257551052,10.731755256652832,2.864741257551052,-4.456579208374023,-1.104163408279419
-,0,-10.793355941772461,2.8050649419751874,10.793355941772461,2.8050649419751874,-9.48198413848877,-6.702754020690918
A18,1,-10.460198402404785,2.632019916207306,10.460198402404785,2.632019916207306,-3.6580424308776855,-2.9264461994171143
-,0,-11.016836166381836,2.7881319852325483,11.016836166381836,2.7881319852325483,-6.0476484298706055,-1.905682921409607
A15,1,-10.668011665344238,2.86356783599171,10.668011665344238,2.86356783599171,6.705407619476318,7.589339256286621
A19,1,-10.663975715637207,2.8421257909504667,10.663975715637207,2.8421257909504667,1.5679314136505127,0.08001983910799026
A14,1,-10.79358196258545,2.8360768050487666,10.79358196258545,2.8360768050487666,0.5163418650627136,3.1632537841796875
-,0,-11.264607429504395,2.688503257900542,11.264607429504395,2.688503257900542,-1.0202372074127197,-6.043702125549316
-,0,-10.842805862426758,2.7853829593654673,10.842805862426758,2.7853829593654673,-5.106922149658203,-2.7346434593200684
-,0,-10.917783737182617,2.790837129287831,10.917783737182617,2.790837129287831,-10.527477264404297,-8.863227844238281
-,0,-10.802328109741211,2.8453631065166283,10.802328109741211,2.8453631065166283,-2.649890661239624,-1.2279691696166992
A10,1,-10.484806060791016,2.84832599772665,10.484806060791016,2.84832599772665,5.599834442138672,2.4792141914367676
-,0,-11.062097549438477,2.823777060800337,11.062097549438477,2.823777060800337,-9.934626579284668,-7.698702812194824
-,0,-11.245392799377441,2.80156823560973,11.245392799377441,2.80156823560973,-11.71279239654541,-3.8338918685913086
A12,1,-10.169509887695312,2.644913082877838,10.169509887695312,2.644913082877838,8.631020545959473,9.801730155944824
-,0,-10.910017013549805,2.8517516811648624,10.910017013549805,2.8517516811648624,-7.058370113372803,-7.324581146240234
-,0,-10.900849342346191,2.798252909452893,10.900849342346191,2.798252909452893,-5.121664524078369,-4.4827165603637695
A07,1,-10.675107955932617,2.775174258445649,10.675107955932617,2.775174258445649,4.49462366104126,5.9401679039001465
-,0,-11.035855293273926,2.750296218375628,11.035855293273926,2.750296218375628,-5.961558818817139,-7.096011161804199
A18,1,-11.377527236938477,2.654160767612261,11.377527236938477,2.654160767612261,0.6772522330284119,1.7033910751342773
A18,1,-10.830118179321289,2.686070322327484,10.830118179321289,2.686070322327484,5.342916488647461,-0.2950315475463867
-,0,-10.809103012084961,2.7553427665676313,10.809103012084961,2.7553427665676313,-5.085168838500977,4.308663845062256
A12,1,-10.907329559326172,2.6883679918852383,10.907329559326172,2.6883679918852383,5.562289237976074,7.700233459472656
-,0,-11.010285377502441,2.7957511722817925,11.010285377502441,2.7957511722817925,-4.369004249572754,-5.710043430328369
-,0,-10.988716125488281,2.7207755578737416,10.988716125488281,2.7207755578737416,-10.15251636505127,-3.0992064476013184
-,0,-10.868792533874512,2.8186214490675,10.868792533874512,2.8186214490675,-3.939570903778076,-2.556103229522705
A07,1,-10.652230262756348,2.758144702215327,10.652230262756348,2.758144702215327,5.527716636657715,9.096467971801758
A08,1,-11.053561210632324,2.836363853365523,11.053561210632324,2.836363853365523,3.379737615585327,7.002669811248779
A09,1,-10.673129081726074,2.776180740705222,10.673129081726074,2.776180740705222,5.160651683807373,5.303067684173584
A07,1,-11.003108978271484,2.7912209172701403,11.003108978271484,2.7912209172701403,5.3692145347595215,4.160606861114502
A11,1,-10.764074325561523,2.820140052392618,10.764074325561523,2.820140052392618,0.8515282869338989,1.0084720849990845
A08,1,-9.808145523071289,2.6322860558406553,9.808145523071289,2.6322860558406553,6.786387920379639,6.992538928985596
-,0,-11.0125093460083,2.685721794990073,11.0125093460083,2.685721794990073,-1.6202303171157837,-7.327395439147949
A15,1,-10.739845275878906,2.928864625634309,10.739845275878906,2.928864625634309,1.977168321609497,7.904058456420898
-,0,-7.009698867797852,2.853945292987245,7.009698867797852,2.853945292987245,2.7484211921691895,-1.5662965774536133
A16,1,-10.943879127502441,2.751904245906424,10.943879127502441,2.751904245906424,4.285007476806641,6.281721115112305
-,0,-10.238542556762695,2.873237831022216,10.238542556762695,2.873237831022216,-12.091950416564941,-7.780843734741211
A10,1,-10.196703910827637,2.788643517512584,10.196703910827637,2.788643517512584,0.21512064337730408,3.7516908645629883
A17,1,-10.819849967956543,2.6573702358049602,10.819849967956543,2.6573702358049602,3.1338181495666504,1.1765129566192627
A19,1,-11.066731452941895,2.7221906500429447,11.066731452941895,2.7221906500429447,-1.5527331829071045,-0.08565319329500198
A07,1,-10.672663688659668,2.7455179410404695,10.672663688659668,2.7455179410404695,0.9455402493476868,2.53279709815979
A11,1,-10.075460433959961,2.6680767829607177,10.075460433959961,2.6680767829607177,4.859683990478516,8.191713333129883
A14,1,-10.73862361907959,2.823925294866991,10.73862361907959,2.823925294866991,-1.04790198802948,3.438654661178589
-,0,-11.088741302490234,2.850123811549583,11.088741302490234,2.850123811549583,-1.256251573562622,0.664354145526886
-,0,-11.102679252624512,2.6948277445982445,11.102679252624512,2.6948277445982445,-6.581014156341553,-3.955997943878174
-,0,-11.229352951049805,2.817249694079725,11.229352951049805,2.817249694079725,-5.028406143188477,-3.252330780029297
-,0,-11.01022720336914,2.7306309618036293,11.01022720336914,2.7306309618036293,-13.30154037475586,-4.748016834259033
A10,1,-10.615105628967285,2.7771933471760404,10.615105628967285,2.7771933471760404,7.6207804679870605,4.82136869430542
A09,1,-10.47387409210205,2.7488914419523525,10.47387409210205,2.7488914419523525,5.182049751281738,7.682731628417969
-,0,-10.408797264099121,2.8121551535660037,10.408797264099121,2.8121551535660037,-2.8271844387054443,-2.0043234825134277
A17,1,-11.135501861572266,2.7632865538351123,11.135501861572266,2.7632865538351123,6.185580730438232,5.677950859069824
A07,1,-10.059488296508789,2.708408808237069,10.059488296508789,2.708408808237069,1.696046233177185,1.7668452262878418
A13,1,-8.85189151763916,2.6124949768175414,8.85189151763916,2.6124949768175414,5.574702262878418,8.807249069213867
-,0,-10.593647956848145,2.8794031888934386,10.593647956848145,2.8794031888934386,-7.7697601318359375,-3.1308767795562744
A10,1,-10.899744033813477,2.8403766937060877,10.899744033813477,2.8403766937060877,1.940364956855774,-0.34728744626045227
A13,1,-11.057841300964355,2.864059758513674,11.057841300964355,2.864059758513674,6.555843353271484,10.91960334777832
A13,1,-10.690555572509766,2.8506139655207527,10.690555572509766,2.8506139655207527,7.636947154998779,9.003630638122559
A13,1,-10.821645736694336,2.6765031301787037,10.821645736694336,2.6765031301787037,7.060469627380371,9.456851959228516
A17,1,-11.09656810760498,2.6178090694774427,11.09656810760498,2.6178090694774427,7.1803436279296875,9.982793807983398
A07,1,-8.578927993774414,2.5690815356643504,8.578927993774414,2.5690815356643504,4.386746883392334,7.238508224487305
-,0,-10.571224212646484,2.8421327895566537,10.571224212646484,2.8421327895566537,-7.5746660232543945,-1.3107185363769531
-,0,-10.761275291442871,2.721410811940836,10.761275291442871,2.721410811940836,-4.21976900100708,-6.671545505523682
-,0,-10.943472862243652,2.7073748693547888,10.943472862243652,2.7073748693547888,-2.1425747871398926,-0.5488258004188538
-,0,-10.306612014770508,2.8985739460032525,10.306612014770508,2.8985739460032525,-4.712177276611328,-3.0772643089294434
A12,1,-11.151759147644043,2.7258085575871625,11.151759147644043,2.7258085575871625,3.1769096851348877,4.952855110168457
A08,1,-10.643295288085938,2.8072569805806165,10.643295288085938,2.8072569805806165,7.795660972595215,7.671678066253662
A08,1,-10.655224800109863,2.8092833790143943,10.655224800109863,2.8092833790143943,4.981968402862549,6.855438232421875
A18,1,-11.269652366638184,2.7700363287570715,11.269652366638184,2.7700363287570715,6.144488334655762,6.144701957702637
A13,1,-11.138670921325684,2.7087206513832247,11.138670921325684,2.7087206513832247,6.003181457519531,5.348184585571289
-,0,-11.303455352783203,2.8508563609529496,11.303455352783203,2.8508563609529496,-9.770256996154785,-7.064220428466797
-,0,-10.891677856445312,2.8115740194192305,10.891677856445312,2.8115740194192305,-8.963814735412598,-4.4802727699279785
A17,1,-11.126174926757812,2.8392003035431763,11.126174926757812,2.8392003035431763,5.211755752563477,1.7997944355010986
A08,1,-11.030536651611328,2.7881533635424787,11.030536651611328,2.7881533635424787,7.441192150115967,4.243730545043945
-,0,-10.589938163757324,2.8889924225748222,10.589938163757324,2.8889924225748222,-2.5839309692382812,-1.1588187217712402
A10,1,-9.996210098266602,2.625887053362702,9.996210098266602,2.625887053362702,5.248311996459961,6.426039695739746
A17,1,-11.161210060119629,2.7328181191072893,11.161210060119629,2.7328181191072893,6.782259941101074,4.691120624542236
A15,1,-10.336098670959473,2.6739580713048543,10.336098670959473,2.6739580713048543,-5.1142120361328125,4.26046085357666
A08,1,-10.094817161560059,2.8080988290429727,10.094817161560059,2.8080988290429727,2.578458070755005,6.085409164428711
A11,1,-10.872086524963379,2.6402227883218643,10.872086524963379,2.6402227883218643,4.500751495361328,6.882064342498779
A12,1,-11.099700927734375,2.782892657033284,11.099700927734375,2.782892657033284,7.264071464538574,10.961771011352539
A12,1,-10.941021919250488,2.752360070385064,10.941021919250488,2.752360070385064,6.8294782638549805,6.239917755126953
A14,1,-10.964186668395996,2.78612957575121,10.964186668395996,2.78612957575121,2.87457537651062,5.410747528076172
A13,1,-10.927647590637207,2.8084668417038943,10.927647590637207,2.8084668417038943,6.977520942687988,5.525312423706055
A10,1,-9.715459823608398,2.845629306054553,9.715459823608398,2.845629306054553,8.58203411102295,8.365859031677246
A11,1,-10.82870864868164,2.6182307141619274,10.82870864868164,2.6182307141619274,5.294410228729248,10.156099319458008
A18,1,-10.670724868774414,2.784995972365108,10.670724868774414,2.784995972365108,4.31321907043457,1.6484668254852295
A10,1,-10.498406410217285,2.7709436746882212,10.498406410217285,2.7709436746882212,6.80045747756958,5.07092809677124
A07,1,-10.547405242919922,2.6893250827638258,10.547405242919922,2.6893250827638258,4.227116107940674,7.300268650054932
A16,1,-10.925206184387207,2.6855854907174934,10.925206184387207,2.6855854907174934,1.0030795335769653,3.9399471282958984
A17,1,-11.253369331359863,2.6250687596807203,11.253369331359863,2.6250687596807203,6.030609130859375,10.467849731445312
-,0,-10.529291152954102,2.8177354866481914,10.529291152954102,2.8177354866481914,-2.9257588386535645,-2.4093430042266846
A18,1,-11.226435661315918,2.713157245467705,11.226435661315918,2.713157245467705,5.046442985534668,4.838924407958984
A07,1,-10.874621391296387,2.816347139679845,10.874621391296387,2.816347139679845,6.188328742980957,0.6129468679428101
A08,1,-11.100920677185059,2.909774437541029,11.100920677185059,2.909774437541029,6.936853408813477,5.3404541015625
A09,1,-11.112831115722656,2.828667215530897,11.112831115722656,2.828667215530897,-2.766862392425537,0.9776842594146729
A14,1,-11.119528770446777,2.794471411933962,11.119528770446777,2.794471411933962,2.4319026470184326,4.672207832336426
-,0,-10.600006103515625,2.804151406689917,10.600006103515625,2.804151406689917,-3.916795253753662,-5.150687217712402
-,0,-10.490303993225098,2.6711396440578254,10.490303993225098,2.6711396440578254,-3.287477731704712,0.16347357630729675
A07,1,-10.705227851867676,2.7899619727773275,10.705227851867676,2.7899619727773275,4.76779842376709,7.639041900634766
-,0,-11.013361930847168,2.8134384787246196,11.013361930847168,2.8134384787246196,-1.5562713146209717,-0.29151564836502075
-,0,-10.640597343444824,2.7831410085732284,10.640597343444824,2.7831410085732284,-4.657258033752441,-2.0372982025146484
-,0,-11.129451751708984,2.7696430312744167,11.129451751708984,2.7696430312744167,-6.450873374938965,-5.802635192871094
A17,1,-9.925012588500977,2.8907345671903575,9.925012588500977,2.8907345671903575,4.274868011474609,7.585712432861328
A16,1,-10.109728813171387,2.7308384339468796,10.109728813171387,2.7308384339468796,3.9550604820251465,7.130599498748779
A10,1,-10.74585247039795,2.796253092338944,10.74585247039795,2.796253092338944,-1.6527761220932007,-0.8311769962310791
A11,1,-11.014063835144043,2.6343480399236143,11.014063835144043,2.6343480399236143,4.382500648498535,7.093922138214111
-,0,-10.716716766357422,2.8497919439860184,10.716716766357422,2.8497919439860184,-10.460926055908203,-3.709005355834961
A12,1,-10.942230224609375,2.8201881960850432,10.942230224609375,2.8201881960850432,4.312261581420898,8.00339412689209
A11,1,-10.99998664855957,2.7678829952871786,10.99998664855957,2.7678829952871786,5.347406387329102,1.9260237216949463
A16,1,-9.604511260986328,2.5616553395018267,9.604511260986328,2.5616553395018267,6.3015522956848145,9.501731872558594
A18,1,-11.101083755493164,2.7032626882470976,11.101083755493164,2.7032626882470976,3.3348538875579834,3.1291913986206055
A09,1,-10.978828430175781,2.71703050545926,10.978828430175781,2.71703050545926,5.080428123474121,6.779047012329102
-,0,-10.61918830871582,2.825223677345832,10.61918830871582,2.825223677345832,-5.664796829223633,-3.260236978530884
A11,1,-10.86829948425293,2.7320626005712136,10.86829948425293,2.7320626005712136,0.47119787335395813,4.5186967849731445
A11,1,-10.013444900512695,2.775041857577559,10.013444900512695,2.775041857577559,7.682729721069336,4.338238716125488
A14,1,-10.7208833694458,2.782541121783676,10.7208833694458,2.782541121783676,1.989737868309021,5.616570949554443
A11,1,-11.213650703430176,2.711362985031408,11.213650703430176,2.711362985031408,-0.4624411165714264,-0.4254527986049652
-,0,-10.826674461364746,2.721176262575662,10.826674461364746,2.721176262575662,-8.256487846374512,-8.661492347717285
A18,1,-11.219844818115234,2.7582725786430906,11.219844818115234,2.7582725786430906,5.835761547088623,1.3448731899261475
A15,1,-10.657243728637695,2.7579597081712737,10.657243728637695,2.7579597081712737,-1.9053524732589722,6.229028701782227
A13,1,-9.789348602294922,2.729625504213544,9.789348602294922,2.729625504213544,6.096417427062988,6.6155924797058105
-,0,-10.614555358886719,2.8781226350203064,10.614555358886719,2.8781226350203064,-5.248215198516846,-1.4198040962219238
A07,1,-10.920802116394043,2.818860928981017,10.920802116394043,2.818860928981017,5.38653564453125,6.986902236938477
A17,1,-10.51570987701416,2.7895484156944326,10.51570987701416,2.7895484156944326,5.177724361419678,5.034579277038574
A19,1,-11.101790428161621,2.7930709215794076,11.101790428161621,2.7930709215794076,-1.826160192489624,0.45642802119255066
A07,1,-10.810737609863281,2.778345173254208,10.810737609863281,2.778345173254208,1.2007724046707153,3.3356144428253174
A17,1,-11.029147148132324,2.7272167509140672,11.029147148132324,2.7272167509140672,3.157785415649414,-0.8412842154502869
A07,1,-10.778966903686523,2.659493881639161,10.778966903686523,2.659493881639161,1.9920984506607056,6.0575127601623535
-,0,-11.15007495880127,2.7255374002107686,11.15007495880127,2.7255374002107686,-7.021733283996582,-2.886039972305298
A08,1,-10.898672103881836,2.738666584414073,10.898672103881836,2.738666584414073,5.973048210144043,5.093622207641602
A18,1,-11.29884147644043,2.796841108005494,11.29884147644043,2.796841108005494,-1.4312031269073486,-0.05808166414499283
-,0,-10.895849227905273,2.7797080591350474,10.895849227905273,2.7797080591350474,-3.7918965816497803,-0.6279300451278687
A09,1,-11.15047836303711,2.7846635215495414,11.15047836303711,2.7846635215495414,1.9020296335220337,4.188668251037598
A12,1,-10.750896453857422,2.7973288361340307,10.750896453857422,2.7973288361340307,7.28477668762207,7.426943302154541
A13,1,-10.096413612365723,2.803466858154494,10.096413612365723,2.803466858154494,6.093173503875732,8.393045425415039
A12,1,-10.5800142288208,2.6044750458111428,10.5800142288208,2.6044750458111428,7.840756416320801,9.945535659790039
-,0,-11.228963851928711,2.6997086910896684,11.228963851928711,2.6997086910896684,-9.662606239318848,-3.3577516078948975
-,0,-10.65564250946045,2.833483161134245,10.65564250946045,2.833483161134245,-3.5947482585906982,-1.7909953594207764
-,0,-11.105401992797852,2.7525397730220558,11.105401992797852,2.7525397730220558,1.695426106452942,-2.9474215507507324
-,0,-10.42802906036377,2.7060117141221376,10.42802906036377,2.7060117141221376,-9.292929649353027,-4.846227169036865
-,0,-10.4078950881958,2.8084534351770625,10.4078950881958,2.8084534351770625,-5.653720855712891,-0.9140828847885132
A19,1,-11.325312614440918,2.7392907263621793,11.325312614440918,2.7392907263621793,1.2415612936019897,3.8652586936950684
A12,1,-10.959329605102539,2.814404663021985,10.959329605102539,2.814404663021985,6.255467414855957,8.0862398147583
-,0,-10.806435585021973,2.801730416814634,10.806435585021973,2.801730416814634,-7.561738014221191,0.11403054744005203
A17,1,-10.694729804992676,2.6684976570704033,10.694729804992676,2.6684976570704033,1.1335461139678955,-0.633716881275177
-,0,-11.299877166748047,2.6468518279344138,11.299877166748047,2.6468518279344138,-3.500338315963745,-1.9750229120254517
A13,1,-10.629657745361328,2.881829865558648,10.629657745361328,2.881829865558648,5.087098121643066,2.9552533626556396
-,0,-10.697327613830566,2.731910774419871,10.697327613830566,2.731910774419871,-8.417081832885742,-2.6455066204071045
A11,1,-9.999074935913086,2.789941736313445,9.999074935913086,2.789941736313445,0.36322903633117676,6.081935405731201
-,0,-11.074657440185547,2.670455563282493,11.074657440185547,2.670455563282493,-4.356914520263672,-4.701696395874023
-,0,-10.92531681060791,2.768436223476538,10.92531681060791,2.768436223476538,-4.053585052490234,-3.7460949420928955
A16,1,-10.453094482421875,2.6441437967224184,10.453094482421875,2.6441437967224184,6.665313243865967,10.388534545898438
-,0,-11.011428833007812,2.784997134800718,11.011428833007812,2.784997134800718,-8.19865894317627,-5.322882652282715
A17,1,-11.187353134155273,2.709315109227485,11.187353134155273,2.709315109227485,5.141836166381836,7.506863117218018
A10,1,-10.434514999389648,2.7197521594449436,10.434514999389648,2.7197521594449436,6.0418806076049805,5.853089809417725
-,0,-11.32663345336914,2.713768374138398,11.32663345336914,2.713768374138398,-4.86560583114624,-4.028014659881592
-,0,-10.577157020568848,2.83041062597303,10.577157020568848,2.83041062597303,-3.329857110977173,-0.2605467736721039
-,0,-11.527297973632812,2.8002134631214086,11.527297973632812,2.8002134631214086,-1.7693002223968506,-2.2170891761779785
A08,1,-11.24219799041748,2.751667168082264,11.24219799041748,2.751667168082264,6.728578567504883,6.926514625549316
A07,1,-10.26028823852539,2.669201864264328,10.26028823852539,2.669201864264328,9.154236793518066,9.724699974060059
-,0,-10.796205520629883,2.7667936186093276,10.796205520629883,2.7667936186093276,-2.2534055709838867,-3.462883472442627
A14,1,-11.007722854614258,2.7840211100836414,11.007722854614258,2.7840211100836414,0.5070448517799377,1.7319605350494385
A11,1,-10.868913650512695,2.687866699303117,10.868913650512695,2.687866699303117,2.1324453353881836,6.226902961730957
-,0,-11.083364486694336,2.754726999087835,11.083364486694336,2.754726999087835,-5.7311577796936035,-3.017439842224121
-,0,-11.15774917602539,2.7876662132492527,11.15774917602539,2.7876662132492527,-6.029951572418213,-9.846307754516602
A18,1,-11.014422416687012,2.8554889227504603,11.014422416687012,2.8554889227504603,0.9961736798286438,0.30608120560646057
A08,1,-10.877619743347168,2.5862671348906523,10.877619743347168,2.5862671348906523,4.847606182098389,6.4388017654418945
-,0,-10.566390037536621,2.7057659476237226,10.566390037536621,2.7057659476237226,-2.5045385360717773,-0.6884117722511292
A11,1,-10.359346389770508,2.802152014798617,10.359346389770508,2.802152014798617,-0.6723803877830505,2.76314640045166
-,0,-11.295966148376465,2.7245898956609067,11.295966148376465,2.7245898956609067,-1.2412174940109253,-1.7491295337677002
A12,1,-10.908791542053223,2.839401963519519,10.908791542053223,2.839401963519519,5.334168434143066,7.792169570922852
-,0,-10.931449890136719,2.713678147089006,10.931449890136719,2.713678147089006,-12.879146575927734,-4.741454124450684
A10,1,-10.559414863586426,2.692557438386892,10.559414863586426,2.692557438386892,5.074594497680664,6.929020881652832
-,0,-10.352569580078125,2.8177552340865977,10.352569580078125,2.8177552340865977,-3.317955255508423,-1.3320668935775757
-,0,-10.293434143066406,2.733737243923697,10.293434143066406,2.733737243923697,-3.9176077842712402,-0.7894763350486755
-,0,-10.929546356201172,2.775775733697036,10.929546356201172,2.775775733697036,-4.272716522216797,-7.332290172576904
-,0,-10.387787818908691,2.6957854718362455,10.387787818908691,2.6957854718362455,-9.711865425109863,-3.2838470935821533
-,0,-10.759048461914062,2.8451799844433565,10.759048461914062,2.8451799844433565,-4.187300682067871,-5.964910507202148
A10,1,-10.954602241516113,2.7416763026122246,10.954602241516113,2.7416763026122246,2.5802512168884277,0.6882396340370178
A15,1,-10.731184005737305,2.6840373287342647,10.731184005737305,2.6840373287342647,5.497185707092285,3.7460787296295166
-,0,-11.288537979125977,2.665251244162116,11.288537979125977,2.665251244162116,-4.736183166503906,-2.340524196624756
A14,1,-10.661591529846191,2.705036762913803,10.661591529846191,2.705036762913803,2.423112154006958,3.1726369857788086
-,0,-10.889392852783203,2.735942367576614,10.889392852783203,2.735942367576614,-2.8159730434417725,-1.186492681503296
A17,1,-11.343175888061523,2.8352649102846663,11.343175888061523,2.8352649102846663,4.928699016571045,6.570348739624023
A13,1,-10.792978286743164,2.812793284063989,10.792978286743164,2.812793284063989,6.593014240264893,3.2036359310150146
-,0,-10.455351829528809,2.7660144966386113,10.455351829528809,2.7660144966386113,-3.2862441539764404,-0.7340773940086365
-,0,-11.125626564025879,2.839776050479971,11.125626564025879,2.839776050479971,-5.014636039733887,-0.9371674060821533
-,0,-10.823344230651855,2.754712363628985,10.823344230651855,2.754712363628985,-4.334786415100098,-2.178567409515381
-,0,-10.911133766174316,2.7563146087231103,10.911133766174316,2.7563146087231103,-3.1860947608947754,-1.7851250171661377
-,0,-11.164061546325684,2.7147546326779315,11.164061546325684,2.7147546326779315,-5.656797409057617,-7.079658508300781
-,0,-10.277678489685059,2.7111691695779263,10.277678489685059,2.7111691695779263,-5.053262710571289,0.04907084256410599
-,0,-11.21975040435791,2.790102195349559,11.21975040435791,2.790102195349559,-3.6186821460723877,-1.6431246995925903
-,0,-11.174596786499023,2.812229440934591,11.174596786499023,2.812229440934591,-7.285205841064453,-2.2845540046691895
A16,1,-10.326979637145996,2.784645109887937,10.326979637145996,2.784645109887937,0.7633523344993591,0.032753609120845795
A16,1,-11.192456245422363,2.7985635762563357,11.192456245422363,2.7985635762563357,5.460999488830566,2.101487159729004
-,0,-11.224027633666992,2.8075143080928577,11.224027633666992,2.8075143080928577,-8.905569076538086,-5.656097888946533
A14,1,-10.832526206970215,2.7447589556105747,10.832526206970215,2.7447589556105747,-1.8134220838546753,0.48570141196250916
-,0,-10.759912490844727,2.8202102593523946,10.759912490844727,2.8202102593523946,-4.344963073730469,-1.3461872339248657
A17,1,-11.291873931884766,2.8620121771818465,11.291873931884766,2.8620121771818465,7.226181507110596,9.478506088256836
A09,1,-10.691112518310547,2.8562392840105963,10.691112518310547,2.8562392840105963,8.146452903747559,6.207181930541992
-,0,-11.030774116516113,2.7585743026373204,11.030774116516113,2.7585743026373204,-6.341073513031006,-7.13883638381958
A09,1,-10.750563621520996,2.791653814815152,10.750563621520996,2.791653814815152,3.013848066329956,6.743756294250488
A19,1,-10.831463813781738,2.8158334344502287,10.831463813781738,2.8158334344502287,3.8064212799072266,0.5695682764053345
-,0,-11.10558032989502,2.6924579782043754,11.10558032989502,2.6924579782043754,-3.99743914604187,-1.1645689010620117
-,0,-11.024139404296875,2.742823775092868,11.024139404296875,2.742823775092868,-8.318435668945312,-3.2996156215667725
A13,1,-10.802777290344238,2.724271617694659,10.802777290344238,2.724271617694659,6.825345993041992,8.604917526245117
-,0,-10.536079406738281,2.7947022515108992,10.536079406738281,2.7947022515108992,0.5192188620567322,1.3198975324630737
A16,1,-10.873929977416992,2.7087609046466485,10.873929977416992,2.7087609046466485,5.743651866912842,5.911181449890137
-,0,-10.683405876159668,2.8847016401234304,10.683405876159668,2.8847016401234304,-1.7367472648620605,-7.209944725036621
A18,1,-11.243684768676758,2.9040054554271633,11.243684768676758,2.9040054554271633,3.7334775924682617,1.547020435333252
-,0,-11.055203437805176,2.8537703306578126,11.055203437805176,2.8537703306578126,-14.673080444335938,-8.270254135131836
A08,1,-10.967442512512207,2.764909918201211,10.967442512512207,2.764909918201211,3.514181137084961,0.23617827892303467
A10,1,-10.856891632080078,2.6681720389040353,10.856891632080078,2.6681720389040353,1.4469367265701294,-0.9458047747612
A15,1,-10.961736679077148,2.8474641074095564,10.961736679077148,2.8474641074095564,2.5601537227630615,5.094270706176758
A15,1,-11.143204689025879,2.771424238485252,11.143204689025879,2.771424238485252,-0.022497795522212982,6.469610691070557
-,0,-10.620054244995117,2.71786922958507,10.620054244995117,2.71786922958507,1.415130615234375,-0.1739664375782013
A19,1,-11.004463195800781,2.7595783296924843,11.004463195800781,2.7595783296924843,-2.0638821125030518,-1.0389797687530518
-,0,-11.035035133361816,2.7915610851628005,11.035035133361816,2.7915610851628005,-2.297518491744995,-7.758289813995361
A19,1,-10.451850891113281,2.759037953932328,10.451850891113281,2.759037953932328,1.1173151731491089,2.4312338829040527
A07,1,-10.936184883117676,2.7290795198694693,10.936184883117676,2.7290795198694693,5.693698406219482,3.6904196739196777
-,0,-10.571431159973145,2.838690126448432,10.571431159973145,2.838690126448432,-11.399359703063965,-3.5673375129699707
A14,1,-10.351398468017578,2.8086884683197137,10.351398468017578,2.8086884683197137,3.3858540058135986,4.03745174407959
-,0,-11.17092514038086,2.72238210394466,11.17092514038086,2.72238210394466,-4.593955039978027,-4.232196807861328
A15,1,-10.806828498840332,2.8145570273311065,10.806828498840332,2.8145570273311065,1.0934418439865112,3.7975523471832275
-,0,-10.74355697631836,2.780180542640208,10.74355697631836,2.780180542640208,-6.447101593017578,-1.7893080711364746
A08,1,-10.97630500793457,2.8275803204538144,10.97630500793457,2.8275803204538144,5.631773471832275,3.3554139137268066
A17,1,-10.542099952697754,2.7778776394503812,10.542099952697754,2.7778776394503812,6.342250823974609,9.688426971435547
A17,1,-10.988531112670898,2.8225109784069207,10.988531112670898,2.8225109784069207,5.231442928314209,9.529044151306152
-,0,-10.561849594116211,2.805946491036701,10.561849594116211,2.805946491036701,-10.890639305114746,-10.022581100463867
A19,1,-11.055612564086914,2.8245694690149517,11.055612564086914,2.8245694690149517,1.3514857292175293,2.525144577026367
-,0,-10.943147659301758,2.8093988932875393,10.943147659301758,2.8093988932875393,-5.083019733428955,-2.682051181793213
-,0,-11.106276512145996,2.691932269182692,11.106276512145996,2.691932269182692,-1.3033777475357056,1.4385755062103271
A14,1,-11.133485794067383,2.798900373048262,11.133485794067383,2.798900373048262,-1.2734318971633911,4.1085662841796875
-,0,-11.205680847167969,2.8918062007294814,11.205680847167969,2.8918062007294814,-6.909704685211182,-6.481410980224609
-,0,-11.252511024475098,2.672634160653198,11.252511024475098,2.672634160653198,-8.443381309509277,-7.580250263214111
A19,1,-10.00619888305664,2.693497426789006,10.00619888305664,2.693497426789006,-1.400403618812561,-0.08476769924163818
-,0,-10.72978687286377,2.8589298784151818,10.72978687286377,2.8589298784151818,-5.0744781494140625,-6.514702796936035
-,0,-10.646502494812012,2.698256429587683,10.646502494812012,2.698256429587683,-6.794921875,-4.136505603790283
-,0,-10.521984100341797,2.790016729405844,10.521984100341797,2.790016729405844,-0.4901316165924072,0.6651149392127991
A12,1,-10.995105743408203,2.738630142222963,10.995105743408203,2.738630142222963,7.554462432861328,10.188554763793945
-,0,-11.178751945495605,2.7491090846989845,11.178751945495605,2.7491090846989845,-1.9919222593307495,-3.961245059967041
A12,1,-10.848471641540527,2.8920892450008444,10.848471641540527,2.8920892450008444,6.865577220916748,6.232718467712402
A12,1,-11.046919822692871,2.633689630062104,11.046919822692871,2.633689630062104,6.72911262512207,5.016322135925293
A08,1,-10.806112289428711,2.8325915348273147,10.806112289428711,2.8325915348273147,6.151447772979736,6.635965347290039
-,0,-11.37526798248291,2.796270647700562,11.37526798248291,2.796270647700562,-2.884354829788208,-2.0313422679901123
-,0,-10.855094909667969,2.7781839410577556,10.855094909667969,2.7781839410577556,-6.808650016784668,-7.415003776550293
A09,1,-10.799722671508789,2.711728713732844,10.799722671508789,2.711728713732844,9.177298545837402,9.864933967590332
A14,1,-11.190421104431152,2.6474615554713754,11.190421104431152,2.6474615554713754,1.3259707689285278,2.6409010887145996
A19,1,-11.180116653442383,2.798010177245005,11.180116653442383,2.798010177245005,2.7656338214874268,-0.7655959129333496
-,0,-11.002862930297852,2.832509424485692,11.002862930297852,2.832509424485692,-7.255499839782715,-3.482201099395752
-,0,-10.812661170959473,2.950330154538774,10.812661170959473,2.950330154538774,-8.710108757019043,-1.4952881336212158
A16,1,-9.058733940124512,2.508204231299902,9.058733940124512,2.508204231299902,4.5153398513793945,7.3672614097595215
A18,1,-11.358707427978516,2.735017343721604,11.358707427978516,2.735017343721604,3.1469199657440186,1.5359463691711426
-,0,-11.29561996459961,2.795222215863276,11.29561996459961,2.795222215863276,-3.0529119968414307,-3.7812745571136475
A14,1,-11.156902313232422,2.7573041907595397,11.156902313232422,2.7573041907595397,5.268377780914307,8.076799392700195
A12,1,-10.821992874145508,2.795217525737136,10.821992874145508,2.795217525737136,8.802681922912598,8.49136734008789
A18,1,-10.515327453613281,2.7575805429555627,10.515327453613281,2.7575805429555627,4.5199737548828125,3.909186363220215
A16,1,-11.28122329711914,2.801696554790552,11.28122329711914,2.801696554790552,3.866746664047241,-0.6003376841545105
-,0,-11.167069435119629,2.8247882522463845,11.167069435119629,2.8247882522463845,-7.188764572143555,-0.7909083962440491
-,0,-10.777039527893066,2.7059233515604837,10.777039527893066,2.7059233515604837,0.37427830696105957,-1.0747963190078735
A12,1,-10.8912353515625,2.814688480434776,10.8912353515625,2.814688480434776,6.267888069152832,9.166807174682617
-,0,-11.078307151794434,2.7863232608571127,11.078307151794434,2.7863232608571127,-8.190779685974121,-2.294466257095337
-,0,-11.222454071044922,2.742610560407689,11.222454071044922,2.742610560407689,-13.70029354095459,-6.779300689697266
A14,1,-10.848566055297852,2.7511436190149126,10.848566055297852,2.7511436190149126,-1.8558329343795776,7.475383758544922
A13,1,-10.794144630432129,2.828356722097708,10.794144630432129,2.828356722097708,8.158879280090332,10.069766998291016
A08,1,-10.983318328857422,2.6929233230460943,10.983318328857422,2.6929233230460943,2.7961270809173584,2.1165261268615723
-,0,-10.406596183776855,2.757982252927281,10.406596183776855,2.757982252927281,-4.860447883605957,-0.2768227756023407
-,0,-11.209061622619629,2.805836616673988,11.209061622619629,2.805836616673988,-0.6172651648521423,-6.230794906616211
-,0,-11.177474975585938,2.824163899534285,11.177474975585938,2.824163899534285,-8.557544708251953,-2.5333175659179688
A18,1,-11.136795043945312,2.79517812511225,11.136795043945312,2.79517812511225,-3.1136903762817383,-0.7438311576843262
A17,1,-10.732120513916016,2.6382706005424517,10.732120513916016,2.6382706005424517,3.4550976753234863,3.072190523147583
-,0,-10.62578296661377,2.8450512085395556,10.62578296661377,2.8450512085395556,-0.9962889552116394,-3.3544397354125977
-,0,-11.113828659057617,2.8705790420731523,11.113828659057617,2.8705790420731523,-10.5508394241333,-5.280425071716309
-,0,-10.264626502990723,2.8854229954707713,10.264626502990723,2.8854229954707713,-9.371648788452148,-2.783686399459839
A16,1,-11.096147537231445,2.6311267166349324,11.096147537231445,2.6311267166349324,6.512800693511963,5.800361633300781
A16,1,-11.03885555267334,2.8046133101243864,11.03885555267334,2.8046133101243864,4.282339096069336,3.4317572116851807
A08,1,-10.776515007019043,2.7914500252549765,10.776515007019043,2.7914500252549765,3.2208924293518066,1.82859468460083
A13,1,-10.880183219909668,2.8902692315199077,10.880183219909668,2.8902692315199077,8.011429786682129,9.025577545166016
-,0,-10.972796440124512,2.8707805758203633,10.972796440124512,2.8707805758203633,-6.7477569580078125,-5.443748950958252
A15,1,-10.995774269104004,2.7273780136390107,10.995774269104004,2.7273780136390107,4.727238178253174,5.000381946563721
-,0,-10.959421157836914,2.6863209619715316,10.959421157836914,2.6863209619715316,0.5379315614700317,0.832687497138977
A11,1,-10.187739372253418,2.8313089827619264,10.187739372253418,2.8313089827619264,3.3335635662078857,6.603024482727051
A18,1,-11.077900886535645,2.5871408345952163,11.077900886535645,2.5871408345952163,4.760490417480469,1.334351658821106
-,0,-11.399003982543945,2.7836039338380774,11.399003982543945,2.7836039338380774,-7.843682289123535,-0.905358076095581
A07,1,-10.833075523376465,2.7355529321182783,10.833075523376465,2.7355529321182783,2.187499761581421,2.393193483352661
A19,1,-11.223977088928223,2.690148350600368,11.223977088928223,2.690148350600368,-3.7057671546936035,-1.1640077829360962
A07,1,-10.314940452575684,2.8418704703419237,10.314940452575684,2.8418704703419237,4.607635021209717,5.698258399963379
A16,1,-11.339332580566406,2.6425393440550407,11.339332580566406,2.6425393440550407,5.901736736297607,1.2935580015182495
A14,1,-11.470817565917969,2.8528007740381778,11.470817565917969,2.8528007740381778,1.8130091428756714,4.118467807769775
-,0,-11.213273048400879,2.74759213096934,11.213273048400879,2.74759213096934,-4.758068084716797,-2.339048385620117
A18,1,-11.049094200134277,2.704786736192512,11.049094200134277,2.704786736192512,0.17475515604019165,4.465325355529785
-,0,-10.993099212646484,2.7828450648422325,10.993099212646484,2.7828450648422325,-2.280611515045166,-1.0633964538574219
-,0,-11.334163665771484,2.7900231422283865,11.334163665771484,2.7900231422283865,-8.198821067810059,-3.3373775482177734
A07,1,-7.282365322113037,2.587540482446165,7.282365322113037,2.587540482446165,8.694089889526367,6.890275955200195
A19,1,-10.090675354003906,2.8994842835944614,10.090675354003906,2.8994842835944614,1.408643126487732,0.5725681781768799
A16,1,-11.013029098510742,2.738607889582468,11.013029098510742,2.738607889582468,4.14689826965332,-0.431173712015152
A15,1,-10.992398262023926,2.801576346483819,10.992398262023926,2.801576346483819,2.312793016433716,6.895223617553711
-,0,-11.161701202392578,2.7666766037736443,11.161701202392578,2.7666766037736443,-7.533506870269775,-2.503230571746826
-,0,-10.254940032958984,2.7442252442388835,10.254940032958984,2.7442252442388835,-0.060358598828315735,-1.2821818590164185
A13,1,-10.623880386352539,2.7824919424632757,10.623880386352539,2.7824919424632757,7.445046901702881,9.37960147857666
A14,1,-11.069304466247559,2.715207841470479,11.069304466247559,2.715207841470479,2.052920341491699,8.596363067626953
A18,1,-11.226336479187012,2.725898148640327,11.226336479187012,2.725898148640327,-0.610973060131073,0.3068758547306061
A13,1,-9.295428276062012,2.787069187339419,9.295428276062012,2.787069187339419,6.938473701477051,7.537396430969238
-,0,-11.09614086151123,2.7190576244426916,11.09614086151123,2.7190576244426916,4.299543857574463,1.178762435913086
-,0,-10.423452377319336,2.759458943408816,10.423452377319336,2.759458943408816,-6.602512359619141,-6.285265922546387
-,0,-11.309842109680176,2.7480520219332463,11.309842109680176,2.7480520219332463,3.9758613109588623,4.923002243041992
-,0,-11.043559074401855,2.8625922063962315,11.043559074401855,2.8625922063962315,-4.90369987487793,-7.038424968719482
-,0,-10.58022689819336,2.758143855010999,10.58022689819336,2.758143855010999,-1.5034922361373901,-0.7521650791168213
-,0,-10.689604759216309,2.8304316381096264,10.689604759216309,2.8304316381096264,-13.27017879486084,-1.803215742111206
A13,1,-10.472542762756348,2.7177056960699186,10.472542762756348,2.7177056960699186,8.394862174987793,8.473424911499023
-,0,-9.816605567932129,2.8581363265724615,9.816605567932129,2.8581363265724615,-1.0613696575164795,-2.3087685108184814
A11,1,-10.41103744506836,2.7399148488763445,10.41103744506836,2.7399148488763445,0.6598812937736511,4.729548931121826
A09,1,-10.727884292602539,2.8661081551141754,10.727884292602539,2.8661081551141754,7.63795804977417,7.77479887008667
A19,1,-11.179872512817383,2.723283699046112,11.179872512817383,2.723283699046112,-2.703620433807373,-1.1910042762756348
-,0,-11.001419067382812,2.836585213609698,11.001419067382812,2.836585213609698,-15.947359085083008,-2.5109496116638184
-,0,-10.421640396118164,2.786755764209299,10.421640396118164,2.786755764209299,1.9144911766052246,-2.8866562843322754
A13,1,-10.631792068481445,2.786007165077894,10.631792068481445,2.786007165077894,5.837704181671143,8.005741119384766
-,0,-11.193089485168457,2.770394308522341,11.193089485168457,2.770394308522341,-0.08432252705097198,-0.9596915245056152
A08,1,-11.165018081665039,2.827780085598735,11.165018081665039,2.827780085598735,1.7109179496765137,-1.438195824623108
-,0,-11.156769752502441,2.7645316523111583,11.156769752502441,2.7645316523111583,-13.435839653015137,-3.8363938331604004
-,0,-10.878762245178223,2.7294833553010975,10.878762245178223,2.7294833553010975,-7.908934593200684,-0.7610527873039246
A11,1,-10.688298225402832,2.806729553190924,10.688298225402832,2.806729553190924,1.7392483949661255,5.204741477966309
-,0,-11.149746894836426,2.6729374102082066,11.149746894836426,2.6729374102082066,-7.834585189819336,-1.9003844261169434
-,0,-10.409507751464844,2.6942458563457405,10.409507751464844,2.6942458563457405,-9.549650192260742,-1.4567441940307617
A14,1,-10.990530967712402,2.753742293296762,10.990530967712402,2.753742293296762,2.1943271160125732,6.573916912078857
A12,1,-11.141053199768066,2.726919544893725,11.141053199768066,2.726919544893725,4.073436737060547,-0.08557597547769547
A10,1,-10.593979835510254,2.6744856218112547,10.593979835510254,2.6744856218112547,-5.179215431213379,-0.9867796301841736
A15,1,-10.675029754638672,2.634317652070234,10.675029754638672,2.634317652070234,1.5455385446548462,5.608565330505371
A09,1,-10.717588424682617,2.85429681282422,10.717588424682617,2.85429681282422,-0.856641948223114,6.732405662536621
-,0,-10.456745147705078,2.7744469469146353,10.456745147705078,2.7744469469146353,-6.50430965423584,-2.6486268043518066
-,0,-11.220305442810059,2.7551541891233633,11.220305442810059,2.7551541891233633,-10.363683700561523,-5.773072242736816
A08,1,-9.319384574890137,2.623954628551542,9.319384574890137,2.623954628551542,6.83937931060791,6.5101494789123535
-,0,-10.96170425415039,2.7416333662762327,10.96170425415039,2.7416333662762327,1.1952811479568481,-1.4543026685714722
A09,1,-10.851794242858887,2.6493560073828073,10.851794242858887,2.6493560073828073,6.824754238128662,7.3282904624938965
-,0,-11.170909881591797,2.7134803207378497,11.170909881591797,2.7134803207378497,-5.018454074859619,-1.4511868953704834
A16,1,-11.411373138427734,2.743980973101695,11.411373138427734,2.743980973101695,3.7373178005218506,2.9061310291290283
-,0,-10.688176155090332,2.851918453181421,10.688176155090332,2.851918453181421,-4.721195220947266,-2.1753134727478027
A13,1,-9.589789390563965,2.637827092332828,9.589789390563965,2.637827092332828,7.972830295562744,6.8197221755981445
A10,1,-11.064732551574707,2.7295011671668905,11.064732551574707,2.7295011671668905,3.2056920528411865,-0.7870551347732544
-,0,-10.364168167114258,2.8105585457074014,10.364168167114258,2.8105585457074014,-3.208376884460449,-5.6060614585876465
A09,1,-10.544264793395996,2.840099221711698,10.544264793395996,2.840099221711698,3.824704885482788,4.57375431060791
-,0,-11.0101900100708,2.684448404165764,11.0101900100708,2.684448404165764,-10.540242195129395,-7.784059524536133
A07,1,-10.629118919372559,2.733860820748921,10.629118919372559,2.733860820748921,7.8073015213012695,6.673105239868164
A17,1,-11.094095230102539,2.70349190752979,11.094095230102539,2.70349190752979,7.166182518005371,7.694991588592529
A16,1,-10.617579460144043,2.7397608642972724,10.617579460144043,2.7397608642972724,5.7087082862854,5.6858134269714355
-,0,-11.018633842468262,2.8158880850789716,11.018633842468262,2.8158880850789716,-10.174017906188965,-2.050912857055664
-,0,-11.258820533752441,2.886909390762278,11.258820533752441,2.886909390762278,-10.079634666442871,-7.87407112121582
-,0,-10.718775749206543,2.707223319917524,10.718775749206543,2.707223319917524,-7.338109493255615,-6.856596946716309
A19,1,-10.662091255187988,2.8224277317625086,10.662091255187988,2.8224277317625086,4.981863975524902,4.048772811889648
-,0,-11.085530281066895,2.735241581066617,11.085530281066895,2.735241581066617,-5.126108169555664,-1.2433245182037354
A18,1,-10.666784286499023,2.8083410574062153,10.666784286499023,2.8083410574062153,0.5151664614677429,-0.34090787172317505
A13,1,-11.142011642456055,2.8195656425125226,11.142011642456055,2.8195656425125226,6.665872097015381,9.584390640258789
A09,1,-10.587717056274414,2.7811070515228433,10.587717056274414,2.7811070515228433,3.8268561363220215,8.222124099731445
A14,1,-10.935223579406738,2.6892925630794915,10.935223579406738,2.6892925630794915,7.324995040893555,5.7042741775512695
A16,1,-10.4951810836792,2.611664423881497,10.4951810836792,2.611664423881497,9.055662155151367,4.925881862640381
-,0,-11.129100799560547,2.744220645392193,11.129100799560547,2.744220645392193,-4.64517879486084,-7.982550144195557
A08,1,-11.006203651428223,2.7733139281505026,11.006203651428223,2.7733139281505026,6.450303077697754,8.115042686462402
A07,1,-10.712743759155273,2.835225479106651,10.712743759155273,2.835225479106651,5.454614639282227,3.4249353408813477
A10,1,-10.594034194946289,2.8227568943705488,10.594034194946289,2.8227568943705488,3.4746344089508057,1.5959393978118896
A07,1,-10.84789752960205,2.619742631143094,10.84789752960205,2.619742631143094,5.907595634460449,4.253584384918213
-,0,-11.178950309753418,2.8243473584383425,11.178950309753418,2.8243473584383425,-7.343481540679932,-7.584100723266602
-,0,-10.622475624084473,2.853085633914894,10.622475624084473,2.853085633914894,-6.02861213684082,-6.582491397857666
-,0,-11.106438636779785,2.7297479148991792,11.106438636779785,2.7297479148991792,-11.148844718933105,-7.111237049102783
-,0,-11.065605163574219,2.841318075120327,11.065605163574219,2.841318075120327,-8.360329627990723,-2.217339277267456
A14,1,-10.948997497558594,2.898062076703185,10.948997497558594,2.898062076703185,-4.183272361755371,3.148986339569092
A14,1,-10.698188781738281,2.676007987748054,10.698188781738281,2.676007987748054,1.402622103691101,1.9674279689788818
A19,1,-11.071934700012207,2.60769998027159,11.071934700012207,2.60769998027159,-2.476059675216675,-2.0867087841033936
A07,1,-8.601357460021973,2.589361308014623,8.601357460021973,2.589361308014623,8.676459312438965,10.252086639404297
-,0,-11.029847145080566,2.8100559186345078,11.029847145080566,2.8100559186345078,-10.64140796661377,-2.718926191329956
-,0,-11.098627090454102,2.8707926525445417,11.098627090454102,2.8707926525445417,-6.638662815093994,-4.12610387802124
A07,1,-10.711480140686035,2.576080597430164,10.711480140686035,2.576080597430164,2.0383188724517822,3.5722737312316895
A07,1,-10.927948951721191,2.771145112486169,10.927948951721191,2.771145112486169,4.637195587158203,4.301517486572266
-,0,-10.8350248336792,2.75088089690056,10.8350248336792,2.75088089690056,-6.080259323120117,-5.508134841918945
A07,1,-9.77183723449707,2.667292119909183,9.77183723449707,2.667292119909183,5.7820281982421875,8.481735229492188
A09,1,-10.726419448852539,2.7944451581789043,10.726419448852539,2.7944451581789043,6.685364723205566,9.242624282836914
-,0,-11.079873085021973,2.722749847260888,11.079873085021973,2.722749847260888,-11.170973777770996,-3.6968307495117188
-,0,-11.140905380249023,2.667292917022093,11.140905380249023,2.667292917022093,-1.2000759840011597,-4.087023735046387
A07,1,-10.507600784301758,2.7648610625088668,10.507600784301758,2.7648610625088668,8.600801467895508,10.116732597351074
A18,1,-11.154208183288574,2.624058609545489,11.154208183288574,2.624058609545489,5.06547212600708,5.3376922607421875
-,0,-10.50060749053955,2.7737125962989966,10.50060749053955,2.7737125962989966,-6.591753959655762,-2.1896252632141113
A09,1,-10.658677101135254,2.835798121701326,10.658677101135254,2.835798121701326,1.6971529722213745,4.644270420074463
-,0,-11.00759220123291,2.7274188765333607,11.00759220123291,2.7274188765333607,-5.384354591369629,-1.7203885316848755
A14,1,-10.73519229888916,2.7718380008470502,10.73519229888916,2.7718380008470502,3.914212226867676,6.680078506469727
A16,1,-11.246805191040039,2.742199681406394,11.246805191040039,2.742199681406394,2.8054792881011963,5.525195121765137
A09,1,-10.704378128051758,2.827719596486982,10.704378128051758,2.827719596486982,4.416842460632324,5.097513198852539
A16,1,-11.283733367919922,2.7992681783865034,11.283733367919922,2.7992681783865034,7.246731758117676,4.065517902374268
A16,1,-10.681060791015625,2.842133950670733,10.681060791015625,2.842133950670733,4.727439880371094,8.88795280456543
A14,1,-10.712718963623047,2.7014321203067357,10.712718963623047,2.7014321203067357,-2.229304552078247,5.702697277069092
-,0,-10.727143287658691,2.7866016335772827,10.727143287658691,2.7866016335772827,-9.994606018066406,-2.8227052688598633
A11,1,-10.573346138000488,2.6910960467958143,10.573346138000488,2.6910960467958143,7.119928359985352,3.9587998390197754
A10,1,-9.505760192871094,2.7108095860669112,9.505760192871094,2.7108095860669112,10.452349662780762,9.694869995117188
-,0,-11.11853313446045,2.8463983263962893,11.11853313446045,2.8463983263962893,-3.614957094192505,-4.40643835067749
A14,1,-10.603020668029785,2.773084836683775,10.603020668029785,2.773084836683775,3.5733211040496826,7.040836811065674
-,0,-10.671910285949707,2.8016713563039857,10.671910285949707,2.8016713563039857,-0.8521211743354797,-0.5354142189025879
A11,1,-10.820781707763672,2.7452518668000803,10.820781707763672,2.7452518668000803,3.116973876953125,2.1486377716064453
-,0,-10.439218521118164,2.772034550651303,10.439218521118164,2.772034550651303,-4.343052387237549,-1.0515508651733398
-,0,-11.090280532836914,2.787224907309246,11.090280532836914,2.787224907309246,-5.333459854125977,-6.301567077636719
A07,1,-10.265680313110352,2.692777218385451,10.265680313110352,2.692777218385451,4.901982307434082,6.236647605895996
A09,1,-10.2362699508667,2.7607218532998483,10.2362699508667,2.7607218532998483,5.783729553222656,8.531146049499512
A07,1,-11.064314842224121,2.757558323832452,11.064314842224121,2.757558323832452,4.088490962982178,1.9664883613586426
-,0,-11.072744369506836,2.752004230347992,11.072744369506836,2.752004230347992,-2.83962345123291,-0.23598390817642212
-,0,-10.874064445495605,2.8470291456376553,10.874064445495605,2.8470291456376553,-2.4238569736480713,-0.9865800142288208
A13,1,-10.908190727233887,2.7967020479280276,10.908190727233887,2.7967020479280276,6.090753078460693,4.104025840759277
A16,1,-11.075872421264648,2.6767709848824284,11.075872421264648,2.6767709848824284,5.0463738441467285,8.95565414428711
-,0,-10.572494506835938,2.6716886656720407,10.572494506835938,2.6716886656720407,-11.16222095489502,-2.886847496032715
A13,1,-10.307600975036621,2.6621752258005498,10.307600975036621,2.6621752258005498,7.774778366088867,10.103967666625977
-,0,-10.976974487304688,2.762179971246361,10.976974487304688,2.762179971246361,-16.173133850097656,-8.188714981079102
A16,1,-11.063596725463867,2.8119986604862692,11.063596725463867,2.8119986604862692,4.606875896453857,5.6191086769104
A13,1,-10.796011924743652,2.837859038240234,10.796011924743652,2.837859038240234,7.42121696472168,10.536182403564453
-,0,-11.165349960327148,2.7133674195133834,11.165349960327148,2.7133674195133834,-1.3061820268630981,-1.565441608428955
-,0,-11.007365226745605,2.770017086361048,11.007365226745605,2.770017086361048,-16.56576156616211,-6.409793853759766
A16,1,-11.143350601196289,2.6269828755234297,11.143350601196289,2.6269828755234297,3.965153455734253,6.2470526695251465
A15,1,-11.096772193908691,2.841084005230351,11.096772193908691,2.841084005230351,0.8355656862258911,0.3286522328853607
A14,1,-11.103611946105957,2.7368460599000386,11.103611946105957,2.7368460599000386,2.739130735397339,4.028146743774414
A07,1,-10.663362503051758,2.602778505379164,10.663362503051758,2.602778505379164,1.9625753164291382,3.3598015308380127
-,0,-10.82066822052002,2.788260278013162,10.82066822052002,2.788260278013162,-1.1701099872589111,-1.5266722440719604
A13,1,-10.137890815734863,2.6439673424124757,10.137890815734863,2.6439673424124757,8.776446342468262,6.497968673706055
A15,1,-10.963953971862793,2.7673558372199976,10.963953971862793,2.7673558372199976,3.6064751148223877,5.242629051208496
A11,1,-10.568119049072266,2.6338309533806394,10.568119049072266,2.6338309533806394,6.450933933258057,6.283143043518066
-,0,-11.24650764465332,2.9071374372942955,11.24650764465332,2.9071374372942955,3.2920148372650146,1.9660930633544922
A11,1,-10.173812866210938,2.6781404340702153,10.173812866210938,2.6781404340702153,8.704710960388184,7.932034969329834
A16,1,-11.191041946411133,2.6838235491439626,11.191041946411133,2.6838235491439626,6.5505266189575195,8.646907806396484
-,0,-10.526010513305664,2.8278907092569887,10.526010513305664,2.8278907092569887,-12.189906120300293,-3.933072328567505
A12,1,-11.173065185546875,2.730408612488884,11.173065185546875,2.730408612488884,7.189579486846924,3.2516541481018066
A17,1,-11.320902824401855,2.8038738581437497,11.320902824401855,2.8038738581437497,6.186274528503418,8.87506103515625
-,0,-10.764716148376465,2.845180252472544,10.764716148376465,2.845180252472544,-2.492913246154785,-2.1893715858459473
A18,1,-10.9321870803833,2.8105570365631043,10.9321870803833,2.8105570365631043,4.895073413848877,8.203300476074219
A13,1,-10.63347339630127,2.8290605937341797,10.63347339630127,2.8290605937341797,7.202151298522949,10.101353645324707
-,0,-10.738061904907227,2.7348432285392503,10.738061904907227,2.7348432285392503,0.9492426514625549,-2.5777885913848877
A16,1,-10.636427879333496,2.759640471642439,10.636427879333496,2.759640471642439,2.6539180278778076,0.9582674503326416
-,0,-11.196640014648438,2.790468508206188,11.196640014648438,2.790468508206188,-7.469785690307617,-3.3054792881011963
A15,1,-11.226959228515625,2.764907301295214,11.226959228515625,2.764907301295214,0.0805680900812149,0.3563034236431122
-,0,-10.969653129577637,2.7775396709712488,10.969653129577637,2.7775396709712488,-8.239768981933594,-1.515509843826294
-,0,-10.75791072845459,2.8974327839544722,10.75791072845459,2.8974327839544722,-2.566152572631836,-0.8583399057388306
-,0,-10.972196578979492,2.699792816744685,10.972196578979492,2.699792816744685,-2.984844923019409,-5.335391044616699
-,0,-11.404099464416504,2.6857660190764436,11.404099464416504,2.6857660190764436,-9.168251991271973,-3.1291537284851074
A10,1,-10.74815559387207,2.643534100238048,10.74815559387207,2.643534100238048,-6.543942928314209,2.4416050910949707
-,0,-10.303524017333984,2.7894071726152583,10.303524017333984,2.7894071726152583,-1.2029848098754883,-1.9678492546081543
A08,1,-10.58899211883545,2.8509842450144975,10.58899211883545,2.8509842450144975,5.238446235656738,6.108237266540527
-,0,-10.724518775939941,2.750457515663685,10.724518775939941,2.750457515663685,-2.452313184738159,-0.9628010988235474
-,0,-10.866058349609375,2.7468452910981953,10.866058349609375,2.7468452910981953,-6.109243869781494,-9.732455253601074
-,0,-11.164063453674316,2.6035780686998766,11.164063453674316,2.6035780686998766,-5.119785308837891,-5.253966331481934
A17,1,-11.241266250610352,2.821705855461302,11.241266250610352,2.821705855461302,5.759061336517334,8.590656280517578
A16,1,-9.753839492797852,2.7339962559135933,9.753839492797852,2.7339962559135933,5.893704891204834,2.0497002601623535
A17,1,-10.686735153198242,2.7771996118190216,10.686735153198242,2.7771996118190216,4.410146713256836,1.7161293029785156
A11,1,-10.599833488464355,2.7787377513164415,10.599833488464355,2.7787377513164415,-2.780003309249878,5.780933380126953
A07,1,-10.789861679077148,2.808608009505989,10.789861679077148,2.808608009505989,4.536360263824463,6.388640403747559
A14,1,-10.766044616699219,2.838790656021628,10.766044616699219,2.838790656021628,3.683492422103882,7.2348432540893555
-,0,-10.622849464416504,2.711099159292135,10.622849464416504,2.711099159292135,-6.07575798034668,-1.1016725301742554
-,0,-10.907577514648438,2.826285042268355,10.907577514648438,2.826285042268355,-5.177859306335449,-3.1415443420410156
A18,1,-10.911019325256348,2.7583880942688372,10.911019325256348,2.7583880942688372,-3.814321994781494,-0.4958040118217468
A08,1,-10.658245086669922,2.693137244689465,10.658245086669922,2.693137244689465,3.1516873836517334,5.591017246246338
A11,1,-10.889702796936035,2.7314380984589297,10.889702796936035,2.7314380984589297,-2.4888980388641357,4.917968273162842
A08,1,-11.019570350646973,2.789017393669866,11.019570350646973,2.789017393669866,3.8897817134857178,6.28330135345459
A14,1,-11.11777114868164,2.836854306749877,11.11777114868164,2.836854306749877,-2.496922254562378,4.840825080871582
-,0,-11.293354034423828,2.729736545245913,11.293354034423828,2.729736545245913,-11.429424285888672,-5.464857578277588
-,0,-10.69714069366455,2.7716882634065225,10.69714069366455,2.7716882634065225,-1.5000038146972656,-0.4077681303024292
A16,1,-11.118033409118652,2.7418867460428364,11.118033409118652,2.7418867460428364,6.515520095825195,8.249778747558594
-,0,-10.005514144897461,2.7965908845832357,10.005514144897461,2.7965908845832357,-9.884500503540039,-7.093558311462402
-,0,-10.479043006896973,2.645835907353998,10.479043006896973,2.645835907353998,-6.854886054992676,-1.2579677104949951
A09,1,-10.645026206970215,2.89284898187404,10.645026206970215,2.89284898187404,8.59598445892334,9.182775497436523
A14,1,-10.865382194519043,2.6525788816590152,10.865382194519043,2.6525788816590152,-1.0865122079849243,3.5655341148376465
A18,1,-11.120920181274414,2.7184328866353993,11.120920181274414,2.7184328866353993,0.764503538608551,-1.1919695138931274
-,0,-11.203957557678223,2.757230019751156,11.203957557678223,2.757230019751156,-8.862241744995117,-9.680378913879395
-,0,-11.07168960571289,2.8005144024916047,11.07168960571289,2.8005144024916047,-9.389750480651855,-6.056232452392578
A15,1,-10.767365455627441,2.807680474641958,10.767365455627441,2.807680474641958,-1.0767744779586792,6.836226940155029
A10,1,-10.706766128540039,2.775029178461612,10.706766128540039,2.775029178461612,2.5152981281280518,2.222496747970581
-,0,-10.95992660522461,2.810523053437943,10.95992660522461,2.810523053437943,-5.709456443786621,-3.3860394954681396
-,0,-10.912293434143066,2.7523388696462825,10.912293434143066,2.7523388696462825,-3.3410985469818115,-1.6206157207489014
A08,1,-10.94564151763916,2.7603664012498412,10.94564151763916,2.7603664012498412,6.844630718231201,6.0372233390808105
A10,1,-8.706636428833008,2.4572605036692927,8.706636428833008,2.4572605036692927,2.2325258255004883,5.176836013793945
-,0,-11.18529224395752,2.7656099464186994,11.18529224395752,2.7656099464186994,-4.762933731079102,-0.9927341938018799
A08,1,-10.749618530273438,2.804146445967962,10.749618530273438,2.804146445967962,3.8160409927368164,3.6366825103759766
-,0,-10.87621784210205,2.7837848729351347,10.87621784210205,2.7837848729351347,-6.715038299560547,-3.2911365032196045
-,0,-11.272686958312988,2.7902662483937637,11.272686958312988,2.7902662483937637,-2.0281436443328857,-4.7793450355529785
A09,1,-10.820451736450195,2.7583011965683943,10.820451736450195,2.7583011965683943,4.692342758178711,5.836836814880371
-,0,-11.05804443359375,2.6929522965074595,11.05804443359375,2.6929522965074595,-2.044651985168457,-1.5489161014556885
-,0,-10.891602516174316,2.8234254416538667,10.891602516174316,2.8234254416538667,-0.10403652489185333,-1.1494204998016357
-,0,-10.366878509521484,2.6626051787901495,10.366878509521484,2.6626051787901495,-3.027954339981079,-2.2195732593536377
A19,1,-10.922629356384277,2.8316204214121075,10.922629356384277,2.8316204214121075,-5.203823089599609,-1.9772615432739258
A11,1,-10.700421333312988,2.811168006069221,10.700421333312988,2.811168006069221,-5.490359306335449,1.2105308771133423
A09,1,-11.004192352294922,2.7684251408763756,11.004192352294922,2.7684251408763756,2.1006648540496826,8.362335205078125
A19,1,-11.117547988891602,2.6488091060519996,11.117547988891602,2.6488091060519996,-2.883179187774658,-1.2528585195541382
-,0,-11.11639404296875,2.667154282873045,11.11639404296875,2.667154282873045,-3.953019142150879,-4.700608253479004
-,0,-11.122981071472168,2.8043514922233475,11.122981071472168,2.8043514922233475,-6.586694717407227,-2.868112564086914
A14,1,-10.735529899597168,2.728234167582986,10.735529899597168,2.728234167582986,-1.1992131471633911,2.8145060539245605
A08,1,-8.411717414855957,2.8104217582946536,8.411717414855957,2.8104217582946536,8.984145164489746,7.93939208984375
A15,1,-10.691688537597656,2.826165878952997,10.691688537597656,2.826165878952997,5.948774337768555,5.529477119445801
A16,1,-10.68889331817627,2.711192053114982,10.68889331817627,2.711192053114982,6.635885238647461,7.0714898109436035
A18,1,-11.145459175109863,2.730234226638149,11.145459175109863,2.730234226638149,5.803234577178955,3.6529030799865723
-,0,-10.533914566040039,2.857258104142665,10.533914566040039,2.857258104142665,-4.179337501525879,-1.9096735715866089
-,0,-11.064332962036133,2.8398324430810464,11.064332962036133,2.8398324430810464,-0.3753577768802643,-0.47330912947654724
A19,1,-11.149369239807129,2.7912972819966217,11.149369239807129,2.7912972819966217,-4.158633708953857,0.3932758867740631
A13,1,-9.84992790222168,2.7846179771168647,9.84992790222168,2.7846179771168647,7.04184103012085,9.025435447692871
A08,1,-11.12621784210205,2.8350705322409784,11.12621784210205,2.8350705322409784,6.070951461791992,4.136672019958496
A11,1,-10.460107803344727,2.7996289421378417,10.460107803344727,2.7996289421378417,5.386191368103027,4.815829753875732
-,0,-11.203054428100586,2.657701961924981,11.203054428100586,2.657701961924981,-2.6503803730010986,-2.077332019805908
A09,1,-10.899456977844238,2.6936499545329866,10.899456977844238,2.6936499545329866,5.238152503967285,6.445302963256836
-,0,-11.017572402954102,2.806214858074395,11.017572402954102,2.806214858074395,-10.885014533996582,-5.8899030685424805
-,0,-10.682212829589844,2.8326913307168278,10.682212829589844,2.8326913307168278,-9.754023551940918,-3.1428658962249756
A14,1,-11.12852954864502,2.7827878849562944,11.12852954864502,2.7827878849562944,0.44446995854377747,1.2801836729049683
-,0,-10.5520658493042,2.896044827112582,10.5520658493042,2.896044827112582,-1.2628685235977173,0.03155415505170822
A08,1,-11.192420959472656,2.718257071669333,11.192420959472656,2.718257071669333,6.232636451721191,9.996829986572266
-,0,-10.555547714233398,2.8411648115923334,10.555547714233398,2.8411648115923334,2.862029790878296,4.309983253479004
A16,1,-10.882014274597168,2.6948642322510388,10.882014274597168,2.6948642322510388,-1.4854756593704224,3.2325596809387207
-,0,-11.020331382751465,2.743238211247632,11.020331382751465,2.743238211247632,-1.307074785232544,-7.158651828765869
A18,1,-10.400243759155273,2.693886092291714,10.400243759155273,2.693886092291714,-0.9994487166404724,0.459610253572464
-,0,-10.709029197692871,2.796823799898637,10.709029197692871,2.796823799898637,-0.376803457736969,-2.355996608734131
A12,1,-10.538179397583008,2.7006216266045926,10.538179397583008,2.7006216266045926,8.24108600616455,9.089801788330078
A18,1,-11.258862495422363,2.7103093765642456,11.258862495422363,2.7103093765642456,0.2462395429611206,-0.9273464679718018
-,0,-10.634710311889648,2.900535728296276,10.634710311889648,2.900535728296276,-4.83263635635376,-2.733799695968628
-,0,-11.213833808898926,2.721352831256909,11.213833808898926,2.721352831256909,-2.050217866897583,-3.7907590866088867
A08,1,-11.015294075012207,2.7098828977755294,11.015294075012207,2.7098828977755294,3.0991694927215576,0.5921711921691895
-,0,-10.763813018798828,2.800581426927864,10.763813018798828,2.800581426927864,-4.323146343231201,-3.248563766479492
A10,1,-10.711118698120117,2.7276124306849825,10.711118698120117,2.7276124306849825,7.614221572875977,3.552493095397949
-,0,-10.466822624206543,2.8779635005669872,10.466822624206543,2.8779635005669872,-2.4961955547332764,-1.5234750509262085
A10,1,-10.790811538696289,2.926199360989136,10.790811538696289,2.926199360989136,-3.863706350326538,4.920024871826172
-,0,-10.486087799072266,2.8922112676475566,10.486087799072266,2.8922112676475566,2.91973876953125,1.784019947052002
A15,1,-10.968649864196777,2.7901508300072924,10.968649864196777,2.7901508300072924,-3.1908838748931885,4.057012557983398
-,0,-11.092954635620117,2.791904618604532,11.092954635620117,2.791904618604532,-3.4238717555999756,-1.8289272785186768
A16,1,-10.915369987487793,2.822748636587488,10.915369987487793,2.822748636587488,7.927019119262695,4.072512626647949
A09,1,-10.866154670715332,2.736187529434513,10.866154670715332,2.736187529434513,3.4431872367858887,7.717012405395508
A14,1,-11.005952835083008,2.82004470707691,11.005952835083008,2.82004470707691,0.6801262497901917,2.3219547271728516
A11,1,-8.337149620056152,2.688500965620484,8.337149620056152,2.688500965620484,7.654399871826172,8.287287712097168
A17,1,-10.456489562988281,2.8333883272032994,10.456489562988281,2.8333883272032994,3.332244873046875,1.3233706951141357
A18,1,-11.080636978149414,2.6755865263327427,11.080636978149414,2.6755865263327427,0.15962418913841248,2.993929624557495
A08,1,-10.488690376281738,2.698277376757244,10.488690376281738,2.698277376757244,5.318083763122559,2.7681190967559814
-,0,-11.14426040649414,2.734368786662571,11.14426040649414,2.734368786662571,-7.211750507354736,-4.2872724533081055
A18,1,-11.02755355834961,2.8157776837571493,11.02755355834961,2.8157776837571493,2.8097989559173584,2.599018096923828
A16,1,-11.162579536437988,2.7440141979335073,11.162579536437988,2.7440141979335073,5.659581661224365,3.675957679748535
A13,1,-10.909660339355469,2.646117483573779,10.909660339355469,2.646117483573779,6.705350875854492,10.278467178344727
A16,1,-11.18465518951416,2.7320125862637816,11.18465518951416,2.7320125862637816,2.6897690296173096,7.621472358703613
A19,1,-10.899497985839844,2.8605161383777595,10.899497985839844,2.8605161383777595,-0.6354571580886841,0.5799812078475952
A15,1,-10.769551277160645,2.7241772371275075,10.769551277160645,2.7241772371275075,4.7100830078125,7.179747581481934
A16,1,-10.98101806640625,2.7309078315976976,10.98101806640625,2.7309078315976976,5.173157691955566,2.1353838443756104
A09,1,-10.009787559509277,2.8735668348281784,10.009787559509277,2.8735668348281784,8.307516098022461,7.638243675231934
-,0,-11.113579750061035,2.7667557592931527,11.113579750061035,2.7667557592931527,-9.765365600585938,-4.041492938995361
A13,1,-10.441984176635742,2.784183131116709,10.441984176635742,2.784183131116709,4.966950416564941,5.74502420425415
-,0,-10.47497272491455,2.7799959888740213,10.47497272491455,2.7799959888740213,-3.8391144275665283,-1.4206633567810059
A16,1,-10.491192817687988,2.6814209864144027,10.491192817687988,2.6814209864144027,8.227206230163574,10.23965072631836
A18,1,-10.832805633544922,2.7345601929396164,10.832805633544922,2.7345601929396164,0.9565345048904419,7.997947692871094
A10,1,-10.394120216369629,2.6919146151794595,10.394120216369629,2.6919146151794595,0.21061623096466064,2.889364242553711
-,0,-11.292713165283203,2.8212985849268866,11.292713165283203,2.8212985849268866,-2.648374557495117,-4.501415252685547
A10,1,-11.192866325378418,2.7625791495071246,11.192866325378418,2.7625791495071246,3.054718017578125,3.5001285076141357
A15,1,-10.963461875915527,2.7045361866156163,10.963461875915527,2.7045361866156163,4.33719539642334,2.0487499237060547
A09,1,-10.83170223236084,2.740714323707883,10.83170223236084,2.740714323707883,5.486632347106934,5.878725051879883
A15,1,-10.540959358215332,2.7403948141711743,10.540959358215332,2.7403948141711743,2.012744903564453,8.417265892028809
A12,1,-10.821629524230957,2.855196945582887,10.821629524230957,2.855196945582887,7.8327226638793945,3.202744483947754
A10,1,-10.52856731414795,2.8332755054633867,10.52856731414795,2.8332755054633867,6.245304584503174,7.363768100738525
A16,1,-10.361075401306152,2.7297988782079456,10.361075401306152,2.7297988782079456,5.719820976257324,4.8094801902771
A13,1,-10.647500038146973,2.776579097388148,10.647500038146973,2.776579097388148,7.627033710479736,9.164196014404297
-,0,-10.40960693359375,2.7417824884514523,10.40960693359375,2.7417824884514523,2.923978328704834,2.376675605773926
-,0,-10.708690643310547,2.7934305847020955,10.708690643310547,2.7934305847020955,-11.55451488494873,-4.557063102722168
A09,1,-10.83164119720459,2.8411808869128548,10.83164119720459,2.8411808869128548,6.754576683044434,7.462650299072266
A15,1,-10.563878059387207,2.8425945460372204,10.563878059387207,2.8425945460372204,-3.14865779876709,4.249794960021973
-,0,-10.432378768920898,2.7552770424705173,10.432378768920898,2.7552770424705173,-9.528519630432129,-1.6708097457885742
-,0,-10.973225593566895,2.727520847276993,10.973225593566895,2.727520847276993,-17.676143646240234,-6.779323577880859
A13,1,-11.100181579589844,2.850348733107762,11.100181579589844,2.850348733107762,6.710084915161133,9.975471496582031
-,0,-11.288847923278809,2.815502801776515,11.288847923278809,2.815502801776515,-6.275337219238281,-5.475277900695801
A15,1,-11.225255012512207,2.738148079299248,11.225255012512207,2.738148079299248,3.5178985595703125,4.12081241607666
A09,1,-10.565062522888184,2.825726114352093,10.565062522888184,2.825726114352093,4.794851779937744,6.79210090637207
-,0,-11.06193733215332,2.7084352149629045,11.06193733215332,2.7084352149629045,-7.934043884277344,-7.008793830871582
-,0,-11.159526824951172,2.7506848753837967,11.159526824951172,2.7506848753837967,-2.145631790161133,-4.36254358291626
A18,1,-10.991104125976562,2.7466962056750566,10.991104125976562,2.7466962056750566,1.1797562837600708,4.237894058227539
-,0,-10.891692161560059,2.791912778367272,10.891692161560059,2.791912778367272,0.039037369191646576,0.5315399765968323
-,0,-10.075942993164062,2.71070236296478,10.075942993164062,2.71070236296478,-0.9785186052322388,0.11975178867578506
A19,1,-10.946966171264648,2.6921426542908233,10.946966171264648,2.6921426542908233,2.974299192428589,2.025228500366211
A15,1,-10.61949348449707,2.715529597696319,10.61949348449707,2.715529597696319,4.682981014251709,7.0979204177856445
A15,1,-11.152457237243652,2.817283003426368,11.152457237243652,2.817283003426368,-3.1210639476776123,4.473982810974121
-,0,-11.198630332946777,2.695416138848665,11.198630332946777,2.695416138848665,-3.0327556133270264,-4.921241760253906
A13,1,-10.457025527954102,2.649993968402779,10.457025527954102,2.649993968402779,7.075704097747803,9.450528144836426
A10,1,-10.899652481079102,2.7380131922988036,10.899652481079102,2.7380131922988036,4.06546688079834,0.33341604471206665
-,0,-10.356493949890137,2.7605540553336514,10.356493949890137,2.7605540553336514,1.3039157390594482,-1.6552376747131348
A14,1,-10.874597549438477,2.6609241398464327,10.874597549438477,2.6609241398464327,1.7012522220611572,6.0990729331970215
A13,1,-10.509980201721191,2.7836461177513576,10.509980201721191,2.7836461177513576,8.044809341430664,4.392541408538818
-,0,-10.700435638427734,2.8411782889266908,10.700435638427734,2.8411782889266908,-1.3492788076400757,-1.230468988418579
-,0,-11.156970024108887,2.5776208231616735,11.156970024108887,2.5776208231616735,-3.3154966831207275,-3.3159615993499756
-,0,-10.766632080078125,2.77878471189784,10.766632080078125,2.77878471189784,-13.864983558654785,-3.7513856887817383
-,0,-10.967835426330566,2.7891159968381922,10.967835426330566,2.7891159968381922,-9.038924217224121,-7.965262413024902
-,0,-10.707324028015137,2.868085530802796,10.707324028015137,2.868085530802796,2.409372568130493,4.457416534423828
A11,1,-10.954757690429688,2.60845941287941,10.954757690429688,2.60845941287941,4.505560874938965,4.784763813018799
A08,1,-10.58569622039795,2.871754822603921,10.58569622039795,2.871754822603921,4.949325084686279,6.677824020385742
A12,1,-10.900032997131348,2.7494381474036635,10.900032997131348,2.7494381474036635,6.762709617614746,2.971418619155884
-,0,-11.135313034057617,2.7507204703776975,11.135313034057617,2.7507204703776975,-8.87314510345459,-3.9299428462982178
-,0,-11.206881523132324,2.6911247334976416,11.206881523132324,2.6911247334976416,-5.366656303405762,-4.319372653961182
-,0,-11.321301460266113,2.8492169495247315,11.321301460266113,2.8492169495247315,-6.212684154510498,-3.7041869163513184
-,0,-11.166086196899414,2.7880564738875706,11.166086196899414,2.7880564738875706,-6.84089994430542,-2.670471429824829
-,0,-10.81766128540039,2.678879936251711,10.81766128540039,2.678879936251711,-0.9647000432014465,-2.5012030601501465
-,0,-10.448665618896484,2.8267654326861096,10.448665618896484,2.8267654326861096,-4.984576225280762,-3.7308731079101562
A09,1,-10.978860855102539,2.8200141114668362,10.978860855102539,2.8200141114668362,2.0622360706329346,5.112173557281494
A13,1,-10.984430313110352,2.6805059174888344,10.984430313110352,2.6805059174888344,7.298889636993408,7.070674419403076
-,0,-11.244383811950684,2.8318776600708717,11.244383811950684,2.8318776600708717,-9.28097915649414,-7.278758525848389
-,0,-11.042963981628418,2.7359349822042334,11.042963981628418,2.7359349822042334,-7.761307716369629,-5.704837322235107
A07,1,-10.123723030090332,2.7045651294529187,10.123723030090332,2.7045651294529187,7.024097442626953,6.231514930725098
A17,1,-11.585373878479004,2.624831828917968,11.585373878479004,2.624831828917968,6.502856254577637,9.742964744567871
-,0,-10.892623901367188,2.6888484618598736,10.892623901367188,2.6888484618598736,-5.033103942871094,-4.914999961853027
A11,1,-10.986014366149902,2.675279950798199,10.986014366149902,2.675279950798199,8.19702434539795,6.5719404220581055
-,0,-10.68217945098877,2.803988379621681,10.68217945098877,2.803988379621681,-6.415541648864746,-1.9652456045150757
A18,1,-11.02160358428955,2.83875421023287,11.02160358428955,2.83875421023287,3.9759013652801514,3.52746844291687
-,0,-10.801109313964844,2.758446932534819,10.801109313964844,2.758446932534819,-6.405754566192627,-4.0564351081848145
A12,1,-10.90748405456543,2.660524698617045,10.90748405456543,2.660524698617045,7.726067543029785,8.756536483764648
-,0,-11.396437644958496,2.7457558209402206,11.396437644958496,2.7457558209402206,-7.340916633605957,-1.4113821983337402
A10,1,-10.839864730834961,2.7982514102128015,10.839864730834961,2.7982514102128015,5.774567604064941,2.0547657012939453
A15,1,-11.011700630187988,2.745482139661666,11.011700630187988,2.745482139661666,-0.9968025088310242,1.9750654697418213
-,0,-10.559078216552734,2.805784599006945,10.559078216552734,2.805784599006945,-2.9220545291900635,-1.5403132438659668
-,0,-11.425334930419922,2.7597348241249975,11.425334930419922,2.7597348241249975,1.500289797782898,-2.103870391845703
A11,1,-11.054364204406738,2.7864038989618596,11.054364204406738,2.7864038989618596,1.579172134399414,4.881965160369873
A18,1,-10.920564651489258,2.6707171602807733,10.920564651489258,2.6707171602807733,5.273054122924805,3.3801655769348145
A15,1,-10.53295612335205,2.7360565150970566,10.53295612335205,2.7360565150970566,-5.817940711975098,2.505584955215454
-,0,-11.106363296508789,2.867395100219755,11.106363296508789,2.867395100219755,-10.725653648376465,-5.7600483894348145
-,0,-11.222168922424316,2.845663021165841,11.222168922424316,2.845663021165841,-14.35935115814209,-9.348350524902344
-,0,-11.176947593688965,2.8171763036232758,11.176947593688965,2.8171763036232758,-6.949355602264404,-5.701918601989746
A10,1,-9.412070274353027,2.5740978314327703,9.412070274353027,2.5740978314327703,6.1608381271362305,4.7111053466796875
A17,1,-11.19894790649414,2.7401730471868784,11.19894790649414,2.7401730471868784,6.873606204986572,9.879410743713379
-,0,-10.682273864746094,2.83202025822314,10.682273864746094,2.83202025822314,-1.378305196762085,-0.25935444235801697
-,0,-10.80272102355957,2.8384429436275607,10.80272102355957,2.8384429436275607,-16.398149490356445,-4.8964667320251465
A15,1,-11.035663604736328,2.760139620440663,11.035663604736328,2.760139620440663,-5.34786319732666,4.301183223724365
-,0,-11.030769348144531,2.7826000225760006,11.030769348144531,2.7826000225760006,-10.457754135131836,-7.466187477111816
-,0,-10.693182945251465,2.704433883187563,10.693182945251465,2.704433883187563,-7.087918281555176,-1.6015026569366455
-,0,-10.615442276000977,2.808763599116457,10.615442276000977,2.808763599116457,-4.6156768798828125,-5.0905656814575195
A18,1,-10.495094299316406,2.7864481317035033,10.495094299316406,2.7864481317035033,2.63863205909729,-0.5525782704353333
A13,1,-10.92676830291748,2.8706200672400257,10.92676830291748,2.8706200672400257,7.216813564300537,8.517122268676758
-,0,-11.018784523010254,2.797803278058608,11.018784523010254,2.797803278058608,-5.125446319580078,-2.960146903991699
-,0,-6.812152862548828,2.4721714724021293,6.812152862548828,2.4721714724021293,-0.04724515229463577,-1.4764190912246704
A13,1,-9.192893981933594,2.7817643448977827,9.192893981933594,2.7817643448977827,7.692973613739014,9.013259887695312
A09,1,-7.528621196746826,2.5731334848946315,7.528621196746826,2.5731334848946315,8.493216514587402,9.22260856628418
A11,1,-10.411359786987305,2.6124873656390495,10.411359786987305,2.6124873656390495,9.224775314331055,10.81274127960205
-,0,-11.081315994262695,2.7789717883246103,11.081315994262695,2.7789717883246103,-4.3548479080200195,-3.4070513248443604
A16,1,-10.977333068847656,2.7058851953372467,10.977333068847656,2.7058851953372467,6.350264549255371,4.10744571685791
A08,1,-11.044685363769531,2.7979308240399146,11.044685363769531,2.7979308240399146,8.36389446258545,7.523188591003418
-,0,-11.223548889160156,2.71230430251134,11.223548889160156,2.71230430251134,-6.657247066497803,-6.820363998413086
-,0,-10.230924606323242,2.6983981683507037,10.230924606323242,2.6983981683507037,-1.344091773033142,-2.2881155014038086
A09,1,-10.792407035827637,2.8500219016724784,10.792407035827637,2.8500219016724784,3.1544601917266846,5.139927387237549
-,0,-10.41198444366455,2.6620209182960393,10.41198444366455,2.6620209182960393,-3.9196724891662598,-1.3051005601882935
-,0,-11.228837013244629,2.7523992811262503,11.228837013244629,2.7523992811262503,-6.783230781555176,-7.725713729858398
A13,1,-10.777088165283203,2.82348769936049,10.777088165283203,2.82348769936049,6.233321666717529,6.572046279907227
-,0,-10.691149711608887,2.838362216722737,10.691149711608887,2.838362216722737,-8.696221351623535,-3.853360414505005
A07,1,-10.712179183959961,2.7429012699731894,10.712179183959961,2.7429012699731894,2.9045355319976807,5.596056938171387
A14,1,-10.77293872833252,2.5776613477293924,10.77293872833252,2.5776613477293924,6.685141563415527,8.964515686035156
A15,1,-11.235321044921875,2.76556923630509,11.235321044921875,2.76556923630509,-1.5996912717819214,4.022136688232422
A18,1,-10.646650314331055,2.766999430077813,10.646650314331055,2.766999430077813,0.37668275833129883,-1.2683939933776855
-,0,-10.384721755981445,2.7271954706452917,10.384721755981445,2.7271954706452917,1.1793568134307861,-1.1282055377960205
A07,1,-10.151803970336914,2.6657752895583062,10.151803970336914,2.6657752895583062,6.620882987976074,5.637718200683594
A11,1,-10.00467586517334,2.7231954801445393,10.00467586517334,2.7231954801445393,1.8967846632003784,5.744257926940918
-,0,-11.201956748962402,2.791228229863068,11.201956748962402,2.791228229863068,-7.187229156494141,-7.814291000366211
A09,1,-10.770544052124023,2.810395533841769,10.770544052124023,2.810395533841769,-0.9133263826370239,2.37459659576416
A15,1,-10.78330135345459,2.894133723354558,10.78330135345459,2.894133723354558,0.7212793231010437,4.807269096374512
A18,1,-10.194243431091309,2.796295549231328,10.194243431091309,2.796295549231328,-4.221966743469238,-1.5550645589828491
-,0,-11.403122901916504,2.7234375615856354,11.403122901916504,2.7234375615856354,-4.724615573883057,-3.713244915008545
A15,1,-10.896844863891602,2.7698873698856152,10.896844863891602,2.7698873698856152,0.2551090717315674,3.3250389099121094
A15,1,-11.030333518981934,2.7332453832298182,11.030333518981934,2.7332453832298182,-0.1780247986316681,2.930696487426758
A19,1,-10.285576820373535,2.791061009691836,10.285576820373535,2.791061009691836,-0.1574297547340393,0.24001559615135193
A12,1,-10.693469047546387,2.750556006094094,10.693469047546387,2.750556006094094,5.996705055236816,7.137801170349121
A17,1,-11.194586753845215,2.718942203547668,11.194586753845215,2.718942203547668,6.8678059577941895,9.240174293518066
A16,1,-10.579044342041016,2.6207009683233364,10.579044342041016,2.6207009683233364,7.0301923751831055,5.718577861785889
A16,1,-9.253443717956543,2.660682400454714,9.253443717956543,2.660682400454714,7.532914161682129,8.12380599975586
A08,1,-11.185332298278809,2.7307049607402547,11.185332298278809,2.7307049607402547,4.388101577758789,5.629095077514648
-,0,-11.053464889526367,2.8229174770603835,11.053464889526367,2.8229174770603835,-3.5616235733032227,-6.370931148529053
-,0,-10.569379806518555,2.6914700343082,10.569379806518555,2.6914700343082,-3.9181485176086426,-0.8872826099395752
-,0,-10.943432807922363,2.804719687118568,10.943432807922363,2.804719687118568,-6.532820224761963,-0.3197307586669922
-,0,-10.916516304016113,2.638187529886655,10.916516304016113,2.638187529886655,-5.547238826751709,-3.8125157356262207
A19,1,-11.271589279174805,2.6780662655736958,11.271589279174805,2.6780662655736958,-1.401563286781311,-0.9244949817657471
A07,1,-9.214957237243652,2.7986153461423067,9.214957237243652,2.7986153461423067,7.585580825805664,7.901631832122803
A13,1,-10.956313133239746,2.7327286359600076,10.956313133239746,2.7327286359600076,7.459518909454346,6.729161739349365
A12,1,-10.88498306274414,2.7172030432179204,10.88498306274414,2.7172030432179204,5.644272327423096,3.609440326690674
A17,1,-10.817115783691406,2.8559204650778987,10.817115783691406,2.8559204650778987,3.2598814964294434,2.474841594696045
-,0,-11.129495620727539,2.7176337449890604,11.129495620727539,2.7176337449890604,-9.108681678771973,-0.6566482782363892
-,0,-11.171037673950195,2.6336959480845477,11.171037673950195,2.6336959480845477,-6.020930290222168,-5.274192810058594
A15,1,-10.800463676452637,2.76639201446728,10.800463676452637,2.76639201446728,-3.128725290298462,2.985714912414551
-,0,-10.77657699584961,2.87374271849805,10.77657699584961,2.87374271849805,-5.400286674499512,-1.7756431102752686
A17,1,-11.146647453308105,2.77851534943624,11.146647453308105,2.77851534943624,5.630040168762207,8.31624984741211
A10,1,-10.545903205871582,2.5034010230925294,10.545903205871582,2.5034010230925294,3.242861032485962,3.7795753479003906
A16,1,-10.207891464233398,2.5319822165045025,10.207891464233398,2.5319822165045025,6.369436264038086,9.54220199584961
A18,1,-10.81927490234375,2.75590087819147,10.81927490234375,2.75590087819147,5.106537818908691,5.208433151245117
-,0,-11.12238883972168,2.8160352078359954,11.12238883972168,2.8160352078359954,-4.884371757507324,-3.2264668941497803
A19,1,-10.624791145324707,2.8296011416219504,10.624791145324707,2.8296011416219504,0.8595046401023865,1.297666072845459
-,0,-10.804715156555176,2.7695863447587614,10.804715156555176,2.7695863447587614,-1.5925365686416626,0.4076399803161621
A13,1,-10.898720741271973,2.8471661283455774,10.898720741271973,2.8471661283455774,7.228195667266846,8.692859649658203
A19,1,-10.74510669708252,2.9101731603027794,10.74510669708252,2.9101731603027794,2.49737548828125,3.8630881309509277
A18,1,-10.862760543823242,2.7800106006351246,10.862760543823242,2.7800106006351246,0.5968124270439148,-0.3920527994632721
-,0,-11.177816390991211,2.854285634220844,11.177816390991211,2.854285634220844,-8.46988296508789,-3.2134382724761963
-,0,-11.05496597290039,2.7516203477001673,11.05496597290039,2.7516203477001673,-5.868319511413574,-3.4709970951080322
-,0,-11.206436157226562,2.6355182612399264,11.206436157226562,2.6355182612399264,-9.569326400756836,-6.600282192230225
-,0,-10.49598503112793,2.808198278756327,10.49598503112793,2.808198278756327,-5.945107936859131,-1.802381157875061
A16,1,-10.435791969299316,2.738142193126388,10.435791969299316,2.738142193126388,3.9731788635253906,2.4631752967834473
A13,1,-11.087949752807617,2.790587636584573,11.087949752807617,2.790587636584573,6.852267265319824,8.016400337219238
A08,1,-10.947458267211914,2.8429867147464853,10.947458267211914,2.8429867147464853,2.029168128967285,3.9972267150878906
-,0,-10.95989990234375,2.7591241752150113,10.95989990234375,2.7591241752150113,-1.3660017251968384,-1.9741724729537964
A11,1,-10.804788589477539,2.590075051052615,10.804788589477539,2.590075051052615,5.460800647735596,7.084750652313232
-,0,-11.126570701599121,2.8222945469870053,11.126570701599121,2.8222945469870053,-6.806746959686279,-6.0765061378479
-,0,-11.015288352966309,2.793761012914323,11.015288352966309,2.793761012914323,-4.5812883377075195,-3.9945311546325684
A09,1,-9.369163513183594,2.8201950299768814,9.369163513183594,2.8201950299768814,3.8427469730377197,6.1302809715271
-,0,-10.775321960449219,2.86488864440542,10.775321960449219,2.86488864440542,-6.103969573974609,-1.918324589729309
-,0,-11.12282943725586,2.753402754235556,11.12282943725586,2.753402754235556,-5.064940452575684,-6.634037017822266
-,0,-10.571551322937012,2.76213010012081,10.571551322937012,2.76213010012081,-4.655394554138184,-2.3255419731140137
A16,1,-10.793076515197754,2.8525217439682895,10.793076515197754,2.8525217439682895,6.460819721221924,5.7949042320251465
A08,1,-10.86109447479248,2.6744833349876025,10.86109447479248,2.6744833349876025,7.795101165771484,9.986286163330078
-,0,-10.90820598602295,2.783705498303325,10.90820598602295,2.783705498303325,-2.5689215660095215,-0.6021353602409363
-,0,-10.843393325805664,2.791611762412988,10.843393325805664,2.791611762412988,-3.0539772510528564,-2.979276180267334
A17,1,-11.145625114440918,2.7723732193293644,11.145625114440918,2.7723732193293644,5.440306186676025,9.44345474243164
A16,1,-11.189072608947754,2.5957227237000997,11.189072608947754,2.5957227237000997,6.986455917358398,8.399012565612793
-,0,-10.68704891204834,2.7791790340179254,10.68704891204834,2.7791790340179254,-3.788729667663574,-0.21611812710762024
A11,1,-10.894731521606445,2.8413799476916126,10.894731521606445,2.8413799476916126,2.8414034843444824,7.158172607421875
-,0,-11.045083999633789,2.85281389577753,11.045083999633789,2.85281389577753,-13.39228343963623,-5.357872009277344
A14,1,-10.661150932312012,2.76438244067747,10.661150932312012,2.76438244067747,1.4762578010559082,3.7349729537963867
A11,1,-10.888996124267578,2.7888975558071,10.888996124267578,2.7888975558071,8.174460411071777,8.152337074279785
-,0,-10.69583511352539,2.791305553810543,10.69583511352539,2.791305553810543,-6.877139091491699,-4.214018821716309
A11,1,-10.231035232543945,2.8739590016543106,10.231035232543945,2.8739590016543106,8.047388076782227,8.282532691955566
-,0,-10.617974281311035,2.859389431290888,10.617974281311035,2.859389431290888,-9.637782096862793,-2.0096781253814697
-,0,-11.193817138671875,2.7144425647719777,11.193817138671875,2.7144425647719777,-3.7727038860321045,-3.292623996734619
A10,1,-10.670710563659668,2.6613662916051686,10.670710563659668,2.6613662916051686,-3.4073750972747803,4.887197971343994
-,0,-11.089449882507324,2.7922892731489255,11.089449882507324,2.7922892731489255,-5.010993003845215,-5.87046480178833
-,0,-10.510162353515625,2.8126785698281953,10.510162353515625,2.8126785698281953,-4.138792037963867,-3.422057867050171
-,0,-11.032459259033203,2.84812179135393,11.032459259033203,2.84812179135393,-9.129254341125488,-6.5652689933776855
-,0,-11.010773658752441,2.684972758270664,11.010773658752441,2.684972758270664,-10.41751766204834,-4.387014389038086
A18,1,-10.943860054016113,2.8124947204054367,10.943860054016113,2.8124947204054367,2.149433135986328,5.271901607513428
A15,1,-11.115824699401855,2.8227632855701756,11.115824699401855,2.8227632855701756,2.1888785362243652,-0.8934471011161804
-,0,-10.712565422058105,2.737790604592502,10.712565422058105,2.737790604592502,-3.514341115951538,-2.418454647064209
-,0,-11.023662567138672,2.6731149818502797,11.023662567138672,2.6731149818502797,-4.397922039031982,-7.532934188842773
-,0,-11.043115615844727,2.6188915591871327,11.043115615844727,2.6188915591871327,-4.044665813446045,-5.789960861206055
-,0,-10.991545677185059,2.8450449843875427,10.991545677185059,2.8450449843875427,-8.81531047821045,-6.457920074462891
A15,1,-11.174530982971191,2.7729426709897926,11.174530982971191,2.7729426709897926,3.096076726913452,4.763131141662598
A12,1,-11.186062812805176,2.682256703641747,11.186062812805176,2.682256703641747,4.433173179626465,3.8862791061401367
-,0,-10.64931583404541,2.778291026372082,10.64931583404541,2.778291026372082,4.151839256286621,0.642924427986145
A18,1,-11.138809204101562,2.7843202528784574,11.138809204101562,2.7843202528784574,0.22315388917922974,2.3285608291625977
-,0,-10.952086448669434,2.7618362419141933,10.952086448669434,2.7618362419141933,-14.044403076171875,-5.699370384216309
A08,1,-10.709443092346191,2.7079208095130176,10.709443092346191,2.7079208095130176,9.588854789733887,9.549891471862793
-,0,-11.186041831970215,2.7377979172399205,11.186041831970215,2.7377979172399205,-8.941123962402344,-6.7327165603637695
A08,1,-10.723333358764648,2.8791062509759753,10.723333358764648,2.8791062509759753,5.875884056091309,6.5002336502075195
-,0,-11.247480392456055,2.818422822050038,11.247480392456055,2.818422822050038,-5.1845550537109375,-2.681424140930176
-,0,-10.681468963623047,2.8225704739891704,10.681468963623047,2.8225704739891704,-4.651944637298584,-1.1068785190582275
-,0,-11.109477043151855,2.696740138151867,11.109477043151855,2.696740138151867,-7.256244659423828,-6.675213813781738
-,0,-10.98714828491211,2.9217947472474703,10.98714828491211,2.9217947472474703,-9.330066680908203,-3.067798614501953
-,0,-10.580135345458984,2.70283453464374,10.580135345458984,2.70283453464374,-5.111745834350586,-3.8268110752105713
A19,1,-11.248312950134277,2.6511655618549264,11.248312950134277,2.6511655618549264,-1.042315125465393,-0.9377982020378113
A13,1,-8.427271842956543,2.662602452286702,8.427271842956543,2.662602452286702,7.172399520874023,8.343563079833984
-,0,-11.131890296936035,2.8681474034176193,11.131890296936035,2.8681474034176193,-7.47737979888916,-7.188516616821289
A08,1,-11.078775405883789,2.7729604815945716,11.078775405883789,2.7729604815945716,-5.325222015380859,2.647463321685791
A13,1,-10.384869575500488,2.824867837367913,10.384869575500488,2.824867837367913,8.092605590820312,10.942872047424316
A07,1,-11.035205841064453,2.699517077604801,11.035205841064453,2.699517077604801,0.24623405933380127,1.8944566249847412
-,0,-10.900226593017578,2.7679484953800584,10.900226593017578,2.7679484953800584,-1.1715770959854126,-6.225772857666016
A07,1,-11.163203239440918,2.7220032852590132,11.163203239440918,2.7220032852590132,5.6550774574279785,0.7915573716163635
A14,1,-10.889610290527344,2.867578899467147,10.889610290527344,2.867578899467147,3.2593917846679688,7.226036071777344
A09,1,-10.75339126586914,2.862471730038114,10.75339126586914,2.862471730038114,4.921100616455078,8.591041564941406
A14,1,-10.73747444152832,2.848295852918028,10.73747444152832,2.848295852918028,3.454050064086914,7.393538951873779
A10,1,-11.132976531982422,2.7986798650089715,11.132976531982422,2.7986798650089715,1.2946674823760986,-1.2110692262649536
A18,1,-11.027969360351562,2.805886146946428,11.027969360351562,2.805886146946428,1.8509931564331055,1.8577570915222168
A16,1,-10.304338455200195,2.624108554863989,10.304338455200195,2.624108554863989,4.230283737182617,5.028578758239746
-,0,-11.052597045898438,2.8643459374470135,11.052597045898438,2.8643459374470135,-8.339555740356445,-5.252262115478516
A19,1,-10.277737617492676,2.8164044887120916,10.277737617492676,2.8164044887120916,4.630755424499512,4.451821804046631
-,0,-10.563214302062988,2.724202983968306,10.563214302062988,2.724202983968306,-2.008183717727661,-0.6655206084251404
A18,1,-10.910026550292969,2.60414430678718,10.910026550292969,2.60414430678718,7.842982769012451,9.44443130493164
-,0,-10.443567276000977,2.8055085407171596,10.443567276000977,2.8055085407171596,-3.05608868598938,-1.1172186136245728
A13,1,-10.921911239624023,2.694585350457978,10.921911239624023,2.694585350457978,6.400321006774902,2.159721612930298
A13,1,-10.851399421691895,2.8522656283183374,10.851399421691895,2.8522656283183374,6.684514045715332,8.864164352416992
-,0,-11.142855644226074,2.8743186342325915,11.142855644226074,2.8743186342325915,-6.140429496765137,-7.661053657531738
-,0,-11.042096138000488,2.8974046087274345,11.042096138000488,2.8974046087274345,-2.6487276554107666,-3.1413748264312744
A15,1,-10.905046463012695,2.819518223618033,10.905046463012695,2.819518223618033,-2.4469387531280518,2.0771586894989014
A11,1,-10.326972961425781,2.713727795919551,10.326972961425781,2.713727795919551,0.24700632691383362,4.027970790863037
A17,1,-10.705159187316895,2.8220230769292627,10.705159187316895,2.8220230769292627,6.173612594604492,5.522557258605957
A10,1,-11.133342742919922,2.792157193875027,11.133342742919922,2.792157193875027,2.573657751083374,-0.7395434975624084
A15,1,-10.732681274414062,2.629061652276221,10.732681274414062,2.629061652276221,3.4941534996032715,7.40219783782959
A16,1,-11.321710586547852,2.7441430102515127,11.321710586547852,2.7441430102515127,6.810945987701416,5.109480857849121
-,0,-11.231446266174316,2.6598013425439415,11.231446266174316,2.6598013425439415,-9.898210525512695,-7.8935394287109375
-,0,-10.954191207885742,2.790502979919964,10.954191207885742,2.790502979919964,-4.457224369049072,-1.1031979322433472
-,0,-10.95320987701416,2.756699518695231,10.95320987701416,2.756699518695231,-10.686840057373047,-4.4378662109375
A12,1,-10.733864784240723,2.6857123020226124,10.733864784240723,2.6857123020226124,2.288182497024536,6.0251784324646
-,0,-11.197283744812012,2.727614819202382,11.197283744812012,2.727614819202382,-9.319390296936035,-4.0016021728515625
A18,1,-10.112555503845215,2.7493913275992945,10.112555503845215,2.7493913275992945,-2.639803647994995,-0.19288748502731323
-,0,-11.45314884185791,2.7914773545331983,11.45314884185791,2.7914773545331983,-8.963217735290527,-6.342643737792969
A16,1,-11.181548118591309,2.6809373127829383,11.181548118591309,2.6809373127829383,6.3163957595825195,6.697739124298096
A19,1,-11.365747451782227,2.729494051167124,11.365747451782227,2.729494051167124,3.7241852283477783,-1.9385476112365723
A09,1,-10.720396995544434,2.7616027951394417,10.720396995544434,2.7616027951394417,6.9990234375,7.376570224761963
A08,1,-10.868648529052734,2.778897642453822,10.868648529052734,2.778897642453822,1.4292066097259521,3.242281675338745
-,0,-11.19981575012207,2.799663681942717,11.19981575012207,2.799663681942717,-8.228599548339844,-4.9622802734375
A12,1,-10.907143592834473,2.7891764847119673,10.907143592834473,2.7891764847119673,5.999992370605469,8.438455581665039
-,0,-11.01806354522705,2.736630924977152,11.01806354522705,2.736630924977152,-12.263251304626465,-6.049779891967773
A13,1,-10.311431884765625,2.8587643261199585,10.311431884765625,2.8587643261199585,4.122467041015625,7.422112941741943
A13,1,-10.75090503692627,2.7843296415430614,10.75090503692627,2.7843296415430614,7.287081241607666,7.492404937744141
-,0,-10.394194602966309,2.751220322359962,10.394194602966309,2.751220322359962,-7.800487518310547,-4.9242377281188965
A09,1,-11.016654014587402,2.689383200566403,11.016654014587402,2.689383200566403,5.213557720184326,8.33049488067627
-,0,-10.40212345123291,2.7729638552879647,10.40212345123291,2.7729638552879647,-6.225870609283447,-2.570262908935547
A07,1,-10.759943962097168,2.87067482249688,10.759943962097168,2.87067482249688,7.493326663970947,6.827021598815918
A07,1,-10.302501678466797,2.8145988676830997,10.302501678466797,2.8145988676830997,6.353655815124512,8.339977264404297
A16,1,-11.16087532043457,2.6881365099934436,11.16087532043457,2.6881365099934436,3.17919921875,0.5418546199798584
-,0,-11.171181678771973,2.7451955382706266,11.171181678771973,2.7451955382706266,-2.112161159515381,-0.8717206120491028
-,0,-11.276418685913086,2.800311844022871,11.276418685913086,2.800311844022871,1.5333222150802612,-0.6152511239051819
-,0,-10.832969665527344,2.8961141333682208,10.832969665527344,2.8961141333682208,-2.4802286624908447,-4.118203639984131
-,0,-11.083113670349121,2.8316898288281056,11.083113670349121,2.8316898288281056,-14.47931957244873,-8.1636381149292
A16,1,-11.11198902130127,2.838008367033169,11.11198902130127,2.838008367033169,5.267714500427246,6.9833478927612305
-,0,-10.621834754943848,2.7812469014742343,10.621834754943848,2.7812469014742343,-4.787570476531982,-1.539067029953003
-,0,-10.866415977478027,2.7720950899548917,10.866415977478027,2.7720950899548917,-0.19024232029914856,-1.594102144241333
A18,1,-9.959896087646484,2.7672484813361597,9.959896087646484,2.7672484813361597,6.5193915367126465,7.899492263793945
A14,1,-11.02172565460205,2.8692577922627587,11.02172565460205,2.8692577922627587,-4.549795627593994,2.652737617492676
A07,1,-11.055960655212402,2.8017576761519116,11.055960655212402,2.8017576761519116,7.483561992645264,7.101202964782715
A10,1,-9.235784530639648,2.5245475037716,9.235784530639648,2.5245475037716,2.7010016441345215,0.16358906030654907
-,0,-10.850212097167969,2.781779069232005,10.850212097167969,2.781779069232005,-9.74791431427002,-4.521764755249023
A07,1,-9.548343658447266,2.6878751283903974,9.548343658447266,2.6878751283903974,6.797616004943848,7.8515305519104
A18,1,-10.289023399353027,2.6313143317426215,10.289023399353027,2.6313143317426215,-0.24452465772628784,0.7733035087585449
-,0,-10.439022064208984,2.865455716591505,10.439022064208984,2.865455716591505,-9.58992862701416,-1.3115522861480713
A18,1,-11.176875114440918,2.715182076301593,11.176875114440918,2.715182076301593,5.272895336151123,6.106205940246582
A17,1,-10.983077049255371,2.7558098111982625,10.983077049255371,2.7558098111982625,6.832104682922363,7.111784934997559
A12,1,-9.932968139648438,2.722403756408711,9.932968139648438,2.722403756408711,7.370323181152344,-0.7211790680885315
-,0,-11.01082706451416,2.7634470949196768,11.01082706451416,2.7634470949196768,-3.8099896907806396,-2.787595748901367
A08,1,-10.620844841003418,2.837207356338965,10.620844841003418,2.837207356338965,4.754855155944824,7.37996768951416
A14,1,-10.72381591796875,2.6481109584268903,10.72381591796875,2.6481109584268903,6.735617160797119,6.423475742340088
-,0,-10.92371654510498,2.8854422378383346,10.92371654510498,2.8854422378383346,-8.658377647399902,-2.403149127960205
-,0,-10.837579727172852,2.79894973127634,10.837579727172852,2.79894973127634,-11.931234359741211,-1.6533474922180176
A15,1,-10.381071090698242,2.837064781958514,10.381071090698242,2.837064781958514,-3.901763916015625,2.884005546569824
-,0,-10.950632095336914,2.702283949750216,10.950632095336914,2.702283949750216,-0.5041965842247009,1.7759108543395996
A17,1,-10.801854133605957,2.8159373771830594,10.801854133605957,2.8159373771830594,3.8040542602539062,2.0973548889160156
A09,1,-10.325570106506348,2.698523367979041,10.325570106506348,2.698523367979041,5.527352809906006,6.314607620239258
A16,1,-11.329919815063477,2.704542499566209,11.329919815063477,2.704542499566209,5.701237678527832,6.858732223510742
A14,1,-11.035146713256836,2.7669256813895187,11.035146713256836,2.7669256813895187,5.00202751159668,6.761187553405762
A17,1,-10.644554138183594,2.7938239279065207,10.644554138183594,2.7938239279065207,6.450592994689941,7.8019561767578125
-,0,-10.9750337600708,2.854406614441141,10.9750337600708,2.854406614441141,-11.490479469299316,-3.663966178894043
-,0,-11.077521324157715,2.6505624379381265,11.077521324157715,2.6505624379381265,-11.922478675842285,-7.397094249725342
A11,1,-10.497518539428711,2.795512890424473,10.497518539428711,2.795512890424473,4.600290775299072,3.921013355255127
A10,1,-10.493067741394043,2.787693616587379,10.493067741394043,2.787693616587379,-3.688181161880493,1.3840725421905518
A07,1,-10.98345947265625,2.636223680419649,10.98345947265625,2.636223680419649,2.9912681579589844,3.1465792655944824
A09,1,-11.075546264648438,2.731186878078566,11.075546264648438,2.731186878078566,0.6338945031166077,4.254847526550293
-,0,-11.040252685546875,2.735364074908893,11.040252685546875,2.735364074908893,-8.584799766540527,-4.739178657531738
A17,1,-11.398635864257812,2.7351737065871444,11.398635864257812,2.7351737065871444,4.528384208679199,7.341800212860107
A18,1,-11.009400367736816,2.778557101892082,11.009400367736816,2.778557101892082,3.52143931388855,2.3807919025421143
A12,1,-10.777992248535156,2.7028999970030885,10.777992248535156,2.7028999970030885,6.677966594696045,7.864986896514893
-,0,-11.06985092163086,2.7728121006748014,11.06985092163086,2.7728121006748014,-7.083397388458252,-3.244067668914795
-,0,-10.526877403259277,2.6796354549293526,10.526877403259277,2.6796354549293526,-11.837738990783691,-4.329062461853027
-,0,-11.098201751708984,2.794406229486493,11.098201751708984,2.794406229486493,-3.5219380855560303,-1.4426157474517822
-,0,-11.108030319213867,2.84554143993395,11.108030319213867,2.84554143993395,-5.7809906005859375,-8.241205215454102
A07,1,-10.514278411865234,2.7376947182596734,10.514278411865234,2.7376947182596734,0.3753408193588257,0.631159782409668
A10,1,-10.856435775756836,2.7059852399143334,10.856435775756836,2.7059852399143334,-2.847127676010132,1.9679913520812988
-,0,-10.936735153198242,2.713984364113129,10.936735153198242,2.713984364113129,-0.43116965889930725,-2.103846549987793
-,0,-10.936100959777832,2.8488630998592646,10.936100959777832,2.8488630998592646,-4.8705315589904785,-4.356715202331543
-,0,-10.460692405700684,2.8350987650569475,10.460692405700684,2.8350987650569475,-6.7735490798950195,-0.3592619299888611
-,0,-10.16315746307373,2.747876237570965,10.16315746307373,2.747876237570965,-9.921744346618652,-5.013397216796875
A13,1,-10.230093002319336,2.7242761940575995,10.230093002319336,2.7242761940575995,9.358695983886719,10.62303352355957
A12,1,-10.6096773147583,2.6939651683346266,10.6096773147583,2.6939651683346266,5.341217041015625,7.4974470138549805
A14,1,-10.898213386535645,2.775242791582056,10.898213386535645,2.775242791582056,7.006397724151611,4.533036231994629
-,0,-10.916654586791992,2.872136294821744,10.916654586791992,2.872136294821744,-1.9108558893203735,-1.067568063735962
A10,1,-10.017755508422852,2.611415621604146,10.017755508422852,2.611415621604146,1.6791698932647705,3.807798385620117
A08,1,-10.82569694519043,2.7616372643276694,10.82569694519043,2.7616372643276694,8.709985733032227,8.63834285736084
A19,1,-10.75816822052002,2.8625748983329125,10.75816822052002,2.8625748983329125,4.4430742263793945,2.035757064819336
-,0,-10.678215026855469,2.807253015250257,10.678215026855469,2.807253015250257,1.7092598676681519,-1.952398657798767
A07,1,-10.929387092590332,2.672802559644163,10.929387092590332,2.672802559644163,5.632440567016602,7.299217224121094
A18,1,-11.188053131103516,2.730022282821233,11.188053131103516,2.730022282821233,0.8774633407592773,0.6943483352661133
A11,1,-11.137208938598633,2.6790857201427634,11.137208938598633,2.6790857201427634,3.6243958473205566,0.7502058744430542
-,0,-10.846868515014648,2.7421715061916756,10.846868515014648,2.7421715061916756,-6.2377400398254395,0.8398442268371582
A14,1,-10.812634468078613,2.7273667370048966,10.812634468078613,2.7273667370048966,-2.617112159729004,4.249768257141113
A12,1,-10.332559585571289,2.8742363340162913,10.332559585571289,2.8742363340162913,5.596427917480469,9.842670440673828
-,0,-10.81777572631836,2.6922983768061743,10.81777572631836,2.6922983768061743,-8.492888450622559,-3.9918272495269775
A12,1,-9.9780912399292,2.708519385721913,9.9780912399292,2.708519385721913,6.4798173904418945,8.031261444091797
-,0,-10.70871353149414,2.7424687903579272,10.70871353149414,2.7424687903579272,-6.791597366333008,-2.5046849250793457
A07,1,-10.308614730834961,2.5783148948999854,10.308614730834961,2.5783148948999854,9.04365062713623,8.460234642028809
-,0,-10.90097713470459,2.8065820223357076,10.90097713470459,2.8065820223357076,-2.1130735874176025,-2.7125582695007324
-,0,-10.65600872039795,2.782409058952291,10.65600872039795,2.782409058952291,-3.8708221912384033,-6.868060111999512
-,0,-10.393877983093262,2.7864799762363073,10.393877983093262,2.7864799762363073,-5.28906774520874,-2.7712478637695312
A18,1,-11.09992790222168,2.699253155795201,11.09992790222168,2.699253155795201,-5.33869743347168,0.3780357837677002
A12,1,-10.655380249023438,2.69062841185594,10.655380249023438,2.69062841185594,7.11228084564209,7.298693656921387
A19,1,-10.459399223327637,2.782104182231103,10.459399223327637,2.782104182231103,-0.12576556205749512,5.274631500244141
-,0,-10.874113082885742,2.8396412713689503,10.874113082885742,2.8396412713689503,-4.332161903381348,-1.27829110622406
-,0,-10.750412940979004,2.7648523990236096,10.750412940979004,2.7648523990236096,-9.282803535461426,-3.6266651153564453
A15,1,-11.048286437988281,2.6807594575535463,11.048286437988281,2.6807594575535463,-3.9540326595306396,-0.03133651614189148
A11,1,-10.8732271194458,2.7497679664473056,10.8732271194458,2.7497679664473056,0.3750482201576233,5.008028984069824
-,0,-10.79307746887207,2.6340562679926265,10.79307746887207,2.6340562679926265,1.4825071096420288,0.14589232206344604
-,0,-10.617696762084961,2.7633203000699145,10.617696762084961,2.7633203000699145,-3.1272666454315186,-0.9033222198486328
A17,1,-11.338329315185547,2.64642969245398,11.338329315185547,2.64642969245398,6.4871296882629395,9.330118179321289
-,0,-11.18036937713623,2.6648413100085513,11.18036937713623,2.6648413100085513,-11.06926441192627,-8.591894149780273
-,0,-11.117639541625977,2.7155191578027353,11.117639541625977,2.7155191578027353,-6.878773212432861,-5.050206184387207
-,0,-11.105277061462402,2.8052507103811117,11.105277061462402,2.8052507103811117,-9.79365062713623,-4.546459674835205
A19,1,-10.225271224975586,2.7983713950004723,10.225271224975586,2.7983713950004723,-3.869041681289673,-1.0333725214004517
A17,1,-11.127208709716797,2.7778160079271585,11.127208709716797,2.7778160079271585,3.560675859451294,0.03480536490678787
-,0,-11.075291633605957,2.863408150728495,11.075291633605957,2.863408150728495,-4.762608051300049,-2.043809175491333
-,0,-10.864513397216797,2.758928199435936,10.864513397216797,2.758928199435936,-8.213691711425781,-4.962891101837158
-,0,-10.796592712402344,2.7557033037282697,10.796592712402344,2.7557033037282697,-7.117632865905762,-0.8113560676574707
-,0,-10.823168754577637,2.7150921955563074,10.823168754577637,2.7150921955563074,-1.371412754058838,-0.40861350297927856
-,0,-11.002704620361328,2.808364176027544,11.002704620361328,2.808364176027544,-5.294009208679199,-0.9528625011444092
A08,1,-11.195943832397461,2.5698803163418305,11.195943832397461,2.5698803163418305,4.5542988777160645,6.938188552856445
-,0,-10.992413520812988,2.8651485267926966,10.992413520812988,2.8651485267926966,-7.431355953216553,-4.080327987670898
A15,1,-10.94157886505127,2.7621461754158387,10.94157886505127,2.7621461754158387,2.304527521133423,5.185341835021973
A19,1,-11.317473411560059,2.7268264082751985,11.317473411560059,2.7268264082751985,0.4956730008125305,-0.4576115310192108
A15,1,-11.036840438842773,2.636541801266681,11.036840438842773,2.636541801266681,-1.6441285610198975,1.527618169784546
-,0,-11.311874389648438,2.731352474111041,11.311874389648438,2.731352474111041,-9.356627464294434,-5.919342041015625
A15,1,-10.644235610961914,2.895596626212949,10.644235610961914,2.895596626212949,5.213883399963379,5.748055934906006
A11,1,-10.881672859191895,2.742867302087379,10.881672859191895,2.742867302087379,0.24515551328659058,6.842769622802734
A13,1,-11.090617179870605,2.7306961226070507,11.090617179870605,2.7306961226070507,6.179823398590088,9.798025131225586
-,0,-10.814573287963867,2.696402339858183,10.814573287963867,2.696402339858183,-5.517259120941162,-3.388936758041382
-,0,-10.976922035217285,2.763295213666077,10.976922035217285,2.763295213666077,1.4047702550888062,-0.5217763185501099
-,0,-10.245417594909668,2.852076647362879,10.245417594909668,2.852076647362879,-7.437021255493164,-0.27413254976272583
A11,1,-11.0509614944458,2.7798493064038605,11.0509614944458,2.7798493064038605,1.0404144525527954,2.273857355117798
A15,1,-10.857200622558594,2.776308129856579,10.857200622558594,2.776308129856579,-0.2025463581085205,2.846802234649658
A15,1,-10.977928161621094,2.820594866781475,10.977928161621094,2.820594866781475,-3.231064796447754,1.6066458225250244
-,0,-11.04826831817627,2.736853723780121,11.04826831817627,2.736853723780121,-8.950427055358887,-8.510459899902344
A13,1,-8.679378509521484,2.664745432303377,8.679378509521484,2.664745432303377,5.087292194366455,11.109036445617676
A18,1,-11.004036903381348,2.7633910736392657,11.004036903381348,2.7633910736392657,4.99618673324585,9.043848037719727
-,0,-10.625871658325195,2.776335608021973,10.625871658325195,2.776335608021973,-7.853081703186035,-3.4802162647247314
A09,1,-10.868568420410156,2.791280606924665,10.868568420410156,2.791280606924665,4.435245513916016,6.738907814025879
-,0,-10.397809982299805,2.8937304249924773,10.397809982299805,2.8937304249924773,-8.702401161193848,0.0327133983373642
-,0,-11.103192329406738,2.8522049168805683,11.103192329406738,2.8522049168805683,-0.80540531873703,-1.1728235483169556
-,0,-11.038739204406738,2.7190829324773516,11.038739204406738,2.7190829324773516,-9.795361518859863,-7.18923282623291
A15,1,-10.814477920532227,2.7467762554109765,10.814477920532227,2.7467762554109765,0.64023357629776,1.3665891885757446
A17,1,-11.257881164550781,2.7597542385829015,11.257881164550781,2.7597542385829015,6.610818386077881,3.919260025024414
A18,1,-11.031919479370117,2.760749255407956,11.031919479370117,2.760749255407956,0.9729227423667908,1.2002876996994019
-,0,-9.410285949707031,2.7535544102358798,9.410285949707031,2.7535544102358798,-4.763117790222168,-2.783987045288086
A13,1,-9.8124361038208,2.788504942879366,9.8124361038208,2.788504942879366,7.123619079589844,7.791450500488281
A13,1,-10.836729049682617,2.8196551852353404,10.836729049682617,2.8196551852353404,6.866847991943359,6.754330158233643
A09,1,-10.490737915039062,2.668160766489204,10.490737915039062,2.668160766489204,3.526860475540161,6.155820846557617
-,0,-11.238439559936523,2.8118287477224073,11.238439559936523,2.8118287477224073,-9.408238410949707,-3.4748353958129883
-,0,-11.419270515441895,2.8493673207215995,11.419270515441895,2.8493673207215995,-13.831818580627441,-4.824216842651367
A19,1,-10.634175300598145,2.8722667705218763,10.634175300598145,2.8722667705218763,2.4247732162475586,-0.9151308536529541
-,0,-10.9273681640625,2.827277363883586,10.9273681640625,2.827277363883586,-4.43836784362793,-2.2139148712158203
A07,1,-10.118302345275879,2.7457146186489054,10.118302345275879,2.7457146186489054,3.4696004390716553,5.6368513107299805
A12,1,-10.619220733642578,2.7254730191707863,10.619220733642578,2.7254730191707863,10.411298751831055,4.358862400054932
A16,1,-10.545770645141602,2.7772353469636952,10.545770645141602,2.7772353469636952,6.890968322753906,9.529085159301758
A19,1,-11.060038566589355,2.7073476726846217,11.060038566589355,2.7073476726846217,-5.075028419494629,-1.1798150539398193
A13,1,-11.154760360717773,2.8033214641530124,11.154760360717773,2.8033214641530124,6.318841934204102,8.258161544799805
-,0,-11.040387153625488,2.7694814305062034,11.040387153625488,2.7694814305062034,-5.223777770996094,-1.783521056175232
-,0,-10.967611312866211,2.8276931408371415,10.967611312866211,2.8276931408371415,-7.098543167114258,-6.6637067794799805
A16,1,-10.909754753112793,2.7430929948153944,10.909754753112793,2.7430929948153944,4.469784736633301,4.881527423858643
A11,1,-7.6671223640441895,2.6429698071222294,7.6671223640441895,2.6429698071222294,7.519999027252197,4.5763044357299805
-,0,-11.265603065490723,2.697477386566134,11.265603065490723,2.697477386566134,-2.838918924331665,-2.1990668773651123
A11,1,-8.04017162322998,2.5863194576254553,8.04017162322998,2.5863194576254553,5.416935920715332,7.0366644859313965
-,0,-10.832707405090332,2.7826419298175753,10.832707405090332,2.7826419298175753,-11.506949424743652,-2.1858527660369873
A14,1,-11.193501472473145,2.7316655832051877,11.193501472473145,2.7316655832051877,2.404121160507202,6.316483974456787
-,0,-10.613225936889648,2.8647081202898512,10.613225936889648,2.8647081202898512,-4.378483772277832,-0.2475670874118805
A13,1,-7.514772415161133,2.8828021716750656,7.514772415161133,2.8828021716750656,7.277057647705078,11.375377655029297
-,0,-10.953588485717773,2.764088918481478,10.953588485717773,2.764088918481478,-6.42669677734375,-1.1032559871673584
A11,1,-10.311820030212402,2.809289250653593,10.311820030212402,2.809289250653593,9.460144996643066,8.98887825012207
-,0,-9.988006591796875,2.820612790770184,9.988006591796875,2.820612790770184,-7.1624250411987305,-1.0626389980316162
-,0,-11.101391792297363,2.7247449020278847,11.101391792297363,2.7247449020278847,-2.973181962966919,-2.306457042694092
-,0,-11.179280281066895,2.739435125012082,11.179280281066895,2.739435125012082,-5.788933753967285,-4.490262985229492
-,0,-10.735603332519531,2.8825941204462078,10.735603332519531,2.8825941204462078,-11.170867919921875,-1.3155760765075684
A09,1,-9.824517250061035,2.668108162890912,9.824517250061035,2.668108162890912,1.9574064016342163,6.537652969360352
-,0,-10.374123573303223,2.8852326403395576,10.374123573303223,2.8852326403395576,4.3794097900390625,2.4378621578216553
A17,1,-10.7488374710083,2.868440327076055,10.7488374710083,2.868440327076055,6.819360733032227,5.151574611663818
-,0,-10.943402290344238,2.7137673787627192,10.943402290344238,2.7137673787627192,-8.060707092285156,-8.001058578491211
-,0,-10.807902336120605,2.7905233429864715,10.807902336120605,2.7905233429864715,-4.440069675445557,-4.521026611328125
-,0,-11.339380264282227,2.70334889046615,11.339380264282227,2.70334889046615,-1.1512502431869507,-1.2501546144485474
-,0,-11.209696769714355,2.7526373525037124,11.209696769714355,2.7526373525037124,-4.387048721313477,-6.214315414428711
-,0,-10.624519348144531,2.6754653145019986,10.624519348144531,2.6754653145019986,2.1631734371185303,-0.8624658584594727
A11,1,-10.94817066192627,2.8598441194544186,10.94817066192627,2.8598441194544186,-4.12233829498291,3.132091999053955
A18,1,-10.708501815795898,2.83563739396431,10.708501815795898,2.83563739396431,2.654735803604126,9.941078186035156
-,0,-11.297595977783203,2.720910914360232,11.297595977783203,2.720910914360232,-7.882889747619629,-7.584232807159424
-,0,-10.90807819366455,2.799619231744905,10.90807819366455,2.799619231744905,-12.194501876831055,-2.775228261947632
A09,1,-10.903127670288086,2.8285533996995786,10.903127670288086,2.8285533996995786,5.606844425201416,6.961134910583496
A10,1,-10.680602073669434,2.5978966572823996,10.680602073669434,2.5978966572823996,-2.911717176437378,1.83607017993927
A13,1,-10.472623825073242,2.7698205604467594,10.472623825073242,2.7698205604467594,7.986271858215332,9.451616287231445
-,0,-11.217144966125488,2.9318479015843955,11.217144966125488,2.9318479015843955,-6.057120323181152,-3.5328400135040283
-,0,-11.2805757522583,2.750401941255039,11.2805757522583,2.750401941255039,-3.6483609676361084,-3.4526565074920654
-,0,-10.92090892791748,2.907113234190001,10.92090892791748,2.907113234190001,-0.48012661933898926,-2.7067980766296387
-,0,-11.016118049621582,2.658347863523394,11.016118049621582,2.658347863523394,-8.668683052062988,-6.220802307128906
A18,1,-11.0563383102417,2.659978929098596,11.0563383102417,2.659978929098596,3.5490362644195557,-0.4632284939289093
A18,1,-11.120006561279297,2.7999643854781366,11.120006561279297,2.7999643854781366,-0.13942989706993103,4.274590492248535
-,0,-11.186653137207031,2.8168154301486106,11.186653137207031,2.8168154301486106,-4.87393856048584,-2.8322386741638184
A10,1,-10.364964485168457,2.887578202080694,10.364964485168457,2.887578202080694,3.906951427459717,4.056690692901611
A09,1,-10.77131175994873,2.795255353131595,10.77131175994873,2.795255353131595,1.7097121477127075,4.639471054077148
A13,1,-10.811606407165527,2.803901285340922,10.811606407165527,2.803901285340922,6.235836029052734,8.655986785888672
-,0,-11.060995101928711,2.8548249675335455,11.060995101928711,2.8548249675335455,-9.090075492858887,-5.104619979858398
-,0,-10.956368446350098,2.7821836946986043,10.956368446350098,2.7821836946986043,-1.6223355531692505,-4.040046691894531
A08,1,-11.223320007324219,2.7385688794038217,11.223320007324219,2.7385688794038217,8.01615047454834,8.797106742858887
-,0,-10.658599853515625,2.8208053169464864,10.658599853515625,2.8208053169464864,-3.630920171737671,-2.9799277782440186
A18,1,-10.818353652954102,2.772735814861635,10.818353652954102,2.772735814861635,5.613950729370117,5.131624221801758
A16,1,-9.95962142944336,2.8112560467909367,9.95962142944336,2.8112560467909367,3.47473406791687,5.671293258666992
-,0,-11.203808784484863,2.7144376304167803,11.203808784484863,2.7144376304167803,-6.475612640380859,-7.731298446655273
-,0,-11.072110176086426,2.6799397887258634,11.072110176086426,2.6799397887258634,-6.014160633087158,-3.988708972930908
-,0,-11.020798683166504,2.696231904267497,11.020798683166504,2.696231904267497,-9.062108039855957,-6.021991729736328
A19,1,-11.089227676391602,2.6234716865570213,11.089227676391602,2.6234716865570213,-0.7645111680030823,-0.7578825354576111
A13,1,-9.638318061828613,2.7494470947820213,9.638318061828613,2.7494470947820213,7.052773952484131,8.98450756072998
A11,1,-10.677523612976074,2.7576696041807023,10.677523612976074,2.7576696041807023,-2.438136339187622,2.3578667640686035
A15,1,-10.76044750213623,2.7606026416520164,10.76044750213623,2.7606026416520164,0.21506375074386597,1.3854591846466064
A19,1,-10.58374309539795,2.8463590685830114,10.58374309539795,2.8463590685830114,0.2732849419116974,-2.1878719329833984
A09,1,-10.589223861694336,2.842118673678207,10.589223861694336,2.842118673678207,6.034258842468262,7.3319244384765625
-,0,-10.71723461151123,2.853679288732176,10.71723461151123,2.853679288732176,-0.6892076134681702,-4.288092613220215
A10,1,-10.707319259643555,2.823025530771835,10.707319259643555,2.823025530771835,3.9659063816070557,2.87082576751709
A15,1,-10.70587158203125,2.696225782392587,10.70587158203125,2.696225782392587,1.4810874462127686,3.402766704559326
A13,1,-10.889463424682617,2.850271924476584,10.889463424682617,2.850271924476584,6.915652275085449,7.476316452026367
A14,1,-10.910663604736328,2.8589927934470944,10.910663604736328,2.8589927934470944,1.9122353792190552,6.176597595214844
-,0,-11.079408645629883,2.77242533589447,11.079408645629883,2.77242533589447,-5.235702037811279,-3.074824094772339
A11,1,-10.737678527832031,2.7227094206660865,10.737678527832031,2.7227094206660865,4.976484298706055,7.718646049499512
A08,1,-10.675812721252441,2.790777661284407,10.675812721252441,2.790777661284407,7.494810104370117,7.001885890960693
-,0,-10.978449821472168,2.708190466409439,10.978449821472168,2.708190466409439,-7.627005100250244,-3.386399745941162
A16,1,-10.926122665405273,2.6110992129538158,10.926122665405273,2.6110992129538158,5.465243339538574,6.446427345275879
-,0,-11.049736022949219,2.848142074919204,11.049736022949219,2.848142074919204,-9.961650848388672,-4.682541847229004
-,0,-11.075551986694336,2.818996530125412,11.075551986694336,2.818996530125412,-3.988515615463257,-4.812320232391357
A17,1,-11.156621932983398,2.721467497228929,11.156621932983398,2.721467497228929,3.8025593757629395,4.594583988189697
A08,1,-10.79762077331543,2.7757933122858285,10.79762077331543,2.7757933122858285,1.9661264419555664,0.20164501667022705
A14,1,-10.870418548583984,2.710041759721614,10.870418548583984,2.710041759721614,1.5577586889266968,3.7510623931884766
A14,1,-10.858793258666992,2.7722564967809173,10.858793258666992,2.7722564967809173,2.509448766708374,4.951496124267578
-,0,-11.052799224853516,2.752548539925906,11.052799224853516,2.752548539925906,-3.1630635261535645,-5.083193778991699
-,0,-10.461760520935059,2.7696856793188704,10.461760520935059,2.7696856793188704,-0.9675790071487427,-2.0315468311309814
-,0,-11.041839599609375,2.849550899595677,11.041839599609375,2.849550899595677,2.6627840995788574,-1.9608267545700073
A08,1,-10.895974159240723,2.7704816012553013,10.895974159240723,2.7704816012553013,7.194964408874512,6.966516494750977
A15,1,-11.162476539611816,2.75722018748331,11.162476539611816,2.75722018748331,3.7982897758483887,6.975593566894531
-,0,-10.507590293884277,2.8276881800957487,10.507590293884277,2.8276881800957487,-5.986477851867676,-1.2412660121917725
A09,1,-10.843721389770508,2.8121432978055028,10.843721389770508,2.8121432978055028,7.713922023773193,8.527278900146484
-,0,-10.853286743164062,2.822529642886613,10.853286743164062,2.822529642886613,-6.02910041809082,-10.353238105773926
-,0,-10.677166938781738,2.9067891164833286,10.677166938781738,2.9067891164833286,-11.242457389831543,-1.435112714767456
-,0,-11.185011863708496,2.7914118544370212,11.185011863708496,2.7914118544370212,-5.009592056274414,-1.9506354331970215
A11,1,-10.868002891540527,2.7716888135488538,10.868002891540527,2.7716888135488538,-1.4817140102386475,2.4664998054504395
A15,1,-11.219261169433594,2.700998122712467,11.219261169433594,2.700998122712467,5.347325325012207,7.364536285400391
-,0,-11.014768600463867,2.682084209990012,11.014768600463867,2.682084209990012,-7.639169216156006,-7.831077575683594
-,0,-10.613547325134277,2.7380537492129484,10.613547325134277,2.7380537492129484,-2.5506343841552734,-1.3273462057113647
A14,1,-10.954625129699707,2.663337339183038,10.954625129699707,2.663337339183038,7.249233722686768,8.098751068115234
-,0,-10.958880424499512,2.7319342208578337,10.958880424499512,2.7319342208578337,-13.44564151763916,-4.42088508605957
-,0,-11.180659294128418,2.638323110717121,11.180659294128418,2.638323110717121,-2.74474835395813,-4.907631874084473
A17,1,-10.832303047180176,2.795671614087021,10.832303047180176,2.795671614087021,5.700758457183838,10.127202987670898
A11,1,-9.258630752563477,2.617098342914221,9.258630752563477,2.617098342914221,8.307137489318848,7.553362846374512
-,0,-11.027788162231445,2.8031135862659475,11.027788162231445,2.8031135862659475,-6.587743282318115,-5.295243740081787
-,0,-11.055497169494629,2.7770112456480347,11.055497169494629,2.7770112456480347,-9.902510643005371,-4.639074802398682
-,0,-10.991514205932617,2.8208206191330008,10.991514205932617,2.8208206191330008,-1.8592101335525513,-1.2054624557495117
-,0,-11.050341606140137,2.802862666650868,11.050341606140137,2.802862666650868,-8.008296012878418,-2.912964105606079
-,0,-10.613433837890625,2.811220895804753,10.613433837890625,2.811220895804753,-5.650904655456543,-2.4518120288848877
-,0,-11.14013957977295,2.754145374610496,11.14013957977295,2.754145374610496,-13.945822715759277,-8.344147682189941
A09,1,-11.098976135253906,2.766795206991732,11.098976135253906,2.766795206991732,6.6428399085998535,8.136926651000977
A14,1,-10.887496948242188,2.7321249639921543,10.887496948242188,2.7321249639921543,1.5198460817337036,6.875270843505859
A10,1,-10.634082794189453,2.717256850705539,10.634082794189453,2.717256850705539,4.828549385070801,4.71245002746582
-,0,-11.026314735412598,2.8633662935700115,11.026314735412598,2.8633662935700115,-7.696389675140381,-7.638044357299805
A09,1,-10.532806396484375,2.71830636371067,10.532806396484375,2.71830636371067,7.930026054382324,8.829580307006836
A18,1,-10.970224380493164,2.7587711391078416,10.970224380493164,2.7587711391078416,3.566502332687378,5.107039451599121
A16,1,-10.624757766723633,2.7207915405536607,10.624757766723633,2.7207915405536607,7.743175506591797,7.966780662536621
-,0,-11.246804237365723,2.7585354824069532,11.246804237365723,2.7585354824069532,-1.9374831914901733,-3.6735997200012207
-,0,-10.66413688659668,2.7137506799883546,10.66413688659668,2.7137506799883546,-5.003793716430664,-2.592146873474121
A10,1,-8.058653831481934,2.5552205536816497,8.058653831481934,2.5552205536816497,9.405284881591797,9.34980583190918
A17,1,-11.41275405883789,2.789744141534799,11.41275405883789,2.789744141534799,6.2178263664245605,8.56934928894043
-,0,-10.70101547241211,2.8918271429117506,10.70101547241211,2.8918271429117506,0.35717713832855225,1.2857723236083984
A16,1,-10.715221405029297,2.820962658544962,10.715221405029297,2.820962658544962,4.359813690185547,7.89838981628418
A14,1,-11.206648826599121,2.897609688166615,11.206648826599121,2.897609688166615,5.288966655731201,7.416023254394531
A14,1,-10.714009284973145,2.78915779636611,10.714009284973145,2.78915779636611,3.4080488681793213,5.16676139831543
-,0,-11.132160186767578,2.710207759851165,11.132160186767578,2.710207759851165,-10.529295921325684,-5.906023025512695
-,0,-10.748379707336426,2.7929287571915777,10.748379707336426,2.7929287571915777,-10.45764446258545,-5.568016529083252
A13,1,-9.524810791015625,2.6784904469951836,9.524810791015625,2.6784904469951836,7.78000545501709,8.72956657409668
A11,1,-10.62597942352295,2.685188005697322,10.62597942352295,2.685188005697322,6.155583381652832,7.221930980682373
A08,1,-10.795775413513184,2.8402722063971395,10.795775413513184,2.8402722063971395,2.617271900177002,7.161897659301758
-,0,-11.008419036865234,2.8017673602330917,11.008419036865234,2.8017673602330917,-2.6796257495880127,-3.35705828666687
-,0,-10.87401008605957,2.7303599803769747,10.87401008605957,2.7303599803769747,-9.139589309692383,-4.428671836853027
A19,1,-11.179851531982422,2.866993391489311,11.179851531982422,2.866993391489311,4.705114364624023,1.1384053230285645
A07,1,-10.40803050994873,2.881673923353176,10.40803050994873,2.881673923353176,8.298657417297363,7.9542694091796875
-,0,-11.186534881591797,2.679264692684034,11.186534881591797,2.679264692684034,-6.272928714752197,-4.6018195152282715
A07,1,-10.483720779418945,2.800676483056132,10.483720779418945,2.800676483056132,4.69748592376709,5.800277233123779
A18,1,-11.045857429504395,2.753057452278385,11.045857429504395,2.753057452278385,4.852509498596191,7.403564453125
-,0,-10.857736587524414,2.7011928252492936,10.857736587524414,2.7011928252492936,-6.1262431144714355,-8.257164001464844
-,0,-11.063106536865234,2.8095124881947346,11.063106536865234,2.8095124881947346,-7.555811882019043,-4.650555610656738
A14,1,-10.86445426940918,2.750754108891739,10.86445426940918,2.750754108891739,0.5531796813011169,5.427143096923828
-,0,-11.283806800842285,2.7334562454092515,11.283806800842285,2.7334562454092515,-0.8746911883354187,-5.757974624633789
A15,1,-10.645215034484863,2.818639979545043,10.645215034484863,2.818639979545043,-4.057211875915527,1.8968440294265747
A17,1,-9.522441864013672,2.8081496190220556,9.522441864013672,2.8081496190220556,3.824021577835083,1.833187460899353
-,0,-10.928438186645508,2.9391476622938413,10.928438186645508,2.9391476622938413,-2.7703397274017334,-1.0366368293762207
A19,1,-11.012627601623535,2.8781029499608333,11.012627601623535,2.8781029499608333,5.4356608390808105,6.505254745483398
-,0,-11.215133666992188,2.809498015477041,11.215133666992188,2.809498015477041,-9.437504768371582,-3.12968111038208
-,0,-11.147557258605957,2.794475488714971,11.147557258605957,2.794475488714971,-7.264065742492676,-4.029918670654297
-,0,-10.710855484008789,2.7472353656369433,10.710855484008789,2.7472353656369433,-6.676807880401611,-1.9249420166015625
A10,1,-8.831361770629883,2.614888744302973,8.831361770629883,2.614888744302973,4.267543315887451,5.486661911010742
A15,1,-10.731295585632324,2.8192267991766524,10.731295585632324,2.8192267991766524,-0.4909791350364685,3.1954808235168457
A08,1,-11.201027870178223,2.742023882204007,11.201027870178223,2.742023882204007,8.32351303100586,9.309976577758789
-,0,-10.725320816040039,2.9102228236187857,10.725320816040039,2.9102228236187857,-7.9954986572265625,-1.5746314525604248
A17,1,-11.350837707519531,2.7500076123353456,11.350837707519531,2.7500076123353456,5.891932487487793,7.4423089027404785
-,0,-10.334064483642578,2.8318849493984173,10.334064483642578,2.8318849493984173,-5.164520263671875,-3.9286048412323
A19,1,-11.0024995803833,2.810311105336025,11.0024995803833,2.810311105336025,3.3861677646636963,0.7480729818344116
-,0,-11.216358184814453,2.807352984564516,11.216358184814453,2.807352984564516,-6.63580322265625,-6.868995666503906
A08,1,-11.160134315490723,2.688350180062458,11.160134315490723,2.688350180062458,0.6685915589332581,2.059783697128296
-,0,-11.024306297302246,2.836579257489631,11.024306297302246,2.836579257489631,-8.594243049621582,-3.5432937145233154
A13,1,-9.462349891662598,2.5801284484539933,9.462349891662598,2.5801284484539933,7.741578102111816,7.844440460205078
A17,1,-11.099971771240234,2.7078893984510257,11.099971771240234,2.7078893984510257,6.100642681121826,8.31381893157959
A19,1,-11.05909538269043,2.7559758725781567,11.05909538269043,2.7559758725781567,0.9732858538627625,-0.5216875672340393
A13,1,-11.071222305297852,2.889507117739026,11.071222305297852,2.889507117739026,8.323473930358887,7.133819580078125
A10,1,-10.0329008102417,2.6084823551829053,10.0329008102417,2.6084823551829053,7.480239391326904,4.074631214141846
A10,1,-10.444755554199219,2.650330105905469,10.444755554199219,2.650330105905469,2.928222417831421,6.049902439117432
A12,1,-10.894440650939941,2.740540522501853,10.894440650939941,2.740540522501853,-0.5515894293785095,1.6446189880371094
-,0,-10.684250831604004,2.847736234823584,10.684250831604004,2.847736234823584,-3.5902421474456787,-3.1461009979248047
A19,1,-10.898002624511719,2.825865742612536,10.898002624511719,2.825865742612536,0.24337223172187805,0.6007102131843567
A13,1,-10.593408584594727,2.8877215276639516,10.593408584594727,2.8877215276639516,7.079324722290039,7.419907569885254
A19,1,-10.830818176269531,2.8619420488635328,10.830818176269531,2.8619420488635328,-6.269009590148926,-0.31816989183425903
A14,1,-10.704301834106445,2.7186859628281788,10.704301834106445,2.7186859628281788,-4.62818717956543,4.623339653015137
-,0,-11.03667163848877,2.792436241662888,11.03667163848877,2.792436241662888,-2.041452646255493,-4.687846660614014
-,0,-10.881547927856445,2.7701845695331864,10.881547927856445,2.7701845695331864,-4.210891246795654,-6.479110240936279
A14,1,-11.162607192993164,2.764536944805491,11.162607192993164,2.764536944805491,0.09625760465860367,8.132566452026367
A12,1,-10.919266700744629,2.6651302682325735,10.919266700744629,2.6651302682325735,7.820883750915527,6.926430702209473
A17,1,-11.200643539428711,2.767503396208545,11.200643539428711,2.767503396208545,4.766427993774414,7.220081329345703
A16,1,-10.67401123046875,2.739350876185412,10.67401123046875,2.739350876185412,2.50052809715271,4.069673538208008
A12,1,-11.064661026000977,2.77898521856774,11.064661026000977,2.77898521856774,1.866774082183838,2.287935256958008
A13,1,-11.107900619506836,2.907415636634349,11.107900619506836,2.907415636634349,4.78364372253418,10.657529830932617
-,0,-11.063920021057129,2.7099805954802583,11.063920021057129,2.7099805954802583,-3.641944646835327,-4.199570655822754
-,0,-10.73843765258789,2.8663330767386257,10.73843765258789,2.8663330767386257,-5.004425048828125,-3.32650089263916
A12,1,-10.938843727111816,2.747706914008333,10.938843727111816,2.747706914008333,6.520975112915039,3.248047351837158
A17,1,-10.967047691345215,2.6755478364192613,10.967047691345215,2.6755478364192613,5.078354835510254,0.6201822757720947
-,0,-11.105319023132324,2.7453409280854366,11.105319023132324,2.7453409280854366,-12.04487419128418,-8.481618881225586
A07,1,-10.206559181213379,2.6432875310843054,10.206559181213379,2.6432875310843054,5.796860694885254,6.0696563720703125
A07,1,-10.812592506408691,2.7682017171586764,10.812592506408691,2.7682017171586764,4.629448890686035,5.098582744598389
A09,1,-10.775229454040527,2.744335752608495,10.775229454040527,2.744335752608495,2.9710800647735596,7.088086128234863
-,0,-11.156044960021973,2.7538954088273804,11.156044960021973,2.7538954088273804,-11.822806358337402,-7.7535624504089355
-,0,-11.347996711730957,2.7175454568500306,11.347996711730957,2.7175454568500306,-2.343775749206543,-3.098464012145996
-,0,-11.125856399536133,2.7949805261732648,11.125856399536133,2.7949805261732648,-1.878932237625122,-4.088547706604004
A14,1,-10.934235572814941,2.8831052785219957,10.934235572814941,2.8831052785219957,-3.363429546356201,0.9686620235443115
-,0,-10.902995109558105,2.7415480111331028,10.902995109558105,2.7415480111331028,-5.229833602905273,-3.0138275623321533
-,0,-10.496614456176758,2.720586797934549,10.496614456176758,2.720586797934549,-6.795010566711426,-2.0199193954467773
-,0,-10.699994087219238,2.7561968232715466,10.699994087219238,2.7561968232715466,-3.0369579792022705,-0.8011386394500732
-,0,-10.970787048339844,2.699921291011209,10.970787048339844,2.699921291011209,-12.466673851013184,-7.058448791503906
-,0,-11.114733695983887,2.7993202623156805,11.114733695983887,2.7993202623156805,-9.432650566101074,-2.1779990196228027
A18,1,-10.785714149475098,2.6801500159221434,10.785714149475098,2.6801500159221434,5.864996910095215,2.9583306312561035
A15,1,-10.878787994384766,2.7485589924276517,10.878787994384766,2.7485589924276517,2.5255866050720215,8.167724609375
-,0,-11.316546440124512,2.7598687336828194,11.316546440124512,2.7598687336828194,-7.508907318115234,-2.8366124629974365
A11,1,-10.43055534362793,2.7493718337195876,10.43055534362793,2.7493718337195876,4.623447418212891,6.558564186096191
-,0,-11.06956958770752,2.746432542804488,11.06956958770752,2.746432542804488,-6.097368240356445,-3.5954573154449463
-,0,-11.190705299377441,2.7213103467965083,11.190705299377441,2.7213103467965083,-10.442488670349121,-4.712015151977539
-,0,-11.089518547058105,2.7917636435918194,11.089518547058105,2.7917636435918194,-7.175764083862305,-6.398221969604492
-,0,-10.355639457702637,2.6770500644934536,10.355639457702637,2.6770500644934536,-2.5444886684417725,-1.055712342262268
-,0,-10.760196685791016,2.7961748396528687,10.760196685791016,2.7961748396528687,-14.602458000183105,-4.840217590332031
-,0,-11.026976585388184,2.8826385625999253,11.026976585388184,2.8826385625999253,-5.614960670471191,-4.092791557312012
-,0,-11.173927307128906,2.656482404115974,11.173927307128906,2.656482404115974,-8.007918357849121,-3.4723660945892334
A11,1,-10.99648666381836,2.72065617163298,10.99648666381836,2.72065617163298,-0.14757129549980164,7.503403186798096
-,0,-10.815835952758789,2.736462353861031,10.815835952758789,2.736462353861031,-7.781189918518066,-5.266836166381836
-,0,-11.223069190979004,2.730182491557385,11.223069190979004,2.730182491557385,-2.1721808910369873,-4.394956588745117
-,0,-11.055683135986328,2.7136297818028234,11.055683135986328,2.7136297818028234,-10.256794929504395,-3.613675594329834
-,0,-10.89183235168457,2.812618346854841,10.89183235168457,2.812618346854841,-7.289410591125488,-3.140964984893799
-,0,-10.928136825561523,2.7278239766904004,10.928136825561523,2.7278239766904004,-4.180611610412598,-1.6289135217666626
A14,1,-10.805743217468262,2.762393359489764,10.805743217468262,2.762393359489764,3.2366554737091064,4.869911193847656
A16,1,-10.287833213806152,2.739937276250273,10.287833213806152,2.739937276250273,4.485258102416992,6.047580718994141
-,0,-10.783666610717773,2.7733524280345323,10.783666610717773,2.7733524280345323,-3.4208791255950928,-2.528693914413452
A08,1,-10.904340744018555,2.7794618780068174,10.904340744018555,2.7794618780068174,5.619586944580078,7.862198829650879
-,0,-10.962846755981445,2.7818077024271934,10.962846755981445,2.7818077024271934,-6.160376071929932,-3.803779125213623
-,0,-10.402656555175781,2.7348497086027694,10.402656555175781,2.7348497086027694,-1.4971888065338135,-1.939598798751831
-,0,-11.162498474121094,2.8155311020273186,11.162498474121094,2.8155311020273186,-5.033918857574463,-5.391866683959961
A15,1,-10.84162425994873,2.8306954858417877,10.84162425994873,2.8306954858417877,-2.016097068786621,3.6465697288513184
A19,1,-11.1624116897583,2.8078833441016022,11.1624116897583,2.8078833441016022,-10.163169860839844,-4.931775093078613
A07,1,-9.775718688964844,2.7016838454540624,9.775718688964844,2.7016838454540624,6.836373805999756,10.277402877807617
A11,1,-10.1641206741333,2.8187254938659367,10.1641206741333,2.8187254938659367,7.508975982666016,8.060016632080078
A13,1,-10.93427562713623,2.8554139297128533,10.93427562713623,2.8554139297128533,6.4043169021606445,10.831088066101074
-,0,-11.260498046875,2.6801121673407504,11.260498046875,2.6801121673407504,-9.24059009552002,-5.2146806716918945
A16,1,-10.248770713806152,2.7740468883256506,10.248770713806152,2.7740468883256506,6.310478210449219,5.31110954284668
-,0,-11.091867446899414,2.7618630153354555,11.091867446899414,2.7618630153354555,-14.382052421569824,-0.4562026858329773
-,0,-11.112066268920898,2.717821542693149,11.112066268920898,2.717821542693149,-5.535916805267334,-3.216588258743286
-,0,-10.730735778808594,2.6998767571119124,10.730735778808594,2.6998767571119124,-5.028442859649658,-3.0511837005615234
-,0,-11.397134780883789,2.7159761260412543,11.397134780883789,2.7159761260412543,-7.8754143714904785,-5.6587233543396
A15,1,-11.10398006439209,2.6635541763336086,11.10398006439209,2.6635541763336086,-0.8390597701072693,4.456521987915039
-,0,-10.881084442138672,2.7607865216821574,10.881084442138672,2.7607865216821574,-8.041157722473145,-5.460280418395996
-,0,-10.949329376220703,2.7807176302816354,10.949329376220703,2.7807176302816354,-3.619288682937622,-4.281578063964844
-,0,-10.790322303771973,2.8378342353269543,10.790322303771973,2.8378342353269543,-6.2158637046813965,-4.072662353515625
A13,1,-11.198439598083496,2.8148447837130006,11.198439598083496,2.8148447837130006,5.86604118347168,5.6443023681640625
A09,1,-10.846951484680176,2.702114531479058,10.846951484680176,2.702114531479058,5.0835442543029785,6.125807762145996
A17,1,-10.797863960266113,2.806927902090917,10.797863960266113,2.806927902090917,5.479940891265869,2.270336151123047
A18,1,-11.057989120483398,2.7394149361350575,11.057989120483398,2.7394149361350575,2.7464897632598877,2.0551493167877197
-,0,-11.320333480834961,2.693602506342784,11.320333480834961,2.693602506342784,-0.11809522658586502,-3.3466999530792236
A07,1,-10.863384246826172,2.707895108506332,10.863384246826172,2.707895108506332,3.0917294025421143,5.346940040588379
-,0,-10.674427032470703,2.8105977784529546,10.674427032470703,2.8105977784529546,-5.645056247711182,-1.704158067703247
-,0,-10.7678804397583,2.6932113165280462,10.7678804397583,2.6932113165280462,-3.9027516841888428,-5.357415199279785
A19,1,-10.101083755493164,2.8197947504255847,10.101083755493164,2.8197947504255847,1.0701701641082764,1.9917781352996826
A18,1,-10.690057754516602,2.650854918888889,10.690057754516602,2.650854918888889,2.238450288772583,0.4837934672832489
-,0,-10.659466743469238,2.8336250561864325,10.659466743469238,2.8336250561864325,-1.7804607152938843,-2.6402716636657715
A18,1,-11.399179458618164,2.6756625023548635,11.399179458618164,2.6756625023548635,-4.274447441101074,-1.6941642761230469
A08,1,-10.831297874450684,2.736955123509048,10.831297874450684,2.736955123509048,4.175845146179199,6.891615390777588
-,0,-10.943209648132324,2.8898419455378743,10.943209648132324,2.8898419455378743,-10.266268730163574,-7.545267105102539
A19,1,-10.844463348388672,2.8640394582429987,10.844463348388672,2.8640394582429987,-4.615948677062988,0.5535902380943298
A13,1,-10.715693473815918,2.8816255592236217,10.715693473815918,2.8816255592236217,7.517528533935547,10.926267623901367
A13,1,-9.50985336303711,2.8053957202677844,9.50985336303711,2.8053957202677844,6.039155006408691,7.34033203125
-,0,-10.69349193572998,2.8217040856284537,10.69349193572998,2.8217040856284537,-6.655168533325195,-4.624386787414551
A19,1,-10.867666244506836,2.8564703351002043,10.867666244506836,2.8564703351002043,0.4607393145561218,0.8540768027305603
-,0,-11.215778350830078,2.8128056433060884,11.215778350830078,2.8128056433060884,-5.328316688537598,-4.748953342437744
A11,1,-10.981385231018066,2.7414744473124557,10.981385231018066,2.7414744473124557,-3.6239123344421387,1.8909432888031006
-,0,-11.096330642700195,2.7234858798564385,11.096330642700195,2.7234858798564385,-7.056652069091797,-7.409083366394043
A15,1,-10.923542976379395,2.688746641938438,10.923542976379395,2.688746641938438,1.697819471359253,2.9268369674682617
A16,1,-10.823116302490234,2.680070983527424,10.823116302490234,2.680070983527424,-0.01643965020775795,0.21850258111953735
-,0,-11.15292739868164,2.747305434867317,11.15292739868164,2.747305434867317,-2.255854845046997,-6.321526050567627
A12,1,-10.595924377441406,2.768128328007317,10.595924377441406,2.768128328007317,8.570465087890625,6.103715896606445
A12,1,-10.514898300170898,2.816781980190983,10.514898300170898,2.816781980190983,4.972545146942139,8.472923278808594
A08,1,-11.12088394165039,2.81501655382168,11.12088394165039,2.81501655382168,5.176128387451172,4.962451934814453
-,0,-11.173872947692871,2.8436566382401995,11.173872947692871,2.8436566382401995,-9.749497413635254,-4.890078067779541
-,0,-10.743145942687988,2.8682920407498016,10.743145942687988,2.8682920407498016,-4.83460807800293,-3.8438782691955566
A10,1,-10.229183197021484,2.8914929922782084,10.229183197021484,2.8914929922782084,3.604041814804077,5.045670509338379
A17,1,-11.139124870300293,2.775324244504721,11.139124870300293,2.775324244504721,6.75295877456665,5.53664493560791
-,0,-11.09659481048584,2.6665256482717776,11.09659481048584,2.6665256482717776,-1.6402108669281006,-2.1093273162841797
-,0,-11.156322479248047,2.7669954064736615,11.156322479248047,2.7669954064736615,-6.567841529846191,-7.4481940269470215
A12,1,-11.029309272766113,2.8348927589360042,11.029309272766113,2.8348927589360042,3.5402963161468506,0.9986617565155029
A17,1,-10.675209045410156,2.792554700867808,10.675209045410156,2.792554700867808,1.3288909196853638,2.187342405319214
A09,1,-10.990370750427246,2.6669623400593947,10.990370750427246,2.6669623400593947,6.191259384155273,8.495123863220215
A08,1,-11.040483474731445,2.817401252779718,11.040483474731445,2.817401252779718,3.0911858081817627,1.9545295238494873
-,0,-11.340726852416992,2.7452592099976325,11.340726852416992,2.7452592099976325,-2.667825937271118,-1.0662920475006104
-,0,-11.264695167541504,2.702640906546507,11.264695167541504,2.702640906546507,-7.536779403686523,-4.295904636383057
A11,1,-10.977057456970215,2.7548817223938746,10.977057456970215,2.7548817223938746,3.128101110458374,3.8237433433532715
-,0,-11.221766471862793,2.7346357373961827,11.221766471862793,2.7346357373961827,-11.07375717163086,-5.944221496582031
A07,1,-9.913679122924805,2.871483248947003,9.913679122924805,2.871483248947003,7.369719505310059,7.182109355926514
-,0,-10.859870910644531,2.867104291853999,10.859870910644531,2.867104291853999,-4.002065658569336,-3.565511703491211
A10,1,-10.532577514648438,2.819574747410604,10.532577514648438,2.819574747410604,5.285881996154785,6.73287296295166
-,0,-11.121874809265137,2.6642228216008297,11.121874809265137,2.6642228216008297,-8.768196105957031,-8.072941780090332
-,0,-10.485615730285645,2.828509996366209,10.485615730285645,2.828509996366209,-2.4820077419281006,-1.3568984270095825
-,0,-10.948827743530273,2.7719523932129513,10.948827743530273,2.7719523932129513,6.0596699714660645,3.5467052459716797
A08,1,-10.873579025268555,2.7571796635926984,10.873579025268555,2.7571796635926984,4.4382781982421875,3.0355348587036133
A17,1,-10.204102516174316,2.8812054375681035,10.204102516174316,2.8812054375681035,-3.2220277786254883,-0.6470175385475159
A13,1,-9.84853744506836,2.6646072093592124,9.84853744506836,2.6646072093592124,7.09698486328125,10.141697883605957
-,0,-10.987916946411133,2.7304619017254406,10.987916946411133,2.7304619017254406,-14.756726264953613,-5.993684768676758
A12,1,-10.831398010253906,2.813809240930761,10.831398010253906,2.813809240930761,5.061581611633301,9.00907039642334
-,0,-10.871541023254395,2.794662142319796,10.871541023254395,2.794662142319796,-10.107081413269043,-3.8458683490753174
A16,1,-10.570392608642578,2.781973873664294,10.570392608642578,2.781973873664294,8.486408233642578,3.43790602684021
-,0,-10.715985298156738,2.7870644971891805,10.715985298156738,2.7870644971891805,-4.813722133636475,-1.9208831787109375
-,0,-10.856134414672852,2.858074233598561,10.856134414672852,2.858074233598561,-2.994771718978882,-1.9647891521453857
-,0,-10.976804733276367,2.8475922949987686,10.976804733276367,2.8475922949987686,-6.2573723793029785,-8.194117546081543
A08,1,-10.423510551452637,2.753192137479067,10.423510551452637,2.753192137479067,5.301372051239014,5.927223205566406
A07,1,-10.69770336151123,2.742022186683352,10.69770336151123,2.742022186683352,4.160105228424072,1.5855183601379395
-,0,-10.992828369140625,2.7309400247893016,10.992828369140625,2.7309400247893016,-2.805130958557129,-4.378416538238525
A19,1,-11.155083656311035,2.6683269268897,11.155083656311035,2.6683269268897,2.7779362201690674,0.41297101974487305
A13,1,-10.894559860229492,2.641375244706591,10.894559860229492,2.641375244706591,6.8301897048950195,9.808891296386719
A09,1,-10.795628547668457,2.7956854104856617,10.795628547668457,2.7956854104856617,6.848945617675781,6.362312316894531
-,0,-10.92222785949707,2.775561417485155,10.92222785949707,2.775561417485155,-2.8534762859344482,-2.3657386302948
A08,1,-10.334867477416992,2.770846111324664,10.334867477416992,2.770846111324664,4.27470588684082,5.882811546325684
-,0,-10.968705177307129,2.718852813002006,10.968705177307129,2.718852813002006,-9.457369804382324,-2.109090805053711
A09,1,-11.086304664611816,2.6897766725565027,11.086304664611816,2.6897766725565027,7.160670280456543,9.060185432434082
A19,1,-10.497244834899902,2.8395776990259702,10.497244834899902,2.8395776990259702,4.8343939781188965,3.1757473945617676
A10,1,-10.848685264587402,2.665088042494133,10.848685264587402,2.665088042494133,7.681931495666504,4.993061065673828
-,0,-10.956938743591309,2.6342187270952615,10.956938743591309,2.6342187270952615,-3.219026565551758,-2.5456063747406006
A08,1,-10.300409317016602,2.7945530667902845,10.300409317016602,2.7945530667902845,7.577439308166504,6.181997299194336
A15,1,-11.120569229125977,2.674569485170514,11.120569229125977,2.674569485170514,5.782279014587402,7.216330528259277
-,0,-10.900941848754883,2.8152255005871156,10.900941848754883,2.8152255005871156,-0.5792223215103149,-1.2401094436645508
-,0,-10.981293678283691,2.726215826807466,10.981293678283691,2.726215826807466,-7.506439208984375,-7.370594024658203
-,0,-10.944560050964355,2.7556986897566835,10.944560050964355,2.7556986897566835,-6.191500663757324,-1.7142345905303955
-,0,-11.210126876831055,2.7097424216724018,11.210126876831055,2.7097424216724018,-7.683669090270996,-5.538348197937012
A17,1,-10.424764633178711,2.7441238419413967,10.424764633178711,2.7441238419413967,5.521364212036133,-1.0747835636138916
-,0,-10.579277992248535,2.78732091125343,10.579277992248535,2.78732091125343,-4.753678798675537,-2.3624651432037354
-,0,-10.722593307495117,2.688103242253674,10.722593307495117,2.688103242253674,-4.969501972198486,-0.998591423034668
-,0,-11.502877235412598,2.7965272589115995,11.502877235412598,2.7965272589115995,-0.741221010684967,-4.172851085662842
A14,1,-10.449019432067871,2.81175526964334,10.449019432067871,2.81175526964334,1.0116854906082153,5.999067306518555
A15,1,-11.036537170410156,2.778524891987958,11.036537170410156,2.778524891987958,0.14942622184753418,5.210214614868164
A17,1,-11.113093376159668,2.763483123147461,11.113093376159668,2.763483123147461,6.265529632568359,5.62200927734375
-,0,-10.244462966918945,2.85483859183549,10.244462966918945,2.85483859183549,-5.216071128845215,0.2785833775997162
-,0,-10.807912826538086,2.7772806994741197,10.807912826538086,2.7772806994741197,-4.044033527374268,-3.9067301750183105
A15,1,-11.064541816711426,2.6328778412526996,11.064541816711426,2.6328778412526996,1.949081540107727,4.408761024475098
A12,1,-11.073501586914062,2.6221911352066787,11.073501586914062,2.6221911352066787,5.105842590332031,4.26558780670166
-,0,-10.88829517364502,2.8006826736907042,10.88829517364502,2.8006826736907042,-2.4635612964630127,-0.6555979251861572
A15,1,-10.752082824707031,2.6580899913802423,10.752082824707031,2.6580899913802423,3.0817573070526123,7.443587303161621
A08,1,-11.03200912475586,2.9322198796000767,11.03200912475586,2.9322198796000767,4.286237716674805,6.503044605255127
-,0,-10.752691268920898,2.740907758952258,10.752691268920898,2.740907758952258,-7.611860275268555,-5.676741123199463
A11,1,-10.46156120300293,2.7567119522553596,10.46156120300293,2.7567119522553596,0.8591399788856506,4.820663928985596
A07,1,-10.739669799804688,2.741989646210655,10.739669799804688,2.741989646210655,0.5991302132606506,7.327706336975098
-,0,-10.747659683227539,2.832034983851651,10.747659683227539,2.832034983851651,-5.305927276611328,-2.23490309715271
A11,1,-10.70976734161377,2.5989968382463866,10.70976734161377,2.5989968382463866,5.097795486450195,7.358964443206787
-,0,-10.915643692016602,2.7956217442197233,10.915643692016602,2.7956217442197233,1.4537688493728638,-1.5498456954956055
-,0,-11.063136100769043,2.7395968530259833,11.063136100769043,2.7395968530259833,-3.152527332305908,-0.7265151739120483
A09,1,-10.41483211517334,2.6145088733634516,10.41483211517334,2.6145088733634516,7.0040082931518555,5.270671367645264
A09,1,-10.741519927978516,2.5733404867178833,10.741519927978516,2.5733404867178833,3.64572811126709,5.5194315910339355
A13,1,-9.697691917419434,2.7905443790095106,9.697691917419434,2.7905443790095106,7.552375316619873,7.9533796310424805
A09,1,-10.481782913208008,2.6671382701397133,10.481782913208008,2.6671382701397133,0.3322503864765167,6.959143161773682
A12,1,-9.923258781433105,2.772025205825066,9.923258781433105,2.772025205825066,3.8560988903045654,5.286223888397217
A13,1,-10.193012237548828,2.737360026433766,10.193012237548828,2.737360026433766,9.167802810668945,11.173431396484375
A15,1,-10.745051383972168,2.836880713397121,10.745051383972168,2.836880713397121,3.1002795696258545,7.367238998413086
A18,1,-11.282182693481445,2.799084662651922,11.282182693481445,2.799084662651922,1.684339165687561,-0.8001793622970581
A17,1,-10.636284828186035,2.819620814071795,10.636284828186035,2.819620814071795,5.3266167640686035,6.774840354919434
A13,1,-9.031497955322266,2.703609547260766,9.031497955322266,2.703609547260766,7.817657470703125,9.078851699829102
A11,1,-10.581197738647461,2.7196658746918954,10.581197738647461,2.7196658746918954,4.373244285583496,6.955207824707031
A17,1,-10.25982666015625,2.820406831046004,10.25982666015625,2.820406831046004,5.555001258850098,4.801642417907715
-,0,-10.947220802307129,2.9220197264079926,10.947220802307129,2.9220197264079926,-0.6732375025749207,-3.974250555038452
A13,1,-10.933011054992676,2.779051663938159,10.933011054992676,2.779051663938159,8.281767845153809,10.151235580444336
A13,1,-10.397427558898926,2.724812524247048,10.397427558898926,2.724812524247048,6.693676948547363,9.428428649902344
A16,1,-10.561524391174316,2.7874426658394342,10.561524391174316,2.7874426658394342,7.978296279907227,9.624076843261719
-,0,-11.108806610107422,2.839164963909877,11.108806610107422,2.839164963909877,-10.204163551330566,-8.92349624633789
-,0,-11.027645111083984,2.822915871899411,11.027645111083984,2.822915871899411,-10.766976356506348,-6.175938606262207
-,0,-11.197535514831543,2.8390911790844435,11.197535514831543,2.8390911790844435,-5.924195289611816,-4.057340621948242
-,0,-11.122170448303223,2.7837957848012396,11.122170448303223,2.7837957848012396,-6.341386795043945,-3.723689317703247
-,0,-11.109987258911133,2.7333070172942033,11.109987258911133,2.7333070172942033,-6.782950401306152,-3.593463182449341
-,0,-10.96597957611084,2.8692588334925273,10.96597957611084,2.8692588334925273,-4.3437886238098145,-2.2409610748291016
A16,1,-10.781511306762695,2.552282034682857,10.781511306762695,2.552282034682857,4.759796142578125,9.822141647338867
A18,1,-10.753928184509277,2.748478706879795,10.753928184509277,2.748478706879795,5.1502790451049805,8.364530563354492
A08,1,-10.963720321655273,2.718148942696117,10.963720321655273,2.718148942696117,4.116558074951172,8.240240097045898
A13,1,-10.865006446838379,2.8752111599191323,10.865006446838379,2.8752111599191323,7.7170729637146,9.743358612060547
A16,1,-10.871233940124512,2.665076197380276,10.871233940124512,2.665076197380276,7.238090515136719,7.417458534240723
A19,1,-11.1103515625,2.821625989610737,11.1103515625,2.821625989610737,3.705650568008423,1.7390353679656982
-,0,-10.476271629333496,2.7685041172401488,10.476271629333496,2.7685041172401488,-5.102931022644043,-1.3325170278549194
A10,1,-10.777134895324707,2.8221456609454347,10.777134895324707,2.8221456609454347,3.1316215991973877,-0.5240095853805542
A13,1,-11.061261177062988,2.844246357058744,11.061261177062988,2.844246357058744,7.071179389953613,6.7101311683654785
-,0,-10.859625816345215,2.76312013373623,10.859625816345215,2.76312013373623,-16.44403839111328,-4.410569190979004
-,0,-11.337772369384766,2.8013922778912073,11.337772369384766,2.8013922778912073,-8.207390785217285,-7.609906196594238
A13,1,-11.012399673461914,2.8776152689246652,11.012399673461914,2.8776152689246652,5.828958511352539,6.112287521362305
-,0,-11.070249557495117,2.8270973797128875,11.070249557495117,2.8270973797128875,-7.651171684265137,-4.49921178817749
A12,1,-11.271309852600098,2.689586573524955,11.271309852600098,2.689586573524955,6.026242256164551,7.2622551918029785
A19,1,-11.212760925292969,2.840154198009756,11.212760925292969,2.840154198009756,1.461227297782898,-0.7023483514785767
A10,1,-10.846640586853027,2.8828989958518907,10.846640586853027,2.8828989958518907,1.186550259590149,6.252222061157227
A08,1,-10.710958480834961,2.8459339861924566,10.710958480834961,2.8459339861924566,5.480791091918945,7.136727333068848
-,0,-11.090229034423828,2.681589308678275,11.090229034423828,2.681589308678275,-1.9764513969421387,-1.6655032634735107
A08,1,-10.653827667236328,2.8125641749077483,10.653827667236328,2.8125641749077483,6.777390956878662,4.428191184997559
A09,1,-10.524823188781738,2.7825046508603837,10.524823188781738,2.7825046508603837,5.838542461395264,7.113454818725586
-,0,-11.32564926147461,2.7181480268107183,11.32564926147461,2.7181480268107183,-8.810208320617676,-5.847167015075684
A15,1,-10.626214981079102,2.791388466610977,10.626214981079102,2.791388466610977,-4.068803787231445,3.1702113151550293
A16,1,-10.820391654968262,2.7768048470514435,10.820391654968262,2.7768048470514435,4.442812442779541,4.270273685455322
-,0,-10.960640907287598,2.860955771706882,10.960640907287598,2.860955771706882,-7.810909271240234,-2.687366485595703
A12,1,-10.523368835449219,2.8220651292845917,10.523368835449219,2.8220651292845917,3.1704766750335693,5.060693740844727
A17,1,-10.219931602478027,2.868375739446971,10.219931602478027,2.868375739446971,4.853109359741211,3.941417694091797
A11,1,-10.85008430480957,2.7436180326169266,10.85008430480957,2.7436180326169266,1.759863018989563,5.029633522033691
A12,1,-10.730209350585938,2.6471545579260263,10.730209350585938,2.6471545579260263,6.0930280685424805,7.634060859680176
A07,1,-10.877232551574707,2.872110323211585,10.877232551574707,2.872110323211585,4.615634918212891,4.041134834289551
-,0,-10.588741302490234,2.7023199558457964,10.588741302490234,2.7023199558457964,-4.761760711669922,-4.317834854125977
A16,1,-11.10660171508789,2.7374438734085094,11.10660171508789,2.7374438734085094,-0.36830320954322815,-1.4457638263702393
-,0,-11.085067749023438,2.7814872414942906,11.085067749023438,2.7814872414942906,-5.039859294891357,-6.122288703918457
-,0,-10.968806266784668,2.826601823550752,10.968806266784668,2.826601823550752,-13.910978317260742,-4.624026775360107
A09,1,-11.074054718017578,2.7288278659558554,11.074054718017578,2.7288278659558554,5.430344581604004,6.84245491027832
-,0,-10.237846374511719,2.749215783277272,10.237846374511719,2.749215783277272,-6.35028600692749,-3.123322010040283
A10,1,-10.731647491455078,2.7655718342718165,10.731647491455078,2.7655718342718165,-5.056829929351807,1.1339359283447266
-,0,-11.101754188537598,2.847040836917711,11.101754188537598,2.847040836917711,-7.627781867980957,-6.748453617095947
A07,1,-11.287341117858887,2.6926931352104373,11.287341117858887,2.6926931352104373,6.984934329986572,7.938342571258545
-,0,-10.816472053527832,2.7932989882876402,10.816472053527832,2.7932989882876402,-5.395559787750244,-0.486223965883255
A17,1,-11.254138946533203,2.7737540653075916,11.254138946533203,2.7737540653075916,5.332542896270752,2.0107574462890625
-,0,-10.343986511230469,2.8932280771592227,10.343986511230469,2.8932280771592227,-3.414644956588745,-5.612277984619141
-,0,-10.72803020477295,2.8352302355166947,10.72803020477295,2.8352302355166947,-4.0299973487854,-2.358980894088745
A15,1,-10.686890602111816,2.7616935982932524,10.686890602111816,2.7616935982932524,4.593075752258301,7.198980331420898
-,0,-10.720952987670898,2.7656105738516503,10.720952987670898,2.7656105738516503,-4.132435321807861,2.6125566959381104
A16,1,-11.000014305114746,2.7166047271983533,11.000014305114746,2.7166047271983533,-2.0622313022613525,-0.12122192978858948
A07,1,-10.38551139831543,2.658119749675733,10.38551139831543,2.658119749675733,9.723772048950195,6.7041826248168945
-,0,-11.155811309814453,2.705883767431655,11.155811309814453,2.705883767431655,-9.472512245178223,-7.8800272941589355
A19,1,-10.85132122039795,2.8846375563559725,10.85132122039795,2.8846375563559725,0.97648024559021,3.8406872749328613
-,0,-10.931676864624023,2.8128723852542805,10.931676864624023,2.8128723852542805,-9.859208106994629,-6.515023708343506
-,0,-10.553447723388672,2.7476987973353806,10.553447723388672,2.7476987973353806,1.147568702697754,-0.7940746545791626
-,0,-11.23100471496582,2.7493399122325575,11.23100471496582,2.7493399122325575,-4.888471603393555,-7.421809196472168
-,0,-10.534090042114258,2.7648967964695155,10.534090042114258,2.7648967964695155,-6.974699974060059,-0.9455275535583496
-,0,-11.022534370422363,2.869076437442296,11.022534370422363,2.869076437442296,-4.6472320556640625,-1.614457130432129
A11,1,-10.870522499084473,2.6376529284620545,10.870522499084473,2.6376529284620545,0.4714062511920929,2.044391393661499
A13,1,-10.646711349487305,2.718879557788646,10.646711349487305,2.718879557788646,8.35200023651123,9.439168930053711
A07,1,-10.49541187286377,2.696424180212449,10.49541187286377,2.696424180212449,3.250905752182007,3.1556482315063477
A15,1,-10.71800708770752,2.7628386796405695,10.71800708770752,2.7628386796405695,1.3263723850250244,5.032827854156494
A16,1,-11.07119369506836,2.7444755364079456,11.07119369506836,2.7444755364079456,3.229865550994873,3.1802358627319336
-,0,-11.1282377243042,2.7866694191824464,11.1282377243042,2.7866694191824464,-4.002718925476074,-1.920180082321167
-,0,-11.057245254516602,2.7363178456469344,11.057245254516602,2.7363178456469344,-7.897175312042236,-6.246187686920166
A07,1,-9.99600887298584,2.706636000594908,9.99600887298584,2.706636000594908,7.099762439727783,5.175100326538086
A09,1,-10.462067604064941,2.903537668768528,10.462067604064941,2.903537668768528,7.697781562805176,9.187363624572754
A15,1,-11.07198429107666,2.787425026032526,11.07198429107666,2.787425026032526,-4.20225715637207,4.433528423309326
-,0,-11.264025688171387,2.6929539492265007,11.264025688171387,2.6929539492265007,-3.9373137950897217,-1.0290886163711548
A08,1,-10.750898361206055,2.78991675879745,10.750898361206055,2.78991675879745,4.962432861328125,4.457806587219238
A19,1,-10.977856636047363,2.8844088898527676,10.977856636047363,2.8844088898527676,-3.578812837600708,-1.5188724994659424
-,0,-11.320589065551758,2.788746575613596,11.320589065551758,2.788746575613596,-12.454819679260254,-6.803190231323242
A17,1,-10.845404624938965,2.737251097928774,10.845404624938965,2.737251097928774,2.108642339706421,5.757728576660156
A17,1,-11.437074661254883,2.4690404905491548,11.437074661254883,2.4690404905491548,6.98539924621582,7.549459457397461
-,0,-10.670284271240234,2.8063376956209116,10.670284271240234,2.8063376956209116,-6.252533912658691,-8.144804954528809
-,0,-10.627614974975586,2.7358019252499877,10.627614974975586,2.7358019252499877,-6.626021862030029,-4.629159927368164
A07,1,-11.27873706817627,2.6540968791474273,11.27873706817627,2.6540968791474273,2.4262866973876953,1.4538154602050781
-,0,-10.649999618530273,2.8394848953652114,10.649999618530273,2.8394848953652114,-9.904865264892578,-2.601177215576172
-,0,-10.452171325683594,2.8587997180057374,10.452171325683594,2.8587997180057374,-3.6809544563293457,-0.864898145198822
-,0,-11.277892112731934,2.705502318966891,11.277892112731934,2.705502318966891,-4.104058265686035,-5.273848533630371
-,0,-10.60635757446289,2.8020383265100035,10.60635757446289,2.8020383265100035,-3.7966816425323486,-1.9726183414459229
-,0,-11.12841796875,2.7996409925669425,11.12841796875,2.7996409925669425,-6.012925148010254,-2.7501888275146484
A08,1,-10.507946014404297,2.758793007610697,10.507946014404297,2.758793007610697,1.947914719581604,5.935731887817383
A15,1,-10.823387145996094,2.719932622745095,10.823387145996094,2.719932622745095,-0.12044159322977066,7.52758264541626
A12,1,-10.719010353088379,2.7175964059477242,10.719010353088379,2.7175964059477242,6.369549751281738,8.747746467590332
A15,1,-10.936936378479004,2.780630659582062,10.936936378479004,2.780630659582062,0.09805223345756531,3.2382731437683105
A15,1,-11.259062767028809,2.798162941123746,11.259062767028809,2.798162941123746,4.283076286315918,0.8381016254425049
-,0,-11.217364311218262,2.766783787605162,11.217364311218262,2.766783787605162,-9.057085990905762,-5.498080730438232
-,0,-10.718252182006836,2.7154787919653383,10.718252182006836,2.7154787919653383,-3.211949110031128,-1.7841200828552246
A10,1,-9.870641708374023,2.5756262204501024,9.870641708374023,2.5756262204501024,7.048223972320557,6.900567054748535
A11,1,-10.117794036865234,2.779326677031414,10.117794036865234,2.779326677031414,4.009301662445068,8.127431869506836
A07,1,-11.119758605957031,2.8249689973670393,11.119758605957031,2.8249689973670393,5.862031936645508,8.30295181274414
-,0,-10.793116569519043,2.8530510674925913,10.793116569519043,2.8530510674925913,-5.119012355804443,-6.89241361618042
-,0,-11.082557678222656,2.855413660383776,11.082557678222656,2.855413660383776,-10.499314308166504,-4.529470920562744
-,0,-11.324252128601074,2.7292230432994806,11.324252128601074,2.7292230432994806,-9.29732608795166,-5.217955589294434
-,0,-10.870826721191406,2.66260599670949,10.870826721191406,2.66260599670949,-7.984667778015137,-6.266277313232422
A18,1,-11.073540687561035,2.715546389031622,11.073540687561035,2.715546389031622,0.6088190674781799,1.168827772140503
-,0,-10.516923904418945,2.624931318864908,10.516923904418945,2.624931318864908,-5.739876747131348,-1.3588285446166992
-,0,-10.902108192443848,2.83706460992127,10.902108192443848,2.83706460992127,-8.818256378173828,-5.346054553985596
-,0,-10.326461791992188,2.7412843561396674,10.326461791992188,2.7412843561396674,-9.578217506408691,-8.605552673339844
-,0,-10.556856155395508,2.695013467148714,10.556856155395508,2.695013467148714,-2.830021619796753,-1.0330437421798706
-,0,-10.648157119750977,2.8757417875793756,10.648157119750977,2.8757417875793756,2.0721819400787354,2.185023307800293
A07,1,-10.619791030883789,2.7485800020140623,10.619791030883789,2.7485800020140623,6.427152156829834,6.761123180389404
A16,1,-9.57642650604248,2.7097183655053305,9.57642650604248,2.7097183655053305,6.738124370574951,7.850930213928223
-,0,-11.127937316894531,2.757322870455547,11.127937316894531,2.757322870455547,-4.289831638336182,-1.5491303205490112
A13,1,-10.308531761169434,2.80241676445482,10.308531761169434,2.80241676445482,5.3089985847473145,9.206303596496582
A16,1,-11.132691383361816,2.7043730757890523,11.132691383361816,2.7043730757890523,6.26146125793457,4.0039472579956055
A13,1,-10.609697341918945,2.757274506342134,10.609697341918945,2.757274506342134,9.152507781982422,10.994778633117676
A17,1,-10.647727966308594,2.7781033862118165,10.647727966308594,2.7781033862118165,4.8911919593811035,5.319919586181641
A10,1,-11.055106163024902,2.6654897537586213,11.055106163024902,2.6654897537586213,0.17386722564697266,-0.6133948564529419
-,0,-10.849752426147461,2.7960497827055164,10.849752426147461,2.7960497827055164,-6.345455169677734,-7.015312194824219
-,0,-10.793937683105469,2.828776948396113,10.793937683105469,2.828776948396113,-7.99226188659668,-3.0836148262023926
-,0,-10.313858985900879,2.8629612279962022,10.313858985900879,2.8629612279962022,1.824615716934204,-0.38018298149108887
-,0,-10.688265800476074,2.7472986022753676,10.688265800476074,2.7472986022753676,-5.027560234069824,-8.89687728881836
-,0,-11.010843276977539,2.7471679325426757,11.010843276977539,2.7471679325426757,-8.197731018066406,-4.181084632873535
-,0,-11.240694046020508,2.6787728075623893,11.240694046020508,2.6787728075623893,-5.859626770019531,-4.408095359802246
-,0,-10.031362533569336,2.8620597681064597,10.031362533569336,2.8620597681064597,-0.20808464288711548,-1.6008325815200806
A09,1,-11.136412620544434,2.7831482416868023,11.136412620544434,2.7831482416868023,4.975694179534912,6.830790042877197
A14,1,-11.16959285736084,2.791018378228494,11.16959285736084,2.791018378228494,3.7438132762908936,3.246425151824951
-,0,-10.899882316589355,2.8358993697626613,10.899882316589355,2.8358993697626613,-0.7655557990074158,1.0988268852233887
-,0,-10.872017860412598,2.8999651167266243,10.872017860412598,2.8999651167266243,-2.41424560546875,-0.527378499507904
-,0,-11.252467155456543,2.6271754499574507,11.252467155456543,2.6271754499574507,-9.330645561218262,-6.1681623458862305
A16,1,-10.792675018310547,2.6660938674450962,10.792675018310547,2.6660938674450962,7.268148899078369,4.428369522094727
-,0,-10.987459182739258,2.8269535167174125,10.987459182739258,2.8269535167174125,-2.0438058376312256,-4.586388111114502
-,0,-9.964715003967285,2.818234352530537,9.964715003967285,2.818234352530537,0.9818484783172607,-0.6495490074157715
A08,1,-10.601811408996582,2.830105189176243,10.601811408996582,2.830105189176243,6.816295623779297,6.419819355010986
A17,1,-11.35971736907959,2.696337656275476,11.35971736907959,2.696337656275476,4.435579299926758,6.434177875518799
-,0,-10.396443367004395,2.7869081033871823,10.396443367004395,2.7869081033871823,-3.7158560752868652,-4.165777206420898
-,0,-10.343558311462402,2.8686674943603006,10.343558311462402,2.8686674943603006,-3.092909336090088,-0.9572022557258606
-,0,-11.231755256652832,2.8251938970169754,11.231755256652832,2.8251938970169754,0.9884213805198669,0.7101536989212036
-,0,-11.059839248657227,2.819953670694452,11.059839248657227,2.819953670694452,-5.1440935134887695,-4.059345245361328
-,0,-10.756719589233398,2.7710122778129165,10.756719589233398,2.7710122778129165,-11.673850059509277,-3.335409641265869
-,0,-10.914648056030273,2.779016196761063,10.914648056030273,2.779016196761063,-6.731315612792969,-3.559736728668213
-,0,-10.960247993469238,2.8228149595244187,10.960247993469238,2.8228149595244187,-3.5513203144073486,-7.701798439025879
A13,1,-11.269548416137695,2.8279770542167153,11.269548416137695,2.8279770542167153,6.806774139404297,6.255014419555664
A09,1,-11.08999252319336,2.7202424479309255,11.08999252319336,2.7202424479309255,6.89888858795166,7.242656707763672
-,0,-10.989069938659668,2.7943767045782457,10.989069938659668,2.7943767045782457,-10.718592643737793,-4.7906622886657715
A09,1,-11.075759887695312,2.704684786316592,11.075759887695312,2.704684786316592,5.269330978393555,6.65574836730957
-,0,-10.751625061035156,2.7903354335040236,10.751625061035156,2.7903354335040236,-8.386343955993652,-5.077960968017578
A09,1,-10.744473457336426,2.737030307679587,10.744473457336426,2.737030307679587,7.266447067260742,7.614914894104004
-,0,-11.02017879486084,2.7743835879719705,11.02017879486084,2.7743835879719705,-6.999130725860596,-3.129795789718628
A12,1,-8.409540176391602,2.8270568570858714,8.409540176391602,2.8270568570858714,6.510608196258545,9.22964096069336
A15,1,-10.924423217773438,2.6430371136209763,10.924423217773438,2.6430371136209763,-1.8186107873916626,-0.32250678539276123
-,0,-11.194931983947754,2.7502785798658516,11.194931983947754,2.7502785798658516,-4.162559509277344,-1.0329171419143677
A17,1,-11.31001091003418,2.682862145475679,11.31001091003418,2.682862145475679,6.352631092071533,5.7768402099609375
-,0,-10.917157173156738,2.7821944035092656,10.917157173156738,2.7821944035092656,-0.6753502488136292,-1.1790893077850342
-,0,-11.090675354003906,2.831257433811172,11.090675354003906,2.831257433811172,-4.025448322296143,-4.406400203704834
A10,1,-10.821329116821289,2.7629977707125235,10.821329116821289,2.7629977707125235,-1.232531189918518,1.6359108686447144
A16,1,-10.967363357543945,2.748097266521346,10.967363357543945,2.748097266521346,-1.234571933746338,2.545247793197632
A19,1,-11.033468246459961,2.6258836720680097,11.033468246459961,2.6258836720680097,-5.377594947814941,-0.8629453182220459
-,0,-11.190001487731934,2.7776345048014077,11.190001487731934,2.7776345048014077,-3.5700862407684326,-7.476572513580322
A13,1,-10.774989128112793,2.8066191110212277,10.774989128112793,2.8066191110212277,8.106409072875977,11.427538871765137
A17,1,-10.7379789352417,2.761469466352674,10.7379789352417,2.761469466352674,3.9737627506256104,3.004793643951416
A15,1,-11.105886459350586,2.801849081316725,11.105886459350586,2.801849081316725,2.6426875591278076,7.223917007446289
-,0,-10.63119125366211,2.7596928512268253,10.63119125366211,2.7596928512268253,-6.342480659484863,-5.324931621551514
A13,1,-10.672161102294922,2.76076111242448,10.672161102294922,2.76076111242448,7.334898471832275,11.304831504821777
-,0,-10.44726848602295,2.866710551733924,10.44726848602295,2.866710551733924,-3.1869826316833496,0.36921796202659607
A10,1,-10.257718086242676,2.7794757985919913,10.257718086242676,2.7794757985919913,7.503031253814697,8.30667781829834
A14,1,-10.759133338928223,2.720718316083528,10.759133338928223,2.720718316083528,-1.0340672731399536,4.662287712097168
-,0,-10.711042404174805,2.8609669230781853,10.711042404174805,2.8609669230781853,-4.276444435119629,-4.62422513961792
A07,1,-9.37869644165039,2.550091216270192,9.37869644165039,2.550091216270192,4.324565887451172,3.1861960887908936
A19,1,-10.574091911315918,2.7645369435069664,10.574091911315918,2.7645369435069664,-0.4479371905326843,3.346877336502075
-,0,-11.31821060180664,2.7720984635863735,11.31821060180664,2.7720984635863735,-4.355315208435059,-1.411759376525879
A17,1,-10.923286437988281,2.723184275627835,10.923286437988281,2.723184275627835,4.482097148895264,7.285890102386475
-,0,-11.153529167175293,2.7625983931548377,11.153529167175293,2.7625983931548377,-4.679778099060059,-4.512532711029053
A18,1,-10.50460433959961,2.7586652981549227,10.50460433959961,2.7586652981549227,6.048600196838379,2.464881658554077
A18,1,-10.942737579345703,2.6947559272754957,10.942737579345703,2.6947559272754957,-1.0178571939468384,3.104482889175415
A14,1,-10.480320930480957,2.7351041773542613,10.480320930480957,2.7351041773542613,0.19463050365447998,5.270845413208008
-,0,-10.598450660705566,2.836354936957283,10.598450660705566,2.836354936957283,-3.3671605587005615,-3.66282057762146
-,0,-11.149681091308594,2.673446856186735,11.149681091308594,2.673446856186735,-12.87317943572998,-8.929927825927734
A09,1,-10.867504119873047,2.7631153952096508,10.867504119873047,2.7631153952096508,4.823833465576172,6.029763221740723
-,0,-10.817545890808105,2.655004273158924,10.817545890808105,2.655004273158924,-2.0995328426361084,-2.0292704105377197
-,0,-11.038002967834473,2.777253286737217,11.038002967834473,2.777253286737217,-0.05046055465936661,-2.6661462783813477
A08,1,-10.529857635498047,2.70049611171818,10.529857635498047,2.70049611171818,5.641030311584473,4.852312088012695
-,0,-10.771687507629395,2.8273754362492913,10.771687507629395,2.8273754362492913,-5.984235763549805,-1.2364864349365234
A11,1,-10.709517478942871,2.6401795815679723,10.709517478942871,2.6401795815679723,-1.2073181867599487,4.958475112915039
-,0,-11.167250633239746,2.739240725057696,11.167250633239746,2.739240725057696,-10.717267036437988,-4.646322250366211
A19,1,-10.896437644958496,2.7198876140065478,10.896437644958496,2.7198876140065478,1.7723877429962158,3.374840259552002
A09,1,-10.646561622619629,2.6361125144972757,10.646561622619629,2.6361125144972757,5.861841201782227,8.177864074707031
A13,1,-10.703910827636719,2.7466123757573007,10.703910827636719,2.7466123757573007,7.744430065155029,4.395730018615723
-,0,-10.457592010498047,2.7752661781153307,10.457592010498047,2.7752661781153307,-3.944287061691284,-1.9740238189697266
-,0,-11.093562126159668,2.794601430853567,11.093562126159668,2.794601430853567,-12.172250747680664,-7.875186920166016
A15,1,-11.143891334533691,2.81511593980704,11.143891334533691,2.81511593980704,5.360692977905273,8.614727020263672
-,0,-10.329121589660645,2.777565469181853,10.329121589660645,2.777565469181853,-3.856187105178833,-0.8182797431945801
-,0,-11.067742347717285,2.759509392390181,11.067742347717285,2.759509392390181,-6.05607795715332,-1.7768332958221436
-,0,-10.991969108581543,2.876466957983133,10.991969108581543,2.876466957983133,-0.8516750931739807,-0.6713324189186096
A08,1,-10.981903076171875,2.776689270220585,10.981903076171875,2.776689270220585,5.927678108215332,5.05787992477417
-,0,-10.951767921447754,2.8373033867000377,10.951767921447754,2.8373033867000377,-2.714470863342285,-3.252180337905884
A17,1,-11.147371292114258,2.7656249399392503,11.147371292114258,2.7656249399392503,0.7436055541038513,4.684149742126465
A08,1,-11.049954414367676,2.750530807642882,11.049954414367676,2.750530807642882,9.028867721557617,9.357977867126465
A11,1,-10.646400451660156,2.7750976082749985,10.646400451660156,2.7750976082749985,-3.166144609451294,5.902443885803223
-,0,-11.399116516113281,2.7861001078412175,11.399116516113281,2.7861001078412175,-6.628647327423096,-4.1870927810668945
A18,1,-11.178486824035645,2.7144674558233906,11.178486824035645,2.7144674558233906,5.308636665344238,3.9405345916748047
-,0,-10.746591567993164,2.7756894179861886,10.746591567993164,2.7756894179861886,-9.24660587310791,-0.7836620807647705
-,0,-11.2124605178833,2.709539347875144,11.2124605178833,2.709539347875144,-4.352189064025879,-1.9020177125930786
-,0,-10.335413932800293,2.841767202752918,10.335413932800293,2.841767202752918,-11.7158784866333,-7.35392951965332
-,0,-11.38257884979248,2.7982652078565393,11.38257884979248,2.7982652078565393,-10.210902214050293,-8.063084602355957
A15,1,-10.669578552246094,2.6777880811101666,10.669578552246094,2.6777880811101666,0.5837255716323853,8.009010314941406
-,0,-11.17526912689209,2.769750300118808,11.17526912689209,2.769750300118808,-5.466273307800293,-6.3912553787231445
A13,1,-8.294272422790527,2.7770467140606514,8.294272422790527,2.7770467140606514,7.21889066696167,11.493646621704102
-,0,-10.858848571777344,2.776646924832802,10.858848571777344,2.776646924832802,-5.451220989227295,-3.2262415885925293
A14,1,-10.989578247070312,2.8263876327026787,10.989578247070312,2.8263876327026787,6.715384483337402,9.844278335571289
A10,1,-10.442051887512207,2.790889507638902,10.442051887512207,2.790889507638902,5.945706367492676,6.178775310516357
-,0,-10.957984924316406,2.64870846958369,10.957984924316406,2.64870846958369,-8.833379745483398,-9.08175277709961
-,0,-10.825751304626465,2.764285488945292,10.825751304626465,2.764285488945292,-12.474706649780273,-8.069903373718262
A18,1,-10.93738842010498,2.7965659817331425,10.93738842010498,2.7965659817331425,3.2830681800842285,3.521963357925415
A07,1,-10.39930534362793,2.8039956867006515,10.39930534362793,2.8039956867006515,-1.9091817140579224,4.605421543121338
-,0,-10.496543884277344,2.800243242193913,10.496543884277344,2.800243242193913,-6.556403636932373,-4.508035659790039
A09,1,-10.769634246826172,2.783750906346455,10.769634246826172,2.783750906346455,4.354165554046631,6.910684585571289
A13,1,-10.686174392700195,2.7658628160385184,10.686174392700195,2.7658628160385184,5.140624046325684,8.688699722290039
A19,1,-10.576910018920898,2.7449793134052984,10.576910018920898,2.7449793134052984,1.973120093345642,7.19032096862793
-,0,-10.25815486907959,2.7091628099508154,10.25815486907959,2.7091628099508154,-4.070269584655762,-2.6111321449279785
A07,1,-10.703709602355957,2.802924999647415,10.703709602355957,2.802924999647415,3.9266350269317627,2.693728446960449
A10,1,-10.649405479431152,2.824956109789259,10.649405479431152,2.824956109789259,6.67349100112915,6.30112886428833
A11,1,-10.89258861541748,2.668243560476156,10.89258861541748,2.668243560476156,-2.8208022117614746,2.8705968856811523
A19,1,-10.597809791564941,2.7601460141904743,10.597809791564941,2.7601460141904743,3.6571507453918457,0.7516264319419861
A18,1,-11.190502166748047,2.756483539301937,11.190502166748047,2.756483539301937,2.0001578330993652,1.7039498090744019
-,0,-10.498510360717773,2.88684901740529,10.498510360717773,2.88684901740529,-8.71776294708252,-2.2791318893432617
A12,1,-8.729382514953613,2.8016915927848487,8.729382514953613,2.8016915927848487,6.42586612701416,7.90485143661499
A12,1,-10.615134239196777,2.5954337998493275,10.615134239196777,2.5954337998493275,7.302944183349609,10.267890930175781
-,0,-11.102356910705566,2.794722584376992,11.102356910705566,2.794722584376992,-8.124990463256836,-1.7612576484680176
-,0,-10.819446563720703,2.749645473867946,10.819446563720703,2.749645473867946,-7.299587249755859,-8.80420970916748
-,0,-11.241747856140137,2.792737697638345,11.241747856140137,2.792737697638345,-8.781546592712402,-6.8066301345825195
A15,1,-10.74540901184082,2.6157545404309706,10.74540901184082,2.6157545404309706,-2.067124128341675,3.7661662101745605
A07,1,-11.02414608001709,2.8095780011356135,11.02414608001709,2.8095780011356135,8.223833084106445,9.090442657470703
A07,1,-10.57174015045166,2.745537542847702,10.57174015045166,2.745537542847702,6.369556903839111,8.593609809875488
A17,1,-11.190689086914062,2.78421742824445,11.190689086914062,2.78421742824445,2.7646355628967285,5.140856742858887
A14,1,-11.160833358764648,2.8483984914750247,11.160833358764648,2.8483984914750247,1.0382906198501587,2.3106279373168945
A07,1,-10.321069717407227,2.7216980381602722,10.321069717407227,2.7216980381602722,3.0478079319000244,4.395328044891357
A11,1,-10.771596908569336,2.6632421823963486,10.771596908569336,2.6632421823963486,-1.202734351158142,-0.38917168974876404
-,0,-11.062012672424316,2.641146630374247,11.062012672424316,2.641146630374247,0.7863059639930725,-1.219282627105713
A18,1,-10.888339042663574,2.7424139542427,10.888339042663574,2.7424139542427,4.77976131439209,8.69186019897461
A08,1,-10.979288101196289,2.7422825011652856,10.979288101196289,2.7422825011652856,7.043086051940918,5.373560428619385
A07,1,-10.317008972167969,2.640576404223226,10.317008972167969,2.640576404223226,6.936616897583008,5.962274074554443
A14,1,-11.061266899108887,2.803346455826982,11.061266899108887,2.803346455826982,3.9574921131134033,2.3366451263427734
A16,1,-11.08925724029541,2.7536975782125634,11.08925724029541,2.7536975782125634,5.927577972412109,3.629943370819092
A19,1,-10.965481758117676,2.7086764604325433,10.965481758117676,2.7086764604325433,-4.156610488891602,1.5096837282180786
A18,1,-10.853909492492676,2.7612929088322864,10.853909492492676,2.7612929088322864,4.1068115234375,3.712066650390625
-,0,-11.149109840393066,2.832428507721267,11.149109840393066,2.832428507721267,-11.644939422607422,-4.842263221740723
A10,1,-10.551212310791016,2.724229540200133,10.551212310791016,2.724229540200133,4.658726692199707,3.821164846420288
-,0,-10.893668174743652,2.7683436408739617,10.893668174743652,2.7683436408739617,2.917987585067749,0.507839560508728
-,0,-10.988056182861328,2.61124581466723,10.988056182861328,2.61124581466723,-4.896401882171631,-2.503354787826538
A13,1,-10.239277839660645,2.6334812165103507,10.239277839660645,2.6334812165103507,8.379401206970215,7.553195476531982
A10,1,-8.653932571411133,2.6294833181951898,8.653932571411133,2.6294833181951898,1.2566466331481934,2.516340494155884
-,0,-10.401792526245117,2.821758233812373,10.401792526245117,2.821758233812373,-1.7248817682266235,-4.017655372619629
-,0,-10.846689224243164,2.7287344077321825,10.846689224243164,2.7287344077321825,-6.180044174194336,-1.8830475807189941
A19,1,-11.206292152404785,2.860305883535319,11.206292152404785,2.860305883535319,-0.5453619360923767,-2.029007911682129
A16,1,-9.975653648376465,2.7238384422052366,9.975653648376465,2.7238384422052366,3.759666919708252,5.952918529510498
A11,1,-10.7882080078125,2.7885601706925227,10.7882080078125,2.7885601706925227,-2.4660050868988037,3.6178548336029053
A07,1,-10.59360122680664,2.854398723956283,10.59360122680664,2.854398723956283,3.8880984783172607,5.233979225158691
A16,1,-11.214686393737793,2.7454583766550207,11.214686393737793,2.7454583766550207,5.138242721557617,7.087418079376221
-,0,-11.072279930114746,2.7469501608042095,11.072279930114746,2.7469501608042095,-10.33102798461914,-4.6892805099487305
-,0,-10.70149040222168,2.716292595490174,10.70149040222168,2.716292595490174,-3.369225263595581,-1.1275827884674072
-,0,-10.48122787475586,2.8409588807920065,10.48122787475586,2.8409588807920065,-11.110869407653809,-1.4704041481018066
A15,1,-10.88729476928711,2.87220399723797,10.88729476928711,2.87220399723797,-1.3217148780822754,1.4895474910736084
-,0,-10.066876411437988,2.8043313033430257,10.066876411437988,2.8043313033430257,1.4045878648757935,0.7976303696632385
A11,1,-10.910149574279785,2.7725508966514147,10.910149574279785,2.7725508966514147,3.5265634059906006,7.100747585296631
A14,1,-10.980022430419922,2.729873601895973,10.980022430419922,2.729873601895973,-0.165631502866745,2.0845131874084473
A16,1,-11.07624340057373,2.6722759280251625,11.07624340057373,2.6722759280251625,5.94968318939209,5.593803405761719
-,0,-11.152105331420898,2.8026053987267825,11.152105331420898,2.8026053987267825,-10.01576042175293,-3.945962429046631
-,0,-10.924426078796387,2.7945741069769596,10.924426078796387,2.7945741069769596,-3.326669454574585,-4.341917991638184
A09,1,-10.42478084564209,2.817310134910724,10.42478084564209,2.817310134910724,2.0452802181243896,6.730588912963867
-,0,-11.254983901977539,2.641853158009301,11.254983901977539,2.641853158009301,-3.395048141479492,-2.281985282897949
A11,1,-10.451268196105957,2.842654214988869,10.451268196105957,2.842654214988869,-0.9124957323074341,2.48799204826355
A14,1,-10.864794731140137,2.750711503807474,10.864794731140137,2.750711503807474,-0.8995767831802368,-0.11747590452432632
-,0,-10.609054565429688,2.8166441191529854,10.609054565429688,2.8166441191529854,-8.788346290588379,-4.797987937927246
-,0,-11.103960990905762,2.833168149589964,11.103960990905762,2.833168149589964,-0.2582021951675415,-2.0354361534118652
A16,1,-11.052396774291992,2.7536310903287227,11.052396774291992,2.7536310903287227,7.774285793304443,4.880813121795654
-,0,-10.996577262878418,2.767096535618853,10.996577262878418,2.767096535618853,-5.482837677001953,-7.656059741973877
-,0,-10.874627113342285,2.828639745976175,10.874627113342285,2.828639745976175,-5.72286319732666,-2.412510633468628
-,0,-10.860527992248535,2.797188613587804,10.860527992248535,2.797188613587804,-5.019786357879639,-1.2793309688568115
A13,1,-9.8046236038208,2.6483698228223833,9.8046236038208,2.6483698228223833,8.76619815826416,10.582845687866211
-,0,-10.587798118591309,2.8306367803232977,10.587798118591309,2.8306367803232977,-4.989526748657227,-1.1599271297454834
A16,1,-9.658720970153809,2.6671042660792423,9.658720970153809,2.6671042660792423,6.997818946838379,8.479547500610352
A07,1,-10.861320495605469,2.7338946828083577,10.861320495605469,2.7338946828083577,2.466029405593872,-0.057388998568058014
A18,1,-11.298641204833984,2.722660381506652,11.298641204833984,2.722660381506652,-2.497026205062866,1.883641242980957
A14,1,-10.721275329589844,2.844361281795736,10.721275329589844,2.844361281795736,1.0871708393096924,2.9679148197174072
-,0,-10.868890762329102,2.7714193770470885,10.868890762329102,2.7714193770470885,-0.8113633990287781,1.4381427764892578
A14,1,-11.236751556396484,2.776737712546284,11.236751556396484,2.776737712546284,-2.124509572982788,5.734869003295898
-,0,-11.080537796020508,2.696988475301566,11.080537796020508,2.696988475301566,-4.882577419281006,-2.7489094734191895
A08,1,-10.877052307128906,2.7333794098379336,10.877052307128906,2.7333794098379336,7.999428749084473,8.959561347961426
-,0,-10.810701370239258,2.806105566623697,10.810701370239258,2.806105566623697,-3.018303155899048,0.2476147711277008
A17,1,-8.773198127746582,2.797928240240185,8.773198127746582,2.797928240240185,3.168966054916382,0.7257781624794006
-,0,-10.343018531799316,2.8494341540468975,10.343018531799316,2.8494341540468975,-4.130116939544678,0.6433631181716919
A09,1,-10.808344841003418,2.7664621937891707,10.808344841003418,2.7664621937891707,4.5705718994140625,6.7293853759765625
-,0,-11.285015106201172,2.6345852779298515,11.285015106201172,2.6345852779298515,-4.56117057800293,-6.080408573150635
A16,1,-10.01377010345459,2.7562186060467577,10.01377010345459,2.7562186060467577,3.9416592121124268,5.308087348937988
A16,1,-10.76499080657959,2.7093638340878754,10.76499080657959,2.7093638340878754,6.114938259124756,3.2857236862182617
-,0,-11.004067420959473,2.8357583741353163,11.004067420959473,2.8357583741353163,-2.806079626083374,-0.2299584448337555
A15,1,-10.524670600891113,2.7357779099925956,10.524670600891113,2.7357779099925956,-2.458533525466919,1.173166275024414
-,0,-10.91780948638916,2.705620036978658,10.91780948638916,2.705620036978658,-6.692282199859619,-0.7330166101455688
-,0,-11.027892112731934,2.762639349564491,11.027892112731934,2.762639349564491,-5.345993995666504,-3.697319507598877
A12,1,-10.90429973602295,2.8303897632298733,10.90429973602295,2.8303897632298733,6.428713321685791,5.625685691833496
-,0,-11.195221900939941,2.7737401869043654,11.195221900939941,2.7737401869043654,-7.848969459533691,-3.1004137992858887
-,0,-11.358358383178711,2.780180812011759,11.358358383178711,2.780180812011759,-7.331662178039551,-2.438718557357788
A19,1,-10.400744438171387,2.85821231502549,10.400744438171387,2.85821231502549,3.4736499786376953,0.8074144124984741
A18,1,-10.457940101623535,2.730521332253099,10.457940101623535,2.730521332253099,-0.9177486896514893,0.2524043619632721
A16,1,-10.541747093200684,2.694662794504586,10.541747093200684,2.694662794504586,6.433597087860107,5.616931438446045
-,0,-10.403890609741211,2.8179746899385276,10.403890609741211,2.8179746899385276,5.7866716384887695,1.471951961517334
-,0,-11.36095142364502,2.8622531420725568,11.36095142364502,2.8622531420725568,-8.403078079223633,-7.597002029418945
-,0,-11.251354217529297,2.810047181069908,11.251354217529297,2.810047181069908,-8.824909210205078,-1.1561381816864014
A19,1,-11.103972434997559,2.6751203745195467,11.103972434997559,2.6751203745195467,0.9462598562240601,0.9857072830200195
A08,1,-10.815887451171875,2.7775418262457627,10.815887451171875,2.7775418262457627,2.7391304969787598,2.0475196838378906
A13,1,-10.824316024780273,2.732744798667918,10.824316024780273,2.732744798667918,6.582527160644531,8.673480987548828
A08,1,-10.935935974121094,2.8457072384789353,10.935935974121094,2.8457072384789353,6.288279056549072,4.914326190948486
-,0,-11.136550903320312,2.739956836270904,11.136550903320312,2.739956836270904,-7.143050193786621,-7.343362808227539
-,0,-10.923412322998047,2.8756297334440046,10.923412322998047,2.8756297334440046,-1.5332952737808228,-3.0123441219329834
A15,1,-11.230671882629395,2.8131785012632573,11.230671882629395,2.8131785012632573,-1.0484849214553833,1.74098539352417
-,0,-10.7330904006958,2.8067301616352207,10.7330904006958,2.8067301616352207,-2.8263590335845947,-3.5869998931884766
-,0,-10.508756637573242,2.8435502090589546,10.508756637573242,2.8435502090589546,-9.711692810058594,-4.318820476531982
-,0,-10.903434753417969,2.758839825460981,10.903434753417969,2.758839825460981,-7.699099063873291,-2.482673168182373
A10,1,-10.787735939025879,2.70307575251681,10.787735939025879,2.70307575251681,-3.3537862300872803,1.409778118133545
A07,1,-10.963399887084961,2.837975231046365,10.963399887084961,2.837975231046365,5.891974925994873,6.983325004577637
A07,1,-10.26404857635498,2.8270979642880234,10.26404857635498,2.8270979642880234,-1.7249490022659302,3.0534512996673584
-,0,-11.294775009155273,2.787333762401628,11.294775009155273,2.787333762401628,-2.2613089084625244,-2.6007113456726074
A07,1,-10.729694366455078,2.7207506287223078,10.729694366455078,2.7207506287223078,0.9361404776573181,2.3286056518554688
-,0,-10.221648216247559,2.7601187485660166,10.221648216247559,2.7601187485660166,0.8844029307365417,-1.5360232591629028
A07,1,-10.453451156616211,2.744244551463999,10.453451156616211,2.744244551463999,8.265043258666992,7.742861747741699
-,0,-11.026239395141602,2.688548293058723,11.026239395141602,2.688548293058723,-5.879600524902344,-4.5975141525268555
A11,1,-10.65559196472168,2.70740015670165,10.65559196472168,2.70740015670165,-1.367937684059143,4.731287002563477
-,0,-11.13012981414795,2.8048815365615103,11.13012981414795,2.8048815365615103,1.6351897716522217,-1.6510629653930664
A07,1,-10.989606857299805,2.7111254687910145,10.989606857299805,2.7111254687910145,3.0724942684173584,4.597934246063232
-,0,-10.998451232910156,2.7310302446555315,10.998451232910156,2.7310302446555315,-3.9383044242858887,-3.027529239654541
A17,1,-10.941496849060059,2.8853100790922026,10.941496849060059,2.8853100790922026,3.199819326400757,4.593112468719482
-,0,-11.13005542755127,2.8336527276477157,11.13005542755127,2.8336527276477157,-6.928696632385254,-3.101954936981201
A19,1,-11.182000160217285,2.857452406093711,11.182000160217285,2.857452406093711,4.786528587341309,0.3972714841365814
A08,1,-10.792009353637695,2.829962493726771,10.792009353637695,2.829962493726771,8.29959774017334,10.191226959228516
A19,1,-11.336904525756836,2.854518535410343,11.336904525756836,2.854518535410343,3.4636495113372803,0.5693263411521912
A17,1,-11.030340194702148,2.859097504311855,11.030340194702148,2.859097504311855,3.8009068965911865,1.091295599937439
A12,1,-11.154901504516602,2.7265344635386857,11.154901504516602,2.7265344635386857,5.646864414215088,7.662840843200684
A18,1,-11.258031845092773,2.701190219472385,11.258031845092773,2.701190219472385,-2.201951026916504,-0.8106889724731445
A09,1,-11.027454376220703,2.7241528381582696,11.027454376220703,2.7241528381582696,4.172573089599609,8.699707984924316
-,0,-10.902524948120117,2.6517122010573595,10.902524948120117,2.6517122010573595,-3.9888756275177,-0.06252280622720718
-,0,-10.577796936035156,2.8092279394402904,10.577796936035156,2.8092279394402904,-7.4007463455200195,-0.0912424847483635
A19,1,-10.556910514831543,2.788653844741641,10.556910514831543,2.788653844741641,-5.513848781585693,5.007719993591309
-,0,-10.667459487915039,2.811801112702724,10.667459487915039,2.811801112702724,-5.367702484130859,-0.33722642064094543
A08,1,-10.933027267456055,2.736753336863254,10.933027267456055,2.736753336863254,3.0718910694122314,3.0042052268981934
A16,1,-11.31286907196045,2.7531654091902587,11.31286907196045,2.7531654091902587,5.413712501525879,7.851513862609863
A08,1,-10.999146461486816,2.7090465363479215,10.999146461486816,2.7090465363479215,5.349331855773926,2.7030372619628906
-,0,-10.37441349029541,2.838296245734052,10.37441349029541,2.838296245734052,-4.333385944366455,2.732605457305908
A10,1,-10.677103042602539,2.749505159920814,10.677103042602539,2.749505159920814,4.699074745178223,3.6212432384490967
A15,1,-11.017656326293945,2.778583200091181,11.017656326293945,2.778583200091181,-4.375948905944824,4.933836936950684
-,0,-10.967397689819336,2.655699435302438,10.967397689819336,2.655699435302438,-7.528658390045166,-0.9091308116912842
A19,1,-10.720675468444824,2.8971764949337273,10.720675468444824,2.8971764949337273,0.2210184931755066,-0.5622429847717285
-,0,-10.83004379272461,2.766432267735365,10.83004379272461,2.766432267735365,-5.224949836730957,-4.437191009521484
A10,1,-10.775445938110352,2.754356671948079,10.775445938110352,2.754356671948079,4.256391525268555,3.550053119659424
-,0,-11.018781661987305,2.833525213461114,11.018781661987305,2.833525213461114,-7.189262390136719,-6.173216342926025
-,0,-11.183731079101562,2.754859124353588,11.183731079101562,2.754859124353588,-3.5477824211120605,-6.332611083984375
A12,1,-10.968053817749023,2.804467363430387,10.968053817749023,2.804467363430387,6.381206035614014,0.4823106825351715
-,0,-10.616127014160156,2.914405830577292,10.616127014160156,2.914405830577292,-8.346497535705566,-1.67989182472229
-,0,-10.965022087097168,2.759600219695584,10.965022087097168,2.759600219695584,-1.7991091012954712,0.16366428136825562
-,0,-10.649301528930664,2.8783128167739105,10.649301528930664,2.8783128167739105,-2.1433465480804443,-5.90983772277832
-,0,-10.922920227050781,2.770865215861855,10.922920227050781,2.770865215861855,-13.426177978515625,-9.250785827636719
A13,1,-10.440499305725098,2.7923473537625614,10.440499305725098,2.7923473537625614,6.304730415344238,7.472964286804199
A16,1,-10.805768013000488,2.651378764944098,10.805768013000488,2.651378764944098,2.5760252475738525,3.8414173126220703
A15,1,-11.047873497009277,2.775568580578354,11.047873497009277,2.775568580578354,0.2877048850059509,0.14355149865150452
A13,1,-11.085679054260254,2.667237196960194,11.085679054260254,2.667237196960194,5.406403541564941,8.456124305725098
A12,1,-11.007430076599121,2.752440606184351,11.007430076599121,2.752440606184351,4.018177032470703,0.3849402964115143
A17,1,-10.604826927185059,2.7574042415455575,10.604826927185059,2.7574042415455575,3.747389554977417,6.649304389953613
A14,1,-11.016505241394043,2.791220742664668,11.016505241394043,2.791220742664668,4.930628776550293,5.581299304962158
-,0,-11.057686805725098,2.8106796206427913,11.057686805725098,2.8106796206427913,-6.232297897338867,-3.2531299591064453
A18,1,-10.640056610107422,2.786600044221399,10.640056610107422,2.786600044221399,-2.363701581954956,0.7901945114135742
A17,1,-11.148731231689453,2.692173975923938,11.148731231689453,2.692173975923938,3.7587063312530518,1.4762709140777588
A10,1,-10.587575912475586,2.6292740906133556,10.587575912475586,2.6292740906133556,5.788148880004883,4.573347091674805
A07,1,-10.964543342590332,2.7580113147153202,10.964543342590332,2.7580113147153202,-1.4835681915283203,0.829296886920929
A12,1,-10.524466514587402,2.7243390036847774,10.524466514587402,2.7243390036847774,5.668794631958008,8.613061904907227
-,0,-11.071573257446289,2.68650503181252,11.071573257446289,2.68650503181252,-6.1891374588012695,-9.002028465270996
-,0,-11.283027648925781,2.8121837230941504,11.283027648925781,2.8121837230941504,-4.5380353927612305,-2.043205976486206
-,0,-10.598721504211426,2.8540115649088187,10.598721504211426,2.8540115649088187,-4.149242877960205,-2.095520257949829
A18,1,-10.753448486328125,2.7391963104989445,10.753448486328125,2.7391963104989445,-3.0417795181274414,0.0904521718621254
A08,1,-11.057459831237793,2.655365556533383,11.057459831237793,2.655365556533383,6.731747150421143,6.377326488494873
A09,1,-11.072868347167969,2.8323866506742865,11.072868347167969,2.8323866506742865,-0.8602291941642761,4.784157752990723
-,0,-11.127758979797363,2.7586124160618963,11.127758979797363,2.7586124160618963,-1.2136610746383667,-2.2311315536499023
-,0,-11.232698440551758,2.7333601203807603,11.232698440551758,2.7333601203807603,-1.0985082387924194,-2.904238700866699
-,0,-10.692197799682617,2.6731775037236263,10.692197799682617,2.6731775037236263,-6.113832950592041,-3.241454601287842
-,0,-11.20209789276123,2.827326220844602,11.20209789276123,2.827326220844602,-15.344072341918945,-7.367128849029541
A09,1,-10.367961883544922,2.770581618150664,10.367961883544922,2.770581618150664,5.627829551696777,5.774173736572266
-,0,-11.147696495056152,2.8143302532861822,11.147696495056152,2.8143302532861822,-12.148765563964844,-1.5552030801773071
A16,1,-11.061254501342773,2.7348518056454125,11.061254501342773,2.7348518056454125,-1.706217885017395,-0.29517874121665955
A18,1,-11.245408058166504,2.806295411616084,11.245408058166504,2.806295411616084,1.2611888647079468,0.6919481754302979
-,0,-11.020519256591797,2.7380011975308003,11.020519256591797,2.7380011975308003,-8.321552276611328,-8.226244926452637
-,0,-11.115071296691895,2.705404820085913,11.115071296691895,2.705404820085913,-5.186971664428711,-3.790391445159912
A08,1,-10.921905517578125,2.8174666769763754,10.921905517578125,2.8174666769763754,5.431286811828613,4.29422664642334
A14,1,-11.146641731262207,2.8362134560174623,11.146641731262207,2.8362134560174623,2.6956677436828613,1.158866047859192
A13,1,-10.678571701049805,2.846549354957098,10.678571701049805,2.846549354957098,7.9803595542907715,8.79255199432373
A12,1,-10.399603843688965,2.6815987861287414,10.399603843688965,2.6815987861287414,5.012062072753906,7.666145324707031
A17,1,-10.930904388427734,2.8299843823532944,10.930904388427734,2.8299843823532944,5.223298072814941,1.1146161556243896
-,0,-10.839570999145508,2.6543420178259547,10.839570999145508,2.6543420178259547,-12.7970609664917,-7.617178440093994
A19,1,-11.088180541992188,2.834940792577993,11.088180541992188,2.834940792577993,3.1311819553375244,1.1373730897903442
-,0,-11.022745132446289,2.87314830148413,11.022745132446289,2.87314830148413,-8.078104019165039,-6.486076354980469
-,0,-11.221139907836914,2.7632397310394587,11.221139907836914,2.7632397310394587,-4.979947090148926,-0.7783528566360474
A11,1,-10.901592254638672,2.821396445278302,10.901592254638672,2.821396445278302,-3.185957193374634,4.47475528717041
A19,1,-11.112367630004883,2.7210845112541255,11.112367630004883,2.7210845112541255,1.0769351720809937,-0.9057162404060364
A11,1,-10.611974716186523,2.606478920269437,10.611974716186523,2.606478920269437,3.8827474117279053,1.664841890335083
A12,1,-10.0690336227417,2.7365879579894794,10.0690336227417,2.7365879579894794,5.810393333435059,1.5894173383712769
A07,1,-8.357234001159668,2.574860313501691,8.357234001159668,2.574860313501691,10.040958404541016,9.759708404541016
-,0,-11.111648559570312,2.7228303995645997,11.111648559570312,2.7228303995645997,-6.330074787139893,-3.490459680557251
A07,1,-10.654176712036133,2.6484232216809085,10.654176712036133,2.6484232216809085,7.004083156585693,9.773200988769531
A12,1,-10.533833503723145,2.8182521716930435,10.533833503723145,2.8182521716930435,6.039813995361328,6.562065124511719
-,0,-11.244091987609863,2.649530180878921,11.244091987609863,2.649530180878921,0.50736004114151,-4.325140953063965
A18,1,-11.038241386413574,2.751533935268334,11.038241386413574,2.751533935268334,4.647886276245117,6.847845554351807
-,0,-11.140131950378418,2.806047232182083,11.140131950378418,2.806047232182083,-8.596689224243164,-5.016236305236816
-,0,-11.35448932647705,2.699079507543283,11.35448932647705,2.699079507543283,-2.8493103981018066,-2.968344211578369
-,0,-10.545032501220703,2.819302061554591,10.545032501220703,2.819302061554591,-5.575058937072754,-2.1731295585632324
A18,1,-10.752081871032715,2.7633171243046246,10.752081871032715,2.7633171243046246,-0.010766513645648956,-1.0739043951034546
A09,1,-10.692817687988281,2.6646343955740828,10.692817687988281,2.6646343955740828,5.425622940063477,6.466371536254883
A17,1,-10.948360443115234,2.7171649323062557,10.948360443115234,2.7171649323062557,5.463519096374512,0.14838150143623352
A14,1,-10.52681827545166,2.6748421618909295,10.52681827545166,2.6748421618909295,2.0042266845703125,4.41126823425293
A19,1,-11.021904945373535,2.6183556835714423,11.021904945373535,2.6183556835714423,1.114820122718811,1.664230465888977
A07,1,-10.243538856506348,2.872150845805452,10.243538856506348,2.872150845805452,7.153114318847656,9.322236061096191
-,0,-10.687286376953125,2.66685520517132,10.687286376953125,2.66685520517132,-1.337071180343628,-0.3317241668701172
-,0,-10.94106388092041,2.733121540783094,10.94106388092041,2.733121540783094,-1.9432121515274048,-3.217015504837036
-,0,-11.083904266357422,2.7739621636068468,11.083904266357422,2.7739621636068468,-6.542869567871094,-3.6028318405151367
-,0,-10.741683006286621,2.8589838605678817,10.741683006286621,2.8589838605678817,-3.4973740577697754,-2.1218810081481934
-,0,-10.911364555358887,2.7344980999566935,10.911364555358887,2.7344980999566935,-5.043844223022461,-0.6655232906341553
-,0,-10.608226776123047,2.7672243216458425,10.608226776123047,2.7672243216458425,-5.957919120788574,-2.2366878986358643
-,0,-10.984039306640625,2.8127263547845285,10.984039306640625,2.8127263547845285,2.821711301803589,-0.7268241047859192
-,0,-11.006697654724121,2.8507749766680424,11.006697654724121,2.8507749766680424,-8.765780448913574,-0.5911828279495239
A11,1,-10.979180335998535,2.7890425030091297,10.979180335998535,2.7890425030091297,1.779218077659607,5.707701683044434
-,0,-11.160126686096191,2.8260881224954884,11.160126686096191,2.8260881224954884,-3.772249698638916,-2.7624642848968506
A07,1,-11.07125186920166,2.8218013054234947,11.07125186920166,2.8218013054234947,1.3597556352615356,4.721742630004883
A13,1,-10.16368293762207,2.8060070290645007,10.16368293762207,2.8060070290645007,8.73450756072998,5.859010696411133
-,0,-10.847460746765137,2.7677672306855934,10.847460746765137,2.7677672306855934,-3.7293484210968018,-0.7541396617889404
A09,1,-10.6736421585083,2.668595359568582,10.6736421585083,2.668595359568582,5.694013595581055,9.609729766845703
A08,1,-10.809015274047852,2.822207145482696,10.809015274047852,2.822207145482696,6.896198272705078,5.768655776977539
-,0,-11.132911682128906,2.709494262426996,11.132911682128906,2.709494262426996,-5.2409210205078125,-4.875502586364746
A16,1,-8.25665283203125,2.684053039578996,8.25665283203125,2.684053039578996,0.2901657819747925,1.006703495979309
A10,1,-10.481587409973145,2.7438043311464333,10.481587409973145,2.7438043311464333,4.76849889755249,1.77532958984375
A08,1,-10.894856452941895,2.9231673329389842,10.894856452941895,2.9231673329389842,0.5920284390449524,4.613397598266602
A14,1,-11.118392944335938,2.7694428485249842,11.118392944335938,2.7694428485249842,0.39325428009033203,5.308753967285156
-,0,-11.268218040466309,2.757606689165469,11.268218040466309,2.757606689165469,-8.456838607788086,-4.514848232269287
A18,1,-10.990675926208496,2.652932659496574,10.990675926208496,2.652932659496574,4.03768253326416,3.543055295944214
-,0,-11.180922508239746,2.7901820763250043,11.180922508239746,2.7901820763250043,-3.3583691120147705,-3.357121229171753
A11,1,-10.38281536102295,2.8031964684680206,10.38281536102295,2.8031964684680206,6.455455780029297,6.9421706199646
A18,1,-10.994002342224121,2.8861224178262077,10.994002342224121,2.8861224178262077,0.5341042280197144,0.4042443335056305
A08,1,-10.577800750732422,2.8073706868536887,10.577800750732422,2.8073706868536887,3.4566080570220947,8.273550033569336
-,0,-11.21922492980957,2.7995630698053096,11.21922492980957,2.7995630698053096,-2.0099666118621826,-2.5217175483703613
-,0,-11.004263877868652,2.7213820005841645,11.004263877868652,2.7213820005841645,-7.7687859535217285,-6.585407733917236
-,0,-10.518218994140625,2.8112705182616295,10.518218994140625,2.8112705182616295,-3.087594985961914,-1.7182562351226807
A16,1,-10.620820045471191,2.728566767900184,10.620820045471191,2.728566767900184,5.149767875671387,4.73615837097168
A15,1,-11.017666816711426,2.8432179315531236,11.017666816711426,2.8432179315531236,-0.9904148578643799,3.1547598838806152
-,0,-10.148608207702637,2.7958997121710003,10.148608207702637,2.7958997121710003,-6.7895731925964355,-2.084364652633667
-,0,-11.133487701416016,2.7225980675208477,11.133487701416016,2.7225980675208477,-7.1149187088012695,-5.002309799194336
-,0,-10.996153831481934,2.7275030248278456,10.996153831481934,2.7275030248278456,-3.4214515686035156,-1.9229854345321655
A16,1,-10.516385078430176,2.7270658256998552,10.516385078430176,2.7270658256998552,6.618552207946777,5.943999290466309
-,0,-10.84527587890625,2.5541685414810504,10.84527587890625,2.5541685414810504,-0.4914640784263611,-0.8022123575210571
-,0,-10.96755313873291,2.8289598970985934,10.96755313873291,2.8289598970985934,-7.290714740753174,-6.08651876449585
A07,1,-10.237133026123047,2.832428697604967,10.237133026123047,2.832428697604967,5.062258243560791,6.489066123962402
-,0,-11.02921199798584,2.7633050230787823,11.02921199798584,2.7633050230787823,-3.578251838684082,-3.3010404109954834
-,0,-10.831437110900879,2.72467087249894,10.831437110900879,2.72467087249894,-9.057518005371094,-5.457459449768066
-,0,-11.058736801147461,2.7496268135669664,11.058736801147461,2.7496268135669664,-7.948574542999268,-6.932156085968018
A17,1,-11.26910400390625,2.682991285406667,11.26910400390625,2.682991285406667,6.672127723693848,10.432014465332031
-,0,-11.114265441894531,2.8227205071024972,11.114265441894531,2.8227205071024972,-2.4738762378692627,-0.8871926069259644
-,0,-10.993342399597168,2.674900662159922,10.993342399597168,2.674900662159922,1.6000720262527466,-5.017210960388184
-,0,-10.86901569366455,2.6689784902176434,10.86901569366455,2.6689784902176434,-8.36737060546875,-4.631077766418457
A13,1,-10.228503227233887,2.6699297909386828,10.228503227233887,2.6699297909386828,5.507750511169434,9.388306617736816
A18,1,-10.57823371887207,2.7641544159877527,10.57823371887207,2.7641544159877527,-5.389186859130859,-2.2951602935791016
A15,1,-10.921695709228516,2.674862843963526,10.921695709228516,2.674862843963526,2.604553699493408,3.717841625213623
-,0,-10.856575965881348,2.8013737922107786,10.856575965881348,2.8013737922107786,-4.693540573120117,-5.791207790374756
A17,1,-9.657447814941406,2.781582518132526,9.657447814941406,2.781582518132526,4.336098670959473,3.420501708984375
-,0,-10.779183387756348,2.633953020354814,10.779183387756348,2.633953020354814,-12.61557674407959,-3.46113920211792
-,0,-11.366837501525879,2.693240918049681,11.366837501525879,2.693240918049681,-8.109064102172852,-6.614901542663574
A09,1,-10.670631408691406,2.778645072686566,10.670631408691406,2.778645072686566,0.33998459577560425,5.056856632232666
-,0,-11.375283241271973,2.8248309565103127,11.375283241271973,2.8248309565103127,-3.8859705924987793,-6.132807731628418
-,0,-11.070618629455566,2.830109107461369,11.070618629455566,2.830109107461369,-5.824162006378174,-5.189693450927734
A07,1,-10.809967041015625,2.7112040435210925,10.809967041015625,2.7112040435210925,7.602427005767822,9.526914596557617
A14,1,-10.985456466674805,2.725100509096986,10.985456466674805,2.725100509096986,2.0104873180389404,5.16166353225708
-,0,-10.806538581848145,2.7384574752834947,10.806538581848145,2.7384574752834947,-4.973692893981934,-1.9868234395980835
-,0,-10.906163215637207,2.739801159376088,10.906163215637207,2.739801159376088,-5.978560924530029,-7.159975051879883
A07,1,-10.778698921203613,2.4849768252278843,10.778698921203613,2.4849768252278843,4.846480846405029,6.764091491699219
-,0,-10.74017333984375,2.854653970587334,10.74017333984375,2.854653970587334,-7.683621883392334,-4.56963586807251
A07,1,-10.90087604522705,2.8234059299775036,10.90087604522705,2.8234059299775036,4.447469711303711,7.349773406982422
-,0,-10.458343505859375,2.8680276390400112,10.458343505859375,2.8680276390400112,0.06337941437959671,-1.6795799732208252
A15,1,-10.94677448272705,2.732481245366219,10.94677448272705,2.732481245366219,6.965350151062012,5.246133804321289
A17,1,-11.16586685180664,2.7412913094357885,11.16586685180664,2.7412913094357885,0.8035898208618164,3.6501426696777344
-,0,-10.795279502868652,2.846171160385376,10.795279502868652,2.846171160385376,-6.1584296226501465,-1.7470908164978027
-,0,-11.324777603149414,2.6968087400713507,11.324777603149414,2.6968087400713507,-8.84145736694336,-4.268337249755859
-,0,-10.604839324951172,2.8202083174563,10.604839324951172,2.8202083174563,-2.0140061378479004,-3.868462562561035
A12,1,-10.838141441345215,2.766913825583576,10.838141441345215,2.766913825583576,5.775915622711182,8.544023513793945
-,0,-10.43014144897461,2.8145342392767736,10.43014144897461,2.8145342392767736,-5.434818267822266,1.2135331630706787
-,0,-11.238880157470703,2.7551421838541117,11.238880157470703,2.7551421838541117,-6.4212565422058105,-3.6460134983062744
A10,1,-10.947458267211914,2.789214362265112,10.947458267211914,2.789214362265112,2.307382106781006,3.452585458755493
-,0,-10.505090713500977,2.844630818828293,10.505090713500977,2.844630818828293,-2.898949146270752,-1.7502233982086182
A12,1,-10.53316879272461,2.6092984537420594,10.53316879272461,2.6092984537420594,6.95926570892334,7.898324012756348
-,0,-11.198603630065918,2.7906199718248845,11.198603630065918,2.7906199718248845,-5.292149066925049,-2.5171151161193848
-,0,-9.976827621459961,2.7413310006027176,9.976827621459961,2.7413310006027176,-4.378708362579346,-4.581051349639893
-,0,-11.068367958068848,2.746588172628907,11.068367958068848,2.746588172628907,-8.554023742675781,-3.8539514541625977
-,0,-10.76513385772705,2.7473953118803878,10.76513385772705,2.7473953118803878,-2.9859848022460938,-2.090583086013794
A19,1,-10.476269721984863,2.7115671816991003,10.476269721984863,2.7115671816991003,3.9680886268615723,5.556759357452393
A18,1,-10.397730827331543,2.7617235948255248,10.397730827331543,2.7617235948255248,5.243260383605957,-0.16870209574699402
A12,1,-10.194488525390625,2.7083997909221282,10.194488525390625,2.7083997909221282,6.592063903808594,5.135691165924072
A09,1,-9.01425838470459,2.835068716662484,9.01425838470459,2.835068716662484,7.278735160827637,8.880424499511719
A09,1,-10.507343292236328,2.683463690762518,10.507343292236328,2.683463690762518,0.6136483550071716,4.987936973571777
-,0,-10.701089859008789,2.841737423688371,10.701089859008789,2.841737423688371,-4.452038764953613,-0.23882094025611877
A10,1,-10.768126487731934,2.740446009756926,10.768126487731934,2.740446009756926,4.638796329498291,5.4285759925842285
A09,1,-10.645438194274902,2.6733219450656502,10.645438194274902,2.6733219450656502,-0.5411669611930847,5.182751655578613
A12,1,-10.915058135986328,2.721169846983854,10.915058135986328,2.721169846983854,-0.5779673457145691,3.8471951484680176
-,0,-11.424646377563477,2.8416598468704732,11.424646377563477,2.8416598468704732,-8.64545726776123,-3.09578800201416
A15,1,-10.949824333190918,2.8304697335132967,10.949824333190918,2.8304697335132967,0.6676543354988098,4.273674964904785
A10,1,-11.24670124053955,2.6964536744083425,11.24670124053955,2.6964536744083425,6.807480812072754,8.970487594604492
A13,1,-10.191058158874512,2.6971973140983696,10.191058158874512,2.6971973140983696,7.966387748718262,8.657721519470215
-,0,-11.178731918334961,2.709315734050626,11.178731918334961,2.709315734050626,-2.3200371265411377,-0.9803236722946167
A15,1,-10.62702465057373,2.8834952485970238,10.62702465057373,2.8834952485970238,0.024859175086021423,1.918867588043213
A17,1,-11.3124418258667,2.8415702340881035,11.3124418258667,2.8415702340881035,6.0550127029418945,8.27062702178955
-,0,-11.352457046508789,2.707955226450369,11.352457046508789,2.707955226450369,-6.471945762634277,-3.968491554260254
-,0,-11.38728141784668,2.698010335468101,11.38728141784668,2.698010335468101,-2.9066102504730225,-2.081435441970825
A16,1,-10.164280891418457,2.704005603039341,10.164280891418457,2.704005603039341,5.640277862548828,6.513021469116211
-,0,-10.756853103637695,2.8196047333521164,10.756853103637695,2.8196047333521164,-4.0911173820495605,-1.4623652696609497
-,0,-10.84278392791748,2.770204995807378,10.84278392791748,2.770204995807378,-12.751688957214355,-7.524847507476807
A12,1,-10.117746353149414,2.658489441174625,10.117746353149414,2.658489441174625,0.5333468317985535,0.7823767066001892
A13,1,-10.799798011779785,2.81597206863815,10.799798011779785,2.81597206863815,6.972448348999023,10.109094619750977
-,0,-10.857048988342285,2.811405374290038,10.857048988342285,2.811405374290038,-7.472826957702637,-2.5560927391052246
A07,1,-10.732586860656738,2.6190910245988603,10.732586860656738,2.6190910245988603,8.646444320678711,10.429059982299805
A12,1,-10.666694641113281,2.6768782680218384,10.666694641113281,2.6768782680218384,6.229204177856445,8.57105827331543
-,0,-11.01737117767334,2.7487840390049345,11.01737117767334,2.7487840390049345,-15.60975456237793,-6.379500389099121
A13,1,-11.07193660736084,2.73224186756132,11.07193660736084,2.73224186756132,7.324244022369385,8.849721908569336
-,0,-11.09748363494873,2.6250980908099946,11.09748363494873,2.6250980908099946,-2.0994021892547607,-6.778068542480469
-,0,-10.304179191589355,2.6708920324888967,10.304179191589355,2.6708920324888967,-3.2993814945220947,-0.1091165766119957
A13,1,-11.123838424682617,2.772535401776608,11.123838424682617,2.772535401776608,7.236966609954834,9.349111557006836
-,0,-10.71677303314209,2.7193199584638665,10.71677303314209,2.7193199584638665,-1.1614785194396973,-1.0455929040908813
-,0,-11.076963424682617,2.8171416108516163,11.076963424682617,2.8171416108516163,-10.029223442077637,-8.281221389770508
A12,1,-11.09403133392334,2.8156704073592587,11.09403133392334,2.8156704073592587,0.7145444750785828,0.5613107681274414
-,0,-10.882205963134766,2.750398563406193,10.882205963134766,2.750398563406193,-8.049763679504395,-7.644269943237305
A13,1,-7.776995658874512,2.796656818453028,7.776995658874512,2.796656818453028,7.358654022216797,9.632126808166504
-,0,-11.280194282531738,2.7591503188667734,11.280194282531738,2.7591503188667734,-5.676455020904541,-5.242150783538818
-,0,-11.192537307739258,2.7835208770518722,11.192537307739258,2.7835208770518722,-4.321413516998291,-0.7122120261192322
A12,1,-10.743517875671387,2.7736685674752044,10.743517875671387,2.7736685674752044,5.143275260925293,10.694381713867188
-,0,-10.571606636047363,2.7075957923554994,10.571606636047363,2.7075957923554994,1.4237018823623657,-3.3678832054138184
A10,1,-10.353857040405273,2.709249732761994,10.353857040405273,2.709249732761994,1.6711018085479736,4.860118865966797
-,0,-10.61285400390625,2.7749979627065633,10.61285400390625,2.7749979627065633,-4.421820163726807,-0.8751401305198669
A17,1,-10.736272811889648,2.6971788867369004,10.736272811889648,2.6971788867369004,5.097142219543457,0.5286914110183716
-,0,-10.632477760314941,2.778380086379745,10.632477760314941,2.778380086379745,-2.046020269393921,-1.8759403228759766
-,0,-10.768919944763184,2.723155225648338,10.768919944763184,2.723155225648338,-3.073896646499634,-1.4596291780471802
A13,1,-11.313626289367676,2.669547749574273,11.313626289367676,2.669547749574273,7.056830406188965,9.579172134399414
-,0,-10.599066734313965,2.6760073629161902,10.599066734313965,2.6760073629161902,-4.229018688201904,-1.5744843482971191
A08,1,-10.89607048034668,2.7976213171092765,10.89607048034668,2.7976213171092765,5.694596767425537,7.19390869140625
A07,1,-11.136865615844727,2.7941431957417153,11.136865615844727,2.7941431957417153,5.784520626068115,4.906991004943848
-,0,-11.160300254821777,2.701085389072613,11.160300254821777,2.701085389072613,-8.322033882141113,-4.514891624450684
A14,1,-10.794394493103027,2.68031521600241,10.794394493103027,2.68031521600241,6.02391242980957,5.425334930419922
-,0,-11.03634262084961,2.8368156585704374,11.03634262084961,2.8368156585704374,-9.228325843811035,-3.400394916534424
A07,1,-9.402128219604492,2.7413105663386137,9.402128219604492,2.7413105663386137,8.344734191894531,9.020971298217773
A08,1,-11.222862243652344,2.7803313183881437,11.222862243652344,2.7803313183881437,7.121548652648926,8.721230506896973
-,0,-9.769618034362793,2.850863263566638,9.769618034362793,2.850863263566638,-7.01136589050293,-0.9849428534507751
-,0,-10.92073917388916,2.734066752859552,10.92073917388916,2.734066752859552,-4.240015506744385,-2.7299301624298096
A17,1,-11.295883178710938,2.707398124663116,11.295883178710938,2.707398124663116,6.3545732498168945,5.453716278076172
-,0,-11.234437942504883,2.7266481166477754,11.234437942504883,2.7266481166477754,-4.42691707611084,-4.712860107421875
A17,1,-11.011392593383789,2.7705040426529326,11.011392593383789,2.7705040426529326,-3.0604660511016846,3.3583192825317383
A17,1,-11.18146800994873,2.7535509631912496,11.18146800994873,2.7535509631912496,5.910979747772217,8.892205238342285
-,0,-10.600360870361328,2.742964597399552,10.600360870361328,2.742964597399552,-7.843528747558594,-3.4135727882385254
A13,1,-11.046622276306152,2.7467519563336205,11.046622276306152,2.7467519563336205,7.80455207824707,8.985363960266113
A08,1,-10.85933780670166,2.7244351974666663,10.85933780670166,2.7244351974666663,7.562166690826416,7.301187038421631
-,0,-10.88748550415039,2.7876868284757017,10.88748550415039,2.7876868284757017,-6.264820098876953,-2.7785708904266357
A11,1,-10.213724136352539,2.7119913795792643,10.213724136352539,2.7119913795792643,-0.13002967834472656,5.350290775299072
A13,1,-11.177933692932129,2.78745617433266,11.177933692932129,2.78745617433266,6.827205657958984,6.299874782562256
-,0,-10.307650566101074,2.646890648143977,10.307650566101074,2.646890648143977,-5.178812503814697,-4.640028953552246
A10,1,-10.86906909942627,2.833624330106681,10.86906909942627,2.833624330106681,3.2760703563690186,2.7611379623413086
A19,1,-10.171822547912598,2.832886726115399,10.171822547912598,2.832886726115399,4.150426864624023,1.41280198097229
A08,1,-11.098993301391602,2.7790285378016533,11.098993301391602,2.7790285378016533,4.267547130584717,4.597469329833984
-,0,-10.675179481506348,2.789203886831554,10.675179481506348,2.789203886831554,-0.037545569241046906,-0.34878233075141907
A08,1,-10.29334831237793,2.8409566338728927,10.29334831237793,2.8409566338728927,6.095661640167236,7.779439926147461
-,0,-11.010656356811523,2.9261254103984444,11.010656356811523,2.9261254103984444,-12.331427574157715,-7.525617599487305
-,0,-11.098517417907715,2.849079089807964,11.098517417907715,2.849079089807964,-3.2581093311309814,-3.9308009147644043
-,0,-10.440165519714355,2.7041232236995656,10.440165519714355,2.7041232236995656,-10.344805717468262,-1.8296403884887695
A18,1,-11.13011360168457,2.8490203984720863,11.13011360168457,2.8490203984720863,2.0253684520721436,8.36645221710205
A08,1,-10.775593757629395,2.6461236470501364,10.775593757629395,2.6461236470501364,3.6708145141601562,2.964146137237549
-,0,-11.063862800598145,2.902004807683404,11.063862800598145,2.902004807683404,-12.299215316772461,-6.862882137298584
-,0,-10.674378395080566,2.792399345324179,10.674378395080566,2.792399345324179,-8.285655975341797,-8.359366416931152
-,0,-10.747672080993652,2.7986698333581925,10.747672080993652,2.7986698333581925,-7.052689552307129,2.1659646034240723
A10,1,-10.915348052978516,2.7646881454892225,10.915348052978516,2.7646881454892225,3.7416677474975586,2.930067539215088
-,0,-11.23521614074707,2.7789315515930078,11.23521614074707,2.7789315515930078,-1.7128621339797974,-1.5784103870391846
A08,1,-10.87018871307373,2.771504292858886,10.87018871307373,2.771504292858886,4.141269683837891,3.822664260864258
A17,1,-10.968400955200195,2.819373682289905,10.968400955200195,2.819373682289905,4.160567760467529,2.507718324661255
A14,1,-10.86213493347168,2.7392979808431526,10.86213493347168,2.7392979808431526,-0.32339608669281006,2.8729658126831055
A15,1,-10.882883071899414,2.7220220776373494,10.882883071899414,2.7220220776373494,1.4756182432174683,6.429943084716797
A09,1,-10.558541297912598,2.7310247826930696,10.558541297912598,2.7310247826930696,3.4026029109954834,7.0066423416137695
A08,1,-10.230833053588867,2.7541717494725964,10.230833053588867,2.7541717494725964,8.648141860961914,6.108567714691162
A09,1,-10.862411499023438,2.831121294321747,10.862411499023438,2.831121294321747,6.952037334442139,8.950676918029785
-,0,-10.964932441711426,2.7341543277357165,10.964932441711426,2.7341543277357165,-0.6323443055152893,-1.513859748840332
A12,1,-11.049023628234863,2.7698195105515255,11.049023628234863,2.7698195105515255,6.342774391174316,6.599530220031738
A14,1,-11.022320747375488,2.639643290895499,11.022320747375488,2.639643290895499,6.03326940536499,7.012494087219238
-,0,-10.522492408752441,2.8159399596867227,10.522492408752441,2.8159399596867227,1.0357463359832764,-0.2194390594959259
A14,1,-10.825936317443848,2.6414319100493255,10.825936317443848,2.6414319100493255,1.875880479812622,7.058005332946777
A17,1,-11.395142555236816,2.7551080538013797,11.395142555236816,2.7551080538013797,6.213870525360107,7.308679103851318
A07,1,-9.079549789428711,2.634401510474194,9.079549789428711,2.634401510474194,6.427645206451416,10.220026016235352
A14,1,-10.691694259643555,2.6806339366855223,10.691694259643555,2.6806339366855223,1.1424709558486938,5.691171646118164
-,0,-10.774421691894531,2.7610187937182067,10.774421691894531,2.7610187937182067,-7.827466011047363,-3.434277057647705
-,0,-10.755417823791504,2.7275827256671823,10.755417823791504,2.7275827256671823,-11.025779724121094,-4.13029670715332
-,0,-10.888832092285156,2.815671324550811,10.888832092285156,2.815671324550811,-6.67716646194458,-4.357812881469727
A15,1,-10.97909164428711,2.7768683780737065,10.97909164428711,2.7768683780737065,0.8919095993041992,7.364963054656982
A08,1,-10.587879180908203,2.8881456146473727,10.587879180908203,2.8881456146473727,8.703540802001953,5.878788948059082
-,0,-11.187503814697266,2.8802707854151337,11.187503814697266,2.8802707854151337,-6.138862609863281,-1.7624549865722656
A19,1,-11.24118423461914,2.7436162640538138,11.24118423461914,2.7436162640538138,4.93623161315918,0.2987273037433624
-,0,-10.203700065612793,2.837946883746205,10.203700065612793,2.837946883746205,-8.667051315307617,-4.003818035125732
A10,1,-10.241353988647461,2.70696767699272,10.241353988647461,2.70696767699272,7.582387924194336,4.9130024909973145
A17,1,-11.302465438842773,2.663100160729217,11.302465438842773,2.663100160729217,7.250875473022461,8.485296249389648
-,0,-11.14200496673584,2.689023344652192,11.14200496673584,2.689023344652192,-10.314783096313477,-4.024852275848389
A09,1,-10.811102867126465,2.646168045821634,10.811102867126465,2.646168045821634,8.656804084777832,9.556802749633789
A15,1,-10.921100616455078,2.68854673527904,10.921100616455078,2.68854673527904,3.0679426193237305,4.319699287414551
-,0,-10.688923835754395,2.77162904988156,10.688923835754395,2.77162904988156,-3.1734378337860107,-4.8175482749938965
A10,1,-8.948589324951172,2.7219142179307614,8.948589324951172,2.7219142179307614,7.3039469718933105,6.946270942687988
A08,1,-11.28051471710205,2.7079306214849312,11.28051471710205,2.7079306214849312,7.183591842651367,7.905020713806152
A13,1,-10.822269439697266,2.7879966175559012,10.822269439697266,2.7879966175559012,7.340690612792969,6.639843940734863
-,0,-11.148430824279785,2.7676442185336025,11.148430824279785,2.7676442185336025,-11.735251426696777,-7.361568450927734
A17,1,-10.925270080566406,2.846823410140462,10.925270080566406,2.846823410140462,-1.2530544996261597,-0.9258806705474854
A18,1,-11.14313793182373,2.7198955888537433,11.14313793182373,2.7198955888537433,5.738458156585693,3.898385524749756
-,0,-10.850992202758789,2.8271245595020975,10.850992202758789,2.8271245595020975,1.5299168825149536,-0.7839572429656982
-,0,-11.59984016418457,2.580112287035555,11.59984016418457,2.580112287035555,-6.039525032043457,-5.382920265197754
-,0,-10.721572875976562,2.6632260884201644,10.721572875976562,2.6632260884201644,-2.7065088748931885,-0.2092585265636444
A12,1,-10.79635238647461,2.682369383845509,10.79635238647461,2.682369383845509,0.5956465601921082,-1.5105035305023193
A09,1,-11.006559371948242,2.7742864241322476,11.006559371948242,2.7742864241322476,8.426953315734863,5.6747894287109375
A07,1,-11.026070594787598,2.760532998591056,11.026070594787598,2.760532998591056,6.993528366088867,5.856903076171875
A07,1,-11.245101928710938,2.796253067308493,11.245101928710938,2.796253067308493,7.668291091918945,3.5024070739746094
A11,1,-10.606034278869629,2.7492552144747244,10.606034278869629,2.7492552144747244,-0.1265736222267151,1.2073594331741333
-,0,-10.944241523742676,2.7092264136692785,10.944241523742676,2.7092264136692785,-8.82858943939209,-7.317007064819336
-,0,-11.020240783691406,2.7964417749716173,11.020240783691406,2.7964417749716173,-10.378493309020996,-4.179108142852783
-,0,-11.217377662658691,2.7006038882525107,11.217377662658691,2.7006038882525107,-1.7471455335617065,0.11200938373804092
A18,1,-10.35364818572998,2.8116223583537323,10.35364818572998,2.8116223583537323,0.9406887888908386,0.14414018392562866
A16,1,-10.717439651489258,2.7520068308701044,10.717439651489258,2.7520068308701044,3.1843149662017822,0.1429552435874939
A14,1,-11.012874603271484,2.7436293104988807,11.012874603271484,2.7436293104988807,-1.9523156881332397,2.7752761840820312
-,0,-11.058643341064453,2.8709871838081926,11.058643341064453,2.8709871838081926,-4.805790424346924,-3.3968558311462402
-,0,-10.84837532043457,2.8290476673047786,10.84837532043457,2.8290476673047786,-4.850982666015625,-4.179852485656738
-,0,-10.422102928161621,2.7816312409313615,10.422102928161621,2.7816312409313615,-5.882472038269043,-8.691408157348633
-,0,-11.269108772277832,2.6516931400702397,11.269108772277832,2.6516931400702397,-10.713194847106934,-8.541816711425781
A14,1,-10.625167846679688,2.7350050716696392,10.625167846679688,2.7350050716696392,6.739939212799072,5.208573341369629
A13,1,-10.70763874053955,2.780592693159271,10.70763874053955,2.780592693159271,6.533998489379883,10.961760520935059
A15,1,-11.024785041809082,2.7143144685749494,11.024785041809082,2.7143144685749494,4.587082862854004,8.591761589050293
A18,1,-10.88222885131836,2.8141069532355876,10.88222885131836,2.8141069532355876,-2.8072636127471924,-3.3688793182373047
A08,1,-10.795215606689453,2.8293899415052675,10.795215606689453,2.8293899415052675,6.52445650100708,6.1034111976623535
A07,1,-10.54816722869873,2.740337602818314,10.54816722869873,2.740337602818314,7.235893249511719,8.59058952331543
A09,1,-10.928976058959961,2.7962709926333207,10.928976058959961,2.7962709926333207,6.221840858459473,6.054047107696533
A18,1,-11.184128761291504,2.753592164175018,11.184128761291504,2.753592164175018,4.458271503448486,1.7776081562042236
A15,1,-10.931314468383789,2.7328091067605027,10.931314468383789,2.7328091067605027,-2.0327084064483643,0.9595309495925903
-,0,-10.57827377319336,2.712748139009494,10.57827377319336,2.712748139009494,-7.277172088623047,-9.09778881072998
-,0,-11.213556289672852,2.6825816391485886,11.213556289672852,2.6825816391485886,-5.104054927825928,-2.800889492034912
A07,1,-10.797629356384277,2.76177334633721,10.797629356384277,2.76177334633721,2.8502910137176514,4.387479305267334
A17,1,-10.868422508239746,2.869433091371179,10.868422508239746,2.869433091371179,7.514410972595215,8.579662322998047
-,0,-11.294937133789062,2.7564752920097084,11.294937133789062,2.7564752920097084,-6.379052639007568,-1.9695911407470703
-,0,-10.449060440063477,2.865679154482794,10.449060440063477,2.865679154482794,1.035074234008789,-0.12196779251098633
A16,1,-10.196670532226562,2.720437627989462,10.196670532226562,2.720437627989462,9.415427207946777,9.182795524597168
-,0,-11.196721076965332,2.6494665065948197,11.196721076965332,2.6494665065948197,-8.603840827941895,-3.3014185428619385
A10,1,-9.791489601135254,2.8358824356661834,9.791489601135254,2.8358824356661834,8.544363021850586,9.742277145385742
A18,1,-11.26497745513916,2.7737332919173427,11.26497745513916,2.7737332919173427,3.4595906734466553,2.8659965991973877
-,0,-10.579935073852539,2.9124816063222547,10.579935073852539,2.9124816063222547,-0.22979000210762024,-0.8653844594955444
A10,1,-10.357429504394531,2.640099273429138,10.357429504394531,2.640099273429138,7.460756301879883,7.762844562530518
A19,1,-10.41259765625,2.8192802034929767,10.41259765625,2.8192802034929767,-5.636017322540283,-0.8500283360481262
A08,1,-11.070462226867676,2.814378691342258,11.070462226867676,2.814378691342258,5.796600341796875,7.189121723175049
-,0,-10.702690124511719,2.739359937935323,10.702690124511719,2.739359937935323,-7.717946529388428,-2.5228114128112793
A19,1,-10.689088821411133,2.658802365471491,10.689088821411133,2.658802365471491,1.7427221536636353,3.3371050357818604
A07,1,-10.98519515991211,2.7840234776889776,10.98519515991211,2.7840234776889776,1.1204925775527954,0.6259859800338745
A10,1,-9.052038192749023,2.6689235896307517,9.052038192749023,2.6689235896307517,2.507314443588257,3.6408700942993164
-,0,-11.205377578735352,2.7602833418964696,11.205377578735352,2.7602833418964696,-15.727705001831055,-2.983234167098999
A07,1,-9.54290771484375,2.7056860231294824,9.54290771484375,2.7056860231294824,3.974713087081909,5.131259441375732
A15,1,-11.247995376586914,2.7826749685262286,11.247995376586914,2.7826749685262286,3.2329323291778564,5.718611717224121
A08,1,-11.119115829467773,2.7124885920539437,11.119115829467773,2.7124885920539437,4.0975847244262695,3.464878797531128
-,0,-10.588857650756836,2.878481319212559,10.588857650756836,2.878481319212559,-3.910078763961792,-2.049997568130493
-,0,-10.563583374023438,2.7729009389164476,10.563583374023438,2.7729009389164476,-16.10749053955078,-6.32370662689209
A17,1,-10.8333158493042,2.8114061743861574,10.8333158493042,2.8114061743861574,4.081316947937012,1.4337539672851562
A16,1,-10.589855194091797,2.685552229772132,10.589855194091797,2.685552229772132,4.174729824066162,5.29146671295166
-,0,-11.0770902633667,2.8499560135603508,11.0770902633667,2.8499560135603508,-8.200678825378418,-2.8732728958129883
-,0,-11.183965682983398,2.7420520397368704,11.183965682983398,2.7420520397368704,-4.9839301109313965,-7.4405107498168945
-,0,-10.741416931152344,2.8161361075041045,10.741416931152344,2.8161361075041045,-5.069462776184082,-1.2019298076629639
A14,1,-10.983794212341309,2.7544576824622533,10.983794212341309,2.7544576824622533,-1.1522833108901978,7.2136101722717285
A14,1,-11.220415115356445,2.8024917562410656,11.220415115356445,2.8024917562410656,-2.7839770317077637,5.49463415145874
A17,1,-10.945822715759277,2.8757845756708504,10.945822715759277,2.8757845756708504,3.4792490005493164,-0.8993772268295288
A12,1,-11.021002769470215,2.8159744301077283,11.021002769470215,2.8159744301077283,5.685478210449219,5.196591377258301
A12,1,-9.383831024169922,2.487048793384856,9.383831024169922,2.487048793384856,6.584871292114258,4.08297872543335
A18,1,-10.927295684814453,2.6465985227608244,10.927295684814453,2.6465985227608244,6.099590301513672,3.492222309112549
A08,1,-11.182958602905273,2.8314764345237133,11.182958602905273,2.8314764345237133,-0.09445435553789139,-0.18155920505523682
A08,1,-10.24184513092041,2.7812153526403534,10.24184513092041,2.7812153526403534,6.950375556945801,6.476893424987793
A10,1,-10.170909881591797,2.648478701735999,10.170909881591797,2.648478701735999,6.187379837036133,2.7092201709747314
-,0,-10.710741996765137,2.8440396737636795,10.710741996765137,2.8440396737636795,-5.646904945373535,-4.593367576599121
A11,1,-11.063396453857422,2.6727002980802377,11.063396453857422,2.6727002980802377,4.207329750061035,4.801694869995117
A19,1,-9.997964859008789,2.8948257577917884,9.997964859008789,2.8948257577917884,-0.08647947758436203,3.2933027744293213
A13,1,-11.125446319580078,2.791002912652158,11.125446319580078,2.791002912652158,6.544215202331543,8.220099449157715
A10,1,-10.850174903869629,2.8649563455335367,10.850174903869629,2.8649563455335367,1.0900408029556274,1.4482550621032715
A17,1,-11.133580207824707,2.797425614477596,11.133580207824707,2.797425614477596,2.4900941848754883,2.6019086837768555
-,0,-11.152006149291992,2.6534556113607697,11.152006149291992,2.6534556113607697,-5.054373741149902,-5.323896884918213
-,0,-11.21006965637207,2.8084174069322976,11.21006965637207,2.8084174069322976,-6.392622947692871,-4.5288543701171875
-,0,-10.392833709716797,2.7569420568037493,10.392833709716797,2.7569420568037493,-3.974606513977051,-1.417494535446167
A11,1,-11.102235794067383,2.8006861364908304,11.102235794067383,2.8006861364908304,0.0705777183175087,2.4312963485717773
-,0,-10.4644775390625,2.719020733561753,10.4644775390625,2.719020733561753,-6.346804618835449,-1.767948865890503
-,0,-11.276016235351562,2.797999686320986,11.276016235351562,2.797999686320986,-5.435789108276367,-3.5318603515625
-,0,-11.277759552001953,2.7224007366271907,11.277759552001953,2.7224007366271907,-5.113829135894775,-5.191243648529053
-,0,-10.453422546386719,2.7241091849214523,10.453422546386719,2.7241091849214523,-5.852721214294434,-3.471320152282715
-,0,-10.98447322845459,2.833064208140881,10.98447322845459,2.833064208140881,-6.960577964782715,-6.284865379333496
A08,1,-11.33625602722168,2.7310545436978337,11.33625602722168,2.7310545436978337,6.041025161743164,4.910624980926514
A13,1,-10.873821258544922,2.850261276996761,10.873821258544922,2.850261276996761,7.480560302734375,7.287561416625977
-,0,-10.473520278930664,2.7508107054881923,10.473520278930664,2.7508107054881923,1.6823596954345703,-0.423191100358963
A07,1,-11.102947235107422,2.7814555525533966,11.102947235107422,2.7814555525533966,-2.282012701034546,1.1521648168563843
A10,1,-10.815385818481445,2.8028020023268096,10.815385818481445,2.8028020023268096,0.8956836462020874,1.5237058401107788
A11,1,-10.87699031829834,2.656247246468371,10.87699031829834,2.656247246468371,1.207112431526184,1.9399333000183105
-,0,-10.33510971069336,2.802448339673624,10.33510971069336,2.802448339673624,-2.444612979888916,0.3179784119129181
-,0,-11.275176048278809,2.739551800487598,11.275176048278809,2.739551800487598,-9.10090160369873,-4.767098903656006
A07,1,-8.699359893798828,2.578704838245752,8.699359893798828,2.578704838245752,4.613589763641357,6.424831867218018
A13,1,-10.852547645568848,2.7483156028865157,10.852547645568848,2.7483156028865157,6.801731109619141,8.535737991333008
A13,1,-10.394381523132324,2.7358649247811426,10.394381523132324,2.7358649247811426,7.911981105804443,8.847557067871094
-,0,-10.030024528503418,2.859755066969037,10.030024528503418,2.859755066969037,-6.028135299682617,-4.0159101486206055
A08,1,-11.193493843078613,2.8431358212525817,11.193493843078613,2.8431358212525817,5.677403450012207,6.859821319580078
A13,1,-10.760018348693848,2.7384286568713065,10.760018348693848,2.7384286568713065,6.125082015991211,8.796260833740234
A14,1,-11.16878604888916,2.641798123590406,11.16878604888916,2.641798123590406,-0.061138272285461426,3.1562340259552
-,0,-10.816089630126953,2.871567617527575,10.816089630126953,2.871567617527575,-7.115597724914551,-8.285778999328613
A19,1,-11.427846908569336,2.6172747560432104,11.427846908569336,2.6172747560432104,1.5363905429840088,2.3517332077026367
-,0,-10.797473907470703,2.8341729932186053,10.797473907470703,2.8341729932186053,-3.1281073093414307,0.9305797815322876
A19,1,-11.092900276184082,2.707285135490016,11.092900276184082,2.707285135490016,-5.269619464874268,-3.026813507080078
-,0,-11.01827621459961,2.7580597582551993,11.01827621459961,2.7580597582551993,-4.948843479156494,-1.9752885103225708
A07,1,-10.607378959655762,2.6957780436460816,10.607378959655762,2.6957780436460816,5.086285591125488,6.852814674377441
A09,1,-11.050456047058105,2.5983482190672316,11.050456047058105,2.5983482190672316,7.403172016143799,4.719117164611816
-,0,-10.651617050170898,2.8770951779261265,10.651617050170898,2.8770951779261265,-1.5512365102767944,-1.1083238124847412
-,0,-11.208544731140137,2.7523911697494126,11.208544731140137,2.7523911697494126,-3.5218210220336914,-4.881914138793945
-,0,-11.023798942565918,2.783018155280868,11.023798942565918,2.783018155280868,-7.157719612121582,-7.48424768447876
A19,1,-10.86820125579834,2.812383636568997,10.86820125579834,2.812383636568997,-0.8395128846168518,0.32326987385749817
A15,1,-11.031326293945312,2.7484108311111513,11.031326293945312,2.7484108311111513,-0.8986600041389465,3.8726561069488525
-,0,-10.715782165527344,2.8503814840107236,10.715782165527344,2.8503814840107236,-7.303142547607422,-3.9992942810058594
-,0,-10.947354316711426,2.8506536660977146,10.947354316711426,2.8506536660977146,-5.407947540283203,-1.8051379919052124
A19,1,-11.15236759185791,2.7894942614864457,11.15236759185791,2.7894942614864457,0.35957008600234985,-0.03762797266244888
A12,1,-10.889707565307617,2.7736470038750465,10.889707565307617,2.7736470038750465,6.622895240783691,0.690673828125
A14,1,-10.774343490600586,2.8326980599895775,10.774343490600586,2.8326980599895775,3.08626127243042,7.155567169189453
A09,1,-11.042168617248535,2.696021796401995,11.042168617248535,2.696021796401995,-1.3385473489761353,1.0761592388153076
-,0,-10.824719429016113,2.8449217993101836,10.824719429016113,2.8449217993101836,-3.6206037998199463,-2.0487680435180664
A12,1,-10.741244316101074,2.803427008094275,10.741244316101074,2.803427008094275,4.693483829498291,5.285719871520996
A18,1,-10.476383209228516,2.7608704088996237,10.476383209228516,2.7608704088996237,0.2243780791759491,0.8433574438095093
A09,1,-10.819485664367676,2.715392540952591,10.819485664367676,2.715392540952591,7.32974910736084,8.609146118164062
A16,1,-11.080309867858887,2.9071949565354114,11.080309867858887,2.9071949565354114,6.412016868591309,7.330801010131836
-,0,-10.479650497436523,2.7474412964041472,10.479650497436523,2.7474412964041472,-5.949473857879639,-1.6656713485717773
A13,1,-10.816878318786621,2.7926482789340046,10.816878318786621,2.7926482789340046,7.63426399230957,8.860865592956543
A11,1,-10.694009780883789,2.7694267745350447,10.694009780883789,2.7694267745350447,4.765596866607666,5.715605735778809
A15,1,-10.932404518127441,2.6968087413490434,10.932404518127441,2.6968087413490434,-1.6414724588394165,1.7592153549194336
A10,1,-10.717642784118652,2.7173204611414223,10.717642784118652,2.7173204611414223,-2.3918495178222656,0.06068933755159378
A07,1,-10.364380836486816,2.734453766198001,10.364380836486816,2.734453766198001,8.140645027160645,9.262086868286133
A12,1,-9.740639686584473,2.74719790568089,9.740639686584473,2.74719790568089,6.828287124633789,9.20567512512207
A15,1,-10.913196563720703,2.791087085958895,10.913196563720703,2.791087085958895,0.41849809885025024,2.04526424407959
A16,1,-10.826059341430664,2.709325498985642,10.826059341430664,2.709325498985642,3.5939900875091553,1.7954885959625244
A14,1,-10.75200080871582,2.815421472510616,10.75200080871582,2.815421472510616,6.499975204467773,6.4145965576171875
-,0,-10.835993766784668,2.7645017495421724,10.835993766784668,2.7645017495421724,-4.521571636199951,-1.3511765003204346
-,0,-11.225217819213867,2.890973344012963,11.225217819213867,2.890973344012963,-4.4349894523620605,-8.663265228271484
A10,1,-10.850531578063965,2.753908202954589,10.850531578063965,2.753908202954589,2.7389273643493652,2.1077446937561035
-,0,-10.944552421569824,2.7053757990127503,10.944552421569824,2.7053757990127503,-8.161330223083496,-5.744848251342773
A13,1,-9.562966346740723,2.809922283910367,9.562966346740723,2.809922283910367,7.436990737915039,8.6238431930542
-,0,-11.386053085327148,2.5989605691086184,11.386053085327148,2.5989605691086184,-9.670430183410645,-3.184474468231201
A19,1,-11.02567195892334,2.746931943199803,11.02567195892334,2.746931943199803,1.9698166847229004,-0.6776294708251953
A18,1,-11.18617057800293,2.741303658024152,11.18617057800293,2.741303658024152,-4.348652362823486,-0.4115932583808899
A17,1,-11.394543647766113,2.7423550683304065,11.394543647766113,2.7423550683304065,5.928460121154785,4.856874465942383
-,0,-10.961653709411621,2.82375789245626,10.961653709411621,2.82375789245626,-10.474255561828613,-2.293123722076416
-,0,-11.237369537353516,2.7657847485432674,11.237369537353516,2.7657847485432674,-2.626587390899658,-6.311410903930664
A19,1,-11.011150360107422,2.7263640443776547,11.011150360107422,2.7263640443776547,-1.3421438932418823,-1.2935912609100342
A16,1,-10.625073432922363,2.7869328698675826,10.625073432922363,2.7869328698675826,4.789938449859619,9.331046104431152
-,0,-10.927594184875488,2.8169021383036754,10.927594184875488,2.8169021383036754,-9.149643898010254,-7.56851863861084
A17,1,-11.183051109313965,2.763687017405617,11.183051109313965,2.763687017405617,5.494086742401123,8.808341026306152
A09,1,-10.8964204788208,2.8787537847037687,10.8964204788208,2.8787537847037687,6.046224117279053,5.117257595062256
-,0,-11.003081321716309,2.798778687147389,11.003081321716309,2.798778687147389,-7.956471920013428,-5.723179817199707
A16,1,-9.950698852539062,2.758368582599594,9.950698852539062,2.758368582599594,3.932870864868164,5.052799224853516
A19,1,-11.324996948242188,2.5848910754366026,11.324996948242188,2.5848910754366026,5.974762916564941,2.3262972831726074
A10,1,-10.956884384155273,2.773700157202176,10.956884384155273,2.773700157202176,1.2052489519119263,1.1367921829223633
-,0,-10.848705291748047,2.758684809855924,10.848705291748047,2.758684809855924,-3.077277898788452,-0.5576346516609192
-,0,-10.693618774414062,2.73786807555143,10.693618774414062,2.73786807555143,-9.559409141540527,-2.1739501953125
-,0,-10.030871391296387,2.6760962263580894,10.030871391296387,2.6760962263580894,1.0234016180038452,-6.042702674865723
A17,1,-10.839255332946777,2.8245366023846206,10.839255332946777,2.8245366023846206,3.471435785293579,4.2224273681640625
-,0,-11.448863983154297,2.7799259209948217,11.448863983154297,2.7799259209948217,-7.678422451019287,-6.441126823425293
A12,1,-10.160085678100586,2.677577548832642,10.160085678100586,2.677577548832642,6.565045356750488,8.24715805053711
A10,1,-10.658918380737305,2.7439004653185237,10.658918380737305,2.7439004653185237,0.7571811676025391,3.212644577026367
A10,1,-10.583940505981445,2.804060914932643,10.583940505981445,2.804060914932643,4.568999767303467,8.495591163635254
A07,1,-10.06889533996582,2.568026675345298,10.06889533996582,2.568026675345298,6.2215166091918945,5.8562726974487305
-,0,-11.215921401977539,2.6722692326214195,11.215921401977539,2.6722692326214195,-6.805211067199707,-3.617440700531006
-,0,-5.861457824707031,2.585014802717027,5.861457824707031,2.585014802717027,2.6046063899993896,-1.1906251907348633
-,0,-11.452491760253906,2.8011853967101024,11.452491760253906,2.8011853967101024,-2.338581085205078,-5.754423141479492
A15,1,-10.818731307983398,2.679273287507104,10.818731307983398,2.679273287507104,-2.8321187496185303,3.5129754543304443
A09,1,-10.22087574005127,2.7978310204996353,10.22087574005127,2.7978310204996353,7.408818244934082,8.2044095993042
A15,1,-11.041691780090332,2.675726369029632,11.041691780090332,2.675726369029632,3.2871954441070557,2.8261196613311768
A14,1,-10.628836631774902,2.62204874769967,10.628836631774902,2.62204874769967,6.102496147155762,6.854979515075684
A19,1,-11.303305625915527,2.7487559903725636,11.303305625915527,2.7487559903725636,0.4947657287120819,0.6671138405799866
A17,1,-10.876302719116211,2.7721912672755935,10.876302719116211,2.7721912672755935,3.8590340614318848,4.22607946395874
-,0,-11.283180236816406,2.6491279351551933,11.283180236816406,2.6491279351551933,-1.3560723066329956,-5.328558921813965
A19,1,-10.839393615722656,2.8574815265462523,10.839393615722656,2.8574815265462523,-0.7963686585426331,1.5367668867111206
-,0,-11.286806106567383,2.747089851889154,11.286806106567383,2.747089851889154,-7.775635719299316,-6.099670886993408
-,0,-10.793158531188965,2.7627936390651593,10.793158531188965,2.7627936390651593,-5.404621124267578,-4.978981971740723
A10,1,-8.595354080200195,2.690015292497361,8.595354080200195,2.690015292497361,8.517131805419922,5.29360294342041
A08,1,-11.194674491882324,2.841875062419792,11.194674491882324,2.841875062419792,5.072173118591309,7.135822296142578
-,0,-10.877449035644531,2.739768201300985,10.877449035644531,2.739768201300985,-6.526068210601807,-4.492959499359131
A12,1,-10.884223937988281,2.635979675330802,10.884223937988281,2.635979675330802,5.638544082641602,2.501486301422119
-,0,-11.087178230285645,2.7506408097525306,11.087178230285645,2.7506408097525306,-6.5122480392456055,-3.0482897758483887
A09,1,-11.011642456054688,2.822154497834607,11.011642456054688,2.822154497834607,7.619314670562744,6.2652435302734375
A19,1,-10.969452857971191,2.783554737810581,10.969452857971191,2.783554737810581,0.1300373375415802,3.126591682434082
A09,1,-10.939398765563965,2.833089737116077,10.939398765563965,2.833089737116077,1.2051186561584473,4.024067401885986
A11,1,-10.943748474121094,2.8154206253531227,10.943748474121094,2.8154206253531227,5.12523078918457,4.7435407638549805
-,0,-10.81631851196289,2.77115564917413,10.81631851196289,2.77115564917413,-7.37821102142334,-2.573547840118408
A10,1,-11.279069900512695,2.628412690695209,11.279069900512695,2.628412690695209,4.03277587890625,1.450545072555542
A12,1,-9.74108600616455,2.7205722469163263,9.74108600616455,2.7205722469163263,8.389500617980957,4.295046329498291
A10,1,-10.952253341674805,2.72338119661458,10.952253341674805,2.72338119661458,4.257473945617676,3.707629680633545
-,0,-10.59679889678955,2.864612116318271,10.59679889678955,2.864612116318271,-10.442635536193848,-9.691231727600098
-,0,-11.129742622375488,2.7714492147224896,11.129742622375488,2.7714492147224896,-6.162867546081543,-3.1277358531951904
-,0,-11.165153503417969,2.85742650191539,11.165153503417969,2.85742650191539,-0.08349703252315521,-0.11858190596103668
A14,1,-10.790929794311523,2.762374559826732,10.790929794311523,2.762374559826732,2.927280902862549,4.316664695739746
-,0,-10.773453712463379,2.835383286849586,10.773453712463379,2.835383286849586,-3.9704301357269287,-4.620509624481201
A08,1,-10.62233829498291,2.7303423146031727,10.62233829498291,2.7303423146031727,7.784585475921631,7.133827209472656
A12,1,-10.845176696777344,2.789583903502078,10.845176696777344,2.789583903502078,7.495201110839844,6.550380706787109
A12,1,-10.789749145507812,2.7288344360067796,10.789749145507812,2.7288344360067796,6.527311325073242,6.566450595855713
A09,1,-10.761456489562988,2.7601341070034557,10.761456489562988,2.7601341070034557,2.924818277359009,4.742367744445801
A13,1,-10.375716209411621,2.747958442565258,10.375716209411621,2.747958442565258,4.079519271850586,8.737794876098633
-,0,-10.897883415222168,2.7503945993318837,10.897883415222168,2.7503945993318837,-6.44719123840332,-0.2707057297229767
A11,1,-10.733804702758789,2.666234685527928,10.733804702758789,2.666234685527928,7.088624954223633,6.481554985046387
-,0,-10.362594604492188,2.895126487666362,10.362594604492188,2.895126487666362,-0.2827133536338806,-0.7049531936645508
A15,1,-10.50072193145752,2.639290893276967,10.50072193145752,2.639290893276967,5.3362226486206055,5.785966873168945
A14,1,-10.538708686828613,2.7254505764803842,10.538708686828613,2.7254505764803842,5.265449047088623,5.19134521484375
A16,1,-10.451014518737793,2.691552808940636,10.451014518737793,2.691552808940636,9.87098217010498,8.498214721679688
-,0,-10.65916919708252,2.683319964263108,10.65916919708252,2.683319964263108,-6.736023426055908,-0.5262559652328491
A08,1,-10.88693618774414,2.709493491015092,10.88693618774414,2.709493491015092,7.5612945556640625,6.433180809020996
A12,1,-10.812235832214355,2.8113149578079124,10.812235832214355,2.8113149578079124,7.944881916046143,5.416929244995117
-,0,-10.577583312988281,2.672616343207177,10.577583312988281,2.672616343207177,-5.001241683959961,0.16151675581932068
A10,1,-10.81091022491455,2.801088618354218,10.81091022491455,2.801088618354218,4.616573810577393,3.893479108810425
A16,1,-11.243130683898926,2.7597429660639867,11.243130683898926,2.7597429660639867,4.379004955291748,6.2268571853637695
-,0,-10.866402626037598,2.8500559828247796,10.866402626037598,2.8500559828247796,-6.134669303894043,-7.610260009765625
-,0,-10.454160690307617,2.793243942032722,10.454160690307617,2.793243942032722,-6.372546672821045,-3.818847179412842
-,0,-10.278891563415527,2.838379302547653,10.278891563415527,2.838379302547653,1.5442570447921753,-2.3813254833221436
A12,1,-10.438467025756836,2.7321188408633503,10.438467025756836,2.7321188408633503,1.925004243850708,2.507624864578247
-,0,-10.316596031188965,2.931033118449254,10.316596031188965,2.931033118449254,0.7138809561729431,-2.916654586791992
A12,1,-9.081774711608887,2.6181280643925615,9.081774711608887,2.6181280643925615,9.170971870422363,8.583868980407715
A14,1,-10.71774959564209,2.772927614969967,10.71774959564209,2.772927614969967,2.1529808044433594,4.912225723266602
A14,1,-10.73374080657959,2.736719474888463,10.73374080657959,2.736719474888463,-0.7438064217567444,0.8863502740859985
A11,1,-10.512716293334961,2.7698369831119427,10.512716293334961,2.7698369831119427,7.427804946899414,9.086485862731934
A12,1,-10.06719970703125,2.72528679279977,10.06719970703125,2.72528679279977,5.895622253417969,9.760846138000488
A08,1,-10.461651802062988,2.8416590736745544,10.461651802062988,2.8416590736745544,6.07462739944458,7.02202844619751
-,0,-10.96468448638916,2.74577770707051,10.96468448638916,2.74577770707051,-5.846620082855225,-0.3314170241355896
-,0,-10.353120803833008,2.851614841946527,10.353120803833008,2.851614841946527,-4.063681602478027,-0.6874362826347351
A08,1,-10.888062477111816,2.712011774525074,10.888062477111816,2.712011774525074,2.74184250831604,1.6963814496994019
A10,1,-9.916603088378906,2.7128552942748505,9.916603088378906,2.7128552942748505,2.721853017807007,3.2272353172302246
-,0,-10.608270645141602,2.715512667217466,10.608270645141602,2.715512667217466,-3.0431902408599854,1.6191397905349731
A19,1,-11.041142463684082,2.7908838894936285,11.041142463684082,2.7908838894936285,-1.4095985889434814,1.0574846267700195
A07,1,-10.553130149841309,2.7168617232809873,10.553130149841309,2.7168617232809873,2.7677125930786133,3.7999422550201416
A16,1,-8.674520492553711,2.814918024708898,8.674520492553711,2.814918024708898,4.7714691162109375,8.699302673339844
-,0,-11.171098709106445,2.7885015429166895,11.171098709106445,2.7885015429166895,-5.013824939727783,-5.073302745819092
A12,1,-10.938142776489258,2.7246875033839855,10.938142776489258,2.7246875033839855,7.0557780265808105,5.863003730773926
-,0,-10.26124382019043,2.874230520687555,10.26124382019043,2.874230520687555,-5.873882293701172,-1.0819133520126343
A16,1,-10.853727340698242,2.6823380084103423,10.853727340698242,2.6823380084103423,6.1378583908081055,4.5460591316223145
A14,1,-11.072443962097168,2.917244738479133,11.072443962097168,2.917244738479133,4.71212100982666,5.250990867614746
-,0,-10.777194023132324,2.798941719743293,10.777194023132324,2.798941719743293,-7.448157787322998,0.2782180607318878
A19,1,-11.407028198242188,2.696157905301018,11.407028198242188,2.696157905301018,1.5532047748565674,0.25256600975990295
-,0,-10.475798606872559,2.730569844579349,10.475798606872559,2.730569844579349,-9.473658561706543,-7.344293117523193
-,0,-10.580747604370117,2.83850916848692,10.580747604370117,2.83850916848692,-9.793196678161621,-7.953758239746094
A19,1,-11.077925682067871,2.7144901556979555,11.077925682067871,2.7144901556979555,-1.1407791376113892,-1.4234436750411987
-,0,-10.570524215698242,2.836376119919148,10.570524215698242,2.836376119919148,-3.3472177982330322,-1.0674644708633423
A17,1,-10.93737506866455,2.760991307156627,10.93737506866455,2.760991307156627,3.646446943283081,7.1116132736206055
-,0,-11.074088096618652,2.741745782202237,11.074088096618652,2.741745782202237,-10.687199592590332,-5.758120059967041
A16,1,-11.098700523376465,2.852651445257561,11.098700523376465,2.852651445257561,2.627342939376831,2.375976324081421
-,0,-10.731087684631348,2.814296535267309,10.731087684631348,2.814296535267309,0.2507915496826172,-1.0055452585220337
A07,1,-10.496136665344238,2.6596362482472324,10.496136665344238,2.6596362482472324,4.844864845275879,3.623094320297241
A07,1,-10.882920265197754,2.7823487813511125,10.882920265197754,2.7823487813511125,7.722396373748779,8.001832962036133
A11,1,-10.807951927185059,2.7547333095076803,10.807951927185059,2.7547333095076803,4.348175525665283,2.7015302181243896
A08,1,-10.164637565612793,2.7370705608794967,10.164637565612793,2.7370705608794967,8.016207695007324,7.095925331115723
A07,1,-10.89804744720459,2.8167938372056036,10.89804744720459,2.8167938372056036,6.85783576965332,9.923332214355469
A16,1,-10.951876640319824,2.7146801727686665,10.951876640319824,2.7146801727686665,7.072274208068848,4.689356803894043
-,0,-11.043272972106934,2.7727233609143065,11.043272972106934,2.7727233609143065,-10.179534912109375,-7.752168655395508
-,0,-10.851795196533203,2.806429526441778,10.851795196533203,2.806429526441778,-3.72469425201416,-1.6083201169967651
-,0,-10.92470645904541,2.840251921593048,10.92470645904541,2.840251921593048,-12.08571720123291,-1.712726354598999
A12,1,-11.070670127868652,2.8359704751329406,11.070670127868652,2.8359704751329406,6.418059349060059,5.585909366607666
-,0,-10.67626953125,2.8760851476924874,10.67626953125,2.8760851476924874,-5.938127040863037,-1.2189245223999023
A11,1,-10.916337013244629,2.714398972341856,10.916337013244629,2.714398972341856,3.3380682468414307,2.5975146293640137
A12,1,-10.677821159362793,2.615376471187477,10.677821159362793,2.615376471187477,7.619848251342773,9.186100959777832
A10,1,-10.233776092529297,2.640687325112069,10.233776092529297,2.640687325112069,7.049896717071533,7.12396764755249
-,0,-10.668652534484863,2.817793813482577,10.668652534484863,2.817793813482577,-2.6786110401153564,-1.0690579414367676
A19,1,-10.441655158996582,2.822201143552615,10.441655158996582,2.822201143552615,6.086406230926514,4.655150413513184
-,0,-11.11446475982666,2.782457811031225,11.11446475982666,2.782457811031225,-11.45476245880127,-2.666740655899048
A08,1,-11.053948402404785,2.829805275812381,11.053948402404785,2.829805275812381,5.382175922393799,9.035955429077148
A08,1,-11.108047485351562,2.9034406388223704,11.108047485351562,2.9034406388223704,4.042106628417969,5.480340957641602
-,0,-11.215441703796387,2.775933805456486,11.215441703796387,2.775933805456486,-8.316588401794434,-4.166281700134277
A07,1,-10.257235527038574,2.7188924585793983,10.257235527038574,2.7188924585793983,8.006855964660645,8.25454330444336
A14,1,-10.948966979980469,2.804097280527346,10.948966979980469,2.804097280527346,-1.8379374742507935,1.134713888168335
A14,1,-10.624736785888672,2.7821660548738616,10.624736785888672,2.7821660548738616,3.331082582473755,7.706188201904297
A14,1,-10.783567428588867,2.7716636426775314,10.783567428588867,2.7716636426775314,3.8600566387176514,4.906940460205078
A09,1,-10.917558670043945,2.788078001805453,10.917558670043945,2.788078001805453,2.3648712635040283,6.622125625610352
A19,1,-10.35524845123291,2.799775596956641,10.35524845123291,2.799775596956641,2.563476324081421,7.693194389343262
A19,1,-11.051250457763672,2.814887699719832,11.051250457763672,2.814887699719832,4.106109142303467,7.884869575500488
-,0,-10.653719902038574,2.731897794192238,10.653719902038574,2.731897794192238,-3.6710164546966553,-3.1363577842712402
A14,1,-10.827837944030762,2.8527186179040758,10.827837944030762,2.8527186179040758,-1.2633857727050781,3.0120787620544434
A18,1,-10.264331817626953,2.7584606601833594,10.264331817626953,2.7584606601833594,-0.9413356184959412,1.9495248794555664
A11,1,-10.788640975952148,2.736014057005872,10.788640975952148,2.736014057005872,1.2449108362197876,3.1160130500793457
-,0,-10.761762619018555,2.7278204819934957,10.761762619018555,2.7278204819934957,-9.556803703308105,-7.525023460388184
A18,1,-10.705183029174805,2.804266651689155,10.705183029174805,2.804266651689155,-0.7165547609329224,0.04822465032339096
-,0,-10.411287307739258,2.825846162165256,10.411287307739258,2.825846162165256,-3.003997802734375,1.4347094297409058
-,0,-10.74067497253418,2.5904668088258966,10.74067497253418,2.5904668088258966,-4.7770185470581055,-1.5271031856536865
A16,1,-10.945037841796875,2.8192570222190625,10.945037841796875,2.8192570222190625,6.574773788452148,7.672102928161621
A18,1,-11.178789138793945,2.6211623650431823,11.178789138793945,2.6211623650431823,3.669083595275879,4.89111328125
A08,1,-10.582192420959473,2.827770559786726,10.582192420959473,2.827770559786726,7.325153350830078,8.740477561950684
-,0,-10.129376411437988,2.776022889341268,10.129376411437988,2.776022889341268,-4.5237836837768555,-2.9849605560302734
-,0,-10.70525074005127,2.7466105167245902,10.70525074005127,2.7466105167245902,-0.6635732650756836,0.84419846534729
A16,1,-11.14798355102539,2.802851435854164,11.14798355102539,2.802851435854164,4.17607307434082,1.8837320804595947
-,0,-11.177693367004395,2.7768565223074795,11.177693367004395,2.7768565223074795,-9.553696632385254,-5.781303882598877
-,0,-11.208466529846191,2.852278306138217,11.208466529846191,2.852278306138217,-8.414697647094727,-4.990659713745117
-,0,-10.260031700134277,2.80223942389178,10.260031700134277,2.80223942389178,-4.748471260070801,-2.6614830493927
-,0,-10.754173278808594,2.7426101479278566,10.754173278808594,2.7426101479278566,-10.635357856750488,-4.456697463989258
A17,1,-10.780542373657227,2.722063933445513,10.780542373657227,2.722063933445513,2.7087485790252686,6.084721565246582
-,0,-10.790668487548828,2.795632306087962,10.790668487548828,2.795632306087962,-5.826345443725586,-2.5362110137939453
A11,1,-10.90818977355957,2.771113676300898,10.90818977355957,2.771113676300898,4.766149520874023,4.6166276931762695
-,0,-10.981358528137207,2.779348457800282,10.981358528137207,2.779348457800282,1.199386477470398,-2.253530502319336
A12,1,-10.98231029510498,2.873842687774798,10.98231029510498,2.873842687774798,1.8601365089416504,1.4706802368164062
A15,1,-11.168391227722168,2.7699327202734128,11.168391227722168,2.7699327202734128,-3.355458974838257,2.619443893432617
-,0,-10.44458293914795,2.791594219886989,10.44458293914795,2.791594219886989,-1.0694445371627808,3.410155773162842
A14,1,-10.827187538146973,2.8144939376890585,10.827187538146973,2.8144939376890585,-4.449747085571289,5.353127479553223
A19,1,-10.662073135375977,2.7325165378962084,10.662073135375977,2.7325165378962084,-3.307610511779785,1.5319793224334717
A09,1,-10.107298851013184,2.843083815453034,10.107298851013184,2.843083815453034,9.546927452087402,6.992587089538574
A14,1,-10.687623023986816,2.8444606367501306,10.687623023986816,2.8444606367501306,0.17467579245567322,4.680985927581787
-,0,-11.104955673217773,2.7826718642399655,11.104955673217773,2.7826718642399655,-7.345089912414551,-4.9806599617004395
-,0,-10.886816024780273,2.8694081151399953,10.886816024780273,2.8694081151399953,-1.5503225326538086,-4.358401775360107
A09,1,-10.208324432373047,2.8764112072796393,10.208324432373047,2.8764112072796393,8.212870597839355,6.39578914642334
A11,1,-10.623411178588867,2.8115394529799467,10.623411178588867,2.8115394529799467,2.6544461250305176,6.355812072753906
-,0,-10.749541282653809,2.7383187342472763,10.749541282653809,2.7383187342472763,-12.084254264831543,-5.359436988830566
-,0,-10.712982177734375,2.7079085832455734,10.712982177734375,2.7079085832455734,-1.9966806173324585,-1.1290818452835083
A12,1,-10.902277946472168,2.6587300217069703,10.902277946472168,2.6587300217069703,6.701678276062012,5.195618629455566
A12,1,-10.941313743591309,2.804184716014916,10.941313743591309,2.804184716014916,4.255151748657227,-0.7046723365783691
A12,1,-9.263386726379395,2.631652711136593,9.263386726379395,2.631652711136593,7.328223705291748,7.0000433921813965
-,0,-11.276727676391602,2.7528018376796384,11.276727676391602,2.7528018376796384,-11.786099433898926,-8.85198974609375
-,0,-11.569658279418945,2.6595494087849256,11.569658279418945,2.6595494087849256,-4.155152320861816,-3.8113672733306885
A19,1,-11.171342849731445,2.7186068217257193,11.171342849731445,2.7186068217257193,3.7908120155334473,5.667442798614502
-,0,-11.31414794921875,2.766506607653792,11.31414794921875,2.766506607653792,-3.4083797931671143,-4.313012599945068
-,0,-11.173296928405762,2.7244188792487334,11.173296928405762,2.7244188792487334,-7.517617225646973,-1.2016512155532837
A18,1,-11.080785751342773,2.733184741765051,11.080785751342773,2.733184741765051,1.8936861753463745,0.5766255855560303
A16,1,-10.879727363586426,2.687472572529017,10.879727363586426,2.687472572529017,5.919951438903809,7.0858964920043945
A16,1,-10.80137825012207,2.7447049570324964,10.80137825012207,2.7447049570324964,7.335721015930176,8.604891777038574
A08,1,-11.09066104888916,2.813727083531586,11.09066104888916,2.813727083531586,4.796525955200195,6.854146957397461
A08,1,-10.26233196258545,2.789481508328968,10.26233196258545,2.789481508328968,7.002011775970459,7.9604034423828125
A15,1,-11.077652931213379,2.761658275210673,11.077652931213379,2.761658275210673,-2.3795225620269775,2.829066514968872
-,0,-10.979476928710938,2.829662405682667,10.979476928710938,2.829662405682667,-7.588968753814697,-2.790771007537842
A07,1,-10.586965560913086,2.772242798396334,10.586965560913086,2.772242798396334,3.113924741744995,4.973487854003906
A08,1,-10.805968284606934,2.8089870307255125,10.805968284606934,2.8089870307255125,6.847858905792236,8.268583297729492
-,0,-9.977140426635742,2.779614479813893,9.977140426635742,2.779614479813893,-4.72517728805542,-3.1342368125915527
A19,1,-10.870923042297363,2.8718272318634686,10.870923042297363,2.8718272318634686,-4.444520473480225,-0.5980161428451538
A12,1,-11.211483001708984,2.766498582768068,11.211483001708984,2.766498582768068,5.624521255493164,7.921466827392578
A07,1,-10.784460067749023,2.7514081953424956,10.784460067749023,2.7514081953424956,8.332600593566895,10.456101417541504
-,0,-10.771134376525879,2.7669202193900833,10.771134376525879,2.7669202193900833,-3.863819122314453,-4.944179534912109
A16,1,-10.97205638885498,2.6766638843994612,10.97205638885498,2.6766638843994612,4.927032470703125,6.478379249572754
A07,1,-10.968099594116211,2.814267363378389,10.968099594116211,2.814267363378389,4.749932289123535,8.585392951965332
A16,1,-11.195152282714844,2.704737894988577,11.195152282714844,2.704737894988577,2.4623398780822754,6.172206878662109
-,0,-10.421344757080078,2.7908420913148753,10.421344757080078,2.7908420913148753,-4.577722072601318,-1.286035418510437
-,0,-11.043571472167969,2.733416669347882,11.043571472167969,2.733416669347882,-16.954084396362305,-8.92192268371582
A17,1,-10.986857414245605,2.7375332210106613,10.986857414245605,2.7375332210106613,4.714355945587158,3.1149725914001465
-,0,-10.646391868591309,2.8420988064076935,10.646391868591309,2.8420988064076935,-1.5226486921310425,-1.1931993961334229
-,0,-10.907947540283203,2.776766909603701,10.907947540283203,2.776766909603701,-1.3073244094848633,-2.0237388610839844
A07,1,-10.790573120117188,2.788947540273373,10.790573120117188,2.788947540273373,4.026922225952148,4.411965370178223
A16,1,-10.69791316986084,2.8173383101405194,10.69791316986084,2.8173383101405194,6.39561653137207,6.550661087036133
A13,1,-9.81666088104248,2.626329000279381,9.81666088104248,2.626329000279381,8.227062225341797,4.954400062561035
A16,1,-10.344712257385254,2.839621181858971,10.344712257385254,2.839621181858971,8.2304048538208,2.631734609603882
-,0,-10.936842918395996,2.8288188274052883,10.936842918395996,2.8288188274052883,-3.000432252883911,0.6784494519233704
A08,1,-11.1851806640625,2.757688847822361,11.1851806640625,2.757688847822361,0.9345441460609436,4.888207912445068
-,0,-10.999483108520508,2.6431592170589475,10.999483108520508,2.6431592170589475,-8.767578125,-4.63813591003418
A17,1,-11.051721572875977,2.7999643371513887,11.051721572875977,2.7999643371513887,6.4404191970825195,1.4246141910552979
-,0,-10.289527893066406,2.840695250975789,10.289527893066406,2.840695250975789,-0.5174159407615662,-2.0748744010925293
-,0,-10.912464141845703,2.7913169212143245,10.912464141845703,2.7913169212143245,-2.3530380725860596,-0.8852999806404114
A12,1,-10.27738094329834,2.6517995587984626,10.27738094329834,2.6517995587984626,5.282529830932617,6.858505725860596
A07,1,-10.686626434326172,2.795893484899314,10.686626434326172,2.795893484899314,2.1530258655548096,8.580657958984375
-,0,-10.88863754272461,2.8408912254451146,10.88863754272461,2.8408912254451146,-9.892407417297363,-7.177981376647949
A17,1,-10.822930335998535,2.689254894594492,10.822930335998535,2.689254894594492,5.4989705085754395,5.509207248687744
-,0,-10.706719398498535,2.804941033402239,10.706719398498535,2.804941033402239,-8.062901496887207,-4.252183437347412
A19,1,-10.754729270935059,2.9264608330143145,10.754729270935059,2.9264608330143145,-2.3242359161376953,-0.16579006612300873
A14,1,-10.96005630493164,2.6766631570491346,10.96005630493164,2.6766631570491346,2.391946792602539,4.445616245269775
-,0,-11.227063179016113,2.723356834630002,11.227063179016113,2.723356834630002,-4.102662086486816,-1.8292207717895508
A09,1,-10.809280395507812,2.7372607500972594,10.809280395507812,2.7372607500972594,-2.1229662895202637,6.283838272094727
A15,1,-11.016735076904297,2.7615446327761504,11.016735076904297,2.7615446327761504,2.6492996215820312,6.12942361831665
-,0,-10.778040885925293,2.847142739207325,10.778040885925293,2.847142739207325,-6.310121536254883,-5.155126571655273
-,0,-11.199405670166016,2.714915213178818,11.199405670166016,2.714915213178818,-7.183354377746582,-3.3961894512176514
-,0,-10.695987701416016,2.903583729926478,10.695987701416016,2.903583729926478,-7.7648515701293945,-1.6116752624511719
-,0,-11.190558433532715,2.783513489148744,11.190558433532715,2.783513489148744,-10.956886291503906,-3.5396015644073486
A18,1,-10.891761779785156,2.6391923556700974,10.891761779785156,2.6391923556700974,0.8555636405944824,-0.2056414783000946
-,0,-11.090913772583008,2.78035552147736,11.090913772583008,2.78035552147736,-5.137222766876221,-3.586329221725464
-,0,-10.881296157836914,2.7525598203821455,10.881296157836914,2.7525598203821455,-9.495440483093262,-1.614412784576416
-,0,-11.195520401000977,2.836814053498772,11.195520401000977,2.836814053498772,-8.547948837280273,-7.342907428741455
-,0,-10.347002983093262,2.8095620992568175,10.347002983093262,2.8095620992568175,-4.010054588317871,-4.8449554443359375
A11,1,-10.368210792541504,2.8219542057243934,10.368210792541504,2.8219542057243934,6.6335015296936035,7.8372650146484375
-,0,-11.04699993133545,2.6406668177717347,11.04699993133545,2.6406668177717347,-9.355198860168457,-2.435232400894165
-,0,-10.992745399475098,2.793456911869146,10.992745399475098,2.793456911869146,-4.751489639282227,-3.5253043174743652
-,0,-11.114404678344727,2.8285502979539254,11.114404678344727,2.8285502979539254,-4.205782413482666,-6.006349086761475
-,0,-11.233901023864746,2.722777779547594,11.233901023864746,2.722777779547594,-11.365970611572266,-7.496898174285889
-,0,-10.789305686950684,2.8259876018110353,10.789305686950684,2.8259876018110353,-3.682544231414795,-5.516560077667236
A07,1,-10.929237365722656,2.789479709182572,10.929237365722656,2.789479709182572,6.556236267089844,6.229303359985352
-,0,-11.141643524169922,2.7555349047203244,11.141643524169922,2.7555349047203244,-7.056650161743164,-4.3838300704956055
-,0,-10.600287437438965,2.6308898712578856,10.600287437438965,2.6308898712578856,-5.565351963043213,-0.5318173170089722
A17,1,-11.079853057861328,2.7610760729144928,11.079853057861328,2.7610760729144928,6.468393325805664,10.060863494873047
-,0,-10.606977462768555,2.7513752398255376,10.606977462768555,2.7513752398255376,-5.073613166809082,-1.078399896621704
-,0,-11.079285621643066,2.8334712577173446,11.079285621643066,2.8334712577173446,-8.606621742248535,-5.8887128829956055
A12,1,-10.683089256286621,2.718220998426043,10.683089256286621,2.718220998426043,3.538851499557495,3.440178871154785
A17,1,-11.11176586151123,2.641296550118721,11.11176586151123,2.641296550118721,7.079201698303223,9.057936668395996
-,0,-10.955615043640137,2.75788345306851,10.955615043640137,2.75788345306851,-7.097255706787109,-4.009315490722656
A12,1,-11.07337474822998,2.786823067005566,11.07337474822998,2.786823067005566,1.772881031036377,7.828207492828369
A12,1,-11.031401634216309,2.7635048894809993,11.031401634216309,2.7635048894809993,4.874773025512695,3.514498710632324
-,0,-10.82288646697998,2.7466754640611377,10.82288646697998,2.7466754640611377,-9.820693016052246,-3.4073057174682617
A16,1,-11.214131355285645,2.8576822871487395,11.214131355285645,2.8576822871487395,5.678940773010254,9.049314498901367
A09,1,-10.53667163848877,2.7574960987209556,10.53667163848877,2.7574960987209556,3.9111475944519043,7.859269142150879
-,0,-11.140859603881836,2.7214989346299823,11.140859603881836,2.7214989346299823,3.134946823120117,-1.4291130304336548
A18,1,-11.387086868286133,2.795634448436215,11.387086868286133,2.795634448436215,-1.4019761085510254,-1.1632072925567627
-,0,-11.142763137817383,2.7477211748998704,11.142763137817383,2.7477211748998704,-8.642303466796875,-5.295612335205078
A15,1,-10.932717323303223,2.82935757740111,10.932717323303223,2.82935757740111,-1.5187493562698364,3.2324492931365967
-,0,-11.15628719329834,2.8303309427577883,11.15628719329834,2.8303309427577883,-6.498323917388916,-4.978391647338867
-,0,-11.167574882507324,2.8422236117456365,11.167574882507324,2.8422236117456365,-12.688498497009277,-6.639945030212402
A07,1,-11.044285774230957,2.787498416505116,11.044285774230957,2.787498416505116,7.785487174987793,3.4988820552825928
-,0,-11.370018005371094,2.7660506527105952,11.370018005371094,2.7660506527105952,0.9765483736991882,-4.58544921875
A12,1,-10.460664749145508,2.710149840418436,10.460664749145508,2.710149840418436,7.067675590515137,7.020158767700195
A15,1,-11.108463287353516,2.730990651324833,11.108463287353516,2.730990651324833,0.19284206628799438,7.851177215576172
A14,1,-10.719594955444336,2.7877764846309394,10.719594955444336,2.7877764846309394,-1.8618007898330688,4.649774551391602
A16,1,-10.94370174407959,2.6543794990064415,10.94370174407959,2.6543794990064415,2.6214678287506104,0.4992748200893402
-,0,-11.125781059265137,2.610072727523161,11.125781059265137,2.610072727523161,-4.361507415771484,-4.613223075866699
A13,1,-9.607206344604492,2.6234649585151297,9.607206344604492,2.6234649585151297,7.781383514404297,8.90131664276123
A12,1,-10.87387752532959,2.746190665660226,10.87387752532959,2.746190665660226,4.466097831726074,2.874007225036621
A08,1,-10.903508186340332,2.637739784390973,10.903508186340332,2.637739784390973,6.9732666015625,7.880496025085449
A18,1,-11.105178833007812,2.7392106778543757,11.105178833007812,2.7392106778543757,-2.5144107341766357,1.4554822444915771
-,0,-10.6746244430542,2.832087092844884,10.6746244430542,2.832087092844884,-3.477902412414551,-1.4347487688064575
A12,1,-8.865044593811035,2.5893533911253135,8.865044593811035,2.5893533911253135,8.499130249023438,9.583120346069336
-,0,-11.462361335754395,2.603483046779787,11.462361335754395,2.603483046779787,-3.5285990238189697,-3.523390293121338
A12,1,-10.849292755126953,2.6864049172766697,10.849292755126953,2.6864049172766697,7.756190776824951,7.05345344543457
A18,1,-11.24605655670166,2.6601872844734813,11.24605655670166,2.6601872844734813,3.359840154647827,2.5150704383850098
A12,1,-10.316924095153809,2.730628676262332,10.316924095153809,2.730628676262332,8.246367454528809,6.206839084625244
A07,1,-11.000243186950684,2.670489832781979,11.000243186950684,2.670489832781979,0.4211875796318054,5.024690628051758
A15,1,-10.471358299255371,2.8046903049537524,10.471358299255371,2.8046903049537524,4.269343852996826,5.720315933227539
-,0,-10.738269805908203,2.735399085285184,10.738269805908203,2.735399085285184,-1.3781622648239136,-3.248612880706787
A14,1,-10.704265594482422,2.750543928085104,10.704265594482422,2.750543928085104,-0.3391454815864563,3.0823781490325928
A16,1,-10.612717628479004,2.650465809163144,10.612717628479004,2.650465809163144,-1.8457965850830078,-1.3193439245224
A08,1,-11.067554473876953,2.6406923586197566,11.067554473876953,2.6406923586197566,1.1645798683166504,1.756864309310913
A16,1,-11.126843452453613,2.76874132112359,11.126843452453613,2.76874132112359,5.3947343826293945,8.979654312133789
-,0,-11.318391799926758,2.7387381310908747,11.318391799926758,2.7387381310908747,-1.4573211669921875,-5.142446994781494
-,0,-11.044876098632812,2.8098885633640434,11.044876098632812,2.8098885633640434,-3.367650270462036,-6.72863245010376
A17,1,-10.737621307373047,2.7148020013629246,10.737621307373047,2.7148020013629246,5.593059539794922,6.153212547302246
A18,1,-10.89445686340332,2.73628419925889,10.89445686340332,2.73628419925889,-6.716219425201416,0.13931554555892944
A09,1,-11.025558471679688,2.815129052685346,11.025558471679688,2.815129052685346,4.022427558898926,9.100639343261719
A09,1,-10.846179008483887,2.6910177952346386,10.846179008483887,2.6910177952346386,0.7104425430297852,7.081190586090088
A07,1,-10.285534858703613,2.6732421373946123,10.285534858703613,2.6732421373946123,6.279916286468506,9.333189010620117
-,0,-11.29317855834961,2.7308763991565406,11.29317855834961,2.7308763991565406,-2.393662691116333,-2.357321262359619
-,0,-11.246515274047852,2.7786097801404357,11.246515274047852,2.7786097801404357,-7.022242069244385,-3.11570405960083
-,0,-10.81826400756836,2.581486552810231,10.81826400756836,2.581486552810231,-3.507556200027466,-3.251030921936035
A16,1,-11.08889102935791,2.6426216416274873,11.08889102935791,2.6426216416274873,5.976572513580322,3.2198293209075928
A13,1,-10.765107154846191,2.887021333474397,10.765107154846191,2.887021333474397,4.160216808319092,4.460116386413574
A14,1,-11.065878868103027,2.7038804352839843,11.065878868103027,2.7038804352839843,5.987512111663818,6.6247992515563965
A07,1,-8.99991226196289,2.6931096692067436,8.99991226196289,2.6931096692067436,8.30118465423584,10.051570892333984
A14,1,-10.846415519714355,2.7056371394570347,10.846415519714355,2.7056371394570347,1.3276234865188599,7.690733909606934
A10,1,-8.89787483215332,2.6487785550812313,8.89787483215332,2.6487785550812313,7.86298942565918,10.127744674682617
A16,1,-9.901517868041992,2.487684906413324,9.901517868041992,2.487684906413324,7.869959354400635,2.410341262817383
-,0,-10.61655330657959,2.804290198726415,10.61655330657959,2.804290198726415,-4.843606948852539,-1.2957712411880493
-,0,-10.1458740234375,2.8688846989024426,10.1458740234375,2.8688846989024426,-0.5838369727134705,-1.6266474723815918
A10,1,-10.653641700744629,2.8415661727654977,10.653641700744629,2.8415661727654977,1.3742445707321167,3.1696479320526123
A19,1,-11.376459121704102,2.7381394781221644,11.376459121704102,2.7381394781221644,-1.3493770360946655,-1.1836706399917603
A15,1,-10.963971138000488,2.78733395898767,10.963971138000488,2.78733395898767,7.242739200592041,6.649511337280273
-,0,-11.247090339660645,2.750880213996305,11.247090339660645,2.750880213996305,2.214480400085449,-0.9862428903579712
-,0,-10.818192481994629,2.73992392385169,10.818192481994629,2.73992392385169,-10.063146591186523,-2.059929847717285
A13,1,-10.94454574584961,2.7450382550192414,10.94454574584961,2.7450382550192414,6.655752182006836,8.65695571899414
-,0,-11.059085845947266,2.734477154053899,11.059085845947266,2.734477154053899,1.4695528745651245,-1.7680842876434326
-,0,-10.526848793029785,2.8159970448490568,10.526848793029785,2.8159970448490568,-4.993843078613281,-6.864566326141357
A12,1,-10.896713256835938,2.728164343010953,10.896713256835938,2.728164343010953,5.215926170349121,7.039919853210449
-,0,-10.808953285217285,2.899215963620348,10.808953285217285,2.899215963620348,-7.7510528564453125,-0.34062033891677856
-,0,-10.744189262390137,2.8129130735684735,10.744189262390137,2.8129130735684735,-4.5227274894714355,-2.364661455154419
-,0,-10.80459976196289,2.881603117860204,10.80459976196289,2.881603117860204,-6.245552062988281,-4.614641189575195
A10,1,-10.504716873168945,2.7221777505597387,10.504716873168945,2.7221777505597387,6.2972307205200195,5.422609806060791
A09,1,-10.873862266540527,2.823356617558046,10.873862266540527,2.823356617558046,7.030050754547119,7.971687316894531
A08,1,-10.359084129333496,2.769609645033122,10.359084129333496,2.769609645033122,6.148665428161621,8.614537239074707
-,0,-10.992984771728516,2.803305323582599,10.992984771728516,2.803305323582599,-4.874847412109375,-7.211695671081543
A11,1,-9.388542175292969,2.880937070491534,9.388542175292969,2.880937070491534,9.901399612426758,4.5767316818237305
-,0,-10.897381782531738,2.761745393354839,10.897381782531738,2.761745393354839,-12.334992408752441,-6.962367057800293
A07,1,-10.892876625061035,2.809099047433721,10.892876625061035,2.809099047433721,4.187241077423096,1.6666256189346313
-,0,-11.176736831665039,2.6880057620259556,11.176736831665039,2.6880057620259556,-5.273458480834961,-2.49150013923645
-,0,-11.252314567565918,2.738520515323558,11.252314567565918,2.738520515323558,-5.201319217681885,-1.8692015409469604
-,0,-11.070849418640137,2.655249929564912,11.070849418640137,2.655249929564912,-2.2376582622528076,3.903057336807251
-,0,-10.978804588317871,2.818433664901723,10.978804588317871,2.818433664901723,-10.739158630371094,-7.575662136077881
A08,1,-10.725614547729492,2.7669712548313377,10.725614547729492,2.7669712548313377,8.582734107971191,9.318536758422852
A09,1,-10.75232219696045,2.7853464497666196,10.75232219696045,2.7853464497666196,7.772416114807129,8.842248916625977
A15,1,-10.98483657836914,2.7833713476574644,10.98483657836914,2.7833713476574644,-0.12763482332229614,3.2590627670288086
A09,1,-10.691041946411133,2.7654847644670184,10.691041946411133,2.7654847644670184,7.756652355194092,9.545707702636719
-,0,-10.953157424926758,2.7979409180554025,10.953157424926758,2.7979409180554025,-4.046670913696289,-3.520718812942505
A08,1,-11.440340042114258,2.757769353091255,11.440340042114258,2.757769353091255,4.151546001434326,6.586982727050781
A19,1,-11.077948570251465,2.8405202886307412,11.077948570251465,2.8405202886307412,2.0474307537078857,-0.44454899430274963
A07,1,-10.196290969848633,2.8823770893022544,10.196290969848633,2.8823770893022544,4.02127742767334,4.469856262207031
A11,1,-10.8295259475708,2.6775218802539786,10.8295259475708,2.6775218802539786,-2.7170207500457764,2.426905632019043
A18,1,-11.271066665649414,2.8053716918024145,11.271066665649414,2.8053716918024145,3.11893892288208,3.576193332672119
-,0,-10.711791038513184,2.8632243025502793,10.711791038513184,2.8632243025502793,-5.497880935668945,-0.08795810490846634
-,0,-10.484832763671875,2.771485724360214,10.484832763671875,2.771485724360214,0.25064733624458313,-1.0028225183486938
A10,1,-9.33444881439209,2.6226332673904658,9.33444881439209,2.6226332673904658,8.221213340759277,7.018878936767578
A09,1,-10.993293762207031,2.7314554078938342,10.993293762207031,2.7314554078938342,4.60558557510376,4.2126874923706055
-,0,-10.855473518371582,2.765044184636092,10.855473518371582,2.765044184636092,1.7915074825286865,-0.8270361423492432
A11,1,-11.051337242126465,2.7800661422605972,11.051337242126465,2.7800661422605972,2.004568099975586,2.2118191719055176
A15,1,-10.57968807220459,2.7340849692303415,10.57968807220459,2.7340849692303415,8.363286018371582,5.507271766662598
A16,1,-10.638270378112793,2.52846677414145,10.638270378112793,2.52846677414145,-0.11823820322751999,0.266164094209671
-,0,-11.21544075012207,2.7270810312119615,11.21544075012207,2.7270810312119615,-11.167824745178223,-6.372138023376465
-,0,-11.41221809387207,2.739552764715662,11.41221809387207,2.739552764715662,-5.679333209991455,-4.439675331115723
A08,1,-10.396994590759277,2.8537226437431573,10.396994590759277,2.8537226437431573,7.335806846618652,6.606289863586426
A19,1,-10.721128463745117,2.7745258789577627,10.721128463745117,2.7745258789577627,-0.022721655666828156,-0.43134453892707825
A08,1,-10.604065895080566,2.5663003041072203,10.604065895080566,2.5663003041072203,6.746355056762695,9.96556282043457
A08,1,-10.744828224182129,2.726589236577118,10.744828224182129,2.726589236577118,1.993546724319458,6.689664363861084
A11,1,-10.56161117553711,2.7156650535167324,10.56161117553711,2.7156650535167324,4.867913246154785,6.9257612228393555
-,0,-10.360448837280273,2.6740986097062134,10.360448837280273,2.6740986097062134,-12.648050308227539,-5.12999963760376
A14,1,-10.815242767333984,2.717300639716102,10.815242767333984,2.717300639716102,1.2049038410186768,2.431940793991089
A08,1,-10.93356704711914,2.7768483625598166,10.93356704711914,2.7768483625598166,6.576220512390137,9.46502685546875
A07,1,-10.425227165222168,2.749511478340132,10.425227165222168,2.749511478340132,6.394143104553223,7.981906890869141
-,0,-10.828622817993164,2.864575704022512,10.828622817993164,2.864575704022512,-10.869963645935059,-2.969407558441162
-,0,-10.818403244018555,2.8296285449326795,10.818403244018555,2.8296285449326795,-0.7278639078140259,-0.723560094833374
-,0,-10.945901870727539,2.9238333957512803,10.945901870727539,2.9238333957512803,-4.42177152633667,0.16707569360733032
-,0,-11.225334167480469,2.7162376610104744,11.225334167480469,2.7162376610104744,-7.922311782836914,-8.362897872924805
-,0,-10.867669105529785,2.7682017172178295,10.867669105529785,2.7682017172178295,-2.3075554370880127,-1.1412088871002197
-,0,-11.021726608276367,2.831268855776926,11.021726608276367,2.831268855776926,-1.339839220046997,-1.3100812435150146
A09,1,-10.832391738891602,2.75065205583978,10.832391738891602,2.75065205583978,0.02341117337346077,4.622359275817871
A19,1,-10.829838752746582,2.86448146858665,10.829838752746582,2.86448146858665,-1.3812705278396606,-0.7953484654426575
-,0,-11.017595291137695,2.7977523314448294,11.017595291137695,2.7977523314448294,-12.390748977661133,-4.175619125366211
A19,1,-10.836507797241211,2.7825635631498513,10.836507797241211,2.7825635631498513,-0.8447443842887878,-0.34134602546691895
A08,1,-10.919696807861328,2.731138374982289,10.919696807861328,2.731138374982289,5.157900810241699,4.7060441970825195
A08,1,-8.133498191833496,2.772645296809585,8.133498191833496,2.772645296809585,4.992045879364014,7.461081027984619
-,0,-10.898964881896973,2.8076592916924126,10.898964881896973,2.8076592916924126,-3.432184934616089,-1.1992734670639038
A14,1,-11.227099418640137,2.809108590026427,11.227099418640137,2.809108590026427,5.4029130935668945,5.516985893249512
A12,1,-10.625786781311035,2.650785986650116,10.625786781311035,2.650785986650116,6.781369209289551,9.681524276733398
-,0,-10.973165512084961,2.7431752974810935,10.973165512084961,2.7431752974810935,-10.13502025604248,-5.254571437835693
A07,1,-10.942461013793945,2.8100213305424546,10.942461013793945,2.8100213305424546,4.690773010253906,4.600069522857666
A10,1,-10.664762496948242,2.8289339941809857,10.664762496948242,2.8289339941809857,2.150189161300659,5.987608909606934
-,0,-10.911402702331543,2.653941505902476,10.911402702331543,2.653941505902476,-12.773528099060059,-4.3017120361328125
-,0,-11.433968544006348,2.7405242990387424,11.433968544006348,2.7405242990387424,-5.3091559410095215,-1.5551764965057373
A11,1,-10.74776554107666,2.9143108220074225,10.74776554107666,2.9143108220074225,9.061128616333008,8.270172119140625
A13,1,-10.861538887023926,2.6869055717177486,10.861538887023926,2.6869055717177486,7.278668403625488,6.283173561096191
A07,1,-10.633766174316406,2.7128593555813154,10.633766174316406,2.7128593555813154,8.881974220275879,5.191003322601318
-,0,-11.302512168884277,2.700435491710105,11.302512168884277,2.700435491710105,-6.5365376472473145,-2.1442651748657227
A11,1,-10.223492622375488,2.8806580404674165,10.223492622375488,2.8806580404674165,7.165092945098877,7.713043212890625
A09,1,-10.70824909210205,2.768247785121659,10.70824909210205,2.768247785121659,2.001539707183838,5.926918983459473
A17,1,-11.198844909667969,2.7059143298206476,11.198844909667969,2.7059143298206476,5.2371506690979,4.748780250549316
A09,1,-10.77595329284668,2.7241609006401006,10.77595329284668,2.7241609006401006,3.290233850479126,0.14462345838546753
A17,1,-11.026762008666992,2.835035897083952,11.026762008666992,2.835035897083952,3.913602352142334,1.760857343673706
-,0,-10.450187683105469,2.80663046170453,10.450187683105469,2.80663046170453,-10.060571670532227,-0.8959337472915649
-,0,-10.777703285217285,2.8089595305932615,10.777703285217285,2.8089595305932615,-6.516637802124023,-1.2603065967559814
-,0,-11.171822547912598,2.82508764240233,11.171822547912598,2.82508764240233,-8.284285545349121,-8.859736442565918
A18,1,-10.838987350463867,2.723539252347142,10.838987350463867,2.723539252347142,5.83525276184082,8.52481460571289
A16,1,-10.764524459838867,2.7162078357489214,10.764524459838867,2.7162078357489214,0.620713472366333,2.6582531929016113
A18,1,-10.539928436279297,2.766322894330949,10.539928436279297,2.766322894330949,-2.997396469116211,-0.6745604276657104
A15,1,-10.713030815124512,2.7814747948831475,10.713030815124512,2.7814747948831475,-2.3371224403381348,6.74229621887207
A13,1,-10.951981544494629,2.8413147182169824,10.951981544494629,2.8413147182169824,7.951904296875,8.685113906860352
A07,1,-10.56516170501709,2.7672802914715,10.56516170501709,2.7672802914715,3.5390350818634033,7.685555458068848
A13,1,-10.890809059143066,2.8509168030536824,10.890809059143066,2.8509168030536824,7.814584255218506,10.655450820922852
A07,1,-10.270520210266113,2.73965849905547,10.270520210266113,2.73965849905547,6.709242820739746,5.613319396972656
A16,1,-11.11029052734375,2.7741758060393686,11.11029052734375,2.7741758060393686,8.728463172912598,9.10970687866211
-,0,-10.76736831665039,2.8465766611258188,10.76736831665039,2.8465766611258188,-2.026514768600464,-1.1268728971481323
-,0,-10.313838005065918,2.825363380332696,10.313838005065918,2.825363380332696,-5.23098087310791,-2.1443374156951904
A11,1,-10.970939636230469,2.6402124745877957,10.970939636230469,2.6402124745877957,3.125636339187622,4.462721347808838
A16,1,-10.56882095336914,2.833025385376469,10.56882095336914,2.833025385376469,0.1425221860408783,-2.1417863368988037
A12,1,-10.651317596435547,2.7581605576869443,10.651317596435547,2.7581605576869443,4.9922776222229,4.063898086547852
A11,1,-10.159661293029785,2.674883105488207,10.159661293029785,2.674883105488207,6.112222671508789,3.1413307189941406
A17,1,-11.267632484436035,2.7106451284823536,11.267632484436035,2.7106451284823536,6.452155113220215,1.847471833229065
A11,1,-10.911735534667969,2.672262303656106,10.911735534667969,2.672262303656106,7.799480438232422,7.881292343139648
-,0,-10.98693561553955,2.8033229927200356,10.98693561553955,2.8033229927200356,-7.5660529136657715,-5.0173726081848145
A11,1,-10.835227966308594,2.648131779473867,10.835227966308594,2.648131779473867,7.289977073669434,3.5820741653442383
A08,1,-11.04547119140625,2.722140852930464,11.04547119140625,2.722140852930464,5.070581436157227,6.229587554931641
A17,1,-10.670125007629395,2.809642384763264,10.670125007629395,2.809642384763264,4.370954990386963,3.797844886779785
A15,1,-10.750879287719727,2.795840957130166,10.750879287719727,2.795840957130166,-0.16789117455482483,5.183218955993652
A11,1,-10.779021263122559,2.7809384803987633,10.779021263122559,2.7809384803987633,4.990422248840332,3.354315757751465
-,0,-10.989217758178711,2.6911409583393864,10.989217758178711,2.6911409583393864,-10.193501472473145,-7.734506607055664
A13,1,-10.948575019836426,2.8322172269193264,10.948575019836426,2.8322172269193264,6.06203031539917,5.303043365478516
-,0,-11.094891548156738,2.8751112377333596,11.094891548156738,2.8751112377333596,-1.119979739189148,-0.6833874583244324
-,0,-10.899900436401367,2.6851354328091044,10.899900436401367,2.6851354328091044,-4.684967517852783,-1.1674211025238037
A11,1,-10.816503524780273,2.799260997849591,10.816503524780273,2.799260997849591,0.8234127759933472,3.743968963623047
A14,1,-11.015589714050293,2.6882726295944295,11.015589714050293,2.6882726295944295,-3.4106948375701904,0.9987838268280029
-,0,-10.760702133178711,2.754886541684828,10.760702133178711,2.754886541684828,-5.786657333374023,-1.7207547426223755
A15,1,-11.02342414855957,2.7942764136916893,11.02342414855957,2.7942764136916893,-2.361877918243408,2.4970879554748535
-,0,-10.18414306640625,2.8330843196083935,10.18414306640625,2.8330843196083935,-6.937516212463379,-2.3144164085388184
-,0,-10.766044616699219,2.731412538933825,10.766044616699219,2.731412538933825,-9.353686332702637,-5.891479969024658
-,0,-11.051461219787598,2.9051199730368613,11.051461219787598,2.9051199730368613,-7.891479015350342,-2.6798930168151855
A07,1,-9.25475788116455,2.707347320203564,9.25475788116455,2.707347320203564,7.366640090942383,3.425699234008789
A12,1,-9.193914413452148,2.7295876755296127,9.193914413452148,2.7295876755296127,4.0097856521606445,4.5420403480529785
A19,1,-10.711006164550781,2.772974185353674,10.711006164550781,2.772974185353674,-7.406150817871094,-0.8649687767028809
-,0,-10.586115837097168,2.8450461518596177,10.586115837097168,2.8450461518596177,-12.617806434631348,-7.341888427734375
-,0,-11.159772872924805,2.6395930404573518,11.159772872924805,2.6395930404573518,-2.465681791305542,-3.4814822673797607
-,0,-10.936502456665039,2.8706260703815287,10.936502456665039,2.8706260703815287,-7.560080528259277,-2.785388231277466
-,0,-10.314449310302734,2.822402345569621,10.314449310302734,2.822402345569621,-0.4505113661289215,-2.704639196395874
A16,1,-10.304654121398926,2.835060826251857,10.304654121398926,2.835060826251857,2.3401753902435303,1.391808032989502
A17,1,-11.028946876525879,2.6651727251202963,11.028946876525879,2.6651727251202963,3.8219053745269775,3.8429744243621826
-,0,-10.378739356994629,2.8571599925741005,10.378739356994629,2.8571599925741005,-9.956948280334473,-5.970770835876465
A14,1,-10.445802688598633,2.807363521203186,10.445802688598633,2.807363521203186,-0.9993773102760315,5.425736904144287
-,0,-11.249180793762207,2.6594325273100403,11.249180793762207,2.6594325273100403,-6.8116960525512695,-5.1581926345825195
A16,1,-11.07278823852539,2.760788079446764,11.07278823852539,2.760788079446764,5.9205474853515625,8.805606842041016
A19,1,-10.966408729553223,2.845288112173933,10.966408729553223,2.845288112173933,-7.393106937408447,-0.9937203526496887
-,0,-10.732892990112305,2.844895392601029,10.732892990112305,2.844895392601029,-4.523226261138916,-8.552783966064453
-,0,-10.941624641418457,2.7157611114667173,10.941624641418457,2.7157611114667173,-10.866930961608887,-6.359279632568359
-,0,-10.647353172302246,2.8438057771971237,10.647353172302246,2.8438057771971237,-4.628318786621094,-1.0970933437347412
-,0,-10.858262062072754,2.6526879127130707,10.858262062072754,2.6526879127130707,-9.620156288146973,-8.445556640625
-,0,-10.893646240234375,2.6722838923675107,10.893646240234375,2.6722838923675107,-10.077826499938965,-6.345128059387207
-,0,-10.75636100769043,2.6798817223559115,10.75636100769043,2.6798817223559115,-6.384310722351074,-3.799682140350342
-,0,-10.891465187072754,2.745455153868597,10.891465187072754,2.745455153868597,-3.5543887615203857,-0.6139211654663086
A07,1,-10.790938377380371,2.8493387041030784,10.790938377380371,2.8493387041030784,4.650480270385742,3.766153573989868
A18,1,-10.710232734680176,2.849042207629133,10.710232734680176,2.849042207629133,1.0254027843475342,-1.1450191736221313
-,0,-10.695709228515625,2.7775315587833487,10.695709228515625,2.7775315587833487,4.000037670135498,2.3516902923583984
-,0,-11.331313133239746,2.7502721899466764,11.331313133239746,2.7502721899466764,-3.8267247676849365,-4.8824462890625
A12,1,-10.737857818603516,2.773273500238292,10.737857818603516,2.773273500238292,3.1484696865081787,0.26415136456489563
-,0,-10.576593399047852,2.8262848688857827,10.576593399047852,2.8262848688857827,-5.727564811706543,-3.4222331047058105
A10,1,-10.64124870300293,2.791214351452722,10.64124870300293,2.791214351452722,2.299819231033325,1.399050235748291
-,0,-11.25797176361084,2.7591234695081805,11.25797176361084,2.7591234695081805,-8.53139591217041,-5.196964740753174
A08,1,-11.03780746459961,2.680029884925467,11.03780746459961,2.680029884925467,5.738895416259766,6.5865278244018555
-,0,-10.717098236083984,2.8990899601939253,10.717098236083984,2.8990899601939253,-2.8616244792938232,-0.8528069853782654
-,0,-11.212230682373047,2.726607773264946,11.212230682373047,2.726607773264946,-7.102898597717285,-5.885061264038086
-,0,-11.142953872680664,2.7702057524827324,11.142953872680664,2.7702057524827324,-7.328269958496094,-3.341043710708618
-,0,-10.512821197509766,2.6500204650525045,10.512821197509766,2.6500204650525045,-7.8466796875,-1.0276535749435425
A11,1,-11.043401718139648,2.757568464947966,11.043401718139648,2.757568464947966,-2.0636162757873535,1.6918624639511108
A12,1,-10.828511238098145,2.787367555657327,10.828511238098145,2.787367555657327,6.27019739151001,5.2126264572143555
-,0,-11.234354019165039,2.604282348196155,11.234354019165039,2.604282348196155,-7.0767974853515625,-5.354144096374512
-,0,-11.554879188537598,2.7852732583853266,11.554879188537598,2.7852732583853266,-8.069650650024414,-8.661503791809082
-,0,-10.584819793701172,2.842475880301813,10.584819793701172,2.842475880301813,3.3872430324554443,-0.8409119844436646
-,0,-11.131450653076172,2.7882757754310368,11.131450653076172,2.7882757754310368,-7.862375736236572,-1.2684154510498047
-,0,-10.717638969421387,2.7329195863905125,10.717638969421387,2.7329195863905125,-3.99430251121521,-5.759707927703857
-,0,-10.937261581420898,2.681033930683982,10.937261581420898,2.681033930683982,-3.8437788486480713,-1.3827219009399414
-,0,-11.038138389587402,2.8021279379582706,11.038138389587402,2.8021279379582706,-7.131792068481445,-3.4126436710357666
A10,1,-10.17645263671875,2.6552171755719782,10.17645263671875,2.6552171755719782,5.757228374481201,5.399868011474609
A19,1,-10.37362289428711,2.8863749135927117,10.37362289428711,2.8863749135927117,0.7247283458709717,3.9833126068115234
A10,1,-10.827421188354492,2.7872030199207005,10.827421188354492,2.7872030199207005,-6.244490146636963,0.42976292967796326
A11,1,-10.455914497375488,2.7637653980333035,10.455914497375488,2.7637653980333035,5.464840412139893,8.388408660888672
A15,1,-10.640132904052734,2.8666516339667085,10.640132904052734,2.8666516339667085,6.9529924392700195,7.818270683288574
A11,1,-10.981197357177734,2.603186002221515,10.981197357177734,2.603186002221515,-0.8792324066162109,1.5176806449890137
-,0,-11.437949180603027,2.6495521691590898,11.437949180603027,2.6495521691590898,-3.3197052478790283,-3.998751401901245
A19,1,-10.733546257019043,2.8489550907777375,10.733546257019043,2.8489550907777375,0.19781357049942017,-2.022892475128174
A19,1,-10.662666320800781,2.7863920254214736,10.662666320800781,2.7863920254214736,-0.42119014263153076,2.575644016265869
A13,1,-10.99865436553955,2.7673202753845056,10.99865436553955,2.7673202753845056,6.355691432952881,9.150080680847168
A19,1,-10.76956558227539,2.9064836632596447,10.76956558227539,2.9064836632596447,-3.630533218383789,-1.3840360641479492
A19,1,-10.556042671203613,2.919501917371649,10.556042671203613,2.919501917371649,6.356054782867432,1.6630293130874634
A12,1,-10.999127388000488,2.7899291074203294,10.999127388000488,2.7899291074203294,6.310352325439453,6.521360397338867
-,0,-10.857206344604492,2.8848859078868947,10.857206344604492,2.8848859078868947,-1.515551209449768,-1.3654626607894897
-,0,-10.907770156860352,2.8132255101615278,10.907770156860352,2.8132255101615278,-3.705219030380249,-5.353427410125732
A07,1,-10.929370880126953,2.7932128439309896,10.929370880126953,2.7932128439309896,6.686009407043457,8.677530288696289
A07,1,-9.395245552062988,2.6718766218709065,9.395245552062988,2.6718766218709065,8.451367378234863,7.021781921386719
-,0,-10.829340934753418,2.75542368807724,10.829340934753418,2.75542368807724,-9.022268295288086,-2.4922800064086914
-,0,-10.252832412719727,2.8971833899506034,10.252832412719727,2.8971833899506034,-2.813215494155884,-2.726555585861206
A17,1,-10.798471450805664,2.7502830020008577,10.798471450805664,2.7502830020008577,-2.257793664932251,-0.7492876648902893
A13,1,-10.866307258605957,2.8445856048598954,10.866307258605957,2.8445856048598954,6.757843017578125,9.109538078308105
A12,1,-10.410207748413086,2.767957381218728,10.410207748413086,2.767957381218728,5.384438514709473,6.668518543243408
-,0,-10.714073181152344,2.7436624452515295,10.714073181152344,2.7436624452515295,-9.099026679992676,-3.74900484085083
A08,1,-10.666682243347168,2.8093716645835,10.666682243347168,2.8093716645835,5.029426574707031,2.8811798095703125
-,0,-11.34384822845459,2.6925201292261143,11.34384822845459,2.6925201292261143,-5.9288740158081055,-3.1446452140808105
-,0,-11.185135841369629,2.729684289219885,11.185135841369629,2.729684289219885,-4.833589553833008,-5.569463729858398
A18,1,-11.077432632446289,2.766083945580132,11.077432632446289,2.766083945580132,-2.79909348487854,0.1995249092578888
A12,1,-9.980870246887207,2.8090590571583602,9.980870246887207,2.8090590571583602,5.906745910644531,8.04719066619873
A09,1,-11.021950721740723,2.7071554466522314,11.021950721740723,2.7071554466522314,6.388140678405762,10.353734970092773
A16,1,-11.009687423706055,2.7168520073776143,11.009687423706055,2.7168520073776143,6.063068866729736,1.252070665359497
A16,1,-8.60832691192627,2.720898043992606,8.60832691192627,2.720898043992606,6.1284379959106445,4.538959980010986
-,0,-10.133719444274902,2.76137132249657,10.133719444274902,2.76137132249657,-6.474906921386719,-0.9626873731613159
-,0,-10.475479125976562,2.7111641934329236,10.475479125976562,2.7111641934329236,-8.53065013885498,-3.793151378631592
-,0,-10.310620307922363,2.7522977373309656,10.310620307922363,2.7522977373309656,-6.246097564697266,-3.9952685832977295
A15,1,-10.954008102416992,2.70838995264006,10.954008102416992,2.70838995264006,3.286705732345581,6.223320007324219
-,0,-11.040342330932617,2.681460461034524,11.040342330932617,2.681460461034524,-3.9138994216918945,-2.993656635284424
A12,1,-10.955974578857422,2.7112094699816165,10.955974578857422,2.7112094699816165,6.173223495483398,2.7647018432617188
-,0,-11.119120597839355,2.8875648122819997,11.119120597839355,2.8875648122819997,-3.5052249431610107,-1.3640655279159546
-,0,-10.910567283630371,2.7213020400521675,10.910567283630371,2.7213020400521675,-2.7411959171295166,-3.2102227210998535
A17,1,-10.746663093566895,2.8598324382912073,10.746663093566895,2.8598324382912073,5.720324516296387,8.43581771850586
A15,1,-10.886704444885254,2.753890561897385,10.886704444885254,2.753890561897385,2.0666468143463135,5.197953224182129
A07,1,-10.536276817321777,2.7618421691391957,10.536276817321777,2.7618421691391957,9.327214241027832,10.410005569458008
-,0,-11.047670364379883,2.8826490979973207,11.047670364379883,2.8826490979973207,-5.328904151916504,-2.7745261192321777
-,0,-11.294327735900879,2.7778776339742355,11.294327735900879,2.7778776339742355,-9.970657348632812,-2.321880340576172
A19,1,-11.10433292388916,2.662753427004062,11.10433292388916,2.662753427004062,-0.48748230934143066,-0.38462167978286743
A07,1,-11.244644165039062,2.8818294699234497,11.244644165039062,2.8818294699234497,6.886031150817871,10.896862030029297
A07,1,-10.714278221130371,2.6725477439601617,10.714278221130371,2.6725477439601617,-0.5834401249885559,1.366164207458496
A17,1,-11.184814453125,2.703939351819277,11.184814453125,2.703939351819277,3.109567403793335,5.327882289886475
A08,1,-10.639412879943848,2.7738188492449805,10.639412879943848,2.7738188492449805,-4.940525054931641,5.359550952911377
-,0,-11.173882484436035,2.8129699929669436,11.173882484436035,2.8129699929669436,-8.64871597290039,-5.584137916564941
-,0,-10.683427810668945,2.757111401101552,10.683427810668945,2.757111401101552,-5.136996746063232,-0.4218353033065796
A10,1,-8.440091133117676,2.646208657265709,8.440091133117676,2.646208657265709,9.315729141235352,2.310641288757324
-,0,-10.897875785827637,2.600811075911474,10.897875785827637,2.600811075911474,-3.8347179889678955,-0.8802558183670044
A08,1,-10.555006980895996,2.7309108457664752,10.555006980895996,2.7309108457664752,8.03306770324707,6.145885467529297
-,0,-10.68737506866455,2.8718393569464538,10.68737506866455,2.8718393569464538,-10.39392375946045,-3.839461088180542
-,0,-10.779885292053223,2.779892663956306,10.779885292053223,2.779892663956306,1.3765419721603394,1.7127022743225098
A18,1,-11.305073738098145,2.6273626550321936,11.305073738098145,2.6273626550321936,-0.24676454067230225,-2.311401844024658
A07,1,-10.881651878356934,2.768886346539598,10.881651878356934,2.768886346539598,6.50202751159668,6.922981262207031
A16,1,-9.629807472229004,2.690263602408237,9.629807472229004,2.690263602408237,5.961612701416016,8.09478759765625
-,0,-10.727179527282715,2.757211681469879,10.727179527282715,2.757211681469879,0.17708373069763184,-0.6549221873283386
-,0,-11.01140308380127,2.705452790395305,11.01140308380127,2.705452790395305,-12.805845260620117,-7.216450214385986
A14,1,-11.237070083618164,2.738362197419063,11.237070083618164,2.738362197419063,1.3070873022079468,5.536286354064941
-,0,-11.03899097442627,2.78962257805403,11.03899097442627,2.78962257805403,-3.491980791091919,-1.9409332275390625
-,0,-10.247020721435547,2.660105901452884,10.247020721435547,2.660105901452884,-5.432803153991699,0.016794323921203613
A13,1,-8.61190414428711,2.6654589899731946,8.61190414428711,2.6654589899731946,8.808547973632812,8.969470024108887
-,0,-11.166582107543945,2.6716406660122205,11.166582107543945,2.6716406660122205,-2.163038969039917,-3.620151996612549
A16,1,-10.255961418151855,2.6109753794519603,10.255961418151855,2.6109753794519603,1.1675649881362915,5.2135820388793945
A10,1,-10.779519081115723,2.6609178226533126,10.779519081115723,2.6609178226533126,-2.002513885498047,6.021698474884033
-,0,-10.913398742675781,2.7203076718905357,10.913398742675781,2.7203076718905357,-3.930426836013794,-2.875303268432617
A13,1,-11.149884223937988,2.742460995028503,11.149884223937988,2.742460995028503,6.022522926330566,7.852843284606934
-,0,-10.82177448272705,2.8846425170458696,10.82177448272705,2.8846425170458696,-10.996526718139648,-5.12206506729126
A19,1,-10.76672077178955,2.8463742966575865,10.76672077178955,2.8463742966575865,-2.1496071815490723,0.93485426902771
-,0,-11.42763900756836,2.747138042651213,11.42763900756836,2.747138042651213,-2.9889347553253174,-6.038315773010254
-,0,-11.052096366882324,2.754239655878778,11.052096366882324,2.754239655878778,-2.2564544677734375,-3.432695150375366
A15,1,-11.074883460998535,2.6412639192063576,11.074883460998535,2.6412639192063576,6.829439163208008,8.027717590332031
A17,1,-11.172586441040039,2.872525926809964,11.172586441040039,2.872525926809964,6.317293643951416,5.679920673370361
A15,1,-10.946252822875977,2.633639093062238,10.946252822875977,2.633639093062238,-2.9388771057128906,2.0182719230651855
A08,1,-11.10810375213623,2.7537342598623384,11.10810375213623,2.7537342598623384,4.436614990234375,6.0655412673950195
-,0,-10.834567070007324,2.737288152150574,10.834567070007324,2.737288152150574,-1.4588298797607422,-1.0001951456069946
-,0,-10.870549201965332,2.8338879586673866,10.870549201965332,2.8338879586673866,-3.4457621574401855,-1.6459121704101562
A16,1,-10.558379173278809,2.761795988648011,10.558379173278809,2.761795988648011,6.6340131759643555,3.44350528717041
A11,1,-10.925952911376953,2.799014187631739,10.925952911376953,2.799014187631739,-1.5207599401474,1.5624523162841797
A19,1,-11.31863784790039,2.746087322779392,11.31863784790039,2.746087322779392,3.007399559020996,2.164008378982544
A19,1,-10.702689170837402,2.844490595035066,10.702689170837402,2.844490595035066,-3.7636170387268066,-0.46296966075897217
A10,1,-10.214503288269043,2.6273859754652755,10.214503288269043,2.6273859754652755,4.904408931732178,6.786844730377197
A18,1,-10.471001625061035,2.704771460488095,10.471001625061035,2.704771460488095,-4.178338050842285,0.9434106349945068
-,0,-10.731678009033203,2.833388152550992,10.731678009033203,2.833388152550992,1.0353535413742065,0.1670459806919098
-,0,-10.518153190612793,2.7833106208958593,10.518153190612793,2.7833106208958593,-15.750449180603027,-6.720931529998779
A11,1,-10.735921859741211,2.7240960186144245,10.735921859741211,2.7240960186144245,-0.43767815828323364,10.053224563598633
A11,1,-10.82079029083252,2.8556501561574943,10.82079029083252,2.8556501561574943,0.7783387899398804,6.092728614807129
-,0,-11.200532913208008,2.714546680798074,11.200532913208008,2.714546680798074,-2.283461809158325,-2.005859613418579
A14,1,-10.68960189819336,2.9111473396060616,10.68960189819336,2.9111473396060616,1.0432387590408325,5.341652870178223
-,0,-10.886646270751953,2.8518857818178054,10.886646270751953,2.8518857818178054,-4.161560535430908,-5.721050262451172
A14,1,-11.125113487243652,2.7279493457852215,11.125113487243652,2.7279493457852215,1.238932728767395,5.9367570877075195
A10,1,-10.625988006591797,2.826477643118518,10.625988006591797,2.826477643118518,3.1042304039001465,2.784656524658203
-,0,-10.265557289123535,2.7943477650842414,10.265557289123535,2.7943477650842414,-4.067807674407959,-6.3538007736206055
A18,1,-9.754270553588867,2.769018837459456,9.754270553588867,2.769018837459456,0.1996789574623108,-0.33569636940956116
A17,1,-10.811020851135254,2.7688904588241625,10.811020851135254,2.7688904588241625,2.8398780822753906,1.6614458560943604
A10,1,-10.582021713256836,2.6115563731468985,10.582021713256836,2.6115563731468985,-3.6202311515808105,3.397526979446411
A14,1,-10.940678596496582,2.8056279351085074,10.940678596496582,2.8056279351085074,-3.440541982650757,5.7542724609375
-,0,-11.324686050415039,2.807569825901757,11.324686050415039,2.807569825901757,-2.920267105102539,-5.187601089477539
-,0,-11.055353164672852,2.815997044876453,11.055353164672852,2.815997044876453,-4.714250564575195,-5.328142166137695
A15,1,-10.861618995666504,2.81063440659114,10.861618995666504,2.81063440659114,1.6941057443618774,2.330559730529785
A15,1,-10.838353157043457,2.8211721389408857,10.838353157043457,2.8211721389408857,-3.6775405406951904,4.723102569580078
A17,1,-11.005537033081055,2.7832672786661856,11.005537033081055,2.7832672786661856,4.686631679534912,4.6108551025390625
-,0,-10.713995933532715,2.8424929564530537,10.713995933532715,2.8424929564530537,-7.9576520919799805,-1.3103288412094116
-,0,-10.794198036193848,2.677982970054016,10.794198036193848,2.677982970054016,-2.256889820098877,-0.5572961568832397
A10,1,-9.45683765411377,2.739050469218995,9.45683765411377,2.739050469218995,8.214920997619629,7.935758590698242
-,0,-11.290300369262695,2.7408364650099486,11.290300369262695,2.7408364650099486,-15.648520469665527,-5.23069429397583
A07,1,-10.991717338562012,2.800358487202173,10.991717338562012,2.800358487202173,-2.030731678009033,0.44544216990470886
A12,1,-11.033205032348633,2.672803984639935,11.033205032348633,2.672803984639935,6.360074996948242,5.534490585327148
A10,1,-10.489850997924805,2.5385510530192272,10.489850997924805,2.5385510530192272,-2.5630998611450195,4.6591081619262695
-,0,-10.723441123962402,2.693764454754638,10.723441123962402,2.693764454754638,1.7006736993789673,1.136465311050415
-,0,-11.05469799041748,2.80593280918034,11.05469799041748,2.80593280918034,-9.3180570602417,-7.193746089935303
-,0,-11.167754173278809,2.8458711182167034,11.167754173278809,2.8458711182167034,-11.455284118652344,-2.985459327697754
A09,1,-10.835429191589355,2.804819609304641,10.835429191589355,2.804819609304641,7.351977348327637,7.939495086669922
A15,1,-11.029963493347168,2.818298980963957,11.029963493347168,2.818298980963957,-1.6262747049331665,2.402477741241455
A15,1,-10.888394355773926,2.7224964712527138,10.888394355773926,2.7224964712527138,-0.31642571091651917,4.325229644775391
A09,1,-11.007072448730469,2.7167990370248374,11.007072448730469,2.7167990370248374,5.742423057556152,4.73956298828125
A16,1,-10.907889366149902,2.821799702835744,10.907889366149902,2.821799702835744,1.4991003274917603,1.0310572385787964
-,0,-10.813435554504395,2.7088945932191226,10.813435554504395,2.7088945932191226,-5.686154842376709,-1.3553190231323242
A18,1,-11.119697570800781,2.7917901943582173,11.119697570800781,2.7917901943582173,-2.820880889892578,0.8667052984237671
A07,1,-11.029769897460938,2.810648357734105,11.029769897460938,2.810648357734105,6.276668548583984,5.977303504943848
-,0,-10.512868881225586,2.855774239319236,10.512868881225586,2.855774239319236,-3.593884229660034,-1.400648832321167
-,0,-10.960086822509766,2.7439822089321075,10.960086822509766,2.7439822089321075,-13.347092628479004,-5.453771114349365
-,0,-10.876975059509277,2.8520879835516983,10.876975059509277,2.8520879835516983,-2.0979316234588623,-1.5842617750167847
A08,1,-10.632096290588379,2.892327218374204,10.632096290588379,2.892327218374204,8.1068754196167,7.734370708465576
-,0,-10.863720893859863,2.7248211877055954,10.863720893859863,2.7248211877055954,-4.522606372833252,0.021782539784908295
A15,1,-11.066874504089355,2.811219950597084,11.066874504089355,2.811219950597084,1.6339510679244995,0.8715675473213196
-,0,-11.344175338745117,2.7492085356891915,11.344175338745117,2.7492085356891915,-13.916250228881836,-6.557202339172363
-,0,-11.109222412109375,2.7642856635850563,11.109222412109375,2.7642856635850563,-5.062257766723633,-3.687246322631836
-,0,-10.591251373291016,2.807942285757718,10.591251373291016,2.807942285757718,-9.355196952819824,-1.8324570655822754
-,0,-10.961331367492676,2.6892904675268015,10.961331367492676,2.6892904675268015,-4.999805927276611,-6.665675640106201
A16,1,-11.16936206817627,2.675597019964669,11.16936206817627,2.675597019964669,5.209102153778076,7.2440619468688965
A08,1,-11.14227294921875,2.6390842750644863,11.14227294921875,2.6390842750644863,6.756897449493408,7.069807052612305
-,0,-10.84874153137207,2.5867426836104737,10.84874153137207,2.5867426836104737,-5.647574424743652,-3.2817435264587402
-,0,-10.819417953491211,2.8070505833671673,10.819417953491211,2.8070505833671673,-4.2755889892578125,-4.107305526733398
-,0,-10.351210594177246,2.7412712344364327,10.351210594177246,2.7412712344364327,-2.831791877746582,-0.8078281879425049
A08,1,-11.213211059570312,2.549003723201989,11.213211059570312,2.549003723201989,3.3541977405548096,2.590127468109131
-,0,-10.78587818145752,2.761378486860896,10.78587818145752,2.761378486860896,-11.430520057678223,-2.4654080867767334
-,0,-10.830582618713379,2.833640822969802,10.830582618713379,2.833640822969802,-11.76362133026123,-4.499457359313965
A18,1,-10.630696296691895,2.766262264857314,10.630696296691895,2.766262264857314,1.4573988914489746,5.1569414138793945
A16,1,-10.13663387298584,2.7431066930958954,10.13663387298584,2.7431066930958954,1.479119062423706,2.9300413131713867
A09,1,-10.349313735961914,2.6818959361325616,10.349313735961914,2.6818959361325616,7.916801452636719,8.906352996826172
-,0,-10.84066390991211,2.8570654190881504,10.84066390991211,2.8570654190881504,-7.498872756958008,-6.379939079284668
-,0,-11.153553009033203,2.837788232786977,11.153553009033203,2.837788232786977,-6.92063570022583,-1.5895848274230957
-,0,-10.835984230041504,2.8384762529615832,10.835984230041504,2.8384762529615832,-3.9379773139953613,-2.7781567573547363
A07,1,-10.346047401428223,2.7402001799924647,10.346047401428223,2.7402001799924647,7.307092189788818,8.833365440368652
A12,1,-9.799407958984375,2.6773559083652962,9.799407958984375,2.6773559083652962,7.337533473968506,7.766844749450684
A17,1,-10.839944839477539,2.830665706737525,10.839944839477539,2.830665706737525,5.313025951385498,9.817413330078125
A11,1,-9.906899452209473,2.550982629937724,9.906899452209473,2.550982629937724,7.120702743530273,8.94244384765625
A08,1,-11.101919174194336,2.7749774301186174,11.101919174194336,2.7749774301186174,4.958204746246338,3.4228615760803223
A10,1,-8.382511138916016,2.6489002526459875,8.382511138916016,2.6489002526459875,7.099565505981445,7.551159858703613
-,0,-11.148738861083984,2.6834813459856544,11.148738861083984,2.6834813459856544,-1.364835262298584,-3.3212780952453613
A14,1,-10.971773147583008,2.9066583727172883,10.971773147583008,2.9066583727172883,4.748980522155762,3.1285576820373535
-,0,-10.93301773071289,2.882287814583685,10.93301773071289,2.882287814583685,-8.16271686553955,-3.6250109672546387
A19,1,-10.98497486114502,2.812554989135916,10.98497486114502,2.812554989135916,-2.959965944290161,1.8848705291748047
A13,1,-9.065178871154785,2.81205447861694,9.065178871154785,2.81205447861694,7.2029337882995605,10.17338752746582
A09,1,-8.8871431350708,2.8156027227095337,8.8871431350708,2.8156027227095337,6.7538743019104,4.969602584838867
A08,1,-10.99853801727295,2.7169101182790327,10.99853801727295,2.7169101182790327,5.039763927459717,4.491988182067871
A08,1,-11.295701026916504,2.727603767170425,11.295701026916504,2.727603767170425,3.9256584644317627,6.0491485595703125
A15,1,-11.003159523010254,2.756694478427112,11.003159523010254,2.756694478427112,-2.178114652633667,0.540185809135437
A10,1,-10.855186462402344,2.7398154127936794,10.855186462402344,2.7398154127936794,2.9248974323272705,5.743834495544434
A16,1,-10.441778182983398,2.7385728936505287,10.441778182983398,2.7385728936505287,7.929466247558594,9.639739990234375
A09,1,-10.86141586303711,2.7684958673703384,10.86141586303711,2.7684958673703384,7.603458881378174,9.913736343383789
-,0,-10.549263954162598,2.7173972955061343,10.549263954162598,2.7173972955061343,-5.2899298667907715,-2.5955376625061035
-,0,-11.080925941467285,2.795320866117614,11.080925941467285,2.795320866117614,-4.315525054931641,-4.226629257202148
-,0,-11.008036613464355,2.80057408922453,11.008036613464355,2.80057408922453,-6.544315338134766,-3.320199966430664
-,0,-10.99299144744873,2.840668844237635,10.99299144744873,2.840668844237635,-3.5841448307037354,-3.5096559524536133
-,0,-10.417119979858398,2.7565501103878884,10.417119979858398,2.7565501103878884,-2.3707170486450195,-5.519474029541016
-,0,-10.630105972290039,2.617824300451389,10.630105972290039,2.617824300451389,-2.9362785816192627,-0.3630247116088867
-,0,-11.06899642944336,2.7088302121550414,11.06899642944336,2.7088302121550414,-2.058410167694092,-1.7777339220046997
A16,1,-10.750642776489258,2.719735920202538,10.750642776489258,2.719735920202538,3.9937949180603027,4.690671443939209
A11,1,-10.926080703735352,2.796532991552319,10.926080703735352,2.796532991552319,-2.8370554447174072,1.3243755102157593
A18,1,-11.172438621520996,2.6407213526295723,11.172438621520996,2.6407213526295723,-0.2611914575099945,-2.573960781097412
-,0,-10.969244003295898,2.6960587354933714,10.969244003295898,2.6960587354933714,-6.381405830383301,-4.729156970977783
A15,1,-11.099770545959473,2.7818596253000822,11.099770545959473,2.7818596253000822,-3.074655771255493,0.25521713495254517
-,0,-10.88162612915039,2.8487857452074414,10.88162612915039,2.8487857452074414,-1.5142478942871094,-3.0760929584503174
-,0,-11.126242637634277,2.83349149545456,11.126242637634277,2.83349149545456,-16.319822311401367,-6.529428958892822
A15,1,-11.024700164794922,2.8030109020042384,11.024700164794922,2.8030109020042384,1.354443073272705,4.6271772384643555
-,0,-10.80219554901123,2.722347189467886,10.80219554901123,2.722347189467886,-0.23367181420326233,-3.399163246154785
-,0,-11.051774024963379,2.7869118966715782,11.051774024963379,2.7869118966715782,-7.794668197631836,-3.8877854347229004
A08,1,-10.656394004821777,2.746129376409118,10.656394004821777,2.746129376409118,6.546152114868164,7.657285690307617
-,0,-10.766641616821289,2.7130738973414905,10.766641616821289,2.7130738973414905,-0.7564831376075745,-2.8341927528381348
A08,1,-10.40740966796875,2.8889877999037945,10.40740966796875,2.8889877999037945,5.077898025512695,6.7590508460998535
A17,1,-11.373445510864258,2.729545533957517,11.373445510864258,2.729545533957517,6.40316104888916,0.812517523765564
A09,1,-10.013315200805664,2.721067361651624,10.013315200805664,2.721067361651624,5.808415412902832,5.0052409172058105
A16,1,-11.176675796508789,2.7193522311249474,11.176675796508789,2.7193522311249474,6.907007694244385,6.71426248550415
-,0,-11.072213172912598,2.731993798057831,11.072213172912598,2.731993798057831,-8.448258399963379,-6.724690914154053
A19,1,-10.968667030334473,2.8113096103641406,10.968667030334473,2.8113096103641406,-0.2636866867542267,-0.05465560406446457
A13,1,-9.844236373901367,2.7811162359556105,9.844236373901367,2.7811162359556105,7.645333290100098,7.4819793701171875
A12,1,-10.969032287597656,2.8341075891078087,10.969032287597656,2.8341075891078087,2.86149525642395,8.481815338134766
-,0,-11.357146263122559,2.716373180196788,11.357146263122559,2.716373180196788,-6.8715128898620605,-7.03339147567749
A12,1,-11.020963668823242,2.788525041630722,11.020963668823242,2.788525041630722,5.964914798736572,6.96910285949707
A09,1,-10.754071235656738,2.767688675472935,10.754071235656738,2.767688675472935,-2.1784040927886963,2.920224189758301
-,0,-10.66738224029541,2.9012246597011373,10.66738224029541,2.9012246597011373,-4.058385848999023,-2.1955738067626953
A15,1,-10.711478233337402,2.8095721558596676,10.711478233337402,2.8095721558596676,0.04781170189380646,1.9822654724121094
A18,1,-10.807270050048828,2.836315581844514,10.807270050048828,2.836315581844514,1.3185391426086426,2.849303722381592
A15,1,-10.629849433898926,2.7177471651865743,10.629849433898926,2.7177471651865743,3.438950300216675,3.908708333969116
-,0,-11.29217529296875,2.7878273779302853,11.29217529296875,2.7878273779302853,-5.454477310180664,-5.65266227722168
A18,1,-11.078556060791016,2.7350116569245593,11.078556060791016,2.7350116569245593,5.160650253295898,8.75025749206543
-,0,-11.295904159545898,2.7550350985751404,11.295904159545898,2.7550350985751404,-9.147309303283691,-7.118260860443115
-,0,-10.271904945373535,2.66262656069119,10.271904945373535,2.66262656069119,-4.5414347648620605,-2.5321097373962402
A10,1,-10.536046981811523,2.647556046999248,10.536046981811523,2.647556046999248,7.818504810333252,6.752957820892334
A17,1,-11.219042778015137,2.7122077477114908,11.219042778015137,2.7122077477114908,6.914787769317627,10.069129943847656
A19,1,-11.14622974395752,2.766622120329781,11.14622974395752,2.766622120329781,-3.682922840118408,-0.2536844313144684
-,0,-11.421066284179688,2.6181061670991936,11.421066284179688,2.6181061670991936,-9.342880249023438,-8.091310501098633
-,0,-10.846823692321777,2.766946189737326,10.846823692321777,2.766946189737326,-2.9111759662628174,-3.115683078765869
A12,1,-10.506608009338379,2.52776548260143,10.506608009338379,2.52776548260143,6.375522613525391,5.455399513244629
A16,1,-8.726908683776855,2.885894080475626,8.726908683776855,2.885894080475626,8.392709732055664,6.733851432800293
A18,1,-10.944729804992676,2.779347433033828,10.944729804992676,2.779347433033828,0.16969528794288635,0.4443983733654022
A09,1,-11.004026412963867,2.723660826504079,11.004026412963867,2.723660826504079,5.829186916351318,3.765777826309204
-,0,-10.72410774230957,2.7925362315934734,10.72410774230957,2.7925362315934734,-5.226436138153076,-2.0894999504089355
-,0,-10.707184791564941,2.8011346054418476,10.707184791564941,2.8011346054418476,-9.232277870178223,-3.6834335327148438
-,0,-10.516332626342773,2.823167327773846,10.516332626342773,2.823167327773846,-5.850985527038574,-0.801052451133728
A14,1,-11.209491729736328,2.790436002623971,11.209491729736328,2.790436002623971,-2.2051615715026855,-1.1015371084213257
-,0,-11.072834968566895,2.7245094173656037,11.072834968566895,2.7245094173656037,-5.516130447387695,-5.823625564575195
A09,1,-10.700703620910645,2.6799542048783254,10.700703620910645,2.6799542048783254,-0.058823369443416595,7.084686279296875
-,0,-10.996262550354004,2.8663429982167505,10.996262550354004,2.8663429982167505,-8.375176429748535,-4.55274772644043
-,0,-11.052446365356445,2.743619619741915,11.052446365356445,2.743619619741915,-4.78842830657959,-3.0544931888580322
A08,1,-11.057415962219238,2.7472839519761107,11.057415962219238,2.7472839519761107,7.383603572845459,7.817992687225342
-,0,-10.870076179504395,2.8352228633780854,10.870076179504395,2.8352228633780854,-13.145814895629883,-3.6380720138549805
-,0,-11.011344909667969,2.6582415174171414,11.011344909667969,2.6582415174171414,-7.268627166748047,-6.3188700675964355
-,0,-10.968299865722656,2.862604835261951,10.968299865722656,2.862604835261951,-2.983062505722046,-1.0839343070983887
-,0,-11.210470199584961,2.7856378001631725,11.210470199584961,2.7856378001631725,-9.455662727355957,-3.806053400039673
A19,1,-10.833930969238281,2.8690409715949414,10.833930969238281,2.8690409715949414,1.559221863746643,-0.14504805207252502
-,0,-11.022360801696777,2.7976845014878013,11.022360801696777,2.7976845014878013,0.2450670599937439,0.25212204456329346
-,0,-10.24675178527832,2.7890691776916166,10.24675178527832,2.7890691776916166,-8.273468017578125,-6.074548244476318
A10,1,-9.416206359863281,2.7643604832425472,9.416206359863281,2.7643604832425472,6.439680099487305,4.406064510345459
A12,1,-11.240671157836914,2.6988561174034387,11.240671157836914,2.6988561174034387,5.533365249633789,1.0128666162490845
-,0,-10.238862991333008,2.77942184828083,10.238862991333008,2.77942184828083,-4.304879188537598,-2.1465485095977783
-,0,-11.141317367553711,2.7767897183321475,11.141317367553711,2.7767897183321475,-8.505213737487793,-4.567564010620117
A13,1,-10.940513610839844,2.7775700027362706,10.940513610839844,2.7775700027362706,7.075620651245117,9.421552658081055
A15,1,-10.782928466796875,2.716188717812622,10.782928466796875,2.716188717812622,-3.9406111240386963,1.5599086284637451
A07,1,-10.72824764251709,2.7598304887671024,10.72824764251709,2.7598304887671024,7.400891304016113,3.590135097503662
A15,1,-10.880697250366211,2.578254400178619,10.880697250366211,2.578254400178619,0.7046718001365662,6.308113098144531
A08,1,-10.393782615661621,2.785038024768335,10.393782615661621,2.785038024768335,0.6834040284156799,5.0546770095825195
-,0,-11.061890602111816,2.7959708701105157,11.061890602111816,2.7959708701105157,-11.795720100402832,-3.6326475143432617
-,0,-11.280077934265137,2.8168065150057444,11.280077934265137,2.8168065150057444,-8.083281517028809,-2.862907886505127
A16,1,-9.409716606140137,2.813993136149821,9.409716606140137,2.813993136149821,7.190497398376465,8.71149730682373
-,0,-11.041675567626953,2.6362754419255765,11.041675567626953,2.6362754419255765,-3.4938437938690186,-3.0413434505462646
A11,1,-10.996769905090332,2.7293183131345864,10.996769905090332,2.7293183131345864,-3.407088041305542,-2.041652202606201
A07,1,-10.423896789550781,2.745750858921134,10.423896789550781,2.745750858921134,8.431376457214355,6.956219673156738
A19,1,-10.461111068725586,2.842707588701633,10.461111068725586,2.842707588701633,-2.366730213165283,-0.28894543647766113
-,0,-10.927364349365234,2.7744517343235864,10.927364349365234,2.7744517343235864,-7.608575820922852,-2.922994613647461
-,0,-11.087442398071289,2.7510979712233072,11.087442398071289,2.7510979712233072,-6.808753490447998,-7.312829494476318
-,0,-10.375901222229004,2.8312036250292643,10.375901222229004,2.8312036250292643,-17.488515853881836,-3.137927293777466
-,0,-10.746768951416016,2.754476877688709,10.746768951416016,2.754476877688709,0.23395466804504395,-1.0907189846038818
A15,1,-10.710928916931152,2.676466157804334,10.710928916931152,2.676466157804334,3.798600912094116,3.453739881515503
-,0,-10.855140686035156,2.785646539044341,10.855140686035156,2.785646539044341,-5.822627544403076,-3.1095774173736572
A13,1,-9.803511619567871,2.7838251262410316,9.803511619567871,2.7838251262410316,8.291171073913574,10.300409317016602
A14,1,-10.966065406799316,2.684970992271342,10.966065406799316,2.684970992271342,-2.805124521255493,3.76480770111084
A14,1,-10.868876457214355,2.668464615807203,10.868876457214355,2.668464615807203,4.14797830581665,7.322679042816162
A08,1,-10.927047729492188,2.8301448909620923,10.927047729492188,2.8301448909620923,1.0690909624099731,3.7282862663269043
A11,1,-10.908648490905762,2.7029602645177864,10.908648490905762,2.7029602645177864,0.3758791387081146,5.562648773193359
A07,1,-10.823452949523926,2.852225201699737,10.823452949523926,2.852225201699737,3.649982213973999,2.6394448280334473
A13,1,-9.48653793334961,2.7741484834086965,9.48653793334961,2.7741484834086965,7.705743312835693,10.409904479980469
A17,1,-11.119307518005371,2.6462663960544344,11.119307518005371,2.6462663960544344,1.3634854555130005,2.940639019012451
A10,1,-9.96831226348877,2.698139325859646,9.96831226348877,2.698139325859646,6.782649993896484,7.881376266479492
-,0,-11.022472381591797,2.828881705057174,11.022472381591797,2.828881705057174,-10.167399406433105,-4.618803024291992
-,0,-11.213360786437988,2.79319802365272,11.213360786437988,2.79319802365272,-2.017002820968628,-1.5291848182678223
A12,1,-7.804041862487793,2.7946974335323778,7.804041862487793,2.7946974335323778,7.172215938568115,7.441104412078857
-,0,-11.208548545837402,2.77117504103291,11.208548545837402,2.77117504103291,-2.5565431118011475,-1.5108963251113892
A09,1,-10.903858184814453,2.8510244137696574,10.903858184814453,2.8510244137696574,6.015125274658203,1.933604121208191
-,0,-10.94823932647705,2.838221978763878,10.94823932647705,2.838221978763878,-6.185530185699463,-1.8007539510726929
A16,1,-10.088615417480469,2.7990765260926516,10.088615417480469,2.7990765260926516,2.7144577503204346,3.230888605117798
A18,1,-10.665727615356445,2.860798351930307,10.665727615356445,2.860798351930307,2.9408679008483887,3.787224292755127
-,0,-10.777385711669922,2.8653039774216666,10.777385711669922,2.8653039774216666,-1.5273486375808716,-1.2073986530303955
A15,1,-11.187088012695312,2.9155301117502677,11.187088012695312,2.9155301117502677,-0.5903610587120056,4.655649185180664
-,0,-10.985847473144531,2.7521558903197403,10.985847473144531,2.7521558903197403,-3.935175657272339,-2.4470362663269043
A19,1,-11.062413215637207,2.7528944430051108,11.062413215637207,2.7528944430051108,0.022892124950885773,1.3290269374847412
-,0,-10.896973609924316,2.7642354263075135,10.896973609924316,2.7642354263075135,1.8490809202194214,1.1209819316864014
A14,1,-10.901131629943848,2.8241341192043645,10.901131629943848,2.8241341192043645,1.976932406425476,6.154965400695801
A12,1,-9.959453582763672,2.7734201840182044,9.959453582763672,2.7734201840182044,5.355294227600098,7.808704853057861
-,0,-11.260608673095703,2.7268859038480957,11.260608673095703,2.7268859038480957,-5.9724955558776855,-4.894632339477539
A09,1,-10.474908828735352,2.837452810161784,10.474908828735352,2.837452810161784,1.7275968790054321,5.599576950073242
A10,1,-11.15588665008545,2.7739122098683904,11.15588665008545,2.7739122098683904,4.684479713439941,5.518770217895508
A15,1,-10.628887176513672,2.7395979329236395,10.628887176513672,2.7395979329236395,-0.400716632604599,6.915300369262695
A08,1,-11.174572944641113,2.7845185116628675,11.174572944641113,2.7845185116628675,6.095766544342041,5.130856037139893
A18,1,-11.262236595153809,2.6892075509978848,11.262236595153809,2.6892075509978848,5.266421794891357,8.147878646850586
A17,1,-11.459029197692871,2.691884645063013,11.459029197692871,2.691884645063013,6.1866559982299805,5.94318962097168
-,0,-11.024331092834473,2.8634613021445436,11.024331092834473,2.8634613021445436,-1.2138291597366333,-1.3490641117095947
-,0,-10.920021057128906,2.8083668222424283,10.920021057128906,2.8083668222424283,-10.925362586975098,-4.485177993774414
-,0,-10.38929557800293,2.921150477113829,10.38929557800293,2.921150477113829,-6.9026103019714355,-1.6519043445587158
A18,1,-11.193767547607422,2.7514848960825664,11.193767547607422,2.7514848960825664,4.595514297485352,2.483433723449707
-,0,-11.24061107635498,2.8764152215447205,11.24061107635498,2.8764152215447205,-4.650184154510498,-1.5914442539215088
-,0,-11.008040428161621,2.5116266058782037,11.008040428161621,2.5116266058782037,-2.727684259414673,-1.7757513523101807
-,0,-11.223796844482422,2.8096560817754233,11.223796844482422,2.8096560817754233,-11.608161926269531,-9.042389869689941
A17,1,-11.06246280670166,2.784427106535327,11.06246280670166,2.784427106535327,2.2394704818725586,2.292677879333496
A15,1,-10.999073028564453,2.6430519644924066,10.999073028564453,2.6430519644924066,4.536831855773926,2.011898994445801
-,0,-11.401581764221191,2.709991755407681,11.401581764221191,2.709991755407681,0.029165945947170258,-2.4820077419281006
A16,1,-10.82774543762207,2.7894990417064967,10.82774543762207,2.7894990417064967,-0.3573775589466095,-0.2665630578994751
A17,1,-11.020033836364746,2.8737339067182215,11.020033836364746,2.8737339067182215,6.953052520751953,7.587469100952148
A10,1,-10.880599975585938,2.738700693203511,10.880599975585938,2.738700693203511,-3.399029493331909,-1.0675318241119385
-,0,-11.285704612731934,2.696935264261454,11.285704612731934,2.696935264261454,-3.2716572284698486,-7.209293365478516
-,0,-11.18122673034668,2.814781548310097,11.18122673034668,2.814781548310097,-5.624378204345703,-5.70360803604126
-,0,-10.613863945007324,2.8076626627841246,10.613863945007324,2.8076626627841246,-0.25131934881210327,-1.1229908466339111
-,0,-11.01087760925293,2.735478739185813,11.01087760925293,2.735478739185813,0.19987598061561584,-1.6981165409088135
A18,1,-10.781791687011719,2.7210090285154,10.781791687011719,2.7210090285154,-7.918460369110107,-0.7928597927093506
A08,1,-10.100364685058594,2.836784336931268,10.100364685058594,2.836784336931268,5.618962287902832,7.853420734405518
-,0,-10.53927993774414,2.849296072614244,10.53927993774414,2.849296072614244,-8.01186466217041,-2.6910576820373535
-,0,-11.0396146774292,2.8052389089681173,11.0396146774292,2.8052389089681173,-13.117415428161621,-6.057690143585205
-,0,-10.575474739074707,2.808261146723267,10.575474739074707,2.808261146723267,-10.846207618713379,-7.109037399291992
-,0,-11.032773971557617,2.802011019090986,11.032773971557617,2.802011019090986,-2.886251211166382,-3.488450288772583
A18,1,-11.569636344909668,2.7641292162862454,11.569636344909668,2.7641292162862454,2.7563388347625732,3.8368024826049805
-,0,-10.796966552734375,2.8304761260029347,10.796966552734375,2.8304761260029347,-7.32879114151001,-4.305103302001953
-,0,-11.276237487792969,2.792365766691997,11.276237487792969,2.792365766691997,0.7297073006629944,-4.7357707023620605
-,0,-10.951809883117676,2.8241224304558963,10.951809883117676,2.8241224304558963,-9.567989349365234,-3.8072869777679443
A07,1,-10.771628379821777,2.696892694872085,10.771628379821777,2.696892694872085,-2.0604641437530518,3.55305814743042
A15,1,-10.849705696105957,2.743667211948044,10.849705696105957,2.743667211948044,-1.2596243619918823,3.683627128601074
-,0,-11.011144638061523,2.8709646430908897,11.011144638061523,2.8709646430908897,-7.459900379180908,-4.590693950653076
A14,1,-11.034677505493164,2.63958852238214,11.034677505493164,2.63958852238214,3.6196017265319824,3.499356985092163
A15,1,-11.069901466369629,2.7400543956833743,11.069901466369629,2.7400543956833743,1.9318619966506958,1.5991731882095337
-,0,-10.903884887695312,2.785942396998401,10.903884887695312,2.785942396998401,-0.24041959643363953,-2.7670013904571533
A11,1,-11.042312622070312,2.7008595987500876,11.042312622070312,2.7008595987500876,-0.2897171676158905,3.5169453620910645
A14,1,-10.842467308044434,2.7176819344432728,10.842467308044434,2.7176819344432728,2.0409281253814697,8.123128890991211
-,0,-11.117512702941895,2.833462488263309,11.117512702941895,2.833462488263309,-5.688800811767578,-2.1141810417175293
A10,1,-10.595473289489746,2.817440049218359,10.595473289489746,2.817440049218359,4.771032333374023,4.219143867492676
A15,1,-10.66501235961914,2.6733228184563003,10.66501235961914,2.6733228184563003,-1.8591965436935425,3.1808366775512695
A12,1,-10.26679515838623,2.7671757340095438,10.26679515838623,2.7671757340095438,7.184684753417969,7.147968769073486
-,0,-10.724014282226562,2.759301078157119,10.724014282226562,2.759301078157119,-5.2780070304870605,-0.17751961946487427
-,0,-11.482095718383789,2.814092670352002,11.482095718383789,2.814092670352002,-4.143091201782227,-4.647905349731445
A17,1,-11.073888778686523,2.8557347592492732,11.073888778686523,2.8557347592492732,2.6837751865386963,3.703995704650879
-,0,-11.192020416259766,2.8436301483377457,11.192020416259766,2.8436301483377457,-10.488476753234863,-6.745960235595703
A16,1,-11.381836891174316,2.852359033043041,11.381836891174316,2.852359033043041,5.386485576629639,2.2542502880096436
A09,1,-11.060161590576172,2.684032368067102,11.060161590576172,2.684032368067102,2.9557077884674072,10.244230270385742
-,0,-9.724035263061523,2.607258696395234,9.724035263061523,2.607258696395234,-6.553540229797363,-0.7429914474487305
A07,1,-11.130585670471191,2.619544265742813,11.130585670471191,2.619544265742813,6.080813884735107,8.8801908493042
-,0,-10.711034774780273,2.7164076671038444,10.711034774780273,2.7164076671038444,-0.43994879722595215,-0.9755682945251465
A09,1,-10.497681617736816,2.806046285648522,10.497681617736816,2.806046285648522,7.353877067565918,4.599298477172852
A18,1,-11.103147506713867,2.752055199202472,11.103147506713867,2.752055199202472,6.023858547210693,8.958101272583008
A15,1,-10.51123332977295,2.6879798566756024,10.51123332977295,2.6879798566756024,-1.483423113822937,4.704214572906494
A17,1,-10.808560371398926,2.658185692778404,10.808560371398926,2.658185692778404,5.71381139755249,6.4818315505981445
-,0,-11.023411750793457,2.8012798041889333,11.023411750793457,2.8012798041889333,-4.662393093109131,-1.6128571033477783
A18,1,-10.777823448181152,2.786485012597522,10.777823448181152,2.786485012597522,-0.33423882722854614,0.46169301867485046
A19,1,-10.62960433959961,2.7053305224925177,10.62960433959961,2.7053305224925177,1.1362305879592896,0.5800104141235352
-,0,-11.019803047180176,2.7653346613291934,11.019803047180176,2.7653346613291934,-9.101203918457031,-4.3417463302612305
-,0,-10.660748481750488,2.859922469371809,10.660748481750488,2.859922469371809,-9.07516098022461,-6.980907440185547
A16,1,-10.59708023071289,2.6712355978159272,10.59708023071289,2.6712355978159272,4.282603740692139,2.1208221912384033
-,0,-10.857900619506836,2.860696883463059,10.857900619506836,2.860696883463059,-4.387760639190674,-3.5799498558044434
-,0,-10.352449417114258,2.822456080308605,10.352449417114258,2.822456080308605,-1.8149794340133667,-1.7998952865600586
A12,1,-11.104635238647461,2.737701882668077,11.104635238647461,2.737701882668077,4.865538597106934,8.0883150100708
A07,1,-11.081596374511719,2.733638104054923,11.081596374511719,2.733638104054923,3.133925199508667,5.451929092407227
A08,1,-11.340863227844238,2.697640998223217,11.340863227844238,2.697640998223217,4.870405197143555,5.327934265136719
A10,1,-10.982198715209961,2.7940121589361024,10.982198715209961,2.7940121589361024,2.3693251609802246,-3.120776653289795
-,0,-11.092647552490234,2.680814826285351,11.092647552490234,2.680814826285351,2.6494743824005127,-0.6996675729751587
-,0,-10.845833778381348,2.811023706754305,10.845833778381348,2.811023706754305,-1.9675089120864868,-3.5719823837280273
A18,1,-11.439374923706055,2.7786065505267836,11.439374923706055,2.7786065505267836,-3.748126268386841,-0.43991443514823914
A19,1,-10.243847846984863,2.776881502705056,10.243847846984863,2.776881502705056,2.174184560775757,-1.2898679971694946
-,0,-10.869384765625,2.653691181822307,10.869384765625,2.653691181822307,-12.085360527038574,-8.937151908874512
-,0,-10.916881561279297,2.7806354041384136,10.916881561279297,2.7806354041384136,-8.154072761535645,-5.957442283630371
-,0,-11.095443725585938,2.7228521297349566,11.095443725585938,2.7228521297349566,-5.67376708984375,-3.858576774597168
A18,1,-11.028973579406738,2.793799692895586,11.028973579406738,2.793799692895586,2.3117382526397705,2.2316818237304688
A08,1,-10.786002159118652,2.7100878706234925,10.786002159118652,2.7100878706234925,7.640859603881836,7.663537502288818
A09,1,-10.759195327758789,2.670398493464343,10.759195327758789,2.670398493464343,4.520777702331543,5.820442199707031
A18,1,-11.050699234008789,2.815438116911453,11.050699234008789,2.815438116911453,4.958865165710449,4.24174690246582
A07,1,-10.815502166748047,2.8611719337656614,10.815502166748047,2.8611719337656614,3.144465684890747,5.731644630432129
-,0,-10.837474822998047,2.793644820097777,10.837474822998047,2.793644820097777,-12.509004592895508,-7.5569329261779785
A17,1,-10.98734188079834,2.834093039425894,10.98734188079834,2.834093039425894,0.5734530091285706,1.6550922393798828
A18,1,-10.568049430847168,2.7653404486920845,10.568049430847168,2.7653404486920845,2.513521432876587,2.1650702953338623
A19,1,-11.163198471069336,2.873207251215536,11.163198471069336,2.873207251215536,1.2019188404083252,-1.036566972732544
A19,1,-10.816723823547363,2.843731053457901,10.816723823547363,2.843731053457901,2.7209959030151367,7.674951553344727
-,0,-10.962952613830566,2.8054418820340543,10.962952613830566,2.8054418820340543,-2.5275700092315674,-0.008176751434803009
A08,1,-10.884650230407715,2.8892981973611787,10.884650230407715,2.8892981973611787,5.560677528381348,2.830010414123535
A19,1,-11.063420295715332,2.73990997130721,11.063420295715332,2.73990997130721,0.11734554916620255,-0.9174892902374268
A18,1,-10.542405128479004,2.7633783652043458,10.542405128479004,2.7633783652043458,-0.6197603344917297,0.2026759684085846
A16,1,-11.158368110656738,2.760926159623396,11.158368110656738,2.760926159623396,4.915524959564209,2.8846635818481445
-,0,-11.094402313232422,2.7270544763013644,11.094402313232422,2.7270544763013644,-4.923588752746582,-5.650025367736816
A11,1,-10.92931842803955,2.6678203940403256,10.92931842803955,2.6678203940403256,-1.3999384641647339,1.8094656467437744
-,0,-11.179309844970703,2.8423824756168243,11.179309844970703,2.8423824756168243,-10.604741096496582,-3.8920183181762695
A10,1,-11.104269981384277,2.8271528610618124,11.104269981384277,2.8271528610618124,4.315976619720459,2.225337505340576
A11,1,-10.64108657836914,2.654787558377472,10.64108657836914,2.654787558377472,1.7098900079727173,2.9244067668914795
-,0,-10.710294723510742,2.702428842838331,10.710294723510742,2.702428842838331,-1.0248873233795166,-1.3594633340835571
A16,1,-11.292144775390625,2.75076211913861,11.292144775390625,2.75076211913861,5.317237854003906,0.4905073344707489
-,0,-10.548660278320312,2.8399463213970875,10.548660278320312,2.8399463213970875,-2.606072187423706,-2.8236873149871826
A11,1,-10.314579963684082,2.7210755520340655,10.314579963684082,2.7210755520340655,4.538477897644043,3.734530210494995
-,0,-11.274676322937012,2.781044987832338,11.274676322937012,2.781044987832338,-7.776218414306641,-4.899467468261719
-,0,-10.792976379394531,2.826654373986964,10.792976379394531,2.826654373986964,-6.471926689147949,-1.968222975730896
-,0,-10.758950233459473,2.838687922870966,10.758950233459473,2.838687922870966,-4.373735427856445,-2.2055673599243164
-,0,-10.599390029907227,2.8177086372495825,10.599390029907227,2.8177086372495825,-7.425908088684082,-2.942365884780884
A09,1,-10.581793785095215,2.7622583186631586,10.581793785095215,2.7622583186631586,7.096236228942871,9.123348236083984
A15,1,-10.751340866088867,2.698210448718505,10.751340866088867,2.698210448718505,0.6473864912986755,4.2279157638549805
A10,1,-11.144721984863281,2.885260988949168,11.144721984863281,2.885260988949168,3.2105913162231445,1.039554238319397
A11,1,-9.134282112121582,2.639893867705695,9.134282112121582,2.639893867705695,8.253085136413574,8.748234748840332
A08,1,-10.039816856384277,2.7923326307060323,10.039816856384277,2.7923326307060323,7.657558917999268,7.064130783081055
A12,1,-10.652482032775879,2.7928329755312378,10.652482032775879,2.7928329755312378,5.420652389526367,6.1751203536987305
A18,1,-10.827743530273438,2.8310090668355596,10.827743530273438,2.8310090668355596,1.688057780265808,5.030355930328369
A19,1,-10.877408981323242,2.8690637596648894,10.877408981323242,2.8690637596648894,2.764171838760376,7.273342132568359
A19,1,-11.314713478088379,2.743567243958011,11.314713478088379,2.743567243958011,4.385004997253418,0.956000804901123
A10,1,-11.090288162231445,2.8347502653145034,11.090288162231445,2.8347502653145034,0.5618774890899658,-0.6632024645805359
-,0,-11.22591781616211,2.81540053035934,11.22591781616211,2.81540053035934,-9.512776374816895,-1.5485832691192627
-,0,-10.987591743469238,2.8339656668003035,10.987591743469238,2.8339656668003035,2.8473172187805176,-1.8273330926895142
-,0,-11.117754936218262,2.7870556801011506,11.117754936218262,2.7870556801011506,-5.289645195007324,-3.948563575744629
-,0,-10.86670207977295,2.818028552207086,10.86670207977295,2.818028552207086,0.714350163936615,-0.4405105710029602
A11,1,-11.015633583068848,2.8104554720781176,11.015633583068848,2.8104554720781176,2.4638478755950928,2.760659694671631
A14,1,-10.8427734375,2.708477213492304,10.8427734375,2.708477213492304,1.408722996711731,0.34263935685157776
A17,1,-10.593831062316895,2.8681345522940593,10.593831062316895,2.8681345522940593,1.4123369455337524,2.3087849617004395
A16,1,-11.120953559875488,2.7415406734037377,11.120953559875488,2.7415406734037377,4.230409622192383,5.742095470428467
-,0,-10.663703918457031,2.770354055187984,10.663703918457031,2.770354055187984,0.3743859529495239,0.7911122441291809
A11,1,-10.484058380126953,2.789824064716831,10.484058380126953,2.789824064716831,4.28024959564209,7.144784927368164
A12,1,-10.889741897583008,2.791325899884114,10.889741897583008,2.791325899884114,6.270840644836426,8.990591049194336
-,0,-11.025075912475586,2.7694597610018437,11.025075912475586,2.7694597610018437,-2.4238247871398926,-1.9604969024658203
A17,1,-11.21617317199707,2.6904885185308403,11.21617317199707,2.6904885185308403,7.442419052124023,8.276887893676758
A09,1,-10.61844253540039,2.746480800249997,10.61844253540039,2.746480800249997,3.386741876602173,8.319770812988281
A08,1,-10.551058769226074,2.8268122975419128,10.551058769226074,2.8268122975419128,8.601364135742188,8.567211151123047
-,0,-10.450575828552246,2.8665287806362345,10.450575828552246,2.8665287806362345,-10.418686866760254,-4.762175559997559
A09,1,-9.811304092407227,2.792278947200319,9.811304092407227,2.792278947200319,2.0027787685394287,8.867477416992188
-,0,-11.247546195983887,2.8187228488148,11.247546195983887,2.8187228488148,-7.897149085998535,-5.107588768005371
-,0,-10.927387237548828,2.8308285439598726,10.927387237548828,2.8308285439598726,-4.459846496582031,-4.092761993408203
A17,1,-10.73066520690918,2.832539030210139,10.73066520690918,2.832539030210139,4.1206817626953125,0.6344550848007202
A18,1,-10.796906471252441,2.798152214103512,10.796906471252441,2.798152214103512,-5.836063385009766,0.08696173876523972
-,0,-10.904081344604492,2.7112278133308303,10.904081344604492,2.7112278133308303,-14.57835578918457,-7.840794563293457
A11,1,-10.655708312988281,2.7013449346488434,10.655708312988281,2.7013449346488434,5.9455132484436035,5.078594207763672
-,0,-11.014434814453125,2.8698272414378803,11.014434814453125,2.8698272414378803,-3.4619667530059814,-5.125563144683838
A15,1,-10.545561790466309,2.6561430402267607,10.545561790466309,2.6561430402267607,6.148444652557373,6.51547908782959
A14,1,-10.928929328918457,2.8024957572994427,10.928929328918457,2.8024957572994427,1.2726901769638062,2.6282782554626465
-,0,-10.591289520263672,2.793150874119365,10.591289520263672,2.793150874119365,-2.845421075820923,-0.18151646852493286
-,0,-11.075701713562012,2.741866319714692,11.075701713562012,2.741866319714692,-9.598923683166504,-5.943543910980225
A19,1,-11.034518241882324,2.81859069005359,11.034518241882324,2.81859069005359,-3.582864284515381,3.889875650405884
A19,1,-11.030594825744629,2.8810101904118453,11.030594825744629,2.8810101904118453,-0.3300510048866272,-0.38235291838645935
A07,1,-10.2083101272583,2.629689122438486,10.2083101272583,2.629689122438486,3.992490768432617,7.2525248527526855
A10,1,-10.873465538024902,2.746776569456869,10.873465538024902,2.746776569456869,3.969008207321167,3.9678425788879395
A14,1,-10.257055282592773,2.775128128528877,10.257055282592773,2.775128128528877,4.435639381408691,5.158019065856934
A09,1,-10.77987289428711,2.7318705199033926,10.77987289428711,2.7318705199033926,8.147887229919434,5.49196720123291
A09,1,-10.700398445129395,2.752538777557217,10.700398445129395,2.752538777557217,-3.1257336139678955,5.417239189147949
-,0,-10.761106491088867,2.8044431603091122,10.761106491088867,2.8044431603091122,-1.9934436082839966,-1.11335289478302
A11,1,-10.771855354309082,2.84972907604478,10.771855354309082,2.84972907604478,3.3146018981933594,3.695956230163574
A13,1,-11.069131851196289,2.7395737756189433,11.069131851196289,2.7395737756189433,7.443065643310547,8.456809997558594
A17,1,-10.763189315795898,2.8230866479402588,10.763189315795898,2.8230866479402588,5.85718297958374,5.04319953918457
-,0,-11.000404357910156,2.64503689891188,11.000404357910156,2.64503689891188,-8.973954200744629,-7.001376628875732
A18,1,-10.164517402648926,2.7806330272068367,10.164517402648926,2.7806330272068367,6.7083024978637695,3.495952844619751
A14,1,-10.904964447021484,2.7278591565457493,10.904964447021484,2.7278591565457493,4.603669166564941,5.753538608551025
A13,1,-8.997781753540039,2.78242194074429,8.997781753540039,2.78242194074429,8.629512786865234,8.388775825500488
A15,1,-10.930137634277344,2.655568645214166,10.930137634277344,2.655568645214166,2.3447225093841553,4.413139343261719
-,0,-11.033485412597656,2.7176012075236717,11.033485412597656,2.7176012075236717,-7.645698547363281,-1.960221767425537
-,0,-11.202937126159668,2.778523507924584,11.202937126159668,2.778523507924584,-11.022101402282715,-8.194616317749023
-,0,-10.96854019165039,2.590012137207184,10.96854019165039,2.590012137207184,-5.476705551147461,-1.700937032699585
A19,1,-9.72772216796875,2.79851992547253,9.72772216796875,2.79851992547253,-2.85886549949646,0.3290397524833679
A18,1,-11.259862899780273,2.748518960119421,11.259862899780273,2.748518960119421,3.8460381031036377,6.725326061248779
A07,1,-11.213407516479492,2.736093838643573,11.213407516479492,2.736093838643573,4.853211402893066,4.68514347076416
A19,1,-11.16325855255127,2.7281109693176258,11.16325855255127,2.7281109693176258,4.183618068695068,2.991584300994873
A13,1,-10.524271965026855,2.8397751497824277,10.524271965026855,2.8397751497824277,4.371006965637207,5.19906759262085
A12,1,-11.146261215209961,2.656094569984677,11.146261215209961,2.656094569984677,-0.13946941494941711,-1.4876435995101929
A11,1,-10.031511306762695,2.6908267840418145,10.031511306762695,2.6908267840418145,4.824011325836182,6.124154090881348
-,0,-10.317420959472656,2.812075326064889,10.317420959472656,2.812075326064889,-4.655906677246094,-0.8115988373756409
A19,1,-10.765559196472168,2.8122247494650257,10.765559196472168,2.8122247494650257,-3.9332714080810547,4.386240482330322
-,0,-10.602621078491211,2.654998898774688,10.602621078491211,2.654998898774688,1.7346240282058716,-0.911833643913269
-,0,-11.013825416564941,2.7589493862454177,11.013825416564941,2.7589493862454177,-10.411356925964355,-4.20684814453125
A15,1,-10.795707702636719,2.767673293167108,10.795707702636719,2.767673293167108,2.451115369796753,5.00665283203125
-,0,-10.493102073669434,2.662191210892382,10.493102073669434,2.662191210892382,-9.402945518493652,-5.2876811027526855
-,0,-11.137870788574219,2.8351768456584345,11.137870788574219,2.8351768456584345,2.561251401901245,-0.013151399791240692
-,0,-10.896499633789062,2.808717570243591,10.896499633789062,2.808717570243591,-1.4718965291976929,-0.8827424049377441
A18,1,-10.901799201965332,2.8268333084016564,10.901799201965332,2.8268333084016564,0.6838683485984802,3.532003879547119
-,0,-10.754573822021484,2.6706863124089977,10.754573822021484,2.6706863124089977,-4.62160587310791,-3.0741500854492188
-,0,-10.768309593200684,2.858996981047915,10.768309593200684,2.858996981047915,-3.480334520339966,1.2098265886306763
-,0,-10.294647216796875,2.71287220674023,10.294647216796875,2.71287220674023,-1.2123700380325317,-0.8765291571617126
A12,1,-11.061859130859375,2.6659227711127036,11.061859130859375,2.6659227711127036,6.808780670166016,9.153463363647461
A19,1,-11.361034393310547,2.7391229118893534,11.361034393310547,2.7391229118893534,-1.4265037775039673,-0.47736990451812744
-,0,-11.151479721069336,2.753312362251272,11.151479721069336,2.753312362251272,-2.1706902980804443,-0.5425319075584412
A14,1,-10.952731132507324,2.805989105758223,10.952731132507324,2.805989105758223,-3.3613107204437256,3.3583364486694336
-,0,-11.261564254760742,2.706925032332024,11.261564254760742,2.706925032332024,-6.1045756340026855,-5.354709625244141
-,0,-10.97547721862793,2.6108594135410548,10.97547721862793,2.6108594135410548,-6.979457855224609,-5.375075817108154
-,0,-10.771533012390137,2.832419107335256,10.771533012390137,2.832419107335256,-11.620064735412598,-2.3552050590515137
A08,1,-10.886502265930176,2.733173106471008,10.886502265930176,2.733173106471008,8.326290130615234,6.83329963684082
-,0,-11.102839469909668,2.8274025690718583,11.102839469909668,2.8274025690718583,-5.71464729309082,-8.726417541503906
A18,1,-10.988265991210938,2.696653192126957,10.988265991210938,2.696653192126957,5.608017444610596,5.785009860992432
A09,1,-11.04746150970459,2.8154022314484433,11.04746150970459,2.8154022314484433,3.166759967803955,6.568681716918945
-,0,-11.188088417053223,2.7770110722805392,11.188088417053223,2.7770110722805392,-6.917296886444092,-5.774972438812256
A18,1,-10.799470901489258,2.8448551406374936,10.799470901489258,2.8448551406374936,3.9835150241851807,1.9920556545257568
-,0,-10.767813682556152,2.8478158005822714,10.767813682556152,2.8478158005822714,-10.640158653259277,-8.723615646362305
-,0,-11.129817962646484,2.6551878264671047,11.129817962646484,2.6551878264671047,-4.424905776977539,-2.914820432662964
-,0,-10.964874267578125,2.6866379166658008,10.964874267578125,2.6866379166658008,-10.458313941955566,-4.981772422790527
A16,1,-10.463981628417969,2.7843210392046025,10.463981628417969,2.7843210392046025,5.105546951293945,9.790789604187012
A19,1,-11.074487686157227,2.8597362597335927,11.074487686157227,2.8597362597335927,0.9844722747802734,2.48598575592041
-,0,-10.208499908447266,2.634895644774099,10.208499908447266,2.634895644774099,-5.184073448181152,-1.3658277988433838
-,0,-10.982436180114746,2.5744363999067224,10.982436180114746,2.5744363999067224,-4.925314903259277,-1.0976581573486328
-,0,-10.247974395751953,2.917898930113634,10.247974395751953,2.917898930113634,-4.632115364074707,-0.9467922449111938
-,0,-10.92690658569336,2.790796028928825,10.92690658569336,2.790796028928825,-4.038543701171875,-6.628100395202637
A18,1,-10.85904598236084,2.739820362864333,10.85904598236084,2.739820362864333,1.548477292060852,4.07735013961792
-,0,-11.240632057189941,2.7923183478125844,11.240632057189941,2.7923183478125844,-5.5630292892456055,-5.035377502441406
A18,1,-11.097505569458008,2.7035247699814082,11.097505569458008,2.7035247699814082,1.0874478816986084,3.5291712284088135
A14,1,-10.773097038269043,2.67468671126716,10.773097038269043,2.67468671126716,3.277822732925415,3.8099398612976074
-,0,-10.446967124938965,2.810401300123067,10.446967124938965,2.810401300123067,-9.506169319152832,-4.889189720153809
-,0,-10.59399127960205,2.7329351603850256,10.59399127960205,2.7329351603850256,-5.275082588195801,-0.46605613827705383
-,0,-10.551152229309082,2.888349747626383,10.551152229309082,2.888349747626383,-4.370332717895508,-2.0343964099884033
A13,1,-9.087371826171875,2.7206037613799308,9.087371826171875,2.7206037613799308,7.072901725769043,7.189078330993652
A13,1,-10.946442604064941,2.7462281769393955,10.946442604064941,2.7462281769393955,6.677901268005371,6.36061429977417
-,0,-10.870223045349121,2.7152300754586585,10.870223045349121,2.7152300754586585,2.5677969455718994,-1.5462825298309326
-,0,-11.284405708312988,2.8106238711285365,11.284405708312988,2.8106238711285365,-3.3276047706604004,-4.629732131958008
A16,1,-10.858192443847656,2.691320188527758,10.858192443847656,2.691320188527758,7.324313640594482,7.092097759246826
A15,1,-10.62421989440918,2.8260262499285638,10.62421989440918,2.8260262499285638,-1.2678236961364746,3.199065685272217
-,0,-10.976971626281738,2.747591646936251,10.976971626281738,2.747591646936251,-7.139528751373291,-6.191147804260254
-,0,-10.493317604064941,2.779936393927485,10.493317604064941,2.779936393927485,-5.712998390197754,-1.9262858629226685
-,0,-10.891414642333984,2.8211182038876736,10.891414642333984,2.8211182038876736,-4.197068691253662,-1.1193501949310303
A09,1,-10.358661651611328,2.8787240056038677,10.358661651611328,2.8787240056038677,6.419040203094482,7.506866455078125
A08,1,-10.944218635559082,2.7212092351534305,10.944218635559082,2.7212092351534305,7.178919315338135,9.75044059753418
A12,1,-10.409836769104004,2.695219960355348,10.409836769104004,2.695219960355348,6.121918678283691,6.5293049812316895
-,0,-11.271859169006348,2.661750348939815,11.271859169006348,2.661750348939815,3.5368359088897705,-0.9084166288375854
-,0,-10.980850219726562,2.863099950015622,10.980850219726562,2.863099950015622,-7.469851016998291,-5.517027854919434
-,0,-10.523787498474121,2.8752676837224196,10.523787498474121,2.8752676837224196,-2.1299591064453125,-1.5819618701934814
-,0,-10.959843635559082,2.6771031014603794,10.959843635559082,2.6771031014603794,-6.089873790740967,-0.8434358239173889
A09,1,-10.278006553649902,2.778251769776806,10.278006553649902,2.778251769776806,5.00421142578125,7.321887016296387
A14,1,-10.696154594421387,2.7158127577175497,10.696154594421387,2.7158127577175497,-6.088433265686035,3.647113084793091
A16,1,-10.901163101196289,2.6977741511719566,10.901163101196289,2.6977741511719566,3.7109434604644775,6.707890033721924
A12,1,-9.460597038269043,2.616931329215585,9.460597038269043,2.616931329215585,-0.24690288305282593,2.4962973594665527
-,0,-10.157221794128418,2.7783855998366906,10.157221794128418,2.7783855998366906,-1.518945336341858,-1.9174847602844238
A17,1,-10.872679710388184,2.79480321745007,10.872679710388184,2.79480321745007,4.36060905456543,3.230233669281006
A15,1,-10.882397651672363,2.770943002202472,10.882397651672363,2.770943002202472,3.5785927772521973,7.574027061462402
A13,1,-9.76227855682373,2.716642554589514,9.76227855682373,2.716642554589514,8.042523384094238,9.841836929321289
A19,1,-10.892605781555176,2.788246489671565,10.892605781555176,2.788246489671565,2.0212604999542236,-1.5762741565704346
A19,1,-10.279223442077637,2.8127611698774095,10.279223442077637,2.8127611698774095,0.05178719013929367,2.992675304412842
A18,1,-11.264493942260742,2.721508698228312,11.264493942260742,2.721508698228312,4.128812313079834,3.3089001178741455
A07,1,-10.740093231201172,2.801095932221541,10.740093231201172,2.801095932221541,4.298750877380371,3.339252471923828
A15,1,-10.962911605834961,2.737940029366457,10.962911605834961,2.737940029366457,3.9433257579803467,5.780596733093262
A14,1,-10.791467666625977,2.844668756363649,10.791467666625977,2.844668756363649,1.449819564819336,7.540806293487549
-,0,-11.213678359985352,2.8413897112696653,11.213678359985352,2.8413897112696653,-3.412916421890259,-3.9649105072021484
A19,1,-10.71517276763916,2.6985573034861403,10.71517276763916,2.6985573034861403,-1.6868159770965576,0.9525163173675537
-,0,-11.032747268676758,2.7880127722919466,11.032747268676758,2.7880127722919466,-8.53029727935791,-5.691021919250488
A14,1,-10.712157249450684,2.7501428754419717,10.712157249450684,2.7501428754419717,5.5749969482421875,6.726220607757568
A12,1,-10.424688339233398,2.632920626216448,10.424688339233398,2.632920626216448,9.56584358215332,8.664595603942871
A15,1,-11.243290901184082,2.884470927102285,11.243290901184082,2.884470927102285,6.0505547523498535,6.443383693695068
-,0,-10.991118431091309,2.7025088117854468,10.991118431091309,2.7025088117854468,-1.3150031566619873,-1.1954829692840576
A18,1,-10.282994270324707,2.7405500889161374,10.282994270324707,2.7405500889161374,-2.9377453327178955,1.2565655708312988
-,0,-10.98723316192627,2.7449865053711573,10.98723316192627,2.7449865053711573,-6.449184894561768,-5.4017486572265625
A09,1,-11.018854141235352,2.722530363856782,11.018854141235352,2.722530363856782,8.457448959350586,6.652846336364746
-,0,-10.633016586303711,2.6511955583943174,10.633016586303711,2.6511955583943174,-0.8412477374076843,-1.1440527439117432
A08,1,-10.62919807434082,2.702196625103707,10.62919807434082,2.702196625103707,5.658324241638184,8.99845027923584
-,0,-11.251128196716309,2.7847952912666125,11.251128196716309,2.7847952912666125,-6.550567626953125,-5.571910858154297
-,0,-11.026751518249512,2.8097673138700148,11.026751518249512,2.8097673138700148,-5.724899768829346,-3.7346386909484863
-,0,-11.039624214172363,2.8021319993017078,11.039624214172363,2.8021319993017078,-7.285015106201172,-1.1096537113189697
-,0,-10.750289916992188,2.7572752807722076,10.750289916992188,2.7572752807722076,-3.616786003112793,-2.6220383644104004
A08,1,-9.45011043548584,2.741824019629461,9.45011043548584,2.741824019629461,3.6357719898223877,7.470240592956543
-,0,-10.779704093933105,2.801503779316241,10.779704093933105,2.801503779316241,-5.867763519287109,-1.4023301601409912
A07,1,-8.418766021728516,2.7671282423489827,8.418766021728516,2.7671282423489827,7.939698219299316,8.484356880187988
A19,1,-11.06053352355957,2.6819355571791994,11.06053352355957,2.6819355571791994,5.272022247314453,5.515102386474609
-,0,-10.878803253173828,2.739557535650344,10.878803253173828,2.739557535650344,-14.711223602294922,-6.534540176391602
A13,1,-10.78592586517334,2.7643200401866346,10.78592586517334,2.7643200401866346,7.557252407073975,9.14022159576416
-,0,-10.559377670288086,2.8702888321584035,10.559377670288086,2.8702888321584035,-6.560207366943359,-3.760258197784424
-,0,-10.950401306152344,2.8211502973396203,10.950401306152344,2.8211502973396203,-1.790575623512268,-0.7668286561965942
A16,1,-10.723062515258789,2.6620825039563023,10.723062515258789,2.6620825039563023,5.241291046142578,10.200937271118164
A07,1,-10.783730506896973,2.822252090079845,10.783730506896973,2.822252090079845,3.363680124282837,6.287031173706055
-,0,-11.458866119384766,2.7878022494213823,11.458866119384766,2.7878022494213823,-2.9930238723754883,-4.745894432067871
-,0,-10.446640014648438,2.788991065205685,10.446640014648438,2.788991065205685,-3.711005926132202,-1.6746561527252197
A14,1,-11.062636375427246,2.7641089327176744,11.062636375427246,2.7641089327176744,-1.5775188207626343,3.47891902923584
-,0,-10.041961669921875,2.658458452734591,10.041961669921875,2.658458452734591,-2.322491407394409,-1.0374740362167358
-,0,-10.961437225341797,2.7886756863031925,10.961437225341797,2.7886756863031925,-2.767437219619751,-3.070786952972412
A09,1,-10.308165550231934,2.911047370338336,10.308165550231934,2.911047370338336,0.9696659445762634,5.685825824737549
-,0,-11.023405075073242,2.71111208318719,11.023405075073242,2.71111208318719,-7.260926246643066,-6.011823654174805
-,0,-11.137288093566895,2.831736663167737,11.137288093566895,2.831736663167737,-11.713205337524414,-6.774423122406006
-,0,-10.883644104003906,2.77833232335301,10.883644104003906,2.77833232335301,-3.129958391189575,-3.447232723236084
-,0,-11.405342102050781,2.784737175554801,11.405342102050781,2.784737175554801,-2.114696979522705,-1.6885417699813843
-,0,-10.933172225952148,2.7042449783192444,10.933172225952148,2.7042449783192444,-7.4110589027404785,-3.099047899246216
A13,1,-7.067054271697998,2.6654768689270703,7.067054271697998,2.6654768689270703,10.226227760314941,7.247872352600098
-,0,-11.081897735595703,2.766119427922126,11.081897735595703,2.766119427922126,-6.381005764007568,-6.325427532196045
-,0,-11.23476505279541,2.7278865573635427,11.23476505279541,2.7278865573635427,0.7628939151763916,-1.9971370697021484
-,0,-11.02165412902832,2.7603316601672723,11.02165412902832,2.7603316601672723,-10.608339309692383,-7.836420059204102
-,0,-11.135404586791992,2.8319381009037734,11.135404586791992,2.8319381009037734,-4.551154136657715,-3.868483543395996
-,0,-10.90850830078125,2.864328298926822,10.90850830078125,2.864328298926822,-0.321466326713562,-3.632075548171997
-,0,-11.01905632019043,2.73792470396309,11.01905632019043,2.73792470396309,-4.61612606048584,-0.22789841890335083
-,0,-10.438908576965332,2.679193534697686,10.438908576965332,2.679193534697686,-6.838639259338379,-1.301825761795044
-,0,-11.325613021850586,2.6805659445180074,11.325613021850586,2.6805659445180074,-2.023505926132202,-2.671093225479126
A13,1,-10.986021041870117,2.7195981930135993,10.986021041870117,2.7195981930135993,7.941335201263428,10.03671646118164
A11,1,-10.975739479064941,2.74790126272425,10.975739479064941,2.74790126272425,-1.694452166557312,1.2038624286651611
A19,1,-11.3806791305542,2.7048145810889563,11.3806791305542,2.7048145810889563,-5.485227584838867,-0.776401698589325
A10,1,-10.905808448791504,2.7543556446782733,10.905808448791504,2.7543556446782733,0.01797434687614441,4.537947654724121
A17,1,-10.992494583129883,2.7775320626871474,10.992494583129883,2.7775320626871474,2.568042516708374,3.0246734619140625
A19,1,-11.218189239501953,2.6611936449999694,11.218189239501953,2.6611936449999694,3.769625425338745,1.3841683864593506
A11,1,-10.909930229187012,2.714844110811395,10.909930229187012,2.714844110811395,-3.404358148574829,0.8613443970680237
A17,1,-11.034734725952148,2.700086086589998,11.034734725952148,2.700086086589998,3.142780065536499,2.9490816593170166
A13,1,-10.848013877868652,2.80898683541526,10.848013877868652,2.80898683541526,7.789402961730957,8.330162048339844
-,0,-10.985177993774414,2.8224742966757965,10.985177993774414,2.8224742966757965,-13.418864250183105,-6.633058547973633
-,0,-10.313573837280273,2.707765090802509,10.313573837280273,2.707765090802509,-1.6346638202667236,-0.8217556476593018
-,0,-10.526434898376465,2.8776749378867295,10.526434898376465,2.8776749378867295,-7.417635440826416,-3.2603368759155273
A08,1,-11.01758098602295,2.7514631298268566,11.01758098602295,2.7514631298268566,5.976823806762695,7.327520370483398
A18,1,-11.175724029541016,2.770793420549529,11.175724029541016,2.770793420549529,-0.9118799567222595,-1.1934092044830322
A17,1,-11.057498931884766,2.8145956755308235,11.057498931884766,2.8145956755308235,4.17006778717041,9.57097053527832
A15,1,-10.954756736755371,2.8683524828992732,10.954756736755371,2.8683524828992732,2.1721675395965576,5.192931175231934
A11,1,-10.665271759033203,2.770324355666305,10.665271759033203,2.770324355666305,6.6034722328186035,5.974769592285156
A12,1,-11.077396392822266,2.69363286322151,11.077396392822266,2.69363286322151,6.462104797363281,9.567964553833008
-,0,-11.328263282775879,2.6891418880488445,11.328263282775879,2.6891418880488445,-5.281394958496094,-6.871927261352539
A15,1,-10.849913597106934,2.6769354743047735,10.849913597106934,2.6769354743047735,-0.20975646376609802,2.0168278217315674
A17,1,-11.350488662719727,2.805104469237213,11.350488662719727,2.805104469237213,4.970640659332275,8.455541610717773
A15,1,-10.686684608459473,2.7859869585236763,10.686684608459473,2.7859869585236763,-5.293815612792969,2.239137649536133
A18,1,-11.029186248779297,2.7560291710204345,11.029186248779297,2.7560291710204345,1.8008487224578857,-0.03454447537660599
-,0,-10.73155689239502,2.8089082966716705,10.73155689239502,2.8089082966716705,-4.971726417541504,-2.3665378093719482
A16,1,-10.702278137207031,2.8003449787443015,10.702278137207031,2.8003449787443015,-0.8533363938331604,3.408010959625244
A17,1,-11.246671676635742,2.8120526413188025,11.246671676635742,2.8120526413188025,6.357590198516846,8.003044128417969
A09,1,-10.990815162658691,2.753608221567973,10.990815162658691,2.753608221567973,2.1448440551757812,7.510611057281494
A11,1,-10.961294174194336,2.6676773518720047,10.961294174194336,2.6676773518720047,-3.547847270965576,2.432096004486084
A10,1,-10.927722930908203,2.7215753594229524,10.927722930908203,2.7215753594229524,-0.5602323412895203,2.6003594398498535
A14,1,-11.155319213867188,2.8372274458815414,11.155319213867188,2.8372274458815414,-0.47038733959198,5.170647621154785
A09,1,-9.776055335998535,2.764670361202255,9.776055335998535,2.764670361202255,6.157968997955322,6.428110122680664
A16,1,-10.41307544708252,2.6997683587334707,10.41307544708252,2.6997683587334707,3.437311887741089,7.67706298828125
A14,1,-10.805041313171387,2.629062096225848,10.805041313171387,2.629062096225848,0.9840662479400635,1.7014906406402588
-,0,-10.960551261901855,2.7944359765975655,10.960551261901855,2.7944359765975655,-0.7497989535331726,-1.5369508266448975
A09,1,-10.672063827514648,2.8198512284369315,10.672063827514648,2.8198512284369315,-2.624562978744507,2.5842466354370117
-,0,-10.986488342285156,2.829874649522593,10.986488342285156,2.829874649522593,-5.374777793884277,-5.663239479064941
A07,1,-10.984776496887207,2.7276996241806835,10.984776496887207,2.7276996241806835,5.757012367248535,8.770601272583008
A15,1,-10.909905433654785,2.7144729215856707,10.909905433654785,2.7144729215856707,6.426058769226074,5.308651924133301
A18,1,-10.623327255249023,2.8299599739943018,10.623327255249023,2.8299599739943018,1.6144460439682007,0.5089408755302429
A10,1,-10.605857849121094,2.648036519351836,10.605857849121094,2.648036519351836,-5.129001617431641,6.423969268798828
A10,1,-10.769805908203125,2.762273373442774,10.769805908203125,2.762273373442774,5.530734062194824,4.152291774749756
-,0,-10.426996231079102,2.7057632524032167,10.426996231079102,2.7057632524032167,0.7549893260002136,-1.32429838180542
A13,1,-8.52329158782959,2.613649875209779,8.52329158782959,2.613649875209779,6.838226318359375,10.451216697692871
-,0,-10.998457908630371,2.8269206343419992,10.998457908630371,2.8269206343419992,-5.716836929321289,-1.5426766872406006
A15,1,-10.728846549987793,2.761364529553377,10.728846549987793,2.761364529553377,-0.2826732397079468,3.975491523742676
A10,1,-10.542169570922852,2.769108793888379,10.542169570922852,2.769108793888379,1.7493911981582642,2.185708522796631
A18,1,-10.62059497833252,2.7250448324169785,10.62059497833252,2.7250448324169785,4.21737003326416,4.149680137634277
A18,1,-10.990636825561523,2.8572011091087575,10.990636825561523,2.8572011091087575,-1.028125286102295,3.6181297302246094
A16,1,-10.858534812927246,2.756216836235251,10.858534812927246,2.756216836235251,-3.483067274093628,5.0755743980407715
-,0,-10.230957984924316,2.643111872212044,10.230957984924316,2.643111872212044,-2.9980764389038086,-1.5359039306640625
-,0,-11.170565605163574,2.746274559669341,11.170565605163574,2.746274559669341,-1.5798872709274292,-2.0994324684143066
A09,1,-10.982987403869629,2.6763048773545237,10.982987403869629,2.6763048773545237,4.559700965881348,7.451828479766846
A19,1,-10.928772926330566,2.869143540099128,10.928772926330566,2.869143540099128,1.5435309410095215,-3.1914443969726562
A14,1,-10.85411262512207,2.843356551558434,10.85411262512207,2.843356551558434,0.4244849383831024,5.630960941314697
A19,1,-11.232998847961426,2.8167156519590244,11.232998847961426,2.8167156519590244,2.8311121463775635,2.319805145263672
A07,1,-10.908698081970215,2.7596081100752934,10.908698081970215,2.7596081100752934,3.921276330947876,2.493373394012451
A07,1,-10.515761375427246,2.684312769727205,10.515761375427246,2.684312769727205,6.0996551513671875,7.847339153289795
A10,1,-10.999702453613281,2.830428264467729,10.999702453613281,2.830428264467729,5.07351541519165,5.617043495178223
-,0,-10.37109375,2.790652867359631,10.37109375,2.790652867359631,-8.467960357666016,-2.792959690093994
A08,1,-10.389774322509766,2.918644504011352,10.389774322509766,2.918644504011352,6.708619117736816,7.317626476287842
-,0,-10.950677871704102,2.8128729698170973,10.950677871704102,2.8128729698170973,-6.557855606079102,-2.0071372985839844
A14,1,-10.585813522338867,2.7726944289774003,10.585813522338867,2.7726944289774003,4.581343173980713,3.955803871154785
A15,1,-10.865457534790039,2.8111784312579284,10.865457534790039,2.8111784312579284,-1.3482825756072998,1.3138208389282227
-,0,-11.127721786499023,2.900446384904895,11.127721786499023,2.900446384904895,-5.033868789672852,-3.6581976413726807
-,0,-10.055912971496582,2.7523735048159286,10.055912971496582,2.7523735048159286,-6.374454498291016,-2.183560371398926
-,0,-10.946357727050781,2.8157598731452516,10.946357727050781,2.8157598731452516,-3.8497579097747803,-1.4570860862731934
A08,1,-11.03372573852539,2.81002147879815,11.03372573852539,2.81002147879815,6.623879432678223,4.373452186584473
A19,1,-11.115396499633789,2.7320609491175465,11.115396499633789,2.7320609491175465,-1.174232006072998,1.2253694534301758
A12,1,-11.208621978759766,2.6677117141621536,11.208621978759766,2.6677117141621536,1.6402848958969116,5.413840293884277
A11,1,-10.916680335998535,2.7069870033156813,10.916680335998535,2.7069870033156813,5.109213829040527,8.163933753967285
A12,1,-10.905405044555664,2.739255200622456,10.905405044555664,2.739255200622456,4.6763529777526855,5.005497455596924
-,0,-10.6819429397583,2.805869120964288,10.6819429397583,2.805869120964288,-1.1092849969863892,2.1272189617156982
-,0,-10.975318908691406,2.7773982326067608,10.975318908691406,2.7773982326067608,-4.047778606414795,-8.9327392578125
-,0,-10.751742362976074,2.7127934522876878,10.751742362976074,2.7127934522876878,-6.811315536499023,-1.961653232574463
A13,1,-10.372613906860352,2.665343938172657,10.372613906860352,2.665343938172657,5.944528579711914,6.426722526550293
A14,1,-10.743220329284668,2.7693442968185304,10.743220329284668,2.7693442968185304,-1.3850983381271362,4.220192909240723
A18,1,-11.255043029785156,2.718464192533085,11.255043029785156,2.718464192533085,-0.0487813726067543,-0.9834429621696472
-,0,-11.02481460571289,2.676046176498379,11.02481460571289,2.676046176498379,0.6898084282875061,-4.5702128410339355
-,0,-11.235023498535156,2.8133091654932483,11.235023498535156,2.8133091654932483,-3.556980848312378,-3.121361255645752
-,0,-10.933632850646973,2.684603247606788,10.933632850646973,2.684603247606788,-3.3694264888763428,-1.0697373151779175
A13,1,-10.918854713439941,2.7947676237171826,10.918854713439941,2.7947676237171826,7.017887115478516,6.693810939788818
-,0,-11.222376823425293,2.8140850646090647,11.222376823425293,2.8140850646090647,-12.359959602355957,-8.68122386932373
-,0,-11.211125373840332,2.7132183613362404,11.211125373840332,2.7132183613362404,-8.31699275970459,-4.078488826751709
-,0,-10.977968215942383,2.7675323458319965,10.977968215942383,2.7675323458319965,-6.322138786315918,-6.114850044250488
A10,1,-11.225872039794922,2.8889757218791883,11.225872039794922,2.8889757218791883,2.2986907958984375,-0.022192515432834625
-,0,-10.670870780944824,2.743805266994502,10.670870780944824,2.743805266994502,1.297539234161377,-0.715577244758606
A18,1,-10.601540565490723,2.6990988289824145,10.601540565490723,2.6990988289824145,0.85085529088974,1.6887918710708618
A14,1,-10.537081718444824,2.7926845932088877,10.537081718444824,2.7926845932088877,1.1905494928359985,6.855919361114502
-,0,-10.940396308898926,2.7040571648709153,10.940396308898926,2.7040571648709153,-9.485795021057129,-2.2408204078674316
A11,1,-10.243829727172852,2.619231417884869,10.243829727172852,2.619231417884869,3.555690050125122,6.446972846984863
A07,1,-10.476387977600098,2.835521421584893,10.476387977600098,2.835521421584893,6.016990661621094,5.986671447753906
A10,1,-11.18900203704834,2.7810997431784994,11.18900203704834,2.7810997431784994,5.618618011474609,1.7014734745025635
-,0,-10.534510612487793,2.6755253686425524,10.534510612487793,2.6755253686425524,-2.827009439468384,-0.8264431953430176
-,0,-10.937582969665527,2.830497135606327,10.937582969665527,2.830497135606327,-3.1668341159820557,-2.5139856338500977
A17,1,-11.165220260620117,2.7402359164720815,11.165220260620117,2.7402359164720815,5.443699836730957,3.285399913787842
-,0,-11.187756538391113,2.7645687285433795,11.187756538391113,2.7645687285433795,-6.12839937210083,-3.8462941646575928
-,0,-10.894034385681152,2.8310188991212413,10.894034385681152,2.8310188991212413,-5.747890472412109,-2.3033082485198975
-,0,-10.917953491210938,2.718907821918781,10.917953491210938,2.718907821918781,0.6914566159248352,-0.1466274857521057
A11,1,-10.920440673828125,2.7562140880137176,10.920440673828125,2.7562140880137176,1.8151823282241821,5.988199234008789
A14,1,-10.851851463317871,2.6800830737383023,10.851851463317871,2.6800830737383023,-1.2234262228012085,3.3111748695373535
-,0,-11.15827465057373,2.820800650650633,11.15827465057373,2.820800650650633,-2.8821566104888916,-3.6127023696899414
-,0,-11.05522346496582,2.7708783712123,11.05522346496582,2.7708783712123,-3.88398814201355,-2.8943583965301514
A14,1,-10.690031051635742,2.7243334583808685,10.690031051635742,2.7243334583808685,0.24408233165740967,4.949865818023682
-,0,-10.455986022949219,2.7449069943218523,10.455986022949219,2.7449069943218523,-0.5878631472587585,-1.5488626956939697
-,0,-11.287739753723145,2.7118844031306426,11.287739753723145,2.7118844031306426,-3.142829656600952,-4.504375457763672
A08,1,-10.874939918518066,2.885153902373066,10.874939918518066,2.885153902373066,1.823906421661377,6.431086540222168
A11,1,-10.768095016479492,2.8572090140174655,10.768095016479492,2.8572090140174655,5.638197422027588,5.958466529846191
A10,1,-10.47644329071045,2.84185361641125,10.47644329071045,2.84185361641125,8.748858451843262,10.008676528930664
A10,1,-10.819409370422363,2.731729493622894,10.819409370422363,2.731729493622894,2.502610921859741,1.5005728006362915
-,0,-11.376951217651367,2.7553308499993703,11.376951217651367,2.7553308499993703,-13.6160249710083,-4.057992935180664
-,0,-11.01010513305664,2.820297029480278,11.01010513305664,2.820297029480278,-5.7076616287231445,-2.3551411628723145
-,0,-10.448490142822266,2.8147837583161897,10.448490142822266,2.8147837583161897,-2.5638046264648438,-4.194568157196045
-,0,-10.82406997680664,2.7200738712521098,10.82406997680664,2.7200738712521098,-2.3266866207122803,-1.4398167133331299
A14,1,-9.815498352050781,2.7701570395244692,9.815498352050781,2.7701570395244692,3.2884633541107178,3.9473981857299805
A17,1,-11.23964786529541,2.741369680647795,11.23964786529541,2.741369680647795,5.628717422485352,8.781365394592285
A14,1,-10.915414810180664,2.7506318181129803,10.915414810180664,2.7506318181129803,5.580681800842285,5.57092809677124
-,0,-10.65291690826416,2.8626268415850142,10.65291690826416,2.8626268415850142,1.812588095664978,0.5415300130844116
-,0,-10.79053020477295,2.769446033353303,10.79053020477295,2.769446033353303,-7.022389888763428,-2.337826728820801
A11,1,-11.143391609191895,2.6825240295298505,11.143391609191895,2.6825240295298505,-3.0574569702148438,1.0129846334457397
A08,1,-10.741183280944824,2.682612363515313,10.741183280944824,2.682612363515313,4.372435569763184,6.484874725341797
A18,1,-10.028572082519531,2.7175632673818186,10.028572082519531,2.7175632673818186,0.30263251066207886,3.033139705657959
A17,1,-10.878750801086426,2.8532782347494403,10.878750801086426,2.8532782347494403,5.256176948547363,7.239306449890137
A19,1,-11.038047790527344,2.8026499020946347,11.038047790527344,2.8026499020946347,3.8518738746643066,-1.1759847402572632
-,0,-11.30689811706543,2.783777890834435,11.30689811706543,2.783777890834435,-7.923769950866699,-6.348141670227051
A10,1,-10.86832046508789,2.7720619539998443,10.86832046508789,2.7720619539998443,-4.202568054199219,-2.1658575534820557
A10,1,-9.29549789428711,2.8387865730229156,9.29549789428711,2.8387865730229156,1.8014732599258423,5.014498233795166
A15,1,-10.868135452270508,2.675893604073251,10.868135452270508,2.675893604073251,4.201866149902344,4.7189226150512695
-,0,-10.964942932128906,2.691977424849951,10.964942932128906,2.691977424849951,3.497053384780884,1.5253627300262451
A12,1,-10.684571266174316,2.5714042139318614,10.684571266174316,2.5714042139318614,7.179303169250488,8.729447364807129
A10,1,-10.780661582946777,2.836580030608561,10.780661582946777,2.836580030608561,-1.3821146488189697,-1.4995630979537964
A11,1,-10.708311080932617,2.83280040622966,10.708311080932617,2.83280040622966,-0.5760257244110107,5.947790145874023
-,0,-11.021580696105957,2.732610968597947,11.021580696105957,2.732610968597947,-3.27142333984375,-0.7474831342697144
-,0,-10.478464126586914,2.7302439290234095,10.478464126586914,2.7302439290234095,-6.557262420654297,-2.9324517250061035
A18,1,-11.36034870147705,2.6677715846898904,11.36034870147705,2.6677715846898904,1.2844759225845337,0.7728832960128784
A13,1,-9.359888076782227,2.4930114262068095,9.359888076782227,2.4930114262068095,7.220483303070068,9.757194519042969
-,0,-10.87560749053955,2.8759408496533614,10.87560749053955,2.8759408496533614,0.8962420225143433,-1.4143606424331665
A08,1,-10.478013038635254,2.9280573448899934,10.478013038635254,2.9280573448899934,3.202688217163086,7.444626808166504
-,0,-10.787410736083984,2.7800604770848656,10.787410736083984,2.7800604770848656,-7.986584186553955,-1.2433006763458252
A13,1,-9.722105026245117,2.6951016774705927,9.722105026245117,2.6951016774705927,8.11194896697998,10.486162185668945
A18,1,-10.821717262268066,2.6921452810877353,10.821717262268066,2.6921452810877353,4.225775718688965,8.051115989685059
A15,1,-11.134273529052734,2.875243300481492,11.134273529052734,2.875243300481492,-1.7368004322052002,2.3715240955352783
-,0,-10.479249954223633,2.9139643588961555,10.479249954223633,2.9139643588961555,-9.898258209228516,-3.1350507736206055
A14,1,-10.811955451965332,2.808822204537136,10.811955451965332,2.808822204537136,3.822920560836792,4.97598934173584
-,0,-10.99595832824707,2.7423479027338553,10.99595832824707,2.7423479027338553,-8.598247528076172,-8.306506156921387
A09,1,-10.67085075378418,2.827157648439006,10.67085075378418,2.827157648439006,8.444475173950195,9.037544250488281
A18,1,-10.906620979309082,2.7492822221979307,10.906620979309082,2.7492822221979307,2.453763723373413,0.7089275121688843
-,0,-10.412957191467285,2.7807572315005746,10.412957191467285,2.7807572315005746,-6.356569766998291,-2.248432159423828
-,0,-10.983086585998535,2.7469130470440564,10.983086585998535,2.7469130470440564,-2.0231399536132812,-3.918210983276367
A10,1,-10.640389442443848,2.8255719969004476,10.640389442443848,2.8255719969004476,6.0655388832092285,7.409448623657227
A09,1,-11.104378700256348,2.781638577308803,11.104378700256348,2.781638577308803,7.788228988647461,5.964606285095215
A12,1,-11.297906875610352,2.727779376113968,11.297906875610352,2.727779376113968,6.209269046783447,4.639817714691162
-,0,-11.278271675109863,2.726401325876893,11.278271675109863,2.726401325876893,-9.20901870727539,-6.48964786529541
-,0,-10.991515159606934,2.7181319473052192,10.991515159606934,2.7181319473052192,-9.780329704284668,-2.8319342136383057
A09,1,-10.968902587890625,2.694897433264886,10.968902587890625,2.694897433264886,8.034314155578613,6.059860706329346
A19,1,-11.091845512390137,2.724062493339477,11.091845512390137,2.724062493339477,3.6136465072631836,2.7822556495666504
-,0,-11.254626274108887,2.792513594966084,11.254626274108887,2.792513594966084,-9.781015396118164,-9.806379318237305
A10,1,-10.880093574523926,2.7917213219348094,10.880093574523926,2.7917213219348094,5.581264019012451,5.426543235778809
A19,1,-11.444660186767578,2.7286343437441487,11.444660186767578,2.7286343437441487,4.695859909057617,6.992453098297119
-,0,-11.027749061584473,2.7027441169006012,11.027749061584473,2.7027441169006012,-2.973431348800659,1.19499933719635
-,0,-11.19373607635498,2.752654826338015,11.19373607635498,2.752654826338015,-3.199720621109009,-6.439051628112793
A19,1,-11.025273323059082,2.769284026827038,11.025273323059082,2.769284026827038,3.5074622631073,8.434165954589844
-,0,-10.704111099243164,2.882587129465847,10.704111099243164,2.882587129465847,-7.404693126678467,-3.253209114074707
-,0,-10.333271026611328,2.8825468761953044,10.333271026611328,2.8825468761953044,-3.8103506565093994,-0.7364468574523926
-,0,-11.111357688903809,2.852934874705898,11.111357688903809,2.852934874705898,-4.312676429748535,-5.984024524688721
-,0,-10.184205055236816,2.700918423054713,10.184205055236816,2.700918423054713,-7.248645782470703,-0.6460525989532471
A08,1,-10.903785705566406,2.9069481933353973,10.903785705566406,2.9069481933353973,4.501303672790527,2.6799187660217285
A09,1,-10.912798881530762,2.8254504082840817,10.912798881530762,2.8254504082840817,0.1595628261566162,6.502415657043457
A17,1,-10.747950553894043,2.887287220304969,10.747950553894043,2.887287220304969,4.899862766265869,4.984440803527832
A09,1,-10.991902351379395,2.695324876525615,10.991902351379395,2.695324876525615,5.801222324371338,8.888267517089844
A13,1,-8.096729278564453,2.7668726729287614,8.096729278564453,2.7668726729287614,6.819038391113281,9.061373710632324
A08,1,-11.301746368408203,2.7706945500013194,11.301746368408203,2.7706945500013194,4.208548069000244,7.70033597946167
A08,1,-10.859349250793457,2.804792476489577,10.859349250793457,2.804792476489577,2.143847942352295,4.072174072265625
-,0,-10.826903343200684,2.6444448933074955,10.826903343200684,2.6444448933074955,-6.851426601409912,-6.562466621398926
A11,1,-10.81248664855957,2.605236218714526,10.81248664855957,2.605236218714526,4.347789764404297,3.7490997314453125
A08,1,-11.013520240783691,2.8267123282821456,11.013520240783691,2.8267123282821456,4.663064479827881,8.836609840393066
-,0,-11.1215181350708,2.826798064824972,11.1215181350708,2.826798064824972,-3.7724640369415283,-4.71341609954834
A19,1,-10.913997650146484,2.6900849712172934,10.913997650146484,2.6900849712172934,-1.2565772533416748,-2.056809902191162
A17,1,-11.020995140075684,2.746391599630208,11.020995140075684,2.746391599630208,0.01730968803167343,1.3999053239822388
A15,1,-10.8355073928833,2.728587509467269,10.8355073928833,2.728587509467269,-0.3953928053379059,-0.26044291257858276
-,0,-10.500163078308105,2.754132348880623,10.500163078308105,2.754132348880623,-8.200270652770996,-3.9520485401153564
-,0,-11.014842987060547,2.914765683491615,11.014842987060547,2.914765683491615,0.10618828982114792,-1.9653346538543701
A08,1,-10.957450866699219,2.815713496736882,10.957450866699219,2.815713496736882,4.467129230499268,4.801670074462891
A16,1,-10.751670837402344,2.7571816054851115,10.751670837402344,2.7571816054851115,5.658773899078369,4.44008731842041
-,0,-11.17609977722168,2.855172742491767,11.17609977722168,2.855172742491767,0.3235825300216675,0.8317113518714905
-,0,-11.225076675415039,2.755725142746754,11.225076675415039,2.755725142746754,-4.04703426361084,-7.158358097076416
-,0,-10.878596305847168,2.7950965443234908,10.878596305847168,2.7950965443234908,-5.663538932800293,-0.8899312019348145
A11,1,-10.751201629638672,2.7466658107129893,10.751201629638672,2.7466658107129893,5.3316121101379395,5.886105060577393
A13,1,-10.043781280517578,2.7099264651143367,10.043781280517578,2.7099264651143367,7.6712260246276855,8.292682647705078
A15,1,-11.01438045501709,2.635688264043747,11.01438045501709,2.635688264043747,-1.5838834047317505,2.579564094543457
-,0,-11.26634693145752,2.7435857432036106,11.26634693145752,2.7435857432036106,-4.081597328186035,-4.877023696899414
-,0,-11.123005867004395,2.696847594685483,11.123005867004395,2.696847594685483,-3.0164530277252197,-4.4260358810424805
A16,1,-11.241117477416992,2.6377747790621995,11.241117477416992,2.6377747790621995,4.073052406311035,6.04425048828125
A15,1,-10.855541229248047,2.7453220737291644,10.855541229248047,2.7453220737291644,3.362381935119629,8.44505500793457
A18,1,-10.710147857666016,2.7174138439777185,10.710147857666016,2.7174138439777185,-4.438074588775635,-0.30568888783454895
-,0,-11.187260627746582,2.8348565199562454,11.187260627746582,2.8348565199562454,-3.7454428672790527,-4.518914699554443
A18,1,-11.235675811767578,2.7890805309538655,11.235675811767578,2.7890805309538655,-1.671209692955017,-0.9699448943138123
A15,1,-10.920855522155762,2.811107806040853,10.920855522155762,2.811107806040853,1.264687418937683,3.7319464683532715
-,0,-10.835392951965332,2.648171953225641,10.835392951965332,2.648171953225641,-4.860077857971191,-2.467529773712158
A13,1,-10.940763473510742,2.874197384672291,10.940763473510742,2.874197384672291,7.901877403259277,8.734668731689453
A09,1,-11.072576522827148,2.6846371998447833,11.072576522827148,2.6846371998447833,2.3591983318328857,7.81464958190918
A14,1,-10.897576332092285,2.70235000553219,10.897576332092285,2.70235000553219,-1.6925021409988403,2.3213062286376953
-,0,-10.693007469177246,2.8748310692207606,10.693007469177246,2.8748310692207606,-2.454622268676758,0.3834204375743866
A15,1,-10.943105697631836,2.8204566690189794,10.943105697631836,2.8204566690189794,-3.877460479736328,-1.8745335340499878
A13,1,-10.586655616760254,2.742353274685345,10.586655616760254,2.742353274685345,7.4034528732299805,10.394371032714844
-,0,-10.252573013305664,2.7168667161821234,10.252573013305664,2.7168667161821234,-8.293920516967773,-3.6381003856658936
A07,1,-8.103217124938965,2.5896548822269767,8.103217124938965,2.5896548822269767,7.603456497192383,11.01530933380127
A13,1,-10.22519302368164,2.720985251329439,10.22519302368164,2.720985251329439,4.293849468231201,7.102104663848877
A09,1,-10.517529487609863,2.832631061971573,10.517529487609863,2.832631061971573,5.605814456939697,7.479568004608154
-,0,-10.508814811706543,2.819591614164853,10.508814811706543,2.819591614164853,5.024247169494629,0.11840827018022537
-,0,-11.281315803527832,2.748900790472874,11.281315803527832,2.748900790472874,-6.020574569702148,-0.4290578365325928
-,0,-11.085506439208984,2.739265527893987,11.085506439208984,2.739265527893987,-7.63511323928833,-7.800117492675781
A16,1,-10.44897747039795,2.593677235908449,10.44897747039795,2.593677235908449,2.7443554401397705,4.039538383483887
A19,1,-10.860910415649414,2.7178779076401045,10.860910415649414,2.7178779076401045,1.6200112104415894,-0.27796584367752075
A16,1,-10.595026016235352,2.664947992044302,10.595026016235352,2.664947992044302,1.5798935890197754,0.878913164138794
-,0,-11.212502479553223,2.7034550069049876,11.212502479553223,2.7034550069049876,-3.647580623626709,-5.141684532165527
-,0,-10.61068344116211,2.6519105524026148,10.61068344116211,2.6519105524026148,-2.1863648891448975,0.1238352432847023
A16,1,-11.492603302001953,2.639053811752784,11.492603302001953,2.639053811752784,7.703103065490723,9.134902000427246
-,0,-10.67581844329834,2.84292809547991,10.67581844329834,2.84292809547991,-1.2756633758544922,-1.6145750284194946
A12,1,-10.653680801391602,2.581497129057183,10.653680801391602,2.581497129057183,7.219857692718506,6.718910217285156
A10,1,-10.484394073486328,2.588390429356248,10.484394073486328,2.588390429356248,-1.0320507287979126,2.3482391834259033
-,0,-10.61599349975586,2.776034768891465,10.61599349975586,2.776034768891465,-8.916577339172363,-6.732564449310303
A08,1,-10.794310569763184,2.8219331948873845,10.794310569763184,2.8219331948873845,5.005074977874756,6.887243747711182
A11,1,-10.826460838317871,2.798515717242855,10.826460838317871,2.798515717242855,2.853440523147583,2.1987218856811523
-,0,-11.232128143310547,2.71829618543777,11.232128143310547,2.71829618543777,-6.690227031707764,-4.998173713684082
A07,1,-10.6887845993042,2.8017997217925794,10.6887845993042,2.8017997217925794,3.3373467922210693,8.551351547241211
A07,1,-11.187254905700684,2.7011328067017284,11.187254905700684,2.7011328067017284,1.7613037824630737,1.2199437618255615
A14,1,-11.119524002075195,2.7535299548074628,11.119524002075195,2.7535299548074628,3.232107400894165,5.334170818328857
A11,1,-10.535919189453125,2.796313630448093,10.535919189453125,2.796313630448093,-2.6583521366119385,1.658800482749939
A11,1,-10.925326347351074,2.5521028992177888,10.925326347351074,2.5521028992177888,4.239668846130371,4.539521217346191
A08,1,-11.126955032348633,2.84392522756749,11.126955032348633,2.84392522756749,2.3087880611419678,4.95216178894043
A08,1,-11.0933256149292,2.743201923904168,11.0933256149292,2.743201923904168,6.399782180786133,5.412881374359131
-,0,-10.759318351745605,2.8473823380487664,10.759318351745605,2.8473823380487664,-4.410701274871826,-0.25462666153907776
-,0,-10.732254981994629,2.7428633035731322,10.732254981994629,2.7428633035731322,-7.700860977172852,-6.105049133300781
-,0,-10.96841812133789,2.7721268372530834,10.96841812133789,2.7721268372530834,-2.9286437034606934,-3.5708980560302734
A15,1,-10.817681312561035,2.7812195006791756,10.817681312561035,2.7812195006791756,1.8784042596817017,7.156782150268555
A15,1,-10.718992233276367,2.6652460348087446,10.718992233276367,2.6652460348087446,-0.5926123261451721,5.410845756530762
A15,1,-10.756999015808105,2.844244474720651,10.756999015808105,2.844244474720651,4.753955841064453,4.803691387176514
A07,1,-10.8988676071167,2.6617911842476274,10.8988676071167,2.6617911842476274,5.33583402633667,4.930078029632568
A10,1,-10.773639678955078,2.748531730652966,10.773639678955078,2.748531730652966,-3.471587896347046,-0.4124406576156616
-,0,-11.058270454406738,2.7508623119883735,11.058270454406738,2.7508623119883735,-4.784732341766357,-1.9456491470336914
A14,1,-10.486881256103516,2.6961363191417025,10.486881256103516,2.6961363191417025,1.6678224802017212,7.641476631164551
-,0,-10.882311820983887,2.7868395002805317,10.882311820983887,2.7868395002805317,-8.428491592407227,-3.3037097454071045
A08,1,-11.10650634765625,2.7830603962276648,11.10650634765625,2.7830603962276648,7.005263328552246,5.884399890899658
-,0,-11.049293518066406,2.7128723813413425,11.049293518066406,2.7128723813413425,-15.63257884979248,-9.128942489624023
A11,1,-10.869078636169434,2.7632709406506923,10.869078636169434,2.7632709406506923,3.1978185176849365,4.328616142272949
A08,1,-10.861539840698242,2.7593413313783706,10.861539840698242,2.7593413313783706,5.229326248168945,6.080955505371094
A13,1,-7.75988245010376,2.692577232209742,7.75988245010376,2.692577232209742,7.773637771606445,9.824836730957031
A07,1,-10.876080513000488,2.6859313937816207,10.876080513000488,2.6859313937816207,5.7909016609191895,6.665037631988525
A15,1,-10.916342735290527,2.720740955874299,10.916342735290527,2.720740955874299,3.3381714820861816,6.543907165527344
A14,1,-10.800233840942383,2.7093827777763946,10.800233840942383,2.7093827777763946,-3.5238869190216064,5.082369804382324
A11,1,-10.048423767089844,2.7428948774797286,10.048423767089844,2.7428948774797286,8.03816032409668,9.68476390838623
A09,1,-10.621647834777832,2.712067698551133,10.621647834777832,2.712067698551133,0.276885449886322,8.919225692749023
-,0,-11.162473678588867,2.7241207433628962,11.162473678588867,2.7241207433628962,-2.783539295196533,-2.6163361072540283
A18,1,-10.829378128051758,2.822593861798234,10.829378128051758,2.822593861798234,4.626999378204346,0.2393980324268341
A08,1,-11.051365852355957,2.713158671711871,11.051365852355957,2.713158671711871,8.087185859680176,9.311782836914062
A12,1,-10.718708038330078,2.711035248852457,10.718708038330078,2.711035248852457,2.6998648643493652,4.543663024902344
-,0,-10.008493423461914,2.7566452923356692,10.008493423461914,2.7566452923356692,-0.7492122054100037,-0.3634158968925476
A17,1,-11.288972854614258,2.728884125774924,11.288972854614258,2.728884125774924,4.652285575866699,3.795001745223999
A17,1,-11.44701099395752,2.7617919889133216,11.44701099395752,2.7617919889133216,5.6586456298828125,7.367724895477295
-,0,-11.285664558410645,2.82792207669682,11.285664558410645,2.82792207669682,-5.980037689208984,-4.072623252868652
A16,1,-10.733819961547852,2.661131449833071,10.733819961547852,2.661131449833071,4.492400169372559,6.706005096435547
A18,1,-10.834017753601074,2.7871985018838386,10.834017753601074,2.7871985018838386,4.54118013381958,5.670032501220703
-,0,-11.025786399841309,2.7684176384663215,11.025786399841309,2.7684176384663215,-10.4126558303833,-5.975006103515625
A09,1,-11.082515716552734,2.789201671290354,11.082515716552734,2.789201671290354,6.82110595703125,11.179088592529297
-,0,-11.047160148620605,2.7245397749744504,11.047160148620605,2.7245397749744504,-2.500835418701172,-2.6822848320007324
-,0,-10.813158988952637,2.8646324011541195,10.813158988952637,2.8646324011541195,-5.9632439613342285,-1.9733587503433228
-,0,-10.824936866760254,2.744968004860183,10.824936866760254,2.744968004860183,3.0277841091156006,1.101956844329834
-,0,-10.202544212341309,2.5924782682889305,10.202544212341309,2.5924782682889305,4.706765174865723,-2.7478294372558594
-,0,-10.595471382141113,2.6596857706244665,10.595471382141113,2.6596857706244665,-2.772413492202759,-4.5066304206848145
A19,1,-11.276577949523926,2.655467798199846,11.276577949523926,2.655467798199846,-1.1371400356292725,1.1010266542434692
-,0,-11.192861557006836,2.709708604482125,11.192861557006836,2.709708604482125,-4.566612720489502,-3.041456937789917
A17,1,-11.049687385559082,2.7217973500796733,11.049687385559082,2.7217973500796733,5.486879348754883,9.832048416137695
-,0,-11.275651931762695,2.7074079569214002,11.275651931762695,2.7074079569214002,-9.96053695678711,-5.018134117126465
-,0,-11.079595565795898,2.6582229535386492,11.079595565795898,2.6582229535386492,-10.13407039642334,-8.643758773803711
A16,1,-11.086553573608398,2.663099504625764,11.086553573608398,2.663099504625764,2.8722119331359863,2.409555435180664
-,0,-11.035225868225098,2.729129189111494,11.035225868225098,2.729129189111494,-9.00248908996582,-1.6009786128997803
-,0,-10.489255905151367,2.7681115266440157,10.489255905151367,2.7681115266440157,-3.306743621826172,-2.22277569770813
A11,1,-11.321505546569824,2.742157745418703,11.321505546569824,2.742157745418703,-2.1884329319000244,0.5000952482223511
A09,1,-10.858577728271484,2.717932036834622,10.858577728271484,2.717932036834622,-1.7546817064285278,3.263190984725952
A09,1,-10.709217071533203,2.7376874111735843,10.709217071533203,2.7376874111735843,1.714802861213684,6.580442428588867
A15,1,-10.92175579071045,2.6850749281794792,10.92175579071045,2.6850749281794792,-0.9128751158714294,2.1713974475860596
-,0,-10.752907752990723,2.8046586452433635,10.752907752990723,2.8046586452433635,-2.618457078933716,-1.364882469177246
-,0,-11.135022163391113,2.6983210480855875,11.135022163391113,2.6983210480855875,-7.136413097381592,-2.108360767364502
-,0,-11.10826301574707,2.8772030376559754,11.10826301574707,2.8772030376559754,-6.53823184967041,-7.538723945617676
-,0,-10.956218719482422,2.755828905381064,10.956218719482422,2.755828905381064,-6.65805721282959,-0.2668851912021637
A15,1,-10.690829277038574,2.75140463691733,10.690829277038574,2.75140463691733,-2.4894373416900635,4.221477031707764
A13,1,-9.049575805664062,2.7328407325681665,9.049575805664062,2.7328407325681665,7.415597915649414,8.737424850463867
A08,1,-10.451992988586426,2.8389069389794597,10.451992988586426,2.8389069389794597,6.320056438446045,0.6201066970825195
A10,1,-10.722607612609863,2.745889920334908,10.722607612609863,2.745889920334908,-3.351145029067993,5.689714431762695
-,0,-10.841902732849121,2.8172425297532104,10.841902732849121,2.8172425297532104,-8.801817893981934,-3.394960641860962
-,0,-10.963723182678223,2.8751957095089806,10.963723182678223,2.8751957095089806,-5.61348819732666,-5.884647369384766
A10,1,-10.250062942504883,2.7813264112817397,10.250062942504883,2.7813264112817397,4.299891471862793,5.107310771942139
A08,1,-10.974180221557617,2.5751573984767275,10.974180221557617,2.5751573984767275,7.503656387329102,8.078289985656738
-,0,-10.364330291748047,2.7139739162764402,10.364330291748047,2.7139739162764402,3.4021365642547607,1.4198839664459229
A15,1,-11.042458534240723,2.742823114029744,11.042458534240723,2.742823114029744,5.677669525146484,4.132362365722656
A14,1,-10.875890731811523,2.7950691435161126,10.875890731811523,2.7950691435161126,1.5013452768325806,5.61264705657959
A14,1,-10.855069160461426,2.7567978464222946,10.855069160461426,2.7567978464222946,-0.6607126593589783,5.003159046173096
-,0,-11.138845443725586,2.793170116493746,11.138845443725586,2.793170116493746,-8.885907173156738,-3.326235294342041
-,0,-10.55424690246582,2.625619849356915,10.55424690246582,2.625619849356915,-3.349560499191284,-1.8034343719482422
-,0,-10.870409965515137,2.80299260485506,10.870409965515137,2.80299260485506,-4.512164115905762,-1.8546607494354248
A10,1,-10.563793182373047,2.836187311036511,10.563793182373047,2.836187311036511,7.462756156921387,11.24990463256836
-,0,-11.191368103027344,2.8311571797970756,11.191368103027344,2.8311571797970756,-5.0712690353393555,-2.125098705291748
A18,1,-10.638423919677734,2.775003276853756,10.638423919677734,2.775003276853756,-2.0276284217834473,3.833963394165039
-,0,-11.112269401550293,2.780655830453385,11.112269401550293,2.780655830453385,-4.24496603012085,-5.014547824859619
A14,1,-11.02595329284668,2.8226383497747958,11.02595329284668,2.8226383497747958,3.3114185333251953,1.985893726348877
A15,1,-11.045670509338379,2.8201746188617554,11.045670509338379,2.8201746188617554,-2.9686450958251953,0.5302729606628418
A13,1,-10.955780982971191,2.7849491381342215,10.955780982971191,2.7849491381342215,7.3043060302734375,7.504993438720703
-,0,-10.899787902832031,2.7795031543112025,10.899787902832031,2.7795031543112025,4.527148723602295,-0.8156817555427551
-,0,-10.922263145446777,2.8056079640773466,10.922263145446777,2.8056079640773466,-11.384385108947754,-8.004297256469727
-,0,-11.126537322998047,2.726988398383589,11.126537322998047,2.726988398383589,-11.757304191589355,-8.679203033447266
A09,1,-10.96230697631836,2.8267254016654495,10.96230697631836,2.8267254016654495,2.8556406497955322,3.3031318187713623
A18,1,-10.325973510742188,2.9304161928602523,10.325973510742188,2.9304161928602523,-2.352656602859497,0.6074426770210266
A19,1,-11.053827285766602,2.7384052676855735,11.053827285766602,2.7384052676855735,2.8549411296844482,0.9077742099761963
-,0,-11.273773193359375,2.856877336317862,11.273773193359375,2.856877336317862,-5.396731853485107,-6.460904598236084
A08,1,-10.699296951293945,2.781930099042571,10.699296951293945,2.781930099042571,-3.206378221511841,7.692368030548096
-,0,-11.051764488220215,2.811321507915604,11.051764488220215,2.811321507915604,-6.536827087402344,-2.7706189155578613
-,0,-10.84581184387207,2.6915430190482312,10.84581184387207,2.6915430190482312,-2.266230344772339,0.4569230377674103
A12,1,-10.95101547241211,2.783268305951068,10.95101547241211,2.783268305951068,5.718120098114014,7.608327865600586
-,0,-11.259200096130371,2.877552353858237,11.259200096130371,2.877552353858237,-3.394972801208496,-3.746273994445801
-,0,-10.658384323120117,2.8127601481045814,10.658384323120117,2.8127601481045814,-6.1301188468933105,-0.760146975517273
-,0,-10.742321014404297,2.734822307812071,10.742321014404297,2.734822307812071,-12.015809059143066,-1.599892020225525
A13,1,-10.838754653930664,2.7438994448565097,10.838754653930664,2.7438994448565097,7.0714592933654785,7.190273284912109
A08,1,-10.84764289855957,2.7699356333652174,10.84764289855957,2.7699356333652174,1.7033071517944336,1.9946205615997314
A11,1,-10.392724990844727,2.7013398957326475,10.392724990844727,2.7013398957326475,7.465905666351318,8.600177764892578
-,0,-10.427653312683105,2.8892594705983656,10.427653312683105,2.8892594705983656,-5.037569999694824,-1.665388822555542
-,0,-10.265664100646973,2.747284190379146,10.265664100646973,2.747284190379146,-2.667567491531372,-2.3983054161071777
-,0,-10.484530448913574,2.7111238178126995,10.484530448913574,2.7111238178126995,-4.475115776062012,0.5852128267288208
-,0,-10.883492469787598,2.822912440985754,10.883492469787598,2.822912440985754,6.239321231842041,-0.5373383164405823
-,0,-10.485297203063965,2.9145897257741566,10.485297203063965,2.9145897257741566,-4.3400044441223145,-3.4694738388061523
-,0,-11.24229907989502,2.779679800690821,11.24229907989502,2.779679800690821,-3.5474746227264404,-3.098069190979004
-,0,-10.92275619506836,2.8297800289911073,10.92275619506836,2.8297800289911073,-8.246548652648926,-3.1361916065216064
-,0,-10.7848539352417,2.690048386843841,10.7848539352417,2.690048386843841,-0.2689308524131775,-6.759295463562012
-,0,-11.13677978515625,2.796591514983673,11.13677978515625,2.796591514983673,-5.129566669464111,1.4018993377685547
-,0,-11.330254554748535,2.8421863302825154,11.330254554748535,2.8421863302825154,-6.510996341705322,-4.736070156097412
A15,1,-11.021848678588867,2.6893281717080906,11.021848678588867,2.6893281717080906,-3.1678030490875244,2.9820640087127686
-,0,-10.879868507385254,2.7101837288470887,10.879868507385254,2.7101837288470887,-5.824844837188721,-2.257233142852783
A15,1,-10.69215202331543,2.813328825386129,10.69215202331543,2.813328825386129,-2.6244442462921143,3.6250362396240234
-,0,-11.156693458557129,2.712579778012264,11.156693458557129,2.712579778012264,-13.642155647277832,-7.99451208114624
-,0,-11.459624290466309,2.7292915696417808,11.459624290466309,2.7292915696417808,-2.7763166427612305,-5.172863006591797
A09,1,-10.99815559387207,2.7121607677769988,10.99815559387207,2.7121607677769988,-2.0452303886413574,1.621701717376709
A19,1,-10.912765502929688,2.8458910866125224,10.912765502929688,2.8458910866125224,-1.1788363456726074,6.817429065704346
-,0,-11.3041410446167,2.8011588459516616,11.3041410446167,2.8011588459516616,-9.019429206848145,-7.159809112548828
-,0,-10.493794441223145,2.763383244036398,10.493794441223145,2.763383244036398,-9.912144660949707,-6.292374610900879
A09,1,-10.734819412231445,2.9189050648249504,10.734819412231445,2.9189050648249504,6.017577648162842,6.050957202911377
A18,1,-11.150230407714844,2.7528638906936758,11.150230407714844,2.7528638906936758,-0.5380029082298279,-1.5981495380401611
-,0,-11.057531356811523,2.698682947413978,11.057531356811523,2.698682947413978,-8.062239646911621,-4.552853584289551
A11,1,-10.56779670715332,2.734638240516052,10.56779670715332,2.734638240516052,-3.7219924926757812,-0.5824556350708008
-,0,-10.829251289367676,2.7851030657172435,10.829251289367676,2.7851030657172435,-1.156736969947815,-1.097071647644043
-,0,-10.876500129699707,2.771919132235531,10.876500129699707,2.771919132235531,-8.90549087524414,-3.860389232635498
A11,1,-10.260445594787598,2.470258556331904,10.260445594787598,2.470258556331904,9.957411766052246,9.045160293579102
A11,1,-11.079835891723633,2.6825012733458173,11.079835891723633,2.6825012733458173,1.9279698133468628,3.145852565765381
A11,1,-10.834314346313477,2.8868968776901984,10.834314346313477,2.8868968776901984,2.811241388320923,5.554818153381348
A09,1,-11.231390953063965,2.684271240825495,11.231390953063965,2.684271240825495,4.518343925476074,6.819228172302246
A07,1,-10.850081443786621,2.6064225060326174,10.850081443786621,2.6064225060326174,5.715509414672852,7.351520538330078
-,0,-11.095422744750977,2.823696185703632,11.095422744750977,2.823696185703632,-6.2540082931518555,-4.428772449493408
-,0,-10.585171699523926,2.7425929946456096,10.585171699523926,2.7425929946456096,1.9521443843841553,2.0765552520751953
-,0,-10.951790809631348,2.8291616041971586,10.951790809631348,2.8291616041971586,-11.77908992767334,-7.584967136383057
A09,1,-10.060592651367188,2.888770042649397,10.060592651367188,2.888770042649397,5.243905067443848,6.518547058105469
-,0,-11.088427543640137,2.869763082025962,11.088427543640137,2.869763082025962,-14.513995170593262,-9.625975608825684
A10,1,-11.077817916870117,2.7867371647273345,11.077817916870117,2.7867371647273345,3.01200270652771,6.546853065490723
-,0,-11.086560249328613,2.7842331479609443,11.086560249328613,2.7842331479609443,-9.398018836975098,-7.376970291137695
A08,1,-11.003898620605469,2.6782911706784214,11.003898620605469,2.6782911706784214,5.940880298614502,4.277249336242676
-,0,-10.420564651489258,2.81191987413603,10.420564651489258,2.81191987413603,-5.229436874389648,-2.4738354682922363
-,0,-10.92926025390625,2.698649861122826,10.92926025390625,2.698649861122826,-2.1054787635803223,-2.212064027786255
-,0,-10.906657218933105,2.8675517415568796,10.906657218933105,2.8675517415568796,-2.064621686935425,-1.3389819860458374
A15,1,-10.985567092895508,2.7368230858362965,10.985567092895508,2.7368230858362965,2.7593421936035156,2.5854902267456055
A13,1,-10.315022468566895,2.7553841454814747,10.315022468566895,2.7553841454814747,8.37341594696045,7.404156684875488
-,0,-10.28819465637207,2.6651648916725694,10.28819465637207,2.6651648916725694,0.6306540369987488,0.40784335136413574
A13,1,-9.801549911499023,2.7428912081569807,9.801549911499023,2.7428912081569807,7.907751083374023,6.560863494873047
A10,1,-10.618955612182617,2.813257857229528,10.618955612182617,2.813257857229528,2.2635178565979004,-0.4334019720554352
-,0,-10.825730323791504,2.838313052549952,10.825730323791504,2.838313052549952,-9.17720890045166,-3.7376770973205566
-,0,-11.023992538452148,2.7320280096652882,11.023992538452148,2.7320280096652882,-0.9213017821311951,-4.263457298278809
A17,1,-10.82569408416748,2.8531066447713394,10.82569408416748,2.8531066447713394,5.701335906982422,9.890968322753906
-,0,-10.357009887695312,2.8395146731438823,10.357009887695312,2.8395146731438823,-5.517736434936523,-4.984537124633789
-,0,-11.182852745056152,2.8368517229775434,11.182852745056152,2.8368517229775434,-7.898723602294922,-5.91183614730835
A10,1,-9.171879768371582,2.546645754278961,9.171879768371582,2.546645754278961,3.654604911804199,6.317325592041016
-,0,-11.160469055175781,2.7528398597657326,11.160469055175781,2.7528398597657326,-9.924739837646484,-5.159955024719238
A17,1,-10.97412109375,2.697920050239921,10.97412109375,2.697920050239921,1.2337037324905396,3.5248022079467773
A11,1,-10.751541137695312,2.6464624275077764,10.751541137695312,2.6464624275077764,-2.880998134613037,1.0938465595245361
A19,1,-11.192697525024414,2.706352325926614,11.192697525024414,2.706352325926614,3.1240837574005127,1.2093088626861572
A19,1,-11.181476593017578,2.77004774938598,11.181476593017578,2.77004774938598,4.4939866065979,5.287370681762695
-,0,-10.727700233459473,2.7761508146683984,10.727700233459473,2.7761508146683984,-10.347149848937988,-5.177794456481934
-,0,-10.952888488769531,2.816769632846351,10.952888488769531,2.816769632846351,-10.641236305236816,-6.19169807434082
-,0,-11.226457595825195,2.7146917908034816,11.226457595825195,2.7146917908034816,-0.44930875301361084,-1.8780248165130615
A14,1,-10.868221282958984,2.7610678609427963,10.868221282958984,2.7610678609427963,-3.233076333999634,5.159865379333496
-,0,-10.972148895263672,2.756445352486946,10.972148895263672,2.756445352486946,-7.006160259246826,-1.3648761510849
A08,1,-10.579940795898438,2.748057566026574,10.579940795898438,2.748057566026574,6.878693103790283,9.074385643005371
A19,1,-11.353625297546387,2.734777003684553,11.353625297546387,2.734777003684553,-2.1044178009033203,-0.8818597197532654
A15,1,-10.584687232971191,2.731477816790836,10.584687232971191,2.731477816790836,4.043095588684082,2.715634346008301
A17,1,-10.823015213012695,2.815318905296742,10.823015213012695,2.815318905296742,2.7191219329833984,0.08416939526796341
-,0,-11.140978813171387,2.8865000813513646,11.140978813171387,2.8865000813513646,-0.055389560759067535,-0.5281205177307129
A07,1,-10.534751892089844,2.7177966954778983,10.534751892089844,2.7177966954778983,-0.32173892855644226,5.116056442260742
-,0,-11.057748794555664,2.78241694936758,11.057748794555664,2.78241694936758,-3.8779077529907227,-2.9742302894592285
-,0,-11.098213195800781,2.8924279137137225,11.098213195800781,2.8924279137137225,-2.9268290996551514,2.2289531230926514
-,0,-11.307357788085938,2.7665694701060124,11.307357788085938,2.7665694701060124,-7.479360580444336,-3.3868141174316406
-,0,-11.342438697814941,2.8205486574510816,11.342438697814941,2.8205486574510816,-5.626163959503174,-3.6134798526763916
-,0,-11.264248847961426,2.743138787883085,11.264248847961426,2.743138787883085,-9.556513786315918,-3.5584511756896973
-,0,-11.304216384887695,2.7650993587387322,11.304216384887695,2.7650993587387322,-2.784039258956909,-2.1979715824127197
-,0,-11.044378280639648,2.777911159210307,11.044378280639648,2.777911159210307,-0.74445641040802,-3.8193607330322266
A09,1,-11.086191177368164,2.6124586180840295,11.086191177368164,2.6124586180840295,7.581064224243164,7.404376983642578
A11,1,-11.001404762268066,2.8237043453561075,11.001404762268066,2.8237043453561075,4.982848644256592,7.445407867431641
A10,1,-10.456415176391602,2.7753311395295546,10.456415176391602,2.7753311395295546,7.509659290313721,8.78943920135498
-,0,-11.238085746765137,2.7746353601577134,11.238085746765137,2.7746353601577134,-6.262510299682617,-5.519679546356201
A16,1,-11.350475311279297,2.758405911610474,11.350475311279297,2.758405911610474,5.523830890655518,1.4923503398895264
A14,1,-10.994087219238281,2.791117574413407,10.994087219238281,2.791117574413407,1.7542332410812378,3.2989606857299805
-,0,-11.350481986999512,2.7407218760385685,11.350481986999512,2.7407218760385685,-4.919387340545654,-6.134271621704102
-,0,-10.088791847229004,2.8038038270556607,10.088791847229004,2.8038038270556607,-9.113848686218262,-6.002501487731934
A07,1,-10.855573654174805,2.7450584940900056,10.855573654174805,2.7450584940900056,2.832883596420288,6.424149513244629
-,0,-10.952497482299805,2.80341911899692,10.952497482299805,2.80341911899692,-0.9443095326423645,-2.2878925800323486
A14,1,-10.509037017822266,2.910234529071892,10.509037017822266,2.910234529071892,0.27210158109664917,-0.6370141506195068
A14,1,-11.104924201965332,2.7829492085153293,11.104924201965332,2.7829492085153293,2.925600051879883,5.3857035636901855
A14,1,-10.809328079223633,2.7692508168156835,10.809328079223633,2.7692508168156835,2.150286912918091,5.555549621582031
A17,1,-11.2013521194458,2.70613354558442,11.2013521194458,2.70613354558442,4.314647197723389,7.597378253936768
A15,1,-10.457925796508789,2.7071933092451124,10.457925796508789,2.7071933092451124,4.9824724197387695,5.779781341552734
A18,1,-10.695237159729004,2.777944293926537,10.695237159729004,2.777944293926537,-0.11463096737861633,2.7282156944274902
-,0,-10.665897369384766,2.766828927569813,10.665897369384766,2.766828927569813,1.9301095008850098,0.07730045169591904
-,0,-11.208342552185059,2.8466236907039293,11.208342552185059,2.8466236907039293,-2.546476364135742,-1.0394070148468018
A18,1,-10.753520011901855,2.8608533765904682,10.753520011901855,2.8608533765904682,-2.8817262649536133,-0.2130843997001648
A13,1,-10.585301399230957,2.71790378877058,10.585301399230957,2.71790378877058,8.459006309509277,8.175464630126953
A19,1,-10.856619834899902,2.74280259216276,10.856619834899902,2.74280259216276,-1.489471673965454,2.3795061111450195
-,0,-10.863965034484863,2.8473349674988455,10.863965034484863,2.8473349674988455,-5.836430072784424,-0.5332779884338379
-,0,-11.331937789916992,2.8702049062478485,11.331937789916992,2.8702049062478485,-1.0081675052642822,-5.360684394836426
-,0,-11.169814109802246,2.7399431504396574,11.169814109802246,2.7399431504396574,-3.4728951454162598,-4.9395036697387695
A17,1,-10.741190910339355,2.8172756644226067,10.741190910339355,2.8172756644226067,7.0929484367370605,6.668733596801758
A15,1,-10.678057670593262,2.717252961424377,10.678057670593262,2.717252961424377,1.7847909927368164,3.6610238552093506
A13,1,-10.768233299255371,2.723465063035848,10.768233299255371,2.723465063035848,6.892499923706055,5.620937824249268
-,0,-10.90939998626709,2.736239906475832,10.90939998626709,2.736239906475832,-9.241145133972168,-4.23991584777832
A14,1,-11.084479331970215,2.7771870300042614,11.084479331970215,2.7771870300042614,-0.7950952053070068,2.5500688552856445
-,0,-11.05176067352295,2.8333066036048344,11.05176067352295,2.8333066036048344,-2.085468053817749,-2.8600962162017822
-,0,-10.444072723388672,2.7028729874966326,10.444072723388672,2.7028729874966326,-1.7546600103378296,1.4689042568206787
A17,1,-10.991812705993652,2.7915644714086936,10.991812705993652,2.7915644714086936,7.717172145843506,10.505758285522461
A09,1,-10.618782043457031,2.803069738985408,10.618782043457031,2.803069738985408,5.163604736328125,7.210666656494141
A09,1,-10.838545799255371,2.6072215219093593,10.838545799255371,2.6072215219093593,7.408323287963867,7.684413433074951
A19,1,-10.796208381652832,2.8858907080944407,10.796208381652832,2.8858907080944407,-4.753657341003418,-2.4636902809143066
-,0,-11.259913444519043,2.847449440643688,11.259913444519043,2.847449440643688,-6.361516952514648,-3.9668776988983154
A15,1,-11.020057678222656,2.827362538036121,11.020057678222656,2.827362538036121,5.316210746765137,1.1763814687728882
-,0,-11.195232391357422,2.892995595609478,11.195232391357422,2.892995595609478,-7.232812881469727,-4.755444526672363
-,0,-11.099397659301758,2.776408855793603,11.099397659301758,2.776408855793603,-6.387152671813965,-1.6400567293167114
A16,1,-10.585389137268066,2.81408576900123,10.585389137268066,2.81408576900123,3.782411575317383,7.397972106933594
A16,1,-10.826712608337402,2.8509089126624936,10.826712608337402,2.8509089126624936,3.52809739112854,7.1690802574157715
A14,1,-11.028143882751465,2.8783844374946996,11.028143882751465,2.8783844374946996,-7.784115314483643,3.6400704383850098
A12,1,-11.035731315612793,2.706928166323032,11.035731315612793,2.706928166323032,5.306328773498535,7.812606334686279
A14,1,-10.900944709777832,2.7435053688195588,10.900944709777832,2.7435053688195588,0.647278368473053,5.472630023956299
A11,1,-11.248519897460938,2.661429408955289,11.248519897460938,2.661429408955289,-2.895327091217041,-0.009166255593299866
-,0,-11.061134338378906,2.806684511301388,11.061134338378906,2.806684511301388,-13.78395938873291,-6.141418933868408
-,0,-11.310794830322266,2.6835095463237444,11.310794830322266,2.6835095463237444,-7.59780216217041,-5.046220779418945
-,0,-11.155815124511719,2.655621170532206,11.155815124511719,2.655621170532206,-9.812246322631836,-2.8863422870635986
-,0,-10.104101181030273,2.770599273467469,10.104101181030273,2.770599273467469,-4.284260272979736,-0.8005984425544739
A09,1,-11.081517219543457,2.733499536121407,11.081517219543457,2.733499536121407,5.8920440673828125,6.322427749633789
-,0,-10.99026107788086,2.842267230550475,10.99026107788086,2.842267230550475,-6.553953647613525,-0.9517239332199097
-,0,-11.350117683410645,2.749198501563521,11.350117683410645,2.749198501563521,-5.850580215454102,-6.215951919555664
A12,1,-9.32498836517334,2.5303264687142772,9.32498836517334,2.5303264687142772,6.657930374145508,6.863424301147461
A16,1,-10.39360237121582,2.733307790408773,10.39360237121582,2.733307790408773,5.787201881408691,9.950047492980957
A14,1,-10.943459510803223,2.7138794315095254,10.943459510803223,2.7138794315095254,1.4689987897872925,5.108360290527344
-,0,-10.331889152526855,2.8377864221656326,10.331889152526855,2.8377864221656326,-1.9804927110671997,-2.1663050651550293
-,0,-10.678202629089355,2.7873637367540223,10.678202629089355,2.7873637367540223,-4.502032279968262,3.088043212890625
-,0,-11.05427360534668,2.853512919923484,11.05427360534668,2.853512919923484,-10.995894432067871,-6.1351165771484375
-,0,-11.020227432250977,2.8479155507510776,11.020227432250977,2.8479155507510776,-6.445165634155273,-0.6722959280014038
A16,1,-11.073755264282227,2.6907879727200563,11.073755264282227,2.6907879727200563,4.349972724914551,1.2575385570526123
-,0,-10.948124885559082,2.7241348401559353,10.948124885559082,2.7241348401559353,-8.413738250732422,-3.5381546020507812
-,0,-11.126169204711914,2.8996691742062097,11.126169204711914,2.8996691742062097,-2.753000497817993,-0.5636165142059326
-,0,-10.371706008911133,2.7420152785488896,10.371706008911133,2.7420152785488896,0.21118110418319702,-0.7761719822883606
A13,1,-8.453953742980957,2.5285501005188196,8.453953742980957,2.5285501005188196,9.035100936889648,7.027334213256836
A13,1,-11.102157592773438,2.7827000407236557,11.102157592773438,2.7827000407236557,7.0720038414001465,8.041333198547363
A07,1,-8.416885375976562,2.7062192941173175,8.416885375976562,2.7062192941173175,0.39382824301719666,2.7513794898986816
-,0,-11.0502290725708,2.840619484768821,11.0502290725708,2.840619484768821,-5.330150127410889,-2.839755058288574
A07,1,-9.624690055847168,2.7997562388564936,9.624690055847168,2.7997562388564936,9.956926345825195,8.664663314819336
-,0,-10.937786102294922,2.8811780354485164,10.937786102294922,2.8811780354485164,-4.61181640625,-6.765118598937988
-,0,-10.532025337219238,2.7169788947638964,10.532025337219238,2.7169788947638964,2.177173376083374,-0.4081505239009857
-,0,-10.526155471801758,2.8879311251282136,10.526155471801758,2.8879311251282136,-2.340287446975708,0.9821646213531494
A13,1,-10.104001998901367,2.5443866851868453,10.104001998901367,2.5443866851868453,7.9521379470825195,10.441779136657715
A19,1,-11.0679931640625,2.7446436635423814,11.0679931640625,2.7446436635423814,0.5714132189750671,-0.9006074070930481
A14,1,-10.95809268951416,2.6668121586374816,10.95809268951416,2.6668121586374816,-4.3606672286987305,-1.0803306102752686
A12,1,-10.852714538574219,2.833185188363082,10.852714538574219,2.833185188363082,7.452317237854004,8.186319351196289
A15,1,-10.742799758911133,2.778817078921391,10.742799758911133,2.778817078921391,4.893964767456055,6.174083709716797
A12,1,-11.183496475219727,2.703816168008356,11.183496475219727,2.703816168008356,5.554788589477539,5.955288887023926
A07,1,-9.059123039245605,2.6400856533323998,9.059123039245605,2.6400856533323998,5.022147178649902,4.0558929443359375
-,0,-11.022579193115234,2.7892161601417746,11.022579193115234,2.7892161601417746,-3.7488901615142822,-2.0153234004974365
-,0,-11.014266014099121,2.7126956504616415,11.014266014099121,2.7126956504616415,-0.47571611404418945,-4.07066535949707
-,0,-11.133359909057617,2.85794509367523,11.133359909057617,2.85794509367523,-11.940349578857422,-3.730898141860962
A08,1,-11.324917793273926,2.8045241107779297,11.324917793273926,2.8045241107779297,3.900458335876465,2.6621365547180176
-,0,-11.030762672424316,2.808296231449646,11.030762672424316,2.808296231449646,-4.967026710510254,-3.115330457687378
A07,1,-10.572309494018555,2.7247877445745106,10.572309494018555,2.7247877445745106,3.380300760269165,3.594736099243164
-,0,-10.126452445983887,2.760436559615842,10.126452445983887,2.760436559615842,-6.473230361938477,-6.150456428527832
-,0,-10.601691246032715,2.676528112453896,10.601691246032715,2.676528112453896,-6.537841796875,-2.063671112060547
-,0,-11.042914390563965,2.8565310465275573,11.042914390563965,2.8565310465275573,-1.5753543376922607,-0.8832302093505859
-,0,-10.65698528289795,2.6668516111313774,10.65698528289795,2.6668516111313774,-10.349555015563965,-5.194027900695801
A13,1,-10.786052703857422,2.835510900342714,10.786052703857422,2.835510900342714,6.886180877685547,6.5577073097229
A11,1,-11.018719673156738,2.6436351132961433,11.018719673156738,2.6436351132961433,-1.273255467414856,5.101104736328125
-,0,-10.881807327270508,2.7432291725042344,10.881807327270508,2.7432291725042344,-3.554105520248413,-4.225568771362305
A11,1,-10.928888320922852,2.722860872780062,10.928888320922852,2.722860872780062,2.3712198734283447,4.142292499542236
A09,1,-10.449328422546387,2.5856095008098317,10.449328422546387,2.5856095008098317,4.648116111755371,7.28189754486084
-,0,-11.186426162719727,2.8038229199259526,11.186426162719727,2.8038229199259526,-2.5693609714508057,-1.8394420146942139
A14,1,-10.642792701721191,2.8911609841263943,10.642792701721191,2.8911609841263943,7.741443634033203,6.976499557495117
-,0,-10.785994529724121,2.8998915541288772,10.785994529724121,2.8998915541288772,-11.497122764587402,-8.524709701538086
-,0,-10.273383140563965,2.774568700259364,10.273383140563965,2.774568700259364,-4.608659267425537,-1.422737717628479
-,0,-11.427009582519531,2.7968497715693426,11.427009582519531,2.7968497715693426,-7.092297554016113,-8.283723831176758
A16,1,-11.075753211975098,2.8573313506081424,11.075753211975098,2.8573313506081424,1.4217404127120972,4.3303303718566895
A09,1,-10.731868743896484,2.8402413848659105,10.731868743896484,2.8402413848659105,9.132678031921387,9.627098083496094
-,0,-10.61832332611084,2.6175974905785244,10.61832332611084,2.6175974905785244,0.3428281545639038,-1.4303669929504395
A11,1,-10.84600830078125,2.8184133801102536,10.84600830078125,2.8184133801102536,2.467259168624878,4.8493876457214355
-,0,-10.728100776672363,2.8121689987993435,10.728100776672363,2.8121689987993435,-0.917971670627594,-0.9436134099960327
A18,1,-10.684731483459473,2.7746881560935566,10.684731483459473,2.7746881560935566,0.003711290657520294,-0.7972239255905151
A11,1,-10.50718879699707,2.692187947780194,10.50718879699707,2.692187947780194,5.620096206665039,6.761553764343262
-,0,-11.470294952392578,2.796369982197696,11.470294952392578,2.796369982197696,-9.088319778442383,-1.4287161827087402
A13,1,-8.699776649475098,2.703280214592364,8.699776649475098,2.703280214592364,8.513842582702637,10.332484245300293
-,0,-10.759262084960938,2.849753311046692,10.759262084960938,2.849753311046692,-4.1717963218688965,-4.190286636352539
A18,1,-10.242033958435059,2.6920379629590996,10.242033958435059,2.6920379629590996,0.2820700407028198,3.165092945098877
-,0,-10.978979110717773,2.607878105449611,10.978979110717773,2.607878105449611,0.2754139304161072,-0.5918295979499817
A13,1,-10.703044891357422,2.575137976826941,10.703044891357422,2.575137976826941,4.190992832183838,5.311017036437988
A13,1,-10.727334976196289,2.894180367832685,10.727334976196289,2.894180367832685,7.804624557495117,9.444469451904297
A13,1,-10.744603157043457,2.860255752177593,10.744603157043457,2.860255752177593,8.150875091552734,8.63295841217041
A16,1,-11.20821762084961,2.6619399296957478,11.20821762084961,2.6619399296957478,6.945561408996582,7.643930435180664
-,0,-10.988877296447754,2.7073176617477115,10.988877296447754,2.7073176617477115,0.42992743849754333,-0.16258558630943298
A14,1,-11.130276679992676,2.723090827894995,11.130276679992676,2.723090827894995,3.3759400844573975,6.006722450256348
A08,1,-10.91026496887207,2.731890504780046,10.91026496887207,2.731890504780046,7.188511371612549,5.871070384979248
-,0,-10.995624542236328,2.733821293549107,10.995624542236328,2.733821293549107,-12.384138107299805,-3.1254098415374756
-,0,-10.837075233459473,2.8223502977074806,10.837075233459473,2.8223502977074806,-9.494898796081543,-5.325483322143555
-,0,-11.412582397460938,2.5815452846484357,11.412582397460938,2.5815452846484357,3.3454177379608154,-5.449604034423828
A08,1,-10.75361442565918,2.7739564284898712,10.75361442565918,2.7739564284898712,0.20204582810401917,2.7831435203552246
-,0,-11.112911224365234,2.7702872795126745,11.112911224365234,2.7702872795126745,-10.12157154083252,-5.013485908508301
-,0,-11.49533748626709,2.726120478970032,11.49533748626709,2.726120478970032,-5.231368064880371,-2.986395835876465
-,0,-10.431207656860352,2.722739893870068,10.431207656860352,2.722739893870068,-0.10834858566522598,-1.2772581577301025
-,0,-10.912960052490234,2.747050197180296,10.912960052490234,2.747050197180296,0.8805025219917297,-0.9926137328147888
A15,1,-10.499382972717285,2.718661011693811,10.499382972717285,2.718661011693811,3.468132495880127,5.1572465896606445
-,0,-10.666542053222656,2.7626678921568595,10.666542053222656,2.7626678921568595,-5.300857067108154,-5.069217681884766
A10,1,-11.154657363891602,2.737160008918427,11.154657363891602,2.737160008918427,0.9797436594963074,0.3605109453201294
A13,1,-10.16930866241455,2.7444476903809036,10.16930866241455,2.7444476903809036,6.643683433532715,6.898792743682861
-,0,-10.69730281829834,2.7698042647192627,10.69730281829834,2.7698042647192627,-0.6930265426635742,-2.7851755619049072
A11,1,-10.858405113220215,2.5801219157957456,10.858405113220215,2.5801219157957456,-1.7839959859848022,2.926340341567993
A11,1,-11.081350326538086,2.637860912979212,11.081350326538086,2.637860912979212,0.9695177674293518,4.1679840087890625
-,0,-11.173714637756348,2.834845657718983,11.173714637756348,2.834845657718983,-6.652843475341797,-4.454756736755371
-,0,-10.934036254882812,2.7356092606406133,10.934036254882812,2.7356092606406133,-2.199850559234619,-0.9287521839141846
-,0,-10.89113998413086,2.839551727420474,10.89113998413086,2.839551727420474,-7.4653496742248535,-1.5198791027069092
A15,1,-10.924808502197266,2.7439308862405585,10.924808502197266,2.7439308862405585,-2.9401984214782715,4.171392917633057
A19,1,-10.728803634643555,2.8383479363679953,10.728803634643555,2.8383479363679953,1.76496422290802,-0.5718632340431213
-,0,-11.140524864196777,2.7116757521678836,11.140524864196777,2.7116757521678836,-1.8119581937789917,-2.239290237426758
A17,1,-10.601435661315918,2.773943497769891,10.601435661315918,2.773943497769891,-0.4701139032840729,0.6279332637786865
-,0,-11.000713348388672,2.8619911662651827,11.000713348388672,2.8619911662651827,-8.914643287658691,-7.321089744567871
A18,1,-11.247956275939941,2.740437210220444,11.247956275939941,2.740437210220444,1.0749907493591309,1.2314479351043701
A16,1,-10.821552276611328,2.7265852487021753,10.821552276611328,2.7265852487021753,8.575663566589355,6.936981678009033
A10,1,-10.551102638244629,2.7738509622425283,10.551102638244629,2.7738509622425283,4.3673200607299805,2.769528865814209
A12,1,-11.118268013000488,2.740092320309451,11.118268013000488,2.740092320309451,5.828998565673828,4.271974563598633
-,0,-10.507638931274414,2.8830086816751703,10.507638931274414,2.8830086816751703,-8.361461639404297,-7.710128307342529
A09,1,-11.099514961242676,2.748374578909401,11.099514961242676,2.748374578909401,5.878110885620117,5.836278915405273
A19,1,-11.325382232666016,2.7546881762996254,11.325382232666016,2.7546881762996254,2.359377861022949,0.2194412648677826
A08,1,-9.489423751831055,2.58126108908473,9.489423751831055,2.58126108908473,8.480081558227539,6.421971321105957
A09,1,-10.61243724822998,2.704709631033692,10.61243724822998,2.704709631033692,4.453342914581299,5.633518695831299
A07,1,-11.093021392822266,2.8778467080184433,11.093021392822266,2.8778467080184433,6.582220077514648,7.2680230140686035
A08,1,-10.917671203613281,2.8022747470017557,10.917671203613281,2.8022747470017557,5.903626441955566,8.373960494995117
A12,1,-10.552401542663574,2.864097082063487,10.552401542663574,2.864097082063487,5.697062969207764,4.997305870056152
A13,1,-9.611068725585938,2.6722962571764555,9.611068725585938,2.6722962571764555,6.212009906768799,5.387135982513428
-,0,-11.049295425415039,2.7941063148619185,11.049295425415039,2.7941063148619185,-4.326691150665283,-0.9511370062828064
A11,1,-10.49557113647461,2.755506729459836,10.49557113647461,2.755506729459836,4.49497127532959,9.253262519836426
-,0,-10.731520652770996,2.696887264632327,10.731520652770996,2.696887264632327,-1.0021483898162842,0.3411124050617218
A07,1,-10.962799072265625,2.795440999177961,10.962799072265625,2.795440999177961,6.599575996398926,8.223222732543945
-,0,-10.300568580627441,2.808191903321219,10.300568580627441,2.808191903321219,-1.7681385278701782,-1.55814528465271
-,0,-11.100849151611328,2.7835750238814394,11.100849151611328,2.7835750238814394,-7.232151508331299,-3.4058072566986084
-,0,-10.92474365234375,2.694083068811465,10.92474365234375,2.694083068811465,-9.544184684753418,-4.513298988342285
-,0,-10.862588882446289,2.7137744946972773,10.862588882446289,2.7137744946972773,-1.0208185911178589,-1.4020060300827026
A13,1,-10.80051326751709,2.7236545469757605,10.80051326751709,2.7236545469757605,7.0784010887146,10.599327087402344
-,0,-10.99345588684082,2.7815416739713252,10.99345588684082,2.7815416739713252,-10.296586036682129,-7.150905132293701
-,0,-11.299745559692383,2.7728395026812818,11.299745559692383,2.7728395026812818,-8.856720924377441,-3.8473668098449707
A11,1,-10.939347267150879,2.747774547402053,10.939347267150879,2.747774547402053,4.704139709472656,6.887528419494629
-,0,-10.939393043518066,2.8048498310586414,10.939393043518066,2.8048498310586414,-2.2537107467651367,0.00770346075296402
A12,1,-10.80820369720459,2.8161916848296884,10.80820369720459,2.8161916848296884,6.169970512390137,1.3020249605178833
A16,1,-10.66489028930664,2.807719733793146,10.66489028930664,2.807719733793146,-0.20836037397384644,0.18873107433319092
A09,1,-10.933514595031738,2.7172403655034225,10.933514595031738,2.7172403655034225,5.397237777709961,7.210813522338867
A13,1,-10.866950988769531,2.66924054303937,10.866950988769531,2.66924054303937,6.907467365264893,10.130488395690918
-,0,-11.114004135131836,2.7969999310260643,11.114004135131836,2.7969999310260643,-10.946245193481445,-5.032155990600586
-,0,-10.920294761657715,2.825106052847851,10.920294761657715,2.825106052847851,7.915328502655029,2.06469988822937
A11,1,-10.990736961364746,2.7334110327242995,10.990736961364746,2.7334110327242995,-4.369010925292969,1.8998615741729736
A15,1,-10.852285385131836,2.8114924618410586,10.852285385131836,2.8114924618410586,-1.1919569969177246,1.5271275043487549
-,0,-10.63255786895752,2.8450032523218556,10.63255786895752,2.8450032523218556,-5.752593994140625,-2.7612180709838867
A18,1,-11.20358657836914,2.714005651723907,11.20358657836914,2.714005651723907,4.798099517822266,2.1815152168273926
A09,1,-10.52901840209961,2.7729183094411116,10.52901840209961,2.7729183094411116,9.634013175964355,8.361539840698242
-,0,-10.403035163879395,2.765218711875879,10.403035163879395,2.765218711875879,-2.8545799255371094,-0.8492370247840881
A11,1,-10.613570213317871,2.734910643904275,10.613570213317871,2.734910643904275,6.790565490722656,5.95639181137085
-,0,-11.103800773620605,2.771212215112848,11.103800773620605,2.771212215112848,-5.755563259124756,-2.503206729888916
A14,1,-10.840051651000977,2.7378790485711506,10.840051651000977,2.7378790485711506,-1.3975635766983032,4.146624565124512
A09,1,-10.370936393737793,2.736398886151377,10.370936393737793,2.736398886151377,1.8807520866394043,3.8234002590179443
A14,1,-10.914437294006348,2.700721782056534,10.914437294006348,2.700721782056534,-0.7556037306785583,4.194368362426758
-,0,-10.774474143981934,2.727765846504934,10.774474143981934,2.727765846504934,2.5720999240875244,0.8800129294395447
-,0,-10.783361434936523,2.6393994586642298,10.783361434936523,2.6393994586642298,-3.699193000793457,-1.0161898136138916
-,0,-10.983561515808105,2.713074093909697,10.983561515808105,2.713074093909697,-6.209270477294922,-1.9612067937850952
A11,1,-9.242374420166016,2.6928370813721156,9.242374420166016,2.6928370813721156,8.046515464782715,6.411067962646484
-,0,-10.664517402648926,2.7497761287498155,10.664517402648926,2.7497761287498155,-3.4925692081451416,-0.8325811624526978
A07,1,-11.010212898254395,2.711416690494654,11.010212898254395,2.711416690494654,4.141884803771973,6.4520463943481445
A12,1,-10.599858283996582,2.8184608717176234,10.599858283996582,2.8184608717176234,6.666358947753906,8.840744972229004
A16,1,-11.00281810760498,2.751558138354254,11.00281810760498,2.751558138354254,1.1265212297439575,0.46181342005729675
-,0,-10.629104614257812,2.827264956690216,10.629104614257812,2.827264956690216,-10.826603889465332,-2.2299320697784424
A15,1,-10.611260414123535,2.8350205729810134,10.611260414123535,2.8350205729810134,-0.2967921793460846,2.676034450531006
A08,1,-10.205111503601074,2.715894915127441,10.205111503601074,2.715894915127441,6.928114891052246,6.957919597625732
-,0,-10.601594924926758,2.821565127859848,10.601594924926758,2.821565127859848,-0.8290598392486572,-0.6315345764160156
A07,1,-9.23740005493164,2.505407978081135,9.23740005493164,2.505407978081135,9.347987174987793,10.824359893798828
-,0,-10.967195510864258,2.707773355208437,10.967195510864258,2.707773355208437,-9.947875022888184,-3.7589774131774902
A15,1,-10.61453628540039,2.685356576810987,10.61453628540039,2.685356576810987,-0.48756492137908936,5.73767614364624
A16,1,-11.203597068786621,2.5461398652888483,11.203597068786621,2.5461398652888483,7.23872184753418,7.840656757354736
A10,1,-10.579558372497559,2.680765384831108,10.579558372497559,2.680765384831108,-2.9013545513153076,-0.19391736388206482
A10,1,-10.773627281188965,2.801908970668784,10.773627281188965,2.801908970668784,1.6613630056381226,2.544682025909424
A16,1,-11.230756759643555,2.675348811133643,11.230756759643555,2.675348811133643,3.60611629486084,1.9549190998077393
-,0,-10.721534729003906,2.7698404362885243,10.721534729003906,2.7698404362885243,-6.369768142700195,-0.31397461891174316
-,0,-11.088255882263184,2.754959236424964,11.088255882263184,2.754959236424964,-6.206747055053711,-7.262638568878174
-,0,-11.102367401123047,2.743423647758961,11.102367401123047,2.743423647758961,-8.738907814025879,-2.544102430343628
-,0,-11.430807113647461,2.77908402548257,11.430807113647461,2.77908402548257,-1.6965563297271729,-5.808577537536621
-,0,-11.006647109985352,2.700126466473882,11.006647109985352,2.700126466473882,-1.4462568759918213,0.5070540308952332
A15,1,-10.93183708190918,2.8013942198292363,10.93183708190918,2.8013942198292363,7.302018165588379,6.106997013092041
A19,1,-10.731147766113281,2.722327083527026,10.731147766113281,2.722327083527026,-0.1882462203502655,-1.87489914894104
A10,1,-10.758516311645508,2.8373091682056097,10.758516311645508,2.8373091682056097,7.556397438049316,4.763945579528809
-,0,-10.998198509216309,2.854274371490103,10.998198509216309,2.854274371490103,-11.556010246276855,-3.1092324256896973
A11,1,-10.997958183288574,2.793562663995431,10.997958183288574,2.793562663995431,3.6160335540771484,6.119515895843506
A10,1,-10.939169883728027,2.7413189226358994,10.939169883728027,2.7413189226358994,2.8568103313446045,3.9654922485351562
-,0,-11.223214149475098,2.79183456118856,11.223214149475098,2.79183456118856,-6.047156810760498,-6.805489540100098
-,0,-11.352139472961426,2.764755248088806,11.352139472961426,2.764755248088806,-3.1489098072052,-6.901285648345947
-,0,-11.137385368347168,2.737047864362496,11.137385368347168,2.737047864362496,-12.408474922180176,-3.709036350250244
A10,1,-10.663570404052734,2.732239047857876,10.663570404052734,2.732239047857876,-5.34928035736084,3.964808464050293
A09,1,-10.942447662353516,2.759381805113439,10.942447662353516,2.759381805113439,5.766613960266113,7.518458843231201
A08,1,-10.803086280822754,2.64804937177007,10.803086280822754,2.64804937177007,7.177405834197998,3.674346446990967
A09,1,-10.977069854736328,2.8027882998297846,10.977069854736328,2.8027882998297846,-1.9738918542861938,7.19743013381958
-,0,-10.756662368774414,2.8629243878766664,10.756662368774414,2.8629243878766664,-5.623201370239258,-2.099783420562744
A17,1,-11.374422073364258,2.6913218027917316,11.374422073364258,2.6913218027917316,4.383401870727539,7.443568229675293
A12,1,-10.932534217834473,2.6833300076705484,10.932534217834473,2.6833300076705484,5.433288097381592,9.328369140625
A19,1,-10.920012474060059,2.752852568131923,10.920012474060059,2.752852568131923,-1.6606849431991577,-0.6689590215682983
A08,1,-10.860981941223145,2.862896234584966,10.860981941223145,2.862896234584966,4.249103546142578,7.566023349761963
A10,1,-9.098848342895508,2.6614357086740257,9.098848342895508,2.6614357086740257,2.2518184185028076,5.666365623474121
A10,1,-10.62923812866211,2.676666085473573,10.62923812866211,2.676666085473573,5.2346014976501465,7.941784858703613
-,0,-11.111170768737793,2.806751440572351,11.111170768737793,2.806751440572351,-8.470290184020996,-4.933846473693848
A10,1,-8.180010795593262,2.639400611900418,8.180010795593262,2.639400611900418,7.222146987915039,4.043866157531738
-,0,-10.951956748962402,2.720136897191749,10.951956748962402,2.720136897191749,-9.340160369873047,-4.45622444152832
A16,1,-10.834409713745117,2.5694881230337057,10.834409713745117,2.5694881230337057,9.193678855895996,7.018400192260742
-,0,-11.170204162597656,2.802694893792873,11.170204162597656,2.802694893792873,-0.8636772036552429,-1.3373527526855469
A09,1,-10.788262367248535,2.791790223693108,10.788262367248535,2.791790223693108,5.980799674987793,3.2069191932678223
A10,1,-10.856668472290039,2.8438769260048473,10.856668472290039,2.8438769260048473,4.622247695922852,2.0590271949768066
A12,1,-10.462223052978516,2.746864825700107,10.462223052978516,2.746864825700107,4.295052528381348,8.320886611938477
A12,1,-10.481767654418945,2.8737080997906554,10.481767654418945,2.8737080997906554,5.086967468261719,8.639930725097656
-,0,-11.107006072998047,2.707311778332029,11.107006072998047,2.707311778332029,-7.848727226257324,-6.6655683517456055
-,0,-11.073884010314941,2.8562743618688566,11.073884010314941,2.8562743618688566,-12.390517234802246,-9.336143493652344
A11,1,-11.169377326965332,2.8139980968991734,11.169377326965332,2.8139980968991734,2.3039627075195312,5.114371299743652
-,0,-10.518698692321777,2.8268799528737283,10.518698692321777,2.8268799528737283,-2.6993730068206787,-1.0786402225494385
A19,1,-10.8096923828125,2.7633225470209615,10.8096923828125,2.7633225470209615,1.9001661539077759,1.9990713596343994
A13,1,-10.09094524383545,2.726810156356246,10.09094524383545,2.726810156356246,8.726861000061035,8.54960823059082
A08,1,-11.01120662689209,2.794004404943733,11.01120662689209,2.794004404943733,6.664673805236816,7.289063453674316
A19,1,-10.676480293273926,2.7707090533130123,10.676480293273926,2.7707090533130123,4.5301055908203125,4.279051780700684
-,0,-10.136079788208008,2.5828530709712885,10.136079788208008,2.5828530709712885,-3.8665812015533447,-3.337445020675659
A10,1,-10.666560173034668,2.8203086724053485,10.666560173034668,2.8203086724053485,7.034189224243164,3.8794608116149902
A19,1,-11.060815811157227,2.7531680843870863,11.060815811157227,2.7531680843870863,-4.464685440063477,-3.6353492736816406
A15,1,-10.693889617919922,2.8412570256642278,10.693889617919922,2.8412570256642278,-0.6311121582984924,3.511378765106201
A09,1,-11.086257934570312,2.7648397067153017,11.086257934570312,2.7648397067153017,7.871330261230469,9.07114028930664
A14,1,-10.906769752502441,2.807639448263664,10.906769752502441,2.807639448263664,3.437079668045044,6.235939979553223
-,0,-11.286348342895508,2.776110340999602,11.286348342895508,2.776110340999602,-0.4893234372138977,-1.1711959838867188
-,0,-11.274796485900879,2.75811608423731,11.274796485900879,2.75811608423731,-3.3292739391326904,-4.748855113983154
-,0,-10.691095352172852,2.8122715673451637,10.691095352172852,2.8122715673451637,-7.965804100036621,-6.007071495056152
A15,1,-10.72426700592041,2.731648813772626,10.72426700592041,2.731648813772626,1.693726658821106,8.453079223632812
A15,1,-11.319612503051758,2.747453769523916,11.319612503051758,2.747453769523916,1.1132036447525024,0.09011159092187881
A10,1,-9.856826782226562,2.707702212395931,9.856826782226562,2.707702212395931,8.623204231262207,5.347725868225098
A10,1,-8.371874809265137,2.553604415463872,8.371874809265137,2.553604415463872,3.5761091709136963,4.486440658569336
A08,1,-10.9698486328125,2.794822962313652,10.9698486328125,2.794822962313652,6.3442792892456055,6.3913092613220215
-,0,-10.74581527709961,2.8166327214449787,10.74581527709961,2.8166327214449787,-3.4246280193328857,-1.3238102197647095
A18,1,-10.500663757324219,2.6776073224440795,10.500663757324219,2.6776073224440795,2.473114013671875,-0.4039270877838135
-,0,-10.938432693481445,2.8284647824101303,10.938432693481445,2.8284647824101303,-2.6448495388031006,-6.419983863830566
-,0,-10.572070121765137,2.8253010306750315,10.572070121765137,2.8253010306750315,-3.589594602584839,-1.052282691001892
A11,1,-8.791471481323242,2.8162543292898854,8.791471481323242,2.8162543292898854,8.1990327835083,6.189854145050049
A18,1,-11.311944007873535,2.7769589632481306,11.311944007873535,2.7769589632481306,3.114124298095703,2.935420036315918
A19,1,-10.519330024719238,2.7372987206963066,10.519330024719238,2.7372987206963066,-1.7319144010543823,-1.8718602657318115
A09,1,-10.977294921875,2.8480994446215124,10.977294921875,2.8480994446215124,7.459117889404297,9.061652183532715
-,0,-9.446220397949219,2.7959451677949194,9.446220397949219,2.7959451677949194,4.943689346313477,3.758885622024536
-,0,-11.15720272064209,2.816481669909869,11.15720272064209,2.816481669909869,-5.850872993469238,-7.863922119140625
-,0,-10.40914535522461,2.796688539407404,10.40914535522461,2.796688539407404,-2.513887882232666,-2.6297624111175537
-,0,-11.048443794250488,2.7989336810851526,11.048443794250488,2.7989336810851526,-1.2628101110458374,-2.3205323219299316
A08,1,-11.045437812805176,2.8117892205417303,11.045437812805176,2.8117892205417303,4.330972671508789,3.5124876499176025
A09,1,-10.792564392089844,2.7107652547817436,10.792564392089844,2.7107652547817436,-0.609279215335846,5.124704837799072
A08,1,-11.267834663391113,2.7644637025214847,11.267834663391113,2.7644637025214847,4.685078144073486,7.663683891296387
A10,1,-10.000873565673828,2.575818772411816,10.000873565673828,2.575818772411816,6.609739303588867,6.526655197143555
-,0,-10.869561195373535,2.637242159868716,10.869561195373535,2.637242159868716,-9.909985542297363,-7.270566463470459
A09,1,-9.527239799499512,2.7629453196008837,9.527239799499512,2.7629453196008837,9.35830020904541,7.594061374664307
-,0,-10.20584487915039,2.8014206264600383,10.20584487915039,2.8014206264600383,-3.5735867023468018,-2.1603188514709473
A18,1,-10.387075424194336,2.619194992352372,10.387075424194336,2.619194992352372,-0.6543195843696594,3.0909929275512695
A12,1,-11.33046817779541,2.8024199621880577,11.33046817779541,2.8024199621880577,7.308660507202148,3.493558406829834
-,0,-10.564470291137695,2.8048215511837546,10.564470291137695,2.8048215511837546,-0.5908406376838684,0.5742647647857666
-,0,-11.174211502075195,2.805292557486944,11.174211502075195,2.805292557486944,-6.590002059936523,-4.758523941040039
A18,1,-10.962182998657227,2.813530385512417,10.962182998657227,2.813530385512417,-2.0963432788848877,-1.3907114267349243
-,0,-10.882926940917969,2.732980882360943,10.882926940917969,2.732980882360943,-4.21222448348999,-5.528533935546875
A10,1,-10.707914352416992,2.8142102936253885,10.707914352416992,2.8142102936253885,3.695420026779175,4.442378997802734
A16,1,-10.91584587097168,2.7626379190654786,10.91584587097168,2.7626379190654786,2.0602457523345947,5.9112067222595215
A11,1,-10.71134090423584,2.7510704789791154,10.71134090423584,2.7510704789791154,9.07192611694336,8.394376754760742
A11,1,-10.687256813049316,2.833075455517303,10.687256813049316,2.833075455517303,3.8091187477111816,7.725137233734131
A07,1,-11.064356803894043,2.71886643601326,11.064356803894043,2.71886643601326,6.678563117980957,2.5867977142333984
-,0,-11.13860034942627,2.7387662831076245,11.13860034942627,2.7387662831076245,-5.58465576171875,-2.321389675140381
A11,1,-11.079803466796875,2.7435624771886595,11.079803466796875,2.7435624771886595,2.098031520843506,5.781148910522461
-,0,-10.46804428100586,2.7616930620900817,10.46804428100586,2.7616930620900817,-6.765745639801025,-5.038863182067871
-,0,-10.203978538513184,2.84267522588939,10.203978538513184,2.84267522588939,-4.472650051116943,-0.3085561990737915
-,0,-10.194171905517578,2.6559513928345844,10.194171905517578,2.6559513928345844,-2.412001371383667,-0.5816724300384521
A19,1,-11.197823524475098,2.7037959885139666,11.197823524475098,2.7037959885139666,-1.0091592073440552,1.5425360202789307
A07,1,-10.398797035217285,2.7380819244035663,10.398797035217285,2.7380819244035663,2.631542444229126,6.348055362701416
A07,1,-10.109268188476562,2.763636528642813,10.109268188476562,2.763636528642813,7.5943121910095215,8.596689224243164
A15,1,-10.845501899719238,2.772025783695956,10.845501899719238,2.772025783695956,0.34916436672210693,4.093448162078857
A19,1,-10.908042907714844,2.9141841550467906,10.908042907714844,2.9141841550467906,-0.9415878057479858,4.8475847244262695
-,0,-11.184662818908691,2.6786557046103514,11.184662818908691,2.6786557046103514,-6.99691915512085,-7.076297760009766
-,0,-10.671640396118164,2.7355404867210136,10.671640396118164,2.7355404867210136,-3.570624589920044,-6.528397560119629
-,0,-11.141578674316406,2.786001604580405,11.141578674316406,2.786001604580405,-9.17615032196045,-6.054073810577393
-,0,-10.806648254394531,2.7984201547255094,10.806648254394531,2.7984201547255094,-8.568102836608887,-3.2780301570892334
A12,1,-10.850560188293457,2.6740008793007544,10.850560188293457,2.6740008793007544,6.664891719818115,3.685682535171509
A12,1,-11.28465461730957,2.623723143660922,11.28465461730957,2.623723143660922,6.469268798828125,5.779397964477539
A08,1,-11.16993522644043,2.870321630085768,11.16993522644043,2.870321630085768,5.526422500610352,7.662378311157227
A07,1,-9.910283088684082,2.6458168215921325,9.910283088684082,2.6458168215921325,4.426943778991699,6.661222457885742
A17,1,-10.772360801696777,2.6829460256022517,10.772360801696777,2.6829460256022517,2.0651559829711914,6.130800247192383
A18,1,-11.044105529785156,2.6984570941787864,11.044105529785156,2.6984570941787864,4.858166694641113,8.406856536865234
A16,1,-10.661542892456055,2.743872118066563,10.661542892456055,2.743872118066563,5.788539886474609,1.2473374605178833
A14,1,-10.566413879394531,2.8514638610309677,10.566413879394531,2.8514638610309677,2.0149638652801514,2.7466506958007812
-,0,-10.374253273010254,2.7346907007991983,10.374253273010254,2.7346907007991983,-6.260676860809326,-3.4470133781433105
A12,1,-10.838824272155762,2.734442619827372,10.838824272155762,2.734442619827372,6.476872444152832,8.159016609191895
A07,1,-10.602356910705566,2.8315325314220425,10.602356910705566,2.8315325314220425,5.00720739364624,4.708552837371826
A09,1,-10.73279857635498,2.665842218824608,10.73279857635498,2.665842218824608,6.836762428283691,7.092861652374268
A13,1,-10.273448944091797,2.731985009492951,10.273448944091797,2.731985009492951,7.175163269042969,9.919389724731445
A10,1,-10.624555587768555,2.7280205152139,10.624555587768555,2.7280205152139,0.9271162748336792,2.7743406295776367
A14,1,-11.115809440612793,2.7665293129093183,11.115809440612793,2.7665293129093183,1.0108630657196045,5.039665699005127
A12,1,-10.581951141357422,2.803037466324328,10.581951141357422,2.803037466324328,7.426726341247559,8.115796089172363
A15,1,-11.09582233428955,2.7054949799877677,11.09582233428955,2.7054949799877677,-2.623037099838257,0.3653530776500702
-,0,-10.52076244354248,2.833106087234702,10.52076244354248,2.833106087234702,-3.4429943561553955,-1.2890158891677856
A13,1,-10.945322036743164,2.7892008067493865,10.945322036743164,2.7892008067493865,5.940452575683594,3.597285270690918
-,0,-11.18380069732666,2.8431282141804552,11.18380069732666,2.8431282141804552,-0.9532285928726196,-7.778809547424316
A13,1,-9.013580322265625,2.706968448878334,9.013580322265625,2.706968448878334,6.933378219604492,8.80774974822998
A18,1,-11.08230972290039,2.6633244812190906,11.08230972290039,2.6633244812190906,3.3192975521087646,6.719475269317627
A12,1,-10.65114974975586,2.733320492102475,10.65114974975586,2.733320492102475,7.114040374755859,0.37920963764190674
-,0,-11.242029190063477,2.6640153494939973,11.242029190063477,2.6640153494939973,-2.5240609645843506,-3.929443836212158
-,0,-10.509279251098633,2.830403656860895,10.509279251098633,2.830403656860895,-5.093912124633789,-1.1499977111816406
A15,1,-10.951738357543945,2.7135578554265836,10.951738357543945,2.7135578554265836,4.510565280914307,5.291581630706787
A16,1,-10.819856643676758,2.7264719511606956,10.819856643676758,2.7264719511606956,4.293797969818115,7.39762544631958
-,0,-10.749917030334473,2.7282698283265887,10.749917030334473,2.7282698283265887,-2.1716725826263428,-1.019303560256958
-,0,-11.059438705444336,2.760139701194951,11.059438705444336,2.760139701194951,-6.330268383026123,-8.817768096923828
-,0,-11.010714530944824,2.758133318325495,11.010714530944824,2.758133318325495,-0.43446874618530273,-1.7647819519042969
-,0,-10.74033260345459,2.7523407109160125,10.74033260345459,2.7523407109160125,-7.829177379608154,-2.154722213745117
A18,1,-10.99783706665039,2.691126502087466,10.99783706665039,2.691126502087466,4.50461483001709,2.1861300468444824
A14,1,-10.542733192443848,2.7167593628708198,10.542733192443848,2.7167593628708198,1.0110844373703003,4.10048770904541
A11,1,-9.83645248413086,2.6837741213725703,9.83645248413086,2.6837741213725703,1.851078987121582,4.9637603759765625
A14,1,-11.068584442138672,2.604891053978334,11.068584442138672,2.604891053978334,2.629483461380005,5.890724182128906
A12,1,-10.805413246154785,2.5827313494807536,10.805413246154785,2.5827313494807536,7.723552227020264,7.956462860107422
A10,1,-10.369072914123535,2.7494286103721666,10.369072914123535,2.7494286103721666,-0.6186335682868958,1.0264663696289062
A19,1,-11.255170822143555,2.731424692941504,11.255170822143555,2.731424692941504,2.3295702934265137,1.8406798839569092
-,0,-10.842473030090332,2.712894147639526,10.842473030090332,2.712894147639526,-3.980403423309326,-2.405179023742676
-,0,-11.015381813049316,2.849488688971007,11.015381813049316,2.849488688971007,-9.267655372619629,-7.219820022583008
-,0,-11.193206787109375,2.750205116659249,11.193206787109375,2.750205116659249,-7.74562931060791,-4.823463439941406
A17,1,-10.545462608337402,2.8402525789068584,10.545462608337402,2.8402525789068584,2.0866172313690186,6.675539493560791
A19,1,-10.871557235717773,2.8258792981600194,10.871557235717773,2.8258792981600194,-2.6954360008239746,2.9528093338012695
A19,1,-11.069457054138184,2.8270485252826205,11.069457054138184,2.8270485252826205,-1.6303447484970093,3.117391347885132
-,0,-11.138907432556152,2.880787084397107,11.138907432556152,2.880787084397107,-6.448925495147705,-4.005544662475586
A11,1,-10.660184860229492,2.568725235560105,10.660184860229492,2.568725235560105,5.269420146942139,4.633638381958008
-,0,-10.862780570983887,2.793596555357161,10.862780570983887,2.793596555357161,-4.7167510986328125,-1.7329111099243164
-,0,-10.652888298034668,2.717554935576111,10.652888298034668,2.717554935576111,-1.4789263010025024,-2.4967122077941895
A08,1,-11.288357734680176,2.8396348814620946,11.288357734680176,2.8396348814620946,6.512350082397461,8.352195739746094
A18,1,-11.234549522399902,2.7074964479924186,11.234549522399902,2.7074964479924186,2.5557901859283447,4.095307350158691
A14,1,-11.119806289672852,2.704053792516588,11.119806289672852,2.704053792516588,-2.2495415210723877,1.3620951175689697
A14,1,-11.055871963500977,2.800282333010772,11.055871963500977,2.800282333010772,2.7911174297332764,5.243151664733887
A16,1,-11.202244758605957,2.726398102992441,11.202244758605957,2.726398102992441,1.6954210996627808,3.293689250946045
A17,1,-10.91520881652832,2.8251398461522874,10.91520881652832,2.8251398461522874,5.213315486907959,4.710747718811035
-,0,-10.657601356506348,2.824787496851482,10.657601356506348,2.824787496851482,-3.7383692264556885,-1.3662495613098145
A14,1,-10.812970161437988,2.8585919153971178,10.812970161437988,2.8585919153971178,2.926117420196533,3.762820243835449
-,0,-10.526299476623535,2.807969299830961,10.526299476623535,2.807969299830961,-2.224231719970703,-1.1960780620574951
A14,1,-11.147722244262695,2.7475738614931657,11.147722244262695,2.7475738614931657,1.468561053276062,1.1920533180236816
-,0,-11.037067413330078,2.8081143251954734,11.037067413330078,2.8081143251954734,-9.414666175842285,-1.03006112575531
-,0,-11.076333045959473,2.781452463627506,11.076333045959473,2.781452463627506,-9.1784029006958,-2.7265522480010986
-,0,-10.836751937866211,2.7942539294305333,10.836751937866211,2.7942539294305333,1.8930965662002563,-1.5316840410232544
A18,1,-10.781493186950684,2.6579008647672486,10.781493186950684,2.6579008647672486,-1.536222219467163,0.9627118110656738
A07,1,-10.801358222961426,2.742809131579206,10.801358222961426,2.742809131579206,3.416522741317749,3.9576315879821777
A12,1,-10.521288871765137,2.819642222658675,10.521288871765137,2.819642222658675,3.5098745822906494,4.070151329040527
-,0,-10.93305492401123,2.785149137462356,10.93305492401123,2.785149137462356,-3.4406871795654297,-3.372408390045166
-,0,-10.338705062866211,2.8300917382374338,10.338705062866211,2.8300917382374338,-1.177695393562317,-1.3680771589279175
-,0,-10.730396270751953,2.8235058992055144,10.730396270751953,2.8235058992055144,0.6055058836936951,-1.9105405807495117
A13,1,-10.632271766662598,2.783884632500815,10.632271766662598,2.783884632500815,5.31989860534668,4.247459411621094
-,0,-11.020411491394043,2.811132014557477,11.020411491394043,2.811132014557477,-5.681371688842773,-4.043664932250977
-,0,-11.376754760742188,2.739002704863071,11.376754760742188,2.739002704863071,-8.854690551757812,-6.389894485473633
-,0,-10.956255912780762,2.7034281550096204,10.956255912780762,2.7034281550096204,-5.838425636291504,-4.757418632507324
A12,1,-11.024373054504395,2.7037668416754377,11.024373054504395,2.7037668416754377,5.624439239501953,5.8080220222473145
A15,1,-10.839083671569824,2.6567638928911164,10.839083671569824,2.6567638928911164,1.8611489534378052,6.026600360870361
A08,1,-10.873279571533203,2.782566208128361,10.873279571533203,2.782566208128361,8.328186988830566,7.486203670501709
-,0,-11.048441886901855,2.7254045881396998,11.048441886901855,2.7254045881396998,-9.49951457977295,-4.75879430770874
-,0,-10.688310623168945,2.891280022375512,10.688310623168945,2.891280022375512,-8.57311725616455,-3.9594802856445312
-,0,-10.498834609985352,2.909299607615247,10.498834609985352,2.909299607615247,-2.665672540664673,-0.736935555934906
-,0,-10.879770278930664,2.756118808876793,10.879770278930664,2.756118808876793,-5.558908462524414,-2.023390531539917
A12,1,-8.443942070007324,2.703104042696904,8.443942070007324,2.703104042696904,5.462455749511719,8.201780319213867
A15,1,-11.110145568847656,2.9678338288092183,11.110145568847656,2.9678338288092183,7.405710220336914,5.778826713562012
-,0,-11.334033966064453,2.6923033987491736,11.334033966064453,2.6923033987491736,-8.562893867492676,-2.6775949001312256
A12,1,-10.660408973693848,2.753097705519074,10.660408973693848,2.753097705519074,1.1769475936889648,-0.024944968521595
-,0,-11.234437942504883,2.705240641708628,11.234437942504883,2.705240641708628,-5.92291259765625,-5.333858489990234
-,0,-11.276928901672363,2.7959548199864397,11.276928901672363,2.7959548199864397,-5.920083045959473,-2.732018232345581
-,0,-10.608662605285645,2.809074118225037,10.608662605285645,2.809074118225037,-1.7857929468154907,-0.27804261445999146
A18,1,-11.174163818359375,2.8314508078627547,11.174163818359375,2.8314508078627547,5.903802871704102,6.353242874145508
-,0,-11.376325607299805,2.7210497714916313,11.376325607299805,2.7210497714916313,-5.869095802307129,-6.806695938110352
-,0,-10.706342697143555,2.7575315227765076,10.706342697143555,2.7575315227765076,-3.080275058746338,-2.499112606048584
A11,1,-11.21536636352539,2.8161156480751024,11.21536636352539,2.8161156480751024,-7.878026962280273,0.9035071134567261
A12,1,-10.495458602905273,2.782787883718316,10.495458602905273,2.782787883718316,8.600471496582031,5.401803016662598
-,0,-10.493599891662598,2.703885396052773,10.493599891662598,2.703885396052773,1.4767383337020874,-0.10674997419118881
-,0,-11.180808067321777,2.6868539942702694,11.180808067321777,2.6868539942702694,-2.803581714630127,-0.05724146217107773
A17,1,-11.397269248962402,2.7491431671388553,11.397269248962402,2.7491431671388553,6.231300354003906,8.909424781799316
A08,1,-10.875636100769043,2.692409670346879,10.875636100769043,2.692409670346879,5.20413875579834,5.914860725402832
A08,1,-11.096609115600586,2.8118012554825764,11.096609115600586,2.8118012554825764,6.39093542098999,3.991828441619873
A19,1,-11.012375831604004,2.7006619270195382,11.012375831604004,2.7006619270195382,2.0334043502807617,-0.5712382793426514
A17,1,-10.952184677124023,2.692661974626648,10.952184677124023,2.692661974626648,5.186084747314453,4.17881965637207
-,0,-11.418270111083984,2.782145239310988,11.418270111083984,2.782145239310988,-5.3247504234313965,-1.936627745628357
A07,1,-10.426397323608398,2.6725349896435993,10.426397323608398,2.6725349896435993,1.7875312566757202,4.194601535797119
A11,1,-10.582979202270508,2.787830750304351,10.582979202270508,2.787830750304351,-7.798471927642822,3.788174629211426
-,0,-10.823663711547852,2.798974564732333,10.823663711547852,2.798974564732333,-5.1382598876953125,-1.4587231874465942
A19,1,-10.87119197845459,2.7741057266157325,10.87119197845459,2.7741057266157325,-1.2169642448425293,1.3421387672424316
-,0,-11.11358642578125,2.611908098472916,11.11358642578125,2.611908098472916,-10.615344047546387,-5.320598602294922
A14,1,-10.710226058959961,2.7325326283265334,10.710226058959961,2.7325326283265334,0.07863383740186691,5.33694314956665
A09,1,-10.588193893432617,2.726375736934563,10.588193893432617,2.726375736934563,3.650864601135254,2.570213794708252
A17,1,-10.856949806213379,2.7798048937648976,10.856949806213379,2.7798048937648976,4.062748908996582,4.190369606018066
-,0,-11.023746490478516,2.7276269609869455,11.023746490478516,2.7276269609869455,-6.959117889404297,-2.700326919555664
-,0,-11.22629451751709,2.855338936644554,11.22629451751709,2.855338936644554,-7.321027755737305,-5.273580074310303
A08,1,-11.141322135925293,2.83014384723173,11.141322135925293,2.83014384723173,5.651068687438965,8.778353691101074
A07,1,-10.277236938476562,2.8052554030725134,10.277236938476562,2.8052554030725134,7.091485023498535,8.516188621520996
-,0,-10.860822677612305,2.803606144851813,10.860822677612305,2.803606144851813,-5.957948684692383,-1.4615049362182617
A07,1,-11.327061653137207,2.801916687719874,11.327061653137207,2.801916687719874,6.0526533126831055,8.756708145141602
-,0,-11.094902992248535,2.8068384376171327,11.094902992248535,2.8068384376171327,-9.198155403137207,-9.897680282592773
A11,1,-10.762788772583008,2.7277358006280443,10.762788772583008,2.7277358006280443,-0.9561434984207153,3.0432238578796387
A07,1,-10.333597183227539,2.6591907446219167,10.333597183227539,2.6591907446219167,8.524996757507324,8.491799354553223
A17,1,-10.034287452697754,2.8303140148452623,10.034287452697754,2.8303140148452623,6.460879325866699,3.7799887657165527
-,0,-11.247675895690918,2.7722610148210762,11.247675895690918,2.7722610148210762,-7.900254249572754,-4.797308444976807
-,0,-11.072700500488281,2.7707525717185835,11.072700500488281,2.7707525717185835,-6.57045841217041,-1.3733012676239014
A13,1,-11.077532768249512,2.7125480889763076,11.077532768249512,2.7125480889763076,5.661916255950928,8.953401565551758
-,0,-10.443511962890625,2.7946262337561305,10.443511962890625,2.7946262337561305,-2.3224399089813232,0.108677439391613
A12,1,-11.014568328857422,2.7391140096683877,11.014568328857422,2.7391140096683877,4.321314811706543,4.9363298416137695
A09,1,-10.90783977508545,2.7634992026442387,10.90783977508545,2.7634992026442387,7.55098819732666,8.217533111572266
A17,1,-11.0924072265625,2.760416237374723,11.0924072265625,2.760416237374723,4.438383102416992,5.595767021179199
-,0,-11.054084777832031,2.832642040007137,11.054084777832031,2.832642040007137,-7.602794647216797,-7.5344319343566895
A15,1,-10.662980079650879,2.6173407408997456,10.662980079650879,2.6173407408997456,-3.5874087810516357,2.5639309883117676
A14,1,-11.010059356689453,2.707291494853304,11.010059356689453,2.707291494853304,-0.0351295992732048,3.071876049041748
A12,1,-10.47244644165039,2.7838973947854213,10.47244644165039,2.7838973947854213,5.442826747894287,8.3399076461792
-,0,-11.109984397888184,2.73017705758309,11.109984397888184,2.73017705758309,-2.762556791305542,-0.6305341720581055
A09,1,-11.153633117675781,2.7514035859033354,11.153633117675781,2.7514035859033354,6.759481430053711,7.215127944946289
A16,1,-11.197014808654785,2.777236300224251,11.197014808654785,2.777236300224251,5.645448684692383,6.867912292480469
