system,label,rms,s_along,s_orth,logit,vel_entropy_L12,vel_entropy_L9,mu_norm_L12,rog_L12,vel_mean_L12,vel_mean_L0,rog_L0
Cartesia.ai (Sonic-3)|en,1,0.03333224,5.99787712097168,22.308916091918945,8.721758842468262,2.7377760284846757,2.646721928768864,4.0694499015808105,10.742870330810549,6.811818599700928,4.765525817871094,5.438748836517334
Cartesia.ai (Sonic-3)|en,1,0.05025249,8.83968734741211,29.02790641784668,7.1982245445251465,2.803389069302567,2.776171825559899,4.0781073570251465,10.898724555969238,6.577602863311768,4.5641045570373535,5.432097434997559
Cartesia.ai (Sonic-3)|en,1,0.05805353,4.489940643310547,23.739545822143555,6.777935028076172,2.779823574745717,2.833240765646192,3.919198989868164,10.442434310913086,7.2745680809021,5.063505172729492,5.4157257080078125
Cartesia.ai (Sonic-3)|en,1,0.1853064,2.744499683380127,24.780874252319336,6.360267162322998,2.8409269593986446,2.879286996085914,4.0594635009765625,10.724427223205566,6.835408687591553,4.89463472366333,5.494629383087158
Cartesia.ai (Sonic-3)|en,1,0.046334125,7.520538330078125,34.491024017333984,8.846263885498047,2.703846144179701,2.8108972131176317,4.134735107421875,10.44327163696289,5.899084091186523,4.225550174713135,5.19834041595459
Cartesia.ai (Sonic-3)|en,1,0.050419185,7.2062530517578125,22.943254470825195,6.623260498046875,2.7761523921169533,2.790101201189122,3.675711154937744,11.236534118652344,7.688324928283691,5.284543037414551,5.548660755157471
Cartesia.ai (Sonic-3)|en,1,0.0493524,9.361751556396484,24.02726173400879,11.283527374267578,2.869412902509231,2.8546964274282223,3.890571594238281,10.92006492614746,7.526667594909668,4.807841300964356,5.531351566314697
Cartesia.ai (Sonic-3)|en,1,0.106691174,5.042854309082031,28.071889877319336,6.292719841003418,2.870513811313171,2.745804278466093,3.6855974197387695,10.518922805786133,5.814670562744141,4.52871561050415,5.356709003448486
Cartesia.ai (Sonic-3)|en,1,0.02957142,8.222956657409668,22.94597816467285,6.745233058929443,2.673101869039764,2.747989023701125,4.170731067657471,10.776185989379885,6.5004706382751465,4.734828472137451,5.471140861511231
Cartesia.ai (Sonic-3)|en,1,0.13311706,3.0783934593200684,27.17506980895996,4.952754974365234,2.7726952340238795,2.759577339834584,4.432148456573486,10.741512298583984,8.29169750213623,5.365547180175781,5.529514312744141
Cartesia.ai (Sonic-3)|en,1,0.10463446,9.8209228515625,34.841312408447266,5.291249752044678,2.8326355812965427,2.7358407455577893,4.289100170135498,10.647665023803713,5.849272727966309,3.681872367858887,5.2133989334106445
Chatterbox|en,1,0.033408787,6.811715126037598,30.605304718017578,8.68230152130127,2.7508606163228557,2.7577098561584745,4.266881942749023,10.66016960144043,7.422416687011719,4.873824119567871,5.514834880828857
Chatterbox|en,1,0.030067937,8.425172805786133,31.872596740722656,8.256291389465332,2.821889418891543,2.738347202633137,4.410814762115479,10.496283531188965,7.0241780281066895,4.797184944152832,5.377925395965576
Chatterbox|en,1,0.060084254,6.854241371154785,25.758073806762695,5.615049839019775,2.863073273992467,2.7858782932563795,4.554243564605713,10.72268772125244,7.847874164581299,5.261205673217773,5.413839340209961
Chatterbox|en,1,0.05192545,-0.2147752046585083,22.849977493286133,3.2134628295898438,2.830356065952198,2.825432771053062,4.014054298400879,10.768199920654297,6.717229843139648,4.537442207336426,5.301587104797363
Chatterbox|en,1,0.048453584,10.595536231994629,23.777700424194336,2.2615199089050293,2.84152439649118,2.8394164656189367,4.299036026000977,10.858318328857422,7.556745529174805,5.222075462341309,5.313485145568848
Chatterbox|en,1,0.040892903,10.759191513061523,22.543895721435547,1.7073363065719604,2.780905787084432,2.7932684973606943,3.745553970336914,10.788493156433104,6.964914798736572,5.180333137512207,5.299209117889404
Chatterbox|en,1,0.03837584,6.311827659606934,27.504600524902344,2.6663949489593506,2.770298528034245,2.7859232379241607,3.8719711303710938,10.451393127441406,6.57000732421875,4.510002136230469,5.33339786529541
Chatterbox|en,1,0.048446678,0.4069555997848511,23.730173110961914,7.608989715576172,2.8079377425934395,2.6156628447486368,3.876964092254639,10.620100021362305,6.678245544433594,4.692315101623535,5.422752380371094
Chatterbox|en,1,0.060359426,6.748595237731934,22.934520721435547,4.113194465637207,2.7989215572996,2.808724028937505,4.250771999359131,10.855796813964844,7.076402187347412,4.575253486633301,5.345977306365967
Chatterbox|en,1,0.05885254,12.461028099060059,22.77729034423828,5.45769739151001,2.763925037552567,2.8127866988312644,4.072765350341797,10.653761863708496,7.87861442565918,5.361757278442383,5.40172290802002
Chatterbox|en,1,0.04947331,6.939751148223877,26.9676570892334,7.0994977951049805,2.745903207802546,2.753745363169737,4.2543134689331055,10.73746395111084,7.067234516143799,4.719275951385498,5.408622741699219
Chatterbox|en,1,0.048782464,9.278546333312988,22.370059967041016,4.205962181091309,2.868337032516216,2.732446583798897,4.425528526306152,10.985211372375488,6.912970066070557,4.639736652374268,5.26181697845459
Chatterbox|en,1,0.05515763,2.6763176918029785,24.625577926635742,3.192289113998413,2.819944737780724,2.83319687071934,4.087094783782959,10.820154190063477,7.989285945892334,5.175726890563965,5.453258514404297
Chatterbox|en,1,0.031726502,6.265088081359863,23.805227279663086,5.64221715927124,2.525565975910845,2.8240873026709497,3.6895015239715576,10.537092208862305,7.441779136657715,5.310389995574951,5.416563510894775
DeepGram|en,1,0.06907033,8.414873123168945,24.14226531982422,5.826322555541992,2.889936007553052,2.891737821140528,4.400708198547363,10.711617469787598,7.261526584625244,5.181218147277832,5.442317008972168
DeepGram|en,1,0.09177024,7.171536445617676,27.417884826660156,7.753804683685303,2.7134963666388354,2.825316307631138,4.465559959411621,10.94776725769043,6.516014575958252,4.657505512237549,5.351114749908447
DeepGram|en,1,0.0583939,5.488001823425293,24.03897476196289,8.472443580627441,2.800092482953159,2.8358077119359835,4.139225959777832,10.820128440856934,6.9227399826049805,5.074485778808594,5.395212650299072
DeepGram|en,1,0.09109066,12.183015823364258,29.34229850769043,11.492288589477539,2.7127086394001947,2.7757843972107525,3.647250652313232,10.756155014038086,6.18976640701294,4.702033042907715,5.419613361358643
DeepGram|en,1,0.049448974,5.237540245056152,25.260812759399414,6.990928649902344,2.7936055622527416,2.731627804133656,3.895910501480103,10.716755867004396,6.4363694190979,4.956735610961914,5.513265609741211
DeepGram|en,1,0.098982096,4.4412360191345215,32.0601692199707,7.504019737243652,2.86919056968626,2.8604629869167804,4.527510166168213,10.995527267456056,6.70482873916626,4.648699760437012,5.2929534912109375
DeepGram|en,1,0.05152858,7.743844985961914,23.07745361328125,6.97011661529541,2.7357360223182554,2.7771058203629404,4.180093765258789,10.827760696411133,7.347121715545654,4.909480094909668,5.368470668792725
DeepGram|en,1,0.049529772,4.52976131439209,27.63570213317871,5.999810695648193,2.802499915985431,2.7501761860071543,4.028613567352295,10.852005004882812,7.038209438323975,4.371657848358154,5.411980628967285
DeepGram|en,1,0.10030596,9.750753402709961,22.817489624023438,6.901022434234619,2.68147258481762,2.732396394908096,4.119826793670654,10.902064323425291,7.458184242248535,4.97534704208374,5.437436103820801
Edge-TTS|en,1,0.066953845,3.961463212966919,33.2997932434082,7.155452728271484,2.7512740032333016,2.86714674866749,3.9957797527313232,10.297441482543944,6.157853603363037,4.462692737579346,5.343130111694336
Edge-TTS|en,1,0.05651424,3.7221055030822754,64.64318084716797,4.866103172302246,2.3042016461558954,2.411101147487621,6.571858882904053,9.462316513061523,3.1883673667907715,2.4150073528289795,4.4731526374816895
Edge-TTS|en,1,0.085407756,12.273913383483887,26.342437744140625,8.058670997619629,2.859700920132904,2.73325361167799,4.196873664855957,11.131915092468262,7.235548496246338,4.552807807922363,5.543985843658447
Edge-TTS|en,1,0.07417894,0.9200775027275085,31.530630111694336,9.007506370544434,2.8506454812108557,2.8699139244688263,4.608627796173096,10.99142837524414,6.70457124710083,4.091335773468018,5.2869648933410645
Edge-TTS|en,1,0.0928768,9.705068588256836,26.341171264648438,3.964056968688965,2.6435940617761955,2.7853250663027933,3.5599634647369385,10.406357765197754,6.914779186248779,5.353404998779297,5.435087203979492
Edge-TTS|en,1,0.062177286,-1.2512481212615967,38.89288330078125,7.497236251831055,2.7164245936904785,2.7609775186791947,4.161494255065918,9.935802459716797,4.950004577636719,4.011425971984863,5.274796009063721
Edge-TTS|en,1,0.101198174,7.277770519256592,26.345937728881836,6.248785972595215,2.78375071102249,2.7754456598056256,4.622206211090088,10.735760688781738,7.511451721191406,5.049246788024902,5.338987350463867
Edge-TTS|en,1,0.12029055,10.340618133544922,25.322921752929688,6.193408489227295,2.8522188104877912,2.887864396446404,4.324098587036133,10.736437797546388,8.381446838378906,5.713211536407471,5.473667621612549
Edge-TTS|en,1,0.06474022,5.014098167419434,45.18462371826172,4.218691825866699,2.671576917594629,2.601295059623172,5.37336015701294,10.112956047058104,5.230940341949463,3.844933271408081,5.31748104095459
FireRedTTS-2.0|en,1,0.09318172,2.2569966316223145,26.28855323791504,1.6044121980667114,2.836844605676825,2.791676550545216,4.075639247894287,10.613981246948242,6.403915882110596,4.4454874992370605,5.434444904327393
FireRedTTS-2.0|en,1,0.016870685,8.858423233032227,33.47145462036133,2.898017406463623,2.8184933934566057,2.887132834872874,4.621043682098389,10.85018825531006,5.9903244972229,4.671835422515869,4.88238525390625
FireRedTTS-2.0|en,1,0.0502661,-0.5727111101150513,21.637041091918945,3.3305726051330566,2.8872264129056187,2.7943094549699667,4.139876842498779,10.86456298828125,7.717209339141846,5.5258097648620605,5.558398723602295
FireRedTTS-2.0|en,1,0.04897046,10.710405349731445,21.97703742980957,7.006298065185547,2.7832078261718194,2.8428227861049904,4.198727607727051,10.953460693359377,8.0410795211792,5.460163593292236,5.255770206451416
FireRedTTS-2.0|en,1,0.056422558,3.3129630088806152,28.17827606201172,4.180473327636719,2.8532058409633723,2.705307166553675,4.353734016418457,10.45796012878418,6.282453536987305,4.655583381652832,5.450899124145508
FireRedTTS-2.0|en,1,0.03934572,-2.7209954261779785,37.06763458251953,2.154940128326416,2.9050004920788512,2.892592566566059,4.330073356628418,10.440452575683594,6.3847246170043945,4.630341529846191,5.38592529296875
FireRedTTS-2.0|en,1,0.046020184,-2.2417898178100586,23.259246826171875,6.099686145782471,2.7995112747995794,2.8791396092490804,3.916961431503296,10.69728660583496,7.106472492218018,4.520156383514404,5.363862991333008
FireRedTTS-2.0|en,1,0.05839521,11.394317626953125,22.896223068237305,2.926224708557129,2.825626145047948,2.824194830661571,3.99094557762146,11.160375595092772,7.380669593811035,5.077210903167725,5.250160217285156
FireRedTTS-2.0|en,1,0.030644467,13.087891578674316,27.039514541625977,1.8816723823547363,2.840073691507546,2.8139632360028712,4.287729740142822,10.923501014709473,6.875316619873047,4.635474681854248,5.074755668640137
FireRedTTS-2.0|en,1,0.035078358,6.956049919128418,26.505033493041992,1.8436444997787476,2.860604962497849,2.807956984933305,4.085282325744629,10.88598918914795,6.855213642120361,4.693635940551758,5.29044246673584
FireRedTTS-2.0|en,1,0.0335342,-1.9037758111953735,21.14818000793457,3.1833415031433105,2.7872266770908998,2.742510614985325,4.27989673614502,11.110654830932615,7.8308186531066895,5.1170854568481445,5.484055519104004
FireRedTTS-2.0|en,1,0.030708702,-3.6271791458129883,56.62194061279297,3.6832404136657715,2.799372610047049,2.7517638764035355,5.774489879608154,9.133049011230469,3.794318199157715,3.5537946224212646,5.0685906410217285
FireRedTTS-2.0|en,1,0.025786817,-7.006436347961426,51.692237854003906,4.68952751159668,2.8539728903842625,2.816490999719508,5.653740882873535,9.880049705505373,4.798531532287598,3.697291612625122,4.762317180633545
FireRedTTS-2.0|en,1,0.023149826,8.470867156982422,21.174989700317383,2.286912202835083,2.902919774728701,2.8190572339639104,3.706836700439453,10.868098258972168,7.237935066223144,5.180423259735107,5.398706912994385
FireRedTTS-2.0|en,1,0.033781543,0.25669974088668823,36.45907211303711,1.2498801946640015,2.8874521652174296,2.797227871491992,4.346791744232178,10.504512786865234,5.744241237640381,4.14192533493042,5.054750442504883
FireRedTTS-2.0|en,1,0.03446696,8.063152313232422,26.631921768188477,0.015928782522678375,2.893125508651739,2.851226861406248,4.1887526512146,11.203824996948242,7.17912483215332,4.691363334655762,5.2516045570373535
FishTTS|en,1,0.06534133,10.684910774230957,35.4279899597168,0.8290046453475952,2.7264643530033155,2.648705937800738,4.766458511352539,10.727778434753418,5.515573978424072,4.057309150695801,4.930128574371338
FishTTS|en,1,0.05915181,8.145486831665039,28.28529930114746,4.730897903442383,2.825105279705885,2.76831395066971,4.023335933685303,11.069744110107422,6.463715553283691,4.446093559265137,5.239943981170654
FishTTS|en,1,0.01780646,8.619959831237793,28.09992218017578,5.314196586608887,2.854181739841093,2.746295659448533,3.758449077606201,10.596348762512209,5.706453323364258,4.070481777191162,4.987868309020996
FishTTS|en,1,0.037107892,11.458072662353516,21.269519805908203,3.174433469772339,2.8561850871867063,2.678003475879034,3.839301347732544,10.865914344787598,6.608084201812744,4.948460102081299,5.338955402374268
FishTTS|en,1,0.03956239,4.716614723205566,26.82404136657715,8.24580192565918,2.8681733750116365,2.840262395741795,4.160889148712158,11.153889656066896,6.445587158203125,4.435279846191406,5.256265163421631
FishTTS|en,1,0.023596186,0.685970664024353,24.574077606201172,3.9740402698516846,2.725359359932832,2.691463010240037,3.975799083709717,10.513604164123535,5.887288093566895,4.922728538513184,5.216414451599121
FishTTS|en,1,0.060186177,7.19122314453125,25.087684631347656,4.872753620147705,2.750184075168023,2.7493260199057854,4.160449981689453,11.001547813415527,6.609298229217529,4.606938362121582,5.2731032371521
FishTTS|en,1,0.038627673,7.808364391326904,24.78685760498047,8.177783966064453,2.8834263787191383,2.813224900464177,3.9197299480438232,11.031455993652344,7.215063095092773,5.051601409912109,5.321380138397217
FishTTS|en,1,0.016463988,-1.7715429067611694,22.2382869720459,2.696777582168579,2.673712278422053,2.766812283170369,4.294284343719482,10.949374198913574,7.767918109893799,5.23969841003418,5.432750701904297
FishTTS|en,1,0.034735847,1.9445140361785889,23.673826217651367,7.362813472747803,2.641946505796353,2.7711048617578538,3.707681179046631,10.80317497253418,6.663287162780762,4.743284225463867,5.370826721191406
FishTTS|en,1,0.036630396,5.9117960929870605,25.150867462158203,7.267768859863281,2.716639375550498,2.7435302147428797,4.1300129890441895,10.840564727783203,6.940461158752441,4.893598556518555,5.350698471069336
FishTTS|en,1,0.053140882,5.529087066650391,24.36255645751953,5.274868011474609,2.735948655395969,2.7605033083857413,3.9815523624420166,10.693827629089355,6.333929061889648,4.725685119628906,5.336884498596191
FishTTS|en,1,0.039611205,7.1470513343811035,27.156002044677734,6.501416206359863,2.813792314291568,2.820009420098057,4.0550642013549805,10.83349609375,6.1957197189331055,4.3703718185424805,5.244144916534424
FishTTS|en,1,0.043322086,8.009475708007812,24.206180572509766,5.697015762329102,2.836035074236973,2.7109886839240915,3.880899667739868,10.921745300292969,7.251376628875732,4.902169227600098,5.327643871307373
FishTTS|en,1,0.04666932,3.3305718898773193,25.20250129699707,4.196027755737305,2.801672619769398,2.854647658848162,4.058176040649414,10.946084022521973,6.396830558776856,3.828479766845703,5.201374530792236
Higgs-Audio-V2|en,1,0.030604087,0.14722275733947754,25.340333938598633,3.0529351234436035,2.757485928157196,2.7256061231098108,3.981244802474976,10.397936820983888,6.106165885925293,4.183000087738037,5.228911399841309
Higgs-Audio-V2|en,1,0.032811776,7.939594268798828,25.10630989074707,3.544782876968384,2.9027068048605185,2.741726944324894,4.083522796630859,10.594244956970217,6.357574462890625,4.341623783111572,5.210315704345703
Higgs-Audio-V2|en,1,0.09711826,9.312156677246094,25.041589736938477,2.564509153366089,2.8015422639971126,2.893397690747752,4.244697570800781,10.710038185119627,6.953077793121338,4.900572299957275,5.352221012115479
Higgs-Audio-V2|en,1,0.055038877,-0.2994045615196228,24.7922306060791,5.254114627838135,2.718589910502454,2.7595470093759387,4.302741050720215,10.650691032409668,7.876514434814453,4.838397979736328,5.325979709625244
Higgs-Audio-V2|en,1,0.041781537,5.5244059562683105,23.898826599121094,2.1715750694274902,2.8538145492489013,2.738949473915081,4.585412502288818,10.735262870788574,6.969170570373535,4.51152229309082,5.416830539703369
Higgs-Audio-V2|en,1,0.043277897,9.408039093017578,22.514915466308594,1.8261057138442993,2.655065626167324,2.905079277113284,4.420813083648682,11.050617218017578,8.131625175476074,5.201595783233643,5.384212493896484
Higgs-Audio-V2|en,1,0.05450546,2.0450692176818848,22.572891235351562,7.9311604499816895,2.7926837448158737,2.7743142600509416,4.144872665405273,10.70541000366211,7.336684703826904,4.599164009094238,5.419442653656006
Higgs-Audio-V2|en,1,0.017884344,-3.027743339538574,33.762271881103516,0.6033370494842529,2.71630473723618,2.8582598808464863,4.427525997161865,10.450847625732422,6.636761665344238,4.8302998542785645,5.357189655303955
Higgs-Audio-V2|en,1,0.042404022,7.358763694763184,23.0399227142334,-0.6143650412559509,2.797790740890794,2.788999998116655,4.185472965240479,10.89759349822998,7.240270614624023,4.870163917541504,5.345834732055664
Higgs-Audio-V2|en,1,0.03260633,12.339618682861328,25.673057556152344,2.3368968963623047,2.852258068347049,2.866749241726205,3.5666794776916504,10.672139167785645,6.3955183029174805,4.885383129119873,5.215728282928467
Higgs-Audio-V2|en,1,0.04324881,10.565584182739258,23.756126403808594,0.27920153737068176,2.60465456069809,2.6917046581399267,4.13759708404541,10.610763549804688,7.345024108886719,4.978142738342285,5.310731410980225
Higgs-Audio-V2|en,1,0.042490207,-1.8298265933990479,30.00043487548828,4.352861404418945,2.7160157042246675,2.8795192083438548,4.128071308135986,10.085321426391602,5.7600417137146,3.989609956741333,5.339049816131592
Higgs-Audio-V2|en,1,0.05278724,-8.563555717468262,35.20417404174805,2.333010673522949,2.867023170549496,2.64206809823348,4.5806732177734375,10.114875793457031,5.901158332824707,4.408527374267578,5.395716667175293
Higgs-Audio-V2|en,1,0.034837794,4.966740131378174,43.295379638671875,6.050284385681152,2.9106946817354515,2.809350046528693,5.104470252990723,10.164016723632812,5.188327312469482,3.812314748764038,5.002164363861084
Higgs-Audio-V2|en,1,0.02876509,6.148397922515869,29.653545379638672,1.8517433404922485,2.852467162038992,2.880297414377677,4.138214588165283,10.88500690460205,7.564421653747559,5.021969318389893,5.33983325958252
Higgs-Audio-V2|en,1,0.03509808,12.031807899475098,36.974239349365234,3.109438180923462,2.795161775066792,2.8286222708507966,4.585167407989502,10.440370559692385,5.864936828613281,4.38058614730835,5.053141117095947
Higgs-Audio-V2|en,1,0.027562706,7.632081985473633,26.199054718017578,1.8601313829421997,2.719238416615699,2.829718156434899,4.414313316345215,10.912736892700195,6.986798286437988,4.474662780761719,5.231049060821533
Higgs-Audio-V2|en,1,0.012313202,4.341706275939941,27.20822525024414,5.851410865783691,2.910268826196875,2.806094214685134,4.156510353088379,10.89500331878662,6.164476871490479,4.849899291992188,5.187219619750977
Higgs-Audio-V2|en,1,0.054080054,1.9464609622955322,32.20097351074219,4.4090375900268555,2.824873571263591,2.830305853817148,4.523963928222656,10.649794578552246,6.406420707702637,4.518558979034424,5.366243839263916
Higgs-Audio-V2|en,1,0.024866117,7.08950138092041,41.298179626464844,2.8536574840545654,2.876441193167198,2.757893484611803,5.14190149307251,10.345497131347656,5.651243209838867,3.920865535736084,4.998541831970215
Higgs-Audio-V2|en,1,0.060339957,6.698685646057129,21.607223510742188,0.38062992691993713,2.8636725034542723,2.677500784735689,4.695714473724365,11.196313858032228,7.96208381652832,4.896881103515625,5.326188564300537
Higgs-Audio-V2|en,1,0.03270997,-1.7137947082519531,25.534772872924805,5.560092926025391,2.782456475299052,2.6682268285989226,4.4478302001953125,10.854765892028809,7.775519371032715,5.305960178375244,5.351324558258057
Higgs-Audio-V2|en,1,0.032969918,7.027905464172363,34.3951416015625,2.401984930038452,2.839986573410214,2.876147358304839,4.718080043792725,10.696824073791504,5.870763778686523,3.784010648727417,5.031272411346436
Index-TTS-1.5|en,1,0.04481595,9.005855560302734,23.104839324951172,1.9704062938690186,2.88823593180163,2.8386373130285176,4.4664177894592285,11.02137851715088,7.037476539611816,4.817968368530273,5.364912986755371
Index-TTS-1.5|en,1,0.048837166,-3.518312454223633,26.13926124572754,5.739566802978516,2.717183827243764,2.785252658276862,3.992940902709961,10.541757583618164,5.971764087677002,4.377400875091553,5.340890407562256
Index-TTS-1.5|en,1,0.036107436,8.453761100769043,29.0782413482666,1.8610879182815552,2.848669456496978,2.719257725134649,4.382106304168701,11.053340911865234,6.787573337554932,4.887272357940674,5.305376529693604
Index-TTS-1.5|en,1,0.036048252,-3.7704124450683594,24.120929718017578,5.037451267242432,2.794152960550627,2.837040578897756,4.621624946594238,10.874380111694336,6.785032749176025,4.058135509490967,5.15476131439209
Index-TTS-1.5|en,1,0.028394405,6.263891220092773,32.806644439697266,0.01685214787721634,2.699494439044442,2.8461761253282165,4.42885160446167,10.594417572021484,5.1993088722229,4.177550315856934,5.04718542098999
Index-TTS-1.5|en,1,0.04816474,9.504087448120117,22.121950149536133,4.922443389892578,2.7299333681400086,2.797572401553132,4.218132495880127,11.010017395019531,7.5370588302612305,4.947959899902344,5.343672752380371
Index-TTS-1.5|en,1,0.035945307,10.008357048034668,24.263757705688477,2.850062131881714,2.862423291930003,2.8535057556136483,4.323070526123047,10.78337574005127,6.973994255065918,4.666298389434815,5.208486557006836
Index-TTS-1.5|en,1,0.047874026,9.096832275390625,27.079694747924805,2.1312243938446045,2.786935505512824,2.847611448521877,4.181584358215332,10.86015510559082,7.024782657623291,4.605885982513428,5.066287040710449
Index-TTS-1.5|en,1,0.04353132,5.6570305824279785,29.088436126708984,1.2405595779418945,2.8905996934425837,2.800460399688917,4.972692012786865,10.922358512878418,7.641185760498047,4.7028913497924805,5.18107795715332
Index-TTS-1.5|en,1,0.031625114,10.489639282226562,24.695049285888672,4.341719627380371,2.754580820457959,2.7022740638837472,4.2132978439331055,10.891053199768066,6.693481922149658,4.679752826690674,5.239592552185059
Index-TTS-1.5|en,1,0.0530521,14.298015594482422,26.089902877807617,4.588856220245361,2.8056952097453336,2.727049783596278,3.974102258682251,10.568859100341797,6.737042427062988,4.84979248046875,5.20772647857666
Index-TTS-1.5|en,1,0.068598576,8.883932113647461,24.441848754882812,0.9304104447364807,2.7589588637569338,2.929617971277724,3.842823028564453,10.316645622253418,6.729576110839844,4.935871124267578,5.238400936126709
Index-TTS-1.5|en,1,0.04701409,13.03792667388916,32.2432746887207,2.8454413414001465,2.7884015848123718,2.7976612869766644,4.332667827606201,10.566798210144045,6.213090419769287,4.774479389190674,5.180941581726074
Index-TTS-1.5|en,1,0.07440449,9.987382888793945,32.954437255859375,2.5125207901000977,2.6931668039966468,2.8094406763982613,4.416967868804932,10.44736099243164,6.626976013183594,4.329998970031738,5.284344673156738
Index-TTS-1.5|en,1,0.0465435,9.052108764648438,24.627117156982422,4.30317497253418,2.81931729096462,2.7451633181067714,4.500040054321289,10.571366310119627,7.636025905609131,5.194367408752441,5.290356636047363
Index-TTS-2.0|en,1,0.06480823,7.218007564544678,25.274660110473633,2.6830248832702637,2.5133274405783537,2.6440923555532665,3.852127313613892,10.684639930725098,6.967299938201904,5.408787727355957,5.450282096862793
Index-TTS-2.0|en,1,0.037560012,3.8933463096618652,25.085872650146484,1.2029188871383667,2.7673459776926816,2.670736343123995,3.991861343383789,10.67513942718506,6.708815574645996,4.615910053253174,5.469873428344727
Index-TTS-2.0|en,1,0.048696127,7.660717487335205,27.111806869506836,3.969046115875244,2.81227481340599,2.8435622870211112,3.735931158065796,10.58444881439209,6.2494401931762695,4.919432640075684,5.530267715454102
Index-TTS-2.0|en,1,0.035873543,8.307875633239746,24.431238174438477,3.6304054260253906,2.754339707213223,2.85320627600948,4.388715744018555,10.7034330368042,8.17441177368164,5.559227466583252,5.397643566131592
Index-TTS-2.0|en,1,0.04086477,10.154154777526855,26.37009048461914,5.05948543548584,2.786495991952504,2.7896216328312846,3.977394580841065,10.557008743286133,7.588901042938232,5.541080474853516,5.463242530822754
Index-TTS-2.0|en,1,0.033147227,8.277631759643555,24.67672348022461,4.7894086837768555,2.8094374480330018,2.838256718541357,4.157299518585205,11.020322799682615,6.734253406524658,4.889557838439941,5.313367366790772
Index-TTS-2.0|en,1,0.030606208,5.129420757293701,30.14011001586914,10.769449234008789,2.733130074107254,2.7094682644190704,3.913402795791626,10.721269607543944,6.481157779693604,5.217529296875,5.410520553588867
Index-TTS-2.0|en,1,0.04657947,9.884635925292969,22.178646087646484,4.200613021850586,2.560335170955152,2.716215881485636,3.9409449100494394,10.944235801696776,7.710620880126953,5.763166904449463,5.596449851989746
Index-TTS-2.0|en,1,0.046271037,11.994281768798828,23.61546516418457,2.9509332180023193,2.8609476119909765,2.7375133266454474,4.2468132972717285,10.89783000946045,7.718083381652832,5.4111409187316895,5.309663772583008
Index-TTS-2.0|en,1,0.07894067,8.078153610229492,23.239988327026367,5.191199779510498,2.86673218751742,2.864985420209215,4.341317176818848,11.102482795715332,7.554498672485352,5.329987525939941,5.489310264587402
Index-TTS-2.0|en,1,0.060580343,11.281076431274414,22.852134704589844,6.18458366394043,2.7770646205793383,2.776366802151559,4.220795631408691,11.016016960144045,7.960484027862549,5.284685134887695,5.338870525360107
Index-TTS-2.0|en,1,0.043608584,9.487523078918457,25.14059066772461,5.837064743041992,2.6926000843356954,2.731576308533453,3.968196630477905,10.827133178710938,7.196571350097656,5.375620365142822,5.489981651306152
Index-TTS-2.0|en,1,0.07285383,3.4027271270751953,31.715314865112305,9.246626853942871,2.843492254741577,2.8491656137008614,3.9852545261383057,10.248934745788574,5.883540153503418,4.038907051086426,5.252662658691406
Index-TTS-2.0|en,1,0.054221813,4.48968505859375,24.795475006103516,3.0208005905151367,2.780640064947708,2.8276608739936,4.2867045402526855,10.826089859008787,7.313523769378662,4.818718433380127,5.48244571685791
Index-TTS-2.0|en,1,0.08911724,6.649395942687988,23.99299430847168,3.468092918395996,2.7972823675735845,2.849019545860644,4.534934997558594,11.150721549987791,7.512030601501465,4.854373455047607,5.317498683929443
Index-TTS-2.0|en,1,0.034368515,11.909438133239746,21.896244049072266,5.850035667419434,2.7931257715836635,2.7660668762399787,3.911242961883545,10.971489906311035,7.459767818450928,4.99783992767334,5.372260570526123
Index-TTS-2.0|en,1,0.056739636,10.336382865905762,48.599674224853516,2.8738162517547607,2.8241333052235458,2.841076018798688,4.9849066734313965,10.144841194152832,5.042013645172119,4.974012851715088,5.509870529174805
Indri-TTS-0.1|en,1,0.048378408,4.5,22.745914459228516,6.614060878753662,2.826502026306557,2.7874343327091986,3.943411350250244,10.841550827026367,6.900413513183594,4.601542472839356,5.143651485443115
Indri-TTS-0.1|en,1,0.07782267,5.660238265991211,23.8957576751709,8.525188446044922,2.8364051104140198,2.6010994072501004,4.186205863952637,10.817461013793944,6.729435920715332,4.558583736419678,5.183226108551025
Indri-TTS-0.1|en,1,0.06623616,4.257367134094238,24.75118637084961,5.718930721282959,2.6334384889664726,2.747746923061599,3.36181902885437,10.697931289672852,6.479928493499756,4.604121208190918,5.215975761413574
Indri-TTS-0.1|en,1,0.07124909,10.715948104858398,40.28535842895508,9.22984790802002,2.900177187144262,2.837792378263294,4.596218585968018,10.192693710327148,6.103087902069092,4.439206123352051,5.135079383850098
Indri-TTS-0.1|en,1,0.057376295,7.799147605895996,23.67160987854004,9.488639831542969,2.79126194361392,2.861907840110724,3.4610583782196045,10.643036842346191,6.539262771606445,4.9314799308776855,5.170913696289063
Indri-TTS-0.1|en,1,0.06961115,9.501813888549805,27.88066864013672,7.570188522338867,2.7412656916676323,2.845377000164631,4.109988689422607,10.85178279876709,6.69307804107666,4.505923748016357,5.151534080505371
Indri-TTS-0.1|en,1,0.07056182,7.261425018310547,22.698122024536133,8.31257152557373,2.825097893083208,2.710236833224497,3.975592374801636,10.992823600769045,7.376713752746582,4.734822750091553,5.129103183746338
Indri-TTS-0.1|en,1,0.07462066,7.033735275268555,23.31581687927246,6.888669013977051,2.8024720712086864,2.794216869748729,4.092387199401856,10.744855880737305,6.560951232910156,4.406792640686035,5.075684070587158
Indri-TTS-0.1|en,1,0.04577912,4.566413402557373,24.950197219848633,10.21800422668457,2.827808213810392,2.764101265819545,3.8141777515411377,11.06800651550293,7.488277912139893,5.09380578994751,5.333053112030029
Indri-TTS-0.1|en,1,0.12345957,7.115425109863281,24.298307418823242,8.717679977416992,2.83180453887447,2.710663704330925,3.930159568786621,11.069826126098633,6.872198581695557,4.549895286560059,5.181845188140869
Indri-TTS-0.1|en,1,0.050756108,5.03574275970459,21.822519302368164,7.018224716186523,2.8377211301098675,2.701169894116373,4.03892993927002,11.034213066101074,7.637117862701416,4.909209728240967,5.245147228240967
Indri-TTS-0.1|en,1,0.04304745,6.112551212310791,23.6534423828125,7.122620105743408,2.841707707108548,2.722152887570947,3.880396604537964,11.002700805664062,8.654195785522461,5.534677028656006,5.413461685180664
Indri-TTS-0.1|en,1,0.12718065,4.458483695983887,26.828298568725586,8.998651504516602,2.8028707469186385,2.813697304444004,3.670767545700073,10.566102027893066,6.1090407371521,4.478932857513428,5.1703410148620605
Indri-TTS-0.1|en,1,0.10184067,13.649613380432129,66.8667984008789,6.653054714202881,2.763309186804386,2.618039783772985,6.4499592781066895,9.151103019714355,6.490085601806641,4.954836845397949,5.199175834655762
Kani-TTS-370M|en,1,0.1369401,3.9732437133789062,25.53281593322754,2.509336233139038,2.704384762079072,2.7757880224004503,4.0934343338012695,10.99631118774414,6.374461174011231,4.811373710632324,5.18807315826416
Kani-TTS-370M|en,1,0.05131122,8.391460418701172,24.83440399169922,9.610565185546875,2.764327715967481,2.7760572353151862,3.866337299346924,10.84347915649414,6.42561149597168,5.0103864669799805,5.495424270629883
Kani-TTS-370M|en,1,0.021373736,3.0433104038238525,28.720060348510742,7.908219814300537,2.667712044624226,2.7175711590946934,4.7680535316467285,10.81432819366455,6.896174907684326,4.909317493438721,5.3693037033081055
Kani-TTS-370M|en,1,0.012156925,4.0488176345825195,23.20926856994629,5.506347179412842,2.9270035386983246,2.7308537843957743,4.127383708953857,10.988081932067873,6.847036361694336,4.739541530609131,5.33078145980835
Kani-TTS-370M|en,1,0.02173705,2.592503309249878,25.171171188354492,2.9645533561706543,2.873097608479285,2.7620696580121185,3.761601686477661,10.66510009765625,5.765378475189209,4.473493576049805,5.303674221038818
Kani-TTS-370M|en,1,0.036311958,2.7583823204040527,25.948623657226562,2.7711944580078125,2.8658645909289158,2.7864291586606567,3.6642348766326895,10.767499923706056,6.050599098205566,4.820430278778076,5.353879451751709
Kani-TTS-370M|en,1,0.086964116,8.478099822998047,26.295377731323242,2.6133434772491455,2.74150758198185,2.734707358049484,4.479623794555664,10.794508934020996,7.045966148376465,4.81635856628418,5.286827087402344
Kani-TTS-370M|en,1,0.014111165,1.396458387374878,25.06724739074707,5.956498622894287,2.529677344302044,2.775513757824453,4.040164947509766,10.648120880126951,7.444300651550293,5.849997043609619,5.346392631530762
Kani-TTS-370M|en,1,0.13510384,5.633819580078125,24.591712951660156,6.043081760406494,2.7540502233273467,2.761644575615508,3.8891096115112314,10.890057563781738,7.30372428894043,4.992244243621826,5.307703971862793
Kani-TTS-370M|en,1,0.030192183,8.10692310333252,25.825239181518555,6.166347503662109,2.8686363002534496,2.725671442759178,4.15696382522583,11.113779067993164,7.397765159606934,5.16232967376709,5.427455425262451
Kani-TTS-370M|en,1,0.040414635,6.2786736488342285,27.277198791503906,9.008515357971191,2.763317104901938,2.69471774087059,4.2034125328063965,10.785359382629396,6.150949478149414,4.563516139984131,5.241751670837402
Kitten-TTS-Nano-0.1|en,1,0.105118245,14.575244903564453,52.65919494628906,11.873186111450195,2.868432263254619,2.686992567632058,5.030933856964111,10.160414695739746,5.51630163192749,5.219300746917725,5.4882893562316895
Kitten-TTS-Nano-0.1|en,1,0.13416691,8.56502628326416,24.9791202545166,8.708209991455078,2.6903612530309577,2.8069118268394253,4.165093898773193,10.962791442871094,6.765477180480957,4.524876594543457,5.313458442687988
Kitten-TTS-Nano-0.1|en,1,0.1081335,8.009378433227539,21.813859939575195,9.719568252563477,2.782002838198253,2.748010147121668,4.099225521087647,11.054404258728027,7.721089363098144,4.9254150390625,5.353662014007568
Kitten-TTS-Nano-0.1|en,1,0.12032031,6.697039604187012,40.262596130371094,9.053897857666016,2.744673711986437,2.844692256341152,4.805276393890381,10.267518997192385,6.358880996704102,4.894877433776856,5.360480308532715
Kitten-TTS-Nano-0.1|en,1,0.15846656,5.282077789306641,23.72307014465332,8.929271697998047,2.77907596170521,2.7685872037382167,3.858504056930542,10.747779846191406,7.068038463592529,4.581599235534668,5.308161735534668
Kitten-TTS-Nano-0.1|en,1,0.12774014,7.460446834564209,29.08638572692871,6.130382537841797,2.8488395738866163,2.7585905261552237,4.337532043457031,10.925332069396973,6.13459587097168,3.990487575531006,5.312707424163818
Kitten-TTS-Nano-0.1|en,1,0.12015976,5.574766159057617,28.624074935913086,7.547861576080322,2.681134045281444,2.7713686665506567,4.176349639892578,10.554317474365234,5.833288192749023,4.166687965393066,5.294733047485352
Kitten-TTS-Nano-0.1|en,1,0.11042467,7.852804660797119,23.484525680541992,6.4353928565979,2.641129507474244,2.6608946718603064,4.112043857574463,10.95685577392578,6.897418975830078,4.690393447875977,5.446742057800293
Kitten-TTS-Nano-0.1|en,1,0.13669685,6.597008228302002,25.367067337036133,11.077229499816895,2.7600073929551456,2.6421033868971144,4.016948223114014,10.869382858276367,6.030134201049805,3.972526788711548,5.235870361328125
Kitten-TTS-Nano-0.1|en,1,0.09177723,10.208818435668945,23.426513671875,8.034103393554688,2.75984361045526,2.631983490673762,4.076192378997803,11.246382713317873,7.89094352722168,4.82945728302002,5.378875255584717
Kitten-TTS-Nano-0.1|en,1,0.11258841,6.285550117492676,23.566326141357422,8.4530029296875,2.7953063164313385,2.7562757872344883,4.359358787536621,11.067303657531738,7.781494140625,4.983402729034424,5.463489532470703
Kitten-TTS-Nano-0.1|en,1,0.09878997,6.279548168182373,21.130096435546875,10.39341926574707,2.704805323820025,2.696289660923931,4.102899074554443,11.155465126037598,8.053579330444336,5.12564754486084,5.459207057952881
Kitten-TTS-Nano-0.1|en,1,0.095759764,7.136236667633057,23.889846801757812,10.283342361450195,2.765982371171279,2.7354885510985736,4.25937032699585,11.073514938354492,7.892528533935547,4.8680100440979,5.311169624328613
Kitten-TTS-Nano-0.1|en,1,0.08828085,10.517034530639648,22.894018173217773,8.64498233795166,2.8639056269068126,2.746917424451587,4.048097610473633,11.17405128479004,8.054281234741211,5.073606967926025,5.465775966644287
Kitten-TTS-Nano-0.2|en,1,0.12525825,7.189409255981445,26.10824203491211,11.139572143554688,2.820871393594227,2.817467181992727,4.32381534576416,10.822436332702637,7.202394008636475,5.017946243286133,5.441350936889648
Kitten-TTS-Nano-0.2|en,1,0.15749148,5.399795055389404,22.4406795501709,10.047764778137207,2.839072283450269,2.784012957453105,4.134054660797119,11.047321319580078,7.326325416564941,4.755942344665527,5.344528675079346
Kitten-TTS-Nano-0.2|en,1,0.12959543,8.72989273071289,24.750343322753906,8.108062744140625,2.684993491907516,2.674382453550972,4.392627239227295,11.054229736328123,6.98536491394043,4.533853054046631,5.380099296569824
Kitten-TTS-Nano-0.2|en,1,0.11972051,10.98138427734375,25.750144958496094,5.3446784019470215,2.747857506808196,2.6462622811681893,4.050025463104248,10.816147804260254,6.419284343719482,4.4778547286987305,5.277540683746338
Kitten-TTS-Nano-0.2|en,1,0.111173145,9.323884010314941,25.59058952331543,6.455623626708984,2.802756160505402,2.7638524214026705,4.176423072814941,10.64365005493164,6.699312686920166,4.420660495758057,5.394085884094238
Kitten-TTS-Nano-0.2|en,1,0.14909434,6.337923526763916,26.236419677734375,8.546051025390625,2.7645967580818875,2.8041924318403484,4.236501693725586,10.64962100982666,6.510498046875,4.697361946105957,5.39940071105957
Kitten-TTS-Nano-0.2|en,1,0.14651024,10.760035514831543,35.40739059448242,8.273032188415527,2.661362384500655,2.637836586547289,4.404423236846924,10.276947021484377,5.174696445465088,4.172667026519775,5.353358268737793
Kitten-TTS-Nano-0.2|en,1,0.0920281,9.912080764770508,23.490154266357422,5.470123291015625,2.7738210884250782,2.751285694535553,4.061180114746094,11.035825729370115,7.407807350158691,4.820953369140625,5.442458152770996
Kitten-TTS-Nano-0.2|en,1,0.09600247,11.49974250793457,23.6788330078125,8.160307884216309,2.8034821014815017,2.7259101944272084,4.5100178718566895,11.213286399841309,7.983098030090332,4.986098766326904,5.465295314788818
Kitten-TTS-Nano-0.2|en,1,0.11295496,12.301283836364746,24.21051597595215,6.3918890953063965,2.778753390266328,2.853984550844597,4.103670597076416,10.72987461090088,6.927595138549805,4.517925262451172,5.367364406585693
Kitten-TTS-Nano-0.2|en,1,0.13838731,10.724359512329102,25.543304443359375,10.514189720153809,2.752266222961331,2.63338458641728,4.214714527130127,10.96909999847412,6.272163391113281,4.367603302001953,5.355472087860107
Kitten-TTS-Nano-0.2|en,1,0.1300205,4.854970932006836,25.84610366821289,9.65283489227295,2.8116900389079973,2.7423687721193613,4.301637172698975,10.82874870300293,6.798141956329346,4.519203186035156,5.337714672088623
Kitten-TTS-Nano-0.2|en,1,0.13850619,8.915693283081055,26.61075782775879,9.606940269470215,2.7530745142294792,2.7188190184324967,4.0369954109191895,10.601776123046877,5.864923477172852,4.167932987213135,5.28499698638916
Kitten-TTS-Nano-0.2|en,1,0.115994774,9.1434326171875,26.750450134277344,7.540516376495361,2.872749032801968,2.8279688945158865,3.844138383865357,10.649426460266112,6.732259273529053,4.7432541847229,5.448331356048584
Kitten-TTS-Nano-0.2|en,1,0.105200455,9.597818374633789,24.98589515686035,7.762317657470703,2.799614443058799,2.7413089624731697,4.121800899505615,11.065214157104492,6.6885905265808105,4.513143062591553,5.3738203048706055
Kitten-TTS-Nano-0.2|en,1,0.13581821,9.722972869873047,24.259105682373047,9.466553688049316,2.8239349856551743,2.9198712490992795,4.07434606552124,10.796270370483398,7.013308048248291,4.822626113891602,5.415153980255127
Kyutai-TTS|en,1,0.05191221,4.651662349700928,25.728361129760742,8.990816116333008,2.805288537793944,2.6721968226747554,4.135598182678223,11.002556800842283,7.512588977813721,4.916991233825684,5.404117584228516
Kyutai-TTS|en,1,0.084569074,10.957524299621582,25.580535888671875,9.27988052368164,2.7975263085446214,2.6874048596129354,4.325774669647217,11.08627223968506,6.865761756896973,5.097709655761719,5.498204708099365
Kyutai-TTS|en,1,0.04272465,6.273512363433838,23.418376922607422,10.228521347045898,2.798907101023578,2.629943914871806,4.088958740234375,11.107820510864258,6.809474468231201,4.576047420501709,5.367105007171631
Kyutai-TTS|en,1,0.06850021,3.063157558441162,23.540098190307617,5.001114845275879,2.8436713625416004,2.7951572570222725,3.98037338256836,11.076781272888184,7.226397514343262,4.959365367889404,5.332165241241455
Kyutai-TTS|en,1,0.06453258,4.677497386932373,23.009429931640625,5.87031888961792,2.860208663784353,2.8229785176490814,4.244837284088135,11.224123001098633,7.054931640625,4.813058376312256,5.214754104614258
Kyutai-TTS|en,1,0.08711469,7.9688920974731445,25.16869354248047,6.335461616516113,2.8106190824824475,2.859395214055778,4.223196029663086,10.869894981384276,7.906427383422852,5.176346302032471,5.332221984863281
Kyutai-TTS|en,1,0.040450733,4.534026622772217,26.280471801757812,4.814342498779297,2.836117088880697,2.7733024280044445,4.1852898597717285,10.919464111328123,5.856816291809082,4.576400279998779,5.0851826667785645
Kyutai-TTS|en,1,0.07945625,10.059219360351562,37.01548385620117,12.24879264831543,2.685343425743009,2.7310965001724057,4.496859073638916,10.36314868927002,5.956297397613525,4.468972206115723,5.404941558837891
Kyutai-TTS|en,1,0.035564743,9.094754219055176,24.26053237915039,6.742086410522461,2.776807936004729,2.712620877168108,4.389164447784424,11.071125030517578,7.1418962478637695,4.938919544219971,5.410762786865234
Kyutai-TTS|en,1,0.04421358,5.1319193840026855,26.404382705688477,7.5162763595581055,2.7520446569939883,2.832956857738941,4.260820865631104,11.112208366394045,7.865433216094971,4.935296058654785,5.277843475341797
Kyutai-TTS|en,1,0.06754827,7.537878036499023,23.662525177001953,6.900954246520996,2.82143693442218,2.897618235920906,3.854967832565308,11.013267517089844,6.870403289794922,4.878413677215576,5.357881546020508
Kyutai-TTS|en,1,0.07490909,3.823262929916382,26.89724349975586,10.560277938842773,2.7827573952468243,2.694563821262402,4.446629524230957,10.544169425964355,7.238258361816406,4.674797058105469,5.250650405883789
Kyutai-TTS|en,1,0.10783179,7.294469356536865,21.279224395751953,5.604916572570801,2.9134037453609727,2.6680306005765195,4.160313129425049,10.970519065856934,7.626151561737059,5.493441104888916,5.617264747619629
Kyutai-TTS|en,1,0.09164413,6.21773624420166,23.69797706604004,6.951303958892822,2.789055726773309,2.785184369165673,4.090404987335205,10.474983215332031,6.937681674957275,4.93986701965332,5.398026466369629
Kyutai-TTS|en,1,0.10102747,2.673220634460449,24.443483352661133,9.22032642364502,2.6468212838233662,2.6501867163281174,3.8547754287719727,10.836247444152832,6.963818550109863,4.943397998809815,5.342986106872559
Kyutai-TTS|en,1,0.09211649,9.011143684387207,29.72734832763672,6.6552205085754395,2.8598919796774163,2.665438897220182,4.023202896118164,10.658048629760742,5.879070281982422,4.551455974578857,5.234269618988037
Kyutai-TTS|en,1,0.09202923,7.2947096824646,24.998788833618164,4.255500793457031,2.7219948133215013,2.762756583473601,3.87472414970398,10.649162292480469,6.3010454177856445,4.248304843902588,5.153599262237549
Kyutai-TTS|en,1,0.06227963,6.646307945251465,25.583045959472656,9.293657302856445,2.6920742006707266,2.666979321818311,4.06075382232666,11.07298469543457,6.726946830749512,4.756421089172363,5.323344707489014
Kyutai-TTS|en,1,0.0659856,5.8832879066467285,27.284772872924805,9.229303359985352,2.722593937467879,2.809290937710733,4.53741455078125,10.49169635772705,6.710109233856201,4.641339302062988,5.197831630706787
Llasa-1B-Multilingual|en,1,0.017097244,-3.3006796836853027,64.06211853027344,6.213852405548096,2.6196315838073465,2.714856873025067,6.905054569244385,9.17059326171875,3.512506484985352,3.122783899307251,4.239871501922607
Llasa-1B-Multilingual|en,1,0.18061379,10.639296531677246,23.664812088012695,5.49191427230835,2.839627936236402,2.8497442048223887,4.250993728637695,11.186549186706545,7.909871101379394,5.164656639099121,5.520203113555908
Llasa-1B-Multilingual|en,1,0.022244701,8.83548355102539,27.743305206298828,5.816858291625977,2.8234138673991507,2.845662293800739,3.722282886505127,10.40683937072754,5.821145057678223,4.689210891723633,5.206912040710449
Llasa-1B-Multilingual|en,1,0.030718742,9.532442092895508,27.2270565032959,5.816125392913818,2.696658485921179,2.88135282441811,4.315010070800781,10.85729694366455,6.250568866729736,4.02143669128418,5.183971881866455
Llasa-1B-Multilingual|en,1,0.045438334,4.589808464050293,42.4691047668457,5.929707050323486,2.8831086509031807,2.9119625578278803,4.986709117889404,9.82213020324707,4.58424186706543,3.5780866146087646,5.008533000946045
Llasa-1B-Multilingual|en,1,0.03314805,6.387136936187744,33.454933166503906,6.899017333984375,2.9083846405387326,2.8849892495453666,4.302661418914795,10.354033470153809,5.550858974456787,4.40023946762085,5.2177557945251465
Llasa-1B-Multilingual|en,1,0.068111226,5.427743434906006,31.062152862548828,11.953696250915527,2.894067055825182,2.8538066601000502,4.765990734100342,10.66911506652832,5.480881214141846,3.66094183921814,5.162176132202148
Llasa-1B-Multilingual|en,1,0.043750513,10.191670417785645,24.270076751708984,6.772465229034424,2.7341656477925,2.730745077542947,3.893620729446411,10.638317108154297,6.479583740234375,4.8106369972229,5.241819858551025
Llasa-1B-Multilingual|en,1,0.06617587,9.269403457641602,24.444326400756836,3.2316582202911377,2.7856394205308077,2.789999801410065,4.650826930999756,11.134638786315918,7.7761149406433105,4.844295024871826,5.368476867675781
Llasa-1B-Multilingual|en,1,0.035305075,8.31888198852539,27.23277473449707,4.842465400695801,2.846997826549511,2.883557894310275,4.735820770263672,10.934953689575195,6.879196643829346,4.3109130859375,5.218979835510254
Llasa-1B-Multilingual|en,1,0.18012889,10.691333770751953,27.744321823120117,9.363040924072266,2.776336755044383,2.688145248800381,4.2227702140808105,10.957893371582031,6.12946367263794,4.341378688812256,5.352084159851074
Llasa-1B-Multilingual|en,1,0.054046925,3.7193331718444824,23.612491607666016,7.300617218017578,2.841312610612879,2.845049943863562,4.5090155601501465,11.04626750946045,7.424906730651855,4.476384162902832,5.261913776397705
Llasa-1B-Multilingual|en,1,0.073552296,5.583641052246094,26.30408477783203,6.7202653884887695,2.772303361602205,2.825736602708945,3.716475009918213,10.58323574066162,6.877755641937256,4.978394508361816,5.239284515380859
Llasa-1B-Multilingual|en,1,0.14697735,10.270395278930664,24.190134048461914,7.140698432922363,2.812365145413263,2.7999303704805203,3.984984397888184,11.141952514648438,7.775575160980225,5.205068111419678,5.514775276184082
Llasa-1B-Multilingual|en,1,0.10197535,9.459127426147461,26.712364196777344,5.542107105255127,2.633242492054487,2.845891307029913,4.5918402671813965,10.479598999023438,7.101192951202393,4.895605087280273,5.276669502258301
Llasa-1B-Multilingual|en,1,0.10782269,3.160543441772461,27.737812042236328,8.543220520019531,2.728965076254458,2.674951536580157,4.571433544158936,10.34967803955078,6.405167102813721,4.470643043518066,5.280110836029053
Llasa-8B|en,1,0.06156933,3.393315315246582,27.504356384277344,6.918740272521973,2.7384084680033043,2.7893529951328677,4.476794719696045,10.71556568145752,6.583862781524658,4.728107452392578,5.128461837768555
Llasa-8B|en,1,0.08859046,4.592992305755615,26.29571533203125,5.961557865142822,2.8055200741009654,2.747541488003615,4.076483249664307,11.178994178771973,6.796456813812256,4.771478652954102,5.355498790740967
Llasa-8B|en,1,0.075534314,9.919215202331543,30.25615882873535,2.389406204223633,2.738004486959833,2.737295489914455,4.414123058319092,10.828457832336426,5.992491245269775,4.872273921966553,5.30608606338501
Llasa-8B|en,1,0.018369393,-14.230239868164062,97.43524932861328,3.0612597465515137,2.0947981305396004,2.4533929063243822,8.784515380859375,6.518950939178467,2.345381259918213,2.494706392288208,3.118412494659424
Llasa-8B|en,1,0.040248778,8.354377746582031,39.98713684082031,3.9820163249969482,2.894001391264728,2.8477612110911856,5.369685649871826,10.777376174926758,6.336949348449707,4.464853763580322,4.940323829650879
Llasa-8B|en,1,0.02997987,5.19050407409668,24.719646453857422,9.403925895690918,2.7868968725461007,2.80653863084119,4.377543926239014,11.01947021484375,7.679065704345703,4.91547155380249,5.468425273895264
Llasa-8B|en,1,0.030073162,1.7508416175842285,26.878938674926758,4.955744743347168,2.810611018762337,2.754462387609727,4.147123336791992,10.940261840820312,6.7329511642456055,4.50710391998291,5.246288299560547
Llasa-8B|en,1,0.049021147,-1.8342063426971436,29.909038543701172,4.221254348754883,2.8368238183422,2.8725689295939705,4.569152355194092,10.506759643554688,5.992066383361816,3.691070556640625,5.284373760223389
Llasa-8B|en,1,0.043348935,-13.601136207580566,51.941917419433594,1.9611449241638184,2.5752868236343205,2.7609154648602687,5.618589401245117,9.768131256103516,4.626351833343506,3.241055965423584,4.753419399261475
Llasa-8B|en,1,0.03314969,0.9725453853607178,28.894344329833984,5.233092784881592,2.852853152333091,2.7570864248714324,4.098607063293457,10.446022033691406,5.779821395874023,3.785470962524414,5.247689723968506
Llasa-8B|en,1,0.055444736,5.11005973815918,22.061662673950195,9.51217269897461,2.78361603254113,2.679149347088796,4.591282844543457,11.032636642456056,7.863637447357178,5.044136047363281,5.408701419830322
Llasa-8B|en,1,0.021982208,6.802502632141113,25.21627426147461,4.634984016418457,2.9002908382636874,2.817100463395579,4.431248664855957,10.648099899291992,6.686206340789795,4.665641784667969,5.201078414916992
Llasa-8B|en,1,0.029081536,-2.0976364612579346,22.73188591003418,4.015011787414551,2.8511300422589,2.787754657162693,4.647329807281494,10.990911483764648,7.664700984954834,4.9588303565979,5.403546333312988
Llasa-8B|en,1,0.107108094,12.86636734008789,25.57286262512207,7.243121147155762,2.8009943842305627,2.794790239731003,4.1576313972473145,11.172636985778809,7.008053302764893,4.90731143951416,5.5694780349731445
Llasa-8B|en,1,0.039827984,4.816337585449219,28.27876853942871,5.489386558532715,2.823359144004637,2.7927150816439616,4.405769348144531,10.919427871704102,6.44970703125,4.709259986877441,5.150989055633545
Llasa-8B|en,1,0.06794665,10.986581802368164,25.507112503051758,5.073314666748047,2.6860903416374957,2.7171684067829,4.106899738311768,10.638347625732422,6.382718563079834,4.76438045501709,5.351315498352051
Llasa-8B|en,1,0.03256737,-0.8205995559692383,23.19572639465332,7.448523044586182,2.899779680178877,2.7661712396891147,4.6081976890563965,11.104148864746094,7.980509757995605,4.843408584594727,5.419669628143311
Llasa-8B|en,1,0.022912445,1.74164879322052,39.583702087402344,2.69801926612854,2.6986419278330582,2.9098996523586,4.783299446105957,10.616418838500977,6.034012317657471,4.710196018218994,5.165691375732422
Mars5|en,1,0.045898102,8.41379451751709,32.21623992919922,3.8305461406707764,2.784725395368002,2.8652621998573373,4.560610294342041,10.891874313354492,6.422111034393311,4.44741678237915,5.1949567794799805
Mars5|en,1,0.045955755,6.886487007141113,35.38768768310547,4.52879524230957,2.7052132991418425,2.909549563002893,4.469110488891602,10.318334579467772,7.095314025878906,5.172014236450195,5.373596668243408
Mars5|en,1,0.035523847,4.311912536621094,31.68158531188965,2.5193378925323486,2.9039603993347365,2.8124262919360152,4.051780223846436,10.38510513305664,5.00015115737915,3.5539047718048096,5.2509050369262695
Mars5|en,1,0.03097569,9.18807315826416,34.258792877197266,6.1693620681762695,2.775859390212781,2.6171709139337764,3.209007740020752,11.101463317871094,7.244354248046875,5.563924312591553,5.108288764953613
Mars5|en,1,0.03362854,-6.752777576446533,36.227901458740234,5.861668109893799,2.8441041926410606,2.7512293278625397,4.764490127563477,10.343088150024414,5.047160625457764,3.1954002380371094,4.982793807983398
Mars5|en,1,0.040283397,3.774034023284912,31.034107208251953,3.5498218536376953,2.718736910660497,2.7493353253562605,4.574099063873291,11.230608940124512,7.360145568847656,4.2757954597473145,5.13700008392334
Mars5|en,1,0.03368256,5.721396446228027,64.02139282226562,7.718628883361816,2.8008835401426,2.719169801558696,6.439698696136475,8.895866394042969,4.427730083465576,3.933565616607666,5.246681213378906
Mars5|en,1,0.04362617,5.802363872528076,28.40528678894043,5.775782585144043,2.7780468856341933,2.554780182058776,3.1093361377716064,11.195993423461914,6.780137538909912,5.751954078674316,5.494706630706787
Mars5|en,1,0.054505564,7.685152053833008,34.474403381347656,2.5968873500823975,2.8723872456075017,2.8216313038151783,3.72983193397522,11.199151039123535,7.511119842529297,5.933534145355225,5.435505390167236
Mars5|en,1,0.061364897,10.133400917053223,39.67305374145508,5.088740348815918,2.735961001445628,2.6690691786001213,3.755206823348999,11.055118560791016,6.750450134277344,5.723886013031006,5.3764848709106445
Mars5|en,1,0.027917977,1.4363620281219482,45.94021224975586,3.982044219970703,2.877739621437679,2.829685840647614,5.396212577819824,10.36443042755127,5.676022052764893,3.97995662689209,5.010157585144043
Mars5|en,1,0.026191294,-1.0998517274856567,39.474361419677734,2.666518211364746,2.84847348320372,2.810971375423276,4.698712348937988,10.452865600585938,6.017644882202148,4.122750759124756,5.020162582397461
Mars5|en,1,0.034691986,4.678853988647461,27.409238815307617,4.0915632247924805,2.721393353873509,2.7679717099232537,4.220824718475342,10.941225051879885,7.295550346374512,4.447346687316895,5.410287380218506
Mars5|en,1,0.035979386,7.151096820831299,21.346881866455078,4.114607810974121,2.7858259148825746,2.7279561876978264,3.893852472305298,10.814958572387695,7.501580238342285,5.24053955078125,5.33910083770752
Mars5|en,1,0.037487052,8.476829528808594,25.183469772338867,3.2252304553985596,2.860398515075582,2.724941694746544,4.319637775421143,10.957067489624023,6.776843070983887,4.735334873199463,5.318849086761475
Mars5|en,1,0.045777712,5.406366348266602,27.917423248291016,8.639654159545898,2.797134293408814,2.621082901069265,4.438484191894531,10.548050880432127,7.674829483032227,4.942112445831299,5.312697887420654
Marvis-TTS|en,1,0.11872609,,,9.249706268310547,2.699016250893547,2.7096908164531817,3.89538836479187,10.735100746154783,8.082990646362305,5.634863376617432,5.503084182739258
Marvis-TTS|en,1,0.1900215,,,7.905977249145508,2.732481798079013,2.8255833343352035,4.509100437164307,11.019879341125488,7.603681564331055,5.0415120124816895,5.462517738342285
Marvis-TTS|en,1,0.18730788,,,7.561827659606934,2.7728049349766244,2.8264341976299803,4.13049840927124,11.00839900970459,8.254921913146973,5.216259956359863,5.510939121246338
Marvis-TTS|en,1,0.1621937,,,5.736984729766846,2.6899587686746345,2.734310722799568,3.4425604343414307,10.77109718322754,7.386683940887451,5.437717437744141,5.571570873260498
Marvis-TTS|en,1,0.11933072,,,2.018158197402954,2.851128438375921,2.8164554378415416,4.066835880279541,10.579557418823242,6.523869037628174,4.908775329589844,5.4034528732299805
MatchaTTS|en,1,0.06726261,7.323915004730225,24.808176040649414,9.271791458129883,2.81664644902395,2.7817529254819133,4.322484493255615,11.365734100341797,7.330972194671631,4.583012580871582,5.31591796875
MatchaTTS|en,1,0.07321311,7.582855224609375,26.60549545288086,6.314269065856934,2.751538296222937,2.75961758887958,4.080627918243408,11.01654052734375,7.836087703704834,5.372329235076904,5.392141342163086
MatchaTTS|en,1,0.07825136,8.36958122253418,23.142087936401367,6.8679022789001465,2.650878603734548,2.668451762122202,4.031452655792236,10.849313735961914,7.70637321472168,5.188112735748291,5.449491500854492
MatchaTTS|en,1,0.077533595,8.07784652709961,23.689973831176758,5.695433616638184,2.728537393295165,2.6124451293009776,4.101617336273193,11.0045166015625,8.063260078430176,5.521356582641602,5.506688594818115
MatchaTTS|en,1,0.037512533,6.84796142578125,23.34688377380371,3.4927120208740234,2.713819709955149,2.727712841465256,4.438923358917236,10.897635459899902,7.558488368988037,4.852742671966553,5.287490367889404
MatchaTTS|en,1,0.05004713,12.332326889038086,46.690860748291016,4.928213596343994,2.7913725443986594,2.7913071563788563,5.098099708557129,10.240306854248049,5.8536376953125,4.813188076019287,5.386085033416748
MatchaTTS|en,1,0.025174733,4.802099227905273,23.1002197265625,5.907308101654053,2.798124766165953,2.5645824013196696,4.024587631225586,10.832486152648926,8.18511962890625,5.668118000030518,5.490250587463379
MatchaTTS|en,1,0.08078145,4.704978942871094,25.363677978515625,7.175567626953125,2.741318727319894,2.813456117274112,3.528929710388184,10.708765029907228,7.044501304626465,4.845438957214356,5.32720422744751
MatchaTTS|en,1,0.09408663,8.659111976623535,26.506122589111328,5.771527290344238,2.7849232404993223,2.703150683008637,4.27203893661499,10.780364990234377,8.292734146118164,5.847150802612305,5.602170467376709
MatchaTTS|en,1,0.09312245,7.831565856933594,29.090648651123047,5.716985702514648,2.431201848050619,2.554671402292436,3.512850761413574,10.533673286437988,7.229998588562012,5.09023380279541,5.37083101272583
Maya1 TTS|en,1,0.096540764,7.201074600219727,31.394569396972656,7.263997554779053,2.7632816364803,2.8214374871042818,4.523246765136719,10.884231567382812,5.360894203186035,3.518807172775269,5.105023384094238
Maya1 TTS|en,1,0.09632848,4.8109517097473145,25.920923233032227,9.22697639465332,2.6826590079556283,2.808100596312252,4.664831638336182,10.598520278930664,7.899367809295654,5.25311803817749,5.484297752380371
Maya1 TTS|en,1,0.11216282,5.546830654144287,21.53133773803711,11.125791549682617,2.8589969810224227,2.748455825379853,3.820178508758545,10.741501808166504,6.762133598327637,4.587708950042725,5.440101146697998
Maya1 TTS|en,1,0.12085524,5.526768684387207,25.02385139465332,9.158374786376953,2.809025342109522,2.7970933357115912,4.1770734786987305,10.628292083740234,5.818965435028076,4.805760383605957,5.358219623565674
Maya1 TTS|en,1,0.09100924,3.643109083175659,39.98815155029297,3.2360572814941406,2.662331878639597,2.78564264710219,5.132250308990479,10.542387962341309,4.17503023147583,3.64584755897522,5.183680057525635
Maya1 TTS|en,1,0.1272842,10.211302757263184,22.3575496673584,4.028228759765625,2.713700528945617,2.6511163922380554,4.156796455383301,10.72054672241211,7.336028099060059,4.9346442222595215,5.35299825668335
Maya1 TTS|en,1,0.1237099,4.688750267028809,22.477989196777344,8.648761749267578,2.867742605844537,2.7426543058257904,4.41210412979126,10.900254249572754,7.319721221923828,4.688607692718506,5.470245838165283
Maya1 TTS|en,1,0.111935414,7.049017906188965,25.107627868652344,11.169452667236328,2.809792699745624,2.7142504443512703,3.8378360271453857,10.646034240722656,6.261943340301514,4.555558681488037,5.4611334800720215
Maya1 TTS|en,1,0.10483375,4.748044490814209,22.356950759887695,10.065023422241211,2.670981675782523,2.8139972203722743,4.444329261779785,11.014610290527344,8.058026313781738,4.908952236175537,5.402143478393555
Maya1 TTS|en,1,0.063411824,4.322846412658691,45.00482940673828,2.236943244934082,2.716606098077452,2.6314977125716896,5.07307767868042,10.064435005187988,3.6679527759552,2.7323246002197266,4.89558219909668
Maya1 TTS|en,1,0.09265631,11.175182342529297,26.87469482421875,12.249237060546875,2.6269213573520807,2.869443454772441,3.5545859336853027,10.22295379638672,6.268943309783936,4.670499324798584,5.441183567047119
Maya1 TTS|en,1,0.0970213,10.544473648071289,25.84269905090332,8.988052368164062,2.818209217781275,2.708177396074408,4.34672737121582,10.61501693725586,8.699949264526367,6.121694087982178,5.618617534637451
Maya1 TTS|en,1,0.11819844,10.807124137878418,24.52971649169922,5.66806173324585,2.7732590246390174,2.8297723339172896,4.1745147705078125,10.777202606201172,6.704771995544434,4.336610317230225,5.426599502563477
Maya1 TTS|en,1,0.14605202,10.355226516723633,23.239002227783203,5.130954265594482,2.814961650348845,2.892301315480696,4.05182695388794,10.725051879882812,7.19066047668457,5.185856819152832,5.424921035766602
Maya1 TTS|en,1,0.085856214,10.398344039916992,30.664705276489258,2.447202205657959,2.770981420138285,2.845636470414519,4.64076042175293,10.890884399414062,5.742358207702637,3.953602552413941,5.309279918670654
Maya1 TTS|en,1,0.11965145,9.238970756530762,29.362892150878906,7.917862892150879,2.7893724799027515,2.787956026268092,3.755606651306152,10.396614074707031,6.064763069152832,4.503861427307129,5.426055908203125
Maya1 TTS|en,1,0.11876466,9.699349403381348,25.824493408203125,5.5445098876953125,2.7677669507632987,2.856251557344616,3.756877660751343,10.606490135192873,6.638201713562012,4.897037982940674,5.498122215270996
MegaTTS3|en,1,0.06644932,6.800671577453613,25.449207305908203,9.188138961791992,2.8439468468559133,2.7708499266156155,3.768966674804688,10.737285614013672,6.44235372543335,4.739758491516113,5.493274688720703
MegaTTS3|en,1,0.054715388,1.0800771713256836,29.51797103881836,2.41817569732666,2.895715291892171,2.898144060759266,4.3632025718688965,10.921438217163086,6.48708438873291,4.4798994064331055,5.211090564727783
MegaTTS3|en,1,0.21649379,5.268283843994141,29.207218170166016,6.867905139923096,2.6961079831471118,2.805776345385364,4.186405181884766,11.093317985534668,6.864436626434326,4.623640537261963,5.508291244506836
MegaTTS3|en,1,0.18566053,-0.7013128995895386,41.8526611328125,4.438080787658691,2.7270675953651056,2.798104796380728,4.688130855560303,10.33662223815918,5.099314689636231,3.837216854095459,5.330460548400879
MegaTTS3|en,1,0.16244493,4.116030693054199,35.084129333496094,7.317259788513184,2.80926990164798,2.847103481365588,4.449718475341797,10.527667045593262,6.036445140838623,3.9956672191619873,5.33444881439209
MegaTTS3|en,1,0.06342124,7.868882179260254,27.707361221313477,6.371889591217041,2.7396875062546795,2.715101479681897,3.850268602371216,10.987915992736816,6.558717727661133,4.810972690582275,5.483783721923828
MegaTTS3|en,1,0.10753735,2.383150100708008,35.6884765625,3.9328649044036865,2.8068715748660136,2.7598048244923743,4.667578220367432,10.58056926727295,6.034855365753174,4.062497138977051,5.2631683349609375
MegaTTS3|en,1,0.11358166,8.832342147827148,31.14499282836914,4.42917537689209,2.849970468479785,2.845266583019136,4.075208187103272,10.908443450927734,6.746333122253418,4.446398735046387,5.310605049133301
MegaTTS3|en,1,0.31381342,7.10301399230957,37.15544509887695,4.321069717407227,2.5986815094043942,2.8163505065547296,4.143008708953857,10.507015228271484,5.5973334312438965,4.676262855529785,5.631145477294922
MegaTTS3|en,1,0.14103326,11.069356918334961,25.482297897338867,3.7650675773620605,2.8278713021931208,2.838106542618023,3.796542644500733,10.935757637023926,7.377226829528809,5.109536170959473,5.395522594451904
MegaTTS3|en,1,0.10471238,5.295970439910889,27.40070152282715,5.781910419464111,2.738527101845756,2.8218792126982657,4.470386981964111,11.02827262878418,6.416767597198486,4.32114839553833,5.123220443725586
MegaTTS3|en,1,0.061766427,10.95263671875,25.44423484802246,8.890146255493164,2.755610670880459,2.7119804376501517,3.763474702835083,11.103585243225098,6.751466274261475,4.893620491027832,5.500731468200684
MegaTTS3|en,1,0.061029628,8.951701164245605,28.401235580444336,7.276301860809326,2.697340513405344,2.647307487591669,3.789245843887329,10.489713668823242,6.508968830108643,5.139972686767578,5.3500566482543945
MegaTTS3|en,1,0.094673,7.787347793579102,23.420778274536133,7.984663486480713,2.8265228944768195,2.7364883574088528,4.272476196289063,11.24503231048584,7.8576860427856445,5.115947723388672,5.4873480796813965
MeloTTS|en,1,0.067914866,8.398430824279785,21.204410552978516,6.968351364135742,2.7247506358899027,2.637138240415664,4.199258327484131,10.60814380645752,7.69119930267334,5.293574333190918,5.428372859954834
MeloTTS|en,1,0.06452465,7.664714813232422,20.749797821044922,7.6245574951171875,2.602759507075951,2.6293681446866106,4.035280227661133,10.839735984802246,7.21647834777832,4.990900993347168,5.4006853103637695
MeloTTS|en,1,0.096732795,9.591175079345703,21.90752410888672,8.93904972076416,2.698055654113032,2.8127917053694977,4.090489387512207,10.83964729309082,8.126961708068848,5.551877498626709,5.517879962921143
MeloTTS|en,1,0.09466331,12.44759750366211,20.926084518432617,10.238635063171387,2.8351689552409125,2.662213272909136,3.8603053092956543,10.89531421661377,7.847136497497559,5.615793704986572,5.594709396362305
MeloTTS|en,1,0.08547609,12.3318510055542,32.12373733520508,4.766717910766602,2.797568360929251,2.8169989154021446,4.237714767456055,10.589625358581545,7.052454948425293,5.452384948730469,5.578518390655518
MeloTTS|en,1,0.04963212,10.538921356201172,27.394269943237305,4.918776512145996,2.769724163969049,2.764028399824607,3.8456273078918457,10.885332107543944,7.65005350112915,5.09575080871582,5.494604587554932
MeloTTS|en,1,0.09420083,13.4061279296875,23.148967742919922,5.731606483459473,2.815676284009849,2.7892972928169693,4.0939106941223145,10.711227416992188,8.102283477783203,5.868532657623291,5.681547164916992
MeloTTS|en,1,0.042072542,9.844330787658691,35.502132415771484,7.540482521057129,2.737626475892055,2.796557021261721,4.248759746551514,10.758477210998535,6.676329612731934,3.9352293014526367,5.318300724029541
MeloTTS|en,1,0.0572148,11.171154022216797,29.460220336914062,10.594659805297852,2.8620556913103745,2.7331447552583223,4.353294372558594,10.829078674316406,7.21221113204956,4.511668205261231,5.384930610656738
MeloTTS|en,1,0.106265634,11.281352043151855,20.752473831176758,9.417893409729004,2.7928339232592387,2.801073894046552,4.407351970672607,11.042072296142578,7.810162544250488,5.070612907409668,5.392383098602295
MeloTTS|en,1,0.032959376,10.756386756896973,29.666770935058594,6.358915328979492,2.7724679673852086,2.7942949809948576,3.930562019348145,10.811647415161133,7.458120822906494,5.079834938049316,5.438694477081299
MeloTTS|en,1,0.03635398,6.592368125915527,21.224212646484375,5.003097057342529,2.783486909095129,2.7479750870129283,4.030860424041748,10.93798828125,7.422585010528564,5.35971212387085,5.290055751800537
MeloTTS|en,1,0.0319511,7.5441179275512695,23.299394607543945,3.96152925491333,2.8103664133448505,2.784746625454672,4.146589279174805,11.03887939453125,7.232991695404053,5.140658855438232,5.25977897644043
Metavoice-1B|en,1,0.17879553,3.5659701824188232,24.464494705200195,4.015939235687256,2.803583454164131,2.8329839850533065,3.869314670562744,10.917465209960938,6.590594291687012,5.308756351470947,5.52510929107666
Metavoice-1B|en,1,0.16208908,9.675179481506348,25.920886993408203,6.026726245880127,2.864562778784255,2.8081247994014693,3.6680614948272714,10.894272804260254,6.968608856201172,5.276731967926025,5.4812211990356445
Metavoice-1B|en,1,0.00019032325,6.859296798706055,125.4083480834961,1.8648070096969604,2.597808039921178,2.126099137250439,9.904025077819824,3.791665554046631,2.1267683506011963,4.009096622467041,2.931110382080078
Metavoice-1B|en,1,0.19015115,9.41051197052002,22.75343894958496,6.210996150970459,2.866893594272512,2.7272018631831294,3.688692808151245,11.081022262573242,7.593961238861084,5.661968231201172,5.495546817779541
Metavoice-1B|en,1,0.16959396,10.570592880249023,24.537723541259766,8.259550094604492,2.8465098278254595,2.7850120531707963,3.69448447227478,11.231159210205078,7.594544410705566,5.466331481933594,5.531073570251465
Metavoice-1B|en,1,0.11463841,8.40345573425293,26.28110694885254,4.503231048583984,2.854059881949602,2.8668950247866016,3.966245412826538,11.072172164916992,7.697455406188965,5.450994491577148,5.462031841278076
Metavoice-1B|en,1,0.17508349,4.16935920715332,23.93059730529785,6.031587600708008,2.799021351926497,2.728569712699801,3.998732089996338,11.237337112426758,7.283605575561523,4.793722629547119,5.3892822265625
Metavoice-1B|en,1,0.15615794,9.47182846069336,23.811403274536133,5.775882244110107,2.8473157264235147,2.763250926366821,3.79705810546875,11.410306930541992,8.242929458618164,5.732207298278809,5.556400299072266
Metavoice-1B|en,1,0.17377917,7.352406978607178,26.62049102783203,4.613243103027344,2.7992387799885563,2.661309860504593,3.358656883239746,10.767984390258787,6.926670551300049,5.518289089202881,5.519110202789307
Metavoice-1B|en,1,0.15752888,5.327593803405762,23.22788429260254,5.063484191894531,2.8648998216710964,2.7832991531225475,4.418732643127441,11.199959754943848,7.885778427124023,5.20681095123291,5.527786731719971
Metavoice-1B|en,1,0.16664447,9.227882385253906,24.68355941772461,7.3573102951049805,2.743460154767908,2.777804072646524,3.439849138259888,10.986294746398926,7.044354438781738,5.770062446594238,5.65647029876709
Metavoice-1B|en,1,0.1655287,9.034584045410156,26.63253402709961,4.70765495300293,2.797852031415234,2.7851572376733587,4.004112243652344,11.02249813079834,7.027927875518799,5.223875522613525,5.368326187133789
Metavoice-1B|en,1,0.17267916,9.479144096374512,21.750751495361328,4.057950019836426,2.831892115030323,2.785862970456297,3.7159247398376474,11.019449234008787,7.867431640625,5.436938762664795,5.6117353439331055
Metavoice-1B|en,1,0.1825251,8.03957462310791,24.133882522583008,5.191539287567139,2.7124483414395737,2.739136536214333,3.5406737327575684,10.770623207092283,7.542089462280273,5.865762710571289,5.510903358459473
Microsoft VibeVoice 1.5B|en,1,0.050346673,10.928791046142578,30.074626922607422,8.640711784362793,2.864753207998409,2.773037243220784,3.812726259231568,10.954047203063965,6.88823127746582,5.1562604904174805,5.439074993133545
Microsoft VibeVoice 1.5B|en,1,0.03781546,6.716681480407715,25.624343872070312,4.092541694641113,2.567996302483695,2.748192243148891,3.886575937271118,10.630498886108398,7.604223251342773,5.31204080581665,5.156685829162598
Microsoft VibeVoice 1.5B|en,1,0.07594851,8.235639572143555,26.822771072387695,3.8428921699523926,2.788457098396788,2.8199978879957666,4.154865741729736,10.737133026123049,6.175324440002441,4.289942741394043,5.31934118270874
Microsoft VibeVoice 1.5B|en,1,0.048491403,9.017692565917969,24.61887550354004,0.1466185301542282,2.8322912245664784,2.837069584828295,4.365489482879639,10.981106758117676,7.0689311027526855,4.850766658782959,5.347188949584961
Microsoft VibeVoice 1.5B|en,1,0.065315984,9.870603561401367,24.170154571533203,10.347428321838379,2.8143586758998405,2.811145130887258,4.448509216308594,10.971097946166992,7.585459232330322,4.939247608184815,5.344570636749268
Microsoft VibeVoice 1.5B|en,1,0.03525836,12.016942977905273,27.39794921875,4.707767009735107,2.848647885486012,2.781904836784566,3.701672077178955,10.69516944885254,6.43810510635376,4.765791416168213,5.386869430541992
Microsoft VibeVoice 1.5B|en,1,0.052632246,8.982610702514648,23.037988662719727,6.849485397338867,2.833360172618829,2.8467500195936424,4.14565372467041,11.206867218017578,7.329480171203613,4.819001197814941,5.361598491668701
Microsoft VibeVoice 1.5B|en,1,0.043516926,9.795316696166992,22.88897132873535,4.225423812866211,2.7732030252550675,2.7601057584165805,3.7961506843566895,10.93519115447998,6.67721700668335,5.0744948387146,5.496339321136475
Microsoft VibeVoice 1.5B|en,1,0.07118133,8.266702651977539,28.106801986694336,3.2743895053863525,2.6138280379070724,2.7179132485256035,3.9165244102478023,10.796220779418944,6.739230155944824,4.974032878875732,5.428423881530762
Microsoft VibeVoice 1.5B|en,1,0.0568305,8.766347885131836,24.454931259155273,10.007898330688477,2.8805134031582686,2.784949986566952,4.098250389099121,11.071884155273438,6.9464521408081055,4.820490837097168,5.40291166305542
Microsoft VibeVoice 1.5B|en,1,0.06315355,4.137389183044434,21.507274627685547,8.20085334777832,2.690701447292925,2.625102983850691,4.121528148651123,10.95327854156494,7.6946492195129395,5.252419948577881,5.58778715133667
Microsoft VibeVoice 1.5B|en,1,0.0516119,9.208011627197266,23.177364349365234,2.379905939102173,2.902045060912313,2.7983442007167785,4.258487224578857,10.84792709350586,7.597223281860352,5.591196060180664,5.467406272888184
Microsoft VibeVoice 1.5B|en,1,0.054274824,9.870967864990234,23.011137008666992,6.961179256439209,2.797690188250331,2.7181021004706314,3.9275131225585938,11.132505416870115,7.4231276512146,4.925202369689941,5.556761741638184
Microsoft VibeVoice Large|en,1,0.040935636,7.010489463806152,41.01102066040039,7.498151779174805,2.8633807485683382,2.8231575797039974,4.87429666519165,10.72728157043457,6.462751865386963,4.661794185638428,5.14082670211792
Microsoft VibeVoice Large|en,1,0.058310065,7.769504070281982,25.336408615112305,3.7054502964019775,2.8336139735621706,2.846879332879806,4.105264663696289,10.614542961120604,7.005157470703125,5.329991340637207,5.476213455200195
Microsoft VibeVoice Large|en,1,0.070335895,4.43693208694458,23.18755340576172,8.09477710723877,2.83617060667374,2.743664019731953,4.408063411712647,10.697288513183594,7.30309247970581,4.776177406311035,5.351319313049316
Microsoft VibeVoice Large|en,1,0.0499816,11.020380020141602,27.438980102539062,6.381595611572266,2.7017039205049134,2.785320092646065,4.507530689239502,10.762079238891602,7.3617262840271,5.411045551300049,5.440128803253174
Microsoft VibeVoice Large|en,1,0.0676509,9.613381385803223,21.502016067504883,3.8317747116088867,2.6771187458685755,2.736765904683081,4.278250217437744,10.894740104675291,7.107614040374756,4.76426887512207,5.37980318069458
Microsoft VibeVoice Large|en,1,0.0547867,8.66792106628418,22.82496452331543,3.640974521636963,2.715763998022365,2.7723250973171045,4.254844665527344,10.883953094482422,7.443824768066406,4.892520427703857,5.282680988311768
Microsoft VibeVoice Large|en,1,0.06561136,9.326526641845703,27.73783302307129,7.091202259063721,2.801919914338091,2.813196502923141,4.112841606140137,10.859249114990234,6.2891621589660645,4.547653675079346,5.258193492889404
Microsoft VibeVoice Large|en,1,0.051330857,6.748243808746338,24.519826889038086,5.694850444793701,2.7750250198109785,2.7489025734803403,3.8082761764526367,10.744603157043455,6.926177024841309,4.7555832862854,5.400962829589844
Microsoft VibeVoice Large|en,1,0.051323496,2.941237449645996,30.28947639465332,3.614570379257202,2.728132326383684,2.8869619173553605,4.222236156463623,10.58203411102295,6.696371555328369,4.762888431549072,5.415440559387207
Microsoft VibeVoice Large|en,1,0.054561656,6.403575897216797,26.68412971496582,10.531580924987793,2.7939304366375266,2.7559547557493334,3.899980783462525,10.788667678833008,6.8746538162231445,4.666852474212647,5.33213996887207
Microsoft VibeVoice Large|en,1,0.062696815,8.296992301940918,24.423892974853516,8.089707374572754,2.816424330858486,2.819246310885612,4.465577125549316,10.852277755737305,7.107666969299316,4.7767109870910645,5.3543853759765625
Microsoft VibeVoice Large|en,1,0.0485033,9.538143157958984,24.391263961791992,1.5099191665649414,2.658816432468104,2.697580286833122,4.398647308349609,11.067354202270508,6.84671688079834,4.561496734619141,5.250878810882568
Microsoft VibeVoice Large|en,1,0.04797513,5.019906044006348,32.155296325683594,7.934968948364258,2.7376697878437053,2.669212630732604,4.351785659790039,10.604601860046388,7.295084476470947,5.618547439575195,5.5367207527160645
Microsoft VibeVoice Large|en,1,0.043974973,7.366917133331299,24.222984313964844,4.418704986572266,2.87351941721414,2.77550908622506,4.151528835296631,11.12780475616455,6.51157283782959,4.417397975921631,5.44032096862793
Microsoft VibeVoice Large|en,1,0.055090107,8.31027603149414,22.480493545532227,3.726278305053711,2.818888061798922,2.7280010047755145,4.083662033081055,10.759161949157717,6.497174739837647,4.547389030456543,5.257699966430664
Microsoft VibeVoice Large|en,1,0.05063138,2.5888044834136963,34.253204345703125,7.096274375915527,2.717199809908605,2.927709197418061,4.189669609069824,10.09066390991211,5.517531394958496,4.100897789001465,5.262614727020264
Microsoft VibeVoice Large|en,1,0.06637866,8.746933937072754,27.525033950805664,5.510217189788818,2.8521558267137364,2.7309360900296045,3.838743925094605,10.686090469360352,6.492588043212891,4.723755836486816,5.331771373748779
MiniCPM-o-2.6|en,1,0.08650215,8.197165489196777,31.654369354248047,3.24234676361084,2.895535692480921,2.7800839554651544,4.034876346588135,10.35891819000244,5.162258625030518,4.026865482330322,5.320046901702881
MiniCPM-o-2.6|en,1,0.043535523,-2.0382165908813477,44.236412048339844,6.495621204376221,2.7421905114126397,2.795951257807565,5.242233753204346,10.126632690429688,4.587482929229736,2.924445152282715,5.054876327514648
MiniCPM-o-2.6|en,1,0.052071776,0.31946074962615967,25.37078285217285,8.268489837646484,2.8005660672294104,2.795093345293122,4.274460315704346,11.030306816101074,6.664687633514404,4.105355739593506,5.422076225280762
MiniCPM-o-2.6|en,1,0.019727234,4.807629108428955,39.5838623046875,8.620641708374023,2.7401609705005114,2.8107053228529386,4.976796627044678,10.342955589294434,5.452781200408936,3.8282837867736816,4.9613142013549805
MiniCPM-o-2.6|en,1,0.09360795,8.417509078979492,23.88570213317871,8.517231941223145,2.853825087236198,2.8494815716669906,3.9236786365509033,10.93540382385254,6.868422031402588,4.678410530090332,5.297420978546143
MiniCPM-o-2.6|en,1,0.07091825,5.463525772094727,35.48548126220703,6.398797035217285,2.801907999029149,2.872554647990836,4.155797481536865,11.024300575256348,7.087470054626465,4.646807670593262,5.233828067779541
MiniCPM-o-2.6|en,1,0.052752186,5.904599189758301,24.5972843170166,8.729570388793945,2.7304963585974167,2.718184339798886,4.039013862609863,10.668831825256348,6.917970180511475,4.500415802001953,5.322675704956055
MiniCPM-o-2.6|en,1,0.038275503,2.3626863956451416,33.05506896972656,4.331771373748779,2.8578210946469067,2.830429438679118,4.827561378479004,10.859382629394531,6.621255874633789,4.05575704574585,5.070794582366943
MiniCPM-o-2.6|en,1,0.09009337,5.906300067901611,22.56731414794922,5.736600875854492,2.816110134594359,2.7208254013293494,4.220399379730225,10.855768203735352,7.163162708282471,4.637217044830322,5.165094375610352
MiniCPM-o-2.6|en,1,0.03806374,1.5665568113327026,22.872512817382812,6.819699764251709,2.853300849486408,2.7863306817598,4.08072566986084,11.092302322387695,6.870561122894287,4.517284393310547,5.268129348754883
MiniCPM-o-2.6|en,1,0.12011258,2.787397861480713,25.387977600097656,4.782830238342285,2.824217446621439,2.746153501298593,4.519757270812988,10.810123443603516,6.8490190505981445,4.740664005279541,5.47468376159668
MiniCPM-o-2.6|en,1,0.050323162,4.152683258056641,22.23747444152832,8.99797248840332,2.6368388904146496,2.6253271310242634,4.116284370422363,10.767930030822754,7.338101863861084,5.060252189636231,5.4274091720581055
MiniCPM-o-2.6|en,1,0.0716617,8.844625473022461,19.601598739624023,4.85540771484375,2.7383988833034065,2.838609137794362,3.997426986694336,11.038689613342283,8.45200252532959,5.559879779815674,5.480607986450195
MiniCPM-o-2.6|en,1,0.0528666,8.406217575073242,20.931793212890625,2.628509521484375,2.7142465915255527,2.7864320564402307,3.706861972808838,10.762438774108888,7.0778398513793945,4.813408851623535,5.318115234375
MiniCPM-o-2.6|en,1,0.031953152,6.475381374359131,32.986083984375,3.0593631267547607,2.886451495028337,2.873794948649281,4.552317142486572,10.834003448486328,6.445031642913818,4.2000651359558105,5.280898094177246
MiniCPM-o-2.6|en,1,0.016367152,-0.5243397355079651,49.242679595947266,5.713964939117432,2.8072473297210427,2.87499351843648,5.587816715240479,10.019512176513672,5.284645080566406,3.517703056335449,4.546095848083496
MiniCPM-o-2.6|en,1,0.04096821,-4.137187480926514,68.62457275390625,4.3057708740234375,2.4872434141518664,2.7749531662122893,6.562972068786621,9.01308536529541,3.66829252243042,2.5535004138946533,4.250569820404053
MiniCPM-o-2.6|en,1,0.031022223,8.822632789611816,25.259525299072266,1.4908138513565063,2.790826371624937,2.850148261878786,3.968107223510742,10.784886360168455,7.345510005950928,5.490054607391357,5.482839584350586
MiniCPM-o-2.6|en,1,0.04291461,3.1957027912139893,27.507415771484375,3.7024500370025635,2.901471422869094,2.837628499847296,3.646791934967041,10.60599422454834,6.046357154846191,4.434826374053955,5.454127788543701
MiniCPM-o-2.6|en,1,0.054779947,9.481689453125,25.48688316345215,6.6372294425964355,2.734600421036447,2.752433441880571,3.9056999683380127,11.036867141723633,6.921028137207031,4.827772617340088,5.303277492523193
Nari Dia-1.6B|en,1,0.067792974,-8.03404426574707,86.28491973876953,8.8897066116333,1.334734970934701,1.227870070145939,8.531342506408691,7.341660022735596,1.2663511037826538,0.8604370355606079,3.0926413536071777
Nari Dia-1.6B|en,1,0.1266909,8.115833282470703,24.37209701538086,9.899043083190918,2.870900781568952,2.818231106445611,3.977551698684693,10.729915618896484,7.361608505249023,5.285460472106934,5.5802764892578125
Nari Dia-1.6B|en,1,0.1319139,9.603019714355469,25.935256958007812,6.401394844055176,2.634646525386701,2.686161086257499,3.4620184898376465,10.59695053100586,6.465163707733154,5.084809303283691,5.544158935546875
Nari Dia-1.6B|en,1,0.16113059,6.868366718292236,30.527812957763672,5.910511016845703,2.828385928590543,2.8519282650884272,4.245151996612549,10.388627052307127,6.303758144378662,4.526923656463623,5.537112712860107
Nari Dia-1.6B|en,1,0.09784885,7.0238142013549805,21.79862403869629,10.682022094726562,2.866015350180083,2.788876398051543,4.039235591888428,10.872673034667969,7.874415874481201,5.542136669158936,5.626736164093018
Nari Dia-1.6B|en,1,0.16026554,5.061490058898926,26.278310775756836,4.30674409866333,2.7306183634896457,2.807989852856408,3.3365864753723145,10.55158805847168,7.3945112228393555,5.361218929290772,5.585557460784912
Nari Dia-1.6B|en,1,0.10662206,7.947503089904785,23.45351791381836,5.301548957824707,2.79529009294879,2.7710461704731717,3.968831777572632,10.78461742401123,8.281045913696289,6.015372276306152,5.585145950317383
Nari Dia-1.6B|en,1,0.15796356,7.408379554748535,26.233556747436523,5.22155237197876,2.7583245206073848,2.8291108296731817,3.918182611465454,10.42010498046875,6.88118839263916,5.226164817810059,5.326869487762451
Nari Dia-1.6B|en,1,0.1464512,8.088671684265137,23.765789031982422,10.017674446105957,2.6627813838203656,2.806256909191746,3.870785713195801,10.906421661376951,7.4376630783081055,5.182520866394043,5.569117546081543
Nari Dia-1.6B|en,1,0.12835719,5.764164924621582,22.33833885192871,6.423242568969727,2.8218720483443547,2.844074561772755,3.991396903991699,10.73221206665039,7.254968643188477,5.08542013168335,5.57043981552124
Nari Dia-1.6B|en,1,0.13372311,6.392477512359619,25.722745895385742,4.874880790710449,2.67713960851616,2.783784872983873,3.979555606842041,10.691625595092772,7.788326740264893,5.854734897613525,5.575743198394775
Nari Dia2|en,1,0.026347252,1.6741197109222412,22.507938385009766,7.382532119750977,2.8009610736037707,2.8582725837630885,3.717729091644287,10.807401657104492,7.964218616485596,5.470273494720459,5.452392101287842
Nari Dia2|en,1,0.06315068,10.357651710510254,24.325206756591797,5.849122524261475,2.8478347736568743,2.889059855646894,3.814258098602295,10.362836837768556,7.780876159667969,5.33788013458252,5.214419841766357
Nari Dia2|en,1,0.08449082,8.472585678100586,22.551313400268555,2.4265120029449463,2.788470894772394,2.826486528904298,3.790959358215332,10.80328369140625,7.211949348449707,5.106669425964356,5.336954593658447
Nari Dia2|en,1,0.04337079,3.8134865760803223,58.633487701416016,5.745561599731445,2.79458857972671,2.878346783486111,6.06143856048584,9.140430450439451,5.307229995727539,4.745235919952393,5.37615966796875
Nari Dia2|en,1,0.054217253,4.845434188842773,28.534698486328125,5.4440813064575195,2.693333145136142,2.892474673975075,3.835258483886719,10.56232452392578,5.923763275146484,4.434255123138428,5.178099632263184
Nari Dia2|en,1,0.057766438,3.118898868560791,26.407176971435547,7.763400077819824,2.7976076928108533,2.737421494544129,4.029188632965088,10.895251274108888,6.722428321838379,4.2242512702941895,5.196785926818848
Nari Dia2|en,1,0.10752458,9.379325866699219,22.15782356262207,3.909191608428955,2.763499203909612,2.846005608114252,3.997708559036255,10.780315399169922,7.773448944091797,5.005958557128906,5.368203163146973
Nari Dia2|en,1,0.08051434,10.394371032714844,24.576946258544922,3.5578155517578125,2.713728778215578,2.7211755808351543,3.8161213397979736,11.054272651672363,6.853968620300293,4.637636661529541,5.32477331161499
Nari Dia2|en,1,0.07942846,9.480873107910156,21.69517707824707,2.185628652572632,2.7979950636527167,2.771396836380441,3.5171847343444824,10.964508056640623,7.280141353607178,4.979375839233398,5.2183942794799805
Nari Dia2|en,1,0.030887935,7.335830211639404,28.21480941772461,8.033308029174805,2.812628049193267,2.7573966490029407,3.6072864532470703,10.99199676513672,6.264509677886963,4.581516742706299,5.231884956359863
Nari Dia2|en,1,0.036985643,10.384749412536621,25.911357879638672,2.8782482147216797,2.9285487147000024,2.8759976250660597,4.194093227386475,11.005654335021973,7.581744194030762,5.292704582214356,5.441539764404297
NeuTTS-Air|en,1,0.06640233,9.521839141845703,28.33523941040039,6.1900787353515625,2.718134593595936,2.7595975746674823,4.477228164672852,10.683324813842772,6.857322692871094,4.565227508544922,5.2993483543396
NeuTTS-Air|en,1,0.054023646,1.9614145755767822,21.84494972229004,8.024726867675781,2.8150545023092586,2.764618758537582,4.148617267608643,11.27474308013916,7.189697265625,4.813021183013916,5.379621982574463
NeuTTS-Air|en,1,0.06486997,-1.457451343536377,39.302696228027344,4.093085289001465,2.5660729720714666,2.8389758857680336,4.7169599533081055,10.06926727294922,5.092735767364502,3.851175785064697,5.042424201965332
NeuTTS-Air|en,1,0.049506962,8.228614807128906,25.974721908569336,7.640537261962891,2.764019609717287,2.7193206237103658,3.7984678745269775,10.722765922546388,6.113264560699463,4.615224361419678,5.37680721282959
NeuTTS-Air|en,1,0.0786357,8.025680541992188,22.335386276245117,1.5080934762954712,2.813702039830753,2.794512813549595,4.630093574523926,10.965130805969238,7.388735294342041,4.9158034324646,5.399735927581787
NeuTTS-Air|en,1,0.061532028,7.4495086669921875,23.642736434936523,6.305062294006348,2.8877810702900413,2.882269229573469,4.273277282714844,11.041250228881836,7.010455131530762,4.715976715087891,5.475661277770996
NeuTTS-Air|en,1,0.02867764,7.863176345825195,30.01873207092285,7.534924030303955,2.7589688006830446,2.6675026411684244,3.921205520629883,10.630687713623049,5.414815902709961,4.381499767303467,5.131473064422607
NeuTTS-Air|en,1,0.05678772,9.649801254272461,19.960142135620117,4.916425704956055,2.853661648901169,2.7437165714447933,4.070116996765137,11.05968189239502,7.819219589233398,5.094907283782959,5.3094024658203125
NeuTTS-Air|en,1,0.06399395,7.633928298950195,22.801151275634766,4.059493064880371,2.8436913780404134,2.8369090633189398,4.279269695281982,11.065470695495604,7.542072296142578,4.963157653808594,5.260561943054199
NeuTTS-Air|en,1,0.051324777,9.104316711425781,29.138656616210938,4.266078948974609,2.6130686242187373,2.836964086650213,3.9733407497406006,10.62529754638672,6.055293083190918,4.971712589263916,5.268784999847412
NeuTTS-Air|en,1,0.058240812,8.194558143615723,23.84705924987793,7.114828109741211,2.7727502711267293,2.8137231665550706,4.127064228057861,10.88225269317627,6.919804573059082,4.46054220199585,5.453529357910156
NeuTTS-Air|en,1,0.031317893,3.101199150085449,26.661754608154297,7.143610000610352,2.7027265483717846,2.848141032424061,4.343252182006836,10.851981163024902,7.037035942077637,5.002006530761719,5.241396903991699
NeuTTS-Air|en,1,0.062187318,9.758872032165527,23.468734741210938,4.291743278503418,2.883391568877747,2.73389074808424,4.597621917724609,11.19520092010498,7.948809623718262,5.144542694091797,5.352219104766846
NeuTTS-Air|en,1,0.030497426,9.457584381103516,26.2861328125,5.63515043258667,2.654302758691748,2.865240162986044,4.065925598144531,10.931127548217772,7.264513969421387,4.646484375,5.285491943359375
NeuTTS-Air|en,1,0.07665936,-0.4584996998310089,26.35449981689453,4.373368263244629,2.767291347701607,2.720944807058808,3.826873779296875,10.398507118225098,5.8721022605896,4.232388019561768,5.283897876739502
NeuTTS-Air|en,1,0.045596205,12.068178176879883,27.290037155151367,8.588872909545898,2.67885912073537,2.8170771087141526,3.754003763198853,10.84312629699707,5.898237705230713,4.41739559173584,5.275223731994629
OpenVoiceV2|en,1,0.09369705,8.843707084655762,23.083587646484375,7.391274452209473,2.772690945815069,2.8084037044338794,4.35919189453125,11.33884620666504,8.024612426757812,4.6849751472473145,5.508790969848633
OpenVoiceV2|en,1,0.08802423,10.967524528503418,22.76816177368164,5.052594184875488,2.791077321115468,2.828194811455497,4.057175636291504,11.034777641296388,8.122467041015625,5.284743785858154,5.380139350891113
OpenVoiceV2|en,1,0.08563583,10.060386657714844,23.53753662109375,6.50179386138916,2.693466118871389,2.6911895292475485,4.02797794342041,11.044190406799316,8.00192642211914,5.321977138519287,5.3849616050720215
OpenVoiceV2|en,1,0.056487717,6.516307830810547,26.371313095092773,6.066388130187988,2.852238827294452,2.706470110030721,4.172257423400879,10.621965408325195,6.798151969909668,4.832780361175537,5.262423515319824
OpenVoiceV2|en,1,0.078027375,6.623847007751465,25.89116668701172,7.250921249389648,2.8542136600594525,2.863027556164346,3.715518951416016,10.76600456237793,6.958410263061523,4.744752407073975,5.394200801849365
OpenVoiceV2|en,1,0.06280579,4.278040885925293,27.5754337310791,2.6685056686401367,2.7802717743515157,2.6121488566246738,3.896008729934693,11.251415252685549,7.1741251945495605,4.955470085144043,5.306879043579102
OpenVoiceV2|en,1,0.09890664,9.262714385986328,23.279537200927734,3.7969865798950195,2.737127139776786,2.815467190323961,4.022400856018066,10.90671157836914,7.617733478546143,5.04040002822876,5.458306789398193
OpenVoiceV2|en,1,0.082274094,1.5215294361114502,26.173948287963867,8.384794235229492,2.777785216970923,2.9182461663542463,3.832552194595337,10.465006828308104,6.723772048950195,5.089566707611084,5.612349987030029
OpenVoiceV2|en,1,0.08285849,11.020771026611328,23.59644889831543,4.122492790222168,2.8404623717580595,2.8285253204209493,3.5756185054779053,10.765896797180176,7.307377338409424,5.37528657913208,5.472944736480713
OpenVoiceV2|en,1,0.04708769,6.601423263549805,26.38835906982422,6.863499164581299,2.780647228028588,2.697639663796134,4.181539058685303,11.296128273010254,7.6064453125,4.581477642059326,5.316731929779053
OpenVoiceV2|en,1,0.079365835,5.615527153015137,25.534801483154297,5.358409881591797,2.812592896056562,2.830963852815967,3.826465368270874,10.83767032623291,6.441788196563721,4.455109119415283,5.43412971496582
OpenVoiceV2|en,1,0.085411504,8.791271209716797,23.490568161010742,4.921216011047363,2.8149436438007407,2.801703925636391,4.311641693115234,11.063645362854004,7.874590873718262,5.0720086097717285,5.341353416442871
OpenVoiceV2|en,1,0.052952986,1.8486665487289429,22.32445526123047,9.617740631103516,2.827672951968076,2.7719604114976315,4.240792274475098,10.998106002807615,7.308091640472412,5.6638712882995605,5.47642183303833
OpenVoiceV2|en,1,0.092602596,10.06601619720459,23.39386558532715,7.1561713218688965,2.842783354889164,2.748989679710063,3.7926313877105713,11.08659839630127,7.649816513061523,4.926722526550293,5.511857509613037
OpenVoiceV2|en,1,0.08418894,1.9577194452285767,22.481483459472656,7.862034320831299,2.77582173494784,2.728814331866129,4.256273746490479,11.05052089691162,7.346476554870605,4.757761478424072,5.472257137298584
Openaudio-S1-Mini|en,1,0.03858952,7.556035041809082,22.674039840698242,2.618891477584839,2.882572674469724,2.804237645786012,3.995784282684326,10.719888687133787,7.268537998199463,5.076259136199951,5.410698413848877
Openaudio-S1-Mini|en,1,0.055458903,7.443982124328613,23.95339012145996,3.908053398132324,2.8703532885535186,2.834600008653022,4.146693229675293,10.93438720703125,6.78709888458252,4.635163307189941,5.393002986907959
Openaudio-S1-Mini|en,1,0.045865193,4.737097263336182,24.005756378173828,3.897707939147949,2.7117415661935507,2.865192745337491,4.421267986297607,10.865649223327637,7.222581386566162,4.930603981018066,5.324218273162842
Openaudio-S1-Mini|en,1,0.061923962,1.4443844556808472,27.11834716796875,4.124372482299805,2.7930531084277392,2.778726377412689,4.070685863494873,10.45798683166504,6.495796203613281,4.532748222351074,5.350955009460449
Openaudio-S1-Mini|en,1,0.10872003,6.205391883850098,21.331064224243164,5.6076340675354,2.903939941156031,2.8482131190125823,4.114821910858154,10.72198486328125,7.525527477264404,4.966957092285156,5.408645153045654
Openaudio-S1-Mini|en,1,0.04198457,1.5835717916488647,23.2038516998291,7.132898807525635,2.8291221564783013,2.780688787215439,3.453651189804077,10.586400032043455,6.593200206756592,4.930900573730469,5.382755279541016
Openaudio-S1-Mini|en,1,0.056160834,8.733050346374512,23.08249855041504,4.441560745239258,2.844572900618465,2.889766952469575,3.5906074047088623,10.634020805358888,6.8409624099731445,4.987407207489014,5.333333015441895
Openaudio-S1-Mini|en,1,0.08638906,8.051380157470703,24.47113037109375,0.5330415964126587,2.8157110105899754,2.867091771104058,4.139726638793945,10.611348152160645,7.292718887329102,4.896433830261231,5.248109340667725
Openaudio-S1-Mini|en,1,0.048496604,4.030118942260742,22.935104370117188,8.06083869934082,2.7621793908395222,2.888214485810069,3.9177091121673584,10.560649871826172,7.440963268280029,5.107631683349609,5.418643951416016
Openaudio-S1-Mini|en,1,0.06938883,4.817574977874756,22.284589767456055,2.8695623874664307,2.839496972074312,2.839026946308115,3.971338033676148,10.603578567504885,7.412465572357178,4.838444709777832,5.441669464111328
Openaudio-S1-Mini|en,1,0.031777,10.049118995666504,26.550518035888672,5.472170352935791,2.851634856227101,2.85371457995898,4.3146491050720215,10.572547912597656,8.05518913269043,5.501928329467773,5.4041619300842285
Openaudio-S1-Mini|en,1,0.03961128,-0.14811798930168152,20.552114486694336,4.756425857543945,2.759421180518872,2.8438745001084853,4.106306552886963,10.58566665649414,7.112120151519775,4.251101970672607,5.370025157928467
Openaudio-S1-Mini|en,1,0.018289473,6.533465385437012,20.81526756286621,3.5625953674316406,2.7828557594806966,2.7492002857974858,4.099539756774902,10.89694118499756,8.008260726928711,4.794529914855957,5.249116897583008
Openaudio-S1-Mini|en,1,0.05442151,4.841296195983887,27.685510635375977,8.372904777526855,2.709330461002824,2.784306464433083,4.018501281738281,10.43108367919922,6.6686201095581055,4.649888515472412,5.207756042480469
Openaudio-S1-Mini|en,1,0.074040465,12.02938461303711,26.00434112548828,4.325340270996094,2.7941005809856785,2.6850162049941053,4.280243873596191,10.615784645080566,7.581746101379394,5.067451477050781,5.29035758972168
Openaudio-S1-Mini|en,1,0.045089204,7.164124488830566,22.377103805541992,6.132504463195801,2.6391566218431324,2.778812616513445,3.722516059875488,10.47215461730957,7.3348388671875,4.883331775665283,5.21752405166626
Openaudio-S1-Mini|en,1,0.056897685,6.362798690795898,23.27539825439453,4.932355880737305,2.765721163020374,2.645457523126169,4.351700305938721,10.89608097076416,8.273663520812988,5.448582172393799,5.439047813415527
Openaudio-S1-Mini|en,1,0.049908333,10.205694198608398,25.179243087768555,6.42761754989624,2.809131030108329,2.795236963417948,4.313779354095459,10.8024263381958,7.492045402526855,5.010768413543701,5.386287212371826
Openaudio-S1-Mini|en,1,0.030179325,1.579992651939392,23.697063446044922,5.108249187469482,2.8243013712912584,2.8117834448901164,4.395663261413574,10.711563110351562,7.959454536437988,4.6776885986328125,5.091009616851807
Openaudio-S1-Mini|en,1,0.062490534,4.911321640014648,25.344539642333984,4.044275283813477,2.803405562165689,2.880060483518135,4.398930549621582,10.870359420776367,8.380462646484375,5.543680667877197,5.490987777709961
Openaudio-S1-Mini|en,1,0.049040753,7.201011657714844,22.31369400024414,6.2754974365234375,2.7877239622836814,2.837450773554405,4.589963436126709,11.132238388061523,8.526195526123047,5.346288681030273,5.422729015350342
Openaudio-S1-Mini|en,1,0.028061321,11.912885665893555,24.236963272094727,4.556186676025391,2.9053430790472388,2.757684880003426,4.515193939208984,11.051153182983398,7.841509819030762,4.835873603820801,5.266580581665039
Openaudio-S1-Mini|en,1,0.03250061,7.507837295532227,22.81208038330078,1.0217781066894531,2.786948575768963,2.8005812051856447,4.233222007751465,10.788902282714844,8.124749183654785,5.294255256652832,5.274306297302246
Openaudio-S1-Mini|en,1,0.08458702,6.4186177253723145,23.129732131958008,5.9814581871032715,2.7936740680987766,2.788849594437456,4.156918048858643,11.039085388183594,7.579630851745605,5.014529705047607,5.375772476196289
Openaudio-S1-Mini|en,1,0.050738096,9.168036460876465,26.81269073486328,1.7762072086334229,2.8466581141454483,2.870119218574536,4.188292980194092,10.847246170043944,7.067331790924072,4.454532146453857,5.185419082641602
OuteTTS|en,1,0.12419665,6.944446086883545,23.167999267578125,4.947443008422852,2.8010995289001555,2.813714958487477,4.039379119873047,11.105883598327637,7.157978057861328,4.478212833404541,5.269731044769287
OuteTTS|en,1,0.107014425,1.0250983238220215,27.06351661682129,1.202487826347351,2.6436545038646098,2.636685171334571,4.09269905090332,10.47080135345459,6.989993572235107,5.373688220977783,5.329788684844971
OuteTTS|en,1,0.08956355,9.798303604125977,26.37370491027832,3.280468463897705,2.810856351437006,2.827945618109496,3.485136747360229,10.884662628173828,7.021626949310303,4.763150691986084,5.183351039886475
OuteTTS|en,1,0.1415898,6.233722686767578,22.832229614257812,2.191372871398926,2.849404958286611,2.837112856925238,4.255455493927002,10.938383102416992,7.417437553405762,4.902251243591309,5.308435916900635
OuteTTS|en,1,0.06703587,2.890688896179199,37.070098876953125,7.013641357421875,2.6821456675278665,2.8356559102124064,4.270432472229004,10.436097145080566,5.741930961608887,3.485753297805786,5.213425159454346
OuteTTS|en,1,0.06216143,1.6664880514144897,27.64813995361328,8.156831741333008,2.8753395737353142,2.6905266934943586,4.084293365478516,10.696701049804688,6.763641357421875,4.835486888885498,5.263174533843994
OuteTTS|en,1,0.12803058,7.979074954986572,25.426477432250977,9.080900192260742,2.792427908569625,2.7727642390733243,3.78634262084961,10.53600788116455,6.276358127593994,4.470393657684326,5.357831954956055
OuteTTS|en,1,0.087200336,3.2717244625091553,34.8038215637207,6.933237075805664,2.859868322516239,2.9315075603516365,4.048869609832764,10.32428741455078,5.585273742675781,3.710596084594727,5.208361625671387
OuteTTS|en,1,0.088897415,0.1073949933052063,23.62242889404297,3.137953519821167,2.771456333283921,2.7366202774368107,4.238841533660889,10.856829643249512,6.379659652709961,4.599638938903809,5.371079444885254
OuteTTS|en,1,0.034260657,-1.2636058330535889,25.416542053222656,5.9355034828186035,2.773032531785029,2.898775653080686,4.117039680480957,10.650599479675291,6.306394100189209,4.3096418380737305,5.277282238006592
OuteTTS|en,1,0.08194355,9.011245727539062,22.63201332092285,4.399287700653076,2.804118464746626,2.8070797038125908,3.925371170043945,10.780513763427734,7.372548580169678,5.164016246795654,5.326314926147461
OuteTTS|en,1,0.094169326,7.445006370544434,24.99921417236328,0.4004969596862793,2.8177513576179254,2.8557640190685603,3.9593505859375,10.808897972106934,7.131929874420166,5.043679237365723,5.22895097732544
OuteTTS|en,1,0.041372728,1.1858253479003906,38.53092575073242,4.44275426864624,2.849400440242092,2.7606365343198997,4.282276630401611,10.382838249206545,5.8555006980896,4.163785457611084,5.185933589935303
OuteTTS|en,1,0.10840746,10.615913391113281,23.851470947265625,3.912850856781006,2.7739516117937035,2.830109108739062,4.484725475311279,11.14706325531006,8.160492897033691,5.110476970672607,5.419093608856201
OuteTTS|en,1,0.07476823,7.339105129241943,27.98775291442871,7.206223011016846,2.8225776383096304,2.8690427976502595,3.873231887817383,10.360886573791504,5.919443607330322,3.95826268196106,5.313797950744629
OuteTTS|en,1,0.074877195,0.8856412172317505,24.922550201416016,3.6676855087280273,2.837789179237286,2.850462210879129,4.409954071044922,10.53612995147705,7.24167013168335,4.909904956817627,5.424096584320068
OuteTTS|en,1,0.1267897,7.131040573120117,23.413171768188477,2.4300293922424316,2.777019215536097,2.903092407164971,3.474256992340088,10.482060432434082,6.6630449295043945,4.976850986480713,5.234343528747559
OuteTTS|en,1,0.058875266,2.5602078437805176,32.626068115234375,6.443893909454346,2.759693528387772,2.8570127714594977,4.249349594116211,10.571908950805664,6.314085960388184,3.937874555587769,5.266416549682617
OuteTTS|en,1,0.10669468,8.00848388671875,24.595815658569336,2.8988120555877686,2.723980920594582,2.730353708985356,3.9720075130462646,11.053788185119627,8.553864479064941,5.388152122497559,5.198001384735107
OuteTTS|en,1,0.0776471,1.6026344299316406,23.477041244506836,2.936750888824463,2.7832022238512826,2.7976837283184386,4.090503692626953,10.734743118286133,7.313913822174072,5.057577133178711,5.345926761627197
OuteTTS|en,1,0.07611996,4.692657947540283,25.056150436401367,5.289886474609375,2.6907594161285853,2.6312958739810184,4.305997848510742,10.705453872680664,7.381685733795166,4.724070549011231,5.253504753112793
OuteTTS|en,1,0.110056974,-4.511584281921387,30.945049285888672,2.8675947189331055,2.8956328652093872,2.8396632287745733,3.943876266479492,10.194053649902344,5.350407600402832,4.181877613067627,5.289565563201904
Qwen2.5-Omni|en,1,0.07224899,8.494474411010742,26.30746078491211,2.074162006378174,2.819931180953854,2.722615183980766,4.1078314781188965,10.89438533782959,6.734622001647949,4.86378288269043,5.436394691467285
Qwen2.5-Omni|en,1,0.081498906,9.560120582580566,24.94707489013672,5.123480796813965,2.82092687495111,2.7044337872259807,4.079687595367432,10.634565353393556,6.986876487731934,5.0649919509887695,5.395833969116211
Qwen2.5-Omni|en,1,0.08322892,10.776811599731445,23.351491928100586,7.967041015625,2.68353152074228,2.7026298502835955,4.023839950561523,10.959139823913574,6.889982223510742,4.856105327606201,5.478811264038086
Qwen2.5-Omni|en,1,0.08025107,6.941516399383545,23.22964859008789,8.085738182067871,2.795695001938557,2.681212155263485,4.117722988128662,10.876325607299805,7.002467632293701,5.131542205810547,5.543405055999756
Qwen2.5-Omni|en,1,0.06078135,6.264503479003906,24.725976943969727,6.40626335144043,2.8482080610105736,2.815665811091961,4.254874229431152,10.843077659606934,7.071063041687012,4.508279323577881,5.386576175689697
Qwen2.5-Omni|en,1,0.05216528,6.48309326171875,22.95949363708496,8.642732620239258,2.659580199054577,2.646047091968741,4.203958511352539,10.973958015441896,7.632673740386963,5.305529594421387,5.55827522277832
Qwen2.5-Omni|en,1,0.087727435,10.614992141723633,24.475374221801758,6.896047115325928,2.73928585578617,2.7823594301856174,4.020633697509766,10.758065223693848,6.830076694488525,5.113699913024902,5.478265285491943
Qwen2.5-Omni|en,1,0.08146016,8.734360694885254,30.748212814331055,3.7070820331573486,2.775571053511991,2.636054418356307,4.043100357055664,10.81504249572754,5.5225324630737305,4.316508769989014,5.253753662109375
Qwen2.5-Omni|en,1,0.07309766,7.988190650939941,24.57703971862793,9.23541259765625,2.838174562419574,2.9059818357069545,4.05253267288208,11.05638027191162,7.213901996612549,4.771862983703613,5.5406999588012695
Qwen2.5-Omni|en,1,0.07766129,8.97762680053711,24.40782356262207,2.685518503189087,2.8745508935078155,2.720675035789621,4.168881416320801,10.934969902038574,7.008581161499023,5.125964641571045,5.495474338531494
Qwen2.5-Omni|en,1,0.079818994,4.916387557983398,26.4792537689209,6.403616428375244,2.8224641135174573,2.811614272685412,4.260860443115234,10.626616477966309,6.753701210021973,4.782588005065918,5.401156425476074
Qwen2.5-Omni|en,1,0.07139778,7.21859073638916,24.922908782958984,1.550338864326477,2.8708545721941827,2.890644907438378,4.098147869110107,10.730703353881836,7.04078483581543,5.341512203216553,5.526472568511963
Qwen2.5-Omni|en,1,0.07056387,8.594926834106445,27.197603225708008,9.43209457397461,2.7259086170060494,2.6603358603923994,4.628111362457275,10.880250930786133,7.0221266746521,4.7409443855285645,5.512900352478027
Qwen2.5-Omni|en,1,0.08052092,8.803092002868652,22.514450073242188,4.857954502105713,2.847782221933948,2.7031377578205102,4.097434997558594,10.967724800109863,7.19692325592041,5.092798233032227,5.4957451820373535
RVC|en,1,0.09078641,8.170730590820312,24.369831085205078,3.57334041595459,2.8087637294607384,2.7676106487660643,3.9389808177948,10.840645790100098,7.2796101570129395,5.034742832183838,5.35742712020874
RVC|en,1,0.16491123,9.659815788269043,24.833023071289062,7.290338516235352,2.8739313791562084,2.751817173641288,4.027922630310059,11.119588851928713,6.7188825607299805,4.447866916656494,5.371723175048828
RVC|en,1,0.09900762,7.137826442718506,27.099279403686523,7.465822219848633,2.653529370573172,2.7451930997891534,3.669543981552124,10.83518123626709,7.158140659332275,5.549742221832275,5.443815231323242
RVC|en,1,0.12911204,3.471734046936035,25.6866455078125,3.3149752616882324,2.8413942306149136,2.786144598566935,4.292445659637451,10.980120658874512,7.22062873840332,4.538666248321533,5.362850666046143
RVC|en,1,0.10631599,3.841963052749634,28.281869888305664,7.723825931549072,2.699297510946325,2.7393461377167605,3.898465394973755,10.662482261657717,6.4847822189331055,4.747674942016602,5.106934547424316
RVC|en,1,0.119451806,7.124300956726074,36.41133117675781,7.235200881958008,2.599373184303072,2.7096489135701844,4.435426712036133,10.085397720336914,4.843052387237549,3.5347282886505127,5.307559013366699
RVC|en,1,0.10495064,8.268011093139648,22.4754581451416,9.486021995544434,2.709419078306796,2.6470808105324064,4.011899948120117,11.209178924560549,8.246968269348145,5.3252058029174805,5.590820789337158
RVC|en,1,0.07063102,5.970579147338867,30.97367286682129,4.852630138397217,2.890106077918287,2.858866237307878,4.133341312408447,10.80565071105957,6.404639720916748,4.593944549560547,5.204452037811279
RVC|en,1,0.13567504,0.844955563545227,25.8360538482666,4.743850231170654,2.785412079795813,2.7724381051451075,3.698522329330444,10.868103981018066,7.000765323638916,4.435777187347412,5.165503978729248
RVC|en,1,0.05225478,1.457513451576233,23.629287719726562,5.497021675109863,2.783737203794638,2.8462486527338857,3.849732398986816,11.092853546142578,7.056101799011231,4.643632888793945,5.364803791046143
RVC|en,1,0.15261531,4.945351600646973,24.38358497619629,8.668521881103516,2.8356319764522664,2.813844976118973,3.676293134689331,10.828790664672852,6.516430854797363,4.657857418060303,5.33601188659668
RVC|en,1,0.08797299,7.021999359130859,37.249671936035156,5.387608528137207,2.8061371625515483,2.9268211897911174,4.333402633666992,10.166586875915527,5.7966790199279785,4.40400505065918,5.594717025756836
RVC|en,1,0.0691133,2.1023223400115967,24.308713912963867,7.9097900390625,2.7793877334011,2.85039510829323,3.449846029281616,10.766249656677246,6.939302921295166,5.106632709503174,5.595158576965332
RVC|en,1,0.059390362,7.179995536804199,34.49690246582031,7.143379211425781,2.776795258196631,2.8483243497711674,3.9888064861297607,10.554604530334473,6.083778381347656,4.62607479095459,5.320849895477295
"Resemble.ai (April 12th, 2025)|en",1,0.07017194,3.373551368713379,37.981224060058594,4.816896438598633,2.797546325297028,2.79799941698479,4.17478084564209,9.91999340057373,4.885078430175781,3.970289945602417,5.214322090148926
"Resemble.ai (April 12th, 2025)|en",1,0.040709734,5.514830589294434,23.210081100463867,8.200448989868164,2.839302602730605,2.785280642428518,4.068736553192139,10.802031517028809,7.616652011871338,5.221939563751221,5.449955463409424
"Resemble.ai (April 12th, 2025)|en",1,0.06726276,1.4260175228118896,44.4339599609375,2.873195171356201,2.7186033547195314,2.749935722293136,5.62257194519043,10.37457275390625,4.59748125076294,2.728605031967163,4.89885139465332
"Resemble.ai (April 12th, 2025)|en",1,0.10534165,4.6163835525512695,39.664634704589844,4.140260696411133,2.776130624569537,2.850010721792802,4.805595874786377,10.074007034301758,4.7126874923706055,3.5494091510772705,5.108251571655273
"Resemble.ai (April 12th, 2025)|en",1,0.02935954,6.501952171325684,22.718393325805664,10.973734855651855,2.756625341824169,2.776734546777236,3.8925139904022217,10.719669342041016,7.248087406158447,4.7808122634887695,5.427823066711426
"Resemble.ai (April 12th, 2025)|en",1,0.07184545,3.348335027694702,33.57289505004883,3.6127376556396484,2.8722895545963008,2.8435156426517287,4.305509090423584,10.704097747802734,6.0446367263793945,3.9693620204925537,5.234935760498047
"Resemble.ai (April 12th, 2025)|en",1,0.06459078,5.246145725250244,34.178104400634766,8.610357284545898,2.878531404726848,2.900933677926476,4.354983806610107,10.403528213500977,6.115745544433594,3.953855037689209,5.336450099945068
"Resemble.ai (April 12th, 2025)|en",1,0.02300661,11.561796188354492,34.59986114501953,7.717193603515625,2.7863305109548087,2.792845199902376,4.217752456665039,10.418362617492676,4.9477219581604,3.7645230293273926,5.177745342254639
"Resemble.ai (April 12th, 2025)|en",1,0.106326714,5.8935770988464355,26.820602416992188,6.781235694885254,2.788496011258408,2.893872520655698,4.242603778839111,10.685476303100586,6.662030220031738,4.541406631469727,5.441608905792236
"Resemble.ai (April 12th, 2025)|en",1,0.049629588,11.733963012695312,23.795347213745117,4.536920547485352,2.8641672723145635,2.6838735605059973,4.257085800170898,10.834964752197266,7.892922878265381,5.207512378692627,5.437862873077393
"Resemble.ai (April 12th, 2025)|en",1,0.08404812,5.688584327697754,32.70866012573242,5.604600429534912,2.9458447179047,2.841505999998202,4.2570977210998535,10.478487968444824,6.043426036834717,4.163237571716309,5.340923309326172
"Resemble.ai (April 12th, 2025)|en",1,0.059371363,7.518017768859863,33.0740966796875,10.487526893615723,2.8569983165055475,2.887819893095232,4.384390354156494,10.611944198608398,6.292738437652588,3.9102840423583984,5.32251501083374
"Resemble.ai (April 12th, 2025)|en",1,0.13084754,6.872276306152344,24.46575927734375,9.877347946166992,2.7341382512063084,2.6252851937333865,4.437265872955322,10.723052024841309,8.111480712890625,5.396766662597656,5.407501697540283
"Resemble.ai (April 12th, 2025)|en",1,0.07956109,13.260770797729492,22.317407608032227,7.373040199279785,2.8829087594255824,2.714713450291843,4.038218975067139,11.08599853515625,7.896910190582275,4.860641479492188,5.416824817657471
"Resemble.ai (April 12th, 2025)|en",1,0.0866931,11.100496292114258,21.22205924987793,7.353455543518066,2.9195866585355,2.744297104492569,4.190589904785156,11.03437328338623,8.235920906066895,5.111550807952881,5.4448771476745605
"Resemble.ai (April 12th, 2025)|en",1,0.108827725,4.95076847076416,43.24730682373047,3.6771388053894043,2.744548653724119,2.7755685805632764,4.679478168487549,10.13642406463623,4.702916145324707,3.775151491165161,5.175704479217529
"Resemble.ai (April 12th, 2025)|en",1,0.048220005,8.77314281463623,30.872451782226562,11.289559364318848,2.855320083546536,2.776031601782813,3.759069442749024,10.34148120880127,6.19044303894043,4.596673488616943,5.358794689178467
"Resemble.ai (April 12th, 2025)|en",1,0.05496127,9.147119522094727,27.49746322631836,6.006496429443359,2.6051758191668,2.8015487239829584,4.313619136810303,10.800654411315918,7.356907367706299,4.477151870727539,5.380477428436279
Ringg Squirrel TTS v1.0|en,1,0.1095369,6.0235700607299805,26.152023315429688,10.214614868164062,2.757358994947517,2.8093716646032387,3.866958141326904,10.805320739746094,7.196925640106201,4.930581092834473,5.514256000518799
Ringg Squirrel TTS v1.0|en,1,0.20911379,3.2765727043151855,22.572370529174805,8.087389945983887,2.777711266384083,2.7603614225272564,3.57986068725586,10.963072776794434,7.750307559967041,4.923473358154297,5.383224487304688
Ringg Squirrel TTS v1.0|en,1,0.09957256,6.121929168701172,25.145843505859375,9.14010238647461,2.7913603979564816,2.7155569257436825,4.207192420959473,11.203665733337402,8.915624618530273,5.706869602203369,5.5853590965271
Ringg Squirrel TTS v1.0|en,1,0.12725054,3.7265024185180664,28.655481338500977,8.053302764892578,2.833903456126895,2.8254496351738725,3.7860217094421382,10.353418350219728,6.437557697296143,5.327210426330566,5.61092472076416
Ringg Squirrel TTS v1.0|en,1,0.117782414,8.932877540588379,23.8486328125,5.938564300537109,2.7724735101564657,2.768550951524988,4.237619400024414,11.141977310180664,8.465444564819336,5.47089433670044,5.553128242492676
Ringg Squirrel TTS v1.0|en,1,0.10410892,5.4298906326293945,25.509052276611328,8.758028984069824,2.725774522182964,2.738196618018135,4.232991218566895,11.012969970703123,7.986486434936523,5.094053745269775,5.514795303344727
Ringg Squirrel TTS v1.0|en,1,0.06714403,9.615140914916992,21.811975479125977,6.44444465637207,2.7422116943911,2.667797046760147,4.26452112197876,11.222789764404297,8.478987693786621,5.162922859191895,5.4849395751953125
Ringg Squirrel TTS v1.0|en,1,0.14934759,6.893474102020264,25.970767974853516,7.038721084594727,2.627866758423675,2.8230381866366376,4.044594764709473,10.961821556091309,7.90509033203125,5.169055938720703,5.500439643859863
Ringg Squirrel TTS v1.0|en,1,0.26275927,2.2186102867126465,25.557790756225586,10.392278671264648,2.8953746813292707,2.8505816026928947,4.0264763832092285,10.77911376953125,6.684340000152588,4.347627639770508,5.39985466003418
Ringg Squirrel TTS v1.0|en,1,0.13184322,7.523499488830566,28.298965454101562,9.90320873260498,2.735655328517047,2.7267351446470576,3.739760398864746,10.525696754455566,6.440574645996094,4.336649894714356,5.432918548583984
Ringg Squirrel TTS v1.0|en,1,0.061685264,9.999405860900879,25.98857307434082,6.939850807189941,2.8021392898866697,2.656989066055409,4.309196472167969,11.209067344665527,9.09467887878418,5.818619251251221,5.687368392944336
Ringg Squirrel TTS v1.0|en,1,0.18318966,7.976235389709473,25.698644638061523,10.921262741088867,2.63666976657641,2.639736904685051,4.019054889678955,11.29677391052246,8.073626518249512,4.950930595397949,5.489838123321533
Ringg Squirrel TTS v1.0|en,1,0.1257734,10.264701843261719,23.02965545654297,9.28531551361084,2.688470387044664,2.6518818187824587,4.141263484954834,11.154614448547363,7.860780239105225,4.793078422546387,5.4304399490356445
Ringg Squirrel TTS v1.0|en,1,0.06752604,6.462680816650391,25.001401901245117,5.197024345397949,2.8099827987451134,2.672768029136812,4.087038993835449,10.907797813415527,7.635483264923096,5.42442512512207,5.498405933380127
Ringg Squirrel TTS v1.0|en,1,0.043769374,9.247154235839844,26.110546112060547,7.499109268188477,2.6284899705687863,2.749066186464709,3.9803504943847656,11.07746696472168,7.9787397384643555,5.316411018371582,5.527256965637207
Ringg Squirrel TTS v1.0|en,1,0.10797633,8.407605171203613,23.68865966796875,5.345283508300781,2.7297698453695527,2.693949237514996,4.203073024749756,11.423852920532228,8.49068832397461,5.112026691436768,5.522665500640869
Ringg Squirrel TTS v1.0|en,1,0.03877858,9.448931694030762,26.42294692993164,8.608646392822266,2.68918795046229,2.769059031194179,4.103669166564941,10.920331954956056,7.181553363800049,4.993144989013672,5.440589427947998
Ringg Squirrel TTS v1.0|en,1,0.14158186,5.321400165557861,27.90281105041504,8.286214828491211,2.633255053381163,2.7692798379200645,4.2131547927856445,10.70199489593506,8.719655990600586,5.494029998779297,5.442204475402832
SoulX-Podcast|en,1,0.0383097,1.6431349515914917,25.388877868652344,3.9749865531921387,2.663856527815489,2.763153221403404,4.1472344398498535,10.69748306274414,6.432803630828857,4.575901508331299,5.400788307189941
SoulX-Podcast|en,1,0.029158533,9.753471374511719,23.499343872070312,5.669618129730225,2.8592485316130136,2.8006875524636023,3.910600185394287,10.69636058807373,7.26475715637207,5.057601451873779,5.301819324493408
SoulX-Podcast|en,1,0.037503753,5.594153881072998,25.881254196166992,7.071178436279297,2.673015454030348,2.802130611881766,4.019956588745117,10.865038871765137,6.664428234100342,4.567255020141602,5.405810356140137
SoulX-Podcast|en,1,0.046371643,11.510237693786621,23.199371337890625,7.664675712585449,2.637567541111736,2.8800200569038963,3.7569332122802734,10.662117004394531,6.945630073547363,5.265657901763916,5.540131092071533
SoulX-Podcast|en,1,0.031102948,8.971725463867188,23.609312057495117,3.6300415992736816,2.850727369241238,2.7993215194471968,3.923054218292236,10.822301864624023,6.604525566101074,4.752326011657715,5.320621967315674
SoulX-Podcast|en,1,0.044198588,3.38301944732666,22.145780563354492,7.149172782897949,2.835880232022447,2.7239682579441835,3.791959762573242,10.744413375854492,7.343280792236328,5.422279357910156,5.495935440063477
SoulX-Podcast|en,1,0.037074655,11.612041473388672,23.61614418029785,3.5082640647888184,2.7857610592774,2.7894184450627013,4.231261730194092,10.973679542541504,7.583708763122559,5.040260314941406,5.348531246185303
SoulX-Podcast|en,1,0.050298326,8.362693786621094,20.706167221069336,1.104056715965271,2.7593954770206155,2.7578629324124093,4.258524417877197,11.273383140563965,8.520383834838867,5.314099311828613,5.494421005249023
SoulX-Podcast|en,1,0.05292319,2.717677593231201,21.70482635498047,5.566849708557129,2.855445445325968,2.7936105242381672,4.397477626800537,10.94704246520996,7.151832580566406,4.804983139038086,5.571001529693604
SoulX-Podcast|en,1,0.029361494,6.955453872680664,24.95808982849121,0.3316863775253296,2.650652051976133,2.74284141488416,4.041234970092773,10.7373046875,7.354092121124268,5.087672710418701,5.3618245124816895
SoulX-Podcast|en,1,0.046970353,1.3182668685913086,31.68560028076172,8.347496032714844,2.845668153977598,2.887077084137321,4.209590435028076,10.34336757659912,6.623364448547363,4.710321426391602,5.158477306365967
SoulX-Podcast|en,1,0.054146502,2.325122594833374,25.446060180664062,3.4846351146698,2.806674575620373,2.6784776722925003,4.54410982131958,10.626474380493164,6.9463419914245605,4.5530195236206055,5.314925670623779
Spark-TTS-0.5B|en,1,0.07339122,3.4335379600524902,32.95513916015625,5.963380813598633,2.9132389662293576,2.756203550049666,4.397500991821289,10.653233528137209,6.209191799163818,4.204615116119385,5.1430253982543945
Spark-TTS-0.5B|en,1,0.09076448,12.101249694824219,23.533655166625977,3.4308934211730957,2.873757121250161,2.8538419513443887,4.432066440582275,11.014506340026855,6.917224884033203,4.634373664855957,5.260111808776856
Spark-TTS-0.5B|en,1,0.08315767,5.826404571533203,23.887798309326172,5.3483662605285645,2.745606760262483,2.612649805176999,4.5536885261535645,10.939879417419434,6.955549716949463,4.726407527923584,5.3545989990234375
Spark-TTS-0.5B|en,1,0.08325707,11.545249938964844,30.24563217163086,2.920307159423828,2.8015837343913077,2.76789347075495,4.538741588592529,10.85877799987793,6.524410247802734,4.31647539138794,5.069660186767578
Spark-TTS-0.5B|en,1,0.058612578,5.596108436584473,34.20446014404297,2.0024969577789307,2.850640373501546,2.8651120184795005,4.654792785644531,10.77512264251709,6.786627769470215,4.508730888366699,5.106039047241211
Spark-TTS-0.5B|en,1,0.07259243,11.07534122467041,32.60703659057617,0.5836954116821289,2.888682924513189,2.868892811562189,4.193502902984619,10.560802459716797,5.957096576690674,4.314236164093018,5.170827865600586
Spark-TTS-0.5B|en,1,0.08913651,6.243514060974121,30.205406188964844,3.128880023956299,2.894967606100446,2.864563947563876,4.400496959686279,10.773455619812012,6.222479343414307,4.444923400878906,5.249061584472656
Spark-TTS-0.5B|en,1,0.075138584,6.637151718139648,25.13520050048828,2.2651262283325195,2.84815911362605,2.877970334475806,3.616673231124878,10.522457122802734,7.21464729309082,5.240817070007324,5.334385395050049
Spark-TTS-0.5B|en,1,0.078122064,8.902351379394531,35.61465835571289,3.069185256958008,2.830917161317797,2.8974319367890207,4.157406806945801,10.519149780273438,5.483099937438965,4.305428981781006,5.006248950958252
Spark-TTS-0.5B|en,1,0.10255149,7.436694622039795,27.82118034362793,-1.2915788888931274,2.8153514401949646,2.834919609572591,4.168269634246826,10.834728240966797,6.724596977233887,4.693319797515869,5.277050495147705
Spark-TTS-0.5B|en,1,0.07547848,7.788838863372803,26.293344497680664,0.16796399652957916,2.804072523002628,2.7479865218343105,4.169214725494385,10.749785423278809,6.695796012878418,4.775866508483887,5.308892250061035
Spark-TTS-0.5B|en,1,0.09333518,11.100183486938477,23.026721954345703,0.7095208168029785,2.8116221631163176,2.9018965052958583,4.241037368774414,10.87315559387207,7.200511932373047,4.799609661102295,5.228432655334473
Spark-TTS-0.5B|en,1,0.069597475,5.506223201751709,24.899295806884766,6.418034553527832,2.828992261184168,2.866072419942105,4.190598011016846,10.963785171508787,7.050349235534668,5.029569625854492,5.349154949188232
Spark-TTS-0.5B|en,1,0.082378395,10.20812702178955,23.83576774597168,3.263597249984741,2.831321059467731,2.827748718191724,4.19110631942749,10.546685218811035,7.636011123657227,5.518977642059326,5.4388580322265625
Spark-TTS-0.5B|en,1,0.07339497,7.417169094085693,24.453046798706055,2.2214951515197754,2.7386881870529503,2.8043281362962853,3.992662668228149,10.74453067779541,6.941247940063477,4.961145401000977,5.321358680725098
Spark-TTS-0.5B|en,1,0.080110945,8.650616645812988,30.173063278198242,-1.6095062494277954,2.9189026878649127,2.6352815920002306,4.137189865112305,10.632567405700684,6.571022033691406,4.559600830078125,5.189616680145264
Step-Audio-EditX|en,1,0.08343641,5.859177589416504,31.708290100097656,5.9756903648376465,2.755983837602813,2.6620420622558343,4.164989948272705,10.413259506225586,6.369546413421631,4.811481475830078,5.495728969573975
Step-Audio-EditX|en,1,0.09678864,1.5967751741409302,22.95231056213379,6.69171142578125,2.744820394446182,2.576993807848793,3.897761344909668,10.626296043395996,6.531215667724609,4.787139415740967,5.487627983093262
Step-Audio-EditX|en,1,0.07304114,6.523873805999756,22.076555252075195,5.175724983215332,2.847965518636793,2.736354931783332,3.96557092666626,11.01027774810791,6.899934768676758,4.60028076171875,5.379783153533936
Step-Audio-EditX|en,1,0.091493696,9.24318790435791,26.44530487060547,2.0633645057678223,2.691754896736466,2.65136138685836,4.38917875289917,10.559802055358888,6.560620307922363,4.781480312347412,5.410743236541748
Step-Audio-EditX|en,1,0.08715297,5.578281402587891,35.1351432800293,6.104940414428711,2.705560645867549,2.7529541106322326,4.0209174156188965,10.03079319000244,4.865443706512451,4.06989860534668,5.318926334381104
Step-Audio-EditX|en,1,0.095585264,6.6555938720703125,22.866409301757812,4.737051010131836,2.7225723420135624,2.7741654439990526,4.191579341888428,10.793718338012695,7.512378692626953,5.157362461090088,5.361398220062256
Step-Audio-EditX|en,1,0.059499785,5.071495056152344,21.2896671295166,6.202722549438477,2.801435350811241,2.7634049520150965,3.9412553310394287,10.984087944030762,6.84794807434082,4.865263938903809,5.465390205383301
Step-Audio-EditX|en,1,0.09834356,8.078873634338379,21.171436309814453,5.38977575302124,2.789838566749976,2.835880233326697,3.82397198677063,11.082463264465332,7.55660343170166,4.952539920806885,5.427931785583496
Step-Audio-EditX|en,1,0.0609573,7.80279016494751,23.719825744628906,7.55001163482666,2.814129440439382,2.8691773333838264,4.211551666259766,10.948264122009276,7.727025985717773,5.283360958099365,5.451126575469971
Step-Audio-EditX|en,1,0.06718779,4.913196086883545,28.684032440185547,6.1930084228515625,2.838446380060929,2.799051305635168,3.719899654388428,10.860387802124023,6.714295387268066,5.361213684082031,5.467113494873047
Step-Audio-EditX|en,1,0.08798277,6.092939376831055,24.980920791625977,4.49199104309082,2.802362444259151,2.7830738372194848,4.202398777008057,10.77335262298584,7.576444149017334,5.151136875152588,5.366260051727295
Supertonic|en,1,0.052088145,8.501952171325684,21.503074645996094,9.981616973876953,2.677986921519114,2.759417097625608,3.999159812927246,10.891246795654297,7.852171897888184,5.168255805969238,5.526004314422607
Supertonic|en,1,0.04295187,4.5331220626831055,27.697603225708008,8.960811614990234,2.84919131595594,2.8645516742265604,4.193870067596436,10.822569847106934,5.902272701263428,5.182512283325195,5.503039360046387
Supertonic|en,1,0.056058243,3.9299352169036865,24.11246109008789,5.361208915710449,2.856958720575372,2.8191610194701746,4.769242286682129,10.916596412658691,7.140643119812012,4.968870162963867,5.417247772216797
Supertonic|en,1,0.055658482,4.338001251220703,23.38841438293457,7.961358070373535,2.642692530437252,2.776883875464185,3.812859535217285,10.778791427612305,6.727674961090088,4.694669723510742,5.486939907073975
Supertonic|en,1,0.061950203,9.288616180419922,27.466318130493164,7.550909042358398,2.746071273852185,2.785625526895425,4.354694843292236,10.782212257385254,6.96562385559082,5.029202938079834,5.514749526977539
Supertonic|en,1,0.04606041,4.645573616027832,22.803739547729492,9.131004333496094,2.8581096994368926,2.8236842558821618,4.075475692749023,10.882326126098633,6.896514892578125,4.706428050994873,5.431474208831787
Supertonic|en,1,0.05627018,10.27273941040039,24.82137680053711,4.7365570068359375,2.734571308702022,2.8651008398265456,4.016186714172363,11.050973892211914,7.149869441986084,4.925171852111816,5.590365886688232
Supertonic|en,1,0.04209849,8.426350593566895,24.3118896484375,6.48744010925293,2.7629238299950645,2.797925862035905,3.6505942344665527,10.803189277648926,6.9798078536987305,5.129280090332031,5.581350326538086
Supertonic|en,1,0.039164845,9.698211669921875,24.718647003173828,9.166534423828125,2.795748152173877,2.7683757801104303,4.190458297729492,10.860672950744627,6.912134170532227,5.165998458862305,5.501232624053955
Supertonic|en,1,0.05223476,4.948032379150391,22.757070541381836,9.306045532226562,2.7823159847425214,2.839879217485296,4.427501201629639,10.865711212158203,7.296254634857178,4.918632507324219,5.466991424560547
Supertonic|en,1,0.06293277,5.043136119842529,23.384857177734375,11.07084846496582,2.831904461079981,2.861423410302404,3.7363574504852295,10.521796226501465,6.420003414154053,4.98338794708252,5.524926662445068
Supertonic|en,1,0.033577837,7.229739189147949,30.785118103027344,10.266387939453125,2.8682361941268977,2.893945909890311,4.368593215942383,10.624568939208984,6.720724105834961,4.435303688049316,5.379170894622803
Supertonic|en,1,0.043188203,3.0600240230560303,22.402435302734375,10.14395523071289,2.8132883205450523,2.8695080844120824,4.360439300537109,11.086119651794434,7.925185680389404,5.437187671661377,5.549311637878418
Supertonic|en,1,0.05469648,4.439358711242676,31.749183654785156,8.383127212524414,2.6559000272082662,2.798135895877921,3.903846502304077,10.236150741577148,5.893411636352539,4.523809432983398,5.370731353759766
Supertonic|en,1,0.053340964,9.61783218383789,23.357410430908203,8.379803657531738,2.729859237127698,2.777469333706906,3.812910556793213,10.79841136932373,6.711611270904541,4.894195556640625,5.584473609924316
Supertonic|en,1,0.04681575,6.232409954071045,25.598251342773438,11.875011444091797,2.832738922955014,2.7187054274324507,3.902974843978882,10.91132354736328,6.375437259674072,4.7071146965026855,5.479193210601807
Veena|en,1,0.0635648,10.633600234985352,32.3441162109375,7.916439056396484,2.848737332223451,2.7770122422726446,4.252758026123047,10.844186782836914,7.070544242858887,4.632627964019775,5.4100728034973145
Veena|en,1,0.08023252,9.419679641723633,21.955711364746094,9.063581466674805,2.7716936328111235,2.689804092406171,3.9653513431549072,11.402802467346191,7.876524448394775,5.246768951416016,5.551012992858887
Veena|en,1,0.07471415,8.390721321105957,23.314777374267578,6.526505470275879,2.8531315739356464,2.8213478744065585,3.7866809368133545,11.088212013244627,7.10629940032959,5.0101847648620605,5.561861038208008
Veena|en,1,0.07195425,9.947392463684082,24.896385192871094,5.846199989318848,2.6976136424889297,2.8344276938492894,3.7789769172668457,11.149996757507324,7.674250602722168,4.977105140686035,5.434717178344727
Veena|en,1,0.073699296,8.008068084716797,22.47477149963379,7.974117755889893,2.88567394626119,2.8051788049300925,3.8421530723571777,10.986425399780272,7.693354606628418,5.168657302856445,5.4947357177734375
Veena|en,1,0.06174155,9.450592994689941,24.74594497680664,8.019559860229492,2.736592356348538,2.8407019802093623,3.883429527282715,10.840622901916504,7.677268981933594,4.968621253967285,5.418242931365967
Veena|en,1,0.07326378,8.558699607849121,23.12187385559082,6.563292503356934,2.795589233112071,2.8333863099838297,3.883720636367798,10.865347862243652,7.10825252532959,4.930757999420166,5.514421463012695
Veena|en,1,0.08692204,8.427742004394531,23.529600143432617,7.188587188720703,2.745836815884648,2.739219909388533,4.15010404586792,11.003915786743164,8.372926712036133,5.520877838134766,5.573439598083496
Veena|en,1,0.09644291,6.6504902839660645,24.56637954711914,8.9237060546875,2.857011436943409,2.8307196889072066,3.89801836013794,10.97216510772705,7.213946342468262,4.657011985778809,5.467108249664307
Veena|en,1,0.07718016,8.418392181396484,24.89957046508789,8.92420482635498,2.810165922107859,2.823486656889447,4.111252784729004,10.953384399414062,7.50874137878418,4.774571418762207,5.356221675872803
Veena|en,1,0.071035795,10.272489547729492,32.05422592163086,9.308050155639648,2.8453773868579866,2.8569701412634334,3.848854303359986,10.787363052368164,6.738221168518066,4.555602073669434,5.31859827041626
Veena|en,1,0.06665703,9.350926399230957,24.674962997436523,6.277667045593262,2.845851828740931,2.9056415632330177,3.719318866729736,10.935230255126951,7.11500358581543,4.530275344848633,5.419180393218994
Veena|en,1,0.0750411,8.110725402832031,23.354135513305664,8.030604362487793,2.783168188436669,2.753728918404768,4.219431400299072,10.814482688903809,7.860744953155518,5.307547569274902,5.42114782333374
Veena|en,1,0.074829765,8.870954513549805,28.507122039794922,6.521996974945068,2.8495904267399346,2.794270022519459,4.01760721206665,10.957777976989746,7.335759162902832,4.6496357917785645,5.348069667816162
Veena|en,1,0.064500146,9.389284133911133,28.664283752441406,7.063721656799316,2.851418094337994,2.7686758222952443,3.9638171195983887,10.668668746948242,6.974255561828613,4.539855003356934,5.304938316345215
Veena|en,1,0.07707639,6.662985324859619,25.260295867919922,8.874532699584961,2.8351519164782104,2.71400455591857,3.6719274520874015,11.01843547821045,6.821312427520752,4.6960039138793945,5.475407123565674
VoxCPM-0.5B|en,1,0.07572048,6.688236236572266,21.666656494140625,0.10357905179262161,2.842931737158953,2.768673535475952,3.9886128902435294,10.917670249938965,7.334606170654297,5.174686431884766,5.415961742401123
VoxCPM-0.5B|en,1,0.1164618,10.38013744354248,26.607318878173828,-0.10635637491941452,2.8820804207111106,2.7770436097823463,4.4768595695495605,10.94151782989502,7.281639099121094,5.097485542297363,5.3703789710998535
VoxCPM-0.5B|en,1,0.07660924,0.7909941673278809,35.939453125,4.967280864715576,2.772238683543764,2.585447853590614,4.564215660095215,10.569395065307615,7.770928382873535,6.01059103012085,5.479434967041016
VoxCPM-0.5B|en,1,0.087947965,9.127979278564453,21.728727340698242,1.7208837270736694,2.818180426666579,2.766285462908405,4.113639831542969,10.893719673156738,7.173262119293213,5.037354469299316,5.461382865905762
VoxCPM-0.5B|en,1,0.1154306,5.4778547286987305,23.54460906982422,5.048421859741211,2.70328229131864,2.6636995494534323,4.141414165496826,10.68026638031006,7.444304466247559,4.765190601348877,5.491511344909668
VoxCPM-0.5B|en,1,0.08899173,8.43323040008545,21.489185333251953,8.504005432128906,2.8296985772793253,2.773841422219446,4.248761177062988,10.90658473968506,7.521921634674072,4.403232097625732,5.368273735046387
VoxCPM-0.5B|en,1,0.038673278,12.465038299560547,32.47493362426758,7.682866096496582,2.711560505785504,2.7558269707101566,4.64054012298584,10.667452812194824,7.418069362640381,5.091364860534668,5.146442890167236
VoxCPM-0.5B|en,1,0.07816103,1.1276026964187622,53.98655319213867,2.5191612243652344,2.8403503677926305,2.858738692572508,6.443912982940674,9.76708698272705,4.626981735229492,3.8431358337402335,4.73241662979126
VoxCPM-0.5B|en,1,0.1049612,6.672959327697754,26.09684944152832,4.206653118133545,2.907695535788571,2.8061635208665434,4.207955837249756,10.691789627075195,6.230117321014404,4.3054070472717285,5.343288898468018
VoxCPM-0.5B|en,1,0.09246666,10.82496166229248,31.958642959594727,8.275595664978027,2.71249336425836,2.8033040196541528,4.306171894073486,10.515877723693848,6.519024848937988,4.933906555175781,5.397073745727539
VoxCPM-0.5B|en,1,0.10316439,4.449416637420654,24.46982765197754,2.2317144870758057,2.6729349004106058,2.797525757112817,4.324684143066406,10.84737777709961,7.665624618530273,5.1156325340271,5.421872138977051
VoxCPM-0.5B|en,1,0.1147524,1.945356845855713,24.091564178466797,5.052534103393555,2.806520758140543,2.7919563885340413,4.014095783233643,11.0028076171875,7.873271942138672,5.322113990783691,5.4726243019104
VoxCPM-0.5B|en,1,0.11850288,8.657265663146973,31.045785903930664,2.2825229167938232,2.8660757922931355,2.805051364828587,4.0364909172058105,10.71312141418457,7.079028129577637,4.991323947906494,5.283567905426025
VoxCPM-0.5B|en,1,0.097709395,7.843023777008057,22.925615310668945,5.864532470703125,2.768864635426463,2.883794120765331,4.257038116455078,10.754714012145996,8.415088653564453,5.532354354858398,5.376209735870361
VoxCPM-0.5B|en,1,0.068888254,7.4861321449279785,27.294034957885742,1.2246464490890503,2.897656063295927,2.8334022195347326,3.982661247253418,10.464953422546388,6.412622451782227,4.855024814605713,5.390866279602051
VoxCPM-0.5B|en,1,0.12815046,1.2517632246017456,26.923213958740234,2.621609687805176,2.7192236897337483,2.7553057955216107,4.644754409790039,10.668584823608398,7.648252964019775,5.281780242919922,5.4460625648498535
VoxCPM-0.5B|en,1,0.14231093,7.366143226623535,23.895246505737305,4.801231384277344,2.811262799916706,2.7590832162869288,4.464244365692139,10.80611515045166,7.4050679206848145,5.2076826095581055,5.422703266143799
VoxCPM-0.5B|en,1,0.12044944,13.038838386535645,24.7307071685791,3.419726610183716,2.813403785997036,2.8553147335038407,4.275743007659912,10.676928520202637,8.03424072265625,5.387369155883789,5.271137714385986
VoxCPM-0.5B|en,1,0.08055805,6.90324592590332,23.888656616210938,2.8330719470977783,2.68012001462165,2.701990151334959,3.65566635131836,10.646902084350586,6.9474873542785645,5.054731845855713,5.355888843536377
VoxCPM-0.5B|en,1,0.109887734,4.150540351867676,25.372467041015625,2.1590867042541504,2.8603453636718537,2.8223688139678966,3.9864346981048575,10.457414627075195,6.286633491516113,4.47480583190918,5.303924083709717
VoxCPM-0.5B|en,1,0.122093104,4.3771653175354,25.506187438964844,10.132185935974121,2.8187237940271306,2.744392207775628,4.485733509063721,10.780086517333984,7.048933029174805,4.363277435302734,5.345463275909424
VoxCPM-0.5B|en,1,0.11668623,-3.7951619625091553,29.218631744384766,7.02353572845459,2.898052155229723,2.8877739059484493,4.370209217071533,10.748294830322266,7.008107662200928,4.449972629547119,5.422497272491455
VoxCPM-0.5B|en,1,0.118146636,7.18311882019043,23.570648193359375,4.894442558288574,2.660715536408921,2.702893446927153,3.736118316650391,10.772223472595217,7.193943500518799,5.019803524017334,5.366178035736084
VoxCPM-1.5|en,1,0.027086359,10.041230201721191,24.583494186401367,4.036242485046387,2.862700839256265,2.873523209203007,4.206246376037598,10.8226957321167,8.303627967834473,5.476822376251221,5.205674171447754
VoxCPM-1.5|en,1,0.028410293,3.034140110015869,30.142656326293945,6.362705230712891,2.626899883768312,2.678715316045696,4.109496116638184,10.42731761932373,6.046997547149658,4.631178379058838,5.428952217102051
VoxCPM-1.5|en,1,0.048349667,7.584218978881836,24.872638702392578,0.16273216903209686,2.7398836692733006,2.826296394182516,4.246928215026856,10.445345878601074,7.654824733734131,5.671161651611328,5.4808430671691895
VoxCPM-1.5|en,1,0.030504843,0.6483069658279419,23.650474548339844,10.112855911254883,2.822316031148248,2.737103440464878,4.303762912750244,11.068387985229492,7.405453205108643,4.908910751342773,5.5035176277160645
VoxCPM-1.5|en,1,0.09132747,10.960569381713867,32.75544357299805,1.567286729812622,2.805715223998209,2.8851617928190474,4.523866653442383,10.737677574157717,6.411602973937988,4.504936695098877,5.084145545959473
VoxCPM-1.5|en,1,0.0421875,-0.6676197052001953,36.95173263549805,2.096682071685791,2.725448781629103,2.839584863367563,4.966674327850342,10.538965225219728,4.944705009460449,3.935860395431519,5.100063323974609
VoxCPM-1.5|en,1,0.08117522,9.448080062866211,29.97540283203125,4.333678245544434,2.8546942238039232,2.8617621257959764,4.040643692016602,10.691779136657717,6.679356575012207,4.532369136810303,5.252994060516357
VoxCPM-1.5|en,1,0.061148275,4.726004600524902,24.161428451538086,1.972152590751648,2.505199027219174,2.64774394663014,4.192733287811279,10.623225212097168,7.326552867889404,5.251947402954102,5.2667975425720215
VoxCPM-1.5|en,1,0.038661107,2.311969757080078,27.306657791137695,3.2142162322998047,2.719880844177517,2.7283214947876395,4.165297031402588,10.924346923828123,7.3116044998168945,5.398687362670898,5.425905704498291
VoxCPM-1.5|en,1,0.047962245,-0.5143487453460693,23.81184196472168,5.228385925292969,2.7763516440102705,2.749850777191156,4.019820690155029,10.486703872680664,6.816657066345215,4.720349311828613,5.445080757141113
VoxCPM-1.5|en,1,0.04145662,10.35477066040039,27.15509605407715,1.961395502090454,2.7808137553356187,2.7409860631196423,4.148600101470947,11.024592399597168,7.672086238861084,5.183796405792236,5.442934513092041
VoxCPM-1.5|en,1,0.03970916,-5.491567611694336,27.994094848632812,1.9422632455825806,2.852588142199281,2.822132909087294,4.2426371574401855,10.407334327697754,6.417645454406738,4.214839458465576,5.302647113800049
VoxCPM-1.5|en,1,0.06015129,7.198059558868408,21.06915283203125,7.567645072937012,2.78712466993428,2.8432762660336137,4.129904270172119,10.863701820373535,7.398005485534668,4.979239940643311,5.3424835205078125
VoxCPM-1.5|en,1,0.11009288,9.416109085083008,29.631881713867188,4.028193473815918,2.820731172353089,2.706946830833943,4.299502372741699,10.865939140319824,6.6782073974609375,4.836803436279297,5.227721691131592
Voxtream|en,1,0.053485043,0.29621613025665283,28.058862686157227,5.866569519042969,2.649458495117929,2.753276287795798,3.8830058574676514,10.342998504638672,6.435754776000977,4.685701847076416,5.365821838378906
Voxtream|en,1,0.030279113,6.739287376403809,30.07501220703125,4.548210144042969,2.8008069420574278,2.7115487558524265,3.8313968181610103,10.480708122253418,5.858044624328613,4.322261333465576,5.206238269805908
Voxtream|en,1,0.041959234,10.468547821044922,23.27597427368164,7.201813220977783,2.8065014851817383,2.624278920893094,4.158562183380127,10.92722511291504,7.114454746246338,4.741379261016846,5.166342735290527
Voxtream|en,1,0.040997937,7.732632637023926,23.392187118530273,4.596709251403809,2.8482363102761745,2.676701097119599,3.836623430252075,10.545995712280272,6.8222761154174805,4.954721927642822,5.281938552856445
Voxtream|en,1,0.029303312,9.437902450561523,25.53558921813965,5.730386257171631,2.8195004117796367,2.742477749582556,4.148405075073242,10.766298294067385,7.542186737060547,5.4440016746521,5.372862339019775
Voxtream|en,1,0.030776428,4.123538494110107,29.339923858642578,6.873302936553955,2.8984019065424613,2.80084026681288,4.289002895355225,10.815540313720703,6.604668617248535,4.467346668243408,5.187150001525879
Voxtream|en,1,0.051319364,2.9147305488586426,27.521717071533203,5.578866958618164,2.793938401058466,2.9060139292572305,4.215888023376465,10.87023639678955,6.550559520721436,4.262899875640869,5.263759613037109
Voxtream|en,1,0.05907367,7.750705718994141,23.882925033569336,4.693569183349609,2.8247069433097924,2.818291816607589,4.047606945037842,10.778121948242188,7.153604030609131,4.775592803955078,5.357367515563965
Voxtream|en,1,0.057507183,6.159208297729492,28.443899154663086,6.181533336639404,2.844923569158109,2.8971151261476336,4.103127956390381,10.674880027770996,6.56608772277832,4.551102161407471,5.3539252281188965
Voxtream|en,1,0.07239878,9.487247467041016,23.25462532043457,4.668680191040039,2.8846966793759825,2.780742827494869,3.8820858001708975,10.912294387817385,7.143383979797363,4.780261039733887,5.285861015319824
Voxtream|en,1,0.06033408,4.850830554962158,24.976030349731445,0.965562105178833,2.869120925372576,2.823394668469664,4.149260997772217,10.842793464660645,6.923321723937988,4.573700904846191,5.235876083374023
Voxtream|en,1,0.026687536,1.1039466857910156,25.172870635986328,5.208457946777344,2.8426406594183504,2.6756749108338846,4.3890910148620605,10.835209846496582,7.186021327972412,5.494541168212891,5.48603630065918
Voxtream|en,1,0.037018802,10.550286293029785,28.908674240112305,4.230535507202148,2.8940209029613686,2.787977481077462,4.456420421600342,11.232489585876465,6.518703937530518,4.542872428894043,5.241739273071289
Voxtream|en,1,0.024240196,2.5799930095672607,21.951618194580078,7.011220932006836,2.828328747422251,2.7946190693951007,3.571707248687744,10.805899620056152,6.867162704467773,4.634447574615479,5.256901741027832
Voxtream|en,1,0.045259368,3.9408936500549316,23.973161697387695,6.393173694610596,2.705699150355395,2.738824707696802,3.59246826171875,10.810051918029783,7.129627227783203,4.626935958862305,5.080914974212647
Voxtream|en,1,0.057253826,6.679205894470215,23.625247955322266,1.0260651111602783,2.699436351947816,2.687738412093535,3.832410335540772,10.634661674499512,6.749017715454102,4.953876495361328,5.328845500946045
Voxtream|en,1,0.07487184,3.0279314517974854,26.064176559448242,4.890735149383545,2.8260268596305766,2.815454339185324,4.16213846206665,10.904977798461914,7.205046653747559,4.369117736816406,5.278744220733643
Voxtream|en,1,0.032929454,8.325910568237305,25.369050979614258,4.868836402893066,2.84860758395745,2.822294043174117,4.321808338165283,11.026411056518556,6.38205099105835,4.177814483642578,5.026318073272705
WhisperSpeech|en,1,0.03752214,4.931727886199951,22.750022888183594,5.182605266571045,2.7758096845609117,2.871499741790688,3.730526447296143,10.500391960144045,6.876002311706543,5.154552459716797,5.377789974212647
WhisperSpeech|en,1,0.050108496,10.58934211730957,50.101409912109375,6.771432399749756,2.7613616066299445,2.762883107717657,5.098556995391846,9.828777313232422,4.614908695220947,4.253521919250488,5.253481388092041
WhisperSpeech|en,1,0.05856906,5.378373146057129,23.854490280151367,4.788974285125732,2.7163192244166003,2.835535703198443,3.904108762741089,10.7535400390625,6.342266082763672,4.48570728302002,5.254578590393066
WhisperSpeech|en,1,0.048848692,2.4926071166992188,24.987863540649414,7.746619701385498,2.87699273573954,2.815301991569285,3.884695053100586,10.853670120239258,6.315367698669434,4.031368255615234,5.240370750427246
WhisperSpeech|en,1,0.008217837,-1.6724568605422974,27.888065338134766,3.6502203941345215,2.7660508855901127,2.7774459705359336,4.020468711853027,10.798645973205566,6.740753173828125,4.678898811340332,5.403139114379883
WhisperSpeech|en,1,0.058559615,3.448023796081543,26.738500595092773,6.97257137298584,2.8356837474134555,2.688781448072688,3.69195294380188,10.400355339050291,6.060031414031982,4.508021354675293,5.259520053863525
WhisperSpeech|en,1,0.052451767,8.00784683227539,26.157230377197266,5.175926208496094,2.720295091372906,2.765971528343391,4.069581031799316,11.028806686401367,6.421794891357422,4.345473766326904,5.384234428405762
WhisperSpeech|en,1,0.021961855,2.042288064956665,25.292177200317383,2.7889389991760254,2.832435861877529,2.766459669854952,4.068671226501465,10.9364595413208,6.140978813171387,4.391595840454102,5.230983734130859
WhisperSpeech|en,1,0.040473606,6.919255256652832,22.73195457458496,6.929173946380615,2.827612683231541,2.707445701124464,3.848596572875977,10.880436897277832,6.84904670715332,4.770317077636719,5.357834815979004
WhisperSpeech|en,1,0.038382623,4.966190338134766,25.173004150390625,2.1541171073913574,2.6893691293310837,2.7129890581290663,4.021388053894043,10.684425354003906,6.48847246170044,4.589755535125732,5.2122802734375
WhisperSpeech|en,1,0.034386028,3.1100778579711914,24.14216423034668,2.8980183601379395,2.771528353255325,2.744076738337897,3.8429598808288574,10.823237419128418,6.568567752838135,4.719587326049805,5.240157604217529
WhisperSpeech|en,1,0.06029398,8.28700065612793,23.74073028564453,5.5728912353515625,2.906610955124591,2.7826587450162843,4.060927867889404,10.885814666748049,6.7705397605896,4.679242134094238,5.2323150634765625
WhisperSpeech|en,1,0.042040907,2.3521029949188232,25.87295913696289,6.099423408508301,2.796653073510759,2.7030256886103605,3.678433895111084,10.83742618560791,6.382097244262695,4.441707134246826,5.219103813171387
WhisperSpeech|en,1,0.04472559,7.467116355895996,29.226703643798828,3.7487165927886963,2.758610716281705,2.8400204367180444,3.78178596496582,11.05898666381836,6.299067974090576,4.688149929046631,5.235945701599121
WhisperSpeech|en,1,0.034880005,8.106426239013672,23.211896896362305,1.2309907674789429,2.786087776188777,2.7865151309285685,4.12234354019165,10.857751846313477,7.503551483154297,4.803272247314453,5.246978282928467
WhisperSpeech|en,1,0.036492087,6.629303932189941,24.26755142211914,3.969841480255127,2.821773729949796,2.763188957871766,4.05741024017334,10.868355751037598,6.785749912261963,4.663328647613525,5.261153697967529
WhisperSpeech|en,1,0.03853994,1.4119218587875366,27.675142288208008,6.360042095184326,2.728820554667479,2.79825787145966,4.197118759155273,10.858010292053224,6.1166582107543945,4.205449104309082,5.232435703277588
WhisperSpeech|en,1,0.033395506,6.789278030395508,23.105783462524414,4.482759475708008,2.6228804468145737,2.6121661006734453,4.158443927764893,11.14145565032959,7.095074653625488,4.917468070983887,5.219804286956787
WhisperSpeech|en,1,0.049794003,8.768526077270508,22.999221801757812,6.000932693481445,2.8219167470134368,2.65387290404146,3.926347017288208,10.980181694030762,6.943308830261231,4.795621871948242,5.275766849517822
WhisperSpeech|en,1,0.03370933,8.944243431091309,23.670536041259766,3.857710123062134,2.726031788884149,2.8351955208113,3.968442916870117,10.825539588928224,6.381419658660889,4.342698574066162,5.404262065887451
WhisperSpeech|en,1,0.037808545,11.888579368591309,23.707983016967773,1.434980869293213,2.871935362153253,2.8099635563775505,3.837448120117188,10.88891315460205,6.396801948547363,4.38451099395752,5.21580696105957
ZipVoice|en,1,0.048763867,7.135280132293701,31.072711944580078,1.5000518560409546,2.8575887613419324,2.71590538801327,3.8293402194976807,10.43093967437744,5.682717800140381,4.202283382415772,5.291495800018311
ZipVoice|en,1,0.06720064,10.215557098388672,25.471899032592773,4.518021583557129,2.9160787735576426,2.636426201185768,4.205445289611816,10.995373725891112,7.120884418487549,4.587788105010986,5.423956871032715
ZipVoice|en,1,0.03650854,10.84649658203125,26.737638473510742,8.89908218383789,2.823797924725313,2.885327213820847,4.492358207702637,10.969791412353516,6.550643444061279,3.9825432300567623,5.316527366638184
ZipVoice|en,1,0.08464369,5.966310501098633,27.395383834838867,1.9840009212493896,2.663491452399273,2.672204361302768,3.8613905906677246,10.306246757507324,6.022801399230957,4.555315971374512,5.451910972595215
ZipVoice|en,1,0.08398134,5.793083190917969,24.69251823425293,1.1490520238876343,2.769399197825825,2.759675937516349,4.329926013946533,10.626717567443848,7.128113746643066,4.921267986297607,5.532400131225586
ZipVoice|en,1,0.06923435,-2.40110445022583,29.361324310302734,3.0588719844818115,2.7903513213001387,2.797225315287766,4.691585540771484,10.735601425170898,6.038125514984131,3.7149651050567623,5.176913738250732
ZipVoice|en,1,0.05252271,1.8029465675354004,29.04561996459961,4.225690841674805,2.885033821620845,2.896233683088651,4.500674724578857,10.8411283493042,6.6717143058776855,4.258126258850098,5.303034782409668
ZipVoice|en,1,0.05012171,3.6772429943084717,29.503986358642578,5.290521144866943,2.8615796610540487,2.838968990774956,4.2779035568237305,10.682552337646484,6.323622226715088,3.839166641235352,5.28957986831665
ZipVoice|en,1,0.030904155,0.11396941542625427,32.85430145263672,3.2129626274108887,2.686993612594134,2.688077594746259,4.1835551261901855,10.316216468811035,5.489202976226807,3.6454286575317374,5.250479221343994
ZipVoice|en,1,0.075241506,7.279688835144043,25.37823486328125,2.2043325901031494,2.863451208136173,2.853899421655744,3.927625894546509,10.661151885986328,5.744921684265137,3.9893510341644287,5.350233554840088
ZipVoice|en,1,0.018716771,0.5241101980209351,65.09937286376953,1.870287299156189,2.6348705336516622,2.8082360369105963,6.48300838470459,9.12303352355957,2.65665340423584,2.5070297718048096,4.218742370605469
ZipVoice|en,1,0.05632574,7.446254730224609,25.344093322753906,6.479928016662598,2.8938513364090217,2.8095351029133284,4.4449238777160645,11.06190013885498,7.834170818328857,4.892353534698486,5.430646896362305
e2-tts|en,1,0.152966,4.388636589050293,72.86225891113281,7.0351667404174805,2.680720215675489,2.541924560643818,6.641596794128418,8.328069686889648,4.900208473205566,5.258352756500244,5.410457134246826
e2-tts|en,1,0.17349973,7.680377006530762,24.37894058227539,7.26071834564209,2.8355906807769524,2.850320819627512,4.071907043457031,10.563276290893556,6.826324462890625,4.892736434936523,5.333935260772705
e2-tts|en,1,0.14593364,8.632401466369629,22.436803817749023,0.9563124179840088,2.778176585616681,2.7638377753492382,4.155745506286621,10.695247650146484,7.751705646514893,5.3143415451049805,5.451030731201172
e2-tts|en,1,0.15274143,6.365974426269531,23.663402557373047,3.729968547821045,2.735857616421721,2.8262520022313526,4.083406448364258,10.789252281188965,7.427383899688721,5.178846836090088,5.449634552001953
e2-tts|en,1,0.10814578,9.333206176757812,25.026498794555664,3.9044456481933594,2.910825425469434,2.8372696893708667,3.696402311325073,10.649303436279297,6.940677165985107,5.2206130027771,5.503213882446289
e2-tts|en,1,0.15115096,6.383101940155029,25.15918731689453,4.011284828186035,2.815460985202563,2.8522591108252104,4.148687839508057,10.49849796295166,7.250717639923096,5.071329593658447,5.464077949523926
e2-tts|en,1,0.10920188,3.0160982608795166,23.84831428527832,5.406000137329102,2.7794160336820584,2.795839396327651,4.017342567443848,10.58942699432373,7.304190158843994,5.025973796844482,5.426865100860596
e2-tts|en,1,0.08291373,10.093084335327148,25.406478881835938,4.552554130554199,2.649797742925899,2.809027137010093,3.887588262557984,11.06591796875,7.315571784973144,4.987667083740234,5.2783966064453125
e2-tts|en,1,0.13581395,6.903138160705566,23.769344329833984,2.4903676509857178,2.7764711404488778,2.8077189606270805,4.040173530578613,10.894186973571776,7.118547439575195,4.972471714019775,5.519620418548584
e2-tts|en,1,0.20666176,1.7803800106048584,63.979373931884766,7.233023643493652,2.8377237763915617,2.773869418226396,6.294727802276611,9.194576263427734,6.185129642486572,4.75941276550293,5.361535549163818
e2-tts|en,1,0.14888316,6.123741149902344,26.60165786743164,3.092071294784546,2.7346195152055643,2.7657471359337182,4.49819803237915,10.6809720993042,7.049435138702393,4.933173656463623,5.269651889801025
e2-tts|en,1,0.07319733,9.651138305664062,22.51202392578125,3.2752294540405273,2.825857852190353,2.65008671508748,4.116715431213379,10.810654640197754,7.172120571136475,4.9475932121276855,5.4356207847595215
e2-tts|en,1,0.12156348,9.412686347961426,30.244245529174805,7.229071140289307,2.851393118091734,2.815729659035661,4.090757369995117,10.81620979309082,6.719503879547119,5.045798778533936,5.479684352874756
e2-tts|en,1,0.14074568,8.935501098632812,25.103824615478516,4.661809921264648,2.759394482846468,2.8970005371869694,3.4478132724761963,10.455129623413086,7.533968448638916,5.873915195465088,5.652680397033691
e2-tts|en,1,0.120741785,2.5546317100524902,26.649368286132812,2.7988228797912598,2.720440115440289,2.651923403608364,4.277160167694092,10.586573600769045,7.520055770874023,5.114852428436279,5.381299018859863
e2-tts|en,1,0.098248936,9.335367202758789,25.160552978515625,3.8772740364074707,2.7689039374063595,2.811654527201892,3.934539318084717,10.637580871582031,6.66592264175415,4.631156921386719,5.361011981964111
f5-tts|en,1,0.1796668,5.806933879852295,23.663084030151367,2.2782156467437744,2.836918825582881,2.886757531513584,4.333288192749023,10.876511573791504,7.822361469268799,5.545697212219238,5.575401306152344
f5-tts|en,1,0.12644483,5.149499893188477,28.18527603149414,4.434103965759277,2.859376406791874,2.7950407948686906,4.297270774841309,10.699174880981444,6.281996250152588,4.6866068840026855,5.431990623474121
f5-tts|en,1,0.14958483,4.726441383361816,24.591400146484375,2.808743476867676,2.865100113782149,2.7718314129827912,3.9631314277648926,10.380581855773926,7.213949680328369,5.306901454925537,5.45802116394043
f5-tts|en,1,0.115088806,5.958386421203613,25.652246475219727,2.795607566833496,2.775784397210753,2.7563089244639323,3.887685060501098,10.845760345458984,7.054469108581543,4.94755220413208,5.421109199523926
f5-tts|en,1,0.10954525,8.849677085876465,27.93453598022461,7.885979652404785,2.713104688269697,2.749384358601406,4.127907752990723,10.68489933013916,7.0107102394104,4.885744571685791,5.532042026519775
f5-tts|en,1,0.092018254,9.129804611206055,24.931020736694336,6.0237555503845215,2.8748717651490003,2.848734906366804,4.241494655609131,10.787752151489258,7.6872758865356445,5.457915306091309,5.583865165710449
f5-tts|en,1,0.11436782,6.959999084472656,23.5954647064209,1.7078125476837158,2.797620591051721,2.796545670622495,4.253538131713867,10.63967990875244,7.365823268890381,5.327298641204834,5.527360439300537
f5-tts|en,1,0.118908264,1.3713734149932861,23.380460739135742,5.077218055725098,2.766451937042101,2.7718719839790293,4.334021091461182,10.75882339477539,7.64873456954956,5.68228816986084,5.492341995239258
f5-tts|en,1,0.12473573,7.368221282958984,24.889158248901367,2.575594425201416,2.8471558596849014,2.861172706907628,4.187767505645752,10.617846488952637,7.44525146484375,5.144195556640625,5.407962799072266
f5-tts|en,1,0.11616298,2.4512453079223633,28.645944595336914,8.757124900817871,2.8777233508778384,2.7404186264756016,4.195657730102539,10.566885948181152,6.823198318481445,5.051435947418213,5.310378551483154
f5-tts|en,1,0.076543935,3.2595582008361816,26.663999557495117,8.48096752166748,2.6108326851924137,2.612738338819671,3.42200255393982,10.26569652557373,6.632834911346436,5.343989372253418,5.50028657913208
f5-tts|en,1,0.101996176,7.827640533447266,24.859811782836914,3.935641050338745,2.8188721763300424,2.8283923885522886,4.095086097717285,10.699213027954102,6.497211456298828,4.860241889953613,5.374423980712891
f5-tts|en,1,0.1011276,1.5406384468078613,22.805593490600586,3.136436700820923,2.901869103189654,2.7717564199840607,4.115891456604004,10.80034351348877,7.874409675598144,5.565977096557617,5.555426597595215
f5-tts|en,1,0.15788916,8.811800003051758,31.730276107788086,5.332204341888428,2.792033757250709,2.748041658568403,3.949362277984619,10.04828643798828,7.084539413452148,5.570842266082764,5.524096012115479
f5-tts|en,1,0.114476085,8.750560760498047,23.568260192871094,4.528446674346924,2.768445108012021,2.662251923563467,4.119231224060059,10.84261703491211,8.445805549621582,5.647091865539551,5.564537525177002
f5-tts|en,1,0.09913928,8.543810844421387,22.631484985351562,6.645872116088867,2.8439689015320293,2.8553008399163566,4.187930583953857,10.809529304504396,7.683183670043945,5.4256272315979,5.520930290222168
f5-tts|en,1,0.09420386,9.88258171081543,25.923274993896484,5.675276756286621,2.6706105652443197,2.710006389589138,3.785377025604248,10.502134323120115,7.213457107543945,5.390638828277588,5.52110767364502
facebook_mms-tts-eng|en,1,0.1238149,3.861846685409546,24.377527236938477,7.406466007232666,2.754882439295001,2.855672548572807,4.196868419647217,10.619296073913574,7.278897762298584,5.512704372406006,5.516715049743652
facebook_mms-tts-eng|en,1,0.093761936,5.33659553527832,27.61541175842285,7.533571720123291,2.6616710537799397,2.774012196860144,4.368876457214356,10.689020156860352,6.270959854125977,4.5226826667785645,5.488772869110107
facebook_mms-tts-eng|en,1,0.116439976,5.0542192459106445,23.099197387695312,8.737003326416016,2.722644885339074,2.8127941312261444,3.839585065841675,10.977764129638672,6.754925727844238,4.781030654907227,5.454198837280273
facebook_mms-tts-eng|en,1,0.11252405,4.461805820465088,23.682920455932617,6.5550856590271,2.768369431973194,2.8498984943433348,4.216057777404785,10.811806678771973,7.1877641677856445,5.379252433776856,5.5709333419799805
facebook_mms-tts-eng|en,1,0.12078267,5.206406593322754,28.177719116210938,2.9155397415161133,2.690471177022305,2.7059343440346475,4.175591468811035,10.656925201416016,6.991546630859375,5.01857328414917,5.397055625915527
facebook_mms-tts-eng|en,1,0.11982032,5.570124626159668,26.860652923583984,7.983466148376465,2.6887736408969927,2.77155471413855,3.844848871231079,10.51703643798828,7.531313419342041,5.93864631652832,5.485186100006104
facebook_mms-tts-eng|en,1,0.12859643,4.765962600708008,24.76534652709961,7.255060195922852,2.7750806790582225,2.781656147102993,4.359615802764893,10.717391967773438,7.516684055328369,6.007260799407959,5.507833957672119
facebook_mms-tts-eng|en,1,0.11732954,5.044075012207031,21.894079208374023,5.846905708312988,2.8317068840607167,2.686265301451796,3.949907779693604,10.893304824829102,7.856800079345703,5.810413360595703,5.547441482543945
facebook_mms-tts-eng|en,1,0.1319343,5.638817310333252,25.337703704833984,8.990715026855469,2.696280586580565,2.809405383843109,3.639261722564697,10.66181755065918,6.802253723144531,4.974676132202148,5.4662699699401855
facebook_mms-tts-eng|en,1,0.11744976,4.57731819152832,22.75434684753418,7.979474067687988,2.6914508726555115,2.586951775999231,4.318789958953857,11.02064323425293,8.352057456970215,5.945127010345459,5.492976188659668
facebook_mms-tts-eng|en,1,0.13251652,5.465548992156982,21.859661102294922,6.200897216796875,2.777463609013953,2.798942424169973,4.079907417297363,10.998906135559082,7.097538471221924,5.185283660888672,5.479848384857178
facebook_mms-tts-eng|en,1,0.14336301,5.7329912185668945,24.95895004272461,6.797914028167725,2.730123849848145,2.707870329390131,3.7501871585845943,10.76938533782959,6.848779201507568,5.199391841888428,5.348016738891602
facebook_mms-tts-eng|en,1,0.13526134,5.63493537902832,23.774574279785156,6.6995086669921875,2.8141269675115,2.722807469724449,4.102913856506348,10.960922241210938,7.0567827224731445,5.295971870422363,5.40325927734375
facebook_mms-tts-eng|en,1,0.14042251,4.554403305053711,23.465879440307617,7.190083980560303,2.7568195630058496,2.764463051786449,4.28859806060791,10.89128875732422,7.322685241699219,5.459168910980225,5.451896190643311
facebook_mms-tts-eng|en,1,0.14775677,6.776834487915039,24.33091926574707,9.818536758422852,2.753001972149064,2.7867506313748067,4.088685512542725,10.834209442138672,7.211313724517822,5.366981029510498,5.432905197143555
facebook_mms-tts-eng|en,1,0.120763294,5.318935394287109,22.356584548950195,8.628959655761719,2.700348893047668,2.6081145229997884,4.024641036987305,10.933053016662598,7.65962028503418,5.8152384757995605,5.492193698883057
facebook_mms-tts-eng|en,1,0.13016234,5.539402961730957,24.505821228027344,3.7335596084594727,2.7480385207389384,2.8121965742527646,3.9193944931030273,10.83326244354248,6.929201602935791,5.35858154296875,5.457369804382324
facebook_mms-tts-eng|en,1,0.12888266,6.268585205078125,21.30854034423828,10.101627349853516,2.7585833936348925,2.7765451117163997,4.175872802734375,11.023063659667969,7.506383895874023,5.528284549713135,5.520148754119873
griffin_lim|en,1,0.05475023,5.079259872436523,23.49192237854004,0.19663961231708527,2.900532798599344,2.7273970185406,4.192651271820068,10.973529815673828,7.225620746612549,5.406979084014893,5.43628454208374
griffin_lim|en,1,0.047855098,2.092773914337158,28.319374084472656,3.4029791355133057,2.8356962118516176,2.81586994282724,4.192490577697754,10.663721084594728,6.264424800872803,4.426836967468262,5.377640724182129
griffin_lim|en,1,0.056283094,7.058834552764893,24.442779541015625,2.1733644008636475,2.7909645019257407,2.847747151676022,4.191348075866699,11.081836700439451,7.176762104034424,4.910116672515869,5.342811107635498
griffin_lim|en,1,0.035065845,-2.9399797916412354,23.439992904663086,2.6178267002105713,2.824010894625553,2.829093728378082,4.1155924797058105,11.044443130493164,7.141880512237549,4.859198570251465,5.369959831237793
griffin_lim|en,1,0.04668491,-1.0276596546173096,25.653547286987305,5.311321258544922,2.7377279443469837,2.6583537456189106,3.894639492034912,10.761758804321287,8.03585433959961,5.677595615386963,5.38733434677124
griffin_lim|en,1,0.040288094,-3.626594066619873,25.963212966918945,4.495555877685547,2.820849535521133,2.721813379543346,4.366504192352295,10.796753883361816,5.967268943786621,4.14757776260376,5.405630588531494
griffin_lim|en,1,0.0678283,2.2642338275909424,23.231088638305664,6.8318586349487305,2.589642691624241,2.6240450607804577,3.9082183837890634,11.16148853302002,7.341352939605713,4.776919364929199,5.378880500793457
griffin_lim|en,1,0.056040023,-0.17063571512699127,23.299110412597656,3.0430054664611816,2.866914536412308,2.680699913634686,4.175632953643799,11.059100151062012,7.220097541809082,4.756684303283691,5.463645935058594
griffin_lim|en,1,0.077420205,1.3037421703338623,21.891172409057617,5.194680690765381,2.8312871974469456,2.9363561108314093,4.051211833953857,10.828461647033691,8.12085247039795,5.734456062316895,5.602642059326172
griffin_lim|en,1,0.04628038,-0.17648032307624817,24.207361221313477,4.010345458984375,2.836838098641084,2.8319656762988816,4.215431213378906,10.81299877166748,7.822607040405273,5.64111852645874,5.500663757324219
griffin_lim|en,1,0.041109044,-1.9653445482254028,26.424516677856445,3.6498701572418213,2.862593437549584,2.8030350629314693,4.194331645965576,10.873767852783203,6.659702301025391,4.458012104034424,5.07868766784668
griffin_lim|en,1,0.03882626,2.436112403869629,22.172117233276367,6.419958114624023,2.796403679531529,2.731301212227672,3.852489233016968,10.963754653930664,7.346315860748291,5.064058780670166,5.263542175292969
griffin_lim|en,1,0.05257269,-3.176356792449951,24.25326156616211,4.169952869415283,2.845322100828036,2.7427164217649693,3.717629432678223,10.71200942993164,5.963000297546387,4.364254951477051,5.358170509338379
griffin_lim|en,1,0.029325968,2.8651163578033447,33.55653381347656,6.274388313293457,2.6260570887895995,2.7914558253422843,3.2410216331481934,10.41840934753418,6.466315269470215,5.635432243347168,5.497964382171631
griffin_lim|en,1,0.03756045,0.5742427706718445,21.62881851196289,5.243265151977539,2.7204892319375533,2.769846625583492,3.8820998668670654,11.260719299316406,8.16781234741211,5.338150501251221,5.31440544128418
kokoro|en,1,0.045004405,8.190755844116211,22.66619300842285,10.59688663482666,2.751050898585564,2.802763322318151,4.3774919509887695,11.189289093017578,7.947844505310059,5.264080047607422,5.5271525382995605
kokoro|en,1,0.055032175,9.580160140991211,22.765071868896484,6.720367431640625,2.794249183710643,2.7602768024638817,3.6992342472076416,10.765603065490724,7.007474422454834,5.22244119644165,5.549526691436768
kokoro|en,1,0.041701354,3.2418971061706543,27.832691192626953,5.728218078613281,2.7401801657713447,2.7683354810748035,4.387086868286133,10.965696334838867,5.923492908477783,4.1448893547058105,5.386138916015625
kokoro|en,1,0.04547893,4.703784942626953,23.45113754272461,5.760265827178955,2.76584457032572,2.69511682396075,4.100896835327148,10.759726524353027,7.379524230957031,5.079814910888672,5.538303375244141
kokoro|en,1,0.079033725,8.012518882751465,26.132015228271484,7.8959479331970215,2.8171013105459544,2.8680782237479256,4.0404863357543945,10.804412841796877,6.047988414764404,4.405378818511963,5.319772720336914
kokoro|en,1,0.043313667,3.704582691192627,22.11830711364746,8.011667251586914,2.7864247451129787,2.714368418913507,4.256657600402832,10.98143482208252,7.097945690155029,5.024941444396973,5.402972221374512
kokoro|en,1,0.090259284,9.45039176940918,24.7357120513916,7.235768795013428,2.7953466949742527,2.898184314029808,4.531075954437256,10.760420799255373,7.031164169311523,4.950114727020264,5.360157489776611
kokoro|en,1,0.06232843,3.9014573097229004,24.1346492767334,9.308464050292969,2.793713421917712,2.810493410910905,4.372511863708496,10.574844360351562,7.720802307128906,5.040242671966553,5.41197681427002
kokoro|en,1,0.0625359,9.648859977722168,23.283681869506836,10.788541793823242,2.806495703703563,2.788831348705219,3.91435432434082,10.89724349975586,7.21855354309082,5.291554927825928,5.588680744171143
kokoro|en,1,0.048830975,3.9107604026794434,23.335086822509766,6.9019975662231445,2.776074169519648,2.881438338740908,3.9228286743164062,11.028343200683594,7.34065055847168,4.971203327178955,5.473954677581787
kokoro|en,1,0.08843517,7.519685745239258,22.662538528442383,11.435169219970703,2.7664469920274155,2.6657293176516363,3.862408638000488,10.589648246765137,6.640205383300781,4.640166282653809,5.457211971282959
kokoro|en,1,0.03906465,4.0281782150268555,38.920230865478516,2.515333414077759,2.8115698595056795,2.84539145510244,4.935527324676514,10.438618659973145,5.366274833679199,4.1206231117248535,5.054224491119385
kokoro|en,1,0.04630995,8.161567687988281,24.2440185546875,8.880720138549805,2.6921730752529505,2.71059646269069,3.850806474685669,10.741150856018066,6.709784984588623,4.808091640472412,5.450066566467285
kokoro|en,1,0.05892046,5.339452266693115,22.354612350463867,8.492216110229492,2.8156579194249827,2.7582381081780083,4.164890289306641,11.076550483703612,8.127816200256348,5.055572032928467,5.433245658874512
kokoro|en,1,0.052017234,6.103229522705078,23.58484649658203,6.633409023284912,2.8447532282055423,2.7603428387687305,4.394968986511231,10.992289543151855,8.101892471313477,5.584015846252441,5.581330299377441
kokoro|en,1,0.022881197,8.740297317504883,22.60633087158203,8.042865753173828,2.7081682770835545,2.808736106904022,3.8020498752594,10.68711280822754,7.270662784576416,5.288212299346924,5.412405967712402
kokoro|en,1,0.051197834,9.196561813354492,22.70912742614746,5.021945953369141,2.833206782567102,2.820418010936097,3.997736930847168,10.905302047729492,7.386192321777344,5.176190376281738,5.54470157623291
kokoro|en,1,0.0784605,5.691424369812012,28.817378997802734,6.845300674438477,2.8252875546268785,2.819415465326573,4.454655647277832,11.015097618103027,6.811485290527344,4.351276397705078,5.377853393554688
kokoro|en,1,0.06630695,4.536841869354248,22.261978149414062,9.82935619354248,2.7756660149675976,2.6998564723059024,4.136082172393799,10.71986198425293,7.851589679718018,4.954823970794678,5.367290496826172
microsoft_speecht5_tts|en,1,0.059443675,2.8295743465423584,24.724042892456055,5.446423530578613,2.858101809044864,2.749938742445981,4.077791213989258,10.915385246276855,7.346970081329346,4.620777606964111,5.210232734680176
microsoft_speecht5_tts|en,1,0.12568662,7.42730712890625,31.651901245117188,2.9647340774536133,2.7672679917854985,2.82535039009235,4.624751091003418,10.838815689086914,5.455849170684815,3.625719547271729,4.966419219970703
microsoft_speecht5_tts|en,1,0.08192291,8.468290328979492,23.88851547241211,7.581767559051514,2.7546679968186187,2.8220972227455605,4.23249101638794,10.87217617034912,7.003848552703857,4.469740867614746,5.089262962341309
microsoft_speecht5_tts|en,1,0.06580915,9.887557983398438,24.054885864257812,1.007794976234436,2.764155921971267,2.893206623602907,3.574012756347656,10.566540718078612,6.446171283721924,4.225335121154785,5.048555850982666
microsoft_speecht5_tts|en,1,0.05142628,6.753735542297363,31.906734466552734,3.770942211151123,2.7582372861470903,2.8407163413669205,4.198720455169678,10.61772632598877,5.904888153076172,4.0800461769104,5.038249492645264
microsoft_speecht5_tts|en,1,0.033621132,1.8564140796661377,24.137189865112305,3.3513059616088867,2.727752149417481,2.729302816950867,4.382987022399902,10.879024505615234,7.552330017089844,5.100681781768799,5.339317321777344
microsoft_speecht5_tts|en,1,0.049075123,5.834028720855713,35.69894790649414,5.354748725891113,2.73673259405353,2.799272302718519,4.819221496582031,10.828924179077148,4.979959964752197,3.399232864379883,4.767893314361572
microsoft_speecht5_tts|en,1,0.08314919,4.035722732543945,32.07484817504883,7.979606628417969,2.817582743442172,2.87275256309884,4.753562450408936,10.943086624145508,5.754613399505615,4.173608779907227,4.807147026062012
microsoft_speecht5_tts|en,1,0.06348358,3.8657097816467285,24.553470611572266,6.898682594299316,2.807549810350056,2.794851137609719,4.220352649688721,10.698156356811523,7.485604763031006,4.927468776702881,5.193405151367188
microsoft_speecht5_tts|en,1,0.07172732,2.756442070007324,23.775819778442383,6.124856948852539,2.7258617885431105,2.827351458798473,4.239428997039795,10.75935173034668,6.9160661697387695,4.541871070861816,5.188937187194824
microsoft_speecht5_tts|en,1,0.0021157202,9.98754596710205,133.00167846679688,2.7578370571136475,1.5668180869288886,1.4718654792142956,9.654224395751951,2.85003662109375,1.3262790441513062,5.092051029205322,3.483241319656372
microsoft_speecht5_tts|en,1,0.075752184,4.911565780639648,25.586923599243164,2.6147704124450684,2.859621912852412,2.7414398795930217,4.36269474029541,10.84477424621582,6.9782023429870605,4.817617893218994,5.166049957275391
minimax_speech-02-turbo|en,1,0.06853153,4.762083053588867,28.077312469482422,9.007831573486328,2.798773000390913,2.771145838496891,4.172633647918701,10.563604354858398,6.743765830993652,4.9797563552856445,5.446891784667969
minimax_speech-02-turbo|en,1,0.093947746,9.913827896118164,24.14073371887207,6.792223930358887,2.671087658154185,2.749709633227829,4.084679126739502,10.881484985351562,7.941811084747314,5.328227996826172,5.478456020355225
minimax_speech-02-turbo|en,1,0.052193657,10.196770668029785,39.33385467529297,5.540846824645996,2.79202879778647,2.815380373367391,4.815109729766846,10.398978233337402,5.3940510749816895,3.451258420944214,5.218470096588135
minimax_speech-02-turbo|en,1,0.018566923,9.239356994628906,28.20639991760254,7.332126140594482,2.7737009596426137,2.876361269977208,4.515717506408691,11.087891578674316,6.940578937530518,4.666088581085205,5.349164009094238
minimax_speech-02-turbo|en,1,0.03242794,7.845695495605469,23.592121124267578,11.353813171386719,2.725449052164401,2.6270439319215777,4.374513626098633,11.024792671203612,7.930466175079346,5.067172050476074,5.408270359039307
minimax_speech-02-turbo|en,1,0.0891671,10.78299331665039,24.643770217895508,3.034186363220215,2.73281095352772,2.77611473454031,3.617227554321289,10.708633422851562,7.42681884765625,5.320188999176025,5.446877956390381
minimax_speech-02-turbo|en,1,0.039495215,8.403837203979492,33.32788848876953,6.556923866271973,2.83696481269981,2.7046974616010617,4.243245124816895,10.806988716125488,7.277115345001221,4.889247417449951,5.375754356384277
minimax_speech-02-turbo|en,1,0.030866535,9.257742881774902,24.71057891845703,7.08929443359375,2.893275494788338,2.8317261889332803,4.270069122314453,10.914108276367188,7.283592224121094,5.170248508453369,5.402980327606201
minimax_speech-02-turbo|en,1,0.053539556,9.99567985534668,23.217065811157227,5.784078598022461,2.5342025502688,2.7572339851242904,3.58270263671875,10.81288242340088,7.703976154327393,5.370681285858154,5.606248378753662
minimax_speech-02-turbo|en,1,0.07456822,9.131016731262207,26.620895385742188,8.933392524719238,2.803303824318709,2.776129778683172,4.283861637115479,10.676019668579102,8.699189186096191,5.973782539367676,5.514614582061768
minimax_speech-02-turbo|en,1,0.04099218,9.866178512573242,24.94636344909668,11.624988555908203,2.7491818178599967,2.777690428914871,4.293990612030029,10.613924980163574,7.374081134796143,5.431886196136475,5.5341796875
minimax_speech-2.6-hd|en,1,0.13330993,8.268226623535156,23.61133575439453,5.5299224853515625,2.8326970658612,2.7231334593493157,3.824555158615112,10.848684310913086,7.488839626312256,4.881616592407227,5.360050201416016
minimax_speech-2.6-hd|en,1,0.09941699,8.267775535583496,27.612363815307617,4.051703453063965,2.6412430246934355,2.7852227506586145,4.2427191734313965,10.914106369018556,5.806275844573975,4.493021488189697,5.314996242523193
minimax_speech-2.6-hd|en,1,0.07351729,9.869943618774414,28.420284271240234,8.896479606628418,2.811558301027264,2.71181840180268,4.069564342498779,10.618241310119627,6.682523250579834,4.596164226531982,5.513868808746338
minimax_speech-2.6-hd|en,1,0.061230548,7.829626083374023,24.751697540283203,11.16487979888916,2.8277132954076007,2.791240323077958,4.175469398498535,10.888639450073242,6.968111515045166,4.9010009765625,5.50982141494751
minimax_speech-2.6-hd|en,1,0.0043071285,10.035001754760742,33.194671630859375,6.025972843170166,2.742236671938851,2.5792183184464035,4.083183288574219,10.923399925231934,5.045800685882568,4.092397212982178,4.631931781768799
minimax_speech-2.6-hd|en,1,0.09951803,4.987934589385986,25.018695831298828,10.393416404724121,2.81271826907267,2.8730314668442327,4.284695148468018,10.752391815185549,8.511481285095215,6.008860111236572,5.556698799133301
minimax_speech-2.6-hd|en,1,0.050135102,7.70630407333374,24.78779411315918,11.435447692871094,2.735102726513546,2.81690606338724,3.753829717636109,10.386144638061523,6.967668056488037,4.937039375305176,5.514923572540283
minimax_speech-2.6-hd|en,1,0.16663979,5.240172863006592,26.16299057006836,5.5830183029174805,2.7939908481034808,2.642826271811224,4.216697216033936,10.674260139465332,6.1042094230651855,4.0145134925842285,5.234535217285156
minimax_speech-2.6-hd|en,1,0.077006705,11.273580551147461,28.64134979248047,3.0896315574645996,2.837660465785808,2.8142488002618906,4.084219455718994,10.644607543945312,5.685378551483154,3.962615966796875,5.39470100402832
minimax_speech-2.6-hd|en,1,0.046555504,5.160414695739746,24.86228370666504,9.26153564453125,2.639537262105792,2.6752089930719123,3.630192041397095,10.606683731079102,6.90282678604126,4.992226123809815,5.48242712020874
minimax_speech-2.6-hd|en,1,0.045288187,8.322433471679688,25.918107986450195,7.565422058105469,2.570525286127724,2.6789338621323475,3.564786911010742,10.604048728942873,7.076170444488525,4.919978141784668,5.558233737945557
minimax_speech-2.6-hd|en,1,0.05878685,9.22456169128418,24.892471313476562,8.021879196166992,2.8495477978297448,2.853389466833616,3.838133811950684,10.625487327575684,6.472047328948975,5.0228271484375,5.530922889709473
optispeech|en,1,0.11836153,7.350320816040039,24.486412048339844,7.6067118644714355,2.794918382975469,2.658487479328829,4.382623195648193,11.04057502746582,8.087854385375977,5.409234046936035,5.492659568786621
optispeech|en,1,0.12078903,9.088420867919922,22.591716766357422,9.408700942993164,2.778888053548353,2.796687960318276,4.238155841827393,10.893104553222656,7.863116264343262,5.448808670043945,5.461219310760498
optispeech|en,1,0.11378544,1.7052967548370361,69.05043029785156,3.826068878173828,2.1956664231963794,2.460312411032277,6.874719619750977,9.503257751464844,3.093725204467773,3.391991376876831,4.759393692016602
optispeech|en,1,0.13671207,8.826908111572266,26.309322357177734,9.998997688293457,2.8070932122633434,2.708684710347284,4.483426094055176,10.736679077148438,7.673496723175049,5.704381465911865,5.5713210105896
optispeech|en,1,0.042755235,10.491727828979492,87.44384002685547,4.457163333892822,1.6071278437425385,1.876584131629392,7.617998600006103,7.970120429992676,2.094456434249878,3.1362791061401367,4.0303635597229
optispeech|en,1,0.124686256,6.764769554138184,25.40170669555664,9.317787170410156,2.769865989080293,2.738084396087208,4.372107028961182,10.715460777282717,7.728390216827393,5.715155601501465,5.50313138961792
optispeech|en,1,0.15827796,8.756330490112305,22.940044403076172,7.603822708129883,2.82507550055915,2.691220737452241,4.273717403411865,11.165822982788086,6.974907875061035,4.671156406402588,5.414369583129883
optispeech|en,1,0.14325234,8.98766803741455,23.991100311279297,6.636916160583496,2.842588839765507,2.8112282335067222,4.34877347946167,10.785064697265623,7.712710857391357,5.448654651641846,5.454760074615479
optispeech|en,1,0.13958013,7.09716272354126,24.835960388183594,2.855175018310547,2.6502166074622187,2.727684284322548,4.258244514465332,10.559256553649902,7.5166826248168945,5.554351806640625,5.50963306427002
optispeech|en,1,0.1369381,7.108114719390869,23.463001251220703,2.5981788635253906,2.8172151263797294,2.7488908422123965,4.115715503692627,10.771446228027344,7.63466739654541,5.502623558044434,5.494510173797607
optispeech|en,1,0.15866289,8.52454948425293,27.820409774780273,9.274782180786133,2.6936742779773404,2.6771772638624505,4.120525360107422,10.672079086303713,6.44798755645752,4.690767288208008,5.433927536010742
optispeech|en,1,0.13669579,7.715362071990967,21.78795051574707,10.177820205688477,2.760010751131522,2.8147858659548075,4.064303874969482,10.819031715393066,8.019155502319336,5.558634281158447,5.549201488494873
optispeech|en,1,0.14391172,8.695221900939941,23.263023376464844,7.891152381896973,2.7161843361863607,2.7906459435013145,4.53400182723999,11.129563331604004,8.160394668579102,5.583299160003662,5.574465274810791
optispeech|en,1,0.1335584,7.686584949493408,23.079423904418945,8.014785766601562,2.6499101232687075,2.594960483596209,4.199419021606445,10.779988288879396,7.632466316223144,5.375338077545166,5.418076992034912
orpheus-tts-0.1-finetune|en,1,0.10305378,9.068735122680664,26.669540405273438,7.841606140136719,2.7651718775954,2.7162658243461,4.157078266143799,10.675613403320312,6.209102630615234,4.1879072189331055,5.267025470733643
orpheus-tts-0.1-finetune|en,1,0.057141956,9.526642799377441,22.76863670349121,8.986215591430664,2.799213390451246,2.81039972147625,4.094658374786377,11.074156761169434,7.62627363204956,4.705546379089356,5.443862915039063
orpheus-tts-0.1-finetune|en,1,0.053828016,10.104323387145996,22.028934478759766,10.527277946472168,2.8035344340055777,2.745335120162976,3.800129175186157,10.837775230407717,7.356402397155762,5.02692985534668,5.531001567840576
orpheus-tts-0.1-finetune|en,1,0.09953403,8.464104652404785,22.713850021362305,9.127685546875,2.6950466018816237,2.8314585324810566,3.952735424041748,10.70573902130127,7.184027671813965,4.9449567794799805,5.514039039611816
orpheus-tts-0.1-finetune|en,1,0.13613488,6.409714698791504,24.74947166442871,8.926534652709961,2.845785100066241,2.764395223059742,3.758553504943848,10.932567596435549,6.188426017761231,4.462765216827393,5.428250789642334
orpheus-tts-0.1-finetune|en,1,0.12284922,6.837236404418945,24.107637405395508,9.635049819946289,2.876234476409289,2.776401691430669,4.022398471832275,11.120347023010254,7.715272426605225,5.062370777130127,5.489706516265869
orpheus-tts-0.1-finetune|en,1,0.058901217,10.753094673156738,28.39727783203125,6.508664131164551,2.8233211046262814,2.772792742456047,3.3629369735717773,10.647015571594238,6.273055553436279,4.70206356048584,5.347304821014404
orpheus-tts-0.1-finetune|en,1,0.10952618,9.663158416748047,27.807952880859375,9.55282974243164,2.855850979253502,2.609738607754797,4.013590335845947,10.895944595336914,6.395443439483643,4.114369869232178,5.341052055358887
orpheus-tts-0.1-finetune|en,1,0.08872112,9.609107971191406,21.622020721435547,9.00568675994873,2.781704077420057,2.8744088553348965,4.268764019012451,11.000904083251951,7.901194095611572,5.300511360168457,5.468962669372559
orpheus-tts-0.1-finetune|en,1,0.081289195,4.506759166717529,22.366321563720703,7.823779582977295,2.910470533277067,2.8088303894182407,4.189497470855713,10.873756408691406,7.203788757324219,4.553157329559326,5.373766899108887
orpheus-tts-0.1-finetune|en,1,0.08053191,5.837596893310547,31.427433013916016,9.534843444824219,2.765049292289216,2.800123256107208,4.522268772125244,11.083900451660156,5.212896347045898,3.6112585067749023,5.090060234069824
parler_tts_large_v1|en,1,0.1300929,5.79427433013916,23.181509017944336,7.22841739654541,2.8565792372438463,2.8007112228823496,4.117202281951904,10.85192584991455,8.244402885437012,5.5682053565979,5.525054931640625
parler_tts_large_v1|en,1,0.09116764,8.365398406982422,22.62958335876465,5.702877998352051,2.8379123630492704,2.789711853948666,3.942312240600586,11.224245071411133,8.120563507080078,5.617312908172607,5.552658081054688
parler_tts_large_v1|en,1,0.13427366,3.7621231079101562,26.812053680419922,8.061570167541504,2.7667444324606363,2.770359674598631,4.143219470977783,10.480565071105955,7.070181369781494,5.2120466232299805,5.497412204742432
parler_tts_large_v1|en,1,0.045126624,3.799147129058838,25.84882164001465,9.095953941345215,2.751841955775004,2.8488696392781674,3.902637720108032,11.012051582336426,7.75322675704956,5.931424617767334,5.529959201812744
parler_tts_large_v1|en,1,0.17140146,6.457920551300049,21.797365188598633,7.732707500457764,2.723142392183087,2.8757512663288693,3.6096911430358887,11.061206817626951,8.219361305236816,5.725600242614746,5.58718729019165
parler_tts_large_v1|en,1,0.16584443,2.607506513595581,25.56549644470215,3.070079803466797,2.7385768950939395,2.801069106674558,3.971922636032105,10.552620887756348,7.579469203948975,5.401852130889893,5.437830924987793
parler_tts_large_v1|en,1,0.13460551,10.058874130249023,31.827999114990234,4.635540962219238,2.7753990140213456,2.593127539695307,4.055631637573242,10.648125648498535,7.319878578186035,5.484620094299316,5.512279987335205
parler_tts_large_v1|en,1,0.039111394,4.717080116271973,23.000146865844727,7.140409469604492,2.811762656219183,2.792229731744134,3.78544807434082,11.178242683410645,7.631049156188965,5.02391242980957,5.458188056945801
parler_tts_large_v1|en,1,0.08224728,5.786780834197998,21.97495460510254,6.105799674987793,2.788349741227628,2.831330165747891,3.7740471363067623,11.131011962890623,7.4422607421875,5.077121257781982,5.418534278869629
parler_tts_large_v1|en,1,0.16801904,8.91305160522461,25.598773956298828,6.942289352416992,2.792756372786548,2.751642893703476,4.022542476654053,10.84777545928955,7.476933479309082,5.352766036987305,5.437017917633057
parler_tts_large_v1|en,1,0.11563107,8.230422019958496,20.807390213012695,6.057152271270752,2.752300900240928,2.713000394304504,3.670865774154663,10.937283515930176,7.866520881652832,5.300582408905029,5.473495960235596
parler_tts_large_v1|en,1,0.10290925,4.104557514190674,22.879390716552734,7.39224100112915,2.605444455568086,2.7932554728570183,4.0512776374816895,10.998939514160156,8.21011734008789,5.610951900482178,5.540403842926025
parler_tts_large_v1|en,1,0.062324367,7.268907070159912,27.050113677978516,6.382397651672363,2.835339903349668,2.8479389385902967,3.369965076446533,10.75496768951416,6.701147079467773,4.993151664733887,5.431767463684082
parler_tts_large_v1|en,1,0.11277353,5.544215202331543,29.20209503173828,8.883854866027832,2.718332769104859,2.7922579082666985,4.318434715270996,10.534711837768556,8.022497177124023,5.513099670410156,5.422468662261963
parler_tts_mini_v0.1|en,1,0.13497943,8.847074508666992,24.914865493774414,5.838918685913086,2.716250008321985,2.843736080671184,3.8022284507751465,10.807257652282717,6.8932085037231445,5.19406795501709,5.487595558166504
parler_tts_mini_v0.1|en,1,0.11015513,3.5854458808898926,21.94822120666504,8.790104866027832,2.790156951924675,2.7858636965393457,4.057214260101318,10.924566268920898,7.884153842926025,5.305360317230225,5.513665676116943
parler_tts_mini_v0.1|en,1,0.02011798,6.101200103759766,25.58422088623047,9.747684478759766,2.8383324847195643,2.6907968096683805,3.702836751937866,10.979384422302246,7.664831161499023,5.171121120452881,5.58771276473999
parler_tts_mini_v0.1|en,1,0.0828207,9.125550270080566,26.76934814453125,9.888877868652344,2.649077013688885,2.7238496717869984,4.044370651245117,10.86249828338623,7.901576042175293,5.932722568511963,5.640909671783447
parler_tts_mini_v0.1|en,1,0.11460759,6.478321552276611,24.41482162475586,5.681708812713623,2.8226827484852355,2.793686290433356,3.800727367401123,10.777965545654297,7.236068248748779,5.240589141845703,5.3914642333984375
parler_tts_mini_v0.1|en,1,0.16529498,10.474677085876465,28.92038345336914,10.813862800598145,2.818520753697287,2.664733165714097,3.639222860336304,11.070536613464355,7.002749919891357,5.179277420043945,5.441897869110107
parler_tts_mini_v0.1|en,1,0.025925446,3.1330952644348145,21.937726974487305,4.638333320617676,2.794690974850781,2.7671151972126027,3.7482950687408447,11.00051975250244,8.022236824035645,5.604148387908936,5.603328704833984
parler_tts_mini_v0.1|en,1,0.11139967,4.347293376922607,25.062009811401367,8.314594268798828,2.7990233733493177,2.739977751158649,4.133158206939697,11.20427417755127,7.760854244232178,5.043344974517822,5.400792598724365
parler_tts_mini_v0.1|en,1,0.06368353,8.000067710876465,57.89103698730469,1.4550672769546509,2.812928135947359,2.8483170371647044,5.994969367980957,9.870943069458008,4.789000511169434,4.331992149353027,4.675306797027588
parler_tts_mini_v0.1|en,1,0.107610375,3.7260799407958984,23.636524200439453,7.753425598144531,2.792080597012756,2.7522590585833204,3.795128107070923,11.006022453308104,7.708905220031738,5.239146709442139,5.408183574676514
parler_tts_mini_v0.1|en,1,0.10443759,5.036533355712891,23.933151245117188,11.244308471679688,2.627279564792404,2.7901910832551,4.082983016967773,10.963507652282717,7.748200416564941,5.018477916717529,5.388723850250244
parler_tts_mini_v0.1|en,1,0.15346873,6.919836044311523,25.868789672851562,9.77912712097168,2.821970429264192,2.8354704737194525,3.843485116958618,10.661322593688965,7.19504451751709,5.090837001800537,5.41686487197876
parler_tts_mini_v0.1|en,1,0.062803864,0.5156065225601196,24.200607299804688,7.917759418487549,2.6945322473018534,2.832699663823265,4.060869693756104,10.715421676635742,7.509432315826416,5.006621837615967,5.35482120513916
parler_tts_mini_v0.1|en,1,0.11658621,8.276443481445312,21.17340087890625,9.491713523864746,2.6938606391341526,2.6666130076793264,3.783878326416016,10.999382019042969,7.479536533355713,5.375208377838135,5.572022914886475
parler_tts_mini_v0.1|en,1,0.062349226,8.600006103515625,23.966577529907227,8.615561485290527,2.73149149855789,2.7313366312764944,4.030585765838623,10.960885047912598,7.239523410797119,5.104642391204834,5.400555610656738
parler_tts_mini_v0.1|en,1,0.10121881,4.147295951843262,24.529996871948242,8.965618133544922,2.5229780273217903,2.750210704128964,3.819976091384888,10.71776294708252,7.296772956848144,5.274737358093262,5.475790023803711
parler_tts_mini_v0.1|en,1,0.13573927,5.17596435546875,22.44914436340332,6.224442005157471,2.772692915342548,2.776938853034736,3.960330009460449,10.972305297851562,8.032622337341309,5.543521404266357,5.473330020904541
parler_tts_mini_v1|en,1,0.108257346,,,7.153923988342285,2.695078964709782,2.6723162565344336,3.7271881103515625,10.933484077453612,8.074230194091797,5.692335605621338,5.625310897827148
parler_tts_mini_v1|en,1,0.11323283,,,7.485015869140625,2.6907836059919896,2.788105577281056,3.4004530906677246,10.975025177001951,7.109704971313477,5.226398468017578,5.406824111938477
parler_tts_mini_v1|en,1,0.026226621,,,6.228403568267822,2.7465712753360823,2.5795381255251284,3.902780771255493,11.13577938079834,7.447392463684082,5.047054767608643,5.42478084564209
parler_tts_mini_v1|en,1,0.016673094,,,5.248330116271973,2.733169871891958,2.798386267566592,3.372713565826416,10.918599128723145,7.6550612449646,5.254714488983154,5.608913898468018
parler_tts_mini_v1|en,1,0.08186798,,,5.848992347717285,2.766026039679112,2.730900933954068,4.0898308753967285,10.784527778625488,8.069192886352539,5.189613342285156,5.408091068267822
parler_tts_mini_v1|en,1,0.10982054,,,7.468822479248047,2.7724275394762947,2.735156873371574,3.765611171722412,10.98008632659912,7.898421764373779,5.541813373565674,5.549861431121826
sesame_csm|en,1,0.12387606,4.141510486602783,33.2424201965332,7.6383209228515625,2.745165627671927,2.657409761745454,3.9434988498687744,10.43653678894043,5.373654365539551,4.517355918884277,5.308746814727783
sesame_csm|en,1,0.055314876,10.461977005004883,30.067474365234375,7.35200309753418,2.69012658985226,2.761493668113004,4.299838542938232,10.870190620422363,5.743962287902832,4.143204212188721,5.040386199951172
sesame_csm|en,1,0.048520662,1.6020374298095703,30.55695343017578,4.043423652648926,2.6232614415338595,2.757038160095238,3.920596837997437,10.341436386108398,5.874464511871338,4.130666255950928,5.318443775177002
sesame_csm|en,1,0.03767645,5.188713073730469,32.014259338378906,7.040163993835449,2.698038000133073,2.74359324484966,4.046821117401123,10.832144737243652,6.138850212097168,5.16549825668335,4.934271335601807
sesame_csm|en,1,0.015216216,6.41932487487793,23.995086669921875,9.577071189880371,2.851652716991959,2.8023296463062928,4.1132402420043945,10.77962589263916,7.006148815155029,4.796894073486328,5.110363006591797
sesame_csm|en,1,0.035363603,4.645175933837891,26.329381942749023,8.333877563476562,2.851958753523501,2.8335969781652177,3.8976664543151855,10.974382400512695,7.107223987579346,4.72402811050415,4.788105010986328
sesame_csm|en,1,0.07960442,4.544003486633301,25.40993881225586,6.318428039550781,2.669654709863993,2.7555720690759027,3.946409225463867,10.859954833984377,7.694423198699951,5.257558345794678,5.366085052490234
sesame_csm|en,1,0.056677166,7.88415002822876,22.622352600097656,4.349488258361816,2.7578967231981157,2.901353799589652,4.30595064163208,11.056891441345217,8.58031940460205,5.322636604309082,5.207369804382324
sesame_csm|en,1,0.03180786,4.886222839355469,29.241004943847656,3.5411336421966553,2.69886925327857,2.6590924232177,3.844122886657715,10.969852447509766,5.909317493438721,4.3783159255981445,4.525091171264648
sesame_csm|en,1,0.03128448,0.7644727826118469,91.82195281982422,7.21107292175293,2.836372747525644,2.7732581456035663,7.35391902923584,7.565028190612793,3.866951704025269,5.505299091339111,5.389128684997559
sesame_csm|en,1,0.03540758,4.034496307373047,58.26459503173828,1.9203054904937744,2.7591865566572924,2.8912393340509035,5.973542213439941,9.802577018737791,4.851649761199951,3.994565486907959,4.56271505355835
sesame_csm|en,1,0.05406175,2.712148666381836,19.947330474853516,4.115028381347656,2.6781879488668325,2.7287128620946324,4.24702787399292,11.10138702392578,8.059840202331543,4.871318817138672,5.405540943145752
sesame_csm|en,1,0.014336617,6.776182174682617,30.239673614501953,7.169816017150879,2.7669628483251354,2.746947935083285,3.2926011085510254,10.92314910888672,7.280858039855957,5.043896675109863,4.262169361114502
suno_bark|en,1,0.07541108,4.5504150390625,30.91696548461914,7.592774391174316,2.751939775317118,2.7820296943971856,4.533999919891357,10.472018241882324,6.507808208465576,4.330493927001953,5.29787540435791
suno_bark|en,1,0.011242801,8.462447166442871,40.13151931762695,4.637152194976807,2.7985748248545943,2.786362057295754,4.3438920974731445,10.212419509887695,5.046645641326904,4.02566385269165,5.060764312744141
suno_bark|en,1,0.04822415,4.848458766937256,47.53581237792969,5.801916122436523,2.649433085905182,2.8107997535500155,4.802826881408691,10.283273696899414,4.97048282623291,3.948606252670288,4.605932712554932
suno_bark|en,1,0.045793634,4.372163772583008,40.68635177612305,8.533575057983398,2.7519591910351973,2.733687657594647,4.884890079498291,10.22097873687744,5.565786838531494,3.857199192047119,5.170390129089356
suno_bark|en,1,0.098699816,6.4292402267456055,38.913185119628906,2.832775354385376,2.77896044612384,2.784115112615047,4.842187404632568,10.585728645324709,5.152708053588867,3.3702425956726074,5.088191986083984
suno_bark|en,1,0.100945435,5.881406784057617,25.686500549316406,8.458077430725098,2.813734249179331,2.709749734237932,4.139512062072754,10.836318969726562,6.161140441894531,4.662754535675049,5.30771017074585
suno_bark|en,1,0.034809865,9.975345611572266,33.48765182495117,7.645759105682373,2.7235061634419897,2.733156256723708,4.12969446182251,10.53515625,5.617835998535156,4.412285804748535,5.137226581573486
suno_bark|en,1,0.051185973,7.35807991027832,38.52936935424805,6.391554832458496,2.857593400481476,2.7484098369950924,4.659046173095703,10.907690048217772,6.550869464874268,4.4911723136901855,4.4589033126831055
suno_bark|en,1,0.023473376,5.119040489196777,23.80061149597168,10.652667045593262,2.878976502635745,2.874447725205059,3.8013899326324463,10.707237243652344,6.368419170379639,4.787623405456543,5.3891921043396
suno_bark|en,1,0.05161173,7.46475887298584,76.91276550292969,6.725481986999512,1.922305048198868,2.142962057216117,5.638126850128174,8.801654815673828,2.0434563159942627,3.687297105789185,4.289405822753906
suno_bark|en,1,0.050219383,6.330658435821533,37.38682174682617,8.9695463180542,2.68890953433068,2.83746651393926,5.006744384765625,10.522461891174316,5.820206165313721,3.76870322227478,5.127100467681885
suno_bark|en,1,0.1006979,6.8797993659973145,23.458538055419922,7.842251300811768,2.944694465076635,2.809502961049176,3.695125102996826,10.766021728515623,6.884734153747559,5.053044319152832,5.350564479827881
suno_bark|en,1,0.10846425,7.758647441864014,31.11683464050293,4.806356906890869,2.807302306010078,2.779700120413512,3.808393716812134,10.697554588317873,6.558035373687744,4.266435146331787,5.310937881469727
suno_bark|en,1,0.020008715,4.165589809417725,24.47919273376465,5.786907196044922,2.8242884241847754,2.7401083215525324,4.286766052246094,10.699522018432615,6.867048740386963,4.824612140655518,5.203248023986816
suno_bark-small|en,1,0.18746585,7.097841262817383,23.057456970214844,3.457688093185425,2.7467851718693472,2.685113887465576,4.170592784881592,10.931410789489746,8.3846435546875,5.319009304046631,5.437269687652588
suno_bark-small|en,1,0.026998013,8.879223823547363,25.1562557220459,5.3574323654174805,2.8235069417206327,2.7777114397746137,3.713582992553711,10.771947860717772,6.040842533111572,4.737173557281494,5.316267490386963
suno_bark-small|en,1,0.054576352,1.206080675125122,61.95724105834961,6.163148880004883,2.854240717218661,2.882525691987503,5.829412460327148,9.75905704498291,5.104379177093506,3.7473647594451904,4.6461052894592285
suno_bark-small|en,1,0.018931134,3.5369882583618164,26.59947967529297,8.056177139282227,2.8269334999373084,2.788128240334356,3.628035068511963,10.372175216674805,6.1031999588012695,4.791781902313232,5.241269588470459
suno_bark-small|en,1,0.030186841,2.9004502296447754,83.74710083007812,1.689085841178894,2.126962796203632,2.6146709538830484,6.45311450958252,8.270939826965332,2.079598903656006,3.471163272857666,3.3968276977539062
suno_bark-small|en,1,0.05057533,3.8246073722839355,27.503414154052734,8.067386627197266,2.837222659795213,2.8440226130557638,3.991062879562378,10.743398666381836,6.606523036956787,4.207474708557129,5.30298376083374
suno_bark-small|en,1,0.02763753,6.898092269897461,30.83580207824707,7.517722129821777,2.662893604431427,2.822063281268681,4.129672527313232,10.941710472106934,5.346065044403076,4.160720348358154,5.191172122955322
suno_bark-small|en,1,0.02888915,4.765482425689697,39.23979187011719,4.412933826446533,2.8465776565239307,2.782028305314461,4.737350463867188,10.445855140686035,4.4086737632751465,3.787368059158325,5.08828592300415
suno_bark-small|en,1,0.01029017,8.595113754272461,95.83393096923828,5.025611400604248,2.1904015731909983,2.3923653499259228,7.014288425445557,7.822076797485352,2.847147226333618,4.426560878753662,3.843974113464356
suno_bark-small|en,1,0.052794177,5.979048252105713,23.04608917236328,4.096299648284912,2.747594514144323,2.817952831801619,3.828310966491699,10.70839023590088,7.468397617340088,5.13640832901001,5.261643886566162
suno_bark-small|en,1,0.114849545,4.582116603851318,30.824119567871094,7.151978492736816,2.7991512484983243,2.720199542894585,3.90001368522644,10.838988304138184,5.656437397003174,4.084153652191162,5.185781002044678
suno_bark-small|en,1,0.055406004,5.301212310791016,24.046531677246094,6.466213703155518,2.774904721338861,2.783159741862176,3.8704681396484375,11.168840408325195,7.572032928466797,4.587039470672607,5.237301826477051
suno_bark-small|en,1,0.025046913,8.673304557800293,29.773454666137695,9.206758499145508,2.9164729236465394,2.763568651625475,4.085909843444824,10.846261024475098,6.113577365875244,4.362251281738281,5.070857048034668
suno_bark-small|en,1,0.06697578,6.247278690338135,32.641685485839844,3.2293179035186768,2.859424145948608,2.817389916603218,3.8984198570251465,11.07358169555664,6.446852684020996,4.587051868438721,4.9705424308776855
vixTTS|en,1,0.07585732,6.307153701782227,21.548067092895508,6.207762718200684,2.8293712811563902,2.749752681031402,3.652972459793091,10.97878360748291,7.077444553375244,4.773810863494873,5.1957783699035645
vixTTS|en,1,0.0634804,7.344662189483643,24.025026321411133,6.7324042320251465,2.756588662592364,2.883964391692309,4.006399154663086,10.884264945983888,8.095073699951172,5.823058128356934,5.4260125160217285
vixTTS|en,1,0.051098,3.3532323837280273,26.25206184387207,5.113190174102783,2.651925875291704,2.762572688270983,3.73388934135437,10.946809768676758,6.925529003143311,4.724167346954346,5.373854160308838
vixTTS|en,1,0.026631624,8.996513366699219,32.83351135253906,5.09871768951416,2.7788205014510345,2.8077061081789934,3.8013219833374015,11.094287872314451,6.102354526519775,4.592585563659668,5.286142826080322
vixTTS|en,1,0.03243994,9.507149696350098,31.979387283325195,5.287442207336426,2.745314685784702,2.6048788841692696,3.7281243801116943,10.625672340393066,6.018329620361328,4.722559928894043,5.358687400817871
vixTTS|en,1,0.05376545,11.22940444946289,23.472684860229492,7.143328666687012,2.730222775387413,2.816100214420484,3.9220569133758554,10.971124649047852,7.197394371032715,5.164109706878662,5.486491680145264
vixTTS|en,1,0.037944566,8.085329055786133,22.653289794921875,5.563373565673828,2.826390794264553,2.731857811515307,3.764248847961426,11.032148361206056,8.039108276367188,5.616257190704346,5.502583026885986
vixTTS|en,1,0.01947556,7.754703044891357,25.3364200592041,7.214401721954346,2.760878300595901,2.7145845821828685,3.452235221862793,11.212312698364258,7.451765537261963,5.005936622619629,5.339720726013184
vixTTS|en,1,0.04914628,7.9016008377075195,22.53801727294922,6.99803352355957,2.7950746875308488,2.710535973465831,3.852060556411743,11.236321449279783,7.642337322235107,5.017111301422119,5.322378635406494
vixTTS|en,1,0.0461926,9.961414337158203,25.303409576416016,10.897649765014648,2.733297830276736,2.7391118531709724,3.754422903060913,11.175045013427734,7.426634311676025,4.937337398529053,5.218889236450195
vixTTS|en,1,0.03119476,5.111754417419434,25.864826202392578,4.797891616821289,2.80960789109801,2.7208200789364136,3.359328269958496,10.889364242553713,6.367331027984619,5.14055061340332,5.405470371246338
vixTTS|en,1,0.043730836,6.498331069946289,33.01287841796875,7.876816272735596,2.738948747830668,2.831401959758425,4.002385139465332,10.675833702087402,5.417341709136963,4.725702285766602,5.3150634765625
vixTTS|en,1,0.082364365,9.316316604614258,19.63833236694336,3.7742533683776855,2.7162724120892947,2.726996409887875,3.7000811100006095,11.050077438354492,7.619899272918701,5.188727378845215,5.231600284576416
vixTTS|en,1,0.053937107,6.398959636688232,22.080265045166016,2.9986870288848877,2.894790949247528,2.823918904900982,3.897024393081665,10.865774154663086,7.362430095672607,5.089483261108398,5.278574466705322
vixTTS|en,1,0.031465914,8.732757568359375,26.358781814575195,7.320960998535156,2.792413626958532,2.698390308580503,3.620306015014648,10.920974731445312,6.524262428283691,4.98769998550415,5.380846977233887
vixTTS|en,1,0.04424879,7.515239715576172,24.096311569213867,6.2164225578308105,2.819934157759834,2.674513899966194,3.911344051361084,10.991883277893066,7.944902420043945,5.544929504394531,5.4803242683410645
bona,0,0.04332997,7.029016494750977,26.62347412109375,0.8882192969322205,2.728931137589291,2.678376535541221,3.7293102741241455,10.164555549621582,6.315483093261719,5.331634521484375,5.430235862731934
bona,0,0.030175885,7.457334995269775,33.23521423339844,5.226389408111572,2.707285150671816,2.8260674497121654,4.154701232910156,10.60206127166748,5.990946292877197,4.657228946685791,5.110198974609375
bona,0,0.035647985,1.6123073101043701,39.976436614990234,1.9239654541015625,2.7488717056695324,2.7390753460532804,4.530792236328125,10.318451881408691,5.096983909606934,3.712750434875488,5.085282325744629
bona,0,0.059322722,6.754464149475098,23.100879669189453,3.5561928749084473,2.768320029382682,2.7307595575803902,4.032242774963379,10.76308536529541,6.482375621795654,4.709374904632568,5.289684295654297
bona,0,0.05730074,-1.7751826047897339,41.37757110595703,2.143024206161499,2.5560726060466217,2.714078328831019,4.337586402893066,9.71066665649414,4.442800998687744,3.739987373352051,5.325818061828613
bona,0,0.032694474,9.003341674804688,27.694988250732422,3.6942970752716064,2.83537386135041,2.675547704833705,3.776032447814941,10.575915336608888,5.849350929260254,4.758500576019287,5.197126865386963
bona,0,0.04632752,6.315333366394043,24.77264404296875,1.9320827722549438,2.835325448348884,2.7117926241631696,3.826122760772705,10.600945472717283,6.288206577301025,5.153301239013672,5.33015775680542
bona,0,0.042023666,8.506839752197266,23.081279754638672,5.0549540519714355,2.817214954297045,2.5839734187095846,4.067450046539307,11.03370475769043,7.683657169342041,5.243862628936768,5.429860591888428
bona,0,0.035850294,6.277769088745117,24.100683212280273,2.740736484527588,2.831222694061089,2.7530567023549657,4.001162528991699,10.624433517456056,6.435025691986084,4.999691486358643,5.341814041137695
bona,0,0.053855382,6.580713272094727,24.973155975341797,1.79927396774292,2.776817699570464,2.8213656862838303,4.429779052734375,10.709409713745115,7.08758544921875,4.882442951202393,5.255683898925781
bona,0,0.035400394,6.201789855957031,21.28377914428711,2.22406005859375,2.779949163130224,2.7480244287593183,3.794256210327149,10.637110710144045,6.741507530212402,4.900804996490479,5.2689714431762695
bona,0,0.035793554,6.284714221954346,22.96842384338379,1.699001431465149,2.903191514171678,2.8081656830045745,4.089402198791504,10.902475357055664,6.80573844909668,4.858241558074951,5.33971118927002
bona,0,0.044987038,4.712733745574951,22.675155639648438,1.5854072570800781,2.805568121812371,2.7090877962149937,4.331310749053955,10.934032440185549,7.532135963439941,5.135776042938232,5.344669342041016
bona,0,0.06161534,0.9510833621025085,54.44646072387695,4.1680731773376465,2.739095981494357,2.5546959141633083,5.913084983825684,9.40390396118164,4.230589389801025,3.52124547958374,5.317715644836426
bona,0,0.03915443,4.822190284729004,28.502126693725586,-0.6122078895568848,2.665139020978134,2.728094656910638,4.121922969818115,10.35986042022705,6.135524272918701,4.9853835105896,5.447467803955078
bona,0,0.05123786,1.8082119226455688,30.16705894470215,3.2583131790161133,2.8351210949426213,2.766974704109736,4.602268218994141,10.631081581115724,6.00955057144165,4.173427104949951,5.349505424499512
bona,0,0.033972297,-3.309366226196289,40.086509704589844,4.6023759841918945,2.6317096218686515,2.7178046817427264,4.747560977935791,9.876462936401367,5.089080333709717,3.694029092788696,5.354857444763184
bona,0,0.04085744,6.957821846008301,22.550418853759766,2.9485418796539307,2.7529186460521555,2.783116146886229,3.664727926254273,10.615562438964844,6.602686882019043,5.041197776794434,5.3523850440979
bona,0,0.042222593,7.224732398986816,26.268280029296875,3.7056193351745605,2.810265185666851,2.6586026460941112,3.637825965881348,10.550761222839355,5.760168552398682,4.520808219909668,5.169835090637207
bona,0,0.04193729,7.609086990356445,24.00400161743164,-0.8036870956420898,2.8026994131622205,2.7653442989596573,4.122215270996094,10.887957572937012,6.651716709136963,4.8664960861206055,5.371629238128662
bona,0,0.03466079,-3.3449695110321045,56.30758285522461,1.9820846319198608,2.650699719728498,2.770089433051226,5.872344493865967,9.426263809204102,4.2565999031066895,3.8398165702819824,5.255468845367432
bona,0,0.039366085,6.666691780090332,25.716754913330078,2.3407185077667236,2.8201543340311077,2.775215989230885,4.572483539581299,10.652892112731934,7.236185550689697,5.11679744720459,5.427690505981445
bona,0,0.046913244,7.83873176574707,25.31525421142578,2.170255184173584,2.7311060134036635,2.6888561274718263,4.432379245758057,10.473495483398438,6.877699375152588,5.158324241638184,5.438247680664063
bona,0,0.04965129,1.1406490802764893,33.61919403076172,8.18067741394043,2.847240603094186,2.7423388209863533,4.572116851806641,10.4404878616333,5.662310600280762,4.037236213684082,5.257369995117188
bona,0,0.048212323,5.933096408843994,25.72742462158203,0.6579508781433105,2.8843546383345715,2.689729256251073,4.306333541870117,10.63155746459961,6.279839515686035,4.962461948394775,5.369147777557373
bona,0,0.06994413,7.3398590087890625,25.449491500854492,2.414214611053467,2.8194384445031213,2.755419610085651,4.506211757659912,11.175063133239746,7.290360927581787,4.84007740020752,5.381826400756836
bona,0,0.045885887,8.348302841186523,21.976926803588867,1.617246150970459,2.8243947759989805,2.800642501184865,4.217221736907959,10.875358581542969,7.3696980476379395,5.333634853363037,5.465755462646484
bona,0,0.053763807,3.589634895324707,26.464250564575195,2.4413340091705322,2.754950383788254,2.6676721024992154,4.366970539093018,10.649858474731444,6.696898460388184,4.923893451690674,5.333705425262451
bona,0,0.08493165,3.840820074081421,25.7518253326416,4.410409450531006,2.760643000840143,2.7279528247622524,4.2025465965271,10.84828758239746,6.888877868652344,4.449368953704834,5.376100063323975
bona,0,0.06527648,7.1717000007629395,25.43332290649414,3.046304225921631,2.805390932912261,2.7653984757524968,4.150411605834961,10.80939483642578,6.345782279968262,4.578640460968018,5.434945106506348
bona,0,0.07386656,6.020615577697754,23.063661575317383,1.1412118673324585,2.6777817639704447,2.7788811496383734,4.161052227020264,10.92361831665039,7.075592994689941,4.958735466003418,5.423642635345459
bona,0,0.07197194,7.2194366455078125,23.576074600219727,2.116905450820923,2.866908145262274,2.8713621931290803,4.421599388122559,10.87770175933838,7.414432048797607,5.166691303253174,5.4984517097473145
bona,0,0.074965574,6.516185760498047,22.678945541381836,4.968807220458984,2.7469479295991817,2.7929529590067,4.465202331542969,11.029075622558594,7.333596706390381,5.031731128692627,5.397646427154541
bona,0,0.04870274,-3.303715705871582,51.638240814208984,2.0095314979553223,2.624626693035976,2.6538032976305224,5.275912284851074,9.709211349487305,4.243339538574219,3.5037379264831543,5.252048492431641
bona,0,0.04014283,5.6433515548706055,24.126800537109375,3.5887701511383057,2.844105108488346,2.880967007486845,4.021146297454834,10.700207710266112,7.1458024978637695,5.397653102874756,5.4869561195373535
bona,0,0.04408488,7.3281049728393555,28.58346939086914,5.710860729217529,2.848929324664672,2.7997143817621404,4.086151599884033,10.80012035369873,6.326753616333008,5.099614143371582,5.3521928787231445
bona,0,0.05493834,6.085622787475586,23.62288475036621,-0.3847936987876892,2.875949885878631,2.8365308933795133,4.340267181396484,10.948874473571776,7.168290615081787,4.914128303527832,5.408088207244873
bona,0,0.060684368,5.229535102844238,25.304492950439453,3.4744625091552734,2.749119706556601,2.832211272031182,3.76068925857544,10.611772537231444,6.139090538024902,4.640161514282227,5.405763626098633
bona,0,0.059026726,6.857646942138672,25.126066207885742,3.3080883026123047,2.73770116205215,2.7245675296057867,4.578447341918945,10.663667678833008,7.252650737762451,5.017911911010742,5.367168426513672
bona,0,0.03937299,6.452421188354492,23.62116241455078,0.10319004207849503,2.6569511620645714,2.666094506115563,4.192638397216797,10.480571746826172,7.25579833984375,5.519084930419922,5.437789916992188
bona,0,0.05200898,8.360799789428711,23.059194564819336,2.726532459259033,2.798568363642551,2.7335045122639525,4.151249885559082,10.683836936950684,6.735262870788574,5.07394552230835,5.344905853271484
bona,0,0.04418051,7.084946632385254,27.462921142578125,0.8671947717666626,2.828012568437953,2.672918020909776,3.6314871311187744,10.433717727661133,5.910017013549805,4.792851448059082,5.372633457183838
bona,0,0.044607453,8.384167671203613,24.880373001098633,2.883650779724121,2.883603108285792,2.7963957891323807,4.017946720123291,10.208307266235352,6.383741855621338,5.1047892570495605,5.353960037231445
bona,0,0.039532643,5.682175636291504,25.45018196105957,4.056371212005615,2.7392115543599176,2.7246890930785965,4.42086124420166,10.6190824508667,6.187387943267822,4.371764183044434,5.349027156829834
bona,0,0.04791407,2.926225185394287,29.60202407836914,4.277512073516846,2.878806162983906,2.901126294246821,4.30315637588501,10.614399909973145,6.255492210388184,4.30179500579834,5.350109100341797
bona,0,0.0400341,-3.579298734664917,44.8081169128418,2.53273868560791,2.689669438198061,2.594370815679106,4.600062847137451,9.582793235778809,3.671707153320313,3.5319271087646484,5.202857494354248
bona,0,0.04476011,6.476899147033691,25.485689163208008,0.6781868934631348,2.7559210419464324,2.644378727783544,4.101388931274414,10.67353630065918,6.6671342849731445,4.951818943023682,5.256682872772217
bona,0,0.028685696,6.708995819091797,23.42209815979004,3.9334754943847656,2.8700815490834453,2.665433343218527,4.067039489746094,10.857258796691896,6.608880043029785,4.999311447143555,5.356966972351074
bona,0,0.047777265,6.379162788391113,25.21367645263672,1.4108389616012573,2.741179823842609,2.7099022620294804,4.056518077850342,10.787672996520996,6.532587051391602,4.720769882202148,5.230038642883301
bona,0,0.03781875,4.169873237609863,27.243816375732422,1.6528929471969604,2.849338702869461,2.858153372120142,4.328053951263428,10.708548545837402,6.175973415374756,4.298289299011231,5.398475170135498
bona,0,0.040734425,2.4884681701660156,30.17936134338379,3.451521396636963,2.728701274296102,2.8244687749479254,4.562979221343994,10.744911193847656,5.767832279205322,3.996011734008789,5.328547477722168
bona,0,0.041662,8.701309204101562,25.52984619140625,2.4098782539367676,2.798356252383857,2.794148173219203,4.253757953643799,10.622111320495604,7.0365986824035645,5.193992137908936,5.403815269470215
bona,0,0.03643987,7.595302104949951,24.850095748901367,2.8960540294647217,2.836003589209045,2.7609511358318444,4.257253170013428,11.000316619873049,6.462922096252441,4.607708930969238,5.279319286346436
bona,0,0.063157015,7.040182590484619,28.123502731323242,2.154691696166992,2.818463191146279,2.8494905045144465,4.117525577545166,10.80776023864746,5.75365161895752,4.253722190856934,5.141535758972168
bona,0,0.04670409,-2.601182699203491,41.373966217041016,5.458121299743652,2.6961762683934887,2.5930109077674555,4.545368671417236,9.568093299865724,4.020602226257324,3.3734171390533447,5.201834201812744
bona,0,0.052820403,6.417532444000244,23.39939308166504,2.2793314456939697,2.836821392445837,2.7928922475779534,4.174776077270508,10.696348190307615,7.1810832023620605,5.085161685943604,5.481507301330566
bona,0,0.033218615,6.1372971534729,23.332138061523438,-1.6535075902938843,2.792199951406254,2.6909896927686807,4.030959129333496,10.74612045288086,6.505124092102051,4.800169467926025,5.285154342651367
bona,0,0.05006982,5.97279167175293,26.44622230529785,3.456653594970703,2.840235871439119,2.731516449769038,3.966704607009888,10.58873462677002,6.207315921783447,4.809651374816895,5.273285865783691
bona,0,0.076451525,5.3025054931640625,25.864898681640625,4.142892360687256,2.7901452695155275,2.782321774888619,4.480473518371582,10.913413047790527,6.084771633148193,4.394385814666748,5.179930210113525
bona,0,0.050965104,-3.0368800163269043,54.03734588623047,0.2792174220085144,2.6030189372936774,2.549367967379921,5.713441371917725,9.11525821685791,3.6406731605529785,3.479835271835327,5.267014980316162
bona,0,0.06283529,8.331151962280273,24.495983123779297,3.2041029930114746,2.7990700297191577,2.832731804383721,4.057222366333008,10.652547836303713,6.766270160675049,5.009685516357422,5.42177152633667
bona,0,0.06688021,6.549315929412842,23.470766067504883,1.0464427471160889,2.6510251923561903,2.7023778319412357,3.872325420379639,10.686558723449709,6.335189342498779,5.017131805419922,5.270083904266357
bona,0,0.061952014,7.314345359802246,24.395193099975586,3.6603586673736572,2.6578584079329253,2.5687122897118773,4.008059024810791,10.681797981262209,6.350378036499023,4.865147590637207,5.254651069641113
bona,0,0.054647885,6.807198524475098,26.963449478149414,0.766555905342102,2.799313502442968,2.7223415562129625,4.286195755004883,10.572763442993164,6.52971887588501,4.913496494293213,5.269371509552002
bona,0,0.048340067,6.948509216308594,25.3394832611084,1.5766456127166748,2.8616594885551634,2.815781325484392,4.215193748474121,10.894140243530272,6.297379016876221,4.524937152862549,5.355768203735352
bona,0,0.05272915,5.031587600708008,25.55240821838379,2.281255006790161,2.675297749440636,2.727968874887721,4.0827484130859375,10.458730697631836,7.139113903045654,5.28788948059082,5.4146270751953125
bona,0,0.06506222,7.098232269287109,24.619104385375977,3.6903955936431885,2.659103448844993,2.734756167436337,4.01193904876709,10.641528129577637,6.877727508544922,5.190058708190918,5.375982284545898
bona,0,0.06431648,6.809485912322998,25.649330139160156,3.8309640884399414,2.777952628300252,2.7070094752818203,4.176523208618164,10.850391387939451,5.990808963775635,4.0913591384887695,5.128323078155518
bona,0,0.065958045,8.215178489685059,22.52476692199707,2.639463186264038,2.781545194526856,2.8831030328181244,3.754592895507813,10.782283782958984,6.43025016784668,4.793422222137451,5.310958385467529
bona,0,0.064303294,6.095911026000977,22.856164932250977,2.5724222660064697,2.7326909388493115,2.8333954902255645,4.263986587524414,11.01127815246582,7.143650531768799,4.946745872497559,5.350156307220459
bona,0,0.06530769,7.304965496063232,22.433746337890625,2.3327701091766357,2.730682425537972,2.791289517801968,4.212480545043945,11.232030868530272,6.899753093719482,4.675817966461182,5.341050624847412
bona,0,0.053654812,7.224930763244629,23.121004104614258,0.9124290943145752,2.839795119511796,2.7681733698976934,4.05653715133667,10.828177452087402,6.890795230865479,4.75313663482666,5.3323073387146
bona,0,0.070806496,7.570196151733398,25.605466842651367,1.4795423746109009,2.774111895635045,2.6146973631760497,4.32827615737915,10.777616500854492,6.370172023773193,4.708216667175293,5.325150489807129
bona,0,0.050114635,1.7029156684875488,26.71470069885254,0.8768877387046814,2.878050840973354,2.8089222333702826,4.317207336425781,10.801369667053224,6.863070964813232,4.6208906173706055,5.448812961578369
bona,0,0.051144645,5.471582412719727,26.167957305908203,0.11778033524751663,2.8104149996944336,2.8176892521454806,3.773268222808838,10.538107872009276,6.656532287597656,5.024803161621094,5.330419540405273
bona,0,0.06442671,8.36046028137207,24.780160903930664,1.470280647277832,2.728233733761473,2.684729105406083,3.8413240909576416,10.69478702545166,6.368687629699707,5.000898361206055,5.32846736907959
bona,0,0.05003444,6.079228401184082,23.40636444091797,-0.3245489001274109,2.7512147769894804,2.842082165325295,4.195228576660156,10.869393348693848,7.158511638641357,5.308971881866455,5.435966491699219
bona,0,0.050298706,6.910849571228027,24.23676872253418,1.7492120265960693,2.8556039480607183,2.8994916702001587,4.141372680664063,10.64389705657959,6.857395648956299,5.241602897644043,5.420723915100098
bona,0,0.06297366,2.096783399581909,34.464561462402344,3.7737693786621094,2.828897755128691,2.829987296574843,4.730381488800049,10.309561729431152,5.43202018737793,3.829947710037232,5.257728576660156
bona,0,0.051367003,3.5208897590637207,26.08503532409668,2.653520107269287,2.78962490791022,2.805793400637413,4.499271392822266,10.772361755371094,7.190183162689209,5.250504970550537,5.433498859405518
bona,0,0.06433534,6.276758193969727,22.858661651611328,2.1992850303649902,2.8390575393466624,2.806073203790876,4.0387959480285645,10.83647918701172,6.817933559417725,5.079709529876709,5.45394229888916
bona,0,0.057418425,6.161742210388184,23.47709083557129,-1.48704993724823,2.749983409268862,2.751073781316365,4.034408092498779,10.78432559967041,6.666382789611816,4.809110164642334,5.349961757659912
bona,0,0.062734194,6.219085216522217,25.094932556152344,1.8948503732681274,2.73289480116484,2.676943446782351,3.874775886535645,10.438102722167969,6.888153076171875,5.229344844818115,5.430495262145996
bona,0,0.05453979,6.554128170013428,23.5335693359375,2.107128858566284,2.616296398963088,2.749478416360519,4.282806873321533,10.975187301635742,7.145255565643311,4.7992706298828125,5.38029146194458
bona,0,0.04377197,7.242553234100342,25.908414840698242,1.4182316064834595,2.837527757405847,2.7574980550674573,4.274974822998047,10.744555473327637,6.9440693855285645,4.745090007781982,5.385865211486816
bona,0,0.04952451,7.116252422332764,23.90581512451172,2.6824634075164795,2.8103489688539494,2.773647634845897,4.057913303375244,11.017473220825195,6.822993755340576,4.797197341918945,5.277087211608887
bona,0,0.049861494,6.20848274230957,24.02718162536621,1.774708867073059,2.8252544350792905,2.705953024035717,3.914644718170166,10.790006637573242,6.573732376098633,5.043653964996338,5.371860504150391
bona,0,0.08058283,5.193645477294922,24.45989418029785,2.3113486766815186,2.751084690604888,2.7408133031264006,4.40085506439209,10.729936599731444,6.971293449401856,4.73015022277832,5.300802707672119
bona,0,0.05567316,6.949145317077637,23.580270767211914,2.980119228363037,2.66289680213659,2.8766345826171893,3.925034999847412,10.292155265808104,7.131786346435547,5.3750762939453125,5.387494087219238
bona,0,0.06954823,6.937143325805664,25.520343780517578,2.2858593463897705,2.7509493547409885,2.6534412557698803,4.429718017578125,10.55257797241211,7.036253452301025,4.933001518249512,5.365383148193359
bona,0,0.060554054,5.530344486236572,25.96487808227539,4.223358631134033,2.75462998464116,2.674233797293586,4.061424255371094,10.8068208694458,6.332648277282715,4.922998428344727,5.28960657119751
bona,0,0.06255575,5.951192855834961,25.191240310668945,1.8673298358917236,2.9220511625721315,2.73437626342493,4.334429740905762,10.65328884124756,6.842516899108887,4.868100643157959,5.305998802185059
bona,0,0.040665507,0.730749249458313,41.785247802734375,2.880605459213257,2.7153456997991143,2.562011657796464,4.927811145782471,9.664388656616213,4.234822750091553,3.60282039642334,5.243467807769775
bona,0,0.07744767,6.319103240966797,25.651151657104492,2.8682150840759277,2.795544399318264,2.850350336984986,4.114456653594971,10.799532890319824,7.247941970825195,5.2350263595581055,5.400924205780029
bona,0,0.07323324,7.788849353790283,23.738370895385742,1.9107576608657837,2.824419735763552,2.689677282402844,3.808538913726807,10.506808280944824,6.4733662605285645,4.962848663330078,5.349400043487549
bona,0,0.09237004,5.202588081359863,24.963943481445312,0.6233898997306824,2.8069763621639803,2.7291552077923784,4.446362018585205,10.913700103759766,6.653000354766846,4.718751430511475,5.342676639556885
bona,0,0.1124188,6.449667930603027,24.432384490966797,2.3027429580688477,2.88522962148194,2.7777738802317744,4.279319286346436,10.842697143554688,6.370990753173828,4.443973541259766,5.355446815490723
bona,0,0.062211424,6.610102653503418,25.935619354248047,5.486414909362793,2.788619277039188,2.6960960340134803,4.341367244720459,10.79474639892578,6.771005153656006,5.023165225982666,5.36335039138794
bona,0,0.08855832,5.090981960296631,23.966840744018555,0.8177591562271118,2.757166882411601,2.7687968024758107,4.019603729248047,10.767303466796877,6.968703746795654,4.955000400543213,5.376358985900879
bona,0,0.076065585,7.391834259033203,25.621002197265625,4.068378448486328,2.788801231600671,2.744232426427009,3.909670352935791,10.694469451904297,6.322519779205322,4.629405975341797,5.2034831047058105
bona,0,0.055937096,6.779415607452393,26.802417755126953,3.3898940086364746,2.7650525177468888,2.849900920204341,4.0338454246521,10.66788387298584,6.462741374969482,4.749240398406982,5.221616744995117
bona,0,0.061269637,7.237359046936035,26.86729621887207,2.09316349029541,2.7330282944476414,2.743260021591253,3.7546136379241934,10.709076881408691,5.734017372131348,4.57223653793335,5.244912147521973
bona,0,0.073128715,5.275521755218506,25.82939338684082,2.8472018241882324,2.7284600858096413,2.6710983483400383,4.29088830947876,10.891541481018066,6.854978561401367,4.920942783355713,5.322277069091797
bona,0,0.05161293,8.031774520874023,26.051559448242188,2.1327872276306152,2.7554720798026007,2.8189836776967625,4.508002758026123,10.458606719970703,6.446918964385986,4.817225933074951,5.250485420227051
bona,0,0.06769201,3.3467235565185547,24.65648078918457,2.5173614025115967,2.81936729235811,2.751272700659537,4.742586612701416,10.839645385742188,6.815897464752197,4.519090175628662,5.351212501525879
bona,0,0.038153138,5.794110298156738,26.335596084594727,2.117654800415039,2.694037084258944,2.7530849014435064,3.921678066253662,10.448846817016602,6.392940998077393,4.956212043762207,5.317955493927002
bona,0,0.061270885,5.675500392913818,26.887269973754883,1.4188685417175293,2.826587350852497,2.591480938366637,4.398218154907227,10.805277824401855,6.306282043457031,4.494621276855469,5.259969711303711
bona,0,0.04558578,5.609375953674316,23.06794548034668,0.06670207530260086,2.837919749659629,2.8232012191602154,4.293265342712402,10.585857391357422,6.918693542480469,4.949221134185791,5.258728981018066
bona,0,0.057570864,9.419075012207031,23.540618896484375,3.848533868789673,2.8197328778345603,2.764417179190969,3.939816951751709,10.694865226745604,6.493727207183838,5.204765796661377,5.410345554351807
bona,0,0.06961698,6.763087272644043,24.54895782470703,-0.1206764206290245,2.862829641083738,2.656623476734937,4.519406318664551,11.09144687652588,7.167049884796143,4.807059288024902,5.266195774078369
bona,0,0.057089288,6.89143705368042,25.200990676879883,2.4471192359924316,2.819891511038004,2.8205473241877463,3.931449174880981,10.686104774475098,6.743749618530273,4.939043998718262,5.329976558685303
bona,0,0.04458994,1.5787734985351562,32.83668518066406,3.5051164627075195,2.697865145424186,2.822686762729487,4.399381160736084,10.458701133728027,4.891859531402588,3.9076406955718994,5.344429016113281
bona,0,0.06032442,-2.1006832122802734,40.52225112915039,6.13118839263916,2.6478564147256503,2.714870696592177,4.46055269241333,9.763840675354004,4.593122482299805,3.598893404006958,5.210176467895508
bona,0,0.06918217,6.700669288635254,24.945463180541992,1.4007614850997925,2.8437708891261364,2.8765845658014144,4.315266609191895,11.182500839233398,7.46413516998291,4.858871936798096,5.357536315917969
bona,0,0.053925708,5.7982988357543945,24.73756980895996,1.0231788158416748,2.726240466282395,2.639490389186212,4.120261192321777,10.860550880432127,6.983791828155518,4.972127437591553,5.407111167907715
bona,0,0.044076633,4.1654558181762695,25.784997940063477,2.3521246910095215,2.859760193472391,2.7789341201353124,4.51755428314209,10.739113807678224,6.8180251121521,4.580714225769043,5.406300067901611
bona,0,0.052566182,5.957708358764648,24.741710662841797,2.0709028244018555,2.7897363938881057,2.796274200539812,4.2648468017578125,10.696907043457031,7.0970072746276855,5.287379264831543,5.432887554168701
bona,0,0.055217315,4.055942535400391,24.542583465576172,-0.5651028156280518,2.8235142794149444,2.797359389605917,4.2619948387146,10.55562686920166,6.94460916519165,4.978358745574951,5.328896045684815
bona,0,0.039264526,5.000391960144043,22.4224796295166,2.5768282413482666,2.722720527857597,2.7220286158193394,4.338200569152832,10.74343490600586,7.564332485198975,5.33084774017334,5.4127278327941895
bona,0,0.04512004,6.978161334991455,24.181503295898438,1.8838748931884766,2.798164293371821,2.713711851526253,3.6265268325805664,10.506328582763672,6.324785709381104,5.0392045974731445,5.413358688354492
bona,0,0.058481038,6.979865550994873,24.805309295654297,1.2004226446151733,2.683648895294432,2.6436164818924617,4.260773658752441,10.980140686035156,6.804170608520508,4.752161026000977,5.331843376159668
bona,0,0.043668613,8.212492942810059,31.3127498626709,5.930741786956787,2.4897317316502843,2.7811719084445863,3.59362268447876,10.42592716217041,5.695817470550537,4.676539897918701,5.404469966888428
bona,0,0.047174163,7.225656032562256,28.549882888793945,1.2151336669921875,2.5354414944286834,2.600041336492187,4.218911170959473,10.487953186035156,6.076104164123535,4.51124382019043,5.2532453536987305
bona,0,0.039508298,-2.615955352783203,38.90108871459961,5.607306480407715,2.5896829899120517,2.557501027525493,4.40010929107666,9.668933868408203,4.126720905303955,3.633036851882935,5.2806572914123535
bona,0,0.0441444,-5.229958534240723,47.52861404418945,1.5699373483657837,2.7259743062686272,2.6676884521111157,4.920644283294678,9.581275939941406,4.507637023925781,3.8683888912200928,5.286059379577637
bona,0,0.051911604,8.273527145385742,24.218778610229492,3.054187297821045,2.685830809267639,2.754254950613705,3.9366941452026367,10.695751190185549,6.873978137969971,4.969771862030029,5.373586654663086
bona,0,0.056261513,9.154006958007812,26.5384464263916,1.611825942993164,2.728137794839116,2.741531697141241,3.678363561630249,10.408183097839355,6.261375427246094,4.796134948730469,5.344536781311035
bona,0,0.060709428,7.279067516326904,23.81886863708496,-0.299197793006897,2.8779272615478133,2.815297893162603,4.424575805664063,10.586307525634766,7.281379699707031,5.132486820220947,5.42165994644165
bona,0,0.066849835,7.409605979919434,24.44965362548828,5.111983299255371,2.81855665343412,2.760084747532738,4.415537357330322,11.123128890991213,7.110689640045166,4.734528541564941,5.302291870117188
bona,0,0.047565997,6.5012736320495605,25.88857650756836,2.6687190532684326,2.7995634798058893,2.780257304254941,4.201502323150635,10.17131805419922,7.001920223236084,5.57811450958252,5.483087539672852
bona,0,0.041801795,-3.7737364768981934,46.67384338378906,1.768987774848938,2.668935076570777,2.5107609255262364,4.891687870025635,9.551918983459473,4.030013561248779,3.4354982376098637,5.28096342086792
bona,0,0.06178299,7.769963264465332,26.21807861328125,1.752368688583374,2.733831057158917,2.709118721027822,4.4317946434021,11.027626991271973,6.940909862518311,4.838961124420166,5.346054553985596
bona,0,0.052470967,6.387028694152832,24.21550941467285,3.196378231048584,2.7892370228060392,2.7980418814594645,4.042337417602539,10.79322624206543,6.638507843017578,4.775936603546143,5.338586807250977
bona,0,0.026356526,-0.2381274700164795,70.25106048583984,3.7264492511749268,2.696898455955954,2.7558600164811446,7.031997680664063,8.625678062438965,4.417788505554199,4.038291931152344,5.217902183532715
bona,0,0.04879716,7.2157745361328125,26.694873809814453,1.3813941478729248,2.681908015380593,2.7781452304201486,4.073910713195801,10.514899253845217,6.870632171630859,5.220512390136719,5.523352146148682
bona,0,0.04420462,6.6008453369140625,24.299179077148438,1.6510964632034302,2.781779135490746,2.797350620132141,3.84773850440979,10.764039039611816,6.568497180938721,5.079177379608154,5.365141868591309
bona,0,0.048710916,7.630048751831055,23.4422550201416,1.0261610746383667,2.876780538993886,2.7651501087815467,4.480478763580322,10.92238998413086,8.219017028808594,5.708240985870361,5.510846614837647
bona,0,0.027292775,2.9727909564971924,39.263362884521484,6.853175163269043,2.680737981352178,2.631542993946049,4.663346767425537,9.80821704864502,4.479435443878174,3.860857963562012,5.226356983184815
bona,0,0.037009142,6.895524024963379,24.488195419311523,2.6737759113311768,2.900096633575176,2.853533332320964,4.418099403381348,10.985346794128418,6.853229522705078,4.937886714935303,5.359224796295166
bona,0,0.04290688,0.6527599096298218,37.789424896240234,5.051074981689453,2.725541768571542,2.6455010077932424,4.734457015991211,10.081981658935549,5.460177898406982,4.138126850128174,5.343247890472412
bona,0,0.07196191,7.808187007904053,24.853605270385742,3.9988245964050293,2.83441236847056,2.8290882162563804,4.468253612518311,10.601713180541992,6.94493293762207,4.998719692230225,5.401510238647461
bona,0,0.05805849,7.203385353088379,23.41790008544922,1.0734798908233643,2.7410060786061354,2.875775965979134,3.885169267654419,10.644289016723633,6.553498268127441,4.944710731506348,5.407283306121826
bona,0,0.060563788,7.888072967529297,22.382064819335938,3.0891056060791016,2.824057808379868,2.788153941304623,4.2706217765808105,10.802034378051758,7.034567356109619,4.9053473472595215,5.364858627319336
bona,0,0.04555078,8.733062744140625,26.741941452026367,3.0413599014282227,2.7231143958243287,2.7299126239956437,3.8262779712677,10.678825378417969,5.787973880767822,4.71109676361084,5.279924392700195
bona,0,0.0509096,7.2646164894104,25.241958618164062,1.506170630455017,2.677544321584121,2.782410393504799,4.239508628845215,10.388349533081056,6.782078742980957,5.052937984466553,5.37303352355957
bona,0,0.054916173,6.528679847717285,25.119651794433594,4.057363986968994,2.676660542654341,2.6635784376774323,3.5771384239196777,10.437883377075195,6.7672648429870605,5.3782806396484375,5.43307638168335
bona,0,0.056386173,6.893455982208252,24.521934509277344,2.3484225273132324,2.757899517667631,2.761856624107369,4.355059146881104,11.082030296325684,7.209826469421387,4.833640575408936,5.302030086517334
bona,0,0.055909786,7.121826171875,26.3670711517334,1.6683317422866821,2.766301965447659,2.838450751163865,3.7666516304016113,10.731861114501951,6.45463752746582,4.893547534942627,5.389305114746094
bona,0,0.05395905,7.23038387298584,26.549518585205078,2.678812026977539,2.6909283252619733,2.8039064107512237,4.157605171203613,10.909024238586426,6.136361598968506,4.530708312988281,5.32373571395874
bona,0,0.053439222,7.069187164306641,24.111042022705078,1.8699461221694946,2.7577404517737487,2.758934060866689,4.223614692687988,10.860028266906738,6.535374164581299,4.840995788574219,5.408731460571289
bona,0,0.038360294,7.119047164916992,24.906375885009766,3.9686663150787354,2.7812375259425246,2.8207787619967126,3.8496248722076416,10.690101623535156,6.310994625091553,4.9243483543396,5.296729564666748
bona,0,0.0396278,7.985253810882568,22.119009017944336,1.2345361709594727,2.841224497032488,2.741459896365166,4.073193073272705,10.785895347595217,6.683614730834961,5.012907981872559,5.404085159301758
bona,0,0.06811051,7.598862171173096,23.714263916015625,5.562521934509277,2.8055085407412594,2.738739324949145,4.139198780059815,10.686563491821287,6.673585414886475,4.830565452575684,5.3306193351745605
bona,0,0.0757808,6.84598445892334,26.53669548034668,2.3562052249908447,2.6701146748212308,2.7053290552119558,4.084421157836914,10.321080207824709,6.110769748687744,4.559813022613525,5.298914909362793
bona,0,0.05419049,8.076264381408691,26.87504768371582,2.5004489421844482,2.783983240914901,2.664034740080837,4.28234338760376,10.644861221313477,6.388544082641602,4.891536235809326,5.339059829711914
bona,0,0.058803998,6.288963317871094,23.239482879638672,0.962344765663147,2.851561515850776,2.741613080169796,3.974971294403076,10.779053688049316,7.395600318908691,5.129707336425781,5.384777069091797
bona,0,0.05286201,6.355017185211182,25.362762451171875,0.24693851172924042,2.8968906396268417,2.799733481366532,4.262144565582275,10.997303009033203,7.044266223907471,4.829419136047363,5.309825897216797
bona,0,0.050733145,-2.9720497131347656,43.557125091552734,2.7325820922851562,2.732703671522966,2.6885878343225413,4.634573459625244,9.806142807006836,4.997300148010254,3.942129135131836,5.239036560058594
bona,0,0.053356804,-1.4751217365264893,40.68537139892578,6.362415313720703,2.6269219561823625,2.565662321754312,4.362353324890137,9.797390937805176,4.473167419433594,3.786480903625488,5.269906520843506
bona,0,0.054979626,8.78179931640625,23.96286392211914,-0.22402898967266083,2.6935701355441246,2.771146198044241,3.4500296115875244,10.61064910888672,6.911035537719727,5.293967723846436,5.432358264923096
bona,0,0.06241667,7.341391563415527,25.023052215576172,0.4780966639518738,2.855378463820569,2.838919408960149,4.408950328826904,10.980908393859863,6.791364669799805,4.690546035766602,5.333935260772705
bona,0,0.073164806,6.684223651885986,24.662391662597656,1.887925148010254,2.8405123982485745,2.7118900899153684,4.237193584442139,10.71226406097412,6.587739944458008,4.5124921798706055,5.385056495666504
bona,0,0.052063387,2.342702865600586,32.64811325073242,3.014775276184082,2.827843148881983,2.825938136410924,4.382381916046143,10.584315299987791,6.036092281341553,4.197763442993164,5.368541240692139
bona,0,0.046297647,6.729150772094727,25.097963333129883,-0.5388684272766113,2.746860084142788,2.744034377439152,4.444715023040772,10.961296081542969,7.203142166137695,5.128818511962891,5.3795166015625
bona,0,0.050315212,7.744409084320068,24.820934295654297,2.2180585861206055,2.75568516016433,2.7304281241353925,3.8169119358062735,10.63742733001709,6.183305740356445,5.010138511657715,5.39585542678833
bona,0,0.08347417,6.804017543792725,26.280797958374023,5.899101734161377,2.723714987853593,2.70680398711836,3.7270188331604,10.558283805847168,6.188267707824707,4.744676113128662,5.329539775848389
bona,0,0.05729103,4.564083576202393,29.329225540161133,1.9217098951339722,2.7520334109661926,2.75156292579772,4.669394493103027,10.517142295837402,6.391773223876953,4.097025871276856,5.394613265991211
bona,0,0.059723936,8.41099739074707,26.509559631347656,0.2926333546638489,2.757426764850073,2.8804225400600534,4.286717414855957,10.868322372436523,7.204226970672607,5.000540733337402,5.331099987030029
bona,0,0.0549563,8.23825454711914,22.940839767456055,1.8307439088821411,2.8506982151231792,2.79140359666628,4.409924507141113,10.908940315246582,7.334177494049072,4.816175937652588,5.296159744262695
bona,0,0.060729954,6.179643630981445,23.245622634887695,1.4389585256576538,2.814721473639272,2.7788660208448475,4.13067626953125,10.910353660583496,6.805994987487793,5.083037376403809,5.437091827392578
bona,0,0.05891715,7.641572952270508,23.754316329956055,2.6485233306884766,2.6006942846729064,2.646796265784366,4.182843208312988,10.79548168182373,7.067059516906738,5.038405895233154,5.41188383102417
bona,0,0.051890742,8.147871971130371,24.34099006652832,0.9618247747421265,2.823616231858584,2.7948024285269044,3.5778307914733887,10.614815711975098,6.582826137542725,4.884397983551025,5.361049175262451
bona,0,0.05885024,1.1207773685455322,37.88603591918945,5.900302886962891,2.543629088069074,2.620734952720513,4.414147853851318,9.811126708984377,4.474493503570557,3.678122758865357,5.292815208435059
bona,0,0.055082887,8.023645401000977,24.87961769104004,4.045252799987793,2.7976103390531333,2.779516272225972,4.59539270401001,10.98825454711914,8.313399314880371,5.714894771575928,5.447610378265381
bona,0,0.045345422,5.5165300369262695,22.01351547241211,0.6419686675071716,2.685076652594557,2.772382279716257,3.7663261890411377,10.869397163391112,6.991601943969727,5.10392427444458,5.3618879318237305
bona,0,0.04076502,1.2172338962554932,43.35720443725586,1.7865056991577148,2.7567065550543246,2.74944224476974,4.950826644897461,9.82847785949707,4.132907867431641,3.5358762741088867,5.222689151763916
bona,0,0.052631766,6.487092971801758,25.138994216918945,1.5771503448486328,2.7948998985806925,2.721832642583631,4.335489273071289,10.77797031402588,6.049806118011475,4.555941581726074,5.2534003257751465
bona,0,0.062942535,8.185194969177246,25.3156795501709,5.053357124328613,2.8861586555307155,2.713712623421219,4.208230972290039,10.77483367919922,6.7708940505981445,4.673216342926025,5.393652439117432
bona,0,0.069801964,4.795750141143799,25.00305938720703,0.6924057006835938,2.823933627970669,2.700445747190961,3.888695240020752,10.8373384475708,6.955435276031494,4.9864702224731445,5.4041523933410645
bona,0,0.061363835,9.20439338684082,24.284284591674805,2.210206985473633,2.875834466199389,2.68420987200658,4.072177886962891,10.798823356628418,6.683210372924805,4.960087776184082,5.420033931732178
bona,0,0.044342462,7.767975330352783,25.201305389404297,2.464531898498535,2.837095556471604,2.881699121804388,4.160055160522461,10.852170944213867,6.566047668457031,4.8114333152771,5.262426376342773
bona,0,0.041312777,7.052164077758789,24.384506225585938,0.3654645085334778,2.786627177002886,2.738704141190281,4.140020370483398,10.853609085083008,6.736018657684326,5.211304664611816,5.310032367706299
bona,0,0.045632187,6.77561092376709,22.13007354736328,0.5823595523834229,2.797641601896387,2.8531873717254554,4.049392223358154,10.994848251342772,6.984261989593506,5.080354690551758,5.339897155761719
bona,0,0.06963491,7.398811340332031,23.092233657836914,4.3382487297058105,2.872433232741965,2.810684895292032,4.139791488647461,11.093416213989258,6.540595054626465,4.736438751220703,5.288695812225342
bona,0,0.06396339,7.479677677154541,24.395343780517578,-0.2787897288799286,2.853876033798482,2.771371013021618,4.180334091186523,11.012227058410645,7.181042671203613,5.085875988006592,5.344368934631348
bona,0,0.061817933,8.255372047424316,23.525882720947266,1.5856910943984985,2.807145321208524,2.855691355894262,4.349382400512695,10.948138236999512,7.193360805511475,5.038236141204834,5.360806941986084
bona,0,0.045372117,6.845179557800293,25.972400665283203,1.6303735971450806,2.8007175400300293,2.704954730873774,3.6706039905548096,10.454389572143556,6.051635265350342,4.90572452545166,5.456263065338135
bona,0,0.061670206,-0.8449484705924988,24.524349212646484,0.5059003829956055,2.8933448697228434,2.821463190727425,4.050889492034912,10.40902328491211,6.709728717803955,5.367249011993408,5.362148761749268
bona,0,0.07265326,-2.2961080074310303,28.201852798461914,1.4698083400726318,2.878043533841796,2.8167414589060287,4.409758567810059,10.877273559570312,6.268858909606934,4.499610900878906,5.313512325286865
bona,0,0.050831087,9.449256896972656,51.89459228515625,5.550398826599121,2.491162384855572,2.5849412360834765,4.148621082305908,10.03672218322754,4.755974769592285,5.085208415985107,5.309607982635498
bona,0,0.049021803,-1.1704776287078857,23.071231842041016,2.6239376068115234,2.716340011768206,2.837120533945426,4.16041898727417,10.769949913024902,7.995575904846191,5.620871067047119,5.392663955688477
bona,0,0.04276452,-2.227306842803955,23.218887329101562,0.1151091530919075,2.8481270201272686,2.8407510029342418,3.859302759170532,10.878179550170898,7.177293300628662,5.198551654815674,5.400233268737793
bona,0,0.042724706,-5.211574554443359,32.73348617553711,-0.24731804430484772,2.8656362561786493,2.870314465741209,4.722874641418457,10.768858909606934,6.1270856857299805,4.76099967956543,5.056258678436279
bona,0,0.035089925,-2.9872493743896484,24.127885818481445,5.7039642333984375,2.8661267401528514,2.7951950831012264,4.220695495605469,11.0357084274292,7.103724479675293,4.942018985748291,5.365370273590088
bona,0,0.049923558,-0.12029078602790833,23.874948501586914,2.4517388343811035,2.8281730129899976,2.7640140036896077,4.1957855224609375,10.512205123901367,7.446760654449463,5.0687761306762695,5.343055725097656
bona,0,0.041444626,-3.68155574798584,29.395923614501953,3.5542683601379395,2.909978617555158,2.759547841367548,4.05050802230835,10.696382522583008,6.37734317779541,4.933620929718018,5.258363723754883
bona,0,0.04254039,-3.5246119499206543,23.169389724731445,3.3457322120666504,2.837992869568461,2.8095835642594222,4.17464542388916,10.830174446105955,7.166780948638916,4.874681949615479,5.323817729949951
bona,0,0.05107813,0.8253159523010254,24.000097274780273,3.1188132762908936,2.804914182747054,2.8940248682665364,3.871306419372559,10.444958686828612,7.021684646606445,5.093008995056152,5.445693016052246
bona,0,0.044815592,0.8809628486633301,26.797504425048828,2.708876848220825,2.913025576718678,2.873014027492991,4.000668525695801,10.772171020507812,6.515420436859131,4.584717750549316,5.238535404205322
bona,0,0.058418162,-2.246229648590088,23.12151336669922,3.9606409072875977,2.730728643001767,2.8268690436276795,3.767103672027588,10.713861465454102,6.854633808135986,5.013417720794678,5.40184211730957
bona,0,0.0286767,-1.045307993888855,33.536067962646484,2.8853297233581543,2.7459406415562317,2.886201374895125,4.536422729492188,10.715861320495604,5.720481872558594,4.82513427734375,5.183748245239258
bona,0,0.028836558,-1.611391544342041,24.685871124267578,2.8754162788391113,2.671787279724622,2.7170443030728437,4.088597297668457,11.06922721862793,7.274062633514404,5.266845703125,5.329636573791504
bona,0,0.035311267,-3.9374046325683594,28.53001594543457,0.7689594030380249,2.8952248685829014,2.745025233082732,4.17215633392334,10.752300262451172,6.265415668487549,4.768044471740723,5.250309467315674
bona,0,0.029450076,-3.6019296646118164,21.21889305114746,0.38070425391197205,2.7410010020754623,2.840970216993145,3.932672500610352,10.9801025390625,7.201828479766846,4.892703056335449,5.3837199211120605
bona,0,0.04704065,-1.56524658203125,23.230283737182617,1.971472144126892,2.936285905168764,2.7169110202499094,3.924586296081543,10.810132026672363,6.72341251373291,4.8734965324401855,5.432135581970215
bona,0,0.037585855,-1.3680970668792725,24.07377052307129,4.212364673614502,2.690151828934192,2.6809023925630093,4.028522491455078,10.967148780822754,6.203996658325195,4.439933300018311,5.274959087371826
bona,0,0.054068185,0.24437035620212555,24.312660217285156,2.401716947555542,2.7778375966366595,2.768539344741717,4.243730545043945,10.77852725982666,8.164880752563477,5.744596481323242,5.427221775054932
bona,0,0.08412114,-1.5218110084533691,23.76776885986328,4.135705947875977,2.864475908058467,2.802525618284585,3.986937284469605,10.787012100219728,7.380915641784668,5.362333297729492,5.4918293952941895
bona,0,0.050615393,-5.916971206665039,25.55668830871582,5.2458953857421875,2.9105457956985425,2.894030816794228,4.177489280700684,10.7763090133667,6.563191890716553,4.651368618011475,5.425055503845215
bona,0,0.029193593,-1.9659450054168701,35.63660430908203,3.0232410430908203,2.744182490389951,2.814938041448446,4.419893741607666,10.494084358215332,5.883579254150391,4.675895690917969,5.217297554016113
bona,0,0.052832384,0.9344340562820435,21.922773361206055,0.8999636173248291,2.75467045696569,2.683693525983733,4.235951900482178,10.846867561340332,8.254199981689453,5.3870062828063965,5.387631893157959
bona,0,0.039255638,-1.593629240989685,27.170475006103516,6.4923224449157715,2.800269212506639,2.7731114644020765,4.143044948577881,10.692275047302246,6.307866096496582,4.003584384918213,5.296872138977051
bona,0,0.053655844,-2.2647039890289307,21.04743003845215,2.3576033115386963,2.853978159606096,2.8151021421660603,4.070396900177002,11.230428695678713,7.636715412139893,5.07283878326416,5.422947406768799
bona,0,0.04975809,-4.384520530700684,25.824735641479492,4.916293621063232,2.864449105722374,2.8498905147755416,4.08074426651001,10.791704177856444,6.3515944480896,4.774677276611328,5.370101451873779
bona,0,0.051310435,-2.774855136871338,20.648649215698242,1.2195043563842773,2.8632909625376346,2.759375123424251,4.21738862991333,10.942793846130373,7.141390323638916,5.053124904632568,5.423024654388428
bona,0,0.04453341,0.018908202648162842,25.288782119750977,3.373166799545288,2.755564682453225,2.6579201691445067,4.054425239562988,10.720948219299316,6.762355804443359,5.091053009033203,5.450530052185059
bona,0,0.040675197,-0.9231693148612976,24.406291961669922,2.6177213191986084,2.7185489073596862,2.707501217596903,3.9801700115203857,10.768742561340332,5.935731887817383,4.7025580406188965,5.34102201461792
bona,0,0.09279418,-0.9374459981918335,26.505056381225586,4.355584144592285,2.732315249148765,2.7863302390481497,4.147332191467285,10.74494171142578,6.228226184844971,4.702856063842773,5.457137107849121
bona,0,0.048840187,-0.2999035120010376,26.163028717041016,0.36059075593948364,2.8536671623520604,2.728566668542162,3.8166234493255615,10.636456489562988,6.028299808502197,4.590970516204834,5.447767734527588
bona,0,0.048268855,-2.8730053901672363,23.71617317199707,1.1918305158615112,2.8619225499356866,2.764392575547728,3.874366521835327,10.78367042541504,6.775454521179199,4.976463317871094,5.384169101715088
bona,0,0.045302305,-3.5110297203063965,26.627159118652344,2.5969715118408203,2.767108951689186,2.860441414608382,4.386581897735596,10.690668106079102,6.764922142028809,4.509354114532471,5.480250358581543
bona,0,0.04376995,-3.6491096019744873,25.229576110839844,5.235311031341553,2.765239754612739,2.821351231336999,3.890881061553955,10.824040412902832,6.428229331970215,4.6098833084106445,5.321712970733643
bona,0,0.07133581,0.26571667194366455,24.966997146606445,2.9264159202575684,2.745675091446334,2.754266181457244,3.989148855209351,11.136547088623049,7.034546852111816,5.30145263671875,5.456218242645264
bona,0,0.05977357,-1.4154624938964844,23.934349060058594,0.9603960514068604,2.8160303541247647,2.8536058731176315,3.351863145828247,10.54175853729248,6.22757625579834,4.949346542358398,5.4218573570251465
bona,0,0.07031361,-3.063103199005127,23.399023056030273,-0.45362788438796997,2.866716863419143,2.871890962143778,4.110228538513184,10.936777114868164,6.912457942962647,4.832108497619629,5.3317084312438965
bona,0,0.0652538,0.975619375705719,23.619075775146484,5.351626873016357,2.770309767911764,2.7998481444054746,4.124978542327881,10.985305786132812,7.328989505767822,4.889111518859863,5.313473224639893
bona,0,0.0560714,-3.1459813117980957,24.74944305419922,0.5825177431106567,2.777272276261452,2.75041461607939,4.17894458770752,10.924386024475098,7.378801345825195,5.088183879852295,5.364359855651856
bona,0,0.057796594,-1.078975796699524,24.973886489868164,4.1061248779296875,2.858150173093069,2.7682604893082963,4.148128986358643,10.70493984222412,7.344113826751709,4.95292854309082,5.373033046722412
bona,0,0.054216083,-1.706115961074829,23.671436309814453,2.0517890453338623,2.8550145495652663,2.810671287512556,3.995029211044312,10.700942039489746,7.474013805389404,5.17453145980835,5.412656784057617
bona,0,0.060800653,-1.4942165613174438,27.232219696044922,-0.7887650728225708,2.814255334235314,2.6919888087364856,3.491666078567505,10.585796356201172,6.418250560760498,4.9549760818481445,5.404891490936279
bona,0,0.050738662,-1.3864473104476929,22.848901748657227,2.0490615367889404,2.804339218900808,2.68834107253996,4.194464683532715,11.15551471710205,7.773048400878906,5.149572849273682,5.305369853973389
bona,0,0.05425781,-2.9669504165649414,22.357866287231445,2.6053638458251953,2.8862038007739668,2.7844065077560525,3.943368911743164,11.027081489562988,7.194362163543701,5.341853618621826,5.4686279296875
bona,0,0.057219703,0.8158667087554932,22.172039031982422,4.174340724945068,2.825305129072692,2.782849757495823,4.039411544799805,10.705464363098145,7.483786106109619,5.235691070556641,5.338105201721191
bona,0,0.036386784,-2.379612445831299,29.469327926635742,0.6939653158187866,2.823973882494267,2.8029586230078927,4.541104793548584,10.682805061340332,5.794541835784912,4.482080936431885,5.12891960144043
bona,0,0.040422726,-2.6825966835021973,23.785791397094727,1.8247672319412231,2.735727754274964,2.829528574394156,3.928187608718872,10.758291244506836,6.4541730880737305,4.954327583312988,5.324618816375732
bona,0,0.04252812,-1.3711621761322021,26.453662872314453,0.7800764441490173,2.807727892234655,2.781455551209431,3.9818999767303462,10.561264038085938,7.106706142425537,5.2224836349487305,5.355227470397949
bona,0,0.058076102,-3.9834206104278564,25.938596725463867,2.7218873500823975,2.8738566554293064,2.848070422264076,4.179975509643555,11.256585121154783,6.719309329986572,4.946559429168701,5.367895126342773
bona,0,0.058150902,-1.4925668239593506,23.89080047607422,-0.9883594512939453,2.9059262583770105,2.8001584843186045,3.7373876571655273,11.015640258789062,7.2599897384643555,5.3058180809021,5.476330280303955
bona,0,0.07555857,0.5150632858276367,22.74424171447754,2.6362829208374023,2.850966431869093,2.827576948079748,3.959831714630127,10.793282508850098,7.738382816314697,5.458024501800537,5.532169818878174
bona,0,0.085651085,-3.5814459323883057,25.109128952026367,3.596719741821289,2.835509879829204,2.794324226934661,4.096960544586182,10.975865364074709,6.925584316253662,4.690592288970947,5.428679466247559
bona,0,0.03574501,-4.719015121459961,24.208627700805664,0.9877663254737854,2.776529032249776,2.8500966928298554,3.809115886688232,10.685327529907228,6.682827472686768,5.163988590240479,5.52742862701416
bona,0,0.05820016,-1.7565412521362305,28.45401954650879,3.409684658050537,2.8534437870353404,2.892069276583986,4.130273342132568,10.410505294799805,5.579811096191406,4.176486492156982,5.428264617919922
bona,0,0.05049198,-1.6585664749145508,20.170940399169922,2.0816245079040527,2.8414196230869044,2.8236003299513284,4.030777454376221,11.004383087158203,7.972168922424316,5.105879306793213,5.491663932800293
bona,0,0.027182508,-2.8582839965820312,26.640155792236328,1.5707049369812012,2.777621803180032,2.720852975463444,3.9251627922058105,10.52840518951416,6.332069873809815,4.710338115692139,5.43800163269043
bona,0,0.019369595,-5.764965057373047,28.81041145324707,1.255346655845642,2.718979525837832,2.7719403151675417,4.320833206176758,10.706433296203612,6.128562450408936,4.607816219329834,5.328419208526611
bona,0,0.023888651,-3.7334344387054443,21.844709396362305,1.25202476978302,2.8436735036652587,2.831362338770941,4.368709564208984,11.02182674407959,7.0287675857543945,4.854996204376221,5.344964504241943
bona,0,0.027682932,-4.189062118530273,20.479446411132812,2.181291341781616,2.7995047366521053,2.852673402663185,4.100227355957031,10.876354217529297,6.975214958190918,4.873404026031494,5.454220771789551
bona,0,0.03875324,-3.366239070892334,23.13975715637207,2.9801673889160156,2.8553329334595148,2.893552921001504,4.186103343963623,10.967201232910156,7.728263854980469,4.882253170013428,5.514636993408203
bona,0,0.03813691,0.14122840762138367,23.600629806518555,0.1400199681520462,2.785929021979918,2.6994822545296384,3.976433753967285,10.587343215942385,7.061689853668213,5.295382022857666,5.464468955993652
bona,0,0.039386466,-1.498428225517273,22.56722068786621,-0.7319985628128052,2.7581210945835988,2.738163135337119,4.16461181640625,10.995530128479004,6.789036750793457,4.728645324707031,5.391861915588379
bona,0,0.027340587,-3.583980083465576,21.010665893554688,1.0894030332565308,2.829378620154951,2.724224026753904,3.6706697940826416,10.904719352722168,7.083827495574951,5.007964611053467,5.364704132080078
bona,0,0.030164057,-0.5025957226753235,23.594579696655273,0.9066835641860962,2.842823608124128,2.7872869458487752,3.741219282150269,10.620198249816896,7.104862689971924,5.264341831207275,5.306989192962647
bona,0,0.024840856,-2.7810606956481934,25.28104019165039,1.062896728515625,2.7617664042156456,2.7632011305046373,3.969225883483887,11.000921249389648,6.34818172454834,4.920086860656738,5.3149614334106445
bona,0,0.016937196,-3.2591142654418945,28.10944175720215,3.219736099243164,2.877053708864943,2.742190003644453,4.312863826751709,10.85176944732666,6.356003284454346,4.884852886199951,5.162020683288574
bona,0,0.022623364,-2.5119593143463135,30.253564834594727,2.6926751136779785,2.703463553424982,2.8512781564408582,4.218346118927002,10.840988159179688,6.436223983764648,5.194480895996094,5.281923294067383
bona,0,0.025077568,-5.456593990325928,41.17584991455078,2.572936534881592,2.744135192565546,2.747561648780968,4.786741256713867,10.131073951721191,5.097924709320068,4.80548095703125,4.988735675811768
bona,0,0.017996475,-4.124568939208984,26.398344039916992,1.8308714628219604,2.6304917240176064,2.790301589270241,4.033891201019287,10.941388130187988,7.051258087158203,5.1236772537231445,5.208739757537842
bona,0,0.017866187,-4.439194679260254,22.788166046142578,3.7264177799224854,2.871132267733968,2.7293906624242417,4.282516479492188,10.925594329833984,7.263730525970459,4.818294525146484,5.355494499206543
bona,0,0.035636686,-3.201343536376953,22.114381790161133,1.7123451232910156,2.8048779450548653,2.901502790316884,3.876044750213623,11.009940147399902,7.761321067810059,5.649825572967529,5.437374591827393
bona,0,0.049102888,-2.2545974254608154,24.012733459472656,4.295082092285156,2.868525073679632,2.7198439902633527,3.742634534835816,10.930899620056152,7.069393634796143,5.1798272132873535,5.359001159667969
bona,0,0.036167856,-6.036918640136719,44.94132614135742,4.685824871063232,2.7154391731208265,2.63956576416396,4.605920791625977,9.70250415802002,4.228781223297119,3.8732118606567374,5.246169090270996
bona,0,0.05545481,-5.159970760345459,25.78912925720215,1.4265211820602417,2.8474649380785437,2.780607902676267,4.096136093139648,10.944544792175291,6.001715660095215,5.012146949768066,5.386143207550049
bona,0,0.049766634,-3.7074851989746094,23.754785537719727,1.988699197769165,2.80064114474216,2.811436712427038,4.118066310882568,10.99940299987793,7.115702629089356,4.830243110656738,5.3425798416137695
bona,0,0.062303044,-2.661099672317505,27.481891632080078,2.925675868988037,2.775683826808451,2.818698044666301,3.799419641494751,10.582719802856444,6.11037540435791,5.12233304977417,5.421548843383789
bona,0,0.0547324,-3.925715923309326,21.795827865600586,4.159492015838623,2.7082536967172635,2.7931651569922344,4.097662925720215,11.239455223083496,7.787607669830322,5.2352471351623535,5.42845630645752
bona,0,0.033851936,-3.769803524017334,23.12434196472168,1.232946515083313,2.7922450545335,2.7655788775159267,3.625831842422485,10.574018478393556,6.316118240356445,5.0830397605896,5.354964256286621
bona,0,0.029099157,-3.359205722808838,21.70061683654785,5.1821699142456055,2.9380226550306987,2.7365230665622704,3.960088014602661,11.029290199279783,7.383445739746094,5.2277936935424805,5.344534397125244
bona,0,0.034704983,-6.333803653717041,84.39131164550781,0.20990528166294098,2.5617970530802032,2.3806934894574696,7.926369667053223,7.2902750968933105,3.0153849124908447,4.123417854309082,5.406153678894043
bona,0,0.03447429,-6.593693733215332,25.978878021240234,1.1942527294158936,2.7150796956668044,2.8091949337311948,4.340609550476074,10.875022888183594,6.8331298828125,4.991722106933594,5.273730278015137
bona,0,0.04487787,-3.0906131267547607,24.861656188964844,4.292067050933838,2.686639299501821,2.9371031839659225,3.992932558059693,11.092463493347168,7.656906604766846,5.186614036560059,5.345077037811279
bona,0,0.04400766,-6.564485549926758,23.623687744140625,0.33605727553367615,2.838257804079991,2.824569739609403,4.151230335235596,11.24111270904541,7.646539688110352,5.233578205108643,5.246673107147217
bona,0,0.05015981,-1.518996238708496,22.870969772338867,1.8241667747497559,2.7490153120091194,2.616782192877877,3.569057941436768,10.65440273284912,6.266900062561035,5.192539691925049,5.49054479598999
bona,0,0.044161264,-5.935833930969238,29.99846076965332,3.5949172973632812,2.815475619366185,2.873395837843091,4.280757904052734,10.376643180847168,5.12118673324585,4.000373840332031,5.152008056640625
bona,0,0.04700982,-0.019883856177330017,23.895889282226562,4.14948844909668,2.855054954506998,2.7258078733068847,3.893410205841065,10.695799827575684,5.963932514190674,4.186485290527344,5.4342546463012695
bona,0,0.0498284,-5.229436874389648,22.33168601989746,3.5636088848114014,2.850058312738218,2.889484518457163,4.185508728027344,10.877636909484863,7.242924690246582,4.6302266120910645,5.491851806640625
bona,0,0.028919354,-2.052896499633789,24.41082763671875,2.889763116836548,2.812141676242062,2.5916928279079183,4.056838035583496,10.82964324951172,7.165012836456299,4.789875030517578,5.420742511749268
bona,0,0.025548393,-3.6239190101623535,28.279850006103516,1.0076221227645874,2.83038815944302,2.771565413012423,4.1178412437438965,10.91976261138916,6.556310176849365,4.858347892761231,5.518510341644287
bona,0,0.058554057,-7.872913360595703,31.50798797607422,6.25478982925415,2.8438726269933947,2.8685676984316104,4.255852699279785,10.134689331054688,5.087865829467773,3.663104057312012,5.249969959259033
bona,0,0.0893823,-2.768007278442383,28.916780471801758,4.707467079162598,2.705133088717465,2.6293958873736494,3.965319871902466,10.456039428710938,5.452403545379639,4.254637718200684,5.460431098937988
bona,0,0.0359193,-5.55226993560791,29.210664749145508,2.611579656600952,2.7843620681434977,2.7860183449712834,4.648842811584473,10.85243320465088,6.396623611450195,4.299229621887207,5.28328800201416
bona,0,0.057160325,-3.2731242179870605,22.198984146118164,0.35835424065589905,2.752221000937079,2.8866024275807294,4.041762828826904,10.738163948059082,6.6590118408203125,4.349971294403076,5.37726354598999
bona,0,0.032051302,-2.8812618255615234,23.020288467407227,1.588272213935852,2.7904717378245016,2.7934803625510303,4.014315128326416,10.862183570861816,7.378150939941406,5.0460615158081055,5.395177841186523
bona,0,0.058719154,1.084309697151184,30.981287002563477,5.6342573165893555,2.6056393428637565,2.640905911762121,4.2093377113342285,10.378768920898438,5.68851375579834,4.050137042999268,5.168108940124512
bona,0,0.026385032,-3.9026706218719482,26.802513122558594,1.6218866109848022,2.873559596429439,2.7792064228966216,4.084585666656494,10.673566818237305,6.154272079467773,4.780761241912842,5.27924108505249
bona,0,0.02643023,-2.251633644104004,25.087406158447266,4.794905662536621,2.677489697933779,2.8466026327781497,4.089010238647461,10.840978622436523,6.802921772003174,4.899185657501221,5.253438472747803
bona,0,0.037539314,-2.3556816577911377,24.91891860961914,2.612179756164551,2.7945281363436223,2.812005823500576,3.858579635620117,10.842108726501465,6.5632829666137695,5.110678672790527,5.370823860168457
bona,0,0.021068914,-5.58458948135376,28.408082962036133,0.30078303813934326,2.709728932363382,2.708767911902685,4.018817901611328,10.726690292358398,6.634247779846191,4.977574348449707,5.27148962020874
bona,0,0.08043969,-2.811495542526245,27.97975730895996,4.283406734466553,2.7855870434256724,2.825296069921319,4.464715957641602,10.983142852783203,6.890663146972656,4.755361080169678,5.289904594421387
bona,0,0.02992404,-5.993682861328125,33.5106201171875,0.8782445192337036,2.884963615934101,2.8111518525659376,4.600147247314453,10.631152153015137,6.746963024139404,5.242737770080566,5.216235160827637
bona,0,0.032408725,-3.297304630279541,25.01841163635254,2.4699459075927734,2.7863233495761484,2.8136971949221774,3.9930028915405273,10.757376670837402,7.338946342468262,5.197708606719971,5.338605880737305
bona,0,0.035529356,-2.555797576904297,27.52256202697754,-0.0632934495806694,2.8338147647649223,2.7330180425232844,3.978848218917847,10.7904691696167,6.388487815856934,4.822624206542969,5.2548346519470215
bona,0,0.02648113,-2.7290098667144775,25.337141036987305,2.4996068477630615,2.63347325464586,2.631639497620582,4.165632247924805,10.629252433776855,6.99223518371582,5.068960666656494,5.429872512817383
bona,0,0.021703752,0.10228287428617477,23.265438079833984,5.610744476318359,2.863420006420492,2.827082828738202,3.672250747680664,10.73111343383789,6.87944221496582,5.232483386993408,5.408576011657715
bona,0,0.054146204,-0.9353305697441101,26.2738094329834,2.5362939834594727,2.8783693981655283,2.824964209976463,3.541666030883789,10.774309158325195,6.11359453201294,4.792970657348633,5.350898265838623
bona,0,0.039234076,-4.954322814941406,29.026962280273438,2.2309536933898926,2.84541251181404,2.776179716012999,3.82822585105896,10.428698539733888,5.617423057556152,4.49297571182251,5.395140171051025
bona,0,0.038657956,-1.2116211652755737,23.39202117919922,2.2405176162719727,2.7635807296301045,2.769453239535988,3.7853851318359375,10.83090114593506,6.563474178314209,4.777056694030762,5.341795444488525
bona,0,0.017582046,-3.8278582096099854,27.782989501953125,3.958644390106201,2.7163668141089614,2.866263432426005,4.077462196350098,10.680829048156738,6.332170486450195,4.600631237030029,5.224681854248047
bona,0,0.04027401,-6.8162922859191895,31.827640533447266,2.508229970932007,2.7976005768226435,2.8674910565406617,4.707193374633789,10.932280540466309,6.431609153747559,5.139346599578857,5.243165016174316
bona,0,0.030908993,-4.310257911682129,26.07478141784668,3.2770700454711914,2.8134632816474605,2.8102037482325835,4.074308395385742,10.92288303375244,6.893843173980713,5.299116611480713,5.372232437133789
bona,0,0.04308429,-2.551860809326172,20.950756072998047,0.10669539123773575,2.8134807554519097,2.809025484828015,3.9984965324401855,10.893364906311035,7.529573917388916,5.718275547027588,5.449444770812988
bona,0,0.046761874,-4.607145309448242,23.184520721435547,0.05107591301202774,2.8711001271318928,2.751818996163368,4.093841552734375,10.622139930725098,7.171889781951904,5.605301380157471,5.370594501495361
bona,0,0.046897747,-1.1273185014724731,25.130748748779297,3.2065279483795166,2.8096748058503898,2.609862968394721,4.073627471923828,10.71811294555664,8.1637544631958,6.214268207550049,5.485260963439941
bona,0,0.030122781,-4.020591735839844,24.08133316040039,3.4295592308044434,2.848416398063581,2.753434124266129,4.520064830780029,11.117321968078612,7.774004936218262,5.837048530578613,5.43337345123291
bona,0,0.027940378,-6.669425010681152,24.42323112487793,-0.12979678809642792,2.7593798016608844,2.746681150897898,4.32567024230957,10.896927833557127,7.404272079467773,5.284989833831787,5.346041202545166
bona,0,0.049966935,-5.977395057678223,23.530790328979492,1.960390567779541,2.8618169770834423,2.774882503509584,4.20419454574585,10.97530746459961,7.060813903808594,5.171466827392578,5.335479259490967
bona,0,0.03302952,-2.0156798362731934,24.51983642578125,2.765799045562744,2.8650605865984766,2.7567325586489817,3.505632877349853,10.706609725952148,6.63784646987915,4.925588607788086,5.396815776824951
bona,0,0.04140778,-4.352490425109863,25.291015625,1.8055672645568848,2.87336032485983,2.763884785520002,4.653392314910889,11.01893711090088,7.658477783203125,5.073110103607178,5.350815773010254
bona,0,0.044771526,-1.4984967708587646,21.719802856445312,2.3289923667907715,2.7776951692147733,2.687442660692878,3.665177822113037,10.784945487976074,6.9515380859375,5.294229507446289,5.435817718505859
bona,0,0.037589476,-3.5069525241851807,25.896484375,2.1936240196228027,2.775604143649065,2.8020587846682075,3.91933798789978,10.65451431274414,6.802225589752197,5.755995273590088,5.530004501342773
bona,0,0.056656875,-4.708449363708496,22.995973587036133,3.250514030456543,2.792830549618735,2.899254448326713,3.900224208831787,10.731786727905272,6.867111682891846,5.125296592712402,5.415504455566406
bona,0,0.044091154,-3.096958875656128,29.896360397338867,1.0435442924499512,2.8914401101084954,2.780728983485271,4.478447914123535,10.85627555847168,6.522363662719727,4.781693935394287,5.334817409515381
bona,0,0.038129378,-5.404994487762451,27.121910095214844,2.006516218185425,2.7568825612398737,2.8867587002855477,4.2454376220703125,10.931621551513672,6.567865371704102,5.152407169342041,5.291170120239258
bona,0,0.0579682,-3.094416856765747,22.38735580444336,3.102984666824341,2.8956718145205675,2.600571016427952,4.171538829803467,10.969903945922852,6.6210126876831055,5.59140157699585,5.577836990356445
bona,0,0.04260538,-6.217249870300293,80.23213958740234,5.813023567199707,2.58436349051712,2.561630939661636,7.690126895904541,7.922585964202881,3.6866607666015625,3.350042819976806,5.240535736083984
bona,0,0.056823272,-5.845915794372559,24.49408721923828,3.829071283340454,2.799455352060235,2.7922450558229723,4.115490913391113,10.805694580078123,6.33238697052002,4.538212776184082,5.36647367477417
bona,0,0.035517532,-4.729004859924316,33.911014556884766,3.1032485961914062,2.800575422421593,2.887073339231472,3.930090188980103,10.06126308441162,5.205654621124268,4.444981575012207,5.322650909423828
bona,0,0.062379044,-2.437412738800049,23.242511749267578,5.705643177032471,2.844256509659292,2.7836160325411305,4.23416805267334,10.967597007751465,7.599932670593262,5.469738006591797,5.462436199188232
bona,0,0.031426307,-4.218143463134766,32.13240051269531,4.7474470138549805,2.860700033570263,2.833106665010229,4.388479709625244,10.603352546691896,5.526657104492188,4.55084753036499,5.048041343688965
bona,0,0.036757644,-5.365733623504639,31.44523048400879,0.6132281422615051,2.85420986804839,2.822938921761078,4.571141719818115,10.823175430297852,5.907135963439941,4.670156478881836,5.180746078491211
bona,0,0.018689565,-5.5425310134887695,35.028358459472656,2.5921061038970947,2.8740514599207474,2.914981941539372,4.473729610443115,10.660507202148438,6.474769592285156,4.781937599182129,5.132880687713623
bona,0,0.03277013,-3.3793461322784424,23.76186180114746,2.1210641860961914,2.820506028477917,2.842296130553014,4.2446064949035645,10.823400497436523,6.516099452972412,4.896210193634033,5.379508972167969
bona,0,0.028956374,-3.280238151550293,24.084646224975586,2.6418330669403076,2.8742162390101904,2.6791493458187605,4.336424827575684,11.031250953674316,6.658260345458984,4.720737934112549,5.385879039764404
bona,0,0.039556015,-4.423836708068848,26.48961639404297,-1.1045023202896118,2.825425480419362,2.763797666103343,4.222065448760986,10.919937133789062,6.630168914794922,4.924620151519775,5.36288595199585
bona,0,0.027751824,-2.968444347381592,22.431638717651367,1.8214200735092163,2.7348914768417134,2.7903996370358337,3.730388879776001,10.612234115600586,7.145299911499023,5.48725700378418,5.403836250305176
bona,0,0.035314884,-4.020168304443359,27.299480438232422,1.2771450281143188,2.7498163318000617,2.835903666976439,4.295297622680664,10.951044082641602,6.840749740600586,4.918827533721924,5.36003303527832
bona,0,0.04878726,-3.421156406402588,24.92706871032715,4.750771522521973,2.553976487859657,2.6637985889030853,3.520029067993164,10.738251686096191,6.172854900360107,5.084290981292725,5.38896369934082
bona,0,0.03796709,-4.145077705383301,23.331024169921875,1.6199471950531006,2.740827784466338,2.7299850191018784,3.990017890930176,11.061182975769045,7.466401100158691,5.2870073318481445,5.341526031494141
bona,0,0.034036167,-4.612176418304443,22.782520294189453,3.5489654541015625,2.769965786254619,2.7750469653002505,4.168577194213867,10.857280731201172,7.4917497634887695,5.205732822418213,5.369480609893799
bona,0,0.06526156,-2.1137287616729736,21.138883590698242,1.364082932472229,2.690366765243871,2.730909092407897,4.069559097290039,10.965581893920898,6.748507976531982,4.930263519287109,5.425206661224365
bona,0,0.033306476,3.5603668689727783,53.783634185791016,3.4996964931488037,2.7423989280885626,2.671136772842939,6.185022830963135,9.768205642700195,5.038729190826416,3.4191927909851074,4.946177005767822
bona,0,0.10562875,5.342045783996582,24.391809463500977,5.526724338531494,2.759700409887809,2.6968418746972094,3.859147548675537,11.027610778808594,8.232062339782715,5.677174091339111,5.482536315917969
bona,0,0.06812754,-5.071124076843262,23.75105857849121,4.708438873291016,2.85922086014737,2.848666353484047,4.234422206878662,11.18575382232666,6.885715484619141,4.669329643249512,5.388659954071045
bona,0,0.037413634,-3.8014841079711914,23.053613662719727,3.3312432765960693,2.8616672438252246,2.8260938563717284,4.124544620513916,10.820842742919922,7.140880584716797,5.554619789123535,5.449814796447754
bona,0,0.05452964,-1.7660619020462036,24.65821075439453,4.366260528564453,2.719434388512104,2.820122240525762,3.5196144580841064,10.43602180480957,6.400848388671875,5.299847602844238,5.494987487792969
bona,0,0.057181425,-2.5129411220550537,23.58141326904297,2.895153522491455,2.8223688139484584,2.781162802220284,3.547837495803833,10.77784252166748,6.534265995025635,4.913210391998291,5.401809215545654
bona,0,0.042347904,-1.043006181716919,23.234621047973633,0.5558457970619202,2.8115868718549986,2.847217732256187,4.055972099304199,11.196083068847656,7.9775390625,5.441346168518066,5.462218284606934
bona,0,0.050358657,1.7163004875183105,25.14504051208496,4.665863037109375,2.8129400418561312,2.71678380056259,4.095416069030762,10.758844375610352,6.460247039794922,4.755471706390381,5.310533046722412
bona,0,0.030443205,-2.070888042449951,20.900625228881836,2.2886464595794678,2.8196763694696982,2.756332936500502,3.852900266647339,11.093428611755373,7.386044025421143,4.955854415893555,5.365869998931885
bona,0,0.03573539,-2.8349785804748535,25.04583168029785,1.539461612701416,2.8184663362585223,2.799498251582921,3.5444140434265137,10.628353118896484,6.514770030975342,4.962602615356445,5.4136643409729
bona,0,0.042485133,-1.331660270690918,22.98711585998535,1.7464780807495117,2.7831289992921437,2.802007822674618,4.142021656036377,10.953912734985352,7.663037300109863,4.887990474700928,5.316754341125488
bona,0,0.03177889,-0.5237576961517334,23.54723358154297,6.018885612487793,2.5563263955988944,2.7063295213933496,4.233913421630859,10.83578395843506,8.174775123596191,5.267805576324463,5.349186897277832
bona,0,0.024664402,-3.4419631958007812,26.85698699951172,3.9954798221588135,2.797607888071304,2.81896827042293,4.254428863525391,10.74091339111328,6.772156715393066,4.324894428253174,5.356288909912109
bona,0,0.04689632,1.224500060081482,25.228443145751953,3.573458194732666,2.7819025235631463,2.8805499114520274,3.903493642807007,10.89810848236084,7.116703510284424,5.531221866607666,5.451752662658691
bona,0,0.035489593,-4.204206466674805,23.485939025878906,1.01650071144104,2.654211450368446,2.7904740786520503,3.9885776042938232,10.775049209594728,7.1532368659973145,5.046701908111572,5.34537410736084
bona,0,0.031867698,-1.2139416933059692,25.575944900512695,3.49835467338562,2.680316869420353,2.7102166902133438,4.175034046173096,10.680767059326172,6.643914222717285,5.12085485458374,5.388265609741211
bona,0,0.036088265,-0.1344439685344696,22.74347496032715,3.3575377464294434,2.733536751380252,2.758487792969508,4.001854419708252,11.115533828735352,7.136775016784668,5.315801620483398,5.396049976348877
bona,0,0.028254233,-4.7989959716796875,22.037904739379883,1.944945216178894,2.777387965250333,2.835327604935607,3.9662444591522217,10.832998275756836,6.900383949279785,5.14900016784668,5.4061808586120605
bona,0,0.046338126,-2.3523683547973633,23.40496253967285,2.094413995742798,2.739251635556799,2.884646393228163,4.080835342407227,10.861032485961914,7.066901206970215,5.408299446105957,5.511496067047119
bona,0,0.03445019,-5.133159160614014,23.333335876464844,3.1555309295654297,2.8321468565395738,2.799010831955957,4.093108177185059,10.864964485168455,7.159561634063721,5.279151916503906,5.402909755706787
bona,0,0.042064495,-3.9091482162475586,21.780256271362305,4.139675140380859,2.8143723796967546,2.787885560125936,3.915531635284424,11.132808685302734,7.100207328796387,5.429655075073242,5.51927661895752
bona,0,0.04248624,-4.689205169677734,23.393367767333984,3.3111581802368164,2.7764144419308328,2.75841170373612,4.268932342529297,11.061591148376465,7.616506099700928,5.432088375091553,5.541983127593994
bona,0,0.052288033,-4.210843563079834,27.464616775512695,-0.2959153354167938,2.860459883876453,2.8722968022076407,4.38990592956543,10.790936470031738,6.407893180847168,4.8209075927734375,5.353552341461182
bona,0,0.036401797,-3.916160821914673,23.316591262817383,2.285409688949585,2.7332655469860203,2.84405259895756,3.522454261779785,10.94735336303711,6.585010051727295,5.069803714752197,5.365936756134033
bona,0,0.04593725,-3.154527187347412,25.358089447021484,3.1979570388793945,2.8636898115167515,2.8738225240610697,4.191553592681885,11.040118217468262,7.188076496124268,4.874284267425537,5.3319621086120605
bona,0,0.026557563,-7.039010524749756,29.129430770874023,2.2437405586242676,2.908398748823964,2.8180535271490967,4.36497163772583,10.728339195251465,6.264674186706543,4.436882495880127,5.123462200164795
bona,0,0.034878634,-4.7968363761901855,30.581586837768555,1.4882665872573853,2.58326793590699,2.736558389675214,4.595468997955322,10.522027015686035,5.525780200958252,4.380424499511719,5.133090496063232
bona,0,0.034000233,-1.859484314918518,24.52584457397461,3.2729876041412354,2.7185562144457758,2.806757044180997,4.015459537506104,10.834070205688477,7.811174392700195,5.503857612609863,5.464826583862305
bona,0,0.036958978,-2.749173402786255,26.557180404663086,2.7982866764068604,2.8133488408701663,2.810287674138477,4.139509677886963,11.008292198181152,7.245565891265869,4.800102233886719,5.244008541107178
bona,0,0.03306391,-1.7970232963562012,22.310951232910156,2.561148166656494,2.7389753755503348,2.746678392500353,4.102802276611328,10.99972915649414,7.839921474456787,5.06517219543457,5.376931190490723
bona,0,0.027593194,-4.743830680847168,31.433155059814453,1.0561712980270386,2.881895095048053,2.7900974092215964,4.029309272766113,10.479436874389648,5.529966831207275,4.453638076782227,5.267983436584473
bona,0,0.024180183,-5.342909812927246,36.48748779296875,1.8294212818145752,2.823140697544235,2.7769811972190563,4.884786128997803,10.270623207092283,5.587464332580566,3.926790714263916,4.994734764099121
bona,0,0.031755436,-7.026950836181641,34.104671478271484,0.5314558744430542,2.776820282060744,2.7710854282908093,4.932583332061768,10.680169105529783,5.910660266876221,4.323521137237549,5.101698398590088
bona,0,0.043452576,-0.9269779324531555,27.14175796508789,0.3454481065273285,2.8765143755503377,2.800060561559797,3.7269270420074463,10.655962944030762,5.941546440124512,4.896059513092041,5.313812255859375
bona,0,0.03808692,-3.621307849884033,26.662090301513672,7.244070053100586,2.795888548040766,2.871159400498775,4.256032466888428,10.925650596618652,6.7936692237854,4.427421569824219,5.419787406921387
bona,0,0.031501852,-1.5317271947860718,25.807348251342773,3.3050425052642822,2.7185796592939795,2.791398573562934,3.889838695526123,10.63764190673828,6.169620037078857,4.368960857391357,5.437124252319336
bona,0,0.04741139,-4.049586296081543,30.849201202392578,3.0672836303710938,2.871086784410489,2.844820399567244,4.452559471130371,10.816511154174805,5.606415748596191,4.075347900390625,5.446481704711914
bona,0,0.043539114,-2.6051111221313477,24.44874382019043,2.376784324645996,2.73342767589182,2.765686281728718,4.029088020324707,10.778069496154783,7.21571159362793,5.11562967300415,5.457921504974365
bona,0,0.08206329,-6.405742645263672,62.78419494628906,7.579306602478027,2.664428482997283,2.6597983973454644,6.320148944854736,8.721809387207031,3.924133777618408,3.541237592697144,5.182923793792725
bona,0,0.043181278,-3.305665969848633,22.978490829467773,3.6365952491760254,2.7812442564811874,2.694415153553933,4.077376842498779,10.984173774719238,7.082505702972412,4.539767742156982,5.44894552230835
bona,0,0.03656087,-3.017852783203125,26.708337783813477,2.0306131839752197,2.732759348330396,2.822693927028605,3.832485675811768,10.405656814575195,6.288531303405762,4.393747806549072,5.381068706512451
bona,0,0.0325416,-1.674286127090454,24.159648895263672,2.011997938156128,2.8255519813909187,2.745259270744873,4.136569976806641,10.896141052246094,8.08331298828125,5.406350612640381,5.517566204071045
bona,0,0.036512237,-2.3103530406951904,22.731542587280273,3.3326449394226074,2.7020160433967484,2.741236569952475,3.876190423965454,10.745741844177246,7.486937522888184,5.42351770401001,5.525516033172607
bona,0,0.04648005,-4.992715835571289,26.85313606262207,4.340165138244629,2.8322245658833727,2.7924540523197163,4.214412212371826,10.90227508544922,6.506589889526367,4.149555206298828,5.391876220703125
bona,0,0.028495882,-1.5073111057281494,28.368438720703125,-0.23451124131679535,2.782563735208436,2.79537324572694,4.0012736320495605,10.500452995300291,5.893341064453125,4.234529972076416,5.342953205108643
bona,0,0.04780072,-0.10466338694095612,23.799039840698242,1.3651221990585327,2.6930312091624105,2.8827355117413624,4.213290214538574,10.708965301513672,7.560560703277588,5.275969505310059,5.500646114349365
bona,0,0.037648093,-2.564883232116699,21.839523315429688,2.1366872787475586,2.547534346515556,2.673807286925652,3.5384297370910645,10.471938133239746,6.621602535247803,5.116477966308594,5.479455947875977
bona,0,0.02637381,-2.450772762298584,22.459789276123047,3.56105375289917,2.7636146400190484,2.7902665788813303,4.130929946899414,10.91145133972168,6.6030755043029785,4.503952503204346,5.357392311096191
bona,0,0.040774163,-4.391357898712158,24.869144439697266,3.131098747253418,2.8000135551544627,2.788825786948081,4.370750904083252,10.758170127868652,6.19619607925415,3.8318746089935294,5.306990623474121
bona,0,0.032029796,-4.006731986999512,26.296781539916992,2.2478621006011963,2.875784402324697,2.799950640145285,4.582390785217285,10.695579528808594,6.684519290924072,4.166747093200684,5.351057529449463
bona,0,0.023615958,-1.2679669857025146,36.07451629638672,0.8979079127311707,2.790279968660587,2.868167688236787,4.355523586273193,10.196928024291992,5.11550760269165,3.789488077163696,5.206498622894287
bona,0,0.025024347,-1.037182331085205,34.33850860595703,3.387239933013916,2.833172263139901,2.832579394291982,4.491726875305176,10.438581466674805,5.629895210266113,3.7469351291656494,5.080855846405029
bona,0,0.029212745,-5.158594131469727,32.29615783691406,3.0575613975524902,2.729100655250229,2.675376621936177,5.152989864349365,10.677090644836426,6.088395595550537,3.797569513320923,5.114545822143555
bona,0,0.033622336,-8.243295669555664,29.94843864440918,2.902998447418213,2.6246982682197717,2.8679393521559398,4.44893741607666,10.321900367736816,5.582399845123291,3.7057290077209473,5.229320049285889
bona,0,0.04783228,-0.5812164545059204,33.59585189819336,1.0071156024932861,2.9250872048769496,2.912922912243887,4.435783386230469,10.664974212646484,5.87094259262085,3.756367921829224,5.212068557739258
bona,0,0.03839997,-3.2483716011047363,25.119556427001953,4.577820777893066,2.7380181112182407,2.76585413929103,4.014829158782959,10.774863243103027,7.840856552124023,5.176679611206055,5.494369029998779
bona,0,0.03512539,-0.27644649147987366,27.41317367553711,4.110283851623535,2.839389975678672,2.807069168394364,4.319185733795166,10.861128807067873,6.703041076660156,4.203518390655518,5.290780544281006
bona,0,0.014678201,-5.706362724304199,45.552825927734375,0.17702557146549225,2.724629656999347,2.741372275715959,5.641332149505615,10.088831901550291,4.972660064697266,4.004960536956787,4.89136266708374
bona,0,0.057703327,-1.863243818283081,22.28830337524414,2.257993221282959,2.782543547652642,2.786203967735589,4.343350410461426,10.886009216308594,7.63981819152832,5.068153858184815,5.388855457305908
bona,0,0.071652174,-1.3420573472976685,23.459104537963867,2.939091444015503,2.8093330078095278,2.7771632219291864,4.000001430511475,10.867542266845703,7.198314666748047,4.821717262268066,5.494263172149658
bona,0,0.044577204,-3.1844067573547363,25.817129135131836,5.81441593170166,2.848036529629314,2.836029387447047,3.766332626342773,10.619877815246582,6.394176959991455,4.70488977432251,5.363240718841553
bona,0,0.043887105,-2.10223650932312,31.41658592224121,3.8671345710754395,2.593529516389926,2.6109097717620453,4.337411880493164,10.471979141235352,5.3310089111328125,3.732611179351807,5.202111721038818
bona,0,0.061146297,0.34218084812164307,22.708799362182617,4.042758941650391,2.843976610492751,2.6139127939151807,3.991665840148926,10.946876525878906,7.209141254425049,4.888246059417725,5.41758918762207
bona,0,0.041871812,-0.3184952735900879,21.890703201293945,1.6363309621810913,2.763778954794965,2.6987039914720694,4.139811038970947,11.136344909667969,7.983962535858154,5.269008159637451,5.500200748443604
bona,0,0.023038536,-3.842067241668701,25.571273803710938,5.377147674560547,2.636128573293936,2.744505613999465,3.519173622131348,10.58140468597412,6.582174777984619,5.1611104011535645,5.561267375946045
bona,0,0.047308356,0.545918345451355,23.014482498168945,2.3757483959198,2.8447728086174675,2.7154854054518034,3.871389627456665,10.841837882995604,7.217930793762207,5.053977489471436,5.515030384063721
bona,0,0.050195944,0.4767710864543915,23.32535171508789,3.268148422241211,2.7914310968193603,2.798622553590365,3.802912950515747,10.846246719360352,6.4147725105285645,4.743155479431152,5.512836456298828
bona,0,0.046764262,-5.4442291259765625,44.82957077026367,8.860486030578613,2.418455421952811,2.624044659493566,5.22264289855957,9.78585433959961,4.709869384765625,3.8072028160095215,5.337543964385986
bona,0,0.05125542,-4.327698230743408,23.93122673034668,2.311723232269287,2.7631064842926327,2.850998525387613,3.512113571166992,10.487000465393066,6.611627101898193,4.908044815063477,5.440962314605713
bona,0,0.06789898,1.4698264598846436,22.523468017578125,4.333627223968506,2.7604798929296765,2.668445374775948,4.102897644042969,11.084872245788574,7.383538246154785,4.8283305168151855,5.381217002868652
bona,0,0.058293305,-1.5930867195129395,26.973697662353516,2.495335817337036,2.80789904708996,2.7042499879846438,3.653538703918457,10.805017471313477,6.954533576965332,5.191011428833008,5.469164848327637
bona,0,0.061474312,-0.9555212259292603,26.894351959228516,6.8977484703063965,2.77380801686905,2.7366625784665404,3.924782514572144,10.940728187561035,6.651482105255127,4.837058544158936,5.519158363342285
bona,0,0.04647974,-3.8191874027252197,22.50883674621582,4.458012580871582,2.845970914108974,2.675259009905732,4.323317050933838,10.782404899597168,6.763484477996826,4.786806583404541,5.430921077728272
bona,0,0.062569305,-4.035491943359375,22.745113372802734,3.0008068084716797,2.8246183246547365,2.8394567188530604,4.374357223510742,10.87283992767334,6.139138221740723,4.022365093231201,5.323178291320801
bona,0,0.12348307,1.1636414527893066,22.075265884399414,3.3755271434783936,2.8798709015332484,2.8258318805380225,4.073151111602783,11.007774353027344,7.028891086578369,4.73994255065918,5.45957612991333
bona,0,0.037923522,-1.4390277862548828,22.35221290588379,1.8582632541656494,2.7762138779450805,2.66773232816104,3.5010581016540527,10.505891799926758,6.709961414337158,4.987411022186279,5.51983642578125
bona,0,0.036561947,-4.704722881317139,20.898508071899414,7.292657375335693,2.757739429937791,2.7048392892369986,3.801754713058472,10.723366737365724,7.1341047286987305,4.890748023986816,5.512282848358154
bona,0,0.076399684,-2.5427405834198,20.844799041748047,3.5781641006469727,2.82619960842188,2.756727657468348,4.156805038452148,11.046722412109377,7.113936901092529,4.429335117340088,5.360574245452881
bona,0,0.044718098,-0.05842447280883789,21.21132469177246,1.6510088443756104,2.8003854065841995,2.8090666171192327,4.167445182800293,11.029043197631836,8.000356674194336,5.5471391677856445,5.456148147583008
bona,0,0.059620846,1.0956945419311523,38.86301040649414,0.7454156279563904,2.801569010086938,2.8152168212620454,4.601584911346436,10.485407829284668,5.755003929138184,4.484097480773926,5.329613208770752
bona,0,0.06820467,-0.33074045181274414,22.2364501953125,5.842486381530762,2.852034015870747,2.8497461467519347,4.10145378112793,10.846259117126465,7.563884735107422,5.172412395477295,5.4957380294799805
bona,0,0.065889925,-8.342266082763672,41.41669464111328,3.4689722061157227,2.725067445755398,2.6103398583400925,4.582268238067627,10.23040008544922,4.314953804016113,3.7410881519317623,5.195595264434815
bona,0,0.04887722,-3.2408151626586914,27.1671199798584,2.2351107597351074,2.695864636772575,2.718401544343786,3.686410665512085,10.445975303649902,5.562025547027588,4.794610977172852,5.3915629386901855
bona,0,0.04091162,-1.819686770439148,22.115190505981445,1.947101354598999,2.771783822088871,2.6448469442474973,4.046797275543213,10.852387428283691,7.379725933074951,5.143805503845215,5.497261047363281
bona,0,0.14866501,1.8853096961975098,25.725543975830078,4.6772661209106445,2.727225693703842,2.9045286339471086,4.2850117683410645,10.808774948120115,6.218466281890869,4.09874153137207,5.362433910369873
bona,0,0.054452635,-3.4296889305114746,25.151893615722656,2.27742075920105,2.8433508634595963,2.770470328828689,4.2963643074035645,10.813810348510742,6.032785892486572,4.208633899688721,5.375865936279297
bona,0,0.03973201,-6.6251373291015625,41.864410400390625,2.68776535987854,2.6372777858787595,2.696814300443415,4.828927516937256,9.597576141357422,4.542693614959717,3.858464002609253,5.278773784637451
bona,0,0.047765914,-1.6149916648864746,24.317718505859375,1.5092536211013794,2.792440181877087,2.7911683643467184,4.178876876831055,11.167784690856934,6.927219867706299,4.826540470123291,5.430558681488037
bona,0,0.020734217,-11.044864654541016,38.26000213623047,2.022355079650879,2.706188719616926,2.6850792917925834,4.804161071777344,10.413844108581545,5.120917320251465,3.67192006111145,5.156920433044434
bona,0,0.064433955,-2.716794490814209,29.531612396240234,4.053660869598389,2.875197313342668,2.7775660525214687,4.465472221374512,10.578505516052246,5.770101070404053,3.738048553466797,5.337344646453857
bona,0,0.045116443,1.0540602207183838,23.848342895507812,3.577098846435547,2.780027272390434,2.726702406667166,4.143155097961426,10.80125617980957,7.325449466705322,5.344130992889404,5.4957427978515625
bona,0,0.04241659,-0.3320476710796356,21.46407127380371,6.288581848144531,2.8944661742004887,2.830152181635297,4.190394401550293,10.915608406066896,7.424262046813965,4.96619987487793,5.495323657989502
bona,0,0.044855643,-4.316507339477539,31.65460777282715,5.527426242828369,2.7840379478696584,2.778588468067379,4.113438129425049,10.62681484222412,5.71269416809082,3.969276189804077,5.257272720336914
bona,0,0.040019345,0.48022305965423584,24.58702278137207,6.165006637573242,2.870003972284985,2.797430575203911,4.15828275680542,10.97372341156006,7.431204319000244,4.945087909698486,5.476383686065674
bona,0,0.051340304,-2.7112820148468018,22.808162689208984,3.0832438468933105,2.773762223800296,2.77006152973437,3.5444154739379883,10.843697547912598,7.015378475189209,4.470687389373779,5.350787162780762
bona,0,0.039399307,-0.9930827021598816,30.044532775878906,1.529089331626892,2.843647801374063,2.8144595573742834,4.19770097732544,10.308794975280762,5.318891525268555,3.8669259548187256,5.2309746742248535
bona,0,0.016332764,-4.900918960571289,30.423948287963867,0.2320847064256668,2.773216896924195,2.8857298703127423,3.891278982162476,10.30636215209961,5.810267448425293,4.971936225891113,5.252038478851318
bona,0,0.04054735,0.689827561378479,22.59328269958496,5.36810302734375,2.862058337611808,2.8165600353292,4.261291980743408,11.208176612854004,7.655966281890869,4.821979999542236,5.364401340484619
bona,0,0.050336633,-0.37118321657180786,21.63442039489746,2.9048566818237305,2.8068506235111745,2.756042870576725,4.280447959899902,11.133784294128418,7.997591495513916,5.109756946563721,5.481602191925049
bona,0,0.05908795,-1.1900837421417236,19.29559326171875,1.3338744640350342,2.759146082929343,2.77601610565059,3.953455924987793,10.898780822753906,7.748898029327393,5.254515647888184,5.511181831359863
bona,0,0.030666657,-7.452213287353516,35.65165710449219,5.901132583618164,2.6688638973353407,2.775364496357908,4.719142436981201,10.440014839172363,6.078851699829102,3.790149688720703,5.269079208374023
bona,0,0.032801162,-4.827620983123779,21.06749725341797,1.4488147497177124,2.7561992465823684,2.8188055958754688,4.065188884735107,11.00418186187744,7.030026912689209,4.637397766113281,5.349717140197754
bona,0,0.017053204,-2.6910488605499268,26.656179428100586,3.528672218322754,2.847158384849138,2.837107412213732,4.165194034576416,10.866463661193848,7.079434871673584,4.694360256195068,5.289286136627197
bona,0,0.045755625,-5.491093158721924,31.037687301635742,1.2262754440307617,2.878998121955925,2.822486003421373,4.942771911621094,10.70192813873291,6.025270938873291,3.721249103546143,5.05841875076294
bona,0,0.06369543,-2.469670534133911,24.890743255615234,3.5758056640625,2.7805883910233176,2.892590093657614,3.5128448009490967,10.62608814239502,5.925202369689941,4.6858811378479,5.389340400695801
bona,0,0.05108974,-1.6941256523132324,30.27007293701172,6.269650459289551,2.8944336380004736,2.814668242732614,4.492457866668701,10.655035972595217,6.644703388214111,4.28004264831543,5.357033729553223
bona,0,0.07788287,0.3419855833053589,25.40228271484375,6.8162431716918945,2.8325074826109398,2.816262663643322,3.9776902198791504,10.809629440307615,6.031914710998535,4.176201343536377,5.241273880004883
bona,0,0.081841044,-1.9829703569412231,20.65911293029785,3.4725425243377686,2.853761271494121,2.80463675655523,4.274888038635254,10.979907035827637,7.240414142608643,5.029778003692627,5.452717304229736
bona,0,0.06428988,3.1555335521698,30.055984497070312,3.198875665664673,2.643956924034126,2.7528995531815625,4.003264904022217,10.52399730682373,5.532113552093506,4.2323079109191895,5.276294231414795
bona,0,0.06778703,2.821193218231201,23.94620132446289,6.470531463623047,2.7639686630884297,2.878053928527883,3.8037378787994394,10.185787200927734,6.647178649902344,5.355406761169434,5.396463394165039
bona,0,0.059519242,2.093533992767334,29.322444915771484,2.2715859413146973,2.837234931824982,2.8580482632537767,3.964503288269043,10.54452133178711,7.673955917358398,5.60117244720459,5.339531421661377
bona,0,0.030072264,-10.749682426452637,38.692928314208984,5.119387149810791,2.725088373939034,2.669725983560405,4.319626331329346,9.800843238830566,4.670561790466309,4.308683395385742,5.387098789215088
bona,0,0.074592665,-0.25966954231262207,23.643341064453125,3.627272129058838,2.89500947966333,2.80919174152582,4.288170337677002,11.01651382446289,7.201240539550781,4.954422473907471,5.3800153732299805
bona,0,0.071711004,-2.5368618965148926,29.847118377685547,3.502865791320801,2.82016745452262,2.6994772925743677,3.8518142700195312,10.548309326171877,5.566989421844482,4.594600200653076,5.216359615325928
bona,0,0.01847019,-9.215034484863281,42.80629348754883,2.5984177589416504,2.614539139943393,2.731843239328088,4.80028772354126,9.915284156799316,4.54409122467041,3.942347288131714,5.279588222503662
bona,0,0.023152921,1.237286925315857,80.81951904296875,4.067039489746094,2.2400755537391723,2.2748672451220653,7.462037563323975,7.993410587310791,2.989530324935913,2.5513217449188232,4.524414539337158
bona,0,0.061634053,1.2528932094573975,24.29408836364746,4.716717720031738,2.8469888923591533,2.743115532541306,4.096113204956055,10.887177467346191,7.121611595153809,4.810585498809815,5.2943501472473145
bona,0,0.04555067,-3.3747594356536865,22.919647216796875,0.3126189708709717,2.778668519096069,2.816526069959061,4.115148067474365,11.164578437805176,7.125214576721191,4.930174827575684,5.379554748535156
bona,0,0.077660315,2.112891674041748,23.02962303161621,2.9988574981689453,2.8538429773463627,2.7144854643094383,4.49699068069458,11.01285457611084,8.152860641479492,5.370025157928467,5.388510704040527
bona,0,0.038119756,-4.052742004394531,27.188302993774414,3.037628650665283,2.653649430691545,2.773844185880168,3.881308078765869,10.67635726928711,6.279951572418213,4.674769878387451,5.305739879608154
bona,0,0.06514762,1.8201075792312622,24.450891494750977,3.018130302429199,2.765560656966424,2.714946516377008,4.273224830627441,10.706762313842772,7.403970241546631,5.650909423828125,5.456446647644043
bona,0,0.07201376,1.1525887250900269,26.626718521118164,4.5019850730896,2.7261893037003877,2.6991367719260064,4.033761978149414,10.861861228942873,5.857523441314697,4.728960990905762,5.358011722564697
bona,0,0.049578927,-1.9967937469482422,26.26079559326172,0.2820301651954651,2.866354965371204,2.81807725839588,4.095874786376953,10.629490852355955,6.688241481781006,4.677501678466797,5.372118949890137
bona,0,0.051786467,-1.1370139122009277,24.746206283569336,3.2116482257843018,2.8495099202571628,2.723601899272878,4.022789001464844,10.80787754058838,6.087464332580566,4.770522594451904,5.440478801727295
bona,0,0.041138344,-1.9483320713043213,31.177175521850586,0.8066461086273193,2.8380624973550157,2.8690749382427736,4.061121463775635,10.569000244140623,6.294347286224365,5.3031907081604,5.370750904083252
bona,0,0.057307646,-2.0900583267211914,22.72751235961914,0.3293693959712982,2.8736073084649165,2.7784943134660907,4.3790435791015625,10.990741729736328,7.630953311920166,5.255558967590332,5.377603530883789
bona,0,0.055337157,1.7967262268066406,26.044551849365234,1.8571449518203735,2.8151560515483283,2.898023806643911,3.877822399139404,10.80957317352295,6.749313831329346,5.092203617095947,5.468324184417725
bona,0,0.056100033,-1.4155017137527466,24.98341941833496,2.1674094200134277,2.8061537421269667,2.888782167725263,3.890347480773926,10.835498809814451,6.908654689788818,5.177320957183838,5.4164862632751465
bona,0,0.043100037,-1.5588290691375732,24.36032485961914,1.033826231956482,2.8450106859547133,2.8704233208108567,4.13523006439209,10.843363761901855,7.51372480392456,5.210955619812012,5.377775192260742
bona,0,0.06005101,-0.4848670959472656,26.66746711730957,3.163240432739258,2.831656613389344,2.882125703438331,4.070455551147461,10.650444984436035,7.379866123199463,5.214831829071045,5.350358009338379
bona,0,0.057257988,-0.733457624912262,26.676374435424805,5.331510543823242,2.6846910931439774,2.7573095804794336,4.227991580963135,10.638435363769531,6.255630493164063,4.253318309783936,5.3061394691467285
bona,0,0.09624963,4.38955020904541,28.803529739379883,3.021322250366211,2.784826405881791,2.8151149933189195,4.349084377288818,10.69864273071289,5.479406356811523,4.104379653930664,5.383925914764404
bona,0,0.038692243,-2.713026523590088,33.82912826538086,5.21027135848999,2.826162459500576,2.8568449734683616,4.551336765289307,10.174955368041992,5.267695426940918,4.213949680328369,5.20616340637207
bona,0,0.09025202,2.4009945392608643,21.961687088012695,6.033534049987793,2.81867311550009,2.729842923422215,3.998051643371582,10.755247116088867,7.437891960144043,5.472071647644043,5.570882320404053
bona,0,0.035598315,-3.6555051803588867,30.474885940551758,2.9563493728637695,2.827874659075663,2.851151868380422,4.456950664520264,10.796768188476562,6.613932132720947,4.875692367553711,5.346380233764648
bona,0,0.051515404,-1.4346624612808228,24.66329002380371,4.298940181732178,2.896560400019465,2.850089655057228,4.250306129455566,10.665699005126951,7.006636142730713,4.875545978546143,5.446969509124756
bona,0,0.06918178,-2.349299192428589,24.37554931640625,2.509882926940918,2.777262796189888,2.8193147699322614,3.92901062965393,10.574007034301758,6.502635002136231,4.804751396179199,5.508372783660889
bona,0,0.03823866,0.5845568180084229,21.484771728515625,3.7189955711364746,2.7971088344304182,2.801243895669645,3.819760322570801,10.70168113708496,6.921360969543457,5.2106614112854,5.480885028839111
bona,0,0.05766884,2.7281904220581055,21.10956382751465,2.5808284282684326,2.80086579573222,2.7219835471275786,3.8833508491516113,10.827993392944336,6.813028812408447,4.803867340087891,5.418698310852051
bona,0,0.042937357,0.33212417364120483,23.13442039489746,5.683614730834961,2.839924700829907,2.79965329226336,4.263787746429443,10.786288261413574,7.13143253326416,5.3528900146484375,5.5188703536987305
bona,0,0.043192092,-0.3943183720111847,26.999095916748047,6.3376922607421875,2.8073230946086847,2.8332399925316225,4.233310699462891,10.949551582336426,5.974269390106201,4.84345006942749,5.437132835388184
bona,0,0.07034155,1.7501821517944336,24.427433013916016,7.192400932312012,2.824929323194648,2.815434324956246,3.9939138889312735,10.869424819946287,6.599698543548584,4.758585453033447,5.433615207672119
bona,0,0.069171004,2.7954468727111816,21.412622451782227,7.471044540405273,2.918585734472435,2.8075813206453635,3.96852970123291,11.05451202392578,7.497987270355225,5.14872932434082,5.443922996520996
bona,0,0.10759988,3.1235315799713135,23.790382385253906,4.8869476318359375,2.834803146191447,2.7082876315268547,3.832188606262207,10.839271545410156,7.2623186111450195,5.1909708976745605,5.552671909332275
bona,0,0.06603816,-1.0807751417160034,21.624603271484375,3.793532371520996,2.872650651927901,2.7828022136120816,3.883777618408203,10.982037544250488,7.271512508392334,4.974668979644775,5.534221172332764
bona,0,0.05538451,-3.4263787269592285,37.522464752197266,5.920527458190918,2.879118328984966,2.854498519916731,4.867638111114502,10.377535820007324,6.256831169128418,4.214577674865723,5.250521183013916
bona,0,0.0651135,0.9687439203262329,23.669069290161133,2.5058321952819824,2.6911909609834743,2.576224003750855,3.805746078491211,10.584078788757324,7.3417277336120605,5.880675315856934,5.627305507659912
bona,0,0.046931755,-3.7190756797790527,30.720552444458008,4.090816497802734,2.8768999308408025,2.8913247427444992,4.761999130249023,10.829720497131348,6.78413200378418,4.35507345199585,5.269864559173584
bona,0,0.053839155,0.5116369724273682,23.511695861816406,4.639483451843262,2.72950442437275,2.713029695243871,3.915583848953247,10.70619297027588,7.082820415496826,5.275802135467529,5.553533554077148
bona,0,0.04217754,2.3414528369903564,25.17823028564453,5.419936656951904,2.777345349208645,2.783386342598757,3.954184055328369,10.865646362304688,7.19639778137207,4.5653886795043945,5.460851669311523
bona,0,0.063216425,-1.2925338745117188,25.73390007019043,3.5935041904449463,2.8900855096754614,2.740416342084696,3.6037678718566895,10.489595413208008,5.771850109100342,4.515934944152832,5.445626735687256
bona,0,0.07009062,-0.27762189507484436,22.136369705200195,3.610837697982788,2.8494646437076296,2.7936684785618087,3.925070762634277,10.705601692199709,7.412835121154785,5.3779072761535645,5.519974708557129
bona,0,0.09540331,-1.3414244651794434,23.322702407836914,5.921887397766113,2.917738200477015,2.771103912749401,3.889007568359375,10.775568008422852,6.675671577453613,4.598659992218018,5.492276668548584
bona,0,0.06272167,-1.78517746925354,22.20380210876465,3.6559600830078125,2.7018614778461267,2.913121358411076,3.982579231262207,11.011515617370604,8.279175758361816,5.511845588684082,5.619482040405273
bona,0,0.037613444,-0.37751108407974243,25.922557830810547,4.7583441734313965,2.7504469763581256,2.853375768503825,4.187390804290772,10.681041717529297,6.459554195404053,4.810590744018555,5.4627766609191895
bona,0,0.05231665,-1.1773555278778076,27.592378616333008,4.690467357635498,2.860330061478221,2.850488617629064,4.144381046295166,10.445150375366213,6.007649421691895,4.223777770996094,5.457534790039063
bona,0,0.056104094,-1.6277334690093994,22.94130516052246,3.093179225921631,2.838359886851771,2.776881497233573,4.155539512634277,10.87998390197754,6.968548774719238,4.810651779174805,5.477374076843262
bona,0,0.059264857,1.254929542541504,24.08836555480957,1.7500196695327759,2.684646805818165,2.762821892494697,4.107501983642578,10.758368492126465,7.924027919769287,5.720952033996582,5.62467098236084
bona,0,0.052381337,-2.9753799438476562,28.689605712890625,3.7643725872039795,2.887536906334447,2.896889035817793,4.531465530395508,10.692157745361328,6.111300945281982,4.3033366203308105,5.327874660491943
bona,0,0.03308487,-4.055728435516357,39.09283447265625,4.758852005004883,2.79930958418164,2.831756678591255,4.962229251861572,10.319211959838867,5.562574863433838,3.764806032180786,5.150071144104004
bona,0,0.09138322,1.8157012462615967,24.1037654876709,7.3002028465271,2.727515875959364,2.849851630723605,4.242165565490723,10.823287963867188,7.552683353424072,5.36831521987915,5.556754112243652
bona,0,0.04514247,4.446622848510742,23.306060791015625,3.938584566116333,2.803439528827535,2.6019062366976424,3.905888080596924,10.638509750366213,6.485605716705322,4.704684734344482,5.489359378814697
bona,0,0.03243528,0.5261620283126831,31.532930374145508,3.677539110183716,2.699451676009674,2.932488199578853,3.781980276107788,10.21693515777588,5.751106262207031,4.425266742706299,5.301519393920898
bona,0,0.05352972,-0.5952534079551697,27.877307891845703,2.720341682434082,2.840089084306332,2.89923593203424,3.8034749031066895,10.516494750976562,5.88615083694458,4.673045158386231,5.409525871276856
bona,0,0.0534123,-0.29954296350479126,22.401466369628906,2.602933168411255,2.696327329086133,2.6771477682594624,4.246052265167236,10.74099063873291,7.68757438659668,5.183568954467773,5.5059123039245605
bona,0,0.05267218,-0.7170040607452393,25.184267044067383,1.758349061012268,2.6426915031461062,2.659537298204908,3.851324796676636,10.63210105895996,6.497182846069336,4.52923583984375,5.5333428382873535
bona,0,0.053325657,-0.7569771409034729,20.801799774169922,2.223276138305664,2.710760294009658,2.7916372302357506,4.178555488586426,10.906960487365724,8.400930404663086,5.388946056365967,5.487849712371826
bona,0,0.059923317,1.1875004768371582,21.642986297607422,4.689213275909424,2.815282130236845,2.581508231676094,4.0750885009765625,10.88476276397705,7.746256351470947,5.230531215667725,5.562561988830566
bona,0,0.09418594,2.1085147857666016,22.86570167541504,4.509912014007568,2.534922324874256,2.7984488839274184,4.0024094581604,10.842278480529783,8.01331901550293,5.581906795501709,5.529414653778076
bona,0,0.046533376,1.5302886962890625,31.670108795166016,1.9713492393493652,2.5631317778708,2.8150011034446782,4.014098644256592,10.427095413208008,5.791443824768066,4.757167339324951,5.355372428894043
bona,0,0.048284415,-1.382326364517212,32.73564529418945,1.8992469310760498,2.562012252611707,2.7372147849293507,4.5587263107299805,10.609960556030272,6.267016887664795,4.758386611938477,5.306663990020752
bona,0,0.051727936,-6.11335563659668,38.806861877441406,2.18644642829895,2.715609444169393,2.615533672867365,4.47905158996582,9.621575355529783,4.524019718170166,3.808814764022827,5.359786510467529
bona,0,0.06321707,-2.0000126361846924,30.19770050048828,6.109951496124268,2.7716469883524337,2.878577053823004,4.129530429840088,10.587886810302734,5.8764328956604,4.320359706878662,5.425235271453857
bona,0,0.04105621,-0.5644999146461487,23.0025691986084,4.644488334655762,2.837119316876568,2.830924768329405,4.110025882720947,10.61911964416504,7.546355247497559,5.3290181159973145,5.530832767486572
bona,0,0.09951058,-1.984166145324707,19.635974884033203,2.7593495845794678,2.776045305592046,2.8008652430544783,4.316307544708252,10.893527030944824,7.372860431671143,4.756198883056641,5.449357509613037
bona,0,0.07316085,-2.369537353515625,22.000242233276367,1.6000734567642212,2.7779243255112807,2.822343837706559,4.205163478851318,10.950754165649414,7.202558517456055,4.87588357925415,5.59599494934082
bona,0,0.0718584,-0.6155939102172852,20.679779052734375,3.979926109313965,2.73663422865071,2.8866854070319548,4.115293025970459,10.99389934539795,7.459540367126465,4.910219669342041,5.561108112335205
bona,0,0.03693294,-0.35131457448005676,23.87842559814453,2.3748202323913574,2.703704697220227,2.7432747472168524,3.445493459701538,10.640230178833008,6.753401279449463,5.191916942596436,5.569972515106201
bona,0,0.04009122,-1.1140596866607666,25.171876907348633,4.0772929191589355,2.847215799233457,2.810748223685928,4.5012922286987305,11.06020450592041,7.111166477203369,4.248016357421875,5.242374420166016
bona,0,0.031924862,0.5469633340835571,22.631441116333008,4.413146495819092,2.8291430878942694,2.7829021345724976,4.052061557769775,10.664085388183594,7.6987223625183105,5.004848957061768,5.482860565185547
bona,0,0.09043431,2.410374402999878,24.643667221069336,6.0186662673950195,2.784591176037123,2.7469655736053804,4.102636814117432,10.676395416259766,8.00444221496582,5.675612449645996,5.569417953491211
bona,0,0.056049637,1.5407710075378418,20.731809616088867,3.5385026931762695,2.686822892192666,2.859633091426475,3.855517625808716,10.806676864624023,7.882748126983643,5.693410396575928,5.572298049926758
bona,0,0.07603545,1.5859742164611816,20.89105796813965,6.490464687347412,2.8782935579501503,2.711998827388738,3.9279866218566895,11.08376121520996,7.779499053955078,5.037147521972656,5.547255516052246
bona,0,0.049025003,-1.2326107025146484,20.8144474029541,5.7540411949157715,2.701906226676619,2.882058705420326,3.990705728530884,10.893446922302246,7.732253551483154,4.966251850128174,5.483879566192627
bona,0,0.029185697,-0.6294608116149902,22.49320411682129,4.485713958740234,2.753050115885866,2.7323767350133106,3.818343162536621,10.957484245300291,7.119473934173584,5.453739643096924,5.569974899291992
bona,0,0.027682435,-0.24824464321136475,66.66372680664062,1.7978187799453735,2.6702765152217767,2.636764104514351,6.680174350738525,8.583908081054688,3.798527956008911,3.832865238189697,5.237729549407959
bona,0,0.05464829,-0.9711766242980957,23.54607582092285,1.209074854850769,2.692863280836282,2.696977312426289,3.977353572845459,10.783804893493652,6.795344829559326,4.944406986236572,5.467699527740479
bona,0,0.06364725,-0.06986826658248901,23.448122024536133,4.598963737487793,2.5558492598254885,2.7420784641232188,3.9990234375,10.707260131835938,7.087995529174805,5.043053150177002,5.520190715789795
bona,0,0.064485304,-0.8454205989837646,22.386857986450195,4.9953718185424805,2.8072938781800376,2.64688411125858,4.056493759155273,10.617809295654297,7.079063415527344,4.967140197753906,5.518579959869385
bona,0,0.0797717,2.0777158737182617,23.98009490966797,4.830780982971191,2.8767886027903837,2.817623753361512,4.125947952270508,10.849627494812012,7.098682403564453,4.428164482116699,5.437487602233887
bona,0,0.08477317,-1.089313268661499,36.696495056152344,5.778805732727051,2.8786780184968,2.7698950650109286,4.632900238037109,10.635686874389648,5.47056770324707,3.662484645843506,5.296120643615723
bona,0,0.08825461,1.8000476360321045,33.80903244018555,3.281062602996826,2.8423955960935605,2.89051191795805,4.573975086212158,10.73245334625244,6.115147113800049,4.022178649902344,5.218040466308594
bona,0,0.043878324,3.1117820739746094,32.02389144897461,8.279133796691895,2.7431674058094524,2.8359365824935163,4.166024208068848,10.425982475280762,5.94183349609375,3.821096897125244,5.232353687286377
bona,0,0.030837001,-1.3986042737960815,25.8149356842041,3.5163042545318604,2.712551197949208,2.8241898699078587,3.927368402481079,10.734817504882812,6.659494400024414,4.3870954513549805,5.438119888305664
bona,0,0.06212875,-0.40040528774261475,31.639638900756836,5.684176445007324,2.863027557472193,2.9090150170783247,4.507664203643799,10.479164123535156,5.496829986572266,3.872592449188232,5.341297626495361
bona,0,0.05487195,1.7101633548736572,25.60431671142578,5.30482292175293,2.782334452673983,2.858228365164643,4.081887722015381,10.872933387756348,7.078119277954102,4.6042680740356445,5.361744403839111
bona,0,0.04619746,-0.17678779363632202,31.539215087890625,3.814495325088501,2.8220562129231856,2.913390894217975,4.57620906829834,10.607108116149902,6.527706623077393,4.323335647583008,5.3983988761901855
bona,0,0.07104426,-0.8525546789169312,32.63627243041992,5.297327041625977,2.8856015524671634,2.8059272486647773,4.588869571685791,10.611873626708984,6.075411319732666,3.7755188941955566,5.195103645324707
bona,0,0.060631994,0.401015043258667,28.99944305419922,4.966005325317383,2.857276620444714,2.7633087692708087,4.213844299316406,11.006529808044434,7.103235244750977,4.412104606628418,5.296717166900635
bona,0,0.069339864,2.560697078704834,20.893085479736328,3.102670192718506,2.8488896547575417,2.8687546137742013,3.997780561447144,10.96198558807373,6.9837646484375,4.574382781982422,5.510428428649902
bona,0,0.0731822,-0.04157710075378418,19.300283432006836,6.730810165405273,2.6272270812600684,2.7820989535045983,4.036766529083252,11.00419807434082,7.368889808654785,4.792149543762207,5.450678825378418
bona,0,0.046767615,2.303424835205078,35.050498962402344,4.331546783447266,2.8839893679084154,2.866738047645542,4.707414150238037,10.589298248291016,6.174998283386231,3.981701850891113,5.287841320037842
bona,0,0.060894046,0.038042761385440826,23.152578353881836,8.702936172485352,2.798210136446284,2.782349176922496,4.192252159118652,10.820652961730955,7.008689880371094,4.424898624420166,5.399359703063965
bona,0,0.0412289,-0.9232977628707886,30.072166442871094,3.283717155456543,2.776647427301425,2.855409142307199,4.158318519592285,10.451021194458008,6.166069030761719,4.145120143890381,5.324336528778076
bona,0,0.06086969,0.9579175114631653,35.61094665527344,3.3369154930114746,2.70647890840308,2.813062550556048,4.2624335289001465,10.079500198364258,5.206282138824463,3.549171209335327,5.114424228668213
bona,0,0.048932336,1.1897614002227783,21.637542724609375,6.526124000549316,2.814926184448602,2.751910705850636,3.92069411277771,10.96960735321045,6.86445426940918,4.761815071105957,5.558803558349609
bona,0,0.027769519,-0.38064178824424744,37.98343276977539,4.548547267913818,2.8409141082202924,2.884659513729538,4.918921947479248,10.51231861114502,5.704325675964356,4.042794704437256,5.126739501953125
bona,0,0.06555423,-0.7255523204803467,28.357864379882812,3.9049293994903564,2.655682433384799,2.8578258833080734,3.68110990524292,10.304848670959473,6.159087181091309,5.18018913269043,5.471095561981201
bona,0,0.07791305,1.8700900077819824,22.28870391845703,6.788649559020996,2.8346108146188653,2.8888329577010485,4.156285285949707,10.832822799682615,8.117574691772461,5.508054256439209,5.5484113693237305
bona,0,0.04356867,0.7321829199790955,21.58855628967285,8.574865341186523,2.798057189044295,2.728013352150001,4.215353488922119,11.335195541381836,8.225555419921875,4.7137532234191895,5.473801612854004
bona,0,0.029290203,1.948751449584961,23.928796768188477,4.985745429992676,2.7281382824719937,2.77750492988868,3.648099660873413,10.971597671508787,6.904439449310303,4.58649492263794,5.304647922515869
bona,0,0.04890341,-0.10716116428375244,20.968656539916992,8.605281829833984,2.738789803742233,2.7230988941975856,3.8848023414611816,10.83205795288086,7.229615211486816,4.887164115905762,5.440946102142334
bona,0,0.05280997,1.4706509113311768,28.643333435058594,4.625210285186768,2.722212685670205,2.8351631473571035,3.716336965560913,10.44847583770752,6.037535667419434,4.379744052886963,5.376411437988281
bona,0,0.04366753,2.432694911956787,24.877544403076172,5.948808193206787,2.736364334967796,2.782147586931473,3.9582128524780273,10.7070894241333,7.273454666137695,5.036333084106445,5.457664966583252
bona,0,0.036368236,0.8217663764953613,22.052936553955078,8.734434127807617,2.693903172114518,2.8314424823627062,4.011569976806641,11.079776763916016,7.888704776763916,4.587018013000488,5.374232292175293
bona,0,0.059753247,1.8749332427978516,27.983522415161133,4.7205729484558105,2.769531858765776,2.846459810980685,4.127305030822754,10.785526275634766,6.305824279785156,4.006582260131836,5.3799333572387695
bona,0,0.035796326,-1.4480382204055786,31.439653396606445,3.9983761310577393,2.736144050782983,2.8715976188280674,4.2670979499816895,10.356522560119627,5.832964420318604,4.136081695556641,5.326339244842529
bona,0,0.06313315,2.8018996715545654,22.037322998046875,7.011086463928223,2.780913871557248,2.7225504520553936,4.056347846984863,10.861659049987791,7.391099452972412,4.797863483428955,5.481052875518799
bona,0,0.037677243,1.0254334211349487,23.52346420288086,6.185001373291016,2.654194078227574,2.732905306029715,3.982837438583374,10.744518280029297,7.013657093048096,5.199882984161377,5.485631942749023
bona,0,0.05922754,2.0322628021240234,24.32190704345703,7.850651741027832,2.820419761692994,2.659152517351636,4.040810108184815,10.797345161437988,7.132997035980225,5.072122097015381,5.413928508758545
bona,0,0.07770142,2.410196542739868,22.150663375854492,4.028444766998291,2.7662291288847327,2.766174153890924,4.096052169799805,10.816670417785645,7.4873552322387695,5.333141326904297,5.539315700531006
bona,0,0.07284957,1.045393466949463,21.053138732910156,6.4321675300598145,2.894040649094685,2.870544300986224,4.156063556671143,10.848782539367676,7.7152509689331055,4.871028423309326,5.471269130706787
bona,0,0.047134098,1.728769302368164,24.538421630859375,8.514822006225586,2.6191132832723367,2.5713105311990088,4.089998722076416,10.73100471496582,7.186577796936035,5.143354892730713,5.402347564697266
bona,0,0.038753,-0.010537326335906982,25.809492111206055,5.760267734527588,2.8064933309135176,2.780112855497547,3.9864730834960938,10.712536811828612,6.733293056488037,4.268838882446289,5.371736526489258
bona,0,0.041855503,-0.5107606649398804,21.06601333618164,1.5218043327331543,2.8882642333054886,2.7722307931648933,4.252444267272949,10.9417724609375,7.748578071594238,5.858242511749268,5.626187324523926
bona,0,0.09546571,-0.8592456579208374,23.239622116088867,5.566080093383789,2.664034861178018,2.576167324905404,4.048872470855713,10.833605766296388,6.699599742889404,5.2782816886901855,5.60011100769043
bona,0,0.08476078,0.2593192160129547,21.842365264892578,2.8497722148895264,2.763579347516994,2.784345229075126,4.104368686676025,10.759100914001465,7.118422985076904,5.0605669021606445,5.441069602966309
bona,0,0.05052074,-1.2810814380645752,25.701030731201172,1.7723382711410522,2.468564844103492,2.7658783834460743,3.852824449539185,10.709692001342772,7.204179763793945,5.100916862487793,5.534127235412598
bona,0,0.0766179,-1.4058516025543213,23.23708152770996,4.425170421600342,2.720813323345852,2.8359081379894366,3.6200220584869385,10.451875686645508,6.353573322296143,4.749137878417969,5.485485553741455
bona,0,0.08660865,-0.23063869774341583,26.81390953063965,1.7648669481277466,2.787116027057929,2.759024377970816,4.239536285400391,10.830310821533203,7.575230121612549,5.311860084533691,5.529932022094727
bona,0,0.02859534,-1.9464547634124756,23.668291091918945,3.5689969062805176,2.767723559315616,2.822916645068773,3.9696154594421382,11.079730033874512,7.361506462097168,4.93172550201416,5.577400207519531
bona,0,0.051555973,-1.2606816291809082,25.134387969970703,2.0065739154815674,2.722071688707616,2.724004539066491,3.7907114028930655,10.32736110687256,6.7553911209106445,5.279935359954834,5.503787040710449
bona,0,0.08193433,-2.1941099166870117,24.196060180664062,3.218472957611084,2.7823704095784105,2.725639143266101,4.275643348693848,10.787667274475098,7.440569877624512,5.291006088256836,5.545032978057861
bona,0,0.059772357,-1.7239875793457031,26.909320831298828,2.0379693508148193,2.826034360811675,2.775352689068794,4.398272514343262,10.896533012390137,7.102516174316406,4.959163188934326,5.441851139068604
bona,0,0.068879284,2.4888596534729004,23.993539810180664,0.5305780172348022,2.810061154161685,2.686675810748634,4.071101665496826,10.70265293121338,6.765162944793701,4.779343128204346,5.36261510848999
bona,0,0.04609237,-0.7718911170959473,24.7637939453125,2.2083628177642822,2.745939138341279,2.8172028585171933,4.189464569091797,10.714473724365234,7.587722301483154,5.765733242034912,5.531034469604492
bona,0,0.08668212,-2.590883255004883,23.340179443359375,2.9222097396850586,2.8579510498287486,2.870808923145161,4.066436767578125,10.86411952972412,7.086761474609375,5.265142440795898,5.58965539932251
bona,0,0.057406522,-1.2569903135299683,21.204801559448242,4.484235763549805,2.7617112632714136,2.7563688601741947,4.116363048553467,10.93881607055664,7.013289928436279,4.919161319732666,5.532822608947754
bona,0,0.060675,-1.4367759227752686,24.756282806396484,1.893031120300293,2.519970889282855,2.867434869476646,3.995962381362915,10.988292694091797,7.1413164138793945,5.359123229980469,5.539741039276123
bona,0,0.047474,1.8785427808761597,29.35200309753418,4.271553993225098,2.825118130837403,2.8321686405848205,4.57461404800415,10.859610557556152,6.542540550231934,4.499671936035156,5.521909713745117
bona,0,0.030136835,0.3258509635925293,30.24308204650879,1.3203870058059692,2.7819580037025538,2.709628050925358,3.8325753211975098,10.409377098083496,6.424493312835693,4.806188583374023,5.388214588165283
bona,0,0.06767976,0.630252480506897,29.297712326049805,4.810883522033691,2.7979054038662223,2.635357094083675,4.721574306488037,10.698205947875977,7.147967338562012,4.651822566986084,5.401022434234619
bona,0,0.03180961,3.5261988639831543,63.838993072509766,5.0601654052734375,2.626486517195451,2.621892073715949,6.551764965057373,9.283464431762695,4.353559494018555,3.2130203247070312,4.907060146331787
bona,0,0.048909433,0.3875821530818939,31.250612258911133,2.8682100772857666,2.720306898740611,2.868799011263645,3.776889324188232,10.42068099975586,6.272751331329346,5.391478061676025,5.508896350860596
bona,0,0.06365599,-5.616079807281494,29.130678176879883,3.6563704013824463,2.7723506581020825,2.898300776117119,4.588505268096924,10.858659744262695,5.905900478363037,3.7675838470458975,5.219283580780029
bona,0,0.061902333,0.553892970085144,25.00779151916504,4.882634162902832,2.6771091349273397,2.861624922108761,4.290092468261719,10.840775489807127,7.720631599426269,5.0918378829956055,5.191255569458008
bona,0,0.071262024,1.8871437311172485,21.282682418823242,4.663650035858154,2.7851338178609124,2.8603917858373475,4.0744709968566895,11.105927467346191,8.387158393859863,5.750344753265381,5.519329071044922
bona,0,0.04187003,-1.630424976348877,25.79869842529297,2.3165433406829834,2.575768040738836,2.7632839676530576,3.7403550148010254,10.754541397094728,5.968870639801025,4.59532356262207,5.378303050994873
bona,0,0.035813503,-1.0802154541015625,27.93670654296875,2.1674506664276123,2.8059311876031874,2.8273442931384083,3.6270673274993896,10.4345121383667,5.790042877197266,4.627091884613037,5.346060276031494
bona,0,0.043585308,-0.21992135047912598,24.08778190612793,2.8277313709259033,2.643465754546869,2.661529130143546,3.886764049530029,10.879117012023926,6.443107128143311,4.715093612670898,5.338523387908936
bona,0,0.052834,0.8036220073699951,21.86395835876465,2.832874298095703,2.796503040367277,2.810748223681266,4.144636631011963,11.310211181640623,7.58604621887207,4.796244621276856,5.417721748352051
bona,0,0.024846291,-0.8654278516769409,28.748699188232422,2.326488494873047,2.8101380773533107,2.709188635914616,3.824485063552856,10.67025661468506,5.820990562438965,4.581912517547607,5.291389465332031
bona,0,0.03076361,-0.8452063798904419,22.914106369018555,1.3006980419158936,2.835435733891842,2.844692302119617,4.235305309295654,10.82094383239746,7.419171333312988,5.383339881896973,5.389652252197266
bona,0,0.0336202,-2.4776651859283447,22.117473602294922,2.837526321411133,2.792535062573743,2.709684376921306,3.7792913913726807,10.917662620544434,6.826655864715576,4.783719062805176,5.399534225463867
bona,0,0.017311793,-1.8759373426437378,20.872543334960938,0.19223089516162872,2.8335872288042925,2.781916803925007,3.8509035110473633,10.80569076538086,6.834731578826904,5.15497350692749,5.392694473266602
bona,0,0.038195528,0.6391355991363525,22.234346389770508,3.442716598510742,2.591384061843833,2.692420158754925,4.199364185333252,11.1575345993042,7.380315780639648,5.312600612640381,5.449843883514404
bona,0,0.018152252,3.1596860885620117,25.083681106567383,3.3182053565979004,2.81661986900921,2.826922148019325,3.9267771244049072,10.599172592163086,8.227758407592773,5.537571430206299,5.40342378616333
bona,0,0.022977313,-2.7338576316833496,39.36460494995117,3.8386497497558594,2.633545612623403,2.641944364373256,5.02352237701416,10.029326438903809,5.243330001831055,4.11331844329834,5.227270603179932
bona,0,0.02549681,1.9569721221923828,25.351001739501953,7.697049140930176,2.810272350071957,2.8638457932356,3.917238712310791,10.80540943145752,6.807048320770264,5.395077228546143,5.436976909637451
bona,0,0.037441425,2.3292062282562256,22.036176681518555,6.205330848693848,2.796758728354232,2.7034079629290577,4.0548930168151855,11.200610160827637,8.087228775024414,5.322117328643799,5.425231456756592
bona,0,0.030732179,-2.1070287227630615,26.16053009033203,2.3909807205200195,2.7800121601333903,2.7881135147292584,3.9025185108184814,10.79085636138916,6.361063480377197,4.735307693481445,5.287720203399658
bona,0,0.028649803,-3.627908229827881,23.066513061523438,2.4968111515045166,2.7677846156820065,2.793718114607721,4.065038681030273,11.08536434173584,6.968274116516113,4.750737190246582,5.326903820037842
bona,0,0.023177562,-9.773517608642578,40.3442268371582,5.516556739807129,2.8727249876128216,2.804610959565623,4.997840881347656,10.368221282958984,4.532115936279297,3.705265760421753,5.143141746520996
bona,0,0.027932817,-4.10994815826416,22.307109832763672,3.867018461227417,2.482605981510697,2.622395754260312,3.754376649856568,10.942688941955566,7.001931667327881,5.022198677062988,5.440253734588623
bona,0,0.023504164,0.6063928604125977,22.87091636657715,3.831585645675659,2.770424087534328,2.785687233726945,3.9517204761505127,10.94095230102539,8.135530471801758,5.138776779174805,5.213830471038818
bona,0,0.026803581,0.9730181694030762,21.474864959716797,2.168071746826172,2.699333593562687,2.7617848258176654,4.133429050445557,11.253198623657228,7.538968563079834,5.093994617462158,5.313896656036377
bona,0,0.023484608,-2.7955427169799805,27.073251724243164,1.6537636518478394,2.874039508188579,2.807510136279292,4.13550329208374,10.99631118774414,6.542324066162109,5.050948619842529,5.377031803131104
bona,0,0.020853546,-2.9022912979125977,20.28810691833496,2.1844887733459473,2.857284780188016,2.836491292172893,3.8916497230529785,10.998300552368164,7.566434383392334,5.078866958618164,5.315827369689941
bona,0,0.025780994,2.483790874481201,20.526947021484375,3.420642852783203,2.6318544352485804,2.702123066744127,4.262375354766846,11.218618392944336,7.987782955169678,4.833364009857178,5.231581211090088
bona,0,0.021541515,-1.64497709274292,23.759794235229492,3.5568437576293945,2.713995888160931,2.734656824245816,3.943658351898194,10.58930492401123,7.42805290222168,5.528656959533691,5.443156719207764
bona,0,0.019669415,-2.251957416534424,22.913524627685547,3.812394380569458,2.772871594926469,2.797424840027782,4.103606224060059,10.69322109222412,7.127774715423584,5.2164740562438965,5.406528949737549
bona,0,0.024452459,-1.5616536140441895,21.46225929260254,-0.6812926530838013,2.737654380526336,2.742882711852243,3.976956605911255,10.87119197845459,7.288244247436523,5.239115715026856,5.423279285430908
bona,0,0.042558055,-2.4376227855682373,22.978178024291992,5.298579692840576,2.7161419740189454,2.7656194252125705,4.319549560546875,11.1795015335083,7.087428569793701,4.503841400146484,5.41559648513794
bona,0,0.032365225,1.8544102907180786,22.710107803344727,3.6895017623901367,2.770671766584164,2.6372677521499748,3.834362506866455,10.881093978881836,7.145265102386475,4.878726482391357,5.384842395782471
bona,0,0.039697085,-2.974335193634033,24.444141387939453,4.434526443481445,2.774492162180465,2.7469827653675427,3.8893988132476807,10.887152671813965,6.123830318450928,4.345566749572754,5.318268775939941
bona,0,0.024433484,1.2088432312011719,21.831451416015625,1.357849359512329,2.7636120230993395,2.763614369377763,4.184327602386475,10.808295249938965,7.570553302764893,5.456879615783691,5.322782516479492
bona,0,0.04055589,-1.8201788663864136,22.927194595336914,4.331170082092285,2.723626355949689,2.686262627519278,4.170011043548584,10.886038780212402,7.037208557128906,4.9485063552856445,5.396037578582764
bona,0,0.030968565,-3.2952628135681152,23.81858253479004,1.1193550825119019,2.758307481808264,2.655255853045229,3.4864327907562256,10.910027503967283,6.728455066680908,5.105194091796875,5.445630073547363
bona,0,0.04357095,-0.05467033386230469,22.49863052368164,2.278256416320801,2.6546536021953577,2.866567534650007,4.217857837677002,10.80556869506836,7.969411373138428,5.318082332611084,5.407450199127197
bona,0,0.02293215,-5.06158447265625,23.47837257385254,-0.2631448209285736,2.7806614340666926,2.894284482582992,3.742171287536621,10.693052291870115,6.4770827293396,4.998483657836914,5.352980136871338
bona,0,0.03927724,-3.5809502601623535,21.29880714416504,3.9252498149871826,2.7960135424711,2.7128118909245003,4.09540319442749,11.033260345458984,7.76179313659668,4.838284969329834,5.292847633361816
bona,0,0.030359503,0.835976243019104,22.610830307006836,-1.1969751119613647,2.791956388506645,2.7284409530304776,4.117159366607666,11.007427215576172,7.896571636199951,5.593884468078613,5.4027276039123535
bona,0,0.022338837,-0.14926904439926147,22.867483139038086,0.5022448897361755,2.786758963186017,2.754199199873792,4.06533670425415,10.984115600585938,7.3146467208862305,5.342962265014648,5.368746280670166
bona,0,0.029236222,-0.024800598621368408,22.602798461914062,1.9693275690078735,2.8931249088805653,2.8023828759987714,3.966938018798828,10.996624946594238,7.046687602996826,5.136653900146484,5.384022235870361
bona,0,0.027178535,-2.209127187728882,25.043657302856445,2.8178577423095703,2.8457508653817998,2.812127924813913,4.43459415435791,11.225858688354492,7.231291770935059,4.97199821472168,5.305788993835449
bona,0,0.027014958,1.1019748449325562,25.029741287231445,1.0367869138717651,2.830663329801587,2.7529623199969566,4.2277421951293945,10.92063331604004,7.711445808410644,5.744837760925293,5.462510585784912
bona,0,0.041743476,2.173123836517334,23.786779403686523,3.3817079067230225,2.749168186475441,2.7153395303855734,3.928289175033569,10.801396369934082,7.513884544372559,5.708039283752441,5.486837863922119
bona,0,0.05347382,-0.3855946958065033,21.663084030151367,3.908719301223755,2.717790211709996,2.7597405891261446,4.059343338012695,10.812687873840332,6.906450748443604,5.100744724273682,5.456801414489746
bona,0,0.0352694,1.464490294456482,24.491981506347656,4.34654426574707,2.7712080287711367,2.762612800073882,4.2114434242248535,10.903926849365234,8.192549705505371,5.394059658050537,5.387223243713379
bona,0,0.042962864,-1.5088858604431152,23.44635772705078,5.2117204666137695,2.8649104284309272,2.860105766072751,4.026235580444336,11.018058776855469,7.2650146484375,4.881258010864258,5.38569974899292
bona,0,0.02706119,-3.4379799365997314,26.872058868408203,3.0695688724517822,2.767982940730373,2.725734993739118,4.226378917694092,10.821333885192873,6.893712997436523,4.723699569702148,5.259134769439697
bona,0,0.02255883,-2.1094460487365723,26.011852264404297,1.260165810585022,2.767105059829132,2.7187433018587317,3.6821584701538086,10.866032600402832,6.4491777420043945,4.97960090637207,5.377614498138428
bona,0,0.024263134,0.1564403772354126,24.02592658996582,2.8114943504333496,2.7209239414102706,2.721150292188705,4.066786766052246,10.613946914672852,6.857192993164063,5.14628791809082,5.306020259857178
bona,0,0.020777142,-0.7862952947616577,21.912166595458984,1.9768263101577759,2.892717734359228,2.7178036712915365,4.116236209869385,10.743675231933594,6.957708358764648,4.849314212799072,5.384664058685303
bona,0,0.02612208,-1.5223095417022705,22.841753005981445,0.8590456247329712,2.7776776279330164,2.6091185781921338,3.8757691383361816,10.84352684020996,6.79110860824585,4.800821304321289,5.3898773193359375
bona,0,0.038961053,-2.099571704864502,20.445188522338867,3.662306547164917,2.8465300166386696,2.7748321860174845,4.0109405517578125,11.069462776184082,7.258701801300049,5.00687837600708,5.369262218475342
bona,0,0.023026848,-2.148808479309082,22.952199935913086,2.7543396949768066,2.875603926530661,2.7508875252846816,3.972883462905884,10.77163314819336,6.979451656341553,5.054758071899414,5.394268035888672
bona,0,0.022769677,-0.48614397644996643,20.674962997436523,2.6364426612854004,2.642322973505636,2.6713744400626074,4.127730846405029,11.14841365814209,8.080033302307129,5.558096408843994,5.444774627685547
bona,0,0.0271163,-3.577925443649292,22.864925384521484,1.3477295637130737,2.818942209914665,2.8715830678761165,3.9404029846191406,11.108073234558104,7.479914665222168,5.0162200927734375,5.430621147155762
bona,0,0.03410533,-1.9556654691696167,20.690155029296875,1.9137009382247925,2.7990565105938385,2.648868203947667,4.069341659545898,10.964496612548828,6.81031608581543,4.976837158203125,5.431755065917969
bona,0,0.02617976,-0.6250861883163452,22.454696655273438,1.4998531341552734,2.710187700961111,2.706354497632492,3.930139780044556,10.840757369995115,7.427417755126953,5.020940780639648,5.3815789222717285
bona,0,0.02330177,-0.15086841583251953,22.751859664916992,1.9721848964691162,2.673592023031211,2.666898352396209,4.082747936248779,11.252155303955078,6.506003379821777,4.55133056640625,5.300202369689941
bona,0,0.024886342,-3.7769265174865723,25.43967056274414,1.4129523038864136,2.7423728446499758,2.825369459128535,4.275506019592285,10.936574935913086,6.11685848236084,4.839910507202148,5.3696160316467285
bona,0,0.012477746,-0.839055061340332,24.361539840698242,6.01345157623291,2.7369208251096686,2.738342952493656,4.091170310974121,11.08100700378418,7.5403642654418945,5.359107971191406,5.437081813812256
bona,0,0.02403991,-1.4627635478973389,22.316741943359375,1.6477792263031006,2.734422176511808,2.8169739391525868,3.9336326122283936,10.9447660446167,7.099714756011963,5.17661190032959,5.375145435333252
bona,0,0.029904336,-0.3982439935207367,22.61423683166504,1.2030335664749146,2.7900174541662683,2.787949858538791,4.1609883308410645,11.05602741241455,7.144251823425293,4.957143306732178,5.31873893737793
bona,0,0.03243091,1.923595666885376,24.42879295349121,4.540743350982666,2.7780502818442705,2.62741843767632,4.2080607414245605,11.051472663879396,7.090122699737549,5.126828670501709,5.4298272132873535
bona,0,0.021210648,-1.8118566274642944,24.26201820373535,2.1462693214416504,2.66582664864426,2.8679289888228543,4.038877487182617,10.9798002243042,6.560559272766113,4.810317993164063,5.337425708770752
bona,0,0.03408775,-4.318819999694824,33.81818389892578,1.2990082502365112,2.7882539595522102,2.882657934931423,4.369476318359375,10.460077285766602,5.138856410980225,4.033263683319092,5.094198703765869
bona,0,0.031740252,-1.4910595417022705,21.838411331176758,6.2305731773376465,2.809602930314444,2.779405684299588,4.249581813812256,10.934924125671388,7.277705192565918,4.636506080627441,5.336222171783447
bona,0,0.023293024,-1.2625610828399658,51.53645706176758,6.088360786437988,2.603912196006926,2.612847632850116,5.664264678955078,9.571364402770996,4.715535640716553,3.650045871734619,5.192124366760254
bona,0,0.025302315,-3.583555221557617,26.298368453979492,1.3964465856552124,2.8194182556260965,2.6782799372819537,4.193699836730957,11.063726425170898,5.875755310058594,4.39077091217041,5.2247514724731445
bona,0,0.034416806,-0.23202276229858398,23.294635772705078,2.4784293174743652,2.820687207409159,2.7120329642374794,3.868163585662842,10.831183433532717,6.713482856750488,4.977819442749023,5.35636568069458
bona,0,0.022174297,-3.980337142944336,29.198835372924805,1.130090355873108,2.8738911259051045,2.8453026631108056,4.120253562927246,10.655290603637695,5.613995552062988,4.333460330963135,5.06688928604126
bona,0,0.032915,0.24537557363510132,25.57036590576172,4.483885765075684,2.843487294002942,2.7906603984391243,4.4589524269104,10.96482276916504,7.116979598999023,4.9497246742248535,5.347360134124756
bona,0,0.032937977,-3.380155324935913,29.451936721801758,1.363525152206421,2.782276388794,2.851893793380706,4.431178569793701,10.835829734802246,6.611085414886475,4.443210124969482,5.252956867218018
bona,0,0.044603437,-2.2710297107696533,26.812368392944336,0.9890475869178772,2.755780072716762,2.8768636917975297,4.200758934020996,10.896090507507324,5.780539989471436,4.4158220291137695,5.290033340454102
bona,0,0.038118165,-3.4313530921936035,30.95677947998047,5.471714019775391,2.787942471979928,2.781441270900131,4.468005657196045,10.62181568145752,5.604433536529541,3.62841796875,5.214025974273682
bona,0,0.05521367,-2.903995990753174,22.9261531829834,1.9706830978393555,2.791350829018568,2.839728459526897,3.855752229690552,10.758655548095703,7.236456871032715,4.837773323059082,5.352072715759277
bona,0,0.049692973,0.16265279054641724,21.514822006225586,1.4337571859359741,2.665136549317528,2.569153350971628,3.760985136032105,10.964073181152344,6.806405067443848,4.678070068359375,5.379659652709961
bona,0,0.045213062,3.248284339904785,27.296960830688477,4.702334403991699,2.7282335604347563,2.689237745046782,4.132150173187256,10.792814254760742,7.670797824859619,4.9886155128479,5.260174751281738
bona,0,0.040886853,-4.737038612365723,22.895694732666016,4.700572490692139,2.859483762674319,2.7881466036708296,4.152556896209717,11.192831993103027,7.199434757232666,4.727292537689209,5.426939487457275
bona,0,0.03502446,-4.215373516082764,24.514493942260742,4.58479642868042,2.7863626019620185,2.642753818418626,3.817620277404785,10.744937896728516,5.763279438018799,4.440839767456055,5.292744159698486
bona,0,0.05178158,-2.406256675720215,21.10832977294922,4.3741936683654785,2.7192585803535274,2.6745168681596603,4.409833908081055,11.212575912475586,7.779437065124512,4.670757293701172,5.392602443695068
bona,0,0.041149914,-1.159708023071289,24.066024780273438,3.8748950958251953,2.872496651606204,2.775158050364253,4.242300510406494,11.093771934509276,6.501258373260498,4.2087273597717285,5.292811870574951
bona,0,0.025538424,-6.813928604125977,59.80653381347656,3.704495668411255,2.598429275108922,2.739962504582761,5.787240982055664,9.05406665802002,4.198331356048584,3.8087198734283447,5.118747711181641
bona,0,0.052285444,-0.0029484033584594727,22.777536392211914,3.7122654914855957,2.854310437133822,2.737391515764675,4.15506649017334,10.789262771606444,7.359426021575928,4.976719379425049,5.368404865264893
bona,0,0.062016886,-0.8489279747009277,22.232458114624023,2.5531413555145264,2.8392599724948244,2.878692086728934,3.8382489681243896,11.035216331481934,7.12202262878418,4.745266914367676,5.356430530548096
bona,0,0.052301813,-1.6605303287506104,24.200674057006836,5.442336082458496,2.790184353997428,2.646908609721691,4.277519226074219,10.92031955718994,6.658970832824707,4.687893390655518,5.429780960083008
bona,0,0.030091705,-6.686673164367676,32.171138763427734,0.649774432182312,2.6095153740522674,2.8355351253941268,4.487546443939209,10.70260524749756,5.977949142456055,4.274160861968994,5.147410392761231
bona,0,0.029696826,1.6601669788360596,27.485393524169922,2.829967498779297,2.75788960718687,2.6296299224687627,4.211928367614746,10.60360050201416,7.3293538093566895,5.04274845123291,5.163655281066895
bona,0,0.031374305,-1.0634346008300781,22.52037239074707,2.0365664958953857,2.9132679721465133,2.7220625042526536,4.1221604347229,10.797277450561523,6.960859775543213,4.800899028778076,5.234008312225342
bona,0,0.031550728,-2.9959042072296143,35.73953628540039,5.814925193786621,2.6728055982246706,2.7097076804006,4.749205589294434,10.201486587524414,5.182801246643066,3.700515031814575,5.157576084136963
bona,0,0.02759562,-4.2578959465026855,23.795949935913086,-0.8610967993736267,2.8079085413616705,2.842655714225362,3.7235286235809326,10.509076118469238,6.428761959075928,4.86147928237915,5.210731029510498
bona,0,0.03032721,-2.3231401443481445,28.815174102783203,1.7037334442138672,2.8606849788172037,2.7417992911079017,4.299825191497803,10.743120193481444,6.468410968780518,4.452975749969482,5.116055965423584
bona,0,0.037992906,0.7820615172386169,25.219768524169922,5.076754570007324,2.813240713157963,2.825733231604613,4.253271102905273,10.822270393371582,7.172482013702393,4.623526096343994,5.138310432434082
bona,0,0.030714115,1.0092923641204834,27.345552444458008,4.146934509277344,2.766682566633865,2.7501581022217043,4.51505708694458,10.871399879455566,8.862863540649414,5.535235404968262,5.273829936981201
bona,0,0.04026301,0.5778965950012207,37.932830810546875,6.534284591674805,2.61396709030012,2.7010982020054497,4.741583824157715,9.97881031036377,4.755776405334473,3.586097478866577,5.11771821975708
bona,0,0.031606015,-4.862846374511719,25.639049530029297,3.373598098754883,2.8101997841185584,2.7636677749958807,4.225780963897705,10.86833667755127,6.6372270584106445,4.461879253387451,5.281002998352051
bona,0,0.032364115,-1.1290295124053955,26.333023071289062,4.109988689422607,2.6350240004203216,2.6723288841063195,4.122193336486816,10.894227981567385,6.475893497467041,4.560464859008789,5.186961650848389
bona,0,0.030350704,-2.6273882389068604,22.662817001342773,0.24932755529880524,2.9480934949516957,2.832915653850857,3.9368627071380615,10.992907524108888,6.736501216888428,4.975257873535156,5.355839252471924
bona,0,0.04195095,-0.08356475830078125,22.8021297454834,5.064250946044922,2.676097201228213,2.7966167373465183,4.158248424530029,10.625824928283691,7.670985698699951,5.199404239654541,5.317377090454102
bona,0,0.032124285,-0.06252508610486984,23.58025360107422,3.7673897743225098,2.74100034347248,2.697179158563274,3.7659740447998047,10.6046724319458,7.360755920410156,4.772292613983154,5.148789405822754
bona,0,0.031247502,-2.0978188514709473,26.005569458007812,2.7563419342041016,2.8736383814866056,2.848879323294979,3.834680557250977,10.878707885742188,6.640666961669922,4.485651016235352,5.120355129241943
bona,0,0.035062376,1.152379035949707,22.964935302734375,2.8293588161468506,2.8879020505018267,2.784909733261054,3.901979446411133,10.740263938903809,7.290970325469971,5.113096714019775,5.349833965301514
bona,0,0.041170154,-1.3537898063659668,26.012178421020508,2.2157838344573975,2.772271048931669,2.7582903917936945,4.35698127746582,10.929383277893066,6.8940110206604,4.481215000152588,5.051689147949219
bona,0,0.048328634,-0.4073562026023865,23.711366653442383,3.479489803314209,2.871201685785657,2.8714799956058745,4.047585487365723,11.15908908843994,7.463995933532715,4.436234951019287,5.13191032409668
bona,0,0.041982334,-0.8397716879844666,21.198348999023438,2.986644744873047,2.77572104084546,2.7712388032497124,4.381840229034424,10.973071098327637,7.879734516143799,5.207005500793457,5.359200954437256
bona,0,0.03285751,1.2866368293762207,28.611085891723633,1.0942641496658325,2.813164362384881,2.708527435303486,4.36058521270752,11.048585891723633,6.741772651672363,4.718456268310547,5.178591251373291
bona,0,0.028166851,-6.2530198097229,21.149921417236328,4.45442533493042,2.885724183477885,2.793497434464405,4.12302827835083,10.904431343078612,7.175832271575928,4.776091575622559,5.342619895935059
bona,0,0.047445767,-0.32150906324386597,22.52325439453125,0.6075886487960815,2.8481559520376187,2.849663906123252,3.944609880447388,10.900690078735352,7.041181564331055,4.820533275604248,5.3409199714660645
bona,0,0.03562577,-3.0617995262145996,24.926212310791016,2.7483561038970947,2.830389006616431,2.818107605325499,4.069053649902344,10.900379180908203,6.573647499084473,4.517145156860352,5.243344306945801
bona,0,0.03546854,-0.14198194444179535,21.896846771240234,4.107895851135254,2.762696772756412,2.815249771118587,4.070463180541992,10.997764587402344,7.0678324699401855,4.787838459014893,5.156347751617432
bona,0,0.030599533,-1.9369759559631348,22.932924270629883,5.038684844970703,2.886421462085157,2.7883531148440324,3.994472503662109,10.965734481811523,7.372157096862793,4.99626350402832,5.150293350219727
bona,0,0.03195704,-1.1220872402191162,22.715167999267578,3.1402013301849365,2.812612911528818,2.7290480055179063,3.98470139503479,10.87975788116455,6.901772975921631,4.554698944091797,5.189177989959717
bona,0,0.035304885,1.9666709899902344,22.003419876098633,4.819424629211426,2.7660970341979016,2.7189037464050507,4.195623397827148,10.987549781799316,7.844183921813965,4.979017734527588,5.214394569396973
bona,0,0.043931857,-3.4779372215270996,24.789627075195312,3.733330726623535,2.746359064683248,2.808086751040037,4.139547348022461,10.968002319335938,6.1842241287231445,4.611087322235107,5.359859943389893
bona,0,0.038884368,0.8899744153022766,22.78484535217285,7.520942211151123,2.8519749769819507,2.8018223365188315,3.917250871658325,10.895254135131836,7.165101528167725,5.247884750366211,5.354437828063965
bona,0,0.038033444,1.0551378726959229,25.051233291625977,2.9057090282440186,2.7575582497744504,2.6661920983986143,4.0540690422058105,10.43533420562744,6.887688159942627,5.451639175415039,5.378084182739258
bona,0,0.026085425,-7.382605075836182,34.547218322753906,2.4080185890197754,2.598821827621664,2.735242337956546,4.628167152404785,10.065730094909668,5.068057537078857,4.360775470733643,5.443850994110107
bona,0,0.02680106,-0.650815486907959,23.40371322631836,2.3439950942993164,2.851729965920912,2.691434508106246,3.875646114349365,10.99538230895996,7.326874732971191,5.8069353103637695,5.508089542388916
bona,0,0.034147907,0.8077712655067444,23.119155883789062,1.2796142101287842,2.705002321726061,2.78284506478744,4.178594589233398,10.80084991455078,7.857232093811035,5.774292945861816,5.428151607513428
bona,0,0.030566266,-4.822427749633789,23.389236450195312,2.2241134643554688,2.881873641440242,2.7325503286742574,3.8814117908477774,10.78796672821045,6.70267391204834,5.196117401123047,5.431791305541992
bona,0,0.04036304,1.0554438829421997,23.270240783691406,2.3724818229675293,2.7236093317674808,2.7575128417956885,4.251886367797852,10.710848808288574,7.610358238220215,5.483657360076904,5.341875553131104
bona,0,0.03779798,-3.2975025177001953,25.118610382080078,3.432359457015991,2.708253088295702,2.773076675700592,4.27202844619751,10.747304916381836,6.971924781799316,4.320644855499268,5.314202308654785
bona,0,0.03446472,2.6504197120666504,25.210660934448242,6.384793281555176,2.772405099442066,2.714608451467892,4.154338359832764,11.015299797058104,7.287513732910156,4.751628875732422,5.14414119720459
bona,0,0.021542178,-6.279691219329834,23.856475830078125,2.9423797130584717,2.9242478306168724,2.8628297098307804,4.177983283996582,10.929949760437012,7.276109218597412,5.401956081390381,5.463853359222412
bona,0,0.039453186,-3.4609556198120117,23.07912826538086,1.571365237236023,2.832048829114844,2.788904794228875,4.3090596199035645,11.351714134216309,7.94310188293457,5.300281524658203,5.490293979644775
bona,0,0.024869712,0.7379474639892578,42.14426040649414,2.3563175201416016,2.6539897064994875,2.6811364672378843,4.745190620422363,10.442734718322754,4.010295391082764,4.277279376983643,5.27363395690918
bona,0,0.036907226,-4.047679424285889,27.239892959594727,4.6339616775512695,2.8822691806725,2.6616816855273013,4.649388313293457,11.0797119140625,6.684445381164551,4.147569179534912,5.265782356262207
bona,0,0.046846025,-2.9611339569091797,28.274492263793945,7.784132957458496,2.86341237087016,2.823478593147441,4.200039386749268,10.638664245605469,5.379631042480469,4.649043083190918,5.462881565093994
bona,0,0.033147365,-5.964859962463379,23.872486114501953,4.196286201477051,2.724012616904812,2.8638201596996287,4.437191486358643,10.91572093963623,7.43738842010498,4.9451003074646,5.471708297729492
bona,0,0.05313551,0.39788293838500977,25.370704650878906,4.982964992523193,2.7984278730463337,2.794492575765546,3.9397530555725098,10.85964012145996,6.0734028816223145,4.367518424987793,5.332373142242432
bona,0,0.030714812,-4.355416774749756,25.368921279907227,3.2939977645874023,2.9334436403285244,2.8036781541949467,4.122154235839844,10.687650680541992,6.1067891120910645,5.03657341003418,5.510604381561279
bona,0,0.041097835,-4.200133323669434,27.955236434936523,1.9789565801620483,2.810849623452666,2.7399649489051576,4.2978515625,10.776030540466309,6.051680088043213,4.523614883422852,5.393021106719971
bona,0,0.048766304,-0.19069883227348328,23.265499114990234,3.0535571575164795,2.6823178803471315,2.6524285061103803,3.835026025772095,10.791624069213867,6.958765983581543,4.968379020690918,5.370310306549072
bona,0,0.042280458,0.8065057992935181,23.65291404724121,4.289124488830566,2.722509179581645,2.837128423089616,3.851605892181397,10.514459609985352,7.280708312988281,5.472642421722412,5.484619140625
bona,0,0.040046737,0.013498127460479736,25.02292251586914,3.4848413467407227,2.8458179666946672,2.8515396271935587,3.815692663192749,10.750574111938477,5.652793884277344,4.717240810394287,5.396517276763916
bona,0,0.048501976,-0.2839331030845642,23.946809768676758,5.435888290405273,2.736760170784946,2.736408476330177,4.156516551971436,10.86815071105957,6.998847961425781,5.0680012702941895,5.4001641273498535
bona,0,0.03953378,-0.5224686861038208,20.88593292236328,1.9271255731582642,2.858130157650113,2.7819621172604503,4.302595615386963,11.10511589050293,7.722824573516846,5.135198593139648,5.345449447631836
bona,0,0.049586367,-0.9399639368057251,22.523645401000977,2.2815394401550293,2.897602012403841,2.8633193111245103,4.037294387817383,11.171466827392578,7.311053276062012,4.79097318649292,5.412732124328613
bona,0,0.038187396,-2.35284423828125,23.514101028442383,3.9435994625091553,2.8827377153391045,2.7183184730858323,3.858068227767944,10.762333869934082,6.637073516845703,4.95035982131958,5.346936702728272
bona,0,0.032996416,-3.355260133743286,20.96169090270996,0.7057708501815796,2.851858453735088,2.7927321829311027,4.136718273162842,10.735569953918455,7.404440402984619,5.365128040313721,5.4817728996276855
bona,0,0.043405537,-0.29673048853874207,23.149169921875,2.364499092102051,2.8861071395258358,2.8311808382600447,3.895779848098755,10.76432991027832,7.314946174621582,5.397750377655029,5.393081188201904
bona,0,0.04352681,1.7045540809631348,24.798492431640625,2.274205207824707,2.752315403554224,2.81916156966421,4.339297771453857,10.495635986328123,7.38783073425293,5.467122077941895,5.421304225921631
bona,0,0.055213377,1.8300762176513672,23.325471878051758,3.812595844268799,2.765654913015554,2.705898236305329,4.148568153381348,11.204007148742676,7.6596760749816895,5.023791790008545,5.257990837097168
bona,0,0.05257919,2.347118616104126,24.955392837524414,4.079354286193848,2.7809194101473347,2.8629175540273013,4.30495548248291,10.925387382507324,7.919032096862793,5.252076625823975,5.283430576324463
bona,0,0.047959734,0.9646660685539246,25.49704360961914,4.009879112243652,2.7892475137311203,2.748217946796672,4.294993877410889,10.763959884643556,7.759398460388184,5.212634086608887,5.401715278625488
bona,0,0.051763993,0.13996687531471252,24.61922836303711,2.80373477935791,2.794139589825021,2.757471837387547,3.928152084350586,10.91523265838623,7.434797286987305,5.190178394317627,5.417822360992432
bona,0,0.042801544,-2.973788261413574,21.07199478149414,3.7809362411499023,2.785798292361437,2.7920330324642526,4.394265651702881,11.329951286315918,7.56743049621582,5.244815349578857,5.500452041625977
bona,0,0.0681394,1.294116497039795,24.985326766967773,1.3482588529586792,2.750299547309491,2.7586550350604617,4.193475246429443,10.879748344421388,7.54054069519043,5.206178665161133,5.489674091339111
bona,0,0.054718703,-3.5331950187683105,24.2681884765625,5.357969284057617,2.769076700389598,2.828031540206404,4.457198143005371,10.728346824645996,6.608170509338379,4.809397220611572,5.403139114379883
bona,0,0.04471544,-2.5814898014068604,25.680339813232422,2.7158730030059814,2.7998829834941423,2.7949094984418905,3.887125253677368,10.449403762817385,6.685522079467773,4.7041544914245605,5.476908206939697
bona,0,0.05113385,-1.8478002548217773,23.58000373840332,0.4198739528656006,2.845842769626531,2.865078929542591,3.7741849422454834,10.840716361999512,5.917153835296631,4.556697845458984,5.390247344970703
bona,0,0.069086,0.6405959129333496,21.42268180847168,5.266373634338379,2.8362422885805056,2.850166441743191,4.028878688812256,11.0754976272583,8.148907661437988,5.295833110809326,5.465327262878418
bona,0,0.057595976,-1.1737853288650513,22.8136043548584,2.5808157920837402,2.853709792598256,2.6983353322709656,3.999375581741333,10.9474458694458,6.374486923217773,4.439433097839356,5.421108722686768
bona,0,0.061829023,3.70106840133667,25.59074592590332,2.1223087310791016,2.755504441436018,2.7195472740117665,3.879404783248901,10.544815063476562,6.102514266967773,4.7332844734191895,5.27323055267334
bona,0,0.06747225,5.309571266174316,25.5075740814209,7.526144981384277,2.7995030844127773,2.8560700555631304,4.230640411376953,10.633891105651855,7.335792541503906,5.089306831359863,5.276023387908936
bona,0,0.04180774,1.102504014968872,25.244783401489258,3.3677103519439697,2.8402499809765507,2.762726805733043,3.763957500457764,10.658677101135254,6.090010643005371,5.283657550811768,5.407191753387451
bona,0,0.05389013,-1.2390753030776978,26.888456344604492,0.12242130190134048,2.847660468645075,2.868477477267395,3.670090913772583,10.634350776672363,5.572770595550537,5.114617347717285,5.486411094665527
bona,0,0.034499284,-8.279047012329102,31.076066970825195,4.647483825683594,2.738878585277248,2.7124520863183283,4.321818828582764,10.507525444030762,6.454437255859375,5.005120277404785,5.46653413772583
bona,0,0.04016659,-8.82558536529541,70.37977600097656,3.1577377319335938,2.5967355552312,2.6315277359786107,6.855376720428467,8.396550178527832,3.520272731781006,3.790613889694214,5.384581565856934
bona,0,0.04874274,-2.761638641357422,22.003633499145508,4.965048789978027,2.7579157521828974,2.709573917981553,3.6757330894470215,10.769821166992188,6.710033416748047,4.924508094787598,5.5051045417785645
bona,0,0.047946304,-3.215158700942993,21.113052368164062,3.9912643432617188,2.7957802457047163,2.776989356964262,3.995486736297608,11.01478099822998,7.191307067871094,4.753462314605713,5.485754489898682
bona,0,0.044202738,-0.7376722097396851,23.4464168548584,2.719094753265381,2.636507654161322,2.734864121831176,3.546945333480835,10.735307693481444,7.004534721374512,4.947150230407715,5.417454242706299
bona,0,0.062510535,-1.0099129676818848,23.01828956604004,2.6826508045196533,2.8752990511655487,2.644492411532611,4.520346164703369,11.059136390686035,7.8404541015625,5.042671203613281,5.474616050720215
bona,0,0.043506216,-1.7258448600769043,26.807952880859375,7.230698585510254,2.896372317219877,2.848824425238836,4.520657539367676,10.78983211517334,5.976194858551025,4.297100067138672,5.441664695739746
bona,0,0.06302801,-1.3629047870635986,24.024961471557617,3.4073400497436523,2.7608782992960124,2.757174269049055,3.758466720581055,10.658928871154783,6.532615661621094,5.146705627441406,5.522815227508545
bona,0,0.046813965,-2.322866916656494,38.401878356933594,0.7397377490997314,2.8735465499999875,2.811814812333245,4.801169395446777,10.207734107971191,4.930263042449951,3.710820436477661,5.069320201873779
bona,0,0.04943917,-1.662076711654663,24.60963249206543,1.5452862977981567,2.6807719612215584,2.789615414982473,3.7507457733154297,10.731122970581056,6.249204158782959,4.625968933105469,5.353705883026123
bona,0,0.052562032,-3.6371774673461914,23.480712890625,4.53479528427124,2.773605099735697,2.6696235157812414,3.797518491744995,10.784754753112791,6.177317142486572,4.405160427093506,5.341283321380615
bona,0,0.033484817,-1.3867833614349365,24.564807891845703,1.2257261276245117,2.5966283699472763,2.847502592120584,3.99547815322876,10.754727363586426,7.404489994049072,5.704254627227783,5.433729648590088
bona,0,0.059747815,0.4556785821914673,25.587902069091797,3.3005919456481934,2.65000119951353,2.7266633824676463,4.044816970825195,10.744242668151855,7.436896324157715,5.156899929046631,5.344345569610596
bona,0,0.044599876,-8.644392967224121,39.84239196777344,6.152339458465576,2.7033690527701406,2.7525955223413163,4.582513809204102,9.701742172241213,4.590947151184082,3.615064859390259,5.307119369506836
bona,0,0.04626324,-2.6177968978881836,25.23597526550293,1.2383785247802734,2.7190907590926505,2.857926434635264,4.069370746612549,10.897457122802734,6.190888404846191,4.353797435760498,5.255336761474609
bona,0,0.045841984,1.0205416679382324,24.172714233398438,3.932217597961426,2.906353109321958,2.752556894953458,4.255011558532715,11.115599632263184,6.9147233963012695,4.477048397064209,5.340666770935059
bona,0,0.040763777,-0.2768913507461548,26.431428909301758,1.6236988306045532,2.8644082275926555,2.8751675343019194,4.012594223022461,10.441383361816406,6.7784600257873535,5.425095081329346,5.461668014526367
bona,0,0.040029854,-3.7485904693603516,32.35246658325195,1.8406943082809448,2.748421936918079,2.87135731559882,4.247389316558838,10.389114379882812,5.192313194274902,4.1615800857543945,5.253370761871338
bona,0,0.058994368,-2.086418628692627,22.307777404785156,3.4892029762268066,2.718181162753446,2.704149969774314,4.032744407653809,10.903280258178713,7.103536128997803,5.376229763031006,5.54126501083374
bona,0,0.03967104,-6.468555450439453,39.991703033447266,3.3300795555114746,2.5634962306275706,2.714455114475704,4.881825923919678,10.016430854797363,4.799563407897949,3.755725860595703,5.18337345123291
bona,0,0.060661275,-0.7206276655197144,23.902530670166016,2.3455514907836914,2.807752096591149,2.836367788080843,4.212016105651856,11.212016105651855,7.166735649108887,4.733766078948975,5.392004013061523
bona,0,0.04689968,-5.8737568855285645,36.193603515625,2.2676351070404053,2.598320566978402,2.589583195300231,4.417590618133545,9.788463592529297,4.738997936248779,3.7422049045562735,5.410698413848877
bona,0,0.077490956,0.14377379417419434,22.1462345123291,2.998126745223999,2.821160062210443,2.799840757735963,3.854413747787476,11.090005874633787,7.023045063018799,5.020162582397461,5.487336158752441
bona,0,0.055786505,-4.010876655578613,25.059080123901367,2.626636028289795,2.8511888117874005,2.863104821591667,4.099214553833008,10.99977970123291,6.339537143707275,4.706201076507568,5.44186544418335
bona,0,0.076435395,-0.6482407450675964,22.399152755737305,2.7308411598205566,2.880029820480886,2.806989386697208,3.964089155197144,10.71331024169922,6.2583208084106445,4.34219217300415,5.369144916534424
bona,0,0.058244925,-0.4266342222690582,23.64925765991211,5.0321502685546875,2.810732724926531,2.8503911735245118,3.4044203758239746,10.50540542602539,6.315725803375244,4.920219421386719,5.482261657714844
bona,0,0.053600363,-1.9798657894134521,28.52893829345703,1.5620120763778687,2.8346544096090343,2.7868031817934846,4.466829299926758,10.67907428741455,5.7123212814331055,4.270945549011231,5.211002349853516
bona,0,0.020537242,-1.244124412536621,25.215072631835938,2.7067477703094482,2.699144200148991,2.637996260522631,4.300294876098633,11.122499465942385,6.035505294799805,4.6060791015625,5.37429141998291
bona,0,0.0315331,-3.403463363647461,22.48704719543457,2.3343465328216553,2.812379696357256,2.7927603581414595,4.435585975646973,10.958807945251465,7.367923259735107,5.02448844909668,5.400014400482178
bona,0,0.039186083,-2.0312142372131348,22.143733978271484,-1.0699363946914673,2.622285952682267,2.740390814379234,3.922028541564941,10.862401962280272,7.020668029785156,5.351256370544434,5.431229591369629
bona,0,0.030048735,-2.240769624710083,23.012699127197266,-0.16436268389225006,2.671634930853072,2.655839464449646,3.484290599822998,10.76134204864502,6.698753356933594,5.414989471435547,5.474506855010986
bona,0,0.037401523,-3.2791075706481934,23.379796981811523,4.20185661315918,2.775566234174204,2.70335957116046,3.9973976612091056,10.834829330444336,6.627030849456787,4.656776428222656,5.292453289031982
bona,0,0.050064016,0.7760393619537354,23.823619842529297,-0.5771588087081909,2.8755319207345416,2.848285669757308,4.135937690734863,11.01096534729004,7.296018123626709,5.656050205230713,5.454287052154541
bona,0,0.04600829,-2.0542211532592773,27.668794631958008,3.268939256668091,2.8184818337232307,2.807834131579033,4.478525638580322,10.725341796875,6.484321594238281,4.4825825691223145,5.34686279296875
bona,0,0.030436566,-5.799802303314209,24.6973819732666,5.980510711669922,2.812350352385651,2.764491399114006,4.391997814178467,10.754490852355955,6.937779426574707,5.017756938934326,5.329715728759766
bona,0,0.04007964,1.4478627443313599,24.552276611328125,2.640049934387207,2.7489971643237614,2.7283623808401694,3.89697265625,10.685484886169434,6.71826171875,5.5013628005981445,5.417757511138916
bona,0,0.046591926,-2.4913828372955322,22.204627990722656,1.8294728994369507,2.784722464469126,2.7348339902151637,3.845947980880737,10.99777889251709,7.068890571594238,4.833811283111572,5.326410293579102
bona,0,0.052021027,-1.2263787984848022,23.020959854125977,2.1630096435546875,2.7956918236277435,2.823256117199378,4.284358978271484,10.967973709106444,6.117555141448975,5.078691005706787,5.542173862457275
bona,0,0.054432157,1.7326455116271973,40.5174674987793,6.103550910949707,2.6065239148382773,2.712678831283835,4.838445663452148,9.818126678466797,4.073922634124756,3.828914403915405,5.370258331298828
bona,0,0.046951793,1.0189433097839355,23.314029693603516,5.995815277099609,2.798001454884101,2.8105843439623834,4.235962390899658,10.828885078430176,8.188559532165527,5.546584606170654,5.418808937072754
bona,0,0.043701984,0.040798574686050415,24.313920974731445,2.70691180229187,2.8344568564055024,2.7979070560436394,4.093397617340088,10.722095489501951,7.40865421295166,5.21612548828125,5.370693683624268
bona,0,0.037258767,-3.222360610961914,24.08799171447754,4.155493259429932,2.841734066730534,2.670464854325642,4.179035186767578,11.059107780456545,7.055048942565918,4.799127578735352,5.334348201751709
bona,0,0.044979163,-3.3745758533477783,28.270845413208008,0.7573835849761963,2.896093460526283,2.8888924533150546,4.346327304840088,10.582070350646973,5.654094696044922,4.506968021392822,5.177234649658203
bona,0,0.04370629,-3.3013415336608887,23.63934326171875,2.05464768409729,2.824499929569335,2.783811279660969,4.205310344696045,10.891868591308594,6.932828426361084,4.360126495361328,5.442781448364258
bona,0,0.046131086,1.8008792400360107,21.41006851196289,3.2717862129211426,2.794039291729909,2.7267432554592363,3.9619300365448,10.969082832336426,7.1075825691223145,5.058489799499512,5.391523838043213
bona,0,0.033569608,-1.7389135360717773,20.850204467773438,1.967389702796936,2.8182601111381724,2.830833331427438,3.767977476119995,11.012435913085938,7.324780464172363,4.959551334381104,5.305173397064209
bona,0,0.029306483,-0.3486884534358978,23.475231170654297,1.7680262327194214,2.8728233685247,2.9268604476059976,3.9850823879241934,10.971370697021484,7.293757438659668,4.926355361938477,5.390488147735596
bona,0,0.028976558,-1.2030630111694336,23.28714942932129,0.6576718688011169,2.6751943469593265,2.662825478384599,4.037981033325195,11.301298141479492,8.131916999816895,5.218506336212158,5.382946968078613
bona,0,0.034158677,1.7417460680007935,24.33437156677246,3.3747549057006836,2.8327396948236485,2.802366527200312,4.324053287506104,10.930682182312012,7.465728759765625,5.266383647918701,5.341989040374756
bona,0,0.04117014,-0.4714753329753876,22.54922866821289,1.0342077016830444,2.7333673913576453,2.6837243738645307,3.678983449935913,10.798762321472168,6.696979522705078,4.939955234527588,5.364866256713867
bona,0,0.03158522,-1.4147838354110718,25.13389778137207,4.12604284286499,2.812080382775822,2.805012563707669,4.166602611541748,10.90776252746582,6.745212078094482,4.632603645324707,5.261569976806641
bona,0,0.0408654,-2.743176221847534,23.08319664001465,4.943251609802246,2.8735522838789858,2.82636819500679,3.880587100982666,10.95235538482666,7.56132698059082,4.94945240020752,5.400047779083252
bona,0,0.030782431,-1.3653451204299927,23.144521713256836,0.7793424129486084,2.83218924692885,2.8066157373774265,3.906925201416016,10.817869186401367,7.492053985595703,5.068819999694824,5.354086875915527
bona,0,0.03575443,1.7751410007476807,22.91842269897461,5.562297821044922,2.724455291175637,2.778018292840967,4.32905387878418,10.841893196105955,7.744927406311035,5.369884490966797,5.327756404876709
bona,0,0.026362851,-1.1521453857421875,22.554834365844727,0.7771900296211243,2.891427762776483,2.720127652832098,3.836173057556152,10.828649520874023,6.566228866577148,5.164917945861816,5.362802982330322
bona,0,0.058169,-0.8214630484580994,25.825088500976562,3.738394260406494,2.6836507862247614,2.804702272121589,3.774501800537109,10.74617862701416,6.292289733886719,5.087993621826172,5.50386381149292
bona,0,0.044956647,3.3443222045898438,22.90252685546875,3.1894373893737793,2.742760110087104,2.752582401922893,3.90290093421936,10.852838516235352,7.5370893478393555,5.278998374938965,5.394859790802002
bona,0,0.03245155,-3.151610851287842,23.243024826049805,3.4355087280273438,2.878226576425314,2.7643470323250794,4.223414421081543,10.941587448120115,7.664907932281494,5.258928298950195,5.413801193237305
bona,0,0.031012055,-2.508323907852173,26.488065719604492,1.8846876621246338,2.7131094604486203,2.7642793518814632,3.917800903320313,10.87082290649414,6.214829921722412,5.115748405456543,5.383602619171143
bona,0,0.045527242,0.8010112047195435,23.755239486694336,2.5741381645202637,2.819673770207745,2.8768683831857462,4.0391693115234375,11.036802291870115,7.345664978027344,4.908254146575928,5.398726463317871
bona,0,0.045281563,-7.760658264160156,30.01578712463379,5.773442268371582,2.867557280127529,2.828782732420114,4.348442077636719,10.503361701965332,5.853853702545166,4.077825546264648,5.320737361907959
bona,0,0.043346427,-3.5488739013671875,22.364103317260742,2.4721670150756836,2.8304011316966573,2.7179401195622064,4.09751033782959,10.980890274047852,6.8226165771484375,5.186539173126221,5.412596225738525
bona,0,0.048163958,-3.4481711387634277,23.357751846313477,3.6678996086120605,2.8373454072171254,2.7570785344698283,3.955796957015991,11.018749237060549,6.779874324798584,5.169185161590576,5.47687578201294
bona,0,0.05151372,-0.19463804364204407,21.076406478881836,2.1446692943573,2.819978629174212,2.8435883057507336,3.8598358631134033,10.913311958312988,7.385097026824951,5.623449802398682,5.4215407371521
bona,0,0.055126976,-4.025979995727539,39.23850631713867,3.951294422149658,2.73560192422536,2.8205524570197813,4.799606323242188,10.447576522827148,5.4840497970581055,4.6647047996521,5.086812973022461
bona,0,0.05013669,-1.3158721923828125,25.37255859375,1.8218344449996948,2.68383562589194,2.737361713482947,4.137362003326416,11.056493759155272,7.095027446746826,5.207014083862305,5.456889152526856
bona,0,0.060579482,4.334349155426025,22.602916717529297,3.4531197547912598,2.836338182361596,2.834302715154266,3.893131732940674,10.951910972595217,7.511921882629394,5.0173659324646,5.331761837005615
bona,0,0.03373772,-4.633889675140381,32.11473846435547,2.012111186981201,2.838144575289375,2.854649009835525,4.279752254486084,10.431166648864746,5.600467205047607,4.70880651473999,5.255408763885498
bona,0,0.029969465,-6.515471935272217,26.000043869018555,3.0727765560150146,2.794904758670228,2.841894500112383,4.093344211578369,10.82099437713623,6.507777214050293,5.011260032653809,5.482815742492676
bona,0,0.040548127,-4.816378116607666,25.98506736755371,2.075531482696533,2.869557001189223,2.7954047765933416,4.258250236511231,10.799025535583496,6.105264186859131,4.871204376220703,5.32728385925293
bona,0,0.039015125,-0.264833003282547,25.734830856323242,3.664555549621582,2.729864690985772,2.701825777168003,3.806619167327881,10.58547306060791,5.92551326751709,5.22541093826294,5.436171531677246
bona,0,0.057690423,-0.11578577756881714,21.327045440673828,3.4603419303894043,2.8458527065058075,2.898452681067502,3.828733205795288,10.827349662780762,7.3210649490356445,5.097468376159668,5.412125587463379
bona,0,0.06376344,-7.567033767700195,37.16994094848633,3.9770712852478027,2.8466567795822235,2.7466699505866017,4.608691215515137,10.322718620300291,5.090136528015137,3.9006521701812735,5.243935585021973
bona,0,0.041770346,1.4047839641571045,24.133581161499023,3.0449585914611816,2.8473872987395032,2.7869353572855884,3.8401849269866943,10.898845672607422,6.962471008300781,5.322786808013916,5.513550758361816
bona,0,0.07046036,0.21816803514957428,23.282554626464844,3.182262659072876,2.678703905805994,2.669965015619321,4.250553131103516,11.16343116760254,8.311882972717285,5.65839433670044,5.478890419006348
bona,0,0.058887985,-2.877838373184204,24.03351593017578,-0.7279828786849976,2.729288267307828,2.739124436204273,4.271581649780273,10.85662078857422,7.071648597717285,5.106593132019043,5.393565654754639
bona,0,0.080318846,2.2328929901123047,22.642074584960938,4.747687816619873,2.663121329481374,2.7123811217157683,3.629768133163452,10.881303787231444,6.870730876922607,5.020976066589356,5.323335647583008
bona,0,0.07223045,-0.902206301689148,23.883852005004883,3.6862568855285645,2.702949839203737,2.72156252339918,3.949562549591065,10.86979866027832,7.541985511779785,5.61469316482544,5.523980617523193
bona,0,0.061246146,1.1836479902267456,22.8673152923584,2.528183937072754,2.7592058222157045,2.713521998957331,3.6108903884887695,10.721182823181152,7.407511711120605,5.527631759643555,5.514221668243408
bona,0,0.067678556,4.2144856452941895,25.61666488647461,3.509751319885254,2.62801258997823,2.7000603359410595,3.643346786499024,10.757813453674316,7.078023433685303,5.144700527191162,5.445437431335449
bona,0,0.058302958,2.1224918365478516,27.91733741760254,1.7795538902282715,2.8259118198636464,2.7601557751265777,4.18359899520874,10.937907218933104,6.013026714324951,4.608011722564697,5.26667594909668
bona,0,0.05430778,-1.745876669883728,22.529254913330078,1.9461480379104614,2.834069650287641,2.867735441436673,4.137051582336426,10.96445655822754,7.346870899200439,5.573501110076904,5.519511699676514
bona,0,0.060868155,-2.144604444503784,20.920034408569336,3.9483847618103027,2.8523969718073525,2.8475436185377534,3.8458967208862314,10.795835494995115,6.841989040374756,4.776166915893555,5.415877342224121
bona,0,0.031844635,0.02914939820766449,24.79031753540039,1.4089438915252686,2.815453004632816,2.6950195286713114,3.6064374446868896,10.507206916809082,6.262495994567871,5.301522731781006,5.489463806152344
bona,0,0.044766534,-0.5112334489822388,21.82417869567871,1.370917558670044,2.8246628062804207,2.794966747032697,4.1505327224731445,11.029823303222656,7.405766010284424,5.182744979858398,5.468839168548584
bona,0,0.032059032,-2.075639247894287,24.827861785888672,4.840664863586426,2.862924987699875,2.822815080619142,4.041182518005371,10.985342025756836,7.269359588623047,5.057976722717285,5.32412052154541
bona,0,0.038394894,0.607340931892395,25.915420532226562,5.18253231048584,2.820465600576962,2.5837824870306294,4.094576835632324,11.16206169128418,7.913115501403809,5.034292221069336,5.4071221351623535
bona,0,0.04791566,1.41066312789917,24.06574821472168,4.668891429901123,2.892971392520261,2.746209183205453,4.2010111808776855,11.18188762664795,7.0778584480285645,4.706537246704102,5.359612464904785
bona,0,0.023894308,-1.0906447172164917,23.193878173828125,5.006299018859863,2.8039627447540645,2.739601161233042,3.781952857971192,10.781786918640137,7.0189127922058105,5.0451436042785645,5.432831287384033
bona,0,0.043691218,-0.8661133050918579,24.168458938598633,5.238456726074219,2.860561353620554,2.7925539977560936,3.8303375244140634,10.987964630126951,7.106770515441895,5.1046462059021,5.384336471557617
bona,0,0.039189264,1.3688788414001465,26.969833374023438,6.092594146728516,2.8943778873191754,2.8595999554988234,4.197024345397949,11.052584648132324,7.133354187011719,4.481139183044434,5.373594284057617
bona,0,0.032899965,0.523487389087677,21.483665466308594,3.859959125518799,2.815447879280828,2.8573702474439373,3.8177008628845215,10.95130443572998,7.333417892456055,4.927249431610107,5.323763847351074
bona,0,0.039846916,1.954441785812378,22.534259796142578,9.593864440917969,2.8398929225555425,2.798227236026097,3.942958831787109,10.774107933044434,7.374396324157715,4.991285800933838,5.513289451599121
bona,0,0.03411137,0.968762218952179,22.32486343383789,6.066667556762695,2.8600807885600528,2.800229685330625,4.238880157470703,11.06149673461914,7.624993324279785,4.947367668151856,5.423893928527832
bona,0,0.02950769,0.9024910926818848,24.701169967651367,3.5511651039123535,2.826926382674912,2.8833466929537117,3.767685413360596,10.634479522705078,7.496400356292725,5.706185340881348,5.481157779693604
bona,0,0.027941782,0.4573323130607605,23.054513931274414,4.70699405670166,2.8625805851304964,2.7925617399039067,3.887375831604004,10.8692045211792,7.578431606292725,5.1309919357299805,5.409611225128174
bona,0,0.044224393,3.2298974990844727,20.646621704101562,6.824009895324707,2.6286054122159777,2.679621321630898,4.0739288330078125,11.274453163146973,8.2152681350708,5.347296714782715,5.436391830444336
bona,0,0.02702468,0.0077848881483078,21.15882682800293,3.139578342437744,2.7245719644906687,2.739877713181693,3.892249584197998,10.994535446166992,7.109694957733154,5.028267860412598,5.354851245880127
bona,0,0.047138646,1.489774227142334,21.386140823364258,6.529099464416504,2.70565691908356,2.6236626838670785,4.075212001800537,11.258732795715332,7.5601806640625,5.208839416503906,5.44635820388794
bona,0,0.060658008,1.2922427654266357,23.437395095825195,4.092066764831543,2.626448361472158,2.8116136153644837,4.070127487182617,10.349204063415527,6.984097003936768,5.250205993652344,5.414675712585449
bona,0,0.05316593,-1.2681026458740234,22.566112518310547,8.465449333190918,2.795021551235753,2.7837675288286348,4.164327144622803,10.878828048706056,7.508124351501465,5.00628662109375,5.516933441162109
bona,0,0.042661116,-5.000124931335449,54.322608947753906,4.684202194213867,2.525215144909016,2.672422683105275,5.704742431640625,9.276483535766602,4.248391151428223,3.791426420211792,5.21562385559082
bona,0,0.04117137,0.14982503652572632,25.04651641845703,4.8507890701293945,2.886196414180589,2.813851483130915,4.257225036621094,11.05528736114502,7.138007164001465,4.895167827606201,5.40048885345459
bona,0,0.041014478,1.808653712272644,24.191335678100586,4.022289752960205,2.852381647729577,2.737070648492792,3.83142352104187,10.762146949768066,6.473535537719727,4.7879838943481445,5.338735580444336
bona,0,0.038533058,-1.9442863464355469,20.561874389648438,6.30469274520874,2.8801214566813518,2.7892628058518243,4.106485366821289,11.088085174560549,7.696500301361084,5.262763500213623,5.438426494598389
bona,0,0.034995645,0.6416810750961304,28.58399200439453,3.653574228286743,2.686825791354597,2.7625250245992112,3.621226310729981,10.428522109985352,5.683490753173828,4.98901891708374,5.436229228973389
bona,0,0.018346474,-1.0844546556472778,21.42540168762207,1.6648874282836914,2.7997138291000154,2.776846788071435,3.833148956298828,10.994423866271973,7.347650527954102,5.45916223526001,5.499410629272461
bona,0,0.02287203,-5.7357401847839355,30.5103816986084,5.049195289611816,2.808017522991259,2.813536507422682,4.176319122314453,10.717853546142578,6.229121685028076,4.120820999145508,5.286393642425537
bona,0,0.021851001,-0.02394205331802368,26.363983154296875,2.70601224899292,2.825431774354221,2.71895420749536,4.276947975158691,11.046884536743164,6.6212263107299805,4.827940464019775,5.386599540710449
bona,0,0.023182647,0.41618022322654724,26.633041381835938,6.051275253295898,2.817426154334282,2.6888889937725606,3.8311221599578857,10.790194511413574,5.939854621887207,4.989126205444336,5.375900268554688
bona,0,0.04535667,-1.6973190307617188,52.99734878540039,4.798884391784668,2.624485627396868,2.6750354611231857,5.756763458251953,9.393928527832031,4.629862785339356,3.5422017574310303,5.23412036895752
bona,0,0.04119724,0.7232248187065125,27.25058937072754,2.985853910446167,2.848036529616995,2.760762328218941,3.872693300247192,10.76421070098877,6.368629455566406,4.833434581756592,5.3320631980896
bona,0,0.03897961,-0.5883949398994446,20.398527145385742,1.7276486158370972,2.8054190929638536,2.75214187168439,3.807565927505493,11.087469100952148,7.361601829528809,5.434284687042236,5.484574317932129
bona,0,0.034936182,-0.2723926305770874,20.748661041259766,4.505494117736816,2.802173009162958,2.732430459596542,4.01836633682251,10.863411903381348,7.559319496154785,5.486629009246826,5.492232799530029
bona,0,0.05673335,0.8657082915306091,23.666776657104492,8.39018726348877,2.7983459837303,2.7256514260116704,4.004220485687256,10.929851531982422,6.418552398681641,4.682859897613525,5.383111953735352
bona,0,0.044400636,-1.6021173000335693,30.042837142944336,2.605552911758423,2.786589397995169,2.759531003545112,3.982292652130127,10.59395980834961,5.966342449188232,4.626243591308594,5.202962875366211
bona,0,0.039689913,0.6680755615234375,25.04570960998535,3.3908863067626953,2.8174856983070957,2.79004022677125,4.002594947814941,11.218399047851562,7.248003959655762,4.896231174468994,5.333314895629883
bona,0,0.03372869,0.6381387710571289,27.351608276367188,3.0370213985443115,2.7683105035642326,2.6032585362167477,4.143768310546875,11.162528038024902,5.702903747558594,4.29725980758667,5.171908855438232
bona,0,0.027459053,2.4112958908081055,24.24798583984375,6.017561435699463,2.686918928025712,2.784721649235807,4.119596481323242,10.841732025146484,7.146672248840332,5.581456661224365,5.433840751647949
bona,0,0.03521043,0.058672934770584106,22.693130493164062,2.395967960357666,2.779508113797637,2.8430724023984566,4.215057373046875,11.163328170776367,6.86459493637085,4.7252516746521,5.337692260742188
bona,0,0.028052201,-6.161741256713867,36.05368423461914,5.011886119842529,2.587459518242884,2.751149686948633,4.442047595977783,9.97846794128418,4.736371994018555,4.010974884033203,5.310876369476318
bona,0,0.03710395,1.9182963371276855,32.07271957397461,5.172956466674805,2.857397869981216,2.840706784350573,4.413072109222412,10.837336540222168,6.468257904052734,4.442599773406982,5.293661594390869
bona,0,0.0298217,3.1168646812438965,26.524250030517578,6.096270561218262,2.8267286158089187,2.794107745309737,4.065605640411377,10.705564498901367,6.816981315612793,5.345738887786865,5.373914241790772
bona,0,0.03568095,0.585870623588562,24.813249588012695,2.202568769454956,2.8094600627894075,2.724270819451309,4.08016300201416,11.129074096679688,6.486480712890625,4.695886611938477,5.300670146942139
bona,0,0.038843267,-2.0981667041778564,25.42535400390625,6.609469413757324,2.8557613894761267,2.900784079839517,4.0229363441467285,10.955095291137695,6.706190586090088,4.520561218261719,5.367875576019287
bona,0,0.037617438,1.3086669445037842,22.2886962890625,5.437005996704102,2.7486405249115577,2.736929293354214,3.694053888320923,11.117348670959473,7.716837406158447,5.435783386230469,5.368673324584961
bona,0,0.04093728,1.6581687927246094,24.283567428588867,4.881114482879639,2.6661751747638776,2.738046411483583,3.622292995452881,10.406946182250977,7.152153015136719,5.354716300964356,5.421563148498535
bona,0,0.036681764,2.1995229721069336,27.642702102661133,4.666384696960449,2.894426473656978,2.860712380955164,4.33240270614624,10.67007827758789,6.578349113464356,4.531183242797852,5.486301422119141
bona,0,0.03349121,0.5230734944343567,21.56142234802246,3.5122768878936768,2.659037224004007,2.7133748801349094,3.886852741241455,10.941490173339844,6.841699600219727,5.099428653717041,5.365873336791992
bona,0,0.028900424,-1.298755407333374,23.1541690826416,3.800105094909668,2.7816983893532776,2.832596273265426,4.072137832641602,10.99325942993164,7.390973091125488,5.642577171325684,5.471620559692383
bona,0,0.023124803,0.9261444807052612,22.511127471923828,5.071707725524902,2.680064486200096,2.7538019164710072,4.087907791137695,11.100954055786133,7.2602314949035645,5.065331935882568,5.347980976104736
bona,0,0.025174774,0.07684320211410522,24.44419288635254,2.2487025260925293,2.7901387049465027,2.8717635907290693,4.168484687805176,10.891105651855469,6.959942817687988,4.818943977355957,5.34991979598999
bona,0,0.037766796,-1.4699697494506836,21.702116012573242,3.295375108718872,2.8602636413105267,2.874806631628294,3.9791793823242183,10.905072212219238,7.210922718048096,5.200499057769775,5.383327007293701
bona,0,0.05224351,0.6771684885025024,27.270063400268555,4.877768516540527,2.7426204973020427,2.8311906005108125,3.949196815490722,10.638364791870115,7.323278427124023,5.700368404388428,5.479772090911865
bona,0,0.035654936,-2.750277280807495,27.01669692993164,1.735464096069336,2.8482124384350858,2.7801757704977037,4.211055278778076,10.99602222442627,6.795413494110107,4.911510467529297,5.406049728393555
bona,0,0.0352591,-0.4065195918083191,22.97584342956543,2.5404727458953857,2.803365135559408,2.727808477980596,4.126505374908447,10.911376953125,7.580046653747559,5.546233177185059,5.498107433319092
bona,0,0.034872863,-2.146249771118164,24.454195022583008,1.4012236595153809,2.8217616048270955,2.700192448359143,3.994067430496216,10.950819969177246,7.138577938079834,4.9288411140441895,5.414332866668701
bona,0,0.028817918,-0.3303087055683136,22.541662216186523,-1.1346338987350464,2.884991191397385,2.749818757683804,4.05000114440918,10.994333267211914,7.151992321014404,5.260062217712402,5.431322574615479
bona,0,0.027198466,-0.0677357017993927,20.34946060180664,1.8318465948104858,2.873633668131834,2.6682646704639126,3.969910144805908,10.94416618347168,7.309174537658691,5.4791364669799805,5.538761138916016
bona,0,0.034092754,-3.110262393951416,21.7249698638916,3.8467302322387695,2.836658333518529,2.797647558041947,3.907402753829956,10.83690071105957,6.956892490386963,4.983466148376465,5.435208797454834
bona,0,0.033334743,-1.758018970489502,23.65346336364746,3.6863677501678467,2.6571278332337087,2.7880860668303518,3.5382795333862305,10.580656051635742,6.328795433044434,5.146170139312744,5.443316459655762
bona,0,0.042096723,0.27510690689086914,23.050016403198242,4.047796726226807,2.886612017825802,2.8304008636159743,4.035986423492432,11.28184413909912,7.938814640045166,5.149279594421387,5.529186248779297
bona,0,0.041568246,2.5898499488830566,23.70218849182129,0.9267051219940186,2.7180472519302503,2.81849476437106,4.129792213439941,10.794707298278809,7.019501686096191,5.552338123321533,5.488782405853272
bona,0,0.03938305,-0.3370216488838196,26.34407615661621,1.3542793989181519,2.824389215487779,2.795360566647742,4.109305381774902,10.99409294128418,6.773723602294922,4.897576332092285,5.388172626495361
bona,0,0.04326502,-1.2657392024993896,22.197359085083008,3.558159351348877,2.880606981198972,2.7616656129003228,4.041500091552734,10.751614570617676,6.697144985198975,5.017368793487549,5.395050525665283
bona,0,0.055303622,-1.2879220247268677,23.571504592895508,2.7084286212921143,2.8730709469533715,2.8094795243213078,3.716679811477661,10.947651863098145,6.583130836486816,4.765375137329102,5.312234878540039
bona,0,0.058288638,0.6817029714584351,21.596050262451172,5.799149036407471,2.8186722683540752,2.7801964433174446,4.004945755004883,10.949151039123535,7.418682098388672,5.498519420623779,5.457815647125244
bona,0,0.050456893,1.618265986442566,25.559038162231445,4.792044639587402,2.671987226398879,2.749094801781739,4.371139049530029,10.800860404968262,7.511433601379394,5.447206020355225,5.440557956695557
bona,0,0.03681162,0.09502261877059937,37.543819427490234,6.190097808837891,2.6727474527161843,2.7688013191818666,4.575234413146973,9.874761581420898,4.9295148849487305,4.527073860168457,5.407244682312012
bona,0,0.039452244,3.5918567180633545,38.786376953125,3.3374226093292236,2.7055328487105723,2.7480234039274323,4.755381107330322,10.176344871520996,5.431194305419922,4.270726203918457,5.354374885559082
bona,0,0.039265193,-1.5309343338012695,29.41474151611328,2.067854404449463,2.626620551806816,2.6921734563687254,4.477433681488037,10.677860260009766,6.249539375305176,4.652414321899414,5.360606670379639
bona,0,0.043184448,1.6847257614135742,23.945003509521484,9.462128639221191,2.699180736050036,2.794553839878297,4.110238552093506,10.590033531188965,7.28366756439209,5.8504486083984375,5.453348159790039
bona,0,0.044034246,-0.013992741703987122,23.30344009399414,3.740403175354004,2.826121433107504,2.7027923076204883,4.010980606079102,10.791797637939451,7.103398323059082,5.401376247406006,5.478409290313721
bona,0,0.04976806,1.4832251071929932,25.29753875732422,3.1715681552886963,2.7576017297225714,2.618001405391714,3.6846745014190674,11.010693550109863,6.771143913269043,5.0418009757995605,5.438671588897705
bona,0,0.030170584,-1.1339378356933594,21.603607177734375,3.7605929374694824,2.669187309629334,2.8483582369292457,3.9347989559173584,10.924880981445312,7.870288848876953,5.445795059204102,5.497802734375
bona,0,0.04365026,0.6146632432937622,23.846153259277344,4.642245292663574,2.7653151508590508,2.904605485680392,3.687988996505737,11.215041160583496,7.989930629730225,5.018877983093262,5.343338966369629
bona,0,0.03231357,-0.726271390914917,36.26837921142578,3.3332860469818115,2.726425084817388,2.7541872284644517,4.411233425140381,10.022789001464844,4.506864070892334,3.841633081436157,5.2492451667785645
bona,0,0.026569085,-2.1409449577331543,33.981224060058594,4.971877098083496,2.6599545511820417,2.7030222114096216,4.5731587409973145,10.507874488830566,5.361149311065674,3.753447771072388,5.239561557769775
bona,0,0.030290937,-1.009740948677063,22.176103591918945,1.448324203491211,2.676396219210565,2.583726465712182,4.045753002166748,10.98472499847412,7.937703132629394,5.811898708343506,5.5235700607299805
bona,0,0.043763563,-0.11586898565292358,21.350019454956055,2.1100914478302,2.708127309024745,2.777931444068352,3.9178366661071777,10.93877410888672,7.782070636749268,5.499198913574219,5.505228519439697
bona,0,0.03966598,-4.063012599945068,27.49451446533203,2.9461581707000732,2.882661679837574,2.86032333220823,4.372737407684326,11.034368515014648,6.828550815582275,5.164823055267334,5.389291286468506
bona,0,0.04597633,0.8506022691726685,24.50773811340332,1.8633195161819458,2.724935272926375,2.6660745079716848,3.853360652923584,10.628771781921388,6.8512959480285645,5.378663539886475,5.408383846282959
bona,0,0.03078747,-0.22315575182437897,22.44864845275879,1.9471040964126587,2.592854567805409,2.7851959012723246,4.133214473724365,10.73605728149414,7.4199538230896,5.543725967407227,5.450234889984131
bona,0,0.046925366,-0.6987681984901428,27.292240142822266,3.551985263824463,2.84382534970482,2.742883320352396,4.350774765014648,11.025894165039062,6.954241752624512,4.62665605545044,5.303891181945801
bona,0,0.04046046,-1.073182225227356,20.313186645507812,3.0624899864196777,2.7237304894696184,2.707078925507089,3.960521936416626,11.205021858215332,7.707127571105957,5.02257251739502,5.4229583740234375
bona,0,0.03309977,-1.9087603092193604,26.146039962768555,1.9584826231002808,2.819679457040144,2.824293212831704,3.7548089027404794,10.719486236572266,6.346009731292725,4.5220947265625,5.336700916290283
bona,0,0.031078042,-0.7056400179862976,22.632095336914062,2.5646095275878906,2.8013048777108867,2.8545681477353435,4.002161026000977,11.137356758117676,6.994054794311523,4.933462619781494,5.3646087646484375
bona,0,0.027027985,-1.4106922149658203,23.412124633789062,0.3303907513618469,2.851033091814276,2.7751879621735327,3.98149847984314,11.109814643859863,6.44532585144043,4.9390482902526855,5.414093494415283
bona,0,0.017163347,-2.254042148590088,23.722944259643555,2.0376358032226562,2.8113026104802605,2.768742045918529,3.842748880386353,10.727850914001465,6.760479927062988,5.30717658996582,5.386762619018555
bona,0,0.03739208,0.369820773601532,26.153656005859375,2.403683662414551,2.8915746458453584,2.8261405008632385,4.159289360046387,10.891732215881348,7.834559917449951,5.516937255859375,5.435896873474121
bona,0,0.03191069,5.487937927246094,47.881011962890625,8.333040237426758,2.698391191162408,2.7180877547943854,5.369582653045654,9.87706470489502,5.022305965423584,3.8855178356170654,5.2379469871521
bona,0,0.042949244,1.9617722034454346,24.164871215820312,1.4619227647781372,2.759692802342536,2.7249979981365,4.042436122894287,10.895356178283691,7.656042098999023,5.589289665222168,5.421600341796875
bona,0,0.043714456,1.9115980863571167,21.371366500854492,3.594292163848877,2.8223269098019905,2.681748439106604,3.766530513763428,10.884607315063477,7.568313121795654,4.923784732818604,5.341095924377441
bona,0,0.025432179,0.21390080451965332,37.14668655395508,-0.29365167021751404,2.6320651829879136,2.8275511411157632,4.914444446563721,10.78686809539795,5.943381786346436,4.373655796051025,5.183140754699707
bona,0,0.0397109,2.1715173721313477,21.024444580078125,2.2688193321228027,2.8187303930237744,2.709906197988279,4.444637298583984,11.12537956237793,8.2333402633667,5.485198974609375,5.400973320007324
bona,0,0.044346996,-0.7499185800552368,20.606069564819336,3.3040013313293457,2.78019186270411,2.757200329578452,3.806895256042481,11.001639366149902,7.57284688949585,5.248582363128662,5.477142810821533
bona,0,0.03539314,-0.7210535407066345,30.320819854736328,1.1281497478485107,2.91532051425861,2.913199439029243,4.072554111480713,10.812997817993164,6.381498336791992,4.998841285705566,5.370676040649414
bona,0,0.050027292,1.2423157691955566,21.657670974731445,5.012502670288086,2.802510391418989,2.728897196073536,4.040150165557861,11.009493827819824,7.800251960754394,5.202315807342529,5.394047737121582
bona,0,0.037492383,-5.885275363922119,53.53865432739258,5.220757484436035,2.70143297280037,2.6480846909949167,5.425403594970703,9.50383758544922,4.680467128753662,4.1663432121276855,5.3091254234313965
