split,path,label,system_id,hf_idx
train,__hf__,0,librispeech,1122
train,__hf__,0,librispeech,26975
train,__hf__,0,librispeech,15803
train,__hf__,0,librispeech,24826
train,__hf__,0,librispeech,8307
train,__hf__,0,librispeech,15605
train,__hf__,0,librispeech,6515
train,/lambda/nfs/algovirginia/workspace/DeepfakeDetectionRenewed/data/wavefake/generated_audio/ljspeech_melgan_large/LJ016-0058_gen.wav,1,ljspeech_melgan_large,
train,/lambda/nfs/algovirginia/workspace/DeepfakeDetectionRenewed/data/wavefake/generated_audio/common_voices_prompts_from_conformer_fastspeech2_pwg_ljspeech/gen_10493.wav,1,common_voices_prompts_from_conformer_fastspeech2_pwg_ljspeech,
train,__hf__,0,librispeech,23494
train,/lambda/nfs/algovirginia/workspace/DeepfakeDetectionRenewed/data/vcc2020/audio/T28/task1/team28_intra-TEM2_SEM1_E30003.wav,1,VCC2020_T28,
train,__hf__,0,librispeech,22455
train,__hf__,0,librispeech,20834
train,__hf__,0,librispeech,14414
train,__hf__,0,librispeech,23355
train,__hf__,0,librispeech,20790
train,/lambda/nfs/algovirginia/workspace/DeepfakeDetectionRenewed/data/wavefake/generated_audio/ljspeech_parallel_wavegan/LJ042-0155_gen.wav,1,ljspeech_parallel_wavegan,
train,/lambda/nfs/algovirginia/workspace/DeepfakeDetectionRenewed/data/vcc2020/audio/T18/task1/team18_intra-TEM2_SEF1_E30001.wav,1,VCC2020_T18,
train,/lambda/nfs/algovirginia/workspace/DeepfakeDetectionRenewed/data/wavefake/generated_audio/ljspeech_melgan/LJ009-0181_gen.wav,1,ljspeech_melgan,
train,__hf__,0,librispeech,13218
train,/lambda/nfs/algovirginia/workspace/DeepfakeDetectionRenewed/data/wavefake/generated_audio/ljspeech_hifiGAN/LJ012-0154_generated.wav,1,ljspeech_hifiGAN,
train,/lambda/nfs/algovirginia/workspace/DeepfakeDetectionRenewed/data/vcc2020/audio/T25/task1/team25_intra-TEM1_SEM1_E30005.wav,1,VCC2020_T25,
train,__hf__,0,librispeech,24960
train,__hf__,0,librispeech,17355
train,__hf__,0,librispeech,1
train,/lambda/nfs/algovirginia/workspace/DeepfakeDetectionRenewed/data/wavefake/generated_audio/ljspeech_full_band_melgan/LJ010-0185_gen.wav,1,ljspeech_full_band_melgan,
train,/lambda/nfs/algovirginia/workspace/DeepfakeDetectionRenewed/data/wavefake/generated_audio/common_voices_prompts_from_conformer_fastspeech2_pwg_ljspeech/gen_15652.wav,1,common_voices_prompts_from_conformer_fastspeech2_pwg_ljspeech,
train,__hf__,0,librispeech,26669
train,/lambda/nfs/algovirginia/workspace/DeepfakeDetectionRenewed/data/wavefake/generated_audio/common_voices_prompts_from_conformer_fastspeech2_pwg_ljspeech/gen_1746.wav,1,common_voices_prompts_from_conformer_fastspeech2_pwg_ljspeech,
train,/lambda/nfs/algovirginia/workspace/DeepfakeDetectionRenewed/data/vcc2020/audio/T22/task1/team22_intra-TEM2_SEM2_E30003.wav,1,VCC2020_T22,
train,__hf__,0,librispeech,5881
train,__hf__,0,librispeech,17692
train,/lambda/nfs/algovirginia/workspace/DeepfakeDetectionRenewed/data/vcc2020/audio/T03/task1/team03_intra-TEF1_SEM2_E30002.wav,1,VCC2020_T03,
train,__hf__,0,librispeech,20817
train,/lambda/nfs/algovirginia/workspace/DeepfakeDetectionRenewed/data/wavefake/generated_audio/ljspeech_multi_band_melgan/LJ014-0063_gen.wav,1,ljspeech_multi_band_melgan,
train,__hf__,0,librispeech,9941
train,__hf__,0,librispeech,4216
train,/lambda/nfs/algovirginia/workspace/DeepfakeDetectionRenewed/data/wavefake/generated_audio/common_voices_prompts_from_conformer_fastspeech2_pwg_ljspeech/gen_11797.wav,1,common_voices_prompts_from_conformer_fastspeech2_pwg_ljspeech,
train,__hf__,0,librispeech,27242
train,__hf__,0,librispeech,22630
train,__hf__,0,librispeech,14710
train,/lambda/nfs/algovirginia/workspace/DeepfakeDetectionRenewed/data/vcc2020/audio/T30/task1/team30_intra-TEM2_SEF1_E30005.wav,1,VCC2020_T30,
train,__hf__,0,librispeech,24578
train,/lambda/nfs/algovirginia/workspace/DeepfakeDetectionRenewed/data/vcc2020/audio/T29/task1/team29_intra-TEM2_SEF2_E30005.wav,1,VCC2020_T29,
train,__hf__,0,librispeech,11492
train,__hf__,0,librispeech,19290
train,__hf__,0,librispeech,2255
train,__hf__,0,librispeech,26953
train,/lambda/nfs/algovirginia/workspace/DeepfakeDetectionRenewed/data/vcc2020/audio/T07/task1/team07_intra-TEF1_SEM1_E30002.wav,1,VCC2020_T07,
train,/lambda/nfs/algovirginia/workspace/DeepfakeDetectionRenewed/data/vcc2020/audio/T07/task1/team07_intra-TEM1_SEM2_E30001.wav,1,VCC2020_T07,
train,__hf__,0,librispeech,9899
train,/lambda/nfs/algovirginia/workspace/DeepfakeDetectionRenewed/data/vcc2020/audio/T20/task1/team20_intra-TEF2_SEM2_E30003.wav,1,VCC2020_T20,
train,/lambda/nfs/algovirginia/workspace/DeepfakeDetectionRenewed/data/vcc2020/audio/T02/task1/team02_intra-TEM1_SEM2_E30004.wav,1,VCC2020_T02,
train,__hf__,0,librispeech,3568
train,__hf__,0,librispeech,13604
train,__hf__,0,librispeech,6799
train,__hf__,0,librispeech,10714
train,__hf__,0,librispeech,1607
train,/lambda/nfs/algovirginia/workspace/DeepfakeDetectionRenewed/data/vcc2020/audio/T06/task1/team06_intra-TEM2_SEF2_E30002.wav,1,VCC2020_T06,
train,/lambda/nfs/algovirginia/workspace/DeepfakeDetectionRenewed/data/wavefake/generated_audio/common_voices_prompts_from_conformer_fastspeech2_pwg_ljspeech/gen_9957.wav,1,common_voices_prompts_from_conformer_fastspeech2_pwg_ljspeech,
train,/lambda/nfs/algovirginia/workspace/DeepfakeDetectionRenewed/data/wavefake/generated_audio/ljspeech_waveglow/LJ019-0324.wav,1,ljspeech_waveglow,
train,__hf__,0,librispeech,10443
train,__hf__,0,librispeech,25266
train,__hf__,0,librispeech,1951
train,/lambda/nfs/algovirginia/workspace/DeepfakeDetectionRenewed/data/wavefake/generated_audio/ljspeech_full_band_melgan/LJ050-0152_gen.wav,1,ljspeech_full_band_melgan,
train,/lambda/nfs/algovirginia/workspace/DeepfakeDetectionRenewed/data/vcc2020/audio/T21/task1/team21_intra-TEM2_SEF2_E30002.wav,1,VCC2020_T21,
train,__hf__,0,librispeech,6152
train,/lambda/nfs/algovirginia/workspace/DeepfakeDetectionRenewed/data/vcc2020/audio/T21/task1/team21_intra-TEM1_SEM2_E30004.wav,1,VCC2020_T21,
train,__hf__,0,librispeech,3684
train,__hf__,0,librispeech,20784
train,/lambda/nfs/algovirginia/workspace/DeepfakeDetectionRenewed/data/vcc2020/audio/T29/task1/team29_intra-TEF1_SEF1_E30001.wav,1,VCC2020_T29,
train,/lambda/nfs/algovirginia/workspace/DeepfakeDetectionRenewed/data/vcc2020/audio/T22/task1/team22_intra-TEF2_SEM2_E30005.wav,1,VCC2020_T22,
train,__hf__,0,librispeech,6610
train,__hf__,0,librispeech,20550
train,/lambda/nfs/algovirginia/workspace/DeepfakeDetectionRenewed/data/wavefake/generated_audio/ljspeech_full_band_melgan/LJ025-0034_gen.wav,1,ljspeech_full_band_melgan,
train,/lambda/nfs/algovirginia/workspace/DeepfakeDetectionRenewed/data/vcc2020/audio/T14/task1/team14_intra-TEF1_SEM2_E30003.wav,1,VCC2020_T14,
train,/lambda/nfs/algovirginia/workspace/DeepfakeDetectionRenewed/data/wavefake/generated_audio/ljspeech_waveglow/LJ041-0162.wav,1,ljspeech_waveglow,
train,__hf__,0,librispeech,2302
train,__hf__,0,librispeech,16802
train,__hf__,0,librispeech,26545
train,__hf__,0,librispeech,19617
train,/lambda/nfs/algovirginia/workspace/DeepfakeDetectionRenewed/data/wavefake/generated_audio/ljspeech_parallel_wavegan/LJ050-0158_gen.wav,1,ljspeech_parallel_wavegan,
train,__hf__,0,librispeech,5357
train,/lambda/nfs/algovirginia/workspace/DeepfakeDetectionRenewed/data/vcc2020/audio/T32/task1/team32_intra-TEF2_SEM2_E30002.wav,1,VCC2020_T32,
train,__hf__,0,librispeech,21919
train,/lambda/nfs/algovirginia/workspace/DeepfakeDetectionRenewed/data/vcc2020/audio/T21/task1/team21_intra-TEF2_SEM2_E30005.wav,1,VCC2020_T21,
train,/lambda/nfs/algovirginia/workspace/DeepfakeDetectionRenewed/data/wavefake/generated_audio/ljspeech_full_band_melgan/LJ038-0234_gen.wav,1,ljspeech_full_band_melgan,
train,/lambda/nfs/algovirginia/workspace/DeepfakeDetectionRenewed/data/wavefake/generated_audio/common_voices_prompts_from_conformer_fastspeech2_pwg_ljspeech/gen_8381.wav,1,common_voices_prompts_from_conformer_fastspeech2_pwg_ljspeech,
train,__hf__,0,librispeech,16006
train,__hf__,0,librispeech,4413
train,/lambda/nfs/algovirginia/workspace/DeepfakeDetectionRenewed/data/vcc2020/audio/T04/task1/team04_intra-TEM2_SEM2_E30005.wav,1,VCC2020_T04,
train,__hf__,0,librispeech,13999
train,/lambda/nfs/algovirginia/workspace/DeepfakeDetectionRenewed/data/wavefake/generated_audio/ljspeech_waveglow/LJ011-0130.wav,1,ljspeech_waveglow,
train,__hf__,0,librispeech,22383
train,__hf__,0,librispeech,27014
train,__hf__,0,librispeech,9001
train,__hf__,0,librispeech,26099
train,__hf__,0,librispeech,12164
train,__hf__,0,librispeech,186
train,/lambda/nfs/algovirginia/workspace/DeepfakeDetectionRenewed/data/vcc2020/audio/T07/task1/team07_intra-TEM2_SEF2_E30002.wav,1,VCC2020_T07,
train,__hf__,0,librispeech,1775
train,/lambda/nfs/algovirginia/workspace/DeepfakeDetectionRenewed/data/wavefake/generated_audio/ljspeech_melgan_large/LJ039-0245_gen.wav,1,ljspeech_melgan_large,
train,/lambda/nfs/algovirginia/workspace/DeepfakeDetectionRenewed/data/vcc2020/audio/T04/task1/team04_intra-TEF1_SEM2_E30004.wav,1,VCC2020_T04,
train,/lambda/nfs/algovirginia/workspace/DeepfakeDetectionRenewed/data/vcc2020/audio/T27/task1/team27_intra-TEF1_SEM1_E30003.wav,1,VCC2020_T27,
train,__hf__,0,librispeech,17671
train,__hf__,0,librispeech,15036
train,/lambda/nfs/algovirginia/workspace/DeepfakeDetectionRenewed/data/wavefake/generated_audio/ljspeech_hifiGAN/LJ041-0184_generated.wav,1,ljspeech_hifiGAN,
train,/lambda/nfs/algovirginia/workspace/DeepfakeDetectionRenewed/data/wavefake/generated_audio/common_voices_prompts_from_conformer_fastspeech2_pwg_ljspeech/gen_7035.wav,1,common_voices_prompts_from_conformer_fastspeech2_pwg_ljspeech,
train,__hf__,0,librispeech,17711
train,__hf__,0,librispeech,26670
train,/lambda/nfs/algovirginia/workspace/DeepfakeDetectionRenewed/data/wavefake/generated_audio/ljspeech_hifiGAN/LJ041-0091_generated.wav,1,ljspeech_hifiGAN,
train,/lambda/nfs/algovirginia/workspace/DeepfakeDetectionRenewed/data/vcc2020/audio/T12/task1/team12_intra-TEF2_SEF1_E30001.wav,1,VCC2020_T12,
train,/lambda/nfs/algovirginia/workspace/DeepfakeDetectionRenewed/data/wavefake/generated_audio/ljspeech_full_band_melgan/LJ010-0041_gen.wav,1,ljspeech_full_band_melgan,
train,__hf__,0,librispeech,8326
train,/lambda/nfs/algovirginia/workspace/DeepfakeDetectionRenewed/data/vcc2020/audio/T18/task1/team18_intra-TEM2_SEF2_E30003.wav,1,VCC2020_T18,
train,/lambda/nfs/algovirginia/workspace/DeepfakeDetectionRenewed/data/wavefake/generated_audio/ljspeech_melgan/LJ018-0099_gen.wav,1,ljspeech_melgan,
train,/lambda/nfs/algovirginia/workspace/DeepfakeDetectionRenewed/data/vcc2020/audio/T18/task1/team18_intra-TEF2_SEM2_E30001.wav,1,VCC2020_T18,
train,/lambda/nfs/algovirginia/workspace/DeepfakeDetectionRenewed/data/wavefake/generated_audio/ljspeech_melgan_large/LJ021-0139_gen.wav,1,ljspeech_melgan_large,
train,__hf__,0,librispeech,15661
train,__hf__,0,librispeech,18090
train,/lambda/nfs/algovirginia/workspace/DeepfakeDetectionRenewed/data/vcc2020/audio/T25/task1/team25_intra-TEM2_SEF1_E30001.wav,1,VCC2020_T25,
train,__hf__,0,librispeech,971
train,__hf__,0,librispeech,908
train,/lambda/nfs/algovirginia/workspace/DeepfakeDetectionRenewed/data/wavefake/generated_audio/ljspeech_multi_band_melgan/LJ035-0189_gen.wav,1,ljspeech_multi_band_melgan,
train,/lambda/nfs/algovirginia/workspace/DeepfakeDetectionRenewed/data/vcc2020/audio/T26/task1/team26_intra-TEF1_SEM1_E30003.wav,1,VCC2020_T26,
train,__hf__,0,librispeech,17190
train,/lambda/nfs/algovirginia/workspace/DeepfakeDetectionRenewed/data/wavefake/generated_audio/ljspeech_hifiGAN/LJ048-0206_generated.wav,1,ljspeech_hifiGAN,
train,__hf__,0,librispeech,7261
train,/lambda/nfs/algovirginia/workspace/DeepfakeDetectionRenewed/data/wavefake/generated_audio/common_voices_prompts_from_conformer_fastspeech2_pwg_ljspeech/gen_922.wav,1,common_voices_prompts_from_conformer_fastspeech2_pwg_ljspeech,
train,/lambda/nfs/algovirginia/workspace/DeepfakeDetectionRenewed/data/vcc2020/audio/T13/task1/team13_intra-TEM2_SEM2_E30005.wav,1,VCC2020_T13,
train,/lambda/nfs/algovirginia/workspace/DeepfakeDetectionRenewed/data/vcc2020/audio/T17/task1/team17_intra-TEM2_SEM1_E30005.wav,1,VCC2020_T17,
train,/lambda/nfs/algovirginia/workspace/DeepfakeDetectionRenewed/data/wavefake/generated_audio/ljspeech_waveglow/LJ044-0179.wav,1,ljspeech_waveglow,
train,__hf__,0,librispeech,26431
train,/lambda/nfs/algovirginia/workspace/DeepfakeDetectionRenewed/data/wavefake/generated_audio/ljspeech_parallel_wavegan/LJ005-0228_gen.wav,1,ljspeech_parallel_wavegan,
train,/lambda/nfs/algovirginia/workspace/DeepfakeDetectionRenewed/data/wavefake/generated_audio/ljspeech_full_band_melgan/LJ030-0129_gen.wav,1,ljspeech_full_band_melgan,
train,__hf__,0,librispeech,19256
train,/lambda/nfs/algovirginia/workspace/DeepfakeDetectionRenewed/data/vcc2020/audio/T21/task1/team21_intra-TEF2_SEF2_E30001.wav,1,VCC2020_T21,
train,__hf__,0,librispeech,3991
train,/lambda/nfs/algovirginia/workspace/DeepfakeDetectionRenewed/data/vcc2020/audio/T26/task1/team26_intra-TEF1_SEM2_E30005.wav,1,VCC2020_T26,
train,/lambda/nfs/algovirginia/workspace/DeepfakeDetectionRenewed/data/vcc2020/audio/T16/task1/team16_intra-TEF1_SEF2_E30004.wav,1,VCC2020_T16,
train,/lambda/nfs/algovirginia/workspace/DeepfakeDetectionRenewed/data/vcc2020/audio/T26/task1/team26_intra-TEF2_SEF2_E30005.wav,1,VCC2020_T26,
train,/lambda/nfs/algovirginia/workspace/DeepfakeDetectionRenewed/data/vcc2020/audio/T19/task1/team19_intra-TEM2_SEM2_E30003.wav,1,VCC2020_T19,
train,__hf__,0,librispeech,9123
train,__hf__,0,librispeech,24545
train,__hf__,0,librispeech,18278
train,__hf__,0,librispeech,1447
train,/lambda/nfs/algovirginia/workspace/DeepfakeDetectionRenewed/data/vcc2020/audio/T32/task1/team32_intra-TEM2_SEM2_E30001.wav,1,VCC2020_T32,
train,/lambda/nfs/algovirginia/workspace/DeepfakeDetectionRenewed/data/wavefake/generated_audio/common_voices_prompts_from_conformer_fastspeech2_pwg_ljspeech/gen_3735.wav,1,common_voices_prompts_from_conformer_fastspeech2_pwg_ljspeech,
train,/lambda/nfs/algovirginia/workspace/DeepfakeDetectionRenewed/data/vcc2020/audio/T10/task1/team10_intra-TEF2_SEM2_E30002.wav,1,VCC2020_T10,
train,/lambda/nfs/algovirginia/workspace/DeepfakeDetectionRenewed/data/vcc2020/audio/T25/task1/team25_intra-TEM1_SEF1_E30004.wav,1,VCC2020_T25,
train,__hf__,0,librispeech,7244
train,/lambda/nfs/algovirginia/workspace/DeepfakeDetectionRenewed/data/wavefake/generated_audio/ljspeech_melgan/LJ003-0205_gen.wav,1,ljspeech_melgan,
train,__hf__,0,librispeech,8016
train,__hf__,0,librispeech,6631
train,/lambda/nfs/algovirginia/workspace/DeepfakeDetectionRenewed/data/wavefake/generated_audio/ljspeech_waveglow/LJ007-0163.wav,1,ljspeech_waveglow,
train,__hf__,0,librispeech,6476
train,/lambda/nfs/algovirginia/workspace/DeepfakeDetectionRenewed/data/vcc2020/audio/T28/task1/team28_intra-TEM1_SEM2_E30005.wav,1,VCC2020_T28,
train,__hf__,0,librispeech,16157
train,/lambda/nfs/algovirginia/workspace/DeepfakeDetectionRenewed/data/wavefake/generated_audio/common_voices_prompts_from_conformer_fastspeech2_pwg_ljspeech/gen_15651.wav,1,common_voices_prompts_from_conformer_fastspeech2_pwg_ljspeech,
train,/lambda/nfs/algovirginia/workspace/DeepfakeDetectionRenewed/data/vcc2020/audio/T17/task1/team17_intra-TEM1_SEM2_E30003.wav,1,VCC2020_T17,
train,__hf__,0,librispeech,16852
train,__hf__,0,librispeech,12610
train,/lambda/nfs/algovirginia/workspace/DeepfakeDetectionRenewed/data/vcc2020/audio/T04/task1/team04_intra-TEF2_SEF1_E30001.wav,1,VCC2020_T04,
train,/lambda/nfs/algovirginia/workspace/DeepfakeDetectionRenewed/data/wavefake/generated_audio/ljspeech_melgan_large/LJ025-0068_gen.wav,1,ljspeech_melgan_large,
train,__hf__,0,librispeech,14024
train,/lambda/nfs/algovirginia/workspace/DeepfakeDetectionRenewed/data/wavefake/generated_audio/ljspeech_full_band_melgan/LJ033-0102_gen.wav,1,ljspeech_full_band_melgan,
train,/lambda/nfs/algovirginia/workspace/DeepfakeDetectionRenewed/data/wavefake/generated_audio/ljspeech_waveglow/LJ028-0322.wav,1,ljspeech_waveglow,
train,__hf__,0,librispeech,14109
train,__hf__,0,librispeech,23106
train,__hf__,0,librispeech,10905
train,__hf__,0,librispeech,28086
train,__hf__,0,librispeech,25068
train,/lambda/nfs/algovirginia/workspace/DeepfakeDetectionRenewed/data/vcc2020/audio/T03/task1/team03_intra-TEF2_SEF2_E30005.wav,1,VCC2020_T03,
train,__hf__,0,librispeech,14045
train,/lambda/nfs/algovirginia/workspace/DeepfakeDetectionRenewed/data/vcc2020/audio/T10/task1/team10_intra-TEM2_SEF1_E30001.wav,1,VCC2020_T10,
train,/lambda/nfs/algovirginia/workspace/DeepfakeDetectionRenewed/data/wavefake/generated_audio/ljspeech_parallel_wavegan/LJ031-0140_gen.wav,1,ljspeech_parallel_wavegan,
train,__hf__,0,librispeech,22055
train,__hf__,0,librispeech,1408
train,__hf__,0,librispeech,27392
train,__hf__,0,librispeech,6585
train,/lambda/nfs/algovirginia/workspace/DeepfakeDetectionRenewed/data/wavefake/generated_audio/ljspeech_hifiGAN/LJ008-0306_generated.wav,1,ljspeech_hifiGAN,
train,__hf__,0,librispeech,23739
train,__hf__,0,librispeech,23065
train,__hf__,0,librispeech,7019
train,__hf__,0,librispeech,14648
train,/lambda/nfs/algovirginia/workspace/DeepfakeDetectionRenewed/data/wavefake/generated_audio/ljspeech_hifiGAN/LJ037-0093_generated.wav,1,ljspeech_hifiGAN,
train,/lambda/nfs/algovirginia/workspace/DeepfakeDetectionRenewed/data/wavefake/generated_audio/ljspeech_full_band_melgan/LJ045-0110_gen.wav,1,ljspeech_full_band_melgan,
train,/lambda/nfs/algovirginia/workspace/DeepfakeDetectionRenewed/data/vcc2020/audio/T02/task1/team02_intra-TEM2_SEM2_E30004.wav,1,VCC2020_T02,
train,__hf__,0,librispeech,7685
train,__hf__,0,librispeech,9081
train,/lambda/nfs/algovirginia/workspace/DeepfakeDetectionRenewed/data/wavefake/generated_audio/ljspeech_parallel_wavegan/LJ019-0156_gen.wav,1,ljspeech_parallel_wavegan,
train,__hf__,0,librispeech,7959
train,__hf__,0,librispeech,23694
train,__hf__,0,librispeech,15999
train,__hf__,0,librispeech,3631
train,__hf__,0,librispeech,19429
train,/lambda/nfs/algovirginia/workspace/DeepfakeDetectionRenewed/data/vcc2020/audio/T07/task1/team07_intra-TEM2_SEF1_E30005.wav,1,VCC2020_T07,
train,__hf__,0,librispeech,24372
train,/lambda/nfs/algovirginia/workspace/DeepfakeDetectionRenewed/data/wavefake/generated_audio/common_voices_prompts_from_conformer_fastspeech2_pwg_ljspeech/gen_2317.wav,1,common_voices_prompts_from_conformer_fastspeech2_pwg_ljspeech,
train,/lambda/nfs/algovirginia/workspace/DeepfakeDetectionRenewed/data/wavefake/generated_audio/ljspeech_full_band_melgan/LJ049-0059_gen.wav,1,ljspeech_full_band_melgan,
train,__hf__,0,librispeech,11883
train,__hf__,0,librispeech,24303
train,__hf__,0,librispeech,3549
train,__hf__,0,librispeech,25149
train,/lambda/nfs/algovirginia/workspace/DeepfakeDetectionRenewed/data/wavefake/generated_audio/ljspeech_multi_band_melgan/LJ040-0025_gen.wav,1,ljspeech_multi_band_melgan,
train,__hf__,0,librispeech,5950
train,__hf__,0,librispeech,20428
train,/lambda/nfs/algovirginia/workspace/DeepfakeDetectionRenewed/data/vcc2020/audio/T28/task1/team28_intra-TEF1_SEM1_E30004.wav,1,VCC2020_T28,
train,/lambda/nfs/algovirginia/workspace/DeepfakeDetectionRenewed/data/vcc2020/audio/T08/task1/team08_intra-TEM2_SEF1_E30001.wav,1,VCC2020_T08,
train,/lambda/nfs/algovirginia/workspace/DeepfakeDetectionRenewed/data/wavefake/generated_audio/ljspeech_melgan/LJ046-0214_gen.wav,1,ljspeech_melgan,
train,/lambda/nfs/algovirginia/workspace/DeepfakeDetectionRenewed/data/wavefake/generated_audio/common_voices_prompts_from_conformer_fastspeech2_pwg_ljspeech/gen_6602.wav,1,common_voices_prompts_from_conformer_fastspeech2_pwg_ljspeech,
train,__hf__,0,librispeech,14780
train,__hf__,0,librispeech,454
train,__hf__,0,librispeech,27039
train,__hf__,0,librispeech,22013
train,/lambda/nfs/algovirginia/workspace/DeepfakeDetectionRenewed/data/vcc2020/audio/T22/task1/team22_intra-TEM1_SEF1_E30002.wav,1,VCC2020_T22,
train,/lambda/nfs/algovirginia/workspace/DeepfakeDetectionRenewed/data/vcc2020/audio/T02/task1/team02_intra-TEF2_SEF1_E30005.wav,1,VCC2020_T02,
train,/lambda/nfs/algovirginia/workspace/DeepfakeDetectionRenewed/data/wavefake/generated_audio/ljspeech_hifiGAN/LJ026-0102_generated.wav,1,ljspeech_hifiGAN,
train,__hf__,0,librispeech,26521
train,__hf__,0,librispeech,27290
train,/lambda/nfs/algovirginia/workspace/DeepfakeDetectionRenewed/data/wavefake/generated_audio/ljspeech_waveglow/LJ015-0027.wav,1,ljspeech_waveglow,
train,__hf__,0,librispeech,519
train,__hf__,0,librispeech,26141
train,/lambda/nfs/algovirginia/workspace/DeepfakeDetectionRenewed/data/vcc2020/audio/T14/task1/team14_intra-TEF1_SEM1_E30004.wav,1,VCC2020_T14,
train,/lambda/nfs/algovirginia/workspace/DeepfakeDetectionRenewed/data/wavefake/generated_audio/ljspeech_full_band_melgan/LJ022-0009_gen.wav,1,ljspeech_full_band_melgan,
train,/lambda/nfs/algovirginia/workspace/DeepfakeDetectionRenewed/data/vcc2020/audio/T03/task1/team03_intra-TEF1_SEM1_E30001.wav,1,VCC2020_T03,
train,__hf__,0,librispeech,22139
train,__hf__,0,librispeech,3676
train,__hf__,0,librispeech,24802
train,__hf__,0,librispeech,9201
train,__hf__,0,librispeech,5825
train,__hf__,0,librispeech,17244
train,/lambda/nfs/algovirginia/workspace/DeepfakeDetectionRenewed/data/wavefake/generated_audio/ljspeech_full_band_melgan/LJ046-0081_gen.wav,1,ljspeech_full_band_melgan,
train,/lambda/nfs/algovirginia/workspace/DeepfakeDetectionRenewed/data/wavefake/generated_audio/ljspeech_parallel_wavegan/LJ017-0243_gen.wav,1,ljspeech_parallel_wavegan,
train,/lambda/nfs/algovirginia/workspace/DeepfakeDetectionRenewed/data/vcc2020/audio/T06/task1/team06_intra-TEF2_SEM1_E30005.wav,1,VCC2020_T06,
train,/lambda/nfs/algovirginia/workspace/DeepfakeDetectionRenewed/data/wavefake/generated_audio/ljspeech_parallel_wavegan/LJ009-0144_gen.wav,1,ljspeech_parallel_wavegan,
train,__hf__,0,librispeech,17075
train,__hf__,0,librispeech,3770
train,/lambda/nfs/algovirginia/workspace/DeepfakeDetectionRenewed/data/wavefake/generated_audio/common_voices_prompts_from_conformer_fastspeech2_pwg_ljspeech/gen_7584.wav,1,common_voices_prompts_from_conformer_fastspeech2_pwg_ljspeech,
train,/lambda/nfs/algovirginia/workspace/DeepfakeDetectionRenewed/data/wavefake/generated_audio/ljspeech_waveglow/LJ027-0101.wav,1,ljspeech_waveglow,
train,__hf__,0,librispeech,12831
train,__hf__,0,librispeech,4668
train,/lambda/nfs/algovirginia/workspace/DeepfakeDetectionRenewed/data/vcc2020/audio/T30/task1/team30_intra-TEF1_SEM2_E30005.wav,1,VCC2020_T30,
train,__hf__,0,librispeech,23695
train,__hf__,0,librispeech,21107
train,__hf__,0,librispeech,17393
train,/lambda/nfs/algovirginia/workspace/DeepfakeDetectionRenewed/data/wavefake/generated_audio/common_voices_prompts_from_conformer_fastspeech2_pwg_ljspeech/gen_7548.wav,1,common_voices_prompts_from_conformer_fastspeech2_pwg_ljspeech,
train,/lambda/nfs/algovirginia/workspace/DeepfakeDetectionRenewed/data/wavefake/generated_audio/ljspeech_multi_band_melgan/LJ047-0173_gen.wav,1,ljspeech_multi_band_melgan,
train,__hf__,0,librispeech,3813
train,__hf__,0,librispeech,13618
train,__hf__,0,librispeech,5459
train,__hf__,0,librispeech,26935
train,__hf__,0,librispeech,22687
train,__hf__,0,librispeech,19729
train,/lambda/nfs/algovirginia/workspace/DeepfakeDetectionRenewed/data/wavefake/generated_audio/ljspeech_parallel_wavegan/LJ017-0062_gen.wav,1,ljspeech_parallel_wavegan,
train,/lambda/nfs/algovirginia/workspace/DeepfakeDetectionRenewed/data/wavefake/generated_audio/common_voices_prompts_from_conformer_fastspeech2_pwg_ljspeech/gen_10346.wav,1,common_voices_prompts_from_conformer_fastspeech2_pwg_ljspeech,
train,__hf__,0,librispeech,8284
train,__hf__,0,librispeech,3100
train,/lambda/nfs/algovirginia/workspace/DeepfakeDetectionRenewed/data/vcc2020/audio/T09/task1/team09_intra-TEM2_SEM1_E30001.wav,1,VCC2020_T09,
train,/lambda/nfs/algovirginia/workspace/DeepfakeDetectionRenewed/data/vcc2020/audio/T19/task1/team19_intra-TEM1_SEF1_E30005.wav,1,VCC2020_T19,
train,__hf__,0,librispeech,6583
train,/lambda/nfs/algovirginia/workspace/DeepfakeDetectionRenewed/data/vcc2020/audio/T33/task1/team33_intra-TEM2_SEM1_E30004.wav,1,VCC2020_T33,
train,/lambda/nfs/algovirginia/workspace/DeepfakeDetectionRenewed/data/wavefake/generated_audio/ljspeech_hifiGAN/LJ003-0290_generated.wav,1,ljspeech_hifiGAN,
train,__hf__,0,librispeech,11753
train,__hf__,0,librispeech,14841
train,/lambda/nfs/algovirginia/workspace/DeepfakeDetectionRenewed/data/wavefake/generated_audio/ljspeech_full_band_melgan/LJ039-0137_gen.wav,1,ljspeech_full_band_melgan,
train,__hf__,0,librispeech,26523
train,__hf__,0,librispeech,12229
train,/lambda/nfs/algovirginia/workspace/DeepfakeDetectionRenewed/data/vcc2020/audio/T09/task1/team09_intra-TEM1_SEF1_E30002.wav,1,VCC2020_T09,
train,__hf__,0,librispeech,14492
train,__hf__,0,librispeech,23577
train,__hf__,0,librispeech,3464
train,__hf__,0,librispeech,12411
train,__hf__,0,librispeech,11550
train,__hf__,0,librispeech,9836
train,__hf__,0,librispeech,26638
train,/lambda/nfs/algovirginia/workspace/DeepfakeDetectionRenewed/data/vcc2020/audio/T33/task1/team33_intra-TEM1_SEF2_E30003.wav,1,VCC2020_T33,
train,__hf__,0,librispeech,17869
train,__hf__,0,librispeech,14074
train,/lambda/nfs/algovirginia/workspace/DeepfakeDetectionRenewed/data/wavefake/generated_audio/ljspeech_melgan_large/LJ047-0228_gen.wav,1,ljspeech_melgan_large,
train,__hf__,0,librispeech,3140
train,__hf__,0,librispeech,11768
train,/lambda/nfs/algovirginia/workspace/DeepfakeDetectionRenewed/data/wavefake/generated_audio/ljspeech_parallel_wavegan/LJ046-0094_gen.wav,1,ljspeech_parallel_wavegan,
train,/lambda/nfs/algovirginia/workspace/DeepfakeDetectionRenewed/data/vcc2020/audio/T19/task1/team19_intra-TEM2_SEF2_E30004.wav,1,VCC2020_T19,
train,__hf__,0,librispeech,4886
train,/lambda/nfs/algovirginia/workspace/DeepfakeDetectionRenewed/data/wavefake/generated_audio/ljspeech_waveglow/LJ008-0232.wav,1,ljspeech_waveglow,
train,__hf__,0,librispeech,20884
train,/lambda/nfs/algovirginia/workspace/DeepfakeDetectionRenewed/data/wavefake/generated_audio/common_voices_prompts_from_conformer_fastspeech2_pwg_ljspeech/gen_7086.wav,1,common_voices_prompts_from_conformer_fastspeech2_pwg_ljspeech,
train,/lambda/nfs/algovirginia/workspace/DeepfakeDetectionRenewed/data/wavefake/generated_audio/ljspeech_hifiGAN/LJ006-0080_generated.wav,1,ljspeech_hifiGAN,
train,/lambda/nfs/algovirginia/workspace/DeepfakeDetectionRenewed/data/wavefake/generated_audio/ljspeech_waveglow/LJ046-0063.wav,1,ljspeech_waveglow,
train,__hf__,0,librispeech,11216
train,/lambda/nfs/algovirginia/workspace/DeepfakeDetectionRenewed/data/vcc2020/audio/T21/task1/team21_intra-TEM2_SEM1_E30001.wav,1,VCC2020_T21,
train,/lambda/nfs/algovirginia/workspace/DeepfakeDetectionRenewed/data/vcc2020/audio/T12/task1/team12_intra-TEF1_SEF1_E30002.wav,1,VCC2020_T12,
train,__hf__,0,librispeech,24267
train,__hf__,0,librispeech,28461
train,/lambda/nfs/algovirginia/workspace/DeepfakeDetectionRenewed/data/vcc2020/audio/T02/task1/team02_intra-TEM2_SEF2_E30003.wav,1,VCC2020_T02,
train,__hf__,0,librispeech,24829
train,/lambda/nfs/algovirginia/workspace/DeepfakeDetectionRenewed/data/vcc2020/audio/T11/task1/team11_intra-TEM1_SEM2_E30001.wav,1,VCC2020_T11,
train,__hf__,0,librispeech,2608
train,__hf__,0,librispeech,22065
train,/lambda/nfs/algovirginia/workspace/DeepfakeDetectionRenewed/data/wavefake/generated_audio/ljspeech_parallel_wavegan/LJ010-0261_gen.wav,1,ljspeech_parallel_wavegan,
train,__hf__,0,librispeech,5393
train,/lambda/nfs/algovirginia/workspace/DeepfakeDetectionRenewed/data/vcc2020/audio/T16/task1/team16_intra-TEM1_SEF2_E30003.wav,1,VCC2020_T16,
train,/lambda/nfs/algovirginia/workspace/DeepfakeDetectionRenewed/data/wavefake/generated_audio/ljspeech_multi_band_melgan/LJ032-0114_gen.wav,1,ljspeech_multi_band_melgan,
train,/lambda/nfs/algovirginia/workspace/DeepfakeDetectionRenewed/data/wavefake/generated_audio/common_voices_prompts_from_conformer_fastspeech2_pwg_ljspeech/gen_15253.wav,1,common_voices_prompts_from_conformer_fastspeech2_pwg_ljspeech,
train,__hf__,0,librispeech,10657
train,__hf__,0,librispeech,19735
train,__hf__,0,librispeech,23820
train,__hf__,0,librispeech,23656
train,/lambda/nfs/algovirginia/workspace/DeepfakeDetectionRenewed/data/wavefake/generated_audio/common_voices_prompts_from_conformer_fastspeech2_pwg_ljspeech/gen_8959.wav,1,common_voices_prompts_from_conformer_fastspeech2_pwg_ljspeech,
train,/lambda/nfs/algovirginia/workspace/DeepfakeDetectionRenewed/data/wavefake/generated_audio/ljspeech_hifiGAN/LJ019-0268_generated.wav,1,ljspeech_hifiGAN,
train,/lambda/nfs/algovirginia/workspace/DeepfakeDetectionRenewed/data/wavefake/generated_audio/ljspeech_melgan_large/LJ032-0022_gen.wav,1,ljspeech_melgan_large,
train,__hf__,0,librispeech,4694
train,__hf__,0,librispeech,13179
train,/lambda/nfs/algovirginia/workspace/DeepfakeDetectionRenewed/data/wavefake/generated_audio/ljspeech_waveglow/LJ040-0079.wav,1,ljspeech_waveglow,
train,__hf__,0,librispeech,12687
train,__hf__,0,librispeech,12314
train,/lambda/nfs/algovirginia/workspace/DeepfakeDetectionRenewed/data/vcc2020/audio/T32/task1/team32_intra-TEM2_SEM1_E30001.wav,1,VCC2020_T32,
train,__hf__,0,librispeech,15786
train,/lambda/nfs/algovirginia/workspace/DeepfakeDetectionRenewed/data/vcc2020/audio/T09/task1/team09_intra-TEF1_SEF2_E30005.wav,1,VCC2020_T09,
train,/lambda/nfs/algovirginia/workspace/DeepfakeDetectionRenewed/data/vcc2020/audio/T01/task1/team01_intra-TEF2_SEF1_E30004.wav,1,VCC2020_T01,
train,/lambda/nfs/algovirginia/workspace/DeepfakeDetectionRenewed/data/vcc2020/audio/T14/task1/team14_intra-TEM1_SEF1_E30001.wav,1,VCC2020_T14,
train,__hf__,0,librispeech,6965
train,__hf__,0,librispeech,3146
train,/lambda/nfs/algovirginia/workspace/DeepfakeDetectionRenewed/data/wavefake/generated_audio/ljspeech_melgan_large/LJ048-0227_gen.wav,1,ljspeech_melgan_large,
train,__hf__,0,librispeech,19350
train,__hf__,0,librispeech,13605
train,__hf__,0,librispeech,26471
train,/lambda/nfs/algovirginia/workspace/DeepfakeDetectionRenewed/data/wavefake/generated_audio/ljspeech_melgan/LJ016-0221_gen.wav,1,ljspeech_melgan,
train,/lambda/nfs/algovirginia/workspace/DeepfakeDetectionRenewed/data/wavefake/generated_audio/ljspeech_multi_band_melgan/LJ041-0130_gen.wav,1,ljspeech_multi_band_melgan,
train,/lambda/nfs/algovirginia/workspace/DeepfakeDetectionRenewed/data/wavefake/generated_audio/ljspeech_hifiGAN/LJ048-0116_generated.wav,1,ljspeech_hifiGAN,
train,/lambda/nfs/algovirginia/workspace/DeepfakeDetectionRenewed/data/wavefake/generated_audio/ljspeech_full_band_melgan/LJ002-0027_gen.wav,1,ljspeech_full_band_melgan,
train,/lambda/nfs/algovirginia/workspace/DeepfakeDetectionRenewed/data/vcc2020/audio/T21/task1/team21_intra-TEF2_SEF1_E30003.wav,1,VCC2020_T21,
train,__hf__,0,librispeech,28366
train,__hf__,0,librispeech,28118
train,__hf__,0,librispeech,9254
train,__hf__,0,librispeech,11398
train,/lambda/nfs/algovirginia/workspace/DeepfakeDetectionRenewed/data/wavefake/generated_audio/ljspeech_waveglow/LJ048-0119.wav,1,ljspeech_waveglow,
train,/lambda/nfs/algovirginia/workspace/DeepfakeDetectionRenewed/data/vcc2020/audio/T13/task1/team13_intra-TEM1_SEM2_E30003.wav,1,VCC2020_T13,
train,/lambda/nfs/algovirginia/workspace/DeepfakeDetectionRenewed/data/wavefake/generated_audio/ljspeech_waveglow/LJ017-0181.wav,1,ljspeech_waveglow,
train,__hf__,0,librispeech,14139
train,/lambda/nfs/algovirginia/workspace/DeepfakeDetectionRenewed/data/wavefake/generated_audio/common_voices_prompts_from_conformer_fastspeech2_pwg_ljspeech/gen_2451.wav,1,common_voices_prompts_from_conformer_fastspeech2_pwg_ljspeech,
train,__hf__,0,librispeech,11333
train,/lambda/nfs/algovirginia/workspace/DeepfakeDetectionRenewed/data/vcc2020/audio/T08/task1/team08_intra-TEF1_SEF1_E30003.wav,1,VCC2020_T08,
train,/lambda/nfs/algovirginia/workspace/DeepfakeDetectionRenewed/data/vcc2020/audio/T11/task1/team11_intra-TEM1_SEF1_E30004.wav,1,VCC2020_T11,
train,/lambda/nfs/algovirginia/workspace/DeepfakeDetectionRenewed/data/vcc2020/audio/T01/task1/team01_intra-TEF2_SEM2_E30002.wav,1,VCC2020_T01,
train,/lambda/nfs/algovirginia/workspace/DeepfakeDetectionRenewed/data/vcc2020/audio/T31/task1/team31_intra-TEF2_SEF1_E30004.wav,1,VCC2020_T31,
train,/lambda/nfs/algovirginia/workspace/DeepfakeDetectionRenewed/data/vcc2020/audio/T13/task1/team13_intra-TEM2_SEM2_E30001.wav,1,VCC2020_T13,
train,__hf__,0,librispeech,26689
train,__hf__,0,librispeech,27646
train,/lambda/nfs/algovirginia/workspace/DeepfakeDetectionRenewed/data/vcc2020/audio/T09/task1/team09_intra-TEF2_SEM2_E30005.wav,1,VCC2020_T09,
train,__hf__,0,librispeech,24735
train,__hf__,0,librispeech,23245
train,/lambda/nfs/algovirginia/workspace/DeepfakeDetectionRenewed/data/wavefake/generated_audio/ljspeech_hifiGAN/LJ041-0193_generated.wav,1,ljspeech_hifiGAN,
train,/lambda/nfs/algovirginia/workspace/DeepfakeDetectionRenewed/data/wavefake/generated_audio/ljspeech_parallel_wavegan/LJ012-0162_gen.wav,1,ljspeech_parallel_wavegan,
train,/lambda/nfs/algovirginia/workspace/DeepfakeDetectionRenewed/data/vcc2020/audio/T17/task1/team17_intra-TEF2_SEF2_E30002.wav,1,VCC2020_T17,
train,__hf__,0,librispeech,20642
train,/lambda/nfs/algovirginia/workspace/DeepfakeDetectionRenewed/data/wavefake/generated_audio/ljspeech_multi_band_melgan/LJ017-0115_gen.wav,1,ljspeech_multi_band_melgan,
train,__hf__,0,librispeech,8544
train,/lambda/nfs/algovirginia/workspace/DeepfakeDetectionRenewed/data/vcc2020/audio/T07/task1/team07_intra-TEF2_SEM2_E30005.wav,1,VCC2020_T07,
train,/lambda/nfs/algovirginia/workspace/DeepfakeDetectionRenewed/data/vcc2020/audio/T32/task1/team32_intra-TEF2_SEM2_E30003.wav,1,VCC2020_T32,
train,/lambda/nfs/algovirginia/workspace/DeepfakeDetectionRenewed/data/vcc2020/audio/T22/task1/team22_intra-TEM2_SEM1_E30004.wav,1,VCC2020_T22,
train,/lambda/nfs/algovirginia/workspace/DeepfakeDetectionRenewed/data/vcc2020/audio/T26/task1/team26_intra-TEF2_SEM1_E30003.wav,1,VCC2020_T26,
train,__hf__,0,librispeech,2261
train,/lambda/nfs/algovirginia/workspace/DeepfakeDetectionRenewed/data/vcc2020/audio/T32/task1/team32_intra-TEM2_SEF1_E30002.wav,1,VCC2020_T32,
train,/lambda/nfs/algovirginia/workspace/DeepfakeDetectionRenewed/data/vcc2020/audio/T07/task1/team07_intra-TEM2_SEM2_E30004.wav,1,VCC2020_T07,
train,/lambda/nfs/algovirginia/workspace/DeepfakeDetectionRenewed/data/wavefake/generated_audio/ljspeech_parallel_wavegan/LJ026-0010_gen.wav,1,ljspeech_parallel_wavegan,
train,__hf__,0,librispeech,4627
train,/lambda/nfs/algovirginia/workspace/DeepfakeDetectionRenewed/data/wavefake/generated_audio/ljspeech_multi_band_melgan/LJ048-0246_gen.wav,1,ljspeech_multi_band_melgan,
train,/lambda/nfs/algovirginia/workspace/DeepfakeDetectionRenewed/data/wavefake/generated_audio/ljspeech_parallel_wavegan/LJ010-0227_gen.wav,1,ljspeech_parallel_wavegan,
train,__hf__,0,librispeech,15111
train,__hf__,0,librispeech,26133
train,/lambda/nfs/algovirginia/workspace/DeepfakeDetectionRenewed/data/wavefake/generated_audio/ljspeech_parallel_wavegan/LJ042-0156_gen.wav,1,ljspeech_parallel_wavegan,
train,__hf__,0,librispeech,13187
train,/lambda/nfs/algovirginia/workspace/DeepfakeDetectionRenewed/data/wavefake/generated_audio/ljspeech_multi_band_melgan/LJ036-0047_gen.wav,1,ljspeech_multi_band_melgan,
train,/lambda/nfs/algovirginia/workspace/DeepfakeDetectionRenewed/data/vcc2020/audio/T20/task1/team20_intra-TEF1_SEM1_E30004.wav,1,VCC2020_T20,
train,__hf__,0,librispeech,12614
train,__hf__,0,librispeech,13956
train,__hf__,0,librispeech,23391
train,/lambda/nfs/algovirginia/workspace/DeepfakeDetectionRenewed/data/vcc2020/audio/T33/task1/team33_intra-TEF2_SEM1_E30004.wav,1,VCC2020_T33,
train,/lambda/nfs/algovirginia/workspace/DeepfakeDetectionRenewed/data/vcc2020/audio/T10/task1/team10_intra-TEF1_SEF1_E30002.wav,1,VCC2020_T10,
train,/lambda/nfs/algovirginia/workspace/DeepfakeDetectionRenewed/data/vcc2020/audio/T09/task1/team09_intra-TEM2_SEF2_E30002.wav,1,VCC2020_T09,
train,/lambda/nfs/algovirginia/workspace/DeepfakeDetectionRenewed/data/vcc2020/audio/T29/task1/team29_intra-TEM1_SEF1_E30002.wav,1,VCC2020_T29,
train,__hf__,0,librispeech,27730
train,__hf__,0,librispeech,6085
train,__hf__,0,librispeech,7325
train,__hf__,0,librispeech,16749
train,__hf__,0,librispeech,26657
train,/lambda/nfs/algovirginia/workspace/DeepfakeDetectionRenewed/data/vcc2020/audio/T22/task1/team22_intra-TEM2_SEF2_E30004.wav,1,VCC2020_T22,
train,/lambda/nfs/algovirginia/workspace/DeepfakeDetectionRenewed/data/wavefake/generated_audio/ljspeech_melgan/LJ011-0097_gen.wav,1,ljspeech_melgan,
train,__hf__,0,librispeech,5089
train,__hf__,0,librispeech,19445
train,/lambda/nfs/algovirginia/workspace/DeepfakeDetectionRenewed/data/wavefake/generated_audio/ljspeech_hifiGAN/LJ042-0158_generated.wav,1,ljspeech_hifiGAN,
train,__hf__,0,librispeech,26697
train,__hf__,0,librispeech,19220
train,__hf__,0,librispeech,12030
train,/lambda/nfs/algovirginia/workspace/DeepfakeDetectionRenewed/data/vcc2020/audio/T11/task1/team11_intra-TEM2_SEF1_E30002.wav,1,VCC2020_T11,
train,/lambda/nfs/algovirginia/workspace/DeepfakeDetectionRenewed/data/wavefake/generated_audio/ljspeech_full_band_melgan/LJ029-0161_gen.wav,1,ljspeech_full_band_melgan,
train,/lambda/nfs/algovirginia/workspace/DeepfakeDetectionRenewed/data/vcc2020/audio/T14/task1/team14_intra-TEF1_SEM1_E30002.wav,1,VCC2020_T14,
train,__hf__,0,librispeech,28448
train,/lambda/nfs/algovirginia/workspace/DeepfakeDetectionRenewed/data/vcc2020/audio/T01/task1/team01_intra-TEF2_SEM2_E30004.wav,1,VCC2020_T01,
train,/lambda/nfs/algovirginia/workspace/DeepfakeDetectionRenewed/data/vcc2020/audio/T18/task1/team18_intra-TEM1_SEM1_E30002.wav,1,VCC2020_T18,
train,__hf__,0,librispeech,26400
train,__hf__,0,librispeech,1524
train,/lambda/nfs/algovirginia/workspace/DeepfakeDetectionRenewed/data/wavefake/generated_audio/ljspeech_hifiGAN/LJ009-0148_generated.wav,1,ljspeech_hifiGAN,
train,__hf__,0,librispeech,18405
train,/lambda/nfs/algovirginia/workspace/DeepfakeDetectionRenewed/data/vcc2020/audio/T19/task1/team19_intra-TEM1_SEF1_E30001.wav,1,VCC2020_T19,
train,/lambda/nfs/algovirginia/workspace/DeepfakeDetectionRenewed/data/vcc2020/audio/T03/task1/team03_intra-TEF1_SEM1_E30004.wav,1,VCC2020_T03,
train,/lambda/nfs/algovirginia/workspace/DeepfakeDetectionRenewed/data/vcc2020/audio/T01/task1/team01_intra-TEF1_SEM1_E30004.wav,1,VCC2020_T01,
train,__hf__,0,librispeech,12068
train,/lambda/nfs/algovirginia/workspace/DeepfakeDetectionRenewed/data/wavefake/generated_audio/common_voices_prompts_from_conformer_fastspeech2_pwg_ljspeech/gen_4958.wav,1,common_voices_prompts_from_conformer_fastspeech2_pwg_ljspeech,
train,/lambda/nfs/algovirginia/workspace/DeepfakeDetectionRenewed/data/vcc2020/audio/T14/task1/team14_intra-TEM1_SEF1_E30002.wav,1,VCC2020_T14,
train,/lambda/nfs/algovirginia/workspace/DeepfakeDetectionRenewed/data/wavefake/generated_audio/ljspeech_full_band_melgan/LJ050-0008_gen.wav,1,ljspeech_full_band_melgan,
train,__hf__,0,librispeech,10923
train,__hf__,0,librispeech,3655
train,__hf__,0,librispeech,4109
train,__hf__,0,librispeech,7183
train,__hf__,0,librispeech,28385
train,__hf__,0,librispeech,4174
train,/lambda/nfs/algovirginia/workspace/DeepfakeDetectionRenewed/data/wavefake/generated_audio/common_voices_prompts_from_conformer_fastspeech2_pwg_ljspeech/gen_12116.wav,1,common_voices_prompts_from_conformer_fastspeech2_pwg_ljspeech,
train,__hf__,0,librispeech,21732
train,__hf__,0,librispeech,1340
train,/lambda/nfs/algovirginia/workspace/DeepfakeDetectionRenewed/data/wavefake/generated_audio/ljspeech_full_band_melgan/LJ018-0141_gen.wav,1,ljspeech_full_band_melgan,
train,__hf__,0,librispeech,11833
train,/lambda/nfs/algovirginia/workspace/DeepfakeDetectionRenewed/data/vcc2020/audio/T09/task1/team09_intra-TEF2_SEF1_E30001.wav,1,VCC2020_T09,
train,__hf__,0,librispeech,11759
train,__hf__,0,librispeech,3592
train,__hf__,0,librispeech,3670
train,/lambda/nfs/algovirginia/workspace/DeepfakeDetectionRenewed/data/vcc2020/audio/T22/task1/team22_intra-TEF2_SEM1_E30001.wav,1,VCC2020_T22,
train,__hf__,0,librispeech,1101
train,__hf__,0,librispeech,13685
train,/lambda/nfs/algovirginia/workspace/DeepfakeDetectionRenewed/data/vcc2020/audio/T23/task1/team23_intra-TEF2_SEM2_E30002.wav,1,VCC2020_T23,
train,__hf__,0,librispeech,8306
train,/lambda/nfs/algovirginia/workspace/DeepfakeDetectionRenewed/data/wavefake/generated_audio/ljspeech_hifiGAN/LJ035-0168_generated.wav,1,ljspeech_hifiGAN,
train,__hf__,0,librispeech,28293
train,/lambda/nfs/algovirginia/workspace/DeepfakeDetectionRenewed/data/vcc2020/audio/T13/task1/team13_intra-TEM1_SEF1_E30003.wav,1,VCC2020_T13,
train,__hf__,0,librispeech,1385
train,/lambda/nfs/algovirginia/workspace/DeepfakeDetectionRenewed/data/wavefake/generated_audio/ljspeech_waveglow/LJ034-0205.wav,1,ljspeech_waveglow,
train,__hf__,0,librispeech,21207
train,/lambda/nfs/algovirginia/workspace/DeepfakeDetectionRenewed/data/vcc2020/audio/T30/task1/team30_intra-TEM2_SEF2_E30005.wav,1,VCC2020_T30,
train,__hf__,0,librispeech,1314
train,/lambda/nfs/algovirginia/workspace/DeepfakeDetectionRenewed/data/wavefake/generated_audio/ljspeech_full_band_melgan/LJ031-0094_gen.wav,1,ljspeech_full_band_melgan,
train,__hf__,0,librispeech,14881
train,/lambda/nfs/algovirginia/workspace/DeepfakeDetectionRenewed/data/wavefake/generated_audio/ljspeech_full_band_melgan/LJ038-0039_gen.wav,1,ljspeech_full_band_melgan,
train,__hf__,0,librispeech,4343
train,/lambda/nfs/algovirginia/workspace/DeepfakeDetectionRenewed/data/wavefake/generated_audio/ljspeech_multi_band_melgan/LJ048-0075_gen.wav,1,ljspeech_multi_band_melgan,
train,/lambda/nfs/algovirginia/workspace/DeepfakeDetectionRenewed/data/vcc2020/audio/T19/task1/team19_intra-TEF1_SEF1_E30005.wav,1,VCC2020_T19,
train,/lambda/nfs/algovirginia/workspace/DeepfakeDetectionRenewed/data/wavefake/generated_audio/ljspeech_full_band_melgan/LJ036-0101_gen.wav,1,ljspeech_full_band_melgan,
train,/lambda/nfs/algovirginia/workspace/DeepfakeDetectionRenewed/data/wavefake/generated_audio/ljspeech_parallel_wavegan/LJ019-0082_gen.wav,1,ljspeech_parallel_wavegan,
train,/lambda/nfs/algovirginia/workspace/DeepfakeDetectionRenewed/data/wavefake/generated_audio/ljspeech_parallel_wavegan/LJ008-0070_gen.wav,1,ljspeech_parallel_wavegan,
train,__hf__,0,librispeech,15579
train,__hf__,0,librispeech,19499
train,/lambda/nfs/algovirginia/workspace/DeepfakeDetectionRenewed/data/vcc2020/audio/T30/task1/team30_intra-TEF2_SEM2_E30002.wav,1,VCC2020_T30,
train,/lambda/nfs/algovirginia/workspace/DeepfakeDetectionRenewed/data/vcc2020/audio/T25/task1/team25_intra-TEF1_SEM1_E30004.wav,1,VCC2020_T25,
train,__hf__,0,librispeech,24689
train,__hf__,0,librispeech,5264
train,__hf__,0,librispeech,265
train,/lambda/nfs/algovirginia/workspace/DeepfakeDetectionRenewed/data/wavefake/generated_audio/ljspeech_hifiGAN/LJ031-0185_generated.wav,1,ljspeech_hifiGAN,
train,__hf__,0,librispeech,5766
train,__hf__,0,librispeech,22590
train,__hf__,0,librispeech,26274
train,/lambda/nfs/algovirginia/workspace/DeepfakeDetectionRenewed/data/vcc2020/audio/T20/task1/team20_intra-TEM2_SEF2_E30002.wav,1,VCC2020_T20,
train,/lambda/nfs/algovirginia/workspace/DeepfakeDetectionRenewed/data/vcc2020/audio/T27/task1/team27_intra-TEF1_SEM2_E30004.wav,1,VCC2020_T27,
train,__hf__,0,librispeech,28081
train,/lambda/nfs/algovirginia/workspace/DeepfakeDetectionRenewed/data/vcc2020/audio/T17/task1/team17_intra-TEF2_SEF1_E30004.wav,1,VCC2020_T17,
train,/lambda/nfs/algovirginia/workspace/DeepfakeDetectionRenewed/data/vcc2020/audio/T14/task1/team14_intra-TEM1_SEF2_E30004.wav,1,VCC2020_T14,
train,/lambda/nfs/algovirginia/workspace/DeepfakeDetectionRenewed/data/vcc2020/audio/T14/task1/team14_intra-TEM2_SEM2_E30005.wav,1,VCC2020_T14,
train,/lambda/nfs/algovirginia/workspace/DeepfakeDetectionRenewed/data/wavefake/generated_audio/ljspeech_hifiGAN/LJ035-0062_generated.wav,1,ljspeech_hifiGAN,
train,__hf__,0,librispeech,4170
train,__hf__,0,librispeech,21160
train,/lambda/nfs/algovirginia/workspace/DeepfakeDetectionRenewed/data/wavefake/generated_audio/ljspeech_multi_band_melgan/LJ031-0072_gen.wav,1,ljspeech_multi_band_melgan,
train,/lambda/nfs/algovirginia/workspace/DeepfakeDetectionRenewed/data/vcc2020/audio/T13/task1/team13_intra-TEF1_SEM1_E30002.wav,1,VCC2020_T13,
train,__hf__,0,librispeech,19582
train,__hf__,0,librispeech,21135
train,__hf__,0,librispeech,18221
train,__hf__,0,librispeech,4052
train,/lambda/nfs/algovirginia/workspace/DeepfakeDetectionRenewed/data/wavefake/generated_audio/ljspeech_melgan/LJ049-0176_gen.wav,1,ljspeech_melgan,
train,/lambda/nfs/algovirginia/workspace/DeepfakeDetectionRenewed/data/wavefake/generated_audio/ljspeech_parallel_wavegan/LJ014-0159_gen.wav,1,ljspeech_parallel_wavegan,
train,/lambda/nfs/algovirginia/workspace/DeepfakeDetectionRenewed/data/wavefake/generated_audio/ljspeech_waveglow/LJ038-0021.wav,1,ljspeech_waveglow,
train,/lambda/nfs/algovirginia/workspace/DeepfakeDetectionRenewed/data/vcc2020/audio/T21/task1/team21_intra-TEF2_SEF1_E30001.wav,1,VCC2020_T21,
train,__hf__,0,librispeech,8741
train,/lambda/nfs/algovirginia/workspace/DeepfakeDetectionRenewed/data/wavefake/generated_audio/ljspeech_waveglow/LJ046-0050.wav,1,ljspeech_waveglow,
train,__hf__,0,librispeech,18362
train,/lambda/nfs/algovirginia/workspace/DeepfakeDetectionRenewed/data/vcc2020/audio/T14/task1/team14_intra-TEF2_SEF1_E30004.wav,1,VCC2020_T14,
train,/lambda/nfs/algovirginia/workspace/DeepfakeDetectionRenewed/data/wavefake/generated_audio/common_voices_prompts_from_conformer_fastspeech2_pwg_ljspeech/gen_12104.wav,1,common_voices_prompts_from_conformer_fastspeech2_pwg_ljspeech,
train,__hf__,0,librispeech,10167
train,/lambda/nfs/algovirginia/workspace/DeepfakeDetectionRenewed/data/vcc2020/audio/T25/task1/team25_intra-TEM2_SEM2_E30005.wav,1,VCC2020_T25,
train,/lambda/nfs/algovirginia/workspace/DeepfakeDetectionRenewed/data/wavefake/generated_audio/ljspeech_parallel_wavegan/LJ024-0006_gen.wav,1,ljspeech_parallel_wavegan,
train,__hf__,0,librispeech,20395
train,/lambda/nfs/algovirginia/workspace/DeepfakeDetectionRenewed/data/vcc2020/audio/T14/task1/team14_intra-TEM2_SEF2_E30001.wav,1,VCC2020_T14,
train,/lambda/nfs/algovirginia/workspace/DeepfakeDetectionRenewed/data/wavefake/generated_audio/ljspeech_parallel_wavegan/LJ004-0081_gen.wav,1,ljspeech_parallel_wavegan,
train,/lambda/nfs/algovirginia/workspace/DeepfakeDetectionRenewed/data/wavefake/generated_audio/common_voices_prompts_from_conformer_fastspeech2_pwg_ljspeech/gen_15570.wav,1,common_voices_prompts_from_conformer_fastspeech2_pwg_ljspeech,
train,/lambda/nfs/algovirginia/workspace/DeepfakeDetectionRenewed/data/wavefake/generated_audio/common_voices_prompts_from_conformer_fastspeech2_pwg_ljspeech/gen_15757.wav,1,common_voices_prompts_from_conformer_fastspeech2_pwg_ljspeech,
train,/lambda/nfs/algovirginia/workspace/DeepfakeDetectionRenewed/data/vcc2020/audio/T31/task1/team31_intra-TEF2_SEM2_E30001.wav,1,VCC2020_T31,
train,/lambda/nfs/algovirginia/workspace/DeepfakeDetectionRenewed/data/wavefake/generated_audio/common_voices_prompts_from_conformer_fastspeech2_pwg_ljspeech/gen_15372.wav,1,common_voices_prompts_from_conformer_fastspeech2_pwg_ljspeech,
train,__hf__,0,librispeech,26557
train,/lambda/nfs/algovirginia/workspace/DeepfakeDetectionRenewed/data/wavefake/generated_audio/ljspeech_full_band_melgan/LJ012-0263_gen.wav,1,ljspeech_full_band_melgan,
train,__hf__,0,librispeech,7918
train,__hf__,0,librispeech,25296
train,/lambda/nfs/algovirginia/workspace/DeepfakeDetectionRenewed/data/wavefake/generated_audio/ljspeech_hifiGAN/LJ005-0031_generated.wav,1,ljspeech_hifiGAN,
train,__hf__,0,librispeech,8455
train,/lambda/nfs/algovirginia/workspace/DeepfakeDetectionRenewed/data/wavefake/generated_audio/ljspeech_melgan_large/LJ014-0002_gen.wav,1,ljspeech_melgan_large,
train,__hf__,0,librispeech,11479
train,__hf__,0,librispeech,19620
train,__hf__,0,librispeech,19534
train,__hf__,0,librispeech,18255
train,/lambda/nfs/algovirginia/workspace/DeepfakeDetectionRenewed/data/vcc2020/audio/T14/task1/team14_intra-TEF1_SEF2_E30002.wav,1,VCC2020_T14,
train,/lambda/nfs/algovirginia/workspace/DeepfakeDetectionRenewed/data/wavefake/generated_audio/ljspeech_multi_band_melgan/LJ028-0167_gen.wav,1,ljspeech_multi_band_melgan,
train,/lambda/nfs/algovirginia/workspace/DeepfakeDetectionRenewed/data/wavefake/generated_audio/ljspeech_parallel_wavegan/LJ043-0153_gen.wav,1,ljspeech_parallel_wavegan,
train,__hf__,0,librispeech,14613
train,__hf__,0,librispeech,25027
train,/lambda/nfs/algovirginia/workspace/DeepfakeDetectionRenewed/data/vcc2020/audio/T02/task1/team02_intra-TEM2_SEM1_E30001.wav,1,VCC2020_T02,
train,__hf__,0,librispeech,9034
train,/lambda/nfs/algovirginia/workspace/DeepfakeDetectionRenewed/data/wavefake/generated_audio/ljspeech_melgan_large/LJ001-0154_gen.wav,1,ljspeech_melgan_large,
train,/lambda/nfs/algovirginia/workspace/DeepfakeDetectionRenewed/data/wavefake/generated_audio/ljspeech_multi_band_melgan/LJ042-0227_gen.wav,1,ljspeech_multi_band_melgan,
train,__hf__,0,librispeech,20499
train,__hf__,0,librispeech,18178
train,__hf__,0,librispeech,18420
train,/lambda/nfs/algovirginia/workspace/DeepfakeDetectionRenewed/data/wavefake/generated_audio/ljspeech_melgan_large/LJ040-0045_gen.wav,1,ljspeech_melgan_large,
train,__hf__,0,librispeech,24004
train,/lambda/nfs/algovirginia/workspace/DeepfakeDetectionRenewed/data/vcc2020/audio/T14/task1/team14_intra-TEF2_SEF1_E30003.wav,1,VCC2020_T14,
train,/lambda/nfs/algovirginia/workspace/DeepfakeDetectionRenewed/data/wavefake/generated_audio/common_voices_prompts_from_conformer_fastspeech2_pwg_ljspeech/gen_3613.wav,1,common_voices_prompts_from_conformer_fastspeech2_pwg_ljspeech,
train,/lambda/nfs/algovirginia/workspace/DeepfakeDetectionRenewed/data/wavefake/generated_audio/ljspeech_hifiGAN/LJ039-0054_generated.wav,1,ljspeech_hifiGAN,
train,/lambda/nfs/algovirginia/workspace/DeepfakeDetectionRenewed/data/wavefake/generated_audio/ljspeech_melgan/LJ009-0266_gen.wav,1,ljspeech_melgan,
train,__hf__,0,librispeech,436
train,/lambda/nfs/algovirginia/workspace/DeepfakeDetectionRenewed/data/vcc2020/audio/T30/task1/team30_intra-TEM1_SEM1_E30005.wav,1,VCC2020_T30,
train,__hf__,0,librispeech,11572
train,/lambda/nfs/algovirginia/workspace/DeepfakeDetectionRenewed/data/wavefake/generated_audio/ljspeech_parallel_wavegan/LJ050-0060_gen.wav,1,ljspeech_parallel_wavegan,
train,/lambda/nfs/algovirginia/workspace/DeepfakeDetectionRenewed/data/wavefake/generated_audio/ljspeech_waveglow/LJ042-0118.wav,1,ljspeech_waveglow,
train,/lambda/nfs/algovirginia/workspace/DeepfakeDetectionRenewed/data/vcc2020/audio/T14/task1/team14_intra-TEF1_SEF1_E30002.wav,1,VCC2020_T14,
train,__hf__,0,librispeech,3685
train,/lambda/nfs/algovirginia/workspace/DeepfakeDetectionRenewed/data/wavefake/generated_audio/ljspeech_hifiGAN/LJ009-0216_generated.wav,1,ljspeech_hifiGAN,
train,__hf__,0,librispeech,2098
train,/lambda/nfs/algovirginia/workspace/DeepfakeDetectionRenewed/data/vcc2020/audio/T31/task1/team31_intra-TEM1_SEM2_E30001.wav,1,VCC2020_T31,
train,__hf__,0,librispeech,3428
train,__hf__,0,librispeech,20915
train,/lambda/nfs/algovirginia/workspace/DeepfakeDetectionRenewed/data/vcc2020/audio/T19/task1/team19_intra-TEM2_SEF2_E30002.wav,1,VCC2020_T19,
train,__hf__,0,librispeech,17898
train,/lambda/nfs/algovirginia/workspace/DeepfakeDetectionRenewed/data/vcc2020/audio/T24/task1/team24_intra-TEM1_SEF2_E30002.wav,1,VCC2020_T24,
train,__hf__,0,librispeech,15904
train,/lambda/nfs/algovirginia/workspace/DeepfakeDetectionRenewed/data/wavefake/generated_audio/ljspeech_melgan/LJ002-0288_gen.wav,1,ljspeech_melgan,
train,/lambda/nfs/algovirginia/workspace/DeepfakeDetectionRenewed/data/wavefake/generated_audio/ljspeech_parallel_wavegan/LJ046-0109_gen.wav,1,ljspeech_parallel_wavegan,
train,/lambda/nfs/algovirginia/workspace/DeepfakeDetectionRenewed/data/wavefake/generated_audio/ljspeech_melgan/LJ015-0076_gen.wav,1,ljspeech_melgan,
train,__hf__,0,librispeech,21531
train,/lambda/nfs/algovirginia/workspace/DeepfakeDetectionRenewed/data/vcc2020/audio/T20/task1/team20_intra-TEM1_SEM2_E30005.wav,1,VCC2020_T20,
train,__hf__,0,librispeech,6440
train,/lambda/nfs/algovirginia/workspace/DeepfakeDetectionRenewed/data/wavefake/generated_audio/ljspeech_melgan/LJ039-0101_gen.wav,1,ljspeech_melgan,
train,/lambda/nfs/algovirginia/workspace/DeepfakeDetectionRenewed/data/vcc2020/audio/T28/task1/team28_intra-TEM2_SEM2_E30002.wav,1,VCC2020_T28,
train,/lambda/nfs/algovirginia/workspace/DeepfakeDetectionRenewed/data/wavefake/generated_audio/ljspeech_hifiGAN/LJ049-0049_generated.wav,1,ljspeech_hifiGAN,
train,/lambda/nfs/algovirginia/workspace/DeepfakeDetectionRenewed/data/vcc2020/audio/T19/task1/team19_intra-TEM1_SEF2_E30005.wav,1,VCC2020_T19,
train,__hf__,0,librispeech,28297
train,/lambda/nfs/algovirginia/workspace/DeepfakeDetectionRenewed/data/wavefake/generated_audio/ljspeech_parallel_wavegan/LJ011-0093_gen.wav,1,ljspeech_parallel_wavegan,
train,/lambda/nfs/algovirginia/workspace/DeepfakeDetectionRenewed/data/wavefake/generated_audio/ljspeech_waveglow/LJ028-0399.wav,1,ljspeech_waveglow,
train,/lambda/nfs/algovirginia/workspace/DeepfakeDetectionRenewed/data/vcc2020/audio/T09/task1/team09_intra-TEM2_SEF2_E30005.wav,1,VCC2020_T09,
train,/lambda/nfs/algovirginia/workspace/DeepfakeDetectionRenewed/data/wavefake/generated_audio/ljspeech_parallel_wavegan/LJ008-0216_gen.wav,1,ljspeech_parallel_wavegan,
train,/lambda/nfs/algovirginia/workspace/DeepfakeDetectionRenewed/data/vcc2020/audio/T19/task1/team19_intra-TEF1_SEF1_E30004.wav,1,VCC2020_T19,
train,__hf__,0,librispeech,7253
train,__hf__,0,librispeech,9165
train,__hf__,0,librispeech,2245
train,__hf__,0,librispeech,1149
train,__hf__,0,librispeech,6324
train,/lambda/nfs/algovirginia/workspace/DeepfakeDetectionRenewed/data/vcc2020/audio/T20/task1/team20_intra-TEM2_SEF1_E30002.wav,1,VCC2020_T20,
train,/lambda/nfs/algovirginia/workspace/DeepfakeDetectionRenewed/data/wavefake/generated_audio/ljspeech_waveglow/LJ028-0270.wav,1,ljspeech_waveglow,
train,/lambda/nfs/algovirginia/workspace/DeepfakeDetectionRenewed/data/vcc2020/audio/T10/task1/team10_intra-TEF2_SEM1_E30002.wav,1,VCC2020_T10,
train,__hf__,0,librispeech,14564
train,/lambda/nfs/algovirginia/workspace/DeepfakeDetectionRenewed/data/wavefake/generated_audio/ljspeech_melgan_large/LJ049-0130_gen.wav,1,ljspeech_melgan_large,
train,__hf__,0,librispeech,16733
train,/lambda/nfs/algovirginia/workspace/DeepfakeDetectionRenewed/data/wavefake/generated_audio/ljspeech_multi_band_melgan/LJ028-0285_gen.wav,1,ljspeech_multi_band_melgan,
train,/lambda/nfs/algovirginia/workspace/DeepfakeDetectionRenewed/data/wavefake/generated_audio/ljspeech_melgan/LJ044-0135_gen.wav,1,ljspeech_melgan,
train,__hf__,0,librispeech,10599
train,/lambda/nfs/algovirginia/workspace/DeepfakeDetectionRenewed/data/vcc2020/audio/T17/task1/team17_intra-TEF2_SEM2_E30005.wav,1,VCC2020_T17,
train,/lambda/nfs/algovirginia/workspace/DeepfakeDetectionRenewed/data/wavefake/generated_audio/ljspeech_multi_band_melgan/LJ028-0440_gen.wav,1,ljspeech_multi_band_melgan,
train,/lambda/nfs/algovirginia/workspace/DeepfakeDetectionRenewed/data/wavefake/generated_audio/ljspeech_multi_band_melgan/LJ012-0222_gen.wav,1,ljspeech_multi_band_melgan,
train,/lambda/nfs/algovirginia/workspace/DeepfakeDetectionRenewed/data/wavefake/generated_audio/common_voices_prompts_from_conformer_fastspeech2_pwg_ljspeech/gen_1857.wav,1,common_voices_prompts_from_conformer_fastspeech2_pwg_ljspeech,
train,__hf__,0,librispeech,26
train,/lambda/nfs/algovirginia/workspace/DeepfakeDetectionRenewed/data/vcc2020/audio/T27/task1/team27_intra-TEF1_SEM2_E30001.wav,1,VCC2020_T27,
train,__hf__,0,librispeech,21966
train,/lambda/nfs/algovirginia/workspace/DeepfakeDetectionRenewed/data/vcc2020/audio/T23/task1/team23_intra-TEM1_SEM1_E30001.wav,1,VCC2020_T23,
train,__hf__,0,librispeech,13487
train,__hf__,0,librispeech,3466
train,/lambda/nfs/algovirginia/workspace/DeepfakeDetectionRenewed/data/wavefake/generated_audio/common_voices_prompts_from_conformer_fastspeech2_pwg_ljspeech/gen_11524.wav,1,common_voices_prompts_from_conformer_fastspeech2_pwg_ljspeech,
train,/lambda/nfs/algovirginia/workspace/DeepfakeDetectionRenewed/data/wavefake/generated_audio/ljspeech_waveglow/LJ042-0075.wav,1,ljspeech_waveglow,
train,__hf__,0,librispeech,22262
train,__hf__,0,librispeech,8029
train,__hf__,0,librispeech,5364
train,/lambda/nfs/algovirginia/workspace/DeepfakeDetectionRenewed/data/wavefake/generated_audio/ljspeech_hifiGAN/LJ007-0108_generated.wav,1,ljspeech_hifiGAN,
train,__hf__,0,librispeech,7497
train,/lambda/nfs/algovirginia/workspace/DeepfakeDetectionRenewed/data/wavefake/generated_audio/ljspeech_parallel_wavegan/LJ006-0308_gen.wav,1,ljspeech_parallel_wavegan,
train,/lambda/nfs/algovirginia/workspace/DeepfakeDetectionRenewed/data/vcc2020/audio/T24/task1/team24_intra-TEM1_SEM1_E30004.wav,1,VCC2020_T24,
train,/lambda/nfs/algovirginia/workspace/DeepfakeDetectionRenewed/data/vcc2020/audio/T28/task1/team28_intra-TEF2_SEF2_E30004.wav,1,VCC2020_T28,
train,/lambda/nfs/algovirginia/workspace/DeepfakeDetectionRenewed/data/vcc2020/audio/T32/task1/team32_intra-TEM1_SEF1_E30002.wav,1,VCC2020_T32,
train,/lambda/nfs/algovirginia/workspace/DeepfakeDetectionRenewed/data/wavefake/generated_audio/ljspeech_hifiGAN/LJ046-0023_generated.wav,1,ljspeech_hifiGAN,
train,/lambda/nfs/algovirginia/workspace/DeepfakeDetectionRenewed/data/wavefake/generated_audio/ljspeech_multi_band_melgan/LJ038-0246_gen.wav,1,ljspeech_multi_band_melgan,
train,/lambda/nfs/algovirginia/workspace/DeepfakeDetectionRenewed/data/wavefake/generated_audio/ljspeech_hifiGAN/LJ014-0052_generated.wav,1,ljspeech_hifiGAN,
train,/lambda/nfs/algovirginia/workspace/DeepfakeDetectionRenewed/data/vcc2020/audio/T10/task1/team10_intra-TEF2_SEF2_E30003.wav,1,VCC2020_T10,
train,/lambda/nfs/algovirginia/workspace/DeepfakeDetectionRenewed/data/wavefake/generated_audio/ljspeech_waveglow/LJ016-0273.wav,1,ljspeech_waveglow,
train,__hf__,0,librispeech,21287
train,/lambda/nfs/algovirginia/workspace/DeepfakeDetectionRenewed/data/wavefake/generated_audio/ljspeech_melgan/LJ015-0090_gen.wav,1,ljspeech_melgan,
train,__hf__,0,librispeech,27794
train,__hf__,0,librispeech,18741
train,/lambda/nfs/algovirginia/workspace/DeepfakeDetectionRenewed/data/wavefake/generated_audio/ljspeech_full_band_melgan/LJ009-0115_gen.wav,1,ljspeech_full_band_melgan,
train,/lambda/nfs/algovirginia/workspace/DeepfakeDetectionRenewed/data/vcc2020/audio/T01/task1/team01_intra-TEF2_SEM2_E30001.wav,1,VCC2020_T01,
train,/lambda/nfs/algovirginia/workspace/DeepfakeDetectionRenewed/data/wavefake/generated_audio/ljspeech_full_band_melgan/LJ050-0229_gen.wav,1,ljspeech_full_band_melgan,
train,/lambda/nfs/algovirginia/workspace/DeepfakeDetectionRenewed/data/wavefake/generated_audio/ljspeech_hifiGAN/LJ040-0123_generated.wav,1,ljspeech_hifiGAN,
train,/lambda/nfs/algovirginia/workspace/DeepfakeDetectionRenewed/data/wavefake/generated_audio/ljspeech_melgan/LJ028-0239_gen.wav,1,ljspeech_melgan,
train,__hf__,0,librispeech,3729
train,/lambda/nfs/algovirginia/workspace/DeepfakeDetectionRenewed/data/wavefake/generated_audio/ljspeech_melgan/LJ020-0085_gen.wav,1,ljspeech_melgan,
train,__hf__,0,librispeech,5756
train,/lambda/nfs/algovirginia/workspace/DeepfakeDetectionRenewed/data/wavefake/generated_audio/ljspeech_parallel_wavegan/LJ015-0228_gen.wav,1,ljspeech_parallel_wavegan,
train,__hf__,0,librispeech,16173
train,/lambda/nfs/algovirginia/workspace/DeepfakeDetectionRenewed/data/vcc2020/audio/T16/task1/team16_intra-TEM1_SEM1_E30003.wav,1,VCC2020_T16,
train,__hf__,0,librispeech,13480
train,/lambda/nfs/algovirginia/workspace/DeepfakeDetectionRenewed/data/vcc2020/audio/T26/task1/team26_intra-TEM1_SEM2_E30004.wav,1,VCC2020_T26,
train,__hf__,0,librispeech,14191
train,__hf__,0,librispeech,6168
train,__hf__,0,librispeech,14677
train,__hf__,0,librispeech,7744
train,/lambda/nfs/algovirginia/workspace/DeepfakeDetectionRenewed/data/wavefake/generated_audio/ljspeech_parallel_wavegan/LJ014-0199_gen.wav,1,ljspeech_parallel_wavegan,
train,/lambda/nfs/algovirginia/workspace/DeepfakeDetectionRenewed/data/vcc2020/audio/T16/task1/team16_intra-TEF2_SEM2_E30001.wav,1,VCC2020_T16,
train,/lambda/nfs/algovirginia/workspace/DeepfakeDetectionRenewed/data/vcc2020/audio/T13/task1/team13_intra-TEF1_SEF2_E30004.wav,1,VCC2020_T13,
train,__hf__,0,librispeech,593
train,/lambda/nfs/algovirginia/workspace/DeepfakeDetectionRenewed/data/vcc2020/audio/T14/task1/team14_intra-TEM2_SEM1_E30004.wav,1,VCC2020_T14,
train,__hf__,0,librispeech,796
train,/lambda/nfs/algovirginia/workspace/DeepfakeDetectionRenewed/data/vcc2020/audio/T28/task1/team28_intra-TEF2_SEM2_E30003.wav,1,VCC2020_T28,
train,__hf__,0,librispeech,12972
train,/lambda/nfs/algovirginia/workspace/DeepfakeDetectionRenewed/data/wavefake/generated_audio/ljspeech_parallel_wavegan/LJ004-0111_gen.wav,1,ljspeech_parallel_wavegan,
train,/lambda/nfs/algovirginia/workspace/DeepfakeDetectionRenewed/data/wavefake/generated_audio/ljspeech_hifiGAN/LJ011-0133_generated.wav,1,ljspeech_hifiGAN,
train,/lambda/nfs/algovirginia/workspace/DeepfakeDetectionRenewed/data/vcc2020/audio/T28/task1/team28_intra-TEM2_SEM2_E30001.wav,1,VCC2020_T28,
train,__hf__,0,librispeech,7094
train,__hf__,0,librispeech,13905
train,/lambda/nfs/algovirginia/workspace/DeepfakeDetectionRenewed/data/wavefake/generated_audio/ljspeech_multi_band_melgan/LJ027-0121_gen.wav,1,ljspeech_multi_band_melgan,
train,__hf__,0,librispeech,21490
train,__hf__,0,librispeech,14415
train,/lambda/nfs/algovirginia/workspace/DeepfakeDetectionRenewed/data/vcc2020/audio/T20/task1/team20_intra-TEM1_SEM2_E30001.wav,1,VCC2020_T20,
train,/lambda/nfs/algovirginia/workspace/DeepfakeDetectionRenewed/data/vcc2020/audio/T24/task1/team24_intra-TEM1_SEF1_E30003.wav,1,VCC2020_T24,
train,__hf__,0,librispeech,18639
train,__hf__,0,librispeech,23257
train,__hf__,0,librispeech,27522
train,__hf__,0,librispeech,26045
train,/lambda/nfs/algovirginia/workspace/DeepfakeDetectionRenewed/data/wavefake/generated_audio/ljspeech_waveglow/LJ013-0007.wav,1,ljspeech_waveglow,
train,__hf__,0,librispeech,26531
train,/lambda/nfs/algovirginia/workspace/DeepfakeDetectionRenewed/data/wavefake/generated_audio/ljspeech_multi_band_melgan/LJ034-0032_gen.wav,1,ljspeech_multi_band_melgan,
train,/lambda/nfs/algovirginia/workspace/DeepfakeDetectionRenewed/data/vcc2020/audio/T09/task1/team09_intra-TEM1_SEM2_E30002.wav,1,VCC2020_T09,
train,/lambda/nfs/algovirginia/workspace/DeepfakeDetectionRenewed/data/wavefake/generated_audio/common_voices_prompts_from_conformer_fastspeech2_pwg_ljspeech/gen_5072.wav,1,common_voices_prompts_from_conformer_fastspeech2_pwg_ljspeech,
train,__hf__,0,librispeech,16007
train,/lambda/nfs/algovirginia/workspace/DeepfakeDetectionRenewed/data/vcc2020/audio/T22/task1/team22_intra-TEM2_SEM2_E30002.wav,1,VCC2020_T22,
train,/lambda/nfs/algovirginia/workspace/DeepfakeDetectionRenewed/data/wavefake/generated_audio/ljspeech_parallel_wavegan/LJ020-0046_gen.wav,1,ljspeech_parallel_wavegan,
train,__hf__,0,librispeech,27952
train,/lambda/nfs/algovirginia/workspace/DeepfakeDetectionRenewed/data/vcc2020/audio/T06/task1/team06_intra-TEM1_SEF1_E30003.wav,1,VCC2020_T06,
train,/lambda/nfs/algovirginia/workspace/DeepfakeDetectionRenewed/data/wavefake/generated_audio/ljspeech_hifiGAN/LJ030-0099_generated.wav,1,ljspeech_hifiGAN,
train,/lambda/nfs/algovirginia/workspace/DeepfakeDetectionRenewed/data/wavefake/generated_audio/common_voices_prompts_from_conformer_fastspeech2_pwg_ljspeech/gen_12695.wav,1,common_voices_prompts_from_conformer_fastspeech2_pwg_ljspeech,
train,__hf__,0,librispeech,25524
train,__hf__,0,librispeech,22670
train,__hf__,0,librispeech,24769
train,__hf__,0,librispeech,1835
train,__hf__,0,librispeech,23777
train,__hf__,0,librispeech,11743
train,/lambda/nfs/algovirginia/workspace/DeepfakeDetectionRenewed/data/wavefake/generated_audio/ljspeech_full_band_melgan/LJ037-0002_gen.wav,1,ljspeech_full_band_melgan,
train,__hf__,0,librispeech,24312
train,__hf__,0,librispeech,2698
train,/lambda/nfs/algovirginia/workspace/DeepfakeDetectionRenewed/data/wavefake/generated_audio/ljspeech_multi_band_melgan/LJ011-0279_gen.wav,1,ljspeech_multi_band_melgan,
train,/lambda/nfs/algovirginia/workspace/DeepfakeDetectionRenewed/data/wavefake/generated_audio/ljspeech_melgan/LJ049-0050_gen.wav,1,ljspeech_melgan,
train,/lambda/nfs/algovirginia/workspace/DeepfakeDetectionRenewed/data/wavefake/generated_audio/ljspeech_hifiGAN/LJ024-0138_generated.wav,1,ljspeech_hifiGAN,
train,/lambda/nfs/algovirginia/workspace/DeepfakeDetectionRenewed/data/wavefake/generated_audio/ljspeech_full_band_melgan/LJ047-0172_gen.wav,1,ljspeech_full_band_melgan,
train,/lambda/nfs/algovirginia/workspace/DeepfakeDetectionRenewed/data/vcc2020/audio/T22/task1/team22_intra-TEF2_SEM1_E30003.wav,1,VCC2020_T22,
train,/lambda/nfs/algovirginia/workspace/DeepfakeDetectionRenewed/data/wavefake/generated_audio/ljspeech_multi_band_melgan/LJ032-0167_gen.wav,1,ljspeech_multi_band_melgan,
train,__hf__,0,librispeech,18307
train,/lambda/nfs/algovirginia/workspace/DeepfakeDetectionRenewed/data/wavefake/generated_audio/ljspeech_hifiGAN/LJ005-0192_generated.wav,1,ljspeech_hifiGAN,
train,__hf__,0,librispeech,8237
train,__hf__,0,librispeech,7480
train,__hf__,0,librispeech,24538
train,__hf__,0,librispeech,7681
train,/lambda/nfs/algovirginia/workspace/DeepfakeDetectionRenewed/data/vcc2020/audio/T23/task1/team23_intra-TEF1_SEM1_E30001.wav,1,VCC2020_T23,
train,/lambda/nfs/algovirginia/workspace/DeepfakeDetectionRenewed/data/vcc2020/audio/T11/task1/team11_intra-TEM2_SEM1_E30001.wav,1,VCC2020_T11,
train,__hf__,0,librispeech,15814
train,/lambda/nfs/algovirginia/workspace/DeepfakeDetectionRenewed/data/wavefake/generated_audio/ljspeech_waveglow/LJ034-0086.wav,1,ljspeech_waveglow,
train,__hf__,0,librispeech,17428
train,/lambda/nfs/algovirginia/workspace/DeepfakeDetectionRenewed/data/vcc2020/audio/T11/task1/team11_intra-TEM1_SEM1_E30001.wav,1,VCC2020_T11,
train,/lambda/nfs/algovirginia/workspace/DeepfakeDetectionRenewed/data/vcc2020/audio/T25/task1/team25_intra-TEF1_SEF2_E30001.wav,1,VCC2020_T25,
train,/lambda/nfs/algovirginia/workspace/DeepfakeDetectionRenewed/data/vcc2020/audio/T16/task1/team16_intra-TEF2_SEF1_E30005.wav,1,VCC2020_T16,
train,__hf__,0,librispeech,6966
train,/lambda/nfs/algovirginia/workspace/DeepfakeDetectionRenewed/data/wavefake/generated_audio/ljspeech_parallel_wavegan/LJ028-0040_gen.wav,1,ljspeech_parallel_wavegan,
train,__hf__,0,librispeech,18578
train,__hf__,0,librispeech,10649
train,__hf__,0,librispeech,18166
train,__hf__,0,librispeech,1998
train,/lambda/nfs/algovirginia/workspace/DeepfakeDetectionRenewed/data/wavefake/generated_audio/common_voices_prompts_from_conformer_fastspeech2_pwg_ljspeech/gen_6183.wav,1,common_voices_prompts_from_conformer_fastspeech2_pwg_ljspeech,
train,__hf__,0,librispeech,4862
train,/lambda/nfs/algovirginia/workspace/DeepfakeDetectionRenewed/data/vcc2020/audio/T09/task1/team09_intra-TEM2_SEF1_E30002.wav,1,VCC2020_T09,
train,/lambda/nfs/algovirginia/workspace/DeepfakeDetectionRenewed/data/vcc2020/audio/T11/task1/team11_intra-TEF2_SEF2_E30004.wav,1,VCC2020_T11,
train,/lambda/nfs/algovirginia/workspace/DeepfakeDetectionRenewed/data/vcc2020/audio/T25/task1/team25_intra-TEF1_SEM1_E30002.wav,1,VCC2020_T25,
train,/lambda/nfs/algovirginia/workspace/DeepfakeDetectionRenewed/data/vcc2020/audio/T20/task1/team20_intra-TEF1_SEM2_E30001.wav,1,VCC2020_T20,
train,/lambda/nfs/algovirginia/workspace/DeepfakeDetectionRenewed/data/vcc2020/audio/T23/task1/team23_intra-TEM1_SEF2_E30001.wav,1,VCC2020_T23,
train,__hf__,0,librispeech,5084
train,__hf__,0,librispeech,17883
train,/lambda/nfs/algovirginia/workspace/DeepfakeDetectionRenewed/data/wavefake/generated_audio/ljspeech_hifiGAN/LJ025-0130_generated.wav,1,ljspeech_hifiGAN,
train,/lambda/nfs/algovirginia/workspace/DeepfakeDetectionRenewed/data/wavefake/generated_audio/common_voices_prompts_from_conformer_fastspeech2_pwg_ljspeech/gen_9401.wav,1,common_voices_prompts_from_conformer_fastspeech2_pwg_ljspeech,
train,__hf__,0,librispeech,1132
train,/lambda/nfs/algovirginia/workspace/DeepfakeDetectionRenewed/data/vcc2020/audio/T14/task1/team14_intra-TEF2_SEM2_E30002.wav,1,VCC2020_T14,
train,/lambda/nfs/algovirginia/workspace/DeepfakeDetectionRenewed/data/wavefake/generated_audio/ljspeech_waveglow/LJ003-0221.wav,1,ljspeech_waveglow,
train,__hf__,0,librispeech,6496
train,/lambda/nfs/algovirginia/workspace/DeepfakeDetectionRenewed/data/vcc2020/audio/T25/task1/team25_intra-TEF2_SEM1_E30004.wav,1,VCC2020_T25,
train,/lambda/nfs/algovirginia/workspace/DeepfakeDetectionRenewed/data/wavefake/generated_audio/common_voices_prompts_from_conformer_fastspeech2_pwg_ljspeech/gen_13355.wav,1,common_voices_prompts_from_conformer_fastspeech2_pwg_ljspeech,
train,__hf__,0,librispeech,17710
train,__hf__,0,librispeech,10213
train,__hf__,0,librispeech,25985
train,__hf__,0,librispeech,7024
train,/lambda/nfs/algovirginia/workspace/DeepfakeDetectionRenewed/data/vcc2020/audio/T22/task1/team22_intra-TEF2_SEF1_E30004.wav,1,VCC2020_T22,
train,__hf__,0,librispeech,23545
train,__hf__,0,librispeech,11882
train,__hf__,0,librispeech,3171
train,/lambda/nfs/algovirginia/workspace/DeepfakeDetectionRenewed/data/vcc2020/audio/T09/task1/team09_intra-TEM2_SEF1_E30003.wav,1,VCC2020_T09,
train,/lambda/nfs/algovirginia/workspace/DeepfakeDetectionRenewed/data/vcc2020/audio/T12/task1/team12_intra-TEF2_SEF2_E30003.wav,1,VCC2020_T12,
train,/lambda/nfs/algovirginia/workspace/DeepfakeDetectionRenewed/data/wavefake/generated_audio/ljspeech_hifiGAN/LJ017-0223_generated.wav,1,ljspeech_hifiGAN,
train,/lambda/nfs/algovirginia/workspace/DeepfakeDetectionRenewed/data/wavefake/generated_audio/ljspeech_parallel_wavegan/LJ050-0022_gen.wav,1,ljspeech_parallel_wavegan,
train,__hf__,0,librispeech,1148
train,/lambda/nfs/algovirginia/workspace/DeepfakeDetectionRenewed/data/wavefake/generated_audio/ljspeech_parallel_wavegan/LJ013-0007_gen.wav,1,ljspeech_parallel_wavegan,
train,__hf__,0,librispeech,10493
train,__hf__,0,librispeech,6759
train,__hf__,0,librispeech,3307
train,__hf__,0,librispeech,814
train,/lambda/nfs/algovirginia/workspace/DeepfakeDetectionRenewed/data/wavefake/generated_audio/ljspeech_waveglow/LJ003-0210.wav,1,ljspeech_waveglow,
train,__hf__,0,librispeech,27608
train,/lambda/nfs/algovirginia/workspace/DeepfakeDetectionRenewed/data/vcc2020/audio/T26/task1/team26_intra-TEM1_SEM2_E30001.wav,1,VCC2020_T26,
train,__hf__,0,librispeech,14578
train,/lambda/nfs/algovirginia/workspace/DeepfakeDetectionRenewed/data/wavefake/generated_audio/ljspeech_hifiGAN/LJ043-0160_generated.wav,1,ljspeech_hifiGAN,
train,/lambda/nfs/algovirginia/workspace/DeepfakeDetectionRenewed/data/wavefake/generated_audio/ljspeech_multi_band_melgan/LJ041-0136_gen.wav,1,ljspeech_multi_band_melgan,
train,__hf__,0,librispeech,8551
train,__hf__,0,librispeech,12456
train,/lambda/nfs/algovirginia/workspace/DeepfakeDetectionRenewed/data/vcc2020/audio/T19/task1/team19_intra-TEF1_SEF2_E30003.wav,1,VCC2020_T19,
train,/lambda/nfs/algovirginia/workspace/DeepfakeDetectionRenewed/data/wavefake/generated_audio/ljspeech_waveglow/LJ043-0136.wav,1,ljspeech_waveglow,
train,/lambda/nfs/algovirginia/workspace/DeepfakeDetectionRenewed/data/wavefake/generated_audio/ljspeech_melgan/LJ048-0236_gen.wav,1,ljspeech_melgan,
train,/lambda/nfs/algovirginia/workspace/DeepfakeDetectionRenewed/data/wavefake/generated_audio/ljspeech_melgan/LJ023-0042_gen.wav,1,ljspeech_melgan,
train,/lambda/nfs/algovirginia/workspace/DeepfakeDetectionRenewed/data/wavefake/generated_audio/ljspeech_hifiGAN/LJ049-0162_generated.wav,1,ljspeech_hifiGAN,
train,/lambda/nfs/algovirginia/workspace/DeepfakeDetectionRenewed/data/wavefake/generated_audio/ljspeech_full_band_melgan/LJ048-0024_gen.wav,1,ljspeech_full_band_melgan,
train,__hf__,0,librispeech,10031
train,__hf__,0,librispeech,15795
train,__hf__,0,librispeech,14563
train,__hf__,0,librispeech,26276
train,__hf__,0,librispeech,23185
train,__hf__,0,librispeech,13483
train,__hf__,0,librispeech,6876
train,/lambda/nfs/algovirginia/workspace/DeepfakeDetectionRenewed/data/vcc2020/audio/T14/task1/team14_intra-TEM1_SEF2_E30003.wav,1,VCC2020_T14,
train,__hf__,0,librispeech,7846
train,/lambda/nfs/algovirginia/workspace/DeepfakeDetectionRenewed/data/wavefake/generated_audio/ljspeech_melgan/LJ045-0218_gen.wav,1,ljspeech_melgan,
train,/lambda/nfs/algovirginia/workspace/DeepfakeDetectionRenewed/data/wavefake/generated_audio/ljspeech_multi_band_melgan/LJ045-0225_gen.wav,1,ljspeech_multi_band_melgan,
train,__hf__,0,librispeech,22296
train,__hf__,0,librispeech,15338
train,/lambda/nfs/algovirginia/workspace/DeepfakeDetectionRenewed/data/wavefake/generated_audio/ljspeech_waveglow/LJ013-0098.wav,1,ljspeech_waveglow,
train,__hf__,0,librispeech,26636
train,/lambda/nfs/algovirginia/workspace/DeepfakeDetectionRenewed/data/wavefake/generated_audio/common_voices_prompts_from_conformer_fastspeech2_pwg_ljspeech/gen_467.wav,1,common_voices_prompts_from_conformer_fastspeech2_pwg_ljspeech,
train,/lambda/nfs/algovirginia/workspace/DeepfakeDetectionRenewed/data/wavefake/generated_audio/ljspeech_full_band_melgan/LJ032-0050_gen.wav,1,ljspeech_full_band_melgan,
train,/lambda/nfs/algovirginia/workspace/DeepfakeDetectionRenewed/data/wavefake/generated_audio/ljspeech_full_band_melgan/LJ011-0228_gen.wav,1,ljspeech_full_band_melgan,
train,__hf__,0,librispeech,8164
train,__hf__,0,librispeech,17402
train,__hf__,0,librispeech,4056
train,/lambda/nfs/algovirginia/workspace/DeepfakeDetectionRenewed/data/vcc2020/audio/T10/task1/team10_intra-TEM2_SEF2_E30001.wav,1,VCC2020_T10,
train,/lambda/nfs/algovirginia/workspace/DeepfakeDetectionRenewed/data/wavefake/generated_audio/common_voices_prompts_from_conformer_fastspeech2_pwg_ljspeech/gen_11553.wav,1,common_voices_prompts_from_conformer_fastspeech2_pwg_ljspeech,
train,__hf__,0,librispeech,7039
train,__hf__,0,librispeech,12502
train,__hf__,0,librispeech,3708
train,__hf__,0,librispeech,25469
train,__hf__,0,librispeech,12640
train,__hf__,0,librispeech,5184
train,__hf__,0,librispeech,20510
train,/lambda/nfs/algovirginia/workspace/DeepfakeDetectionRenewed/data/vcc2020/audio/T26/task1/team26_intra-TEF2_SEF1_E30005.wav,1,VCC2020_T26,
train,/lambda/nfs/algovirginia/workspace/DeepfakeDetectionRenewed/data/wavefake/generated_audio/ljspeech_melgan_large/LJ012-0242_gen.wav,1,ljspeech_melgan_large,
train,/lambda/nfs/algovirginia/workspace/DeepfakeDetectionRenewed/data/vcc2020/audio/T12/task1/team12_intra-TEM2_SEF2_E30005.wav,1,VCC2020_T12,
train,__hf__,0,librispeech,7890
train,__hf__,0,librispeech,13037
train,__hf__,0,librispeech,15350
train,__hf__,0,librispeech,24903
train,/lambda/nfs/algovirginia/workspace/DeepfakeDetectionRenewed/data/wavefake/generated_audio/ljspeech_melgan/LJ014-0254_gen.wav,1,ljspeech_melgan,
train,/lambda/nfs/algovirginia/workspace/DeepfakeDetectionRenewed/data/wavefake/generated_audio/ljspeech_hifiGAN/LJ028-0470_generated.wav,1,ljspeech_hifiGAN,
train,/lambda/nfs/algovirginia/workspace/DeepfakeDetectionRenewed/data/vcc2020/audio/T07/task1/team07_intra-TEF1_SEF2_E30004.wav,1,VCC2020_T07,
train,/lambda/nfs/algovirginia/workspace/DeepfakeDetectionRenewed/data/vcc2020/audio/T26/task1/team26_intra-TEF1_SEM1_E30002.wav,1,VCC2020_T26,
train,/lambda/nfs/algovirginia/workspace/DeepfakeDetectionRenewed/data/vcc2020/audio/T25/task1/team25_intra-TEM2_SEF1_E30003.wav,1,VCC2020_T25,
train,__hf__,0,librispeech,4740
train,/lambda/nfs/algovirginia/workspace/DeepfakeDetectionRenewed/data/wavefake/generated_audio/ljspeech_parallel_wavegan/LJ003-0066_gen.wav,1,ljspeech_parallel_wavegan,
train,/lambda/nfs/algovirginia/workspace/DeepfakeDetectionRenewed/data/wavefake/generated_audio/ljspeech_hifiGAN/LJ046-0235_generated.wav,1,ljspeech_hifiGAN,
train,/lambda/nfs/algovirginia/workspace/DeepfakeDetectionRenewed/data/wavefake/generated_audio/ljspeech_full_band_melgan/LJ024-0116_gen.wav,1,ljspeech_full_band_melgan,
train,/lambda/nfs/algovirginia/workspace/DeepfakeDetectionRenewed/data/vcc2020/audio/T11/task1/team11_intra-TEF2_SEM1_E30005.wav,1,VCC2020_T11,
train,/lambda/nfs/algovirginia/workspace/DeepfakeDetectionRenewed/data/wavefake/generated_audio/ljspeech_melgan_large/LJ036-0169_gen.wav,1,ljspeech_melgan_large,
train,/lambda/nfs/algovirginia/workspace/DeepfakeDetectionRenewed/data/vcc2020/audio/T06/task1/team06_intra-TEM2_SEM2_E30005.wav,1,VCC2020_T06,
train,__hf__,0,librispeech,8805
train,__hf__,0,librispeech,4644
train,__hf__,0,librispeech,27533
train,/lambda/nfs/algovirginia/workspace/DeepfakeDetectionRenewed/data/vcc2020/audio/T14/task1/team14_intra-TEM2_SEF2_E30005.wav,1,VCC2020_T14,
train,/lambda/nfs/algovirginia/workspace/DeepfakeDetectionRenewed/data/vcc2020/audio/T03/task1/team03_intra-TEM2_SEF1_E30004.wav,1,VCC2020_T03,
train,/lambda/nfs/algovirginia/workspace/DeepfakeDetectionRenewed/data/vcc2020/audio/T30/task1/team30_intra-TEM2_SEF1_E30002.wav,1,VCC2020_T30,
train,__hf__,0,librispeech,10609
train,__hf__,0,librispeech,18754
train,__hf__,0,librispeech,23159
train,/lambda/nfs/algovirginia/workspace/DeepfakeDetectionRenewed/data/wavefake/generated_audio/common_voices_prompts_from_conformer_fastspeech2_pwg_ljspeech/gen_1275.wav,1,common_voices_prompts_from_conformer_fastspeech2_pwg_ljspeech,
train,/lambda/nfs/algovirginia/workspace/DeepfakeDetectionRenewed/data/vcc2020/audio/T16/task1/team16_intra-TEF2_SEM1_E30001.wav,1,VCC2020_T16,
train,/lambda/nfs/algovirginia/workspace/DeepfakeDetectionRenewed/data/vcc2020/audio/T28/task1/team28_intra-TEF2_SEM2_E30002.wav,1,VCC2020_T28,
train,/lambda/nfs/algovirginia/workspace/DeepfakeDetectionRenewed/data/vcc2020/audio/T04/task1/team04_intra-TEM1_SEM2_E30003.wav,1,VCC2020_T04,
train,__hf__,0,librispeech,3658
train,/lambda/nfs/algovirginia/workspace/DeepfakeDetectionRenewed/data/wavefake/generated_audio/ljspeech_hifiGAN/LJ011-0122_generated.wav,1,ljspeech_hifiGAN,
train,__hf__,0,librispeech,6853
train,/lambda/nfs/algovirginia/workspace/DeepfakeDetectionRenewed/data/vcc2020/audio/T06/task1/team06_intra-TEM1_SEM2_E30003.wav,1,VCC2020_T06,
train,/lambda/nfs/algovirginia/workspace/DeepfakeDetectionRenewed/data/vcc2020/audio/T08/task1/team08_intra-TEM2_SEM2_E30003.wav,1,VCC2020_T08,
train,/lambda/nfs/algovirginia/workspace/DeepfakeDetectionRenewed/data/vcc2020/audio/T33/task1/team33_intra-TEM2_SEM2_E30005.wav,1,VCC2020_T33,
train,__hf__,0,librispeech,21365
train,__hf__,0,librispeech,16225
train,__hf__,0,librispeech,20332
train,__hf__,0,librispeech,19169
train,__hf__,0,librispeech,19145
train,__hf__,0,librispeech,20698
train,__hf__,0,librispeech,229
train,__hf__,0,librispeech,23507
train,__hf__,0,librispeech,18483
train,__hf__,0,librispeech,22693
train,/lambda/nfs/algovirginia/workspace/DeepfakeDetectionRenewed/data/wavefake/generated_audio/ljspeech_melgan/LJ011-0213_gen.wav,1,ljspeech_melgan,
train,/lambda/nfs/algovirginia/workspace/DeepfakeDetectionRenewed/data/vcc2020/audio/T14/task1/team14_intra-TEM2_SEF1_E30005.wav,1,VCC2020_T14,
train,/lambda/nfs/algovirginia/workspace/DeepfakeDetectionRenewed/data/vcc2020/audio/T01/task1/team01_intra-TEF2_SEF1_E30002.wav,1,VCC2020_T01,
train,/lambda/nfs/algovirginia/workspace/DeepfakeDetectionRenewed/data/vcc2020/audio/T20/task1/team20_intra-TEF2_SEM2_E30005.wav,1,VCC2020_T20,
train,/lambda/nfs/algovirginia/workspace/DeepfakeDetectionRenewed/data/wavefake/generated_audio/ljspeech_melgan/LJ008-0117_gen.wav,1,ljspeech_melgan,
train,/lambda/nfs/algovirginia/workspace/DeepfakeDetectionRenewed/data/wavefake/generated_audio/common_voices_prompts_from_conformer_fastspeech2_pwg_ljspeech/gen_4630.wav,1,common_voices_prompts_from_conformer_fastspeech2_pwg_ljspeech,
train,/lambda/nfs/algovirginia/workspace/DeepfakeDetectionRenewed/data/wavefake/generated_audio/ljspeech_multi_band_melgan/LJ010-0076_gen.wav,1,ljspeech_multi_band_melgan,
train,__hf__,0,librispeech,1796
train,/lambda/nfs/algovirginia/workspace/DeepfakeDetectionRenewed/data/wavefake/generated_audio/ljspeech_waveglow/LJ022-0184.wav,1,ljspeech_waveglow,
train,__hf__,0,librispeech,17581
train,/lambda/nfs/algovirginia/workspace/DeepfakeDetectionRenewed/data/wavefake/generated_audio/ljspeech_waveglow/LJ032-0249.wav,1,ljspeech_waveglow,
train,__hf__,0,librispeech,18305
train,__hf__,0,librispeech,25259
train,__hf__,0,librispeech,1888
train,__hf__,0,librispeech,8045
train,/lambda/nfs/algovirginia/workspace/DeepfakeDetectionRenewed/data/vcc2020/audio/T33/task1/team33_intra-TEM2_SEF2_E30004.wav,1,VCC2020_T33,
train,__hf__,0,librispeech,5041
train,/lambda/nfs/algovirginia/workspace/DeepfakeDetectionRenewed/data/wavefake/generated_audio/ljspeech_waveglow/LJ016-0241.wav,1,ljspeech_waveglow,
train,/lambda/nfs/algovirginia/workspace/DeepfakeDetectionRenewed/data/wavefake/generated_audio/ljspeech_parallel_wavegan/LJ038-0171_gen.wav,1,ljspeech_parallel_wavegan,
train,/lambda/nfs/algovirginia/workspace/DeepfakeDetectionRenewed/data/wavefake/generated_audio/ljspeech_full_band_melgan/LJ033-0208_gen.wav,1,ljspeech_full_band_melgan,
train,/lambda/nfs/algovirginia/workspace/DeepfakeDetectionRenewed/data/wavefake/generated_audio/ljspeech_hifiGAN/LJ049-0108_generated.wav,1,ljspeech_hifiGAN,
train,/lambda/nfs/algovirginia/workspace/DeepfakeDetectionRenewed/data/wavefake/generated_audio/ljspeech_parallel_wavegan/LJ018-0395_gen.wav,1,ljspeech_parallel_wavegan,
train,/lambda/nfs/algovirginia/workspace/DeepfakeDetectionRenewed/data/wavefake/generated_audio/common_voices_prompts_from_conformer_fastspeech2_pwg_ljspeech/gen_864.wav,1,common_voices_prompts_from_conformer_fastspeech2_pwg_ljspeech,
train,/lambda/nfs/algovirginia/workspace/DeepfakeDetectionRenewed/data/wavefake/generated_audio/ljspeech_parallel_wavegan/LJ043-0133_gen.wav,1,ljspeech_parallel_wavegan,
train,/lambda/nfs/algovirginia/workspace/DeepfakeDetectionRenewed/data/vcc2020/audio/T16/task1/team16_intra-TEM1_SEM1_E30005.wav,1,VCC2020_T16,
train,/lambda/nfs/algovirginia/workspace/DeepfakeDetectionRenewed/data/wavefake/generated_audio/ljspeech_melgan_large/LJ007-0187_gen.wav,1,ljspeech_melgan_large,
train,__hf__,0,librispeech,26742
train,__hf__,0,librispeech,23792
train,__hf__,0,librispeech,9869
train,__hf__,0,librispeech,18530
train,/lambda/nfs/algovirginia/workspace/DeepfakeDetectionRenewed/data/wavefake/generated_audio/ljspeech_multi_band_melgan/LJ001-0133_gen.wav,1,ljspeech_multi_band_melgan,
train,/lambda/nfs/algovirginia/workspace/DeepfakeDetectionRenewed/data/vcc2020/audio/T04/task1/team04_intra-TEF1_SEM2_E30003.wav,1,VCC2020_T04,
train,__hf__,0,librispeech,7594
train,/lambda/nfs/algovirginia/workspace/DeepfakeDetectionRenewed/data/wavefake/generated_audio/ljspeech_parallel_wavegan/LJ025-0085_gen.wav,1,ljspeech_parallel_wavegan,
train,__hf__,0,librispeech,24121
train,/lambda/nfs/algovirginia/workspace/DeepfakeDetectionRenewed/data/wavefake/generated_audio/ljspeech_multi_band_melgan/LJ019-0192_gen.wav,1,ljspeech_multi_band_melgan,
train,/lambda/nfs/algovirginia/workspace/DeepfakeDetectionRenewed/data/wavefake/generated_audio/ljspeech_melgan/LJ016-0135_gen.wav,1,ljspeech_melgan,
train,/lambda/nfs/algovirginia/workspace/DeepfakeDetectionRenewed/data/wavefake/generated_audio/ljspeech_hifiGAN/LJ030-0225_generated.wav,1,ljspeech_hifiGAN,
train,__hf__,0,librispeech,19179
train,__hf__,0,librispeech,6741
train,__hf__,0,librispeech,1581
train,/lambda/nfs/algovirginia/workspace/DeepfakeDetectionRenewed/data/wavefake/generated_audio/ljspeech_melgan/LJ001-0153_gen.wav,1,ljspeech_melgan,
train,__hf__,0,librispeech,21816
train,__hf__,0,librispeech,5142
train,/lambda/nfs/algovirginia/workspace/DeepfakeDetectionRenewed/data/wavefake/generated_audio/ljspeech_full_band_melgan/LJ012-0122_gen.wav,1,ljspeech_full_band_melgan,
train,/lambda/nfs/algovirginia/workspace/DeepfakeDetectionRenewed/data/wavefake/generated_audio/ljspeech_full_band_melgan/LJ004-0032_gen.wav,1,ljspeech_full_band_melgan,
train,__hf__,0,librispeech,8511
train,__hf__,0,librispeech,6212
train,/lambda/nfs/algovirginia/workspace/DeepfakeDetectionRenewed/data/vcc2020/audio/T32/task1/team32_intra-TEM2_SEF2_E30005.wav,1,VCC2020_T32,
train,/lambda/nfs/algovirginia/workspace/DeepfakeDetectionRenewed/data/wavefake/generated_audio/ljspeech_melgan/LJ006-0193_gen.wav,1,ljspeech_melgan,
train,/lambda/nfs/algovirginia/workspace/DeepfakeDetectionRenewed/data/vcc2020/audio/T04/task1/team04_intra-TEM2_SEF2_E30004.wav,1,VCC2020_T04,
train,__hf__,0,librispeech,21537
train,__hf__,0,librispeech,10801
train,__hf__,0,librispeech,23472
train,/lambda/nfs/algovirginia/workspace/DeepfakeDetectionRenewed/data/wavefake/generated_audio/ljspeech_multi_band_melgan/LJ018-0021_gen.wav,1,ljspeech_multi_band_melgan,
train,__hf__,0,librispeech,16153
train,__hf__,0,librispeech,2909
train,/lambda/nfs/algovirginia/workspace/DeepfakeDetectionRenewed/data/vcc2020/audio/T11/task1/team11_intra-TEF2_SEM2_E30001.wav,1,VCC2020_T11,
train,/lambda/nfs/algovirginia/workspace/DeepfakeDetectionRenewed/data/wavefake/generated_audio/ljspeech_melgan/LJ016-0148_gen.wav,1,ljspeech_melgan,
train,__hf__,0,librispeech,21563
train,__hf__,0,librispeech,2647
train,__hf__,0,librispeech,26621
train,/lambda/nfs/algovirginia/workspace/DeepfakeDetectionRenewed/data/vcc2020/audio/T30/task1/team30_intra-TEM2_SEM1_E30002.wav,1,VCC2020_T30,
train,/lambda/nfs/algovirginia/workspace/DeepfakeDetectionRenewed/data/wavefake/generated_audio/ljspeech_full_band_melgan/LJ006-0096_gen.wav,1,ljspeech_full_band_melgan,
train,/lambda/nfs/algovirginia/workspace/DeepfakeDetectionRenewed/data/wavefake/generated_audio/common_voices_prompts_from_conformer_fastspeech2_pwg_ljspeech/gen_14431.wav,1,common_voices_prompts_from_conformer_fastspeech2_pwg_ljspeech,
train,__hf__,0,librispeech,3778
train,/lambda/nfs/algovirginia/workspace/DeepfakeDetectionRenewed/data/vcc2020/audio/T08/task1/team08_intra-TEM1_SEF1_E30004.wav,1,VCC2020_T08,
train,/lambda/nfs/algovirginia/workspace/DeepfakeDetectionRenewed/data/wavefake/generated_audio/ljspeech_hifiGAN/LJ016-0221_generated.wav,1,ljspeech_hifiGAN,
train,__hf__,0,librispeech,9019
train,/lambda/nfs/algovirginia/workspace/DeepfakeDetectionRenewed/data/wavefake/generated_audio/ljspeech_melgan/LJ022-0122_gen.wav,1,ljspeech_melgan,
train,/lambda/nfs/algovirginia/workspace/DeepfakeDetectionRenewed/data/wavefake/generated_audio/ljspeech_multi_band_melgan/LJ028-0254_gen.wav,1,ljspeech_multi_band_melgan,
train,/lambda/nfs/algovirginia/workspace/DeepfakeDetectionRenewed/data/vcc2020/audio/T17/task1/team17_intra-TEM1_SEF1_E30002.wav,1,VCC2020_T17,
train,__hf__,0,librispeech,12221
train,/lambda/nfs/algovirginia/workspace/DeepfakeDetectionRenewed/data/wavefake/generated_audio/ljspeech_waveglow/LJ018-0203.wav,1,ljspeech_waveglow,
train,__hf__,0,librispeech,8982
train,/lambda/nfs/algovirginia/workspace/DeepfakeDetectionRenewed/data/wavefake/generated_audio/ljspeech_parallel_wavegan/LJ021-0081_gen.wav,1,ljspeech_parallel_wavegan,
train,__hf__,0,librispeech,27165
train,/lambda/nfs/algovirginia/workspace/DeepfakeDetectionRenewed/data/wavefake/generated_audio/ljspeech_full_band_melgan/LJ006-0268_gen.wav,1,ljspeech_full_band_melgan,
train,/lambda/nfs/algovirginia/workspace/DeepfakeDetectionRenewed/data/wavefake/generated_audio/common_voices_prompts_from_conformer_fastspeech2_pwg_ljspeech/gen_10235.wav,1,common_voices_prompts_from_conformer_fastspeech2_pwg_ljspeech,
train,__hf__,0,librispeech,20358
train,/lambda/nfs/algovirginia/workspace/DeepfakeDetectionRenewed/data/wavefake/generated_audio/ljspeech_parallel_wavegan/LJ008-0029_gen.wav,1,ljspeech_parallel_wavegan,
train,__hf__,0,librispeech,3859
train,/lambda/nfs/algovirginia/workspace/DeepfakeDetectionRenewed/data/vcc2020/audio/T01/task1/team01_intra-TEM2_SEF2_E30004.wav,1,VCC2020_T01,
train,/lambda/nfs/algovirginia/workspace/DeepfakeDetectionRenewed/data/wavefake/generated_audio/ljspeech_parallel_wavegan/LJ002-0057_gen.wav,1,ljspeech_parallel_wavegan,
train,__hf__,0,librispeech,5662
train,__hf__,0,librispeech,2491
train,/lambda/nfs/algovirginia/workspace/DeepfakeDetectionRenewed/data/wavefake/generated_audio/ljspeech_hifiGAN/LJ028-0113_generated.wav,1,ljspeech_hifiGAN,
train,__hf__,0,librispeech,17924
train,/lambda/nfs/algovirginia/workspace/DeepfakeDetectionRenewed/data/vcc2020/audio/T26/task1/team26_intra-TEM1_SEM1_E30005.wav,1,VCC2020_T26,
train,/lambda/nfs/algovirginia/workspace/DeepfakeDetectionRenewed/data/vcc2020/audio/T17/task1/team17_intra-TEM2_SEF2_E30002.wav,1,VCC2020_T17,
train,__hf__,0,librispeech,12746
train,__hf__,0,librispeech,22468
train,__hf__,0,librispeech,14093
train,/lambda/nfs/algovirginia/workspace/DeepfakeDetectionRenewed/data/vcc2020/audio/T14/task1/team14_intra-TEF2_SEM1_E30004.wav,1,VCC2020_T14,
train,/lambda/nfs/algovirginia/workspace/DeepfakeDetectionRenewed/data/wavefake/generated_audio/common_voices_prompts_from_conformer_fastspeech2_pwg_ljspeech/gen_8934.wav,1,common_voices_prompts_from_conformer_fastspeech2_pwg_ljspeech,
train,/lambda/nfs/algovirginia/workspace/DeepfakeDetectionRenewed/data/vcc2020/audio/T08/task1/team08_intra-TEM2_SEM2_E30002.wav,1,VCC2020_T08,
train,/lambda/nfs/algovirginia/workspace/DeepfakeDetectionRenewed/data/wavefake/generated_audio/ljspeech_melgan/LJ039-0120_gen.wav,1,ljspeech_melgan,
train,/lambda/nfs/algovirginia/workspace/DeepfakeDetectionRenewed/data/wavefake/generated_audio/ljspeech_multi_band_melgan/LJ030-0012_gen.wav,1,ljspeech_multi_band_melgan,
train,/lambda/nfs/algovirginia/workspace/DeepfakeDetectionRenewed/data/vcc2020/audio/T19/task1/team19_intra-TEF2_SEF2_E30004.wav,1,VCC2020_T19,
train,__hf__,0,librispeech,9257
train,/lambda/nfs/algovirginia/workspace/DeepfakeDetectionRenewed/data/wavefake/generated_audio/ljspeech_waveglow/LJ028-0278.wav,1,ljspeech_waveglow,
train,/lambda/nfs/algovirginia/workspace/DeepfakeDetectionRenewed/data/wavefake/generated_audio/ljspeech_hifiGAN/LJ016-0064_generated.wav,1,ljspeech_hifiGAN,
train,__hf__,0,librispeech,19487
train,__hf__,0,librispeech,9977
train,/lambda/nfs/algovirginia/workspace/DeepfakeDetectionRenewed/data/wavefake/generated_audio/ljspeech_multi_band_melgan/LJ050-0044_gen.wav,1,ljspeech_multi_band_melgan,
train,/lambda/nfs/algovirginia/workspace/DeepfakeDetectionRenewed/data/wavefake/generated_audio/ljspeech_melgan_large/LJ010-0148_gen.wav,1,ljspeech_melgan_large,
train,/lambda/nfs/algovirginia/workspace/DeepfakeDetectionRenewed/data/vcc2020/audio/T03/task1/team03_intra-TEM2_SEF2_E30005.wav,1,VCC2020_T03,
train,/lambda/nfs/algovirginia/workspace/DeepfakeDetectionRenewed/data/vcc2020/audio/T17/task1/team17_intra-TEM1_SEF2_E30001.wav,1,VCC2020_T17,
train,__hf__,0,librispeech,22415
train,__hf__,0,librispeech,14041
train,/lambda/nfs/algovirginia/workspace/DeepfakeDetectionRenewed/data/wavefake/generated_audio/common_voices_prompts_from_conformer_fastspeech2_pwg_ljspeech/gen_2774.wav,1,common_voices_prompts_from_conformer_fastspeech2_pwg_ljspeech,
train,/lambda/nfs/algovirginia/workspace/DeepfakeDetectionRenewed/data/wavefake/generated_audio/ljspeech_waveglow/LJ016-0435.wav,1,ljspeech_waveglow,
train,/lambda/nfs/algovirginia/workspace/DeepfakeDetectionRenewed/data/wavefake/generated_audio/ljspeech_multi_band_melgan/LJ019-0107_gen.wav,1,ljspeech_multi_band_melgan,
train,__hf__,0,librispeech,23688
train,/lambda/nfs/algovirginia/workspace/DeepfakeDetectionRenewed/data/vcc2020/audio/T11/task1/team11_intra-TEM2_SEF2_E30005.wav,1,VCC2020_T11,
train,/lambda/nfs/algovirginia/workspace/DeepfakeDetectionRenewed/data/vcc2020/audio/T04/task1/team04_intra-TEF2_SEM1_E30001.wav,1,VCC2020_T04,
train,/lambda/nfs/algovirginia/workspace/DeepfakeDetectionRenewed/data/vcc2020/audio/T08/task1/team08_intra-TEF1_SEM2_E30003.wav,1,VCC2020_T08,
train,/lambda/nfs/algovirginia/workspace/DeepfakeDetectionRenewed/data/wavefake/generated_audio/ljspeech_multi_band_melgan/LJ047-0236_gen.wav,1,ljspeech_multi_band_melgan,
train,/lambda/nfs/algovirginia/workspace/DeepfakeDetectionRenewed/data/wavefake/generated_audio/ljspeech_multi_band_melgan/LJ008-0205_gen.wav,1,ljspeech_multi_band_melgan,
train,/lambda/nfs/algovirginia/workspace/DeepfakeDetectionRenewed/data/vcc2020/audio/T02/task1/team02_intra-TEM1_SEF2_E30002.wav,1,VCC2020_T02,
train,__hf__,0,librispeech,12734
train,__hf__,0,librispeech,7206
train,__hf__,0,librispeech,21002
train,/lambda/nfs/algovirginia/workspace/DeepfakeDetectionRenewed/data/wavefake/generated_audio/common_voices_prompts_from_conformer_fastspeech2_pwg_ljspeech/gen_7096.wav,1,common_voices_prompts_from_conformer_fastspeech2_pwg_ljspeech,
train,/lambda/nfs/algovirginia/workspace/DeepfakeDetectionRenewed/data/wavefake/generated_audio/ljspeech_hifiGAN/LJ048-0037_generated.wav,1,ljspeech_hifiGAN,
train,__hf__,0,librispeech,10261
train,__hf__,0,librispeech,18314
train,/lambda/nfs/algovirginia/workspace/DeepfakeDetectionRenewed/data/vcc2020/audio/T31/task1/team31_intra-TEM2_SEF1_E30004.wav,1,VCC2020_T31,
train,/lambda/nfs/algovirginia/workspace/DeepfakeDetectionRenewed/data/wavefake/generated_audio/common_voices_prompts_from_conformer_fastspeech2_pwg_ljspeech/gen_10133.wav,1,common_voices_prompts_from_conformer_fastspeech2_pwg_ljspeech,
train,/lambda/nfs/algovirginia/workspace/DeepfakeDetectionRenewed/data/vcc2020/audio/T24/task1/team24_intra-TEM1_SEF2_E30001.wav,1,VCC2020_T24,
train,__hf__,0,librispeech,6972
train,__hf__,0,librispeech,2675
train,__hf__,0,librispeech,21949
train,/lambda/nfs/algovirginia/workspace/DeepfakeDetectionRenewed/data/vcc2020/audio/T30/task1/team30_intra-TEM2_SEF1_E30004.wav,1,VCC2020_T30,
train,__hf__,0,librispeech,18792
train,__hf__,0,librispeech,9725
train,__hf__,0,librispeech,9271
train,__hf__,0,librispeech,12737
train,/lambda/nfs/algovirginia/workspace/DeepfakeDetectionRenewed/data/wavefake/generated_audio/ljspeech_waveglow/LJ020-0069.wav,1,ljspeech_waveglow,
train,__hf__,0,librispeech,1749
train,/lambda/nfs/algovirginia/workspace/DeepfakeDetectionRenewed/data/vcc2020/audio/T19/task1/team19_intra-TEM1_SEM2_E30001.wav,1,VCC2020_T19,
train,/lambda/nfs/algovirginia/workspace/DeepfakeDetectionRenewed/data/vcc2020/audio/T06/task1/team06_intra-TEF2_SEM2_E30004.wav,1,VCC2020_T06,
train,__hf__,0,librispeech,23536
train,/lambda/nfs/algovirginia/workspace/DeepfakeDetectionRenewed/data/wavefake/generated_audio/ljspeech_parallel_wavegan/LJ017-0235_gen.wav,1,ljspeech_parallel_wavegan,
train,__hf__,0,librispeech,20971
train,/lambda/nfs/algovirginia/workspace/DeepfakeDetectionRenewed/data/wavefake/generated_audio/common_voices_prompts_from_conformer_fastspeech2_pwg_ljspeech/gen_4192.wav,1,common_voices_prompts_from_conformer_fastspeech2_pwg_ljspeech,
train,__hf__,0,librispeech,12131
train,/lambda/nfs/algovirginia/workspace/DeepfakeDetectionRenewed/data/vcc2020/audio/T24/task1/team24_intra-TEM2_SEM2_E30003.wav,1,VCC2020_T24,
train,/lambda/nfs/algovirginia/workspace/DeepfakeDetectionRenewed/data/vcc2020/audio/T24/task1/team24_intra-TEF2_SEM1_E30004.wav,1,VCC2020_T24,
train,__hf__,0,librispeech,8643
train,__hf__,0,librispeech,16583
train,__hf__,0,librispeech,21922
train,/lambda/nfs/algovirginia/workspace/DeepfakeDetectionRenewed/data/vcc2020/audio/T26/task1/team26_intra-TEM2_SEF1_E30004.wav,1,VCC2020_T26,
train,/lambda/nfs/algovirginia/workspace/DeepfakeDetectionRenewed/data/wavefake/generated_audio/ljspeech_full_band_melgan/LJ008-0130_gen.wav,1,ljspeech_full_band_melgan,
train,/lambda/nfs/algovirginia/workspace/DeepfakeDetectionRenewed/data/vcc2020/audio/T13/task1/team13_intra-TEM1_SEM2_E30005.wav,1,VCC2020_T13,
train,/lambda/nfs/algovirginia/workspace/DeepfakeDetectionRenewed/data/vcc2020/audio/T03/task1/team03_intra-TEM2_SEF2_E30003.wav,1,VCC2020_T03,
train,/lambda/nfs/algovirginia/workspace/DeepfakeDetectionRenewed/data/vcc2020/audio/T08/task1/team08_intra-TEF1_SEM1_E30002.wav,1,VCC2020_T08,
train,/lambda/nfs/algovirginia/workspace/DeepfakeDetectionRenewed/data/wavefake/generated_audio/ljspeech_hifiGAN/LJ022-0132_generated.wav,1,ljspeech_hifiGAN,
train,__hf__,0,librispeech,25860
train,/lambda/nfs/algovirginia/workspace/DeepfakeDetectionRenewed/data/wavefake/generated_audio/common_voices_prompts_from_conformer_fastspeech2_pwg_ljspeech/gen_10140.wav,1,common_voices_prompts_from_conformer_fastspeech2_pwg_ljspeech,
train,__hf__,0,librispeech,24370
train,__hf__,0,librispeech,18157
train,__hf__,0,librispeech,9111
train,__hf__,0,librispeech,2586
train,/lambda/nfs/algovirginia/workspace/DeepfakeDetectionRenewed/data/vcc2020/audio/T23/task1/team23_intra-TEM2_SEF2_E30004.wav,1,VCC2020_T23,
train,/lambda/nfs/algovirginia/workspace/DeepfakeDetectionRenewed/data/vcc2020/audio/T03/task1/team03_intra-TEF2_SEF1_E30002.wav,1,VCC2020_T03,
train,__hf__,0,librispeech,12087
train,__hf__,0,librispeech,19705
train,/lambda/nfs/algovirginia/workspace/DeepfakeDetectionRenewed/data/wavefake/generated_audio/ljspeech_full_band_melgan/LJ002-0030_gen.wav,1,ljspeech_full_band_melgan,
train,__hf__,0,librispeech,810
train,__hf__,0,librispeech,14835
train,__hf__,0,librispeech,22899
train,/lambda/nfs/algovirginia/workspace/DeepfakeDetectionRenewed/data/vcc2020/audio/T02/task1/team02_intra-TEF1_SEF1_E30004.wav,1,VCC2020_T02,
train,/lambda/nfs/algovirginia/workspace/DeepfakeDetectionRenewed/data/wavefake/generated_audio/ljspeech_full_band_melgan/LJ014-0192_gen.wav,1,ljspeech_full_band_melgan,
train,/lambda/nfs/algovirginia/workspace/DeepfakeDetectionRenewed/data/wavefake/generated_audio/common_voices_prompts_from_conformer_fastspeech2_pwg_ljspeech/gen_2046.wav,1,common_voices_prompts_from_conformer_fastspeech2_pwg_ljspeech,
train,/lambda/nfs/algovirginia/workspace/DeepfakeDetectionRenewed/data/vcc2020/audio/T10/task1/team10_intra-TEM2_SEF1_E30004.wav,1,VCC2020_T10,
train,__hf__,0,librispeech,22730
train,__hf__,0,librispeech,25848
train,/lambda/nfs/algovirginia/workspace/DeepfakeDetectionRenewed/data/wavefake/generated_audio/common_voices_prompts_from_conformer_fastspeech2_pwg_ljspeech/gen_3895.wav,1,common_voices_prompts_from_conformer_fastspeech2_pwg_ljspeech,
train,/lambda/nfs/algovirginia/workspace/DeepfakeDetectionRenewed/data/wavefake/generated_audio/ljspeech_multi_band_melgan/LJ005-0048_gen.wav,1,ljspeech_multi_band_melgan,
train,/lambda/nfs/algovirginia/workspace/DeepfakeDetectionRenewed/data/vcc2020/audio/T31/task1/team31_intra-TEM1_SEM2_E30004.wav,1,VCC2020_T31,
train,__hf__,0,librispeech,17808
train,__hf__,0,librispeech,9035
train,__hf__,0,librispeech,27475
train,/lambda/nfs/algovirginia/workspace/DeepfakeDetectionRenewed/data/vcc2020/audio/T20/task1/team20_intra-TEM1_SEF1_E30003.wav,1,VCC2020_T20,
train,__hf__,0,librispeech,25451
train,__hf__,0,librispeech,2495
train,/lambda/nfs/algovirginia/workspace/DeepfakeDetectionRenewed/data/vcc2020/audio/T16/task1/team16_intra-TEM1_SEF2_E30005.wav,1,VCC2020_T16,
train,__hf__,0,librispeech,11236
train,/lambda/nfs/algovirginia/workspace/DeepfakeDetectionRenewed/data/wavefake/generated_audio/ljspeech_melgan/LJ050-0204_gen.wav,1,ljspeech_melgan,
train,/lambda/nfs/algovirginia/workspace/DeepfakeDetectionRenewed/data/vcc2020/audio/T02/task1/team02_intra-TEF2_SEM1_E30005.wav,1,VCC2020_T02,
train,__hf__,0,librispeech,16803
train,/lambda/nfs/algovirginia/workspace/DeepfakeDetectionRenewed/data/vcc2020/audio/T31/task1/team31_intra-TEF2_SEM2_E30003.wav,1,VCC2020_T31,
train,__hf__,0,librispeech,7203
train,/lambda/nfs/algovirginia/workspace/DeepfakeDetectionRenewed/data/wavefake/generated_audio/ljspeech_multi_band_melgan/LJ040-0079_gen.wav,1,ljspeech_multi_band_melgan,
train,/lambda/nfs/algovirginia/workspace/DeepfakeDetectionRenewed/data/wavefake/generated_audio/ljspeech_waveglow/LJ012-0035.wav,1,ljspeech_waveglow,
train,__hf__,0,librispeech,26419
train,/lambda/nfs/algovirginia/workspace/DeepfakeDetectionRenewed/data/vcc2020/audio/T02/task1/team02_intra-TEF2_SEM2_E30004.wav,1,VCC2020_T02,
train,/lambda/nfs/algovirginia/workspace/DeepfakeDetectionRenewed/data/wavefake/generated_audio/ljspeech_melgan/LJ038-0036_gen.wav,1,ljspeech_melgan,
train,__hf__,0,librispeech,3528
train,/lambda/nfs/algovirginia/workspace/DeepfakeDetectionRenewed/data/vcc2020/audio/T08/task1/team08_intra-TEF2_SEF1_E30003.wav,1,VCC2020_T08,
train,/lambda/nfs/algovirginia/workspace/DeepfakeDetectionRenewed/data/wavefake/generated_audio/ljspeech_multi_band_melgan/LJ022-0116_gen.wav,1,ljspeech_multi_band_melgan,
train,__hf__,0,librispeech,24922
train,__hf__,0,librispeech,24231
train,__hf__,0,librispeech,12642
train,/lambda/nfs/algovirginia/workspace/DeepfakeDetectionRenewed/data/vcc2020/audio/T13/task1/team13_intra-TEF2_SEM2_E30003.wav,1,VCC2020_T13,
train,/lambda/nfs/algovirginia/workspace/DeepfakeDetectionRenewed/data/vcc2020/audio/T24/task1/team24_intra-TEF1_SEF1_E30001.wav,1,VCC2020_T24,
train,__hf__,0,librispeech,26241
train,/lambda/nfs/algovirginia/workspace/DeepfakeDetectionRenewed/data/vcc2020/audio/T03/task1/team03_intra-TEF2_SEM1_E30001.wav,1,VCC2020_T03,
train,__hf__,0,librispeech,15358
train,__hf__,0,librispeech,8457
train,__hf__,0,librispeech,14232
train,/lambda/nfs/algovirginia/workspace/DeepfakeDetectionRenewed/data/wavefake/generated_audio/ljspeech_melgan/LJ012-0275_gen.wav,1,ljspeech_melgan,
train,__hf__,0,librispeech,26716
train,/lambda/nfs/algovirginia/workspace/DeepfakeDetectionRenewed/data/wavefake/generated_audio/ljspeech_hifiGAN/LJ028-0003_generated.wav,1,ljspeech_hifiGAN,
train,/lambda/nfs/algovirginia/workspace/DeepfakeDetectionRenewed/data/vcc2020/audio/T24/task1/team24_intra-TEF2_SEF2_E30001.wav,1,VCC2020_T24,
train,__hf__,0,librispeech,15873
train,__hf__,0,librispeech,4255
train,/lambda/nfs/algovirginia/workspace/DeepfakeDetectionRenewed/data/vcc2020/audio/T02/task1/team02_intra-TEF1_SEF2_E30003.wav,1,VCC2020_T02,
train,/lambda/nfs/algovirginia/workspace/DeepfakeDetectionRenewed/data/vcc2020/audio/T26/task1/team26_intra-TEM1_SEF1_E30005.wav,1,VCC2020_T26,
train,/lambda/nfs/algovirginia/workspace/DeepfakeDetectionRenewed/data/vcc2020/audio/T21/task1/team21_intra-TEM1_SEF2_E30002.wav,1,VCC2020_T21,
train,__hf__,0,librispeech,19572
train,/lambda/nfs/algovirginia/workspace/DeepfakeDetectionRenewed/data/wavefake/generated_audio/ljspeech_waveglow/LJ003-0153.wav,1,ljspeech_waveglow,
train,/lambda/nfs/algovirginia/workspace/DeepfakeDetectionRenewed/data/vcc2020/audio/T03/task1/team03_intra-TEM1_SEM1_E30002.wav,1,VCC2020_T03,
train,__hf__,0,librispeech,4048
train,__hf__,0,librispeech,9428
train,__hf__,0,librispeech,2411
train,__hf__,0,librispeech,26038
train,__hf__,0,librispeech,1803
train,__hf__,0,librispeech,22490
train,__hf__,0,librispeech,28259
train,/lambda/nfs/algovirginia/workspace/DeepfakeDetectionRenewed/data/wavefake/generated_audio/ljspeech_multi_band_melgan/LJ049-0055_gen.wav,1,ljspeech_multi_band_melgan,
train,__hf__,0,librispeech,25637
train,__hf__,0,librispeech,25488
train,/lambda/nfs/algovirginia/workspace/DeepfakeDetectionRenewed/data/wavefake/generated_audio/ljspeech_multi_band_melgan/LJ045-0134_gen.wav,1,ljspeech_multi_band_melgan,
train,__hf__,0,librispeech,1631
train,/lambda/nfs/algovirginia/workspace/DeepfakeDetectionRenewed/data/vcc2020/audio/T23/task1/team23_intra-TEF1_SEF1_E30005.wav,1,VCC2020_T23,
train,__hf__,0,librispeech,8232
train,/lambda/nfs/algovirginia/workspace/DeepfakeDetectionRenewed/data/wavefake/generated_audio/ljspeech_parallel_wavegan/LJ042-0128_gen.wav,1,ljspeech_parallel_wavegan,
train,__hf__,0,librispeech,18486
train,__hf__,0,librispeech,8195
train,__hf__,0,librispeech,23186
train,/lambda/nfs/algovirginia/workspace/DeepfakeDetectionRenewed/data/wavefake/generated_audio/ljspeech_multi_band_melgan/LJ018-0145_gen.wav,1,ljspeech_multi_band_melgan,
train,__hf__,0,librispeech,14956
train,__hf__,0,librispeech,4388
train,__hf__,0,librispeech,23509
train,/lambda/nfs/algovirginia/workspace/DeepfakeDetectionRenewed/data/wavefake/generated_audio/ljspeech_waveglow/LJ015-0271.wav,1,ljspeech_waveglow,
train,/lambda/nfs/algovirginia/workspace/DeepfakeDetectionRenewed/data/vcc2020/audio/T30/task1/team30_intra-TEF1_SEM1_E30003.wav,1,VCC2020_T30,
train,__hf__,0,librispeech,26197
train,/lambda/nfs/algovirginia/workspace/DeepfakeDetectionRenewed/data/wavefake/generated_audio/ljspeech_parallel_wavegan/LJ049-0038_gen.wav,1,ljspeech_parallel_wavegan,
train,__hf__,0,librispeech,15075
train,/lambda/nfs/algovirginia/workspace/DeepfakeDetectionRenewed/data/wavefake/generated_audio/ljspeech_hifiGAN/LJ018-0142_generated.wav,1,ljspeech_hifiGAN,
train,__hf__,0,librispeech,14931
train,__hf__,0,librispeech,26201
train,/lambda/nfs/algovirginia/workspace/DeepfakeDetectionRenewed/data/vcc2020/audio/T21/task1/team21_intra-TEM2_SEF1_E30002.wav,1,VCC2020_T21,
train,/lambda/nfs/algovirginia/workspace/DeepfakeDetectionRenewed/data/wavefake/generated_audio/ljspeech_parallel_wavegan/LJ028-0450_gen.wav,1,ljspeech_parallel_wavegan,
train,__hf__,0,librispeech,26515
train,/lambda/nfs/algovirginia/workspace/DeepfakeDetectionRenewed/data/vcc2020/audio/T01/task1/team01_intra-TEM1_SEM1_E30004.wav,1,VCC2020_T01,
train,/lambda/nfs/algovirginia/workspace/DeepfakeDetectionRenewed/data/wavefake/generated_audio/ljspeech_full_band_melgan/LJ018-0328_gen.wav,1,ljspeech_full_band_melgan,
train,__hf__,0,librispeech,671
train,/lambda/nfs/algovirginia/workspace/DeepfakeDetectionRenewed/data/wavefake/generated_audio/common_voices_prompts_from_conformer_fastspeech2_pwg_ljspeech/gen_14445.wav,1,common_voices_prompts_from_conformer_fastspeech2_pwg_ljspeech,
train,/lambda/nfs/algovirginia/workspace/DeepfakeDetectionRenewed/data/wavefake/generated_audio/ljspeech_full_band_melgan/LJ010-0289_gen.wav,1,ljspeech_full_band_melgan,
train,/lambda/nfs/algovirginia/workspace/DeepfakeDetectionRenewed/data/wavefake/generated_audio/ljspeech_hifiGAN/LJ029-0204_generated.wav,1,ljspeech_hifiGAN,
train,__hf__,0,librispeech,20230
train,__hf__,0,librispeech,15407
train,__hf__,0,librispeech,14310
train,/lambda/nfs/algovirginia/workspace/DeepfakeDetectionRenewed/data/vcc2020/audio/T06/task1/team06_intra-TEF2_SEF2_E30001.wav,1,VCC2020_T06,
train,__hf__,0,librispeech,26744
train,__hf__,0,librispeech,18746
train,__hf__,0,librispeech,24506
train,/lambda/nfs/algovirginia/workspace/DeepfakeDetectionRenewed/data/wavefake/generated_audio/ljspeech_full_band_melgan/LJ039-0132_gen.wav,1,ljspeech_full_band_melgan,
train,/lambda/nfs/algovirginia/workspace/DeepfakeDetectionRenewed/data/wavefake/generated_audio/ljspeech_melgan/LJ048-0049_gen.wav,1,ljspeech_melgan,
train,__hf__,0,librispeech,19888
train,__hf__,0,librispeech,26671
train,__hf__,0,librispeech,28070
train,/lambda/nfs/algovirginia/workspace/DeepfakeDetectionRenewed/data/wavefake/generated_audio/ljspeech_waveglow/LJ029-0069.wav,1,ljspeech_waveglow,
train,/lambda/nfs/algovirginia/workspace/DeepfakeDetectionRenewed/data/wavefake/generated_audio/ljspeech_waveglow/LJ031-0226.wav,1,ljspeech_waveglow,
train,__hf__,0,librispeech,25429
train,__hf__,0,librispeech,6038
train,/lambda/nfs/algovirginia/workspace/DeepfakeDetectionRenewed/data/vcc2020/audio/T12/task1/team12_intra-TEM2_SEM2_E30001.wav,1,VCC2020_T12,
train,__hf__,0,librispeech,16435
train,/lambda/nfs/algovirginia/workspace/DeepfakeDetectionRenewed/data/vcc2020/audio/T16/task1/team16_intra-TEF2_SEM1_E30003.wav,1,VCC2020_T16,
train,__hf__,0,librispeech,15872
train,__hf__,0,librispeech,471
train,/lambda/nfs/algovirginia/workspace/DeepfakeDetectionRenewed/data/wavefake/generated_audio/ljspeech_parallel_wavegan/LJ044-0099_gen.wav,1,ljspeech_parallel_wavegan,
train,/lambda/nfs/algovirginia/workspace/DeepfakeDetectionRenewed/data/wavefake/generated_audio/ljspeech_melgan/LJ044-0170_gen.wav,1,ljspeech_melgan,
train,/lambda/nfs/algovirginia/workspace/DeepfakeDetectionRenewed/data/wavefake/generated_audio/ljspeech_multi_band_melgan/LJ030-0208_gen.wav,1,ljspeech_multi_band_melgan,
train,/lambda/nfs/algovirginia/workspace/DeepfakeDetectionRenewed/data/vcc2020/audio/T06/task1/team06_intra-TEM1_SEF2_E30004.wav,1,VCC2020_T06,
train,/lambda/nfs/algovirginia/workspace/DeepfakeDetectionRenewed/data/vcc2020/audio/T27/task1/team27_intra-TEF1_SEF2_E30002.wav,1,VCC2020_T27,
train,__hf__,0,librispeech,11706
train,__hf__,0,librispeech,28436
train,/lambda/nfs/algovirginia/workspace/DeepfakeDetectionRenewed/data/wavefake/generated_audio/ljspeech_hifiGAN/LJ048-0122_generated.wav,1,ljspeech_hifiGAN,
train,/lambda/nfs/algovirginia/workspace/DeepfakeDetectionRenewed/data/vcc2020/audio/T19/task1/team19_intra-TEM1_SEM2_E30005.wav,1,VCC2020_T19,
train,/lambda/nfs/algovirginia/workspace/DeepfakeDetectionRenewed/data/wavefake/generated_audio/ljspeech_waveglow/LJ011-0199.wav,1,ljspeech_waveglow,
train,__hf__,0,librispeech,21266
train,__hf__,0,librispeech,13106
train,__hf__,0,librispeech,18662
train,__hf__,0,librispeech,26164
train,__hf__,0,librispeech,21975
train,__hf__,0,librispeech,19332
train,/lambda/nfs/algovirginia/workspace/DeepfakeDetectionRenewed/data/wavefake/generated_audio/ljspeech_parallel_wavegan/LJ022-0097_gen.wav,1,ljspeech_parallel_wavegan,
train,/lambda/nfs/algovirginia/workspace/DeepfakeDetectionRenewed/data/vcc2020/audio/T25/task1/team25_intra-TEM2_SEF2_E30004.wav,1,VCC2020_T25,
train,/lambda/nfs/algovirginia/workspace/DeepfakeDetectionRenewed/data/wavefake/generated_audio/ljspeech_multi_band_melgan/LJ036-0014_gen.wav,1,ljspeech_multi_band_melgan,
train,/lambda/nfs/algovirginia/workspace/DeepfakeDetectionRenewed/data/vcc2020/audio/T11/task1/team11_intra-TEM2_SEF2_E30002.wav,1,VCC2020_T11,
train,__hf__,0,librispeech,9469
train,/lambda/nfs/algovirginia/workspace/DeepfakeDetectionRenewed/data/vcc2020/audio/T06/task1/team06_intra-TEF2_SEF1_E30002.wav,1,VCC2020_T06,
train,__hf__,0,librispeech,21270
train,__hf__,0,librispeech,5976
train,__hf__,0,librispeech,9072
train,/lambda/nfs/algovirginia/workspace/DeepfakeDetectionRenewed/data/wavefake/generated_audio/ljspeech_melgan_large/LJ028-0162_gen.wav,1,ljspeech_melgan_large,
train,__hf__,0,librispeech,6481
train,/lambda/nfs/algovirginia/workspace/DeepfakeDetectionRenewed/data/vcc2020/audio/T12/task1/team12_intra-TEM1_SEM1_E30005.wav,1,VCC2020_T12,
train,__hf__,0,librispeech,18301
train,__hf__,0,librispeech,2444
train,__hf__,0,librispeech,9602
train,__hf__,0,librispeech,23087
train,__hf__,0,librispeech,1759
train,/lambda/nfs/algovirginia/workspace/DeepfakeDetectionRenewed/data/vcc2020/audio/T27/task1/team27_intra-TEF2_SEM2_E30003.wav,1,VCC2020_T27,
train,/lambda/nfs/algovirginia/workspace/DeepfakeDetectionRenewed/data/vcc2020/audio/T04/task1/team04_intra-TEF2_SEM2_E30002.wav,1,VCC2020_T04,
train,/lambda/nfs/algovirginia/workspace/DeepfakeDetectionRenewed/data/vcc2020/audio/T04/task1/team04_intra-TEF1_SEF2_E30003.wav,1,VCC2020_T04,
train,__hf__,0,librispeech,3901
train,/lambda/nfs/algovirginia/workspace/DeepfakeDetectionRenewed/data/vcc2020/audio/T33/task1/team33_intra-TEM1_SEM2_E30004.wav,1,VCC2020_T33,
train,__hf__,0,librispeech,12251
train,/lambda/nfs/algovirginia/workspace/DeepfakeDetectionRenewed/data/vcc2020/audio/T12/task1/team12_intra-TEF2_SEM2_E30005.wav,1,VCC2020_T12,
train,/lambda/nfs/algovirginia/workspace/DeepfakeDetectionRenewed/data/wavefake/generated_audio/common_voices_prompts_from_conformer_fastspeech2_pwg_ljspeech/gen_13104.wav,1,common_voices_prompts_from_conformer_fastspeech2_pwg_ljspeech,
train,/lambda/nfs/algovirginia/workspace/DeepfakeDetectionRenewed/data/vcc2020/audio/T23/task1/team23_intra-TEM1_SEF1_E30003.wav,1,VCC2020_T23,
train,__hf__,0,librispeech,10484
train,__hf__,0,librispeech,18657
train,/lambda/nfs/algovirginia/workspace/DeepfakeDetectionRenewed/data/wavefake/generated_audio/ljspeech_melgan_large/LJ016-0200_gen.wav,1,ljspeech_melgan_large,
train,__hf__,0,librispeech,19124
train,__hf__,0,librispeech,24244
train,__hf__,0,librispeech,3816
train,/lambda/nfs/algovirginia/workspace/DeepfakeDetectionRenewed/data/wavefake/generated_audio/ljspeech_parallel_wavegan/LJ002-0256_gen.wav,1,ljspeech_parallel_wavegan,
train,__hf__,0,librispeech,21797
train,/lambda/nfs/algovirginia/workspace/DeepfakeDetectionRenewed/data/vcc2020/audio/T25/task1/team25_intra-TEF1_SEF1_E30004.wav,1,VCC2020_T25,
train,/lambda/nfs/algovirginia/workspace/DeepfakeDetectionRenewed/data/wavefake/generated_audio/ljspeech_full_band_melgan/LJ028-0415_gen.wav,1,ljspeech_full_band_melgan,
train,__hf__,0,librispeech,3718
train,/lambda/nfs/algovirginia/workspace/DeepfakeDetectionRenewed/data/wavefake/generated_audio/ljspeech_melgan/LJ044-0015_gen.wav,1,ljspeech_melgan,
train,__hf__,0,librispeech,18954
train,/lambda/nfs/algovirginia/workspace/DeepfakeDetectionRenewed/data/vcc2020/audio/T04/task1/team04_intra-TEF2_SEM1_E30005.wav,1,VCC2020_T04,
train,/lambda/nfs/algovirginia/workspace/DeepfakeDetectionRenewed/data/vcc2020/audio/T08/task1/team08_intra-TEM2_SEM1_E30005.wav,1,VCC2020_T08,
train,__hf__,0,librispeech,27860
train,/lambda/nfs/algovirginia/workspace/DeepfakeDetectionRenewed/data/vcc2020/audio/T22/task1/team22_intra-TEF1_SEM2_E30001.wav,1,VCC2020_T22,
train,/lambda/nfs/algovirginia/workspace/DeepfakeDetectionRenewed/data/wavefake/generated_audio/ljspeech_waveglow/LJ019-0112.wav,1,ljspeech_waveglow,
train,/lambda/nfs/algovirginia/workspace/DeepfakeDetectionRenewed/data/vcc2020/audio/T12/task1/team12_intra-TEM1_SEM2_E30002.wav,1,VCC2020_T12,
train,/lambda/nfs/algovirginia/workspace/DeepfakeDetectionRenewed/data/wavefake/generated_audio/ljspeech_melgan/LJ018-0318_gen.wav,1,ljspeech_melgan,
train,/lambda/nfs/algovirginia/workspace/DeepfakeDetectionRenewed/data/vcc2020/audio/T07/task1/team07_intra-TEF1_SEM2_E30004.wav,1,VCC2020_T07,
train,__hf__,0,librispeech,25450
train,__hf__,0,librispeech,2
train,/lambda/nfs/algovirginia/workspace/DeepfakeDetectionRenewed/data/wavefake/generated_audio/ljspeech_full_band_melgan/LJ012-0075_gen.wav,1,ljspeech_full_band_melgan,
train,/lambda/nfs/algovirginia/workspace/DeepfakeDetectionRenewed/data/vcc2020/audio/T21/task1/team21_intra-TEF2_SEF1_E30004.wav,1,VCC2020_T21,
train,/lambda/nfs/algovirginia/workspace/DeepfakeDetectionRenewed/data/wavefake/generated_audio/ljspeech_waveglow/LJ048-0047.wav,1,ljspeech_waveglow,
train,__hf__,0,librispeech,10761
train,__hf__,0,librispeech,18731
train,/lambda/nfs/algovirginia/workspace/DeepfakeDetectionRenewed/data/vcc2020/audio/T28/task1/team28_intra-TEF1_SEF2_E30005.wav,1,VCC2020_T28,
train,/lambda/nfs/algovirginia/workspace/DeepfakeDetectionRenewed/data/vcc2020/audio/T12/task1/team12_intra-TEM2_SEF1_E30002.wav,1,VCC2020_T12,
train,/lambda/nfs/algovirginia/workspace/DeepfakeDetectionRenewed/data/vcc2020/audio/T31/task1/team31_intra-TEM2_SEM1_E30003.wav,1,VCC2020_T31,
train,__hf__,0,librispeech,9292
train,__hf__,0,librispeech,18572
train,/lambda/nfs/algovirginia/workspace/DeepfakeDetectionRenewed/data/vcc2020/audio/T09/task1/team09_intra-TEM2_SEF2_E30004.wav,1,VCC2020_T09,
train,/lambda/nfs/algovirginia/workspace/DeepfakeDetectionRenewed/data/vcc2020/audio/T02/task1/team02_intra-TEM2_SEF2_E30004.wav,1,VCC2020_T02,
train,__hf__,0,librispeech,13132
train,/lambda/nfs/algovirginia/workspace/DeepfakeDetectionRenewed/data/wavefake/generated_audio/ljspeech_waveglow/LJ045-0155.wav,1,ljspeech_waveglow,
train,/lambda/nfs/algovirginia/workspace/DeepfakeDetectionRenewed/data/wavefake/generated_audio/common_voices_prompts_from_conformer_fastspeech2_pwg_ljspeech/gen_1411.wav,1,common_voices_prompts_from_conformer_fastspeech2_pwg_ljspeech,
train,__hf__,0,librispeech,20149
train,__hf__,0,librispeech,19215
train,/lambda/nfs/algovirginia/workspace/DeepfakeDetectionRenewed/data/wavefake/generated_audio/ljspeech_melgan_large/LJ039-0049_gen.wav,1,ljspeech_melgan_large,
train,/lambda/nfs/algovirginia/workspace/DeepfakeDetectionRenewed/data/vcc2020/audio/T17/task1/team17_intra-TEM1_SEM1_E30001.wav,1,VCC2020_T17,
train,__hf__,0,librispeech,28258
train,__hf__,0,librispeech,7495
train,/lambda/nfs/algovirginia/workspace/DeepfakeDetectionRenewed/data/wavefake/generated_audio/ljspeech_waveglow/LJ023-0138.wav,1,ljspeech_waveglow,
train,/lambda/nfs/algovirginia/workspace/DeepfakeDetectionRenewed/data/vcc2020/audio/T26/task1/team26_intra-TEM2_SEF2_E30002.wav,1,VCC2020_T26,
train,/lambda/nfs/algovirginia/workspace/DeepfakeDetectionRenewed/data/wavefake/generated_audio/ljspeech_melgan/LJ013-0127_gen.wav,1,ljspeech_melgan,
train,__hf__,0,librispeech,7767
train,__hf__,0,librispeech,2777
train,__hf__,0,librispeech,417
train,/lambda/nfs/algovirginia/workspace/DeepfakeDetectionRenewed/data/wavefake/generated_audio/ljspeech_melgan/LJ019-0035_gen.wav,1,ljspeech_melgan,
train,/lambda/nfs/algovirginia/workspace/DeepfakeDetectionRenewed/data/vcc2020/audio/T18/task1/team18_intra-TEM1_SEF2_E30005.wav,1,VCC2020_T18,
train,__hf__,0,librispeech,1206
train,__hf__,0,librispeech,17118
train,__hf__,0,librispeech,21540
train,/lambda/nfs/algovirginia/workspace/DeepfakeDetectionRenewed/data/wavefake/generated_audio/ljspeech_parallel_wavegan/LJ008-0229_gen.wav,1,ljspeech_parallel_wavegan,
train,__hf__,0,librispeech,547
train,__hf__,0,librispeech,13215
train,__hf__,0,librispeech,25729
train,/lambda/nfs/algovirginia/workspace/DeepfakeDetectionRenewed/data/wavefake/generated_audio/ljspeech_multi_band_melgan/LJ032-0188_gen.wav,1,ljspeech_multi_band_melgan,
train,/lambda/nfs/algovirginia/workspace/DeepfakeDetectionRenewed/data/vcc2020/audio/T21/task1/team21_intra-TEM1_SEF1_E30003.wav,1,VCC2020_T21,
train,__hf__,0,librispeech,20426
train,__hf__,0,librispeech,94
train,/lambda/nfs/algovirginia/workspace/DeepfakeDetectionRenewed/data/vcc2020/audio/T02/task1/team02_intra-TEM1_SEM1_E30004.wav,1,VCC2020_T02,
train,__hf__,0,librispeech,23135
train,/lambda/nfs/algovirginia/workspace/DeepfakeDetectionRenewed/data/vcc2020/audio/T17/task1/team17_intra-TEM2_SEF1_E30001.wav,1,VCC2020_T17,
train,/lambda/nfs/algovirginia/workspace/DeepfakeDetectionRenewed/data/vcc2020/audio/T11/task1/team11_intra-TEF2_SEM1_E30001.wav,1,VCC2020_T11,
train,/lambda/nfs/algovirginia/workspace/DeepfakeDetectionRenewed/data/wavefake/generated_audio/ljspeech_hifiGAN/LJ036-0170_generated.wav,1,ljspeech_hifiGAN,
train,/lambda/nfs/algovirginia/workspace/DeepfakeDetectionRenewed/data/vcc2020/audio/T22/task1/team22_intra-TEM1_SEM1_E30005.wav,1,VCC2020_T22,
train,__hf__,0,librispeech,28470
train,__hf__,0,librispeech,18353
train,__hf__,0,librispeech,10384
train,__hf__,0,librispeech,25956
train,__hf__,0,librispeech,18333
train,__hf__,0,librispeech,26288
train,/lambda/nfs/algovirginia/workspace/DeepfakeDetectionRenewed/data/vcc2020/audio/T16/task1/team16_intra-TEF1_SEM2_E30003.wav,1,VCC2020_T16,
train,/lambda/nfs/algovirginia/workspace/DeepfakeDetectionRenewed/data/vcc2020/audio/T23/task1/team23_intra-TEF2_SEM1_E30005.wav,1,VCC2020_T23,
train,/lambda/nfs/algovirginia/workspace/DeepfakeDetectionRenewed/data/vcc2020/audio/T33/task1/team33_intra-TEF2_SEF2_E30004.wav,1,VCC2020_T33,
train,/lambda/nfs/algovirginia/workspace/DeepfakeDetectionRenewed/data/wavefake/generated_audio/ljspeech_hifiGAN/LJ035-0176_generated.wav,1,ljspeech_hifiGAN,
train,/lambda/nfs/algovirginia/workspace/DeepfakeDetectionRenewed/data/vcc2020/audio/T02/task1/team02_intra-TEF2_SEM2_E30001.wav,1,VCC2020_T02,
train,/lambda/nfs/algovirginia/workspace/DeepfakeDetectionRenewed/data/wavefake/generated_audio/ljspeech_melgan_large/LJ005-0120_gen.wav,1,ljspeech_melgan_large,
train,/lambda/nfs/algovirginia/workspace/DeepfakeDetectionRenewed/data/wavefake/generated_audio/ljspeech_waveglow/LJ004-0115.wav,1,ljspeech_waveglow,
train,/lambda/nfs/algovirginia/workspace/DeepfakeDetectionRenewed/data/vcc2020/audio/T18/task1/team18_intra-TEF1_SEM1_E30003.wav,1,VCC2020_T18,
train,__hf__,0,librispeech,11764
train,__hf__,0,librispeech,15367
train,__hf__,0,librispeech,6990
train,__hf__,0,librispeech,452
train,/lambda/nfs/algovirginia/workspace/DeepfakeDetectionRenewed/data/vcc2020/audio/T22/task1/team22_intra-TEF1_SEF1_E30003.wav,1,VCC2020_T22,
train,/lambda/nfs/algovirginia/workspace/DeepfakeDetectionRenewed/data/wavefake/generated_audio/ljspeech_multi_band_melgan/LJ009-0007_gen.wav,1,ljspeech_multi_band_melgan,
train,/lambda/nfs/algovirginia/workspace/DeepfakeDetectionRenewed/data/wavefake/generated_audio/ljspeech_hifiGAN/LJ035-0113_generated.wav,1,ljspeech_hifiGAN,
train,/lambda/nfs/algovirginia/workspace/DeepfakeDetectionRenewed/data/wavefake/generated_audio/ljspeech_multi_band_melgan/LJ010-0116_gen.wav,1,ljspeech_multi_band_melgan,
train,__hf__,0,librispeech,7070
train,__hf__,0,librispeech,12683
train,/lambda/nfs/algovirginia/workspace/DeepfakeDetectionRenewed/data/wavefake/generated_audio/ljspeech_waveglow/LJ003-0305.wav,1,ljspeech_waveglow,
train,__hf__,0,librispeech,24480
train,/lambda/nfs/algovirginia/workspace/DeepfakeDetectionRenewed/data/vcc2020/audio/T06/task1/team06_intra-TEM2_SEF1_E30002.wav,1,VCC2020_T06,
train,/lambda/nfs/algovirginia/workspace/DeepfakeDetectionRenewed/data/wavefake/generated_audio/ljspeech_parallel_wavegan/LJ005-0062_gen.wav,1,ljspeech_parallel_wavegan,
train,/lambda/nfs/algovirginia/workspace/DeepfakeDetectionRenewed/data/vcc2020/audio/T27/task1/team27_intra-TEF2_SEF2_E30002.wav,1,VCC2020_T27,
train,__hf__,0,librispeech,5093
train,__hf__,0,librispeech,21909
train,__hf__,0,librispeech,1117
train,/lambda/nfs/algovirginia/workspace/DeepfakeDetectionRenewed/data/vcc2020/audio/T30/task1/team30_intra-TEF1_SEM2_E30004.wav,1,VCC2020_T30,
train,/lambda/nfs/algovirginia/workspace/DeepfakeDetectionRenewed/data/vcc2020/audio/T04/task1/team04_intra-TEM1_SEF1_E30001.wav,1,VCC2020_T04,
train,__hf__,0,librispeech,16074
train,__hf__,0,librispeech,15334
train,/lambda/nfs/algovirginia/workspace/DeepfakeDetectionRenewed/data/vcc2020/audio/T17/task1/team17_intra-TEM1_SEM1_E30004.wav,1,VCC2020_T17,
train,__hf__,0,librispeech,27726
train,__hf__,0,librispeech,27355
train,__hf__,0,librispeech,15706
train,__hf__,0,librispeech,26464
train,__hf__,0,librispeech,3616
train,/lambda/nfs/algovirginia/workspace/DeepfakeDetectionRenewed/data/wavefake/generated_audio/ljspeech_melgan/LJ028-0078_gen.wav,1,ljspeech_melgan,
train,__hf__,0,librispeech,19651
train,__hf__,0,librispeech,22615
train,/lambda/nfs/algovirginia/workspace/DeepfakeDetectionRenewed/data/vcc2020/audio/T22/task1/team22_intra-TEF1_SEM2_E30005.wav,1,VCC2020_T22,
train,/lambda/nfs/algovirginia/workspace/DeepfakeDetectionRenewed/data/wavefake/generated_audio/ljspeech_melgan/LJ040-0045_gen.wav,1,ljspeech_melgan,
train,/lambda/nfs/algovirginia/workspace/DeepfakeDetectionRenewed/data/vcc2020/audio/T30/task1/team30_intra-TEF1_SEF1_E30001.wav,1,VCC2020_T30,
train,__hf__,0,librispeech,80
train,/lambda/nfs/algovirginia/workspace/DeepfakeDetectionRenewed/data/wavefake/generated_audio/ljspeech_multi_band_melgan/LJ012-0246_gen.wav,1,ljspeech_multi_band_melgan,
train,/lambda/nfs/algovirginia/workspace/DeepfakeDetectionRenewed/data/vcc2020/audio/T09/task1/team09_intra-TEM2_SEM2_E30001.wav,1,VCC2020_T09,
train,/lambda/nfs/algovirginia/workspace/DeepfakeDetectionRenewed/data/wavefake/generated_audio/common_voices_prompts_from_conformer_fastspeech2_pwg_ljspeech/gen_12788.wav,1,common_voices_prompts_from_conformer_fastspeech2_pwg_ljspeech,
train,/lambda/nfs/algovirginia/workspace/DeepfakeDetectionRenewed/data/wavefake/generated_audio/ljspeech_waveglow/LJ042-0015.wav,1,ljspeech_waveglow,
train,/lambda/nfs/algovirginia/workspace/DeepfakeDetectionRenewed/data/vcc2020/audio/T11/task1/team11_intra-TEF1_SEF1_E30001.wav,1,VCC2020_T11,
train,__hf__,0,librispeech,26093
train,/lambda/nfs/algovirginia/workspace/DeepfakeDetectionRenewed/data/wavefake/generated_audio/ljspeech_parallel_wavegan/LJ014-0180_gen.wav,1,ljspeech_parallel_wavegan,
train,__hf__,0,librispeech,21704
train,__hf__,0,librispeech,9246
train,__hf__,0,librispeech,14760
train,__hf__,0,librispeech,21067
train,__hf__,0,librispeech,27518
train,/lambda/nfs/algovirginia/workspace/DeepfakeDetectionRenewed/data/wavefake/generated_audio/common_voices_prompts_from_conformer_fastspeech2_pwg_ljspeech/gen_3772.wav,1,common_voices_prompts_from_conformer_fastspeech2_pwg_ljspeech,
train,/lambda/nfs/algovirginia/workspace/DeepfakeDetectionRenewed/data/vcc2020/audio/T31/task1/team31_intra-TEM1_SEM2_E30002.wav,1,VCC2020_T31,
train,/lambda/nfs/algovirginia/workspace/DeepfakeDetectionRenewed/data/vcc2020/audio/T12/task1/team12_intra-TEM2_SEF1_E30001.wav,1,VCC2020_T12,
train,/lambda/nfs/algovirginia/workspace/DeepfakeDetectionRenewed/data/vcc2020/audio/T31/task1/team31_intra-TEM2_SEF2_E30004.wav,1,VCC2020_T31,
train,__hf__,0,librispeech,10731
train,/lambda/nfs/algovirginia/workspace/DeepfakeDetectionRenewed/data/vcc2020/audio/T28/task1/team28_intra-TEF1_SEF2_E30001.wav,1,VCC2020_T28,
train,__hf__,0,librispeech,2656
train,__hf__,0,librispeech,17787
train,__hf__,0,librispeech,6069
train,__hf__,0,librispeech,5877
train,/lambda/nfs/algovirginia/workspace/DeepfakeDetectionRenewed/data/wavefake/generated_audio/ljspeech_multi_band_melgan/LJ014-0204_gen.wav,1,ljspeech_multi_band_melgan,
train,/lambda/nfs/algovirginia/workspace/DeepfakeDetectionRenewed/data/vcc2020/audio/T10/task1/team10_intra-TEF1_SEM2_E30005.wav,1,VCC2020_T10,
train,/lambda/nfs/algovirginia/workspace/DeepfakeDetectionRenewed/data/wavefake/generated_audio/ljspeech_parallel_wavegan/LJ008-0189_gen.wav,1,ljspeech_parallel_wavegan,
train,__hf__,0,librispeech,28137
train,__hf__,0,librispeech,2700
train,__hf__,0,librispeech,25097
train,__hf__,0,librispeech,18633
train,__hf__,0,librispeech,21419
train,/lambda/nfs/algovirginia/workspace/DeepfakeDetectionRenewed/data/wavefake/generated_audio/common_voices_prompts_from_conformer_fastspeech2_pwg_ljspeech/gen_3407.wav,1,common_voices_prompts_from_conformer_fastspeech2_pwg_ljspeech,
train,__hf__,0,librispeech,3891
train,__hf__,0,librispeech,6632
train,__hf__,0,librispeech,4796
train,/lambda/nfs/algovirginia/workspace/DeepfakeDetectionRenewed/data/vcc2020/audio/T01/task1/team01_intra-TEF1_SEF2_E30004.wav,1,VCC2020_T01,
train,__hf__,0,librispeech,11775
train,__hf__,0,librispeech,16902
train,/lambda/nfs/algovirginia/workspace/DeepfakeDetectionRenewed/data/vcc2020/audio/T24/task1/team24_intra-TEM1_SEF1_E30001.wav,1,VCC2020_T24,
train,__hf__,0,librispeech,16649
train,__hf__,0,librispeech,3097
train,__hf__,0,librispeech,12044
train,/lambda/nfs/algovirginia/workspace/DeepfakeDetectionRenewed/data/wavefake/generated_audio/ljspeech_waveglow/LJ045-0171.wav,1,ljspeech_waveglow,
train,__hf__,0,librispeech,14127
train,__hf__,0,librispeech,23511
train,/lambda/nfs/algovirginia/workspace/DeepfakeDetectionRenewed/data/vcc2020/audio/T26/task1/team26_intra-TEF1_SEM2_E30002.wav,1,VCC2020_T26,
train,/lambda/nfs/algovirginia/workspace/DeepfakeDetectionRenewed/data/wavefake/generated_audio/ljspeech_parallel_wavegan/LJ038-0290_gen.wav,1,ljspeech_parallel_wavegan,
train,/lambda/nfs/algovirginia/workspace/DeepfakeDetectionRenewed/data/wavefake/generated_audio/ljspeech_hifiGAN/LJ024-0120_generated.wav,1,ljspeech_hifiGAN,
train,__hf__,0,librispeech,17978
train,/lambda/nfs/algovirginia/workspace/DeepfakeDetectionRenewed/data/vcc2020/audio/T22/task1/team22_intra-TEF1_SEF2_E30001.wav,1,VCC2020_T22,
train,/lambda/nfs/algovirginia/workspace/DeepfakeDetectionRenewed/data/wavefake/generated_audio/ljspeech_melgan/LJ003-0158_gen.wav,1,ljspeech_melgan,
train,/lambda/nfs/algovirginia/workspace/DeepfakeDetectionRenewed/data/wavefake/generated_audio/common_voices_prompts_from_conformer_fastspeech2_pwg_ljspeech/gen_969.wav,1,common_voices_prompts_from_conformer_fastspeech2_pwg_ljspeech,
train,/lambda/nfs/algovirginia/workspace/DeepfakeDetectionRenewed/data/wavefake/generated_audio/ljspeech_full_band_melgan/LJ017-0217_gen.wav,1,ljspeech_full_band_melgan,
train,__hf__,0,librispeech,2136
train,/lambda/nfs/algovirginia/workspace/DeepfakeDetectionRenewed/data/wavefake/generated_audio/ljspeech_melgan/LJ014-0151_gen.wav,1,ljspeech_melgan,
train,/lambda/nfs/algovirginia/workspace/DeepfakeDetectionRenewed/data/vcc2020/audio/T33/task1/team33_intra-TEM2_SEM1_E30002.wav,1,VCC2020_T33,
train,/lambda/nfs/algovirginia/workspace/DeepfakeDetectionRenewed/data/wavefake/generated_audio/ljspeech_multi_band_melgan/LJ010-0283_gen.wav,1,ljspeech_multi_band_melgan,
train,/lambda/nfs/algovirginia/workspace/DeepfakeDetectionRenewed/data/vcc2020/audio/T13/task1/team13_intra-TEM1_SEM1_E30004.wav,1,VCC2020_T13,
train,/lambda/nfs/algovirginia/workspace/DeepfakeDetectionRenewed/data/wavefake/generated_audio/ljspeech_multi_band_melgan/LJ001-0127_gen.wav,1,ljspeech_multi_band_melgan,
train,__hf__,0,librispeech,23993
train,/lambda/nfs/algovirginia/workspace/DeepfakeDetectionRenewed/data/vcc2020/audio/T08/task1/team08_intra-TEM2_SEF2_E30003.wav,1,VCC2020_T08,
train,__hf__,0,librispeech,3600
train,/lambda/nfs/algovirginia/workspace/DeepfakeDetectionRenewed/data/vcc2020/audio/T14/task1/team14_intra-TEM2_SEM2_E30004.wav,1,VCC2020_T14,
train,__hf__,0,librispeech,21095
train,__hf__,0,librispeech,19520
train,/lambda/nfs/algovirginia/workspace/DeepfakeDetectionRenewed/data/wavefake/generated_audio/ljspeech_full_band_melgan/LJ003-0063_gen.wav,1,ljspeech_full_band_melgan,
train,__hf__,0,librispeech,12346
train,__hf__,0,librispeech,2133
train,__hf__,0,librispeech,7862
train,/lambda/nfs/algovirginia/workspace/DeepfakeDetectionRenewed/data/wavefake/generated_audio/common_voices_prompts_from_conformer_fastspeech2_pwg_ljspeech/gen_10101.wav,1,common_voices_prompts_from_conformer_fastspeech2_pwg_ljspeech,
train,/lambda/nfs/algovirginia/workspace/DeepfakeDetectionRenewed/data/wavefake/generated_audio/common_voices_prompts_from_conformer_fastspeech2_pwg_ljspeech/gen_3489.wav,1,common_voices_prompts_from_conformer_fastspeech2_pwg_ljspeech,
train,/lambda/nfs/algovirginia/workspace/DeepfakeDetectionRenewed/data/vcc2020/audio/T27/task1/team27_intra-TEF2_SEM1_E30002.wav,1,VCC2020_T27,
train,/lambda/nfs/algovirginia/workspace/DeepfakeDetectionRenewed/data/vcc2020/audio/T01/task1/team01_intra-TEM2_SEM2_E30004.wav,1,VCC2020_T01,
train,/lambda/nfs/algovirginia/workspace/DeepfakeDetectionRenewed/data/vcc2020/audio/T21/task1/team21_intra-TEF1_SEF1_E30001.wav,1,VCC2020_T21,
train,/lambda/nfs/algovirginia/workspace/DeepfakeDetectionRenewed/data/vcc2020/audio/T11/task1/team11_intra-TEF1_SEM2_E30005.wav,1,VCC2020_T11,
train,/lambda/nfs/algovirginia/workspace/DeepfakeDetectionRenewed/data/vcc2020/audio/T25/task1/team25_intra-TEF1_SEM1_E30005.wav,1,VCC2020_T25,
train,/lambda/nfs/algovirginia/workspace/DeepfakeDetectionRenewed/data/wavefake/generated_audio/ljspeech_waveglow/LJ040-0120.wav,1,ljspeech_waveglow,
train,/lambda/nfs/algovirginia/workspace/DeepfakeDetectionRenewed/data/vcc2020/audio/T32/task1/team32_intra-TEM2_SEF1_E30005.wav,1,VCC2020_T32,
train,/lambda/nfs/algovirginia/workspace/DeepfakeDetectionRenewed/data/wavefake/generated_audio/ljspeech_melgan_large/LJ039-0089_gen.wav,1,ljspeech_melgan_large,
train,__hf__,0,librispeech,2581
train,/lambda/nfs/algovirginia/workspace/DeepfakeDetectionRenewed/data/vcc2020/audio/T31/task1/team31_intra-TEF1_SEM2_E30003.wav,1,VCC2020_T31,
train,/lambda/nfs/algovirginia/workspace/DeepfakeDetectionRenewed/data/wavefake/generated_audio/ljspeech_hifiGAN/LJ002-0110_generated.wav,1,ljspeech_hifiGAN,
train,/lambda/nfs/algovirginia/workspace/DeepfakeDetectionRenewed/data/vcc2020/audio/T10/task1/team10_intra-TEM2_SEF2_E30005.wav,1,VCC2020_T10,
train,__hf__,0,librispeech,4358
train,__hf__,0,librispeech,10796
train,__hf__,0,librispeech,12814
train,/lambda/nfs/algovirginia/workspace/DeepfakeDetectionRenewed/data/vcc2020/audio/T12/task1/team12_intra-TEF2_SEM1_E30003.wav,1,VCC2020_T12,
train,/lambda/nfs/algovirginia/workspace/DeepfakeDetectionRenewed/data/wavefake/generated_audio/ljspeech_parallel_wavegan/LJ042-0101_gen.wav,1,ljspeech_parallel_wavegan,
train,__hf__,0,librispeech,7568
train,/lambda/nfs/algovirginia/workspace/DeepfakeDetectionRenewed/data/wavefake/generated_audio/ljspeech_multi_band_melgan/LJ001-0129_gen.wav,1,ljspeech_multi_band_melgan,
train,__hf__,0,librispeech,18149
train,__hf__,0,librispeech,15880
train,__hf__,0,librispeech,24810
train,__hf__,0,librispeech,12504
train,__hf__,0,librispeech,24952
train,__hf__,0,librispeech,6749
train,__hf__,0,librispeech,20681
train,__hf__,0,librispeech,5524
train,__hf__,0,librispeech,7140
train,__hf__,0,librispeech,17354
train,/lambda/nfs/algovirginia/workspace/DeepfakeDetectionRenewed/data/wavefake/generated_audio/ljspeech_waveglow/LJ028-0255.wav,1,ljspeech_waveglow,
train,/lambda/nfs/algovirginia/workspace/DeepfakeDetectionRenewed/data/wavefake/generated_audio/ljspeech_melgan/LJ019-0220_gen.wav,1,ljspeech_melgan,
train,__hf__,0,librispeech,28458
train,__hf__,0,librispeech,15024
train,__hf__,0,librispeech,13979
train,/lambda/nfs/algovirginia/workspace/DeepfakeDetectionRenewed/data/wavefake/generated_audio/ljspeech_full_band_melgan/LJ009-0251_gen.wav,1,ljspeech_full_band_melgan,
train,/lambda/nfs/algovirginia/workspace/DeepfakeDetectionRenewed/data/vcc2020/audio/T20/task1/team20_intra-TEF1_SEF2_E30001.wav,1,VCC2020_T20,
train,/lambda/nfs/algovirginia/workspace/DeepfakeDetectionRenewed/data/wavefake/generated_audio/ljspeech_full_band_melgan/LJ012-0125_gen.wav,1,ljspeech_full_band_melgan,
train,/lambda/nfs/algovirginia/workspace/DeepfakeDetectionRenewed/data/wavefake/generated_audio/ljspeech_melgan/LJ026-0010_gen.wav,1,ljspeech_melgan,
train,/lambda/nfs/algovirginia/workspace/DeepfakeDetectionRenewed/data/vcc2020/audio/T02/task1/team02_intra-TEM1_SEM2_E30005.wav,1,VCC2020_T02,
train,/lambda/nfs/algovirginia/workspace/DeepfakeDetectionRenewed/data/vcc2020/audio/T13/task1/team13_intra-TEF2_SEF2_E30001.wav,1,VCC2020_T13,
train,__hf__,0,librispeech,4559
train,__hf__,0,librispeech,16254
train,__hf__,0,librispeech,8236
train,__hf__,0,librispeech,17236
train,/lambda/nfs/algovirginia/workspace/DeepfakeDetectionRenewed/data/vcc2020/audio/T22/task1/team22_intra-TEF2_SEF1_E30001.wav,1,VCC2020_T22,
train,__hf__,0,librispeech,14757
train,__hf__,0,librispeech,20465
train,__hf__,0,librispeech,25675
train,/lambda/nfs/algovirginia/workspace/DeepfakeDetectionRenewed/data/wavefake/generated_audio/ljspeech_multi_band_melgan/LJ040-0022_gen.wav,1,ljspeech_multi_band_melgan,
train,/lambda/nfs/algovirginia/workspace/DeepfakeDetectionRenewed/data/vcc2020/audio/T26/task1/team26_intra-TEF2_SEM1_E30001.wav,1,VCC2020_T26,
train,/lambda/nfs/algovirginia/workspace/DeepfakeDetectionRenewed/data/wavefake/generated_audio/ljspeech_melgan/LJ034-0014_gen.wav,1,ljspeech_melgan,
train,__hf__,0,librispeech,14431
train,__hf__,0,librispeech,14437
train,__hf__,0,librispeech,4397
train,/lambda/nfs/algovirginia/workspace/DeepfakeDetectionRenewed/data/wavefake/generated_audio/ljspeech_melgan/LJ028-0196_gen.wav,1,ljspeech_melgan,
train,/lambda/nfs/algovirginia/workspace/DeepfakeDetectionRenewed/data/wavefake/generated_audio/ljspeech_waveglow/LJ028-0314.wav,1,ljspeech_waveglow,
train,/lambda/nfs/algovirginia/workspace/DeepfakeDetectionRenewed/data/wavefake/generated_audio/ljspeech_melgan/LJ041-0152_gen.wav,1,ljspeech_melgan,
train,__hf__,0,librispeech,13899
train,/lambda/nfs/algovirginia/workspace/DeepfakeDetectionRenewed/data/vcc2020/audio/T07/task1/team07_intra-TEF2_SEM2_E30002.wav,1,VCC2020_T07,
train,__hf__,0,librispeech,26649
train,__hf__,0,librispeech,22700
train,/lambda/nfs/algovirginia/workspace/DeepfakeDetectionRenewed/data/vcc2020/audio/T13/task1/team13_intra-TEF2_SEM2_E30002.wav,1,VCC2020_T13,
train,/lambda/nfs/algovirginia/workspace/DeepfakeDetectionRenewed/data/vcc2020/audio/T06/task1/team06_intra-TEM2_SEF2_E30005.wav,1,VCC2020_T06,
train,__hf__,0,librispeech,15488
train,/lambda/nfs/algovirginia/workspace/DeepfakeDetectionRenewed/data/wavefake/generated_audio/ljspeech_waveglow/LJ037-0113.wav,1,ljspeech_waveglow,
train,__hf__,0,librispeech,11570
train,__hf__,0,librispeech,12756
train,/lambda/nfs/algovirginia/workspace/DeepfakeDetectionRenewed/data/wavefake/generated_audio/ljspeech_parallel_wavegan/LJ038-0026_gen.wav,1,ljspeech_parallel_wavegan,
train,/lambda/nfs/algovirginia/workspace/DeepfakeDetectionRenewed/data/vcc2020/audio/T04/task1/team04_intra-TEF1_SEF1_E30001.wav,1,VCC2020_T04,
train,/lambda/nfs/algovirginia/workspace/DeepfakeDetectionRenewed/data/vcc2020/audio/T17/task1/team17_intra-TEF1_SEF2_E30002.wav,1,VCC2020_T17,
train,__hf__,0,librispeech,680
train,__hf__,0,librispeech,5568
train,/lambda/nfs/algovirginia/workspace/DeepfakeDetectionRenewed/data/wavefake/generated_audio/ljspeech_full_band_melgan/LJ020-0096_gen.wav,1,ljspeech_full_band_melgan,
train,__hf__,0,librispeech,14294
train,/lambda/nfs/algovirginia/workspace/DeepfakeDetectionRenewed/data/vcc2020/audio/T06/task1/team06_intra-TEF1_SEF1_E30001.wav,1,VCC2020_T06,
train,__hf__,0,librispeech,9204
train,/lambda/nfs/algovirginia/workspace/DeepfakeDetectionRenewed/data/wavefake/generated_audio/ljspeech_melgan_large/LJ050-0014_gen.wav,1,ljspeech_melgan_large,
train,/lambda/nfs/algovirginia/workspace/DeepfakeDetectionRenewed/data/wavefake/generated_audio/ljspeech_melgan/LJ011-0232_gen.wav,1,ljspeech_melgan,
train,/lambda/nfs/algovirginia/workspace/DeepfakeDetectionRenewed/data/vcc2020/audio/T13/task1/team13_intra-TEF2_SEM2_E30005.wav,1,VCC2020_T13,
train,/lambda/nfs/algovirginia/workspace/DeepfakeDetectionRenewed/data/wavefake/generated_audio/ljspeech_full_band_melgan/LJ040-0220_gen.wav,1,ljspeech_full_band_melgan,
train,__hf__,0,librispeech,19314
train,/lambda/nfs/algovirginia/workspace/DeepfakeDetectionRenewed/data/vcc2020/audio/T08/task1/team08_intra-TEF1_SEF2_E30004.wav,1,VCC2020_T08,
train,__hf__,0,librispeech,13089
train,__hf__,0,librispeech,20987
train,/lambda/nfs/algovirginia/workspace/DeepfakeDetectionRenewed/data/vcc2020/audio/T31/task1/team31_intra-TEF2_SEM1_E30003.wav,1,VCC2020_T31,
train,__hf__,0,librispeech,11469
train,/lambda/nfs/algovirginia/workspace/DeepfakeDetectionRenewed/data/wavefake/generated_audio/common_voices_prompts_from_conformer_fastspeech2_pwg_ljspeech/gen_715.wav,1,common_voices_prompts_from_conformer_fastspeech2_pwg_ljspeech,
train,__hf__,0,librispeech,14129
train,/lambda/nfs/algovirginia/workspace/DeepfakeDetectionRenewed/data/vcc2020/audio/T03/task1/team03_intra-TEF2_SEM2_E30005.wav,1,VCC2020_T03,
train,__hf__,0,librispeech,1355
train,/lambda/nfs/algovirginia/workspace/DeepfakeDetectionRenewed/data/wavefake/generated_audio/ljspeech_waveglow/LJ030-0047.wav,1,ljspeech_waveglow,
train,/lambda/nfs/algovirginia/workspace/DeepfakeDetectionRenewed/data/wavefake/generated_audio/ljspeech_multi_band_melgan/LJ018-0201_gen.wav,1,ljspeech_multi_band_melgan,
train,/lambda/nfs/algovirginia/workspace/DeepfakeDetectionRenewed/data/vcc2020/audio/T17/task1/team17_intra-TEM2_SEM2_E30001.wav,1,VCC2020_T17,
train,__hf__,0,librispeech,14698
train,__hf__,0,librispeech,11080
train,/lambda/nfs/algovirginia/workspace/DeepfakeDetectionRenewed/data/vcc2020/audio/T12/task1/team12_intra-TEM1_SEM1_E30001.wav,1,VCC2020_T12,
train,/lambda/nfs/algovirginia/workspace/DeepfakeDetectionRenewed/data/wavefake/generated_audio/ljspeech_full_band_melgan/LJ011-0218_gen.wav,1,ljspeech_full_band_melgan,
train,/lambda/nfs/algovirginia/workspace/DeepfakeDetectionRenewed/data/wavefake/generated_audio/ljspeech_parallel_wavegan/LJ037-0249_gen.wav,1,ljspeech_parallel_wavegan,
train,/lambda/nfs/algovirginia/workspace/DeepfakeDetectionRenewed/data/wavefake/generated_audio/ljspeech_multi_band_melgan/LJ050-0233_gen.wav,1,ljspeech_multi_band_melgan,
train,/lambda/nfs/algovirginia/workspace/DeepfakeDetectionRenewed/data/vcc2020/audio/T23/task1/team23_intra-TEM2_SEF2_E30002.wav,1,VCC2020_T23,
train,__hf__,0,librispeech,14759
train,__hf__,0,librispeech,7300
train,__hf__,0,librispeech,12096
train,__hf__,0,librispeech,1859
train,/lambda/nfs/algovirginia/workspace/DeepfakeDetectionRenewed/data/wavefake/generated_audio/ljspeech_full_band_melgan/LJ011-0163_gen.wav,1,ljspeech_full_band_melgan,
train,__hf__,0,librispeech,21597
train,/lambda/nfs/algovirginia/workspace/DeepfakeDetectionRenewed/data/vcc2020/audio/T26/task1/team26_intra-TEM1_SEM1_E30002.wav,1,VCC2020_T26,
train,__hf__,0,librispeech,499
train,__hf__,0,librispeech,20044
train,/lambda/nfs/algovirginia/workspace/DeepfakeDetectionRenewed/data/wavefake/generated_audio/ljspeech_waveglow/LJ018-0355.wav,1,ljspeech_waveglow,
train,__hf__,0,librispeech,18706
train,/lambda/nfs/algovirginia/workspace/DeepfakeDetectionRenewed/data/vcc2020/audio/T10/task1/team10_intra-TEM2_SEM2_E30003.wav,1,VCC2020_T10,
train,__hf__,0,librispeech,23311
train,/lambda/nfs/algovirginia/workspace/DeepfakeDetectionRenewed/data/vcc2020/audio/T07/task1/team07_intra-TEF2_SEF1_E30003.wav,1,VCC2020_T07,
train,/lambda/nfs/algovirginia/workspace/DeepfakeDetectionRenewed/data/wavefake/generated_audio/ljspeech_waveglow/LJ003-0252.wav,1,ljspeech_waveglow,
train,__hf__,0,librispeech,16508
train,/lambda/nfs/algovirginia/workspace/DeepfakeDetectionRenewed/data/vcc2020/audio/T04/task1/team04_intra-TEM2_SEF1_E30001.wav,1,VCC2020_T04,
train,/lambda/nfs/algovirginia/workspace/DeepfakeDetectionRenewed/data/vcc2020/audio/T22/task1/team22_intra-TEM1_SEM1_E30002.wav,1,VCC2020_T22,
train,/lambda/nfs/algovirginia/workspace/DeepfakeDetectionRenewed/data/wavefake/generated_audio/ljspeech_multi_band_melgan/LJ010-0253_gen.wav,1,ljspeech_multi_band_melgan,
train,/lambda/nfs/algovirginia/workspace/DeepfakeDetectionRenewed/data/vcc2020/audio/T12/task1/team12_intra-TEM2_SEM1_E30003.wav,1,VCC2020_T12,
train,/lambda/nfs/algovirginia/workspace/DeepfakeDetectionRenewed/data/vcc2020/audio/T17/task1/team17_intra-TEF2_SEF1_E30002.wav,1,VCC2020_T17,
train,__hf__,0,librispeech,185
train,__hf__,0,librispeech,7020
train,__hf__,0,librispeech,8043
train,__hf__,0,librispeech,26875
train,__hf__,0,librispeech,11415
train,/lambda/nfs/algovirginia/workspace/DeepfakeDetectionRenewed/data/vcc2020/audio/T32/task1/team32_intra-TEM1_SEF2_E30003.wav,1,VCC2020_T32,
train,__hf__,0,librispeech,11825
train,/lambda/nfs/algovirginia/workspace/DeepfakeDetectionRenewed/data/wavefake/generated_audio/ljspeech_melgan/LJ016-0197_gen.wav,1,ljspeech_melgan,
train,__hf__,0,librispeech,19282
train,__hf__,0,librispeech,347
train,__hf__,0,librispeech,26387
train,__hf__,0,librispeech,1295
train,/lambda/nfs/algovirginia/workspace/DeepfakeDetectionRenewed/data/wavefake/generated_audio/ljspeech_melgan/LJ032-0239_gen.wav,1,ljspeech_melgan,
train,/lambda/nfs/algovirginia/workspace/DeepfakeDetectionRenewed/data/wavefake/generated_audio/ljspeech_waveglow/LJ041-0003.wav,1,ljspeech_waveglow,
train,/lambda/nfs/algovirginia/workspace/DeepfakeDetectionRenewed/data/wavefake/generated_audio/ljspeech_melgan/LJ015-0224_gen.wav,1,ljspeech_melgan,
train,__hf__,0,librispeech,20089
train,__hf__,0,librispeech,15572
train,/lambda/nfs/algovirginia/workspace/DeepfakeDetectionRenewed/data/wavefake/generated_audio/ljspeech_melgan_large/LJ037-0002_gen.wav,1,ljspeech_melgan_large,
train,/lambda/nfs/algovirginia/workspace/DeepfakeDetectionRenewed/data/wavefake/generated_audio/ljspeech_parallel_wavegan/LJ018-0162_gen.wav,1,ljspeech_parallel_wavegan,
train,/lambda/nfs/algovirginia/workspace/DeepfakeDetectionRenewed/data/wavefake/generated_audio/ljspeech_melgan/LJ030-0098_gen.wav,1,ljspeech_melgan,
train,/lambda/nfs/algovirginia/workspace/DeepfakeDetectionRenewed/data/vcc2020/audio/T10/task1/team10_intra-TEF1_SEF1_E30004.wav,1,VCC2020_T10,
train,__hf__,0,librispeech,9207
train,/lambda/nfs/algovirginia/workspace/DeepfakeDetectionRenewed/data/wavefake/generated_audio/common_voices_prompts_from_conformer_fastspeech2_pwg_ljspeech/gen_9342.wav,1,common_voices_prompts_from_conformer_fastspeech2_pwg_ljspeech,
train,/lambda/nfs/algovirginia/workspace/DeepfakeDetectionRenewed/data/wavefake/generated_audio/ljspeech_melgan/LJ045-0131_gen.wav,1,ljspeech_melgan,
train,__hf__,0,librispeech,8000
train,__hf__,0,librispeech,20061
train,__hf__,0,librispeech,12672
train,__hf__,0,librispeech,16931
train,__hf__,0,librispeech,22189
train,__hf__,0,librispeech,1050
train,/lambda/nfs/algovirginia/workspace/DeepfakeDetectionRenewed/data/vcc2020/audio/T11/task1/team11_intra-TEF1_SEM1_E30005.wav,1,VCC2020_T11,
train,__hf__,0,librispeech,16455
train,__hf__,0,librispeech,12427
train,__hf__,0,librispeech,3524
train,__hf__,0,librispeech,18048
train,__hf__,0,librispeech,22386
train,/lambda/nfs/algovirginia/workspace/DeepfakeDetectionRenewed/data/vcc2020/audio/T01/task1/team01_intra-TEF1_SEF1_E30005.wav,1,VCC2020_T01,
train,/lambda/nfs/algovirginia/workspace/DeepfakeDetectionRenewed/data/vcc2020/audio/T18/task1/team18_intra-TEM1_SEM2_E30003.wav,1,VCC2020_T18,
train,/lambda/nfs/algovirginia/workspace/DeepfakeDetectionRenewed/data/wavefake/generated_audio/common_voices_prompts_from_conformer_fastspeech2_pwg_ljspeech/gen_7788.wav,1,common_voices_prompts_from_conformer_fastspeech2_pwg_ljspeech,
train,/lambda/nfs/algovirginia/workspace/DeepfakeDetectionRenewed/data/wavefake/generated_audio/ljspeech_full_band_melgan/LJ009-0131_gen.wav,1,ljspeech_full_band_melgan,
train,/lambda/nfs/algovirginia/workspace/DeepfakeDetectionRenewed/data/wavefake/generated_audio/ljspeech_full_band_melgan/LJ014-0247_gen.wav,1,ljspeech_full_band_melgan,
train,__hf__,0,librispeech,20516
train,__hf__,0,librispeech,11511
train,__hf__,0,librispeech,6380
train,__hf__,0,librispeech,28007
train,/lambda/nfs/algovirginia/workspace/DeepfakeDetectionRenewed/data/vcc2020/audio/T13/task1/team13_intra-TEM1_SEM1_E30001.wav,1,VCC2020_T13,
train,__hf__,0,librispeech,26781
train,/lambda/nfs/algovirginia/workspace/DeepfakeDetectionRenewed/data/wavefake/generated_audio/ljspeech_waveglow/LJ019-0151.wav,1,ljspeech_waveglow,
train,/lambda/nfs/algovirginia/workspace/DeepfakeDetectionRenewed/data/vcc2020/audio/T01/task1/team01_intra-TEM2_SEM2_E30001.wav,1,VCC2020_T01,
train,__hf__,0,librispeech,10131
train,__hf__,0,librispeech,20689
train,/lambda/nfs/algovirginia/workspace/DeepfakeDetectionRenewed/data/wavefake/generated_audio/ljspeech_waveglow/LJ039-0099.wav,1,ljspeech_waveglow,
train,__hf__,0,librispeech,9416
train,__hf__,0,librispeech,16957
train,__hf__,0,librispeech,22268
train,__hf__,0,librispeech,25395
train,__hf__,0,librispeech,11941
train,/lambda/nfs/algovirginia/workspace/DeepfakeDetectionRenewed/data/wavefake/generated_audio/common_voices_prompts_from_conformer_fastspeech2_pwg_ljspeech/gen_6380.wav,1,common_voices_prompts_from_conformer_fastspeech2_pwg_ljspeech,
train,__hf__,0,librispeech,10719
train,__hf__,0,librispeech,27981
train,/lambda/nfs/algovirginia/workspace/DeepfakeDetectionRenewed/data/wavefake/generated_audio/ljspeech_hifiGAN/LJ035-0093_generated.wav,1,ljspeech_hifiGAN,
train,__hf__,0,librispeech,11881
train,/lambda/nfs/algovirginia/workspace/DeepfakeDetectionRenewed/data/wavefake/generated_audio/ljspeech_waveglow/LJ003-0114.wav,1,ljspeech_waveglow,
train,__hf__,0,librispeech,27007
train,__hf__,0,librispeech,1728
train,/lambda/nfs/algovirginia/workspace/DeepfakeDetectionRenewed/data/wavefake/generated_audio/ljspeech_full_band_melgan/LJ025-0134_gen.wav,1,ljspeech_full_band_melgan,
train,/lambda/nfs/algovirginia/workspace/DeepfakeDetectionRenewed/data/wavefake/generated_audio/ljspeech_full_band_melgan/LJ009-0301_gen.wav,1,ljspeech_full_band_melgan,
train,/lambda/nfs/algovirginia/workspace/DeepfakeDetectionRenewed/data/wavefake/generated_audio/ljspeech_waveglow/LJ040-0085.wav,1,ljspeech_waveglow,
train,__hf__,0,librispeech,8751
train,/lambda/nfs/algovirginia/workspace/DeepfakeDetectionRenewed/data/vcc2020/audio/T12/task1/team12_intra-TEF1_SEF2_E30005.wav,1,VCC2020_T12,
train,__hf__,0,librispeech,24636
train,__hf__,0,librispeech,25601
train,__hf__,0,librispeech,1491
train,/lambda/nfs/algovirginia/workspace/DeepfakeDetectionRenewed/data/wavefake/generated_audio/ljspeech_full_band_melgan/LJ014-0134_gen.wav,1,ljspeech_full_band_melgan,
train,__hf__,0,librispeech,8797
train,__hf__,0,librispeech,26497
train,/lambda/nfs/algovirginia/workspace/DeepfakeDetectionRenewed/data/wavefake/generated_audio/common_voices_prompts_from_conformer_fastspeech2_pwg_ljspeech/gen_8728.wav,1,common_voices_prompts_from_conformer_fastspeech2_pwg_ljspeech,
train,__hf__,0,librispeech,10922
train,/lambda/nfs/algovirginia/workspace/DeepfakeDetectionRenewed/data/wavefake/generated_audio/ljspeech_parallel_wavegan/LJ050-0093_gen.wav,1,ljspeech_parallel_wavegan,
train,/lambda/nfs/algovirginia/workspace/DeepfakeDetectionRenewed/data/wavefake/generated_audio/ljspeech_melgan/LJ016-0267_gen.wav,1,ljspeech_melgan,
train,__hf__,0,librispeech,5420
train,__hf__,0,librispeech,19977
train,/lambda/nfs/algovirginia/workspace/DeepfakeDetectionRenewed/data/vcc2020/audio/T25/task1/team25_intra-TEM2_SEM2_E30004.wav,1,VCC2020_T25,
train,/lambda/nfs/algovirginia/workspace/DeepfakeDetectionRenewed/data/vcc2020/audio/T31/task1/team31_intra-TEM2_SEM1_E30001.wav,1,VCC2020_T31,
train,/lambda/nfs/algovirginia/workspace/DeepfakeDetectionRenewed/data/vcc2020/audio/T07/task1/team07_intra-TEF1_SEF1_E30005.wav,1,VCC2020_T07,
train,__hf__,0,librispeech,20588
train,/lambda/nfs/algovirginia/workspace/DeepfakeDetectionRenewed/data/wavefake/generated_audio/ljspeech_melgan/LJ044-0093_gen.wav,1,ljspeech_melgan,
train,__hf__,0,librispeech,7817
train,/lambda/nfs/algovirginia/workspace/DeepfakeDetectionRenewed/data/vcc2020/audio/T33/task1/team33_intra-TEM2_SEF1_E30002.wav,1,VCC2020_T33,
train,/lambda/nfs/algovirginia/workspace/DeepfakeDetectionRenewed/data/wavefake/generated_audio/ljspeech_parallel_wavegan/LJ017-0163_gen.wav,1,ljspeech_parallel_wavegan,
train,/lambda/nfs/algovirginia/workspace/DeepfakeDetectionRenewed/data/vcc2020/audio/T25/task1/team25_intra-TEM1_SEF1_E30003.wav,1,VCC2020_T25,
train,__hf__,0,librispeech,15573
train,__hf__,0,librispeech,24339
train,__hf__,0,librispeech,5936
train,__hf__,0,librispeech,16814
train,/lambda/nfs/algovirginia/workspace/DeepfakeDetectionRenewed/data/vcc2020/audio/T16/task1/team16_intra-TEF2_SEF2_E30005.wav,1,VCC2020_T16,
train,/lambda/nfs/algovirginia/workspace/DeepfakeDetectionRenewed/data/vcc2020/audio/T10/task1/team10_intra-TEF1_SEM1_E30001.wav,1,VCC2020_T10,
train,/lambda/nfs/algovirginia/workspace/DeepfakeDetectionRenewed/data/wavefake/generated_audio/ljspeech_multi_band_melgan/LJ030-0233_gen.wav,1,ljspeech_multi_band_melgan,
train,__hf__,0,librispeech,11687
train,__hf__,0,librispeech,10994
train,__hf__,0,librispeech,3243
train,/lambda/nfs/algovirginia/workspace/DeepfakeDetectionRenewed/data/vcc2020/audio/T20/task1/team20_intra-TEF2_SEM2_E30002.wav,1,VCC2020_T20,
train,__hf__,0,librispeech,9479
train,/lambda/nfs/algovirginia/workspace/DeepfakeDetectionRenewed/data/wavefake/generated_audio/ljspeech_multi_band_melgan/LJ014-0094_gen.wav,1,ljspeech_multi_band_melgan,
train,/lambda/nfs/algovirginia/workspace/DeepfakeDetectionRenewed/data/wavefake/generated_audio/ljspeech_waveglow/LJ014-0290.wav,1,ljspeech_waveglow,
train,/lambda/nfs/algovirginia/workspace/DeepfakeDetectionRenewed/data/wavefake/generated_audio/ljspeech_melgan_large/LJ023-0063_gen.wav,1,ljspeech_melgan_large,
train,/lambda/nfs/algovirginia/workspace/DeepfakeDetectionRenewed/data/wavefake/generated_audio/common_voices_prompts_from_conformer_fastspeech2_pwg_ljspeech/gen_6680.wav,1,common_voices_prompts_from_conformer_fastspeech2_pwg_ljspeech,
train,__hf__,0,librispeech,8811
train,/lambda/nfs/algovirginia/workspace/DeepfakeDetectionRenewed/data/vcc2020/audio/T21/task1/team21_intra-TEF2_SEM1_E30004.wav,1,VCC2020_T21,
train,__hf__,0,librispeech,334
train,__hf__,0,librispeech,19035
train,/lambda/nfs/algovirginia/workspace/DeepfakeDetectionRenewed/data/vcc2020/audio/T24/task1/team24_intra-TEF1_SEM1_E30003.wav,1,VCC2020_T24,
train,__hf__,0,librispeech,4325
train,/lambda/nfs/algovirginia/workspace/DeepfakeDetectionRenewed/data/wavefake/generated_audio/common_voices_prompts_from_conformer_fastspeech2_pwg_ljspeech/gen_1495.wav,1,common_voices_prompts_from_conformer_fastspeech2_pwg_ljspeech,
train,/lambda/nfs/algovirginia/workspace/DeepfakeDetectionRenewed/data/wavefake/generated_audio/ljspeech_full_band_melgan/LJ028-0180_gen.wav,1,ljspeech_full_band_melgan,
train,__hf__,0,librispeech,17880
train,/lambda/nfs/algovirginia/workspace/DeepfakeDetectionRenewed/data/vcc2020/audio/T10/task1/team10_intra-TEM1_SEF2_E30003.wav,1,VCC2020_T10,
train,/lambda/nfs/algovirginia/workspace/DeepfakeDetectionRenewed/data/vcc2020/audio/T19/task1/team19_intra-TEF2_SEF2_E30002.wav,1,VCC2020_T19,
train,__hf__,0,librispeech,18966
train,__hf__,0,librispeech,8882
train,/lambda/nfs/algovirginia/workspace/DeepfakeDetectionRenewed/data/wavefake/generated_audio/ljspeech_melgan/LJ032-0263_gen.wav,1,ljspeech_melgan,
train,__hf__,0,librispeech,10789
train,/lambda/nfs/algovirginia/workspace/DeepfakeDetectionRenewed/data/vcc2020/audio/T01/task1/team01_intra-TEF1_SEF1_E30002.wav,1,VCC2020_T01,
train,__hf__,0,librispeech,11068
train,/lambda/nfs/algovirginia/workspace/DeepfakeDetectionRenewed/data/vcc2020/audio/T24/task1/team24_intra-TEF1_SEF1_E30004.wav,1,VCC2020_T24,
train,/lambda/nfs/algovirginia/workspace/DeepfakeDetectionRenewed/data/vcc2020/audio/T11/task1/team11_intra-TEM2_SEM1_E30002.wav,1,VCC2020_T11,
train,__hf__,0,librispeech,5371
train,/lambda/nfs/algovirginia/workspace/DeepfakeDetectionRenewed/data/wavefake/generated_audio/common_voices_prompts_from_conformer_fastspeech2_pwg_ljspeech/gen_4279.wav,1,common_voices_prompts_from_conformer_fastspeech2_pwg_ljspeech,
train,__hf__,0,librispeech,4879
train,__hf__,0,librispeech,22951
train,/lambda/nfs/algovirginia/workspace/DeepfakeDetectionRenewed/data/wavefake/generated_audio/ljspeech_multi_band_melgan/LJ044-0198_gen.wav,1,ljspeech_multi_band_melgan,
train,__hf__,0,librispeech,5183
train,__hf__,0,librispeech,5847
train,__hf__,0,librispeech,15365
train,__hf__,0,librispeech,11449
train,/lambda/nfs/algovirginia/workspace/DeepfakeDetectionRenewed/data/vcc2020/audio/T12/task1/team12_intra-TEM1_SEF2_E30003.wav,1,VCC2020_T12,
train,__hf__,0,librispeech,9917
train,__hf__,0,librispeech,21293
train,__hf__,0,librispeech,27239
train,__hf__,0,librispeech,343
train,__hf__,0,librispeech,19134
train,__hf__,0,librispeech,2725
train,__hf__,0,librispeech,22332
train,__hf__,0,librispeech,25929
train,/lambda/nfs/algovirginia/workspace/DeepfakeDetectionRenewed/data/vcc2020/audio/T02/task1/team02_intra-TEM2_SEF1_E30004.wav,1,VCC2020_T02,
train,__hf__,0,librispeech,5628
train,__hf__,0,librispeech,7170
train,__hf__,0,librispeech,14273
train,/lambda/nfs/algovirginia/workspace/DeepfakeDetectionRenewed/data/vcc2020/audio/T07/task1/team07_intra-TEM1_SEF1_E30001.wav,1,VCC2020_T07,
train,/lambda/nfs/algovirginia/workspace/DeepfakeDetectionRenewed/data/wavefake/generated_audio/ljspeech_parallel_wavegan/LJ012-0115_gen.wav,1,ljspeech_parallel_wavegan,
train,/lambda/nfs/algovirginia/workspace/DeepfakeDetectionRenewed/data/wavefake/generated_audio/ljspeech_parallel_wavegan/LJ010-0096_gen.wav,1,ljspeech_parallel_wavegan,
train,__hf__,0,librispeech,9425
train,__hf__,0,librispeech,19100
train,__hf__,0,librispeech,23502
train,/lambda/nfs/algovirginia/workspace/DeepfakeDetectionRenewed/data/vcc2020/audio/T21/task1/team21_intra-TEF1_SEF1_E30002.wav,1,VCC2020_T21,
train,/lambda/nfs/algovirginia/workspace/DeepfakeDetectionRenewed/data/vcc2020/audio/T31/task1/team31_intra-TEM1_SEF1_E30002.wav,1,VCC2020_T31,
train,/lambda/nfs/algovirginia/workspace/DeepfakeDetectionRenewed/data/vcc2020/audio/T24/task1/team24_intra-TEM1_SEF2_E30005.wav,1,VCC2020_T24,
train,/lambda/nfs/algovirginia/workspace/DeepfakeDetectionRenewed/data/wavefake/generated_audio/ljspeech_melgan/LJ047-0094_gen.wav,1,ljspeech_melgan,
train,/lambda/nfs/algovirginia/workspace/DeepfakeDetectionRenewed/data/vcc2020/audio/T29/task1/team29_intra-TEF1_SEM1_E30002.wav,1,VCC2020_T29,
train,__hf__,0,librispeech,24111
train,__hf__,0,librispeech,11621
train,__hf__,0,librispeech,26199
train,/lambda/nfs/algovirginia/workspace/DeepfakeDetectionRenewed/data/vcc2020/audio/T33/task1/team33_intra-TEF2_SEM1_E30005.wav,1,VCC2020_T33,
train,__hf__,0,librispeech,21823
train,__hf__,0,librispeech,9819
train,__hf__,0,librispeech,14069
train,/lambda/nfs/algovirginia/workspace/DeepfakeDetectionRenewed/data/vcc2020/audio/T26/task1/team26_intra-TEM2_SEM1_E30001.wav,1,VCC2020_T26,
train,/lambda/nfs/algovirginia/workspace/DeepfakeDetectionRenewed/data/vcc2020/audio/T16/task1/team16_intra-TEF2_SEF2_E30003.wav,1,VCC2020_T16,
train,__hf__,0,librispeech,8762
train,/lambda/nfs/algovirginia/workspace/DeepfakeDetectionRenewed/data/wavefake/generated_audio/ljspeech_waveglow/LJ001-0157.wav,1,ljspeech_waveglow,
train,__hf__,0,librispeech,1952
train,__hf__,0,librispeech,16014
train,__hf__,0,librispeech,22917
train,__hf__,0,librispeech,11746
train,/lambda/nfs/algovirginia/workspace/DeepfakeDetectionRenewed/data/vcc2020/audio/T14/task1/team14_intra-TEF1_SEM2_E30002.wav,1,VCC2020_T14,
train,/lambda/nfs/algovirginia/workspace/DeepfakeDetectionRenewed/data/wavefake/generated_audio/ljspeech_full_band_melgan/LJ047-0023_gen.wav,1,ljspeech_full_band_melgan,
train,__hf__,0,librispeech,9113
train,/lambda/nfs/algovirginia/workspace/DeepfakeDetectionRenewed/data/vcc2020/audio/T09/task1/team09_intra-TEM1_SEF2_E30004.wav,1,VCC2020_T09,
train,/lambda/nfs/algovirginia/workspace/DeepfakeDetectionRenewed/data/vcc2020/audio/T18/task1/team18_intra-TEF1_SEF1_E30005.wav,1,VCC2020_T18,
train,__hf__,0,librispeech,30
train,/lambda/nfs/algovirginia/workspace/DeepfakeDetectionRenewed/data/wavefake/generated_audio/ljspeech_multi_band_melgan/LJ012-0102_gen.wav,1,ljspeech_multi_band_melgan,
train,/lambda/nfs/algovirginia/workspace/DeepfakeDetectionRenewed/data/vcc2020/audio/T19/task1/team19_intra-TEF2_SEM1_E30003.wav,1,VCC2020_T19,
train,/lambda/nfs/algovirginia/workspace/DeepfakeDetectionRenewed/data/wavefake/generated_audio/ljspeech_full_band_melgan/LJ038-0283_gen.wav,1,ljspeech_full_band_melgan,
train,/lambda/nfs/algovirginia/workspace/DeepfakeDetectionRenewed/data/wavefake/generated_audio/common_voices_prompts_from_conformer_fastspeech2_pwg_ljspeech/gen_2605.wav,1,common_voices_prompts_from_conformer_fastspeech2_pwg_ljspeech,
train,/lambda/nfs/algovirginia/workspace/DeepfakeDetectionRenewed/data/wavefake/generated_audio/ljspeech_full_band_melgan/LJ049-0139_gen.wav,1,ljspeech_full_band_melgan,
train,/lambda/nfs/algovirginia/workspace/DeepfakeDetectionRenewed/data/vcc2020/audio/T22/task1/team22_intra-TEM1_SEF2_E30002.wav,1,VCC2020_T22,
train,/lambda/nfs/algovirginia/workspace/DeepfakeDetectionRenewed/data/wavefake/generated_audio/ljspeech_waveglow/LJ012-0198.wav,1,ljspeech_waveglow,
train,__hf__,0,librispeech,12617
train,__hf__,0,librispeech,24300
train,/lambda/nfs/algovirginia/workspace/DeepfakeDetectionRenewed/data/wavefake/generated_audio/common_voices_prompts_from_conformer_fastspeech2_pwg_ljspeech/gen_9790.wav,1,common_voices_prompts_from_conformer_fastspeech2_pwg_ljspeech,
train,__hf__,0,librispeech,16200
train,__hf__,0,librispeech,4418
train,__hf__,0,librispeech,25267
train,__hf__,0,librispeech,7367
train,/lambda/nfs/algovirginia/workspace/DeepfakeDetectionRenewed/data/vcc2020/audio/T32/task1/team32_intra-TEF2_SEM1_E30001.wav,1,VCC2020_T32,
train,/lambda/nfs/algovirginia/workspace/DeepfakeDetectionRenewed/data/wavefake/generated_audio/ljspeech_waveglow/LJ048-0155.wav,1,ljspeech_waveglow,
train,__hf__,0,librispeech,8072
train,__hf__,0,librispeech,27543
train,__hf__,0,librispeech,27100
train,/lambda/nfs/algovirginia/workspace/DeepfakeDetectionRenewed/data/wavefake/generated_audio/common_voices_prompts_from_conformer_fastspeech2_pwg_ljspeech/gen_12157.wav,1,common_voices_prompts_from_conformer_fastspeech2_pwg_ljspeech,
train,__hf__,0,librispeech,202
train,__hf__,0,librispeech,21752
train,/lambda/nfs/algovirginia/workspace/DeepfakeDetectionRenewed/data/wavefake/generated_audio/ljspeech_melgan_large/LJ041-0003_gen.wav,1,ljspeech_melgan_large,
train,/lambda/nfs/algovirginia/workspace/DeepfakeDetectionRenewed/data/wavefake/generated_audio/ljspeech_full_band_melgan/LJ002-0268_gen.wav,1,ljspeech_full_band_melgan,
train,/lambda/nfs/algovirginia/workspace/DeepfakeDetectionRenewed/data/wavefake/generated_audio/ljspeech_melgan_large/LJ038-0164_gen.wav,1,ljspeech_melgan_large,
train,__hf__,0,librispeech,6255
train,__hf__,0,librispeech,4349
train,/lambda/nfs/algovirginia/workspace/DeepfakeDetectionRenewed/data/wavefake/generated_audio/ljspeech_full_band_melgan/LJ006-0219_gen.wav,1,ljspeech_full_band_melgan,
train,/lambda/nfs/algovirginia/workspace/DeepfakeDetectionRenewed/data/vcc2020/audio/T28/task1/team28_intra-TEF1_SEF1_E30005.wav,1,VCC2020_T28,
train,__hf__,0,librispeech,178
train,/lambda/nfs/algovirginia/workspace/DeepfakeDetectionRenewed/data/vcc2020/audio/T11/task1/team11_intra-TEF1_SEF1_E30005.wav,1,VCC2020_T11,
train,/lambda/nfs/algovirginia/workspace/DeepfakeDetectionRenewed/data/wavefake/generated_audio/ljspeech_full_band_melgan/LJ050-0128_gen.wav,1,ljspeech_full_band_melgan,
train,/lambda/nfs/algovirginia/workspace/DeepfakeDetectionRenewed/data/wavefake/generated_audio/ljspeech_full_band_melgan/LJ010-0312_gen.wav,1,ljspeech_full_band_melgan,
train,__hf__,0,librispeech,11141
train,/lambda/nfs/algovirginia/workspace/DeepfakeDetectionRenewed/data/wavefake/generated_audio/ljspeech_hifiGAN/LJ049-0099_generated.wav,1,ljspeech_hifiGAN,
train,/lambda/nfs/algovirginia/workspace/DeepfakeDetectionRenewed/data/wavefake/generated_audio/ljspeech_melgan/LJ006-0218_gen.wav,1,ljspeech_melgan,
train,__hf__,0,librispeech,13928
train,__hf__,0,librispeech,5626
train,__hf__,0,librispeech,16623
train,__hf__,0,librispeech,10169
train,__hf__,0,librispeech,20540
train,__hf__,0,librispeech,8685
train,__hf__,0,librispeech,25705
train,/lambda/nfs/algovirginia/workspace/DeepfakeDetectionRenewed/data/vcc2020/audio/T26/task1/team26_intra-TEF2_SEM1_E30005.wav,1,VCC2020_T26,
train,__hf__,0,librispeech,12433
train,/lambda/nfs/algovirginia/workspace/DeepfakeDetectionRenewed/data/wavefake/generated_audio/ljspeech_multi_band_melgan/LJ016-0369_gen.wav,1,ljspeech_multi_band_melgan,
train,/lambda/nfs/algovirginia/workspace/DeepfakeDetectionRenewed/data/vcc2020/audio/T17/task1/team17_intra-TEM1_SEM1_E30003.wav,1,VCC2020_T17,
train,__hf__,0,librispeech,4078
train,/lambda/nfs/algovirginia/workspace/DeepfakeDetectionRenewed/data/wavefake/generated_audio/ljspeech_hifiGAN/LJ032-0008_generated.wav,1,ljspeech_hifiGAN,
train,__hf__,0,librispeech,6572
train,/lambda/nfs/algovirginia/workspace/DeepfakeDetectionRenewed/data/vcc2020/audio/T22/task1/team22_intra-TEM1_SEM1_E30003.wav,1,VCC2020_T22,
train,__hf__,0,librispeech,19157
train,/lambda/nfs/algovirginia/workspace/DeepfakeDetectionRenewed/data/vcc2020/audio/T26/task1/team26_intra-TEF2_SEM2_E30002.wav,1,VCC2020_T26,
train,__hf__,0,librispeech,27163
train,__hf__,0,librispeech,206
train,__hf__,0,librispeech,14586
train,__hf__,0,librispeech,17987
train,/lambda/nfs/algovirginia/workspace/DeepfakeDetectionRenewed/data/vcc2020/audio/T13/task1/team13_intra-TEM2_SEF2_E30003.wav,1,VCC2020_T13,
train,__hf__,0,librispeech,28018
train,__hf__,0,librispeech,23824
train,/lambda/nfs/algovirginia/workspace/DeepfakeDetectionRenewed/data/vcc2020/audio/T04/task1/team04_intra-TEM1_SEF2_E30005.wav,1,VCC2020_T04,
train,__hf__,0,librispeech,4969
train,__hf__,0,librispeech,12382
train,__hf__,0,librispeech,3804
train,/lambda/nfs/algovirginia/workspace/DeepfakeDetectionRenewed/data/wavefake/generated_audio/common_voices_prompts_from_conformer_fastspeech2_pwg_ljspeech/gen_2491.wav,1,common_voices_prompts_from_conformer_fastspeech2_pwg_ljspeech,
train,__hf__,0,librispeech,7650
train,/lambda/nfs/algovirginia/workspace/DeepfakeDetectionRenewed/data/vcc2020/audio/T03/task1/team03_intra-TEF1_SEF2_E30002.wav,1,VCC2020_T03,
train,__hf__,0,librispeech,10628
train,/lambda/nfs/algovirginia/workspace/DeepfakeDetectionRenewed/data/vcc2020/audio/T23/task1/team23_intra-TEF2_SEF1_E30003.wav,1,VCC2020_T23,
train,/lambda/nfs/algovirginia/workspace/DeepfakeDetectionRenewed/data/vcc2020/audio/T06/task1/team06_intra-TEF1_SEF2_E30005.wav,1,VCC2020_T06,
train,/lambda/nfs/algovirginia/workspace/DeepfakeDetectionRenewed/data/wavefake/generated_audio/ljspeech_melgan/LJ004-0214_gen.wav,1,ljspeech_melgan,
train,__hf__,0,librispeech,15456
train,/lambda/nfs/algovirginia/workspace/DeepfakeDetectionRenewed/data/wavefake/generated_audio/ljspeech_melgan/LJ038-0126_gen.wav,1,ljspeech_melgan,
train,/lambda/nfs/algovirginia/workspace/DeepfakeDetectionRenewed/data/vcc2020/audio/T03/task1/team03_intra-TEF2_SEM2_E30004.wav,1,VCC2020_T03,
train,__hf__,0,librispeech,3918
train,/lambda/nfs/algovirginia/workspace/DeepfakeDetectionRenewed/data/wavefake/generated_audio/ljspeech_melgan/LJ014-0271_gen.wav,1,ljspeech_melgan,
train,__hf__,0,librispeech,20472
train,__hf__,0,librispeech,25035
train,/lambda/nfs/algovirginia/workspace/DeepfakeDetectionRenewed/data/wavefake/generated_audio/common_voices_prompts_from_conformer_fastspeech2_pwg_ljspeech/gen_1779.wav,1,common_voices_prompts_from_conformer_fastspeech2_pwg_ljspeech,
train,/lambda/nfs/algovirginia/workspace/DeepfakeDetectionRenewed/data/vcc2020/audio/T28/task1/team28_intra-TEM1_SEF1_E30002.wav,1,VCC2020_T28,
train,__hf__,0,librispeech,20394
train,/lambda/nfs/algovirginia/workspace/DeepfakeDetectionRenewed/data/wavefake/generated_audio/common_voices_prompts_from_conformer_fastspeech2_pwg_ljspeech/gen_8687.wav,1,common_voices_prompts_from_conformer_fastspeech2_pwg_ljspeech,
train,/lambda/nfs/algovirginia/workspace/DeepfakeDetectionRenewed/data/vcc2020/audio/T19/task1/team19_intra-TEF1_SEF2_E30004.wav,1,VCC2020_T19,
train,__hf__,0,librispeech,298
train,/lambda/nfs/algovirginia/workspace/DeepfakeDetectionRenewed/data/vcc2020/audio/T19/task1/team19_intra-TEM2_SEM1_E30003.wav,1,VCC2020_T19,
train,__hf__,0,librispeech,27093
train,/lambda/nfs/algovirginia/workspace/DeepfakeDetectionRenewed/data/vcc2020/audio/T12/task1/team12_intra-TEM1_SEM1_E30002.wav,1,VCC2020_T12,
train,__hf__,0,librispeech,23003
train,__hf__,0,librispeech,4414
train,/lambda/nfs/algovirginia/workspace/DeepfakeDetectionRenewed/data/vcc2020/audio/T29/task1/team29_intra-TEF1_SEM1_E30005.wav,1,VCC2020_T29,
train,/lambda/nfs/algovirginia/workspace/DeepfakeDetectionRenewed/data/vcc2020/audio/T33/task1/team33_intra-TEF1_SEM2_E30001.wav,1,VCC2020_T33,
train,__hf__,0,librispeech,1137
train,__hf__,0,librispeech,3481
train,/lambda/nfs/algovirginia/workspace/DeepfakeDetectionRenewed/data/wavefake/generated_audio/ljspeech_hifiGAN/LJ031-0044_generated.wav,1,ljspeech_hifiGAN,
train,__hf__,0,librispeech,10362
train,__hf__,0,librispeech,8509
train,__hf__,0,librispeech,16192
train,/lambda/nfs/algovirginia/workspace/DeepfakeDetectionRenewed/data/vcc2020/audio/T28/task1/team28_intra-TEM2_SEM1_E30004.wav,1,VCC2020_T28,
train,/lambda/nfs/algovirginia/workspace/DeepfakeDetectionRenewed/data/wavefake/generated_audio/ljspeech_parallel_wavegan/LJ012-0207_gen.wav,1,ljspeech_parallel_wavegan,
train,/lambda/nfs/algovirginia/workspace/DeepfakeDetectionRenewed/data/wavefake/generated_audio/ljspeech_melgan_large/LJ013-0072_gen.wav,1,ljspeech_melgan_large,
train,/lambda/nfs/algovirginia/workspace/DeepfakeDetectionRenewed/data/vcc2020/audio/T30/task1/team30_intra-TEF2_SEF2_E30001.wav,1,VCC2020_T30,
train,__hf__,0,librispeech,266
train,__hf__,0,librispeech,22311
train,/lambda/nfs/algovirginia/workspace/DeepfakeDetectionRenewed/data/vcc2020/audio/T19/task1/team19_intra-TEF1_SEM2_E30003.wav,1,VCC2020_T19,
train,__hf__,0,librispeech,25288
train,/lambda/nfs/algovirginia/workspace/DeepfakeDetectionRenewed/data/wavefake/generated_audio/common_voices_prompts_from_conformer_fastspeech2_pwg_ljspeech/gen_4060.wav,1,common_voices_prompts_from_conformer_fastspeech2_pwg_ljspeech,
train,__hf__,0,librispeech,11152
train,__hf__,0,librispeech,12218
train,/lambda/nfs/algovirginia/workspace/DeepfakeDetectionRenewed/data/vcc2020/audio/T25/task1/team25_intra-TEM1_SEM2_E30002.wav,1,VCC2020_T25,
train,/lambda/nfs/algovirginia/workspace/DeepfakeDetectionRenewed/data/vcc2020/audio/T23/task1/team23_intra-TEF1_SEM2_E30003.wav,1,VCC2020_T23,
train,/lambda/nfs/algovirginia/workspace/DeepfakeDetectionRenewed/data/vcc2020/audio/T30/task1/team30_intra-TEM1_SEF2_E30004.wav,1,VCC2020_T30,
train,__hf__,0,librispeech,12308
train,__hf__,0,librispeech,20822
train,__hf__,0,librispeech,1296
train,__hf__,0,librispeech,21393
train,/lambda/nfs/algovirginia/workspace/DeepfakeDetectionRenewed/data/vcc2020/audio/T03/task1/team03_intra-TEF2_SEM2_E30001.wav,1,VCC2020_T03,
train,__hf__,0,librispeech,8954
train,__hf__,0,librispeech,14376
train,__hf__,0,librispeech,27224
train,__hf__,0,librispeech,570
train,/lambda/nfs/algovirginia/workspace/DeepfakeDetectionRenewed/data/wavefake/generated_audio/ljspeech_multi_band_melgan/LJ013-0116_gen.wav,1,ljspeech_multi_band_melgan,
train,__hf__,0,librispeech,26062
train,/lambda/nfs/algovirginia/workspace/DeepfakeDetectionRenewed/data/wavefake/generated_audio/common_voices_prompts_from_conformer_fastspeech2_pwg_ljspeech/gen_14551.wav,1,common_voices_prompts_from_conformer_fastspeech2_pwg_ljspeech,
train,/lambda/nfs/algovirginia/workspace/DeepfakeDetectionRenewed/data/wavefake/generated_audio/ljspeech_multi_band_melgan/LJ033-0154_gen.wav,1,ljspeech_multi_band_melgan,
train,/lambda/nfs/algovirginia/workspace/DeepfakeDetectionRenewed/data/wavefake/generated_audio/ljspeech_multi_band_melgan/LJ027-0005_gen.wav,1,ljspeech_multi_band_melgan,
train,__hf__,0,librispeech,3366
train,/lambda/nfs/algovirginia/workspace/DeepfakeDetectionRenewed/data/vcc2020/audio/T27/task1/team27_intra-TEF2_SEM2_E30001.wav,1,VCC2020_T27,
train,/lambda/nfs/algovirginia/workspace/DeepfakeDetectionRenewed/data/wavefake/generated_audio/common_voices_prompts_from_conformer_fastspeech2_pwg_ljspeech/gen_5418.wav,1,common_voices_prompts_from_conformer_fastspeech2_pwg_ljspeech,
train,__hf__,0,librispeech,4728
train,/lambda/nfs/algovirginia/workspace/DeepfakeDetectionRenewed/data/wavefake/generated_audio/ljspeech_melgan/LJ028-0432_gen.wav,1,ljspeech_melgan,
train,/lambda/nfs/algovirginia/workspace/DeepfakeDetectionRenewed/data/wavefake/generated_audio/common_voices_prompts_from_conformer_fastspeech2_pwg_ljspeech/gen_7045.wav,1,common_voices_prompts_from_conformer_fastspeech2_pwg_ljspeech,
train,/lambda/nfs/algovirginia/workspace/DeepfakeDetectionRenewed/data/vcc2020/audio/T22/task1/team22_intra-TEF2_SEF2_E30004.wav,1,VCC2020_T22,
train,/lambda/nfs/algovirginia/workspace/DeepfakeDetectionRenewed/data/wavefake/generated_audio/ljspeech_multi_band_melgan/LJ049-0189_gen.wav,1,ljspeech_multi_band_melgan,
train,__hf__,0,librispeech,3662
train,__hf__,0,librispeech,15902
train,/lambda/nfs/algovirginia/workspace/DeepfakeDetectionRenewed/data/vcc2020/audio/T25/task1/team25_intra-TEF1_SEF1_E30005.wav,1,VCC2020_T25,
train,__hf__,0,librispeech,21559
train,/lambda/nfs/algovirginia/workspace/DeepfakeDetectionRenewed/data/wavefake/generated_audio/ljspeech_hifiGAN/LJ015-0254_generated.wav,1,ljspeech_hifiGAN,
train,__hf__,0,librispeech,26599
train,__hf__,0,librispeech,3263
train,/lambda/nfs/algovirginia/workspace/DeepfakeDetectionRenewed/data/vcc2020/audio/T30/task1/team30_intra-TEM1_SEF2_E30003.wav,1,VCC2020_T30,
train,__hf__,0,librispeech,21043
train,/lambda/nfs/algovirginia/workspace/DeepfakeDetectionRenewed/data/wavefake/generated_audio/ljspeech_melgan/LJ002-0105_gen.wav,1,ljspeech_melgan,
train,__hf__,0,librispeech,342
train,__hf__,0,librispeech,24698
train,__hf__,0,librispeech,23217
train,__hf__,0,librispeech,13535
train,/lambda/nfs/algovirginia/workspace/DeepfakeDetectionRenewed/data/wavefake/generated_audio/ljspeech_melgan/LJ004-0145_gen.wav,1,ljspeech_melgan,
train,/lambda/nfs/algovirginia/workspace/DeepfakeDetectionRenewed/data/vcc2020/audio/T08/task1/team08_intra-TEF2_SEM1_E30004.wav,1,VCC2020_T08,
train,__hf__,0,librispeech,11077
train,/lambda/nfs/algovirginia/workspace/DeepfakeDetectionRenewed/data/wavefake/generated_audio/ljspeech_multi_band_melgan/LJ038-0050_gen.wav,1,ljspeech_multi_band_melgan,
train,__hf__,0,librispeech,18137
train,__hf__,0,librispeech,27034
train,__hf__,0,librispeech,23800
train,__hf__,0,librispeech,1432
train,__hf__,0,librispeech,3194
train,/lambda/nfs/algovirginia/workspace/DeepfakeDetectionRenewed/data/vcc2020/audio/T09/task1/team09_intra-TEM1_SEF2_E30001.wav,1,VCC2020_T09,
train,/lambda/nfs/algovirginia/workspace/DeepfakeDetectionRenewed/data/wavefake/generated_audio/ljspeech_multi_band_melgan/LJ035-0052_gen.wav,1,ljspeech_multi_band_melgan,
train,/lambda/nfs/algovirginia/workspace/DeepfakeDetectionRenewed/data/wavefake/generated_audio/common_voices_prompts_from_conformer_fastspeech2_pwg_ljspeech/gen_2453.wav,1,common_voices_prompts_from_conformer_fastspeech2_pwg_ljspeech,
train,/lambda/nfs/algovirginia/workspace/DeepfakeDetectionRenewed/data/wavefake/generated_audio/common_voices_prompts_from_conformer_fastspeech2_pwg_ljspeech/gen_10969.wav,1,common_voices_prompts_from_conformer_fastspeech2_pwg_ljspeech,
train,__hf__,0,librispeech,9194
train,__hf__,0,librispeech,2833
train,__hf__,0,librispeech,26066
train,/lambda/nfs/algovirginia/workspace/DeepfakeDetectionRenewed/data/vcc2020/audio/T18/task1/team18_intra-TEF2_SEM1_E30005.wav,1,VCC2020_T18,
train,__hf__,0,librispeech,25178
train,/lambda/nfs/algovirginia/workspace/DeepfakeDetectionRenewed/data/vcc2020/audio/T25/task1/team25_intra-TEM2_SEF1_E30002.wav,1,VCC2020_T25,
train,/lambda/nfs/algovirginia/workspace/DeepfakeDetectionRenewed/data/vcc2020/audio/T01/task1/team01_intra-TEF2_SEF1_E30003.wav,1,VCC2020_T01,
train,__hf__,0,librispeech,14264
train,/lambda/nfs/algovirginia/workspace/DeepfakeDetectionRenewed/data/wavefake/generated_audio/ljspeech_parallel_wavegan/LJ043-0183_gen.wav,1,ljspeech_parallel_wavegan,
train,__hf__,0,librispeech,22121
train,__hf__,0,librispeech,12649
train,/lambda/nfs/algovirginia/workspace/DeepfakeDetectionRenewed/data/wavefake/generated_audio/ljspeech_full_band_melgan/LJ003-0278_gen.wav,1,ljspeech_full_band_melgan,
train,__hf__,0,librispeech,24945
train,/lambda/nfs/algovirginia/workspace/DeepfakeDetectionRenewed/data/vcc2020/audio/T01/task1/team01_intra-TEM1_SEF1_E30005.wav,1,VCC2020_T01,
train,__hf__,0,librispeech,19011
train,__hf__,0,librispeech,11057
train,/lambda/nfs/algovirginia/workspace/DeepfakeDetectionRenewed/data/wavefake/generated_audio/ljspeech_hifiGAN/LJ028-0173_generated.wav,1,ljspeech_hifiGAN,
train,/lambda/nfs/algovirginia/workspace/DeepfakeDetectionRenewed/data/vcc2020/audio/T28/task1/team28_intra-TEM2_SEM2_E30005.wav,1,VCC2020_T28,
train,/lambda/nfs/algovirginia/workspace/DeepfakeDetectionRenewed/data/vcc2020/audio/T20/task1/team20_intra-TEF2_SEM1_E30004.wav,1,VCC2020_T20,
train,/lambda/nfs/algovirginia/workspace/DeepfakeDetectionRenewed/data/wavefake/generated_audio/ljspeech_melgan/LJ002-0203_gen.wav,1,ljspeech_melgan,
train,/lambda/nfs/algovirginia/workspace/DeepfakeDetectionRenewed/data/wavefake/generated_audio/ljspeech_melgan_large/LJ003-0017_gen.wav,1,ljspeech_melgan_large,
train,__hf__,0,librispeech,1970
train,__hf__,0,librispeech,4428
train,/lambda/nfs/algovirginia/workspace/DeepfakeDetectionRenewed/data/vcc2020/audio/T30/task1/team30_intra-TEM2_SEF2_E30003.wav,1,VCC2020_T30,
train,__hf__,0,librispeech,21225
train,/lambda/nfs/algovirginia/workspace/DeepfakeDetectionRenewed/data/wavefake/generated_audio/ljspeech_parallel_wavegan/LJ015-0014_gen.wav,1,ljspeech_parallel_wavegan,
train,__hf__,0,librispeech,23464
train,__hf__,0,librispeech,16809
train,__hf__,0,librispeech,9990
train,__hf__,0,librispeech,24127
train,/lambda/nfs/algovirginia/workspace/DeepfakeDetectionRenewed/data/wavefake/generated_audio/ljspeech_full_band_melgan/LJ034-0218_gen.wav,1,ljspeech_full_band_melgan,
train,/lambda/nfs/algovirginia/workspace/DeepfakeDetectionRenewed/data/wavefake/generated_audio/ljspeech_multi_band_melgan/LJ050-0062_gen.wav,1,ljspeech_multi_band_melgan,
train,__hf__,0,librispeech,510
train,__hf__,0,librispeech,27068
train,/lambda/nfs/algovirginia/workspace/DeepfakeDetectionRenewed/data/vcc2020/audio/T09/task1/team09_intra-TEF2_SEM2_E30003.wav,1,VCC2020_T09,
train,__hf__,0,librispeech,10755
train,__hf__,0,librispeech,9992
train,__hf__,0,librispeech,24255
train,/lambda/nfs/algovirginia/workspace/DeepfakeDetectionRenewed/data/vcc2020/audio/T06/task1/team06_intra-TEF1_SEF2_E30001.wav,1,VCC2020_T06,
train,/lambda/nfs/algovirginia/workspace/DeepfakeDetectionRenewed/data/vcc2020/audio/T10/task1/team10_intra-TEM2_SEF2_E30003.wav,1,VCC2020_T10,
train,__hf__,0,librispeech,12917
train,__hf__,0,librispeech,9927
train,/lambda/nfs/algovirginia/workspace/DeepfakeDetectionRenewed/data/vcc2020/audio/T30/task1/team30_intra-TEM1_SEF2_E30005.wav,1,VCC2020_T30,
train,/lambda/nfs/algovirginia/workspace/DeepfakeDetectionRenewed/data/vcc2020/audio/T20/task1/team20_intra-TEF1_SEF2_E30003.wav,1,VCC2020_T20,
train,/lambda/nfs/algovirginia/workspace/DeepfakeDetectionRenewed/data/wavefake/generated_audio/ljspeech_hifiGAN/LJ020-0097_generated.wav,1,ljspeech_hifiGAN,
train,__hf__,0,librispeech,15366
train,__hf__,0,librispeech,16628
train,__hf__,0,librispeech,3586
train,/lambda/nfs/algovirginia/workspace/DeepfakeDetectionRenewed/data/vcc2020/audio/T26/task1/team26_intra-TEM1_SEF1_E30004.wav,1,VCC2020_T26,
train,/lambda/nfs/algovirginia/workspace/DeepfakeDetectionRenewed/data/vcc2020/audio/T28/task1/team28_intra-TEM2_SEF1_E30002.wav,1,VCC2020_T28,
train,/lambda/nfs/algovirginia/workspace/DeepfakeDetectionRenewed/data/wavefake/generated_audio/ljspeech_multi_band_melgan/LJ034-0151_gen.wav,1,ljspeech_multi_band_melgan,
train,/lambda/nfs/algovirginia/workspace/DeepfakeDetectionRenewed/data/wavefake/generated_audio/ljspeech_hifiGAN/LJ014-0047_generated.wav,1,ljspeech_hifiGAN,
train,__hf__,0,librispeech,19202
train,__hf__,0,librispeech,1822
train,/lambda/nfs/algovirginia/workspace/DeepfakeDetectionRenewed/data/wavefake/generated_audio/ljspeech_parallel_wavegan/LJ028-0072_gen.wav,1,ljspeech_parallel_wavegan,
train,/lambda/nfs/algovirginia/workspace/DeepfakeDetectionRenewed/data/vcc2020/audio/T12/task1/team12_intra-TEF1_SEM1_E30001.wav,1,VCC2020_T12,
train,__hf__,0,librispeech,17284
train,/lambda/nfs/algovirginia/workspace/DeepfakeDetectionRenewed/data/vcc2020/audio/T18/task1/team18_intra-TEM2_SEM2_E30001.wav,1,VCC2020_T18,
train,/lambda/nfs/algovirginia/workspace/DeepfakeDetectionRenewed/data/wavefake/generated_audio/ljspeech_melgan_large/LJ033-0064_gen.wav,1,ljspeech_melgan_large,
train,/lambda/nfs/algovirginia/workspace/DeepfakeDetectionRenewed/data/wavefake/generated_audio/ljspeech_melgan_large/LJ046-0100_gen.wav,1,ljspeech_melgan_large,
train,__hf__,0,librispeech,25948
train,__hf__,0,librispeech,8524
train,__hf__,0,librispeech,6389
train,/lambda/nfs/algovirginia/workspace/DeepfakeDetectionRenewed/data/vcc2020/audio/T14/task1/team14_intra-TEM1_SEM1_E30002.wav,1,VCC2020_T14,
train,/lambda/nfs/algovirginia/workspace/DeepfakeDetectionRenewed/data/wavefake/generated_audio/ljspeech_parallel_wavegan/LJ004-0185_gen.wav,1,ljspeech_parallel_wavegan,
train,__hf__,0,librispeech,5202
train,__hf__,0,librispeech,10358
train,__hf__,0,librispeech,26593
train,__hf__,0,librispeech,17864
train,/lambda/nfs/algovirginia/workspace/DeepfakeDetectionRenewed/data/vcc2020/audio/T33/task1/team33_intra-TEF2_SEF2_E30001.wav,1,VCC2020_T33,
train,/lambda/nfs/algovirginia/workspace/DeepfakeDetectionRenewed/data/vcc2020/audio/T09/task1/team09_intra-TEM1_SEM2_E30001.wav,1,VCC2020_T09,
train,__hf__,0,librispeech,11578
train,__hf__,0,librispeech,538
train,/lambda/nfs/algovirginia/workspace/DeepfakeDetectionRenewed/data/vcc2020/audio/T03/task1/team03_intra-TEM1_SEM2_E30004.wav,1,VCC2020_T03,
train,__hf__,0,librispeech,18909
train,__hf__,0,librispeech,20068
train,/lambda/nfs/algovirginia/workspace/DeepfakeDetectionRenewed/data/wavefake/generated_audio/ljspeech_hifiGAN/LJ046-0230_generated.wav,1,ljspeech_hifiGAN,
train,__hf__,0,librispeech,9464
train,__hf__,0,librispeech,24284
train,/lambda/nfs/algovirginia/workspace/DeepfakeDetectionRenewed/data/vcc2020/audio/T03/task1/team03_intra-TEM1_SEF1_E30003.wav,1,VCC2020_T03,
train,/lambda/nfs/algovirginia/workspace/DeepfakeDetectionRenewed/data/wavefake/generated_audio/ljspeech_hifiGAN/LJ041-0150_generated.wav,1,ljspeech_hifiGAN,
train,/lambda/nfs/algovirginia/workspace/DeepfakeDetectionRenewed/data/vcc2020/audio/T31/task1/team31_intra-TEF1_SEF2_E30002.wav,1,VCC2020_T31,
train,/lambda/nfs/algovirginia/workspace/DeepfakeDetectionRenewed/data/wavefake/generated_audio/ljspeech_hifiGAN/LJ010-0215_generated.wav,1,ljspeech_hifiGAN,
train,__hf__,0,librispeech,17813
train,__hf__,0,librispeech,7939
train,__hf__,0,librispeech,7614
train,/lambda/nfs/algovirginia/workspace/DeepfakeDetectionRenewed/data/wavefake/generated_audio/ljspeech_parallel_wavegan/LJ010-0243_gen.wav,1,ljspeech_parallel_wavegan,
train,__hf__,0,librispeech,25161
train,__hf__,0,librispeech,9849
train,__hf__,0,librispeech,19279
train,/lambda/nfs/algovirginia/workspace/DeepfakeDetectionRenewed/data/vcc2020/audio/T33/task1/team33_intra-TEM2_SEF2_E30003.wav,1,VCC2020_T33,
train,/lambda/nfs/algovirginia/workspace/DeepfakeDetectionRenewed/data/vcc2020/audio/T17/task1/team17_intra-TEM2_SEF1_E30005.wav,1,VCC2020_T17,
train,__hf__,0,librispeech,10737
train,/lambda/nfs/algovirginia/workspace/DeepfakeDetectionRenewed/data/vcc2020/audio/T19/task1/team19_intra-TEM1_SEF1_E30004.wav,1,VCC2020_T19,
train,__hf__,0,librispeech,16954
train,__hf__,0,librispeech,21818
train,/lambda/nfs/algovirginia/workspace/DeepfakeDetectionRenewed/data/vcc2020/audio/T20/task1/team20_intra-TEM1_SEM2_E30002.wav,1,VCC2020_T20,
train,__hf__,0,librispeech,3401
train,__hf__,0,librispeech,2996
train,__hf__,0,librispeech,24197
train,/lambda/nfs/algovirginia/workspace/DeepfakeDetectionRenewed/data/wavefake/generated_audio/ljspeech_parallel_wavegan/LJ038-0163_gen.wav,1,ljspeech_parallel_wavegan,
train,/lambda/nfs/algovirginia/workspace/DeepfakeDetectionRenewed/data/wavefake/generated_audio/ljspeech_multi_band_melgan/LJ032-0068_gen.wav,1,ljspeech_multi_band_melgan,
train,__hf__,0,librispeech,10019
train,__hf__,0,librispeech,25102
train,__hf__,0,librispeech,23288
train,/lambda/nfs/algovirginia/workspace/DeepfakeDetectionRenewed/data/vcc2020/audio/T20/task1/team20_intra-TEM2_SEM1_E30002.wav,1,VCC2020_T20,
train,/lambda/nfs/algovirginia/workspace/DeepfakeDetectionRenewed/data/vcc2020/audio/T14/task1/team14_intra-TEM2_SEM2_E30001.wav,1,VCC2020_T14,
train,/lambda/nfs/algovirginia/workspace/DeepfakeDetectionRenewed/data/vcc2020/audio/T06/task1/team06_intra-TEF2_SEM2_E30003.wav,1,VCC2020_T06,
train,/lambda/nfs/algovirginia/workspace/DeepfakeDetectionRenewed/data/wavefake/generated_audio/ljspeech_melgan/LJ007-0076_gen.wav,1,ljspeech_melgan,
train,__hf__,0,librispeech,4929
train,/lambda/nfs/algovirginia/workspace/DeepfakeDetectionRenewed/data/vcc2020/audio/T23/task1/team23_intra-TEM2_SEF2_E30003.wav,1,VCC2020_T23,
train,/lambda/nfs/algovirginia/workspace/DeepfakeDetectionRenewed/data/wavefake/generated_audio/ljspeech_waveglow/LJ003-0260.wav,1,ljspeech_waveglow,
train,__hf__,0,librispeech,2911
train,__hf__,0,librispeech,16001
train,__hf__,0,librispeech,8213
train,/lambda/nfs/algovirginia/workspace/DeepfakeDetectionRenewed/data/wavefake/generated_audio/ljspeech_full_band_melgan/LJ005-0075_gen.wav,1,ljspeech_full_band_melgan,
train,__hf__,0,librispeech,2517
train,/lambda/nfs/algovirginia/workspace/DeepfakeDetectionRenewed/data/vcc2020/audio/T16/task1/team16_intra-TEF2_SEM2_E30004.wav,1,VCC2020_T16,
train,/lambda/nfs/algovirginia/workspace/DeepfakeDetectionRenewed/data/vcc2020/audio/T10/task1/team10_intra-TEM2_SEF1_E30003.wav,1,VCC2020_T10,
train,__hf__,0,librispeech,11958
train,/lambda/nfs/algovirginia/workspace/DeepfakeDetectionRenewed/data/vcc2020/audio/T32/task1/team32_intra-TEM2_SEF1_E30003.wav,1,VCC2020_T32,
train,__hf__,0,librispeech,7990
train,__hf__,0,librispeech,23560
train,__hf__,0,librispeech,5731
train,/lambda/nfs/algovirginia/workspace/DeepfakeDetectionRenewed/data/vcc2020/audio/T14/task1/team14_intra-TEF1_SEF1_E30004.wav,1,VCC2020_T14,
train,__hf__,0,librispeech,28349
train,__hf__,0,librispeech,14354
train,__hf__,0,librispeech,26612
train,/lambda/nfs/algovirginia/workspace/DeepfakeDetectionRenewed/data/vcc2020/audio/T03/task1/team03_intra-TEM2_SEM2_E30003.wav,1,VCC2020_T03,
train,/lambda/nfs/algovirginia/workspace/DeepfakeDetectionRenewed/data/wavefake/generated_audio/ljspeech_hifiGAN/LJ050-0225_generated.wav,1,ljspeech_hifiGAN,
train,__hf__,0,librispeech,27945
train,__hf__,0,librispeech,9299
train,__hf__,0,librispeech,11972
train,__hf__,0,librispeech,11303
train,/lambda/nfs/algovirginia/workspace/DeepfakeDetectionRenewed/data/vcc2020/audio/T33/task1/team33_intra-TEM1_SEM2_E30002.wav,1,VCC2020_T33,
train,/lambda/nfs/algovirginia/workspace/DeepfakeDetectionRenewed/data/wavefake/generated_audio/ljspeech_multi_band_melgan/LJ002-0223_gen.wav,1,ljspeech_multi_band_melgan,
train,__hf__,0,librispeech,14418
train,/lambda/nfs/algovirginia/workspace/DeepfakeDetectionRenewed/data/vcc2020/audio/T24/task1/team24_intra-TEF2_SEF1_E30002.wav,1,VCC2020_T24,
train,__hf__,0,librispeech,2138
train,/lambda/nfs/algovirginia/workspace/DeepfakeDetectionRenewed/data/vcc2020/audio/T12/task1/team12_intra-TEF1_SEF1_E30001.wav,1,VCC2020_T12,
train,/lambda/nfs/algovirginia/workspace/DeepfakeDetectionRenewed/data/vcc2020/audio/T04/task1/team04_intra-TEM1_SEM2_E30001.wav,1,VCC2020_T04,
train,__hf__,0,librispeech,9455
train,__hf__,0,librispeech,8254
train,__hf__,0,librispeech,9637
train,__hf__,0,librispeech,16089
train,/lambda/nfs/algovirginia/workspace/DeepfakeDetectionRenewed/data/vcc2020/audio/T18/task1/team18_intra-TEF1_SEF1_E30001.wav,1,VCC2020_T18,
train,__hf__,0,librispeech,23298
train,__hf__,0,librispeech,19902
train,__hf__,0,librispeech,17791
train,__hf__,0,librispeech,5743
train,__hf__,0,librispeech,5845
train,__hf__,0,librispeech,15387
train,__hf__,0,librispeech,13382
train,__hf__,0,librispeech,14007
train,/lambda/nfs/algovirginia/workspace/DeepfakeDetectionRenewed/data/vcc2020/audio/T31/task1/team31_intra-TEM1_SEF2_E30003.wav,1,VCC2020_T31,
train,/lambda/nfs/algovirginia/workspace/DeepfakeDetectionRenewed/data/vcc2020/audio/T12/task1/team12_intra-TEF1_SEF2_E30004.wav,1,VCC2020_T12,
train,__hf__,0,librispeech,3015
train,/lambda/nfs/algovirginia/workspace/DeepfakeDetectionRenewed/data/wavefake/generated_audio/ljspeech_multi_band_melgan/LJ049-0053_gen.wav,1,ljspeech_multi_band_melgan,
train,/lambda/nfs/algovirginia/workspace/DeepfakeDetectionRenewed/data/wavefake/generated_audio/ljspeech_hifiGAN/LJ040-0127_generated.wav,1,ljspeech_hifiGAN,
train,__hf__,0,librispeech,8057
train,__hf__,0,librispeech,7235
train,__hf__,0,librispeech,18543
train,/lambda/nfs/algovirginia/workspace/DeepfakeDetectionRenewed/data/vcc2020/audio/T20/task1/team20_intra-TEM2_SEF1_E30004.wav,1,VCC2020_T20,
train,/lambda/nfs/algovirginia/workspace/DeepfakeDetectionRenewed/data/vcc2020/audio/T18/task1/team18_intra-TEF1_SEM2_E30001.wav,1,VCC2020_T18,
train,__hf__,0,librispeech,13686
train,/lambda/nfs/algovirginia/workspace/DeepfakeDetectionRenewed/data/wavefake/generated_audio/ljspeech_multi_band_melgan/LJ044-0196_gen.wav,1,ljspeech_multi_band_melgan,
train,/lambda/nfs/algovirginia/workspace/DeepfakeDetectionRenewed/data/vcc2020/audio/T33/task1/team33_intra-TEM2_SEF2_E30002.wav,1,VCC2020_T33,
train,__hf__,0,librispeech,18901
train,__hf__,0,librispeech,4008
train,__hf__,0,librispeech,18047
train,/lambda/nfs/algovirginia/workspace/DeepfakeDetectionRenewed/data/vcc2020/audio/T21/task1/team21_intra-TEF2_SEM2_E30003.wav,1,VCC2020_T21,
train,/lambda/nfs/algovirginia/workspace/DeepfakeDetectionRenewed/data/vcc2020/audio/T25/task1/team25_intra-TEF2_SEM2_E30004.wav,1,VCC2020_T25,
train,/lambda/nfs/algovirginia/workspace/DeepfakeDetectionRenewed/data/vcc2020/audio/T03/task1/team03_intra-TEF2_SEF2_E30004.wav,1,VCC2020_T03,
train,__hf__,0,librispeech,9805
train,__hf__,0,librispeech,23583
train,/lambda/nfs/algovirginia/workspace/DeepfakeDetectionRenewed/data/vcc2020/audio/T22/task1/team22_intra-TEF2_SEF2_E30003.wav,1,VCC2020_T22,
train,__hf__,0,librispeech,17357
train,/lambda/nfs/algovirginia/workspace/DeepfakeDetectionRenewed/data/wavefake/generated_audio/common_voices_prompts_from_conformer_fastspeech2_pwg_ljspeech/gen_10869.wav,1,common_voices_prompts_from_conformer_fastspeech2_pwg_ljspeech,
train,__hf__,0,librispeech,9051
train,__hf__,0,librispeech,5456
train,/lambda/nfs/algovirginia/workspace/DeepfakeDetectionRenewed/data/vcc2020/audio/T29/task1/team29_intra-TEM1_SEF2_E30003.wav,1,VCC2020_T29,
train,/lambda/nfs/algovirginia/workspace/DeepfakeDetectionRenewed/data/wavefake/generated_audio/ljspeech_multi_band_melgan/LJ006-0003_gen.wav,1,ljspeech_multi_band_melgan,
train,__hf__,0,librispeech,28255
train,__hf__,0,librispeech,20171
train,/lambda/nfs/algovirginia/workspace/DeepfakeDetectionRenewed/data/vcc2020/audio/T21/task1/team21_intra-TEM2_SEF1_E30001.wav,1,VCC2020_T21,
train,__hf__,0,librispeech,15241
train,/lambda/nfs/algovirginia/workspace/DeepfakeDetectionRenewed/data/vcc2020/audio/T09/task1/team09_intra-TEM2_SEM1_E30002.wav,1,VCC2020_T09,
train,__hf__,0,librispeech,25295
train,__hf__,0,librispeech,3111
train,__hf__,0,librispeech,26910
train,__hf__,0,librispeech,17927
train,__hf__,0,librispeech,24999
train,__hf__,0,librispeech,25480
train,__hf__,0,librispeech,18310
train,/lambda/nfs/algovirginia/workspace/DeepfakeDetectionRenewed/data/wavefake/generated_audio/ljspeech_hifiGAN/LJ013-0134_generated.wav,1,ljspeech_hifiGAN,
train,/lambda/nfs/algovirginia/workspace/DeepfakeDetectionRenewed/data/wavefake/generated_audio/common_voices_prompts_from_conformer_fastspeech2_pwg_ljspeech/gen_1422.wav,1,common_voices_prompts_from_conformer_fastspeech2_pwg_ljspeech,
train,/lambda/nfs/algovirginia/workspace/DeepfakeDetectionRenewed/data/vcc2020/audio/T01/task1/team01_intra-TEM2_SEM1_E30002.wav,1,VCC2020_T01,
train,__hf__,0,librispeech,17798
train,/lambda/nfs/algovirginia/workspace/DeepfakeDetectionRenewed/data/wavefake/generated_audio/ljspeech_waveglow/LJ041-0081.wav,1,ljspeech_waveglow,
train,/lambda/nfs/algovirginia/workspace/DeepfakeDetectionRenewed/data/vcc2020/audio/T22/task1/team22_intra-TEM2_SEF2_E30005.wav,1,VCC2020_T22,
train,__hf__,0,librispeech,20168
train,__hf__,0,librispeech,2691
train,__hf__,0,librispeech,20847
train,/lambda/nfs/algovirginia/workspace/DeepfakeDetectionRenewed/data/vcc2020/audio/T18/task1/team18_intra-TEF1_SEF1_E30002.wav,1,VCC2020_T18,
train,/lambda/nfs/algovirginia/workspace/DeepfakeDetectionRenewed/data/wavefake/generated_audio/ljspeech_melgan_large/LJ004-0074_gen.wav,1,ljspeech_melgan_large,
train,/lambda/nfs/algovirginia/workspace/DeepfakeDetectionRenewed/data/vcc2020/audio/T24/task1/team24_intra-TEM1_SEM2_E30002.wav,1,VCC2020_T24,
train,/lambda/nfs/algovirginia/workspace/DeepfakeDetectionRenewed/data/vcc2020/audio/T13/task1/team13_intra-TEF2_SEM1_E30002.wav,1,VCC2020_T13,
train,/lambda/nfs/algovirginia/workspace/DeepfakeDetectionRenewed/data/vcc2020/audio/T16/task1/team16_intra-TEF1_SEF2_E30005.wav,1,VCC2020_T16,
train,/lambda/nfs/algovirginia/workspace/DeepfakeDetectionRenewed/data/wavefake/generated_audio/ljspeech_waveglow/LJ010-0187.wav,1,ljspeech_waveglow,
train,/lambda/nfs/algovirginia/workspace/DeepfakeDetectionRenewed/data/vcc2020/audio/T08/task1/team08_intra-TEF2_SEF1_E30002.wav,1,VCC2020_T08,
train,__hf__,0,librispeech,10751
train,/lambda/nfs/algovirginia/workspace/DeepfakeDetectionRenewed/data/vcc2020/audio/T04/task1/team04_intra-TEM2_SEM2_E30003.wav,1,VCC2020_T04,
train,__hf__,0,librispeech,4425
train,/lambda/nfs/algovirginia/workspace/DeepfakeDetectionRenewed/data/vcc2020/audio/T29/task1/team29_intra-TEF2_SEM2_E30004.wav,1,VCC2020_T29,
train,__hf__,0,librispeech,1160
train,__hf__,0,librispeech,23100
train,__hf__,0,librispeech,5858
train,/lambda/nfs/algovirginia/workspace/DeepfakeDetectionRenewed/data/vcc2020/audio/T06/task1/team06_intra-TEF1_SEM1_E30002.wav,1,VCC2020_T06,
train,/lambda/nfs/algovirginia/workspace/DeepfakeDetectionRenewed/data/wavefake/generated_audio/ljspeech_full_band_melgan/LJ003-0154_gen.wav,1,ljspeech_full_band_melgan,
train,__hf__,0,librispeech,3857
train,/lambda/nfs/algovirginia/workspace/DeepfakeDetectionRenewed/data/vcc2020/audio/T18/task1/team18_intra-TEM1_SEF1_E30004.wav,1,VCC2020_T18,
train,/lambda/nfs/algovirginia/workspace/DeepfakeDetectionRenewed/data/wavefake/generated_audio/ljspeech_multi_band_melgan/LJ016-0115_gen.wav,1,ljspeech_multi_band_melgan,
train,__hf__,0,librispeech,26237
train,__hf__,0,librispeech,10303
train,/lambda/nfs/algovirginia/workspace/DeepfakeDetectionRenewed/data/vcc2020/audio/T22/task1/team22_intra-TEM1_SEF2_E30003.wav,1,VCC2020_T22,
train,/lambda/nfs/algovirginia/workspace/DeepfakeDetectionRenewed/data/wavefake/generated_audio/ljspeech_melgan_large/LJ017-0143_gen.wav,1,ljspeech_melgan_large,
train,/lambda/nfs/algovirginia/workspace/DeepfakeDetectionRenewed/data/vcc2020/audio/T19/task1/team19_intra-TEM1_SEM1_E30002.wav,1,VCC2020_T19,
train,/lambda/nfs/algovirginia/workspace/DeepfakeDetectionRenewed/data/wavefake/generated_audio/common_voices_prompts_from_conformer_fastspeech2_pwg_ljspeech/gen_3614.wav,1,common_voices_prompts_from_conformer_fastspeech2_pwg_ljspeech,
train,/lambda/nfs/algovirginia/workspace/DeepfakeDetectionRenewed/data/vcc2020/audio/T19/task1/team19_intra-TEM1_SEM1_E30003.wav,1,VCC2020_T19,
train,__hf__,0,librispeech,25725
train,__hf__,0,librispeech,27709
train,/lambda/nfs/algovirginia/workspace/DeepfakeDetectionRenewed/data/vcc2020/audio/T03/task1/team03_intra-TEM1_SEM2_E30005.wav,1,VCC2020_T03,
train,/lambda/nfs/algovirginia/workspace/DeepfakeDetectionRenewed/data/wavefake/generated_audio/ljspeech_waveglow/LJ039-0056.wav,1,ljspeech_waveglow,
train,__hf__,0,librispeech,25856
train,__hf__,0,librispeech,13086
train,/lambda/nfs/algovirginia/workspace/DeepfakeDetectionRenewed/data/wavefake/generated_audio/ljspeech_waveglow/LJ001-0022.wav,1,ljspeech_waveglow,
train,/lambda/nfs/algovirginia/workspace/DeepfakeDetectionRenewed/data/wavefake/generated_audio/ljspeech_full_band_melgan/LJ018-0301_gen.wav,1,ljspeech_full_band_melgan,
train,__hf__,0,librispeech,19407
train,/lambda/nfs/algovirginia/workspace/DeepfakeDetectionRenewed/data/wavefake/generated_audio/ljspeech_multi_band_melgan/LJ028-0268_gen.wav,1,ljspeech_multi_band_melgan,
train,/lambda/nfs/algovirginia/workspace/DeepfakeDetectionRenewed/data/vcc2020/audio/T25/task1/team25_intra-TEM2_SEF2_E30002.wav,1,VCC2020_T25,
train,/lambda/nfs/algovirginia/workspace/DeepfakeDetectionRenewed/data/wavefake/generated_audio/common_voices_prompts_from_conformer_fastspeech2_pwg_ljspeech/gen_4008.wav,1,common_voices_prompts_from_conformer_fastspeech2_pwg_ljspeech,
train,__hf__,0,librispeech,17527
train,__hf__,0,librispeech,19810
train,/lambda/nfs/algovirginia/workspace/DeepfakeDetectionRenewed/data/vcc2020/audio/T18/task1/team18_intra-TEF1_SEF2_E30005.wav,1,VCC2020_T18,
train,__hf__,0,librispeech,5205
train,/lambda/nfs/algovirginia/workspace/DeepfakeDetectionRenewed/data/vcc2020/audio/T09/task1/team09_intra-TEM1_SEM2_E30003.wav,1,VCC2020_T09,
train,__hf__,0,librispeech,19953
train,/lambda/nfs/algovirginia/workspace/DeepfakeDetectionRenewed/data/wavefake/generated_audio/ljspeech_waveglow/LJ025-0106.wav,1,ljspeech_waveglow,
train,/lambda/nfs/algovirginia/workspace/DeepfakeDetectionRenewed/data/wavefake/generated_audio/ljspeech_full_band_melgan/LJ028-0480_gen.wav,1,ljspeech_full_band_melgan,
train,/lambda/nfs/algovirginia/workspace/DeepfakeDetectionRenewed/data/vcc2020/audio/T17/task1/team17_intra-TEF1_SEF1_E30004.wav,1,VCC2020_T17,
train,__hf__,0,librispeech,11438
train,/lambda/nfs/algovirginia/workspace/DeepfakeDetectionRenewed/data/vcc2020/audio/T27/task1/team27_intra-TEF1_SEM2_E30002.wav,1,VCC2020_T27,
train,/lambda/nfs/algovirginia/workspace/DeepfakeDetectionRenewed/data/vcc2020/audio/T11/task1/team11_intra-TEF2_SEF2_E30002.wav,1,VCC2020_T11,
train,__hf__,0,librispeech,26060
train,__hf__,0,librispeech,10292
train,/lambda/nfs/algovirginia/workspace/DeepfakeDetectionRenewed/data/vcc2020/audio/T04/task1/team04_intra-TEM2_SEM1_E30003.wav,1,VCC2020_T04,
train,__hf__,0,librispeech,4756
train,/lambda/nfs/algovirginia/workspace/DeepfakeDetectionRenewed/data/vcc2020/audio/T29/task1/team29_intra-TEF1_SEF2_E30002.wav,1,VCC2020_T29,
train,/lambda/nfs/algovirginia/workspace/DeepfakeDetectionRenewed/data/wavefake/generated_audio/ljspeech_melgan/LJ016-0298_gen.wav,1,ljspeech_melgan,
train,/lambda/nfs/algovirginia/workspace/DeepfakeDetectionRenewed/data/vcc2020/audio/T21/task1/team21_intra-TEF1_SEM1_E30004.wav,1,VCC2020_T21,
train,/lambda/nfs/algovirginia/workspace/DeepfakeDetectionRenewed/data/vcc2020/audio/T26/task1/team26_intra-TEM1_SEF2_E30005.wav,1,VCC2020_T26,
train,/lambda/nfs/algovirginia/workspace/DeepfakeDetectionRenewed/data/wavefake/generated_audio/ljspeech_melgan/LJ015-0310_gen.wav,1,ljspeech_melgan,
train,__hf__,0,librispeech,27468
train,__hf__,0,librispeech,7669
train,__hf__,0,librispeech,6950
train,__hf__,0,librispeech,2839
train,__hf__,0,librispeech,5139
train,__hf__,0,librispeech,11892
train,/lambda/nfs/algovirginia/workspace/DeepfakeDetectionRenewed/data/vcc2020/audio/T06/task1/team06_intra-TEF1_SEM1_E30005.wav,1,VCC2020_T06,
train,__hf__,0,librispeech,25012
train,__hf__,0,librispeech,24916
train,__hf__,0,librispeech,15237
train,/lambda/nfs/algovirginia/workspace/DeepfakeDetectionRenewed/data/wavefake/generated_audio/ljspeech_melgan/LJ047-0218_gen.wav,1,ljspeech_melgan,
train,__hf__,0,librispeech,4953
train,__hf__,0,librispeech,23089
train,__hf__,0,librispeech,17571
train,/lambda/nfs/algovirginia/workspace/DeepfakeDetectionRenewed/data/wavefake/generated_audio/ljspeech_melgan/LJ032-0173_gen.wav,1,ljspeech_melgan,
train,__hf__,0,librispeech,8527
train,__hf__,0,librispeech,22335
train,__hf__,0,librispeech,3242
train,__hf__,0,librispeech,872
train,/lambda/nfs/algovirginia/workspace/DeepfakeDetectionRenewed/data/wavefake/generated_audio/ljspeech_melgan/LJ016-0038_gen.wav,1,ljspeech_melgan,
train,/lambda/nfs/algovirginia/workspace/DeepfakeDetectionRenewed/data/wavefake/generated_audio/ljspeech_melgan_large/LJ011-0007_gen.wav,1,ljspeech_melgan_large,
train,/lambda/nfs/algovirginia/workspace/DeepfakeDetectionRenewed/data/vcc2020/audio/T12/task1/team12_intra-TEF1_SEM2_E30004.wav,1,VCC2020_T12,
train,__hf__,0,librispeech,7544
train,/lambda/nfs/algovirginia/workspace/DeepfakeDetectionRenewed/data/wavefake/generated_audio/common_voices_prompts_from_conformer_fastspeech2_pwg_ljspeech/gen_10617.wav,1,common_voices_prompts_from_conformer_fastspeech2_pwg_ljspeech,
train,/lambda/nfs/algovirginia/workspace/DeepfakeDetectionRenewed/data/vcc2020/audio/T27/task1/team27_intra-TEM2_SEM2_E30001.wav,1,VCC2020_T27,
train,/lambda/nfs/algovirginia/workspace/DeepfakeDetectionRenewed/data/vcc2020/audio/T16/task1/team16_intra-TEF1_SEM1_E30002.wav,1,VCC2020_T16,
train,__hf__,0,librispeech,22930
train,/lambda/nfs/algovirginia/workspace/DeepfakeDetectionRenewed/data/wavefake/generated_audio/ljspeech_melgan_large/LJ037-0103_gen.wav,1,ljspeech_melgan_large,
train,__hf__,0,librispeech,1398
train,__hf__,0,librispeech,9626
train,/lambda/nfs/algovirginia/workspace/DeepfakeDetectionRenewed/data/wavefake/generated_audio/ljspeech_hifiGAN/LJ033-0005_generated.wav,1,ljspeech_hifiGAN,
train,/lambda/nfs/algovirginia/workspace/DeepfakeDetectionRenewed/data/wavefake/generated_audio/ljspeech_multi_band_melgan/LJ045-0029_gen.wav,1,ljspeech_multi_band_melgan,
train,__hf__,0,librispeech,6040
train,/lambda/nfs/algovirginia/workspace/DeepfakeDetectionRenewed/data/vcc2020/audio/T01/task1/team01_intra-TEF1_SEM2_E30003.wav,1,VCC2020_T01,
train,__hf__,0,librispeech,11966
train,__hf__,0,librispeech,24389
train,__hf__,0,librispeech,6423
train,/lambda/nfs/algovirginia/workspace/DeepfakeDetectionRenewed/data/wavefake/generated_audio/ljspeech_waveglow/LJ038-0293.wav,1,ljspeech_waveglow,
train,__hf__,0,librispeech,13782
train,__hf__,0,librispeech,10222
train,/lambda/nfs/algovirginia/workspace/DeepfakeDetectionRenewed/data/wavefake/generated_audio/ljspeech_parallel_wavegan/LJ046-0082_gen.wav,1,ljspeech_parallel_wavegan,
train,/lambda/nfs/algovirginia/workspace/DeepfakeDetectionRenewed/data/vcc2020/audio/T30/task1/team30_intra-TEM1_SEM1_E30004.wav,1,VCC2020_T30,
train,__hf__,0,librispeech,11005
train,__hf__,0,librispeech,16737
train,/lambda/nfs/algovirginia/workspace/DeepfakeDetectionRenewed/data/wavefake/generated_audio/common_voices_prompts_from_conformer_fastspeech2_pwg_ljspeech/gen_8923.wav,1,common_voices_prompts_from_conformer_fastspeech2_pwg_ljspeech,
train,/lambda/nfs/algovirginia/workspace/DeepfakeDetectionRenewed/data/vcc2020/audio/T22/task1/team22_intra-TEF1_SEF2_E30002.wav,1,VCC2020_T22,
train,/lambda/nfs/algovirginia/workspace/DeepfakeDetectionRenewed/data/vcc2020/audio/T23/task1/team23_intra-TEM2_SEF1_E30004.wav,1,VCC2020_T23,
train,/lambda/nfs/algovirginia/workspace/DeepfakeDetectionRenewed/data/wavefake/generated_audio/ljspeech_waveglow/LJ012-0128.wav,1,ljspeech_waveglow,
train,/lambda/nfs/algovirginia/workspace/DeepfakeDetectionRenewed/data/vcc2020/audio/T02/task1/team02_intra-TEF2_SEM2_E30002.wav,1,VCC2020_T02,
train,__hf__,0,librispeech,12007
train,/lambda/nfs/algovirginia/workspace/DeepfakeDetectionRenewed/data/vcc2020/audio/T23/task1/team23_intra-TEM2_SEM1_E30001.wav,1,VCC2020_T23,
train,__hf__,0,librispeech,11813
train,/lambda/nfs/algovirginia/workspace/DeepfakeDetectionRenewed/data/vcc2020/audio/T13/task1/team13_intra-TEM2_SEM2_E30002.wav,1,VCC2020_T13,
train,__hf__,0,librispeech,9437
train,__hf__,0,librispeech,25553
train,/lambda/nfs/algovirginia/workspace/DeepfakeDetectionRenewed/data/wavefake/generated_audio/common_voices_prompts_from_conformer_fastspeech2_pwg_ljspeech/gen_10319.wav,1,common_voices_prompts_from_conformer_fastspeech2_pwg_ljspeech,
train,/lambda/nfs/algovirginia/workspace/DeepfakeDetectionRenewed/data/vcc2020/audio/T23/task1/team23_intra-TEM1_SEM2_E30003.wav,1,VCC2020_T23,
train,/lambda/nfs/algovirginia/workspace/DeepfakeDetectionRenewed/data/vcc2020/audio/T07/task1/team07_intra-TEM1_SEM2_E30003.wav,1,VCC2020_T07,
train,/lambda/nfs/algovirginia/workspace/DeepfakeDetectionRenewed/data/wavefake/generated_audio/common_voices_prompts_from_conformer_fastspeech2_pwg_ljspeech/gen_5156.wav,1,common_voices_prompts_from_conformer_fastspeech2_pwg_ljspeech,
train,/lambda/nfs/algovirginia/workspace/DeepfakeDetectionRenewed/data/vcc2020/audio/T06/task1/team06_intra-TEM1_SEM2_E30004.wav,1,VCC2020_T06,
train,/lambda/nfs/algovirginia/workspace/DeepfakeDetectionRenewed/data/vcc2020/audio/T08/task1/team08_intra-TEF1_SEM2_E30001.wav,1,VCC2020_T08,
train,__hf__,0,librispeech,19347
train,__hf__,0,librispeech,9590
train,/lambda/nfs/algovirginia/workspace/DeepfakeDetectionRenewed/data/wavefake/generated_audio/ljspeech_hifiGAN/LJ048-0240_generated.wav,1,ljspeech_hifiGAN,
train,/lambda/nfs/algovirginia/workspace/DeepfakeDetectionRenewed/data/wavefake/generated_audio/ljspeech_melgan/LJ016-0272_gen.wav,1,ljspeech_melgan,
train,__hf__,0,librispeech,6858
train,__hf__,0,librispeech,10184
train,__hf__,0,librispeech,8445
train,__hf__,0,librispeech,26287
train,__hf__,0,librispeech,25890
train,__hf__,0,librispeech,12867
train,__hf__,0,librispeech,612
train,__hf__,0,librispeech,21749
train,/lambda/nfs/algovirginia/workspace/DeepfakeDetectionRenewed/data/wavefake/generated_audio/common_voices_prompts_from_conformer_fastspeech2_pwg_ljspeech/gen_2929.wav,1,common_voices_prompts_from_conformer_fastspeech2_pwg_ljspeech,
train,/lambda/nfs/algovirginia/workspace/DeepfakeDetectionRenewed/data/vcc2020/audio/T33/task1/team33_intra-TEM2_SEM1_E30003.wav,1,VCC2020_T33,
train,__hf__,0,librispeech,24283
train,__hf__,0,librispeech,17650
train,__hf__,0,librispeech,3053
train,__hf__,0,librispeech,20336
train,__hf__,0,librispeech,14680
train,/lambda/nfs/algovirginia/workspace/DeepfakeDetectionRenewed/data/vcc2020/audio/T26/task1/team26_intra-TEF2_SEM2_E30001.wav,1,VCC2020_T26,
train,__hf__,0,librispeech,920
train,__hf__,0,librispeech,15394
train,/lambda/nfs/algovirginia/workspace/DeepfakeDetectionRenewed/data/vcc2020/audio/T22/task1/team22_intra-TEF1_SEF2_E30005.wav,1,VCC2020_T22,
train,__hf__,0,librispeech,177
train,/lambda/nfs/algovirginia/workspace/DeepfakeDetectionRenewed/data/vcc2020/audio/T10/task1/team10_intra-TEF2_SEF2_E30002.wav,1,VCC2020_T10,
train,/lambda/nfs/algovirginia/workspace/DeepfakeDetectionRenewed/data/wavefake/generated_audio/common_voices_prompts_from_conformer_fastspeech2_pwg_ljspeech/gen_9422.wav,1,common_voices_prompts_from_conformer_fastspeech2_pwg_ljspeech,
train,/lambda/nfs/algovirginia/workspace/DeepfakeDetectionRenewed/data/vcc2020/audio/T17/task1/team17_intra-TEM1_SEF2_E30005.wav,1,VCC2020_T17,
train,__hf__,0,librispeech,23683
train,__hf__,0,librispeech,8766
train,/lambda/nfs/algovirginia/workspace/DeepfakeDetectionRenewed/data/wavefake/generated_audio/ljspeech_multi_band_melgan/LJ050-0239_gen.wav,1,ljspeech_multi_band_melgan,
train,__hf__,0,librispeech,2081
train,/lambda/nfs/algovirginia/workspace/DeepfakeDetectionRenewed/data/wavefake/generated_audio/ljspeech_parallel_wavegan/LJ011-0264_gen.wav,1,ljspeech_parallel_wavegan,
train,/lambda/nfs/algovirginia/workspace/DeepfakeDetectionRenewed/data/wavefake/generated_audio/ljspeech_melgan_large/LJ012-0283_gen.wav,1,ljspeech_melgan_large,
train,__hf__,0,librispeech,21608
train,__hf__,0,librispeech,222
train,/lambda/nfs/algovirginia/workspace/DeepfakeDetectionRenewed/data/wavefake/generated_audio/ljspeech_full_band_melgan/LJ041-0047_gen.wav,1,ljspeech_full_band_melgan,
train,__hf__,0,librispeech,1464
train,__hf__,0,librispeech,22531
train,/lambda/nfs/algovirginia/workspace/DeepfakeDetectionRenewed/data/vcc2020/audio/T25/task1/team25_intra-TEF2_SEF1_E30005.wav,1,VCC2020_T25,
train,__hf__,0,librispeech,2523
train,__hf__,0,librispeech,3234
train,__hf__,0,librispeech,26790
train,/lambda/nfs/algovirginia/workspace/DeepfakeDetectionRenewed/data/wavefake/generated_audio/ljspeech_full_band_melgan/LJ048-0005_gen.wav,1,ljspeech_full_band_melgan,
train,/lambda/nfs/algovirginia/workspace/DeepfakeDetectionRenewed/data/wavefake/generated_audio/ljspeech_hifiGAN/LJ041-0173_generated.wav,1,ljspeech_hifiGAN,
train,/lambda/nfs/algovirginia/workspace/DeepfakeDetectionRenewed/data/wavefake/generated_audio/ljspeech_melgan/LJ001-0024_gen.wav,1,ljspeech_melgan,
train,__hf__,0,librispeech,13763
train,/lambda/nfs/algovirginia/workspace/DeepfakeDetectionRenewed/data/wavefake/generated_audio/ljspeech_multi_band_melgan/LJ012-0020_gen.wav,1,ljspeech_multi_band_melgan,
train,/lambda/nfs/algovirginia/workspace/DeepfakeDetectionRenewed/data/wavefake/generated_audio/ljspeech_melgan_large/LJ028-0477_gen.wav,1,ljspeech_melgan_large,
train,/lambda/nfs/algovirginia/workspace/DeepfakeDetectionRenewed/data/wavefake/generated_audio/ljspeech_multi_band_melgan/LJ021-0117_gen.wav,1,ljspeech_multi_band_melgan,
train,__hf__,0,librispeech,20191
train,__hf__,0,librispeech,3817
train,/lambda/nfs/algovirginia/workspace/DeepfakeDetectionRenewed/data/wavefake/generated_audio/ljspeech_parallel_wavegan/LJ006-0165_gen.wav,1,ljspeech_parallel_wavegan,
train,/lambda/nfs/algovirginia/workspace/DeepfakeDetectionRenewed/data/wavefake/generated_audio/common_voices_prompts_from_conformer_fastspeech2_pwg_ljspeech/gen_15427.wav,1,common_voices_prompts_from_conformer_fastspeech2_pwg_ljspeech,
train,/lambda/nfs/algovirginia/workspace/DeepfakeDetectionRenewed/data/vcc2020/audio/T13/task1/team13_intra-TEM1_SEF2_E30003.wav,1,VCC2020_T13,
train,__hf__,0,librispeech,27416
train,__hf__,0,librispeech,1381
train,/lambda/nfs/algovirginia/workspace/DeepfakeDetectionRenewed/data/vcc2020/audio/T11/task1/team11_intra-TEF1_SEM1_E30004.wav,1,VCC2020_T11,
train,/lambda/nfs/algovirginia/workspace/DeepfakeDetectionRenewed/data/wavefake/generated_audio/ljspeech_hifiGAN/LJ022-0117_generated.wav,1,ljspeech_hifiGAN,
train,__hf__,0,librispeech,26208
train,__hf__,0,librispeech,14328
train,__hf__,0,librispeech,13714
train,__hf__,0,librispeech,521
train,__hf__,0,librispeech,9738
train,__hf__,0,librispeech,12913
train,__hf__,0,librispeech,15911
train,__hf__,0,librispeech,7260
train,/lambda/nfs/algovirginia/workspace/DeepfakeDetectionRenewed/data/vcc2020/audio/T22/task1/team22_intra-TEM2_SEM2_E30004.wav,1,VCC2020_T22,
train,/lambda/nfs/algovirginia/workspace/DeepfakeDetectionRenewed/data/vcc2020/audio/T12/task1/team12_intra-TEM1_SEM2_E30004.wav,1,VCC2020_T12,
train,__hf__,0,librispeech,3768
train,__hf__,0,librispeech,3249
train,__hf__,0,librispeech,15719
train,__hf__,0,librispeech,23023
train,/lambda/nfs/algovirginia/workspace/DeepfakeDetectionRenewed/data/vcc2020/audio/T24/task1/team24_intra-TEF1_SEM1_E30005.wav,1,VCC2020_T24,
train,__hf__,0,librispeech,5860
train,/lambda/nfs/algovirginia/workspace/DeepfakeDetectionRenewed/data/wavefake/generated_audio/ljspeech_full_band_melgan/LJ047-0176_gen.wav,1,ljspeech_full_band_melgan,
train,/lambda/nfs/algovirginia/workspace/DeepfakeDetectionRenewed/data/vcc2020/audio/T09/task1/team09_intra-TEF1_SEM2_E30005.wav,1,VCC2020_T09,
train,__hf__,0,librispeech,9391
train,__hf__,0,librispeech,8855
train,__hf__,0,librispeech,19672
train,__hf__,0,librispeech,1046
train,/lambda/nfs/algovirginia/workspace/DeepfakeDetectionRenewed/data/wavefake/generated_audio/ljspeech_multi_band_melgan/LJ021-0163_gen.wav,1,ljspeech_multi_band_melgan,
train,/lambda/nfs/algovirginia/workspace/DeepfakeDetectionRenewed/data/vcc2020/audio/T12/task1/team12_intra-TEM2_SEF2_E30004.wav,1,VCC2020_T12,
train,/lambda/nfs/algovirginia/workspace/DeepfakeDetectionRenewed/data/wavefake/generated_audio/ljspeech_multi_band_melgan/LJ042-0137_gen.wav,1,ljspeech_multi_band_melgan,
train,/lambda/nfs/algovirginia/workspace/DeepfakeDetectionRenewed/data/vcc2020/audio/T19/task1/team19_intra-TEM2_SEF2_E30001.wav,1,VCC2020_T19,
train,/lambda/nfs/algovirginia/workspace/DeepfakeDetectionRenewed/data/wavefake/generated_audio/ljspeech_waveglow/LJ011-0221.wav,1,ljspeech_waveglow,
train,__hf__,0,librispeech,22004
train,__hf__,0,librispeech,26394
train,__hf__,0,librispeech,9715
train,__hf__,0,librispeech,22766
train,__hf__,0,librispeech,25465
train,/lambda/nfs/algovirginia/workspace/DeepfakeDetectionRenewed/data/wavefake/generated_audio/ljspeech_melgan_large/LJ011-0152_gen.wav,1,ljspeech_melgan_large,
train,/lambda/nfs/algovirginia/workspace/DeepfakeDetectionRenewed/data/wavefake/generated_audio/ljspeech_waveglow/LJ008-0227.wav,1,ljspeech_waveglow,
train,/lambda/nfs/algovirginia/workspace/DeepfakeDetectionRenewed/data/wavefake/generated_audio/ljspeech_parallel_wavegan/LJ007-0197_gen.wav,1,ljspeech_parallel_wavegan,
train,__hf__,0,librispeech,12769
train,__hf__,0,librispeech,21415
train,/lambda/nfs/algovirginia/workspace/DeepfakeDetectionRenewed/data/wavefake/generated_audio/ljspeech_waveglow/LJ045-0120.wav,1,ljspeech_waveglow,
train,/lambda/nfs/algovirginia/workspace/DeepfakeDetectionRenewed/data/vcc2020/audio/T17/task1/team17_intra-TEM1_SEM2_E30001.wav,1,VCC2020_T17,
train,/lambda/nfs/algovirginia/workspace/DeepfakeDetectionRenewed/data/wavefake/generated_audio/common_voices_prompts_from_conformer_fastspeech2_pwg_ljspeech/gen_6228.wav,1,common_voices_prompts_from_conformer_fastspeech2_pwg_ljspeech,
train,/lambda/nfs/algovirginia/workspace/DeepfakeDetectionRenewed/data/wavefake/generated_audio/common_voices_prompts_from_conformer_fastspeech2_pwg_ljspeech/gen_3983.wav,1,common_voices_prompts_from_conformer_fastspeech2_pwg_ljspeech,
train,__hf__,0,librispeech,9820
train,__hf__,0,librispeech,21592
train,/lambda/nfs/algovirginia/workspace/DeepfakeDetectionRenewed/data/vcc2020/audio/T28/task1/team28_intra-TEF2_SEM1_E30002.wav,1,VCC2020_T28,
train,__hf__,0,librispeech,16655
train,__hf__,0,librispeech,6611
train,__hf__,0,librispeech,28360
train,/lambda/nfs/algovirginia/workspace/DeepfakeDetectionRenewed/data/wavefake/generated_audio/ljspeech_hifiGAN/LJ036-0057_generated.wav,1,ljspeech_hifiGAN,
train,/lambda/nfs/algovirginia/workspace/DeepfakeDetectionRenewed/data/wavefake/generated_audio/common_voices_prompts_from_conformer_fastspeech2_pwg_ljspeech/gen_4804.wav,1,common_voices_prompts_from_conformer_fastspeech2_pwg_ljspeech,
train,__hf__,0,librispeech,14135
train,/lambda/nfs/algovirginia/workspace/DeepfakeDetectionRenewed/data/vcc2020/audio/T03/task1/team03_intra-TEM1_SEF2_E30002.wav,1,VCC2020_T03,
train,__hf__,0,librispeech,10270
train,__hf__,0,librispeech,983
train,__hf__,0,librispeech,4967
train,/lambda/nfs/algovirginia/workspace/DeepfakeDetectionRenewed/data/vcc2020/audio/T09/task1/team09_intra-TEM2_SEF2_E30003.wav,1,VCC2020_T09,
train,__hf__,0,librispeech,17497
train,__hf__,0,librispeech,10741
train,__hf__,0,librispeech,16552
train,__hf__,0,librispeech,27937
train,__hf__,0,librispeech,9378
train,__hf__,0,librispeech,2403
train,/lambda/nfs/algovirginia/workspace/DeepfakeDetectionRenewed/data/wavefake/generated_audio/ljspeech_melgan_large/LJ019-0109_gen.wav,1,ljspeech_melgan_large,
train,/lambda/nfs/algovirginia/workspace/DeepfakeDetectionRenewed/data/vcc2020/audio/T07/task1/team07_intra-TEF1_SEM1_E30001.wav,1,VCC2020_T07,
train,/lambda/nfs/algovirginia/workspace/DeepfakeDetectionRenewed/data/vcc2020/audio/T14/task1/team14_intra-TEM2_SEF1_E30002.wav,1,VCC2020_T14,
train,__hf__,0,librispeech,22297
train,__hf__,0,librispeech,18232
train,/lambda/nfs/algovirginia/workspace/DeepfakeDetectionRenewed/data/vcc2020/audio/T17/task1/team17_intra-TEM2_SEM2_E30003.wav,1,VCC2020_T17,
train,/lambda/nfs/algovirginia/workspace/DeepfakeDetectionRenewed/data/vcc2020/audio/T04/task1/team04_intra-TEM1_SEM1_E30004.wav,1,VCC2020_T04,
train,/lambda/nfs/algovirginia/workspace/DeepfakeDetectionRenewed/data/wavefake/generated_audio/ljspeech_full_band_melgan/LJ011-0064_gen.wav,1,ljspeech_full_band_melgan,
train,__hf__,0,librispeech,5018
train,/lambda/nfs/algovirginia/workspace/DeepfakeDetectionRenewed/data/vcc2020/audio/T23/task1/team23_intra-TEF1_SEF1_E30004.wav,1,VCC2020_T23,
train,/lambda/nfs/algovirginia/workspace/DeepfakeDetectionRenewed/data/wavefake/generated_audio/ljspeech_multi_band_melgan/LJ004-0091_gen.wav,1,ljspeech_multi_band_melgan,
train,/lambda/nfs/algovirginia/workspace/DeepfakeDetectionRenewed/data/wavefake/generated_audio/ljspeech_waveglow/LJ050-0005.wav,1,ljspeech_waveglow,
train,/lambda/nfs/algovirginia/workspace/DeepfakeDetectionRenewed/data/wavefake/generated_audio/common_voices_prompts_from_conformer_fastspeech2_pwg_ljspeech/gen_13933.wav,1,common_voices_prompts_from_conformer_fastspeech2_pwg_ljspeech,
train,__hf__,0,librispeech,21857
train,/lambda/nfs/algovirginia/workspace/DeepfakeDetectionRenewed/data/wavefake/generated_audio/ljspeech_multi_band_melgan/LJ032-0097_gen.wav,1,ljspeech_multi_band_melgan,
train,/lambda/nfs/algovirginia/workspace/DeepfakeDetectionRenewed/data/vcc2020/audio/T13/task1/team13_intra-TEM2_SEF1_E30005.wav,1,VCC2020_T13,
train,__hf__,0,librispeech,16991
train,__hf__,0,librispeech,6894
train,/lambda/nfs/algovirginia/workspace/DeepfakeDetectionRenewed/data/wavefake/generated_audio/ljspeech_melgan/LJ037-0109_gen.wav,1,ljspeech_melgan,
train,__hf__,0,librispeech,24864
train,/lambda/nfs/algovirginia/workspace/DeepfakeDetectionRenewed/data/vcc2020/audio/T23/task1/team23_intra-TEF2_SEF2_E30004.wav,1,VCC2020_T23,
train,/lambda/nfs/algovirginia/workspace/DeepfakeDetectionRenewed/data/vcc2020/audio/T16/task1/team16_intra-TEM1_SEM1_E30001.wav,1,VCC2020_T16,
train,/lambda/nfs/algovirginia/workspace/DeepfakeDetectionRenewed/data/wavefake/generated_audio/ljspeech_parallel_wavegan/LJ015-0039_gen.wav,1,ljspeech_parallel_wavegan,
train,/lambda/nfs/algovirginia/workspace/DeepfakeDetectionRenewed/data/vcc2020/audio/T25/task1/team25_intra-TEF1_SEM2_E30002.wav,1,VCC2020_T25,
train,__hf__,0,librispeech,12740
train,__hf__,0,librispeech,26887
train,__hf__,0,librispeech,17058
train,__hf__,0,librispeech,12714
train,/lambda/nfs/algovirginia/workspace/DeepfakeDetectionRenewed/data/wavefake/generated_audio/ljspeech_multi_band_melgan/LJ029-0194_gen.wav,1,ljspeech_multi_band_melgan,
train,__hf__,0,librispeech,16117
train,/lambda/nfs/algovirginia/workspace/DeepfakeDetectionRenewed/data/vcc2020/audio/T06/task1/team06_intra-TEM1_SEM1_E30001.wav,1,VCC2020_T06,
train,__hf__,0,librispeech,8816
train,__hf__,0,librispeech,19698
train,/lambda/nfs/algovirginia/workspace/DeepfakeDetectionRenewed/data/vcc2020/audio/T17/task1/team17_intra-TEM2_SEM1_E30004.wav,1,VCC2020_T17,
train,__hf__,0,librispeech,27534
train,/lambda/nfs/algovirginia/workspace/DeepfakeDetectionRenewed/data/vcc2020/audio/T31/task1/team31_intra-TEM2_SEM2_E30002.wav,1,VCC2020_T31,
train,__hf__,0,librispeech,23174
train,__hf__,0,librispeech,11340
train,__hf__,0,librispeech,19437
train,__hf__,0,librispeech,2399
train,/lambda/nfs/algovirginia/workspace/DeepfakeDetectionRenewed/data/wavefake/generated_audio/ljspeech_waveglow/LJ007-0030.wav,1,ljspeech_waveglow,
train,__hf__,0,librispeech,1384
train,/lambda/nfs/algovirginia/workspace/DeepfakeDetectionRenewed/data/vcc2020/audio/T28/task1/team28_intra-TEM1_SEF2_E30003.wav,1,VCC2020_T28,
train,__hf__,0,librispeech,21686
train,__hf__,0,librispeech,5222
train,__hf__,0,librispeech,17589
train,/lambda/nfs/algovirginia/workspace/DeepfakeDetectionRenewed/data/vcc2020/audio/T20/task1/team20_intra-TEM2_SEM2_E30005.wav,1,VCC2020_T20,
train,/lambda/nfs/algovirginia/workspace/DeepfakeDetectionRenewed/data/vcc2020/audio/T19/task1/team19_intra-TEF1_SEM1_E30001.wav,1,VCC2020_T19,
train,__hf__,0,librispeech,20604
train,__hf__,0,librispeech,4162
train,__hf__,0,librispeech,6061
train,/lambda/nfs/algovirginia/workspace/DeepfakeDetectionRenewed/data/wavefake/generated_audio/common_voices_prompts_from_conformer_fastspeech2_pwg_ljspeech/gen_399.wav,1,common_voices_prompts_from_conformer_fastspeech2_pwg_ljspeech,
train,/lambda/nfs/algovirginia/workspace/DeepfakeDetectionRenewed/data/wavefake/generated_audio/ljspeech_melgan/LJ018-0371_gen.wav,1,ljspeech_melgan,
train,__hf__,0,librispeech,14364
train,/lambda/nfs/algovirginia/workspace/DeepfakeDetectionRenewed/data/wavefake/generated_audio/ljspeech_melgan/LJ014-0170_gen.wav,1,ljspeech_melgan,
train,/lambda/nfs/algovirginia/workspace/DeepfakeDetectionRenewed/data/vcc2020/audio/T01/task1/team01_intra-TEF2_SEF2_E30002.wav,1,VCC2020_T01,
train,/lambda/nfs/algovirginia/workspace/DeepfakeDetectionRenewed/data/vcc2020/audio/T17/task1/team17_intra-TEF2_SEF2_E30001.wav,1,VCC2020_T17,
train,/lambda/nfs/algovirginia/workspace/DeepfakeDetectionRenewed/data/wavefake/generated_audio/common_voices_prompts_from_conformer_fastspeech2_pwg_ljspeech/gen_5538.wav,1,common_voices_prompts_from_conformer_fastspeech2_pwg_ljspeech,
train,__hf__,0,librispeech,27263
train,/lambda/nfs/algovirginia/workspace/DeepfakeDetectionRenewed/data/wavefake/generated_audio/ljspeech_parallel_wavegan/LJ023-0137_gen.wav,1,ljspeech_parallel_wavegan,
train,/lambda/nfs/algovirginia/workspace/DeepfakeDetectionRenewed/data/wavefake/generated_audio/ljspeech_multi_band_melgan/LJ023-0029_gen.wav,1,ljspeech_multi_band_melgan,
train,/lambda/nfs/algovirginia/workspace/DeepfakeDetectionRenewed/data/vcc2020/audio/T32/task1/team32_intra-TEF2_SEM1_E30005.wav,1,VCC2020_T32,
train,/lambda/nfs/algovirginia/workspace/DeepfakeDetectionRenewed/data/vcc2020/audio/T06/task1/team06_intra-TEM1_SEF1_E30005.wav,1,VCC2020_T06,
train,__hf__,0,librispeech,16110
train,__hf__,0,librispeech,6328
train,/lambda/nfs/algovirginia/workspace/DeepfakeDetectionRenewed/data/vcc2020/audio/T06/task1/team06_intra-TEM2_SEF1_E30001.wav,1,VCC2020_T06,
train,/lambda/nfs/algovirginia/workspace/DeepfakeDetectionRenewed/data/wavefake/generated_audio/common_voices_prompts_from_conformer_fastspeech2_pwg_ljspeech/gen_10999.wav,1,common_voices_prompts_from_conformer_fastspeech2_pwg_ljspeech,
train,/lambda/nfs/algovirginia/workspace/DeepfakeDetectionRenewed/data/wavefake/generated_audio/ljspeech_melgan/LJ031-0147_gen.wav,1,ljspeech_melgan,
train,/lambda/nfs/algovirginia/workspace/DeepfakeDetectionRenewed/data/wavefake/generated_audio/ljspeech_parallel_wavegan/LJ046-0168_gen.wav,1,ljspeech_parallel_wavegan,
train,/lambda/nfs/algovirginia/workspace/DeepfakeDetectionRenewed/data/vcc2020/audio/T22/task1/team22_intra-TEF1_SEM1_E30003.wav,1,VCC2020_T22,
train,__hf__,0,librispeech,5930
train,/lambda/nfs/algovirginia/workspace/DeepfakeDetectionRenewed/data/vcc2020/audio/T12/task1/team12_intra-TEF1_SEM2_E30003.wav,1,VCC2020_T12,
train,/lambda/nfs/algovirginia/workspace/DeepfakeDetectionRenewed/data/vcc2020/audio/T03/task1/team03_intra-TEF1_SEM1_E30005.wav,1,VCC2020_T03,
train,/lambda/nfs/algovirginia/workspace/DeepfakeDetectionRenewed/data/wavefake/generated_audio/ljspeech_multi_band_melgan/LJ030-0023_gen.wav,1,ljspeech_multi_band_melgan,
train,/lambda/nfs/algovirginia/workspace/DeepfakeDetectionRenewed/data/wavefake/generated_audio/ljspeech_melgan_large/LJ009-0301_gen.wav,1,ljspeech_melgan_large,
train,/lambda/nfs/algovirginia/workspace/DeepfakeDetectionRenewed/data/wavefake/generated_audio/ljspeech_melgan_large/LJ044-0014_gen.wav,1,ljspeech_melgan_large,
train,__hf__,0,librispeech,1871
train,/lambda/nfs/algovirginia/workspace/DeepfakeDetectionRenewed/data/wavefake/generated_audio/ljspeech_multi_band_melgan/LJ032-0230_gen.wav,1,ljspeech_multi_band_melgan,
train,/lambda/nfs/algovirginia/workspace/DeepfakeDetectionRenewed/data/vcc2020/audio/T19/task1/team19_intra-TEM1_SEM1_E30004.wav,1,VCC2020_T19,
train,__hf__,0,librispeech,16836
train,__hf__,0,librispeech,867
train,/lambda/nfs/algovirginia/workspace/DeepfakeDetectionRenewed/data/vcc2020/audio/T08/task1/team08_intra-TEF2_SEM1_E30003.wav,1,VCC2020_T08,
train,/lambda/nfs/algovirginia/workspace/DeepfakeDetectionRenewed/data/vcc2020/audio/T09/task1/team09_intra-TEF2_SEF1_E30002.wav,1,VCC2020_T09,
train,/lambda/nfs/algovirginia/workspace/DeepfakeDetectionRenewed/data/wavefake/generated_audio/ljspeech_parallel_wavegan/LJ013-0119_gen.wav,1,ljspeech_parallel_wavegan,
train,__hf__,0,librispeech,4057
train,/lambda/nfs/algovirginia/workspace/DeepfakeDetectionRenewed/data/vcc2020/audio/T07/task1/team07_intra-TEM1_SEM2_E30004.wav,1,VCC2020_T07,
train,/lambda/nfs/algovirginia/workspace/DeepfakeDetectionRenewed/data/wavefake/generated_audio/ljspeech_multi_band_melgan/LJ013-0069_gen.wav,1,ljspeech_multi_band_melgan,
train,__hf__,0,librispeech,22190
train,/lambda/nfs/algovirginia/workspace/DeepfakeDetectionRenewed/data/wavefake/generated_audio/ljspeech_melgan/LJ012-0073_gen.wav,1,ljspeech_melgan,
train,/lambda/nfs/algovirginia/workspace/DeepfakeDetectionRenewed/data/vcc2020/audio/T16/task1/team16_intra-TEM2_SEM2_E30005.wav,1,VCC2020_T16,
train,/lambda/nfs/algovirginia/workspace/DeepfakeDetectionRenewed/data/vcc2020/audio/T08/task1/team08_intra-TEF2_SEF1_E30004.wav,1,VCC2020_T08,
train,__hf__,0,librispeech,1087
train,__hf__,0,librispeech,7138
train,/lambda/nfs/algovirginia/workspace/DeepfakeDetectionRenewed/data/vcc2020/audio/T08/task1/team08_intra-TEM1_SEF1_E30005.wav,1,VCC2020_T08,
train,/lambda/nfs/algovirginia/workspace/DeepfakeDetectionRenewed/data/wavefake/generated_audio/ljspeech_parallel_wavegan/LJ017-0229_gen.wav,1,ljspeech_parallel_wavegan,
train,__hf__,0,librispeech,15435
train,__hf__,0,librispeech,4365
train,__hf__,0,librispeech,16214
train,__hf__,0,librispeech,17507
train,/lambda/nfs/algovirginia/workspace/DeepfakeDetectionRenewed/data/vcc2020/audio/T25/task1/team25_intra-TEF2_SEF2_E30004.wav,1,VCC2020_T25,
train,__hf__,0,librispeech,25599
train,__hf__,0,librispeech,1379
train,/lambda/nfs/algovirginia/workspace/DeepfakeDetectionRenewed/data/wavefake/generated_audio/ljspeech_waveglow/LJ046-0218.wav,1,ljspeech_waveglow,
train,/lambda/nfs/algovirginia/workspace/DeepfakeDetectionRenewed/data/wavefake/generated_audio/ljspeech_parallel_wavegan/LJ049-0193_gen.wav,1,ljspeech_parallel_wavegan,
train,/lambda/nfs/algovirginia/workspace/DeepfakeDetectionRenewed/data/wavefake/generated_audio/ljspeech_waveglow/LJ016-0239.wav,1,ljspeech_waveglow,
train,/lambda/nfs/algovirginia/workspace/DeepfakeDetectionRenewed/data/wavefake/generated_audio/ljspeech_waveglow/LJ002-0333.wav,1,ljspeech_waveglow,
train,/lambda/nfs/algovirginia/workspace/DeepfakeDetectionRenewed/data/wavefake/generated_audio/common_voices_prompts_from_conformer_fastspeech2_pwg_ljspeech/gen_152.wav,1,common_voices_prompts_from_conformer_fastspeech2_pwg_ljspeech,
train,/lambda/nfs/algovirginia/workspace/DeepfakeDetectionRenewed/data/vcc2020/audio/T10/task1/team10_intra-TEM2_SEM2_E30002.wav,1,VCC2020_T10,
train,/lambda/nfs/algovirginia/workspace/DeepfakeDetectionRenewed/data/vcc2020/audio/T07/task1/team07_intra-TEF1_SEF1_E30004.wav,1,VCC2020_T07,
train,/lambda/nfs/algovirginia/workspace/DeepfakeDetectionRenewed/data/wavefake/generated_audio/common_voices_prompts_from_conformer_fastspeech2_pwg_ljspeech/gen_6002.wav,1,common_voices_prompts_from_conformer_fastspeech2_pwg_ljspeech,
train,__hf__,0,librispeech,8447
train,/lambda/nfs/algovirginia/workspace/DeepfakeDetectionRenewed/data/wavefake/generated_audio/ljspeech_waveglow/LJ006-0011.wav,1,ljspeech_waveglow,
train,/lambda/nfs/algovirginia/workspace/DeepfakeDetectionRenewed/data/vcc2020/audio/T14/task1/team14_intra-TEM1_SEM2_E30003.wav,1,VCC2020_T14,
train,__hf__,0,librispeech,17570
train,/lambda/nfs/algovirginia/workspace/DeepfakeDetectionRenewed/data/wavefake/generated_audio/ljspeech_multi_band_melgan/LJ013-0089_gen.wav,1,ljspeech_multi_band_melgan,
train,/lambda/nfs/algovirginia/workspace/DeepfakeDetectionRenewed/data/vcc2020/audio/T04/task1/team04_intra-TEF2_SEM1_E30002.wav,1,VCC2020_T04,
train,__hf__,0,librispeech,23156
train,__hf__,0,librispeech,14633
train,/lambda/nfs/algovirginia/workspace/DeepfakeDetectionRenewed/data/vcc2020/audio/T07/task1/team07_intra-TEF2_SEF1_E30001.wav,1,VCC2020_T07,
train,/lambda/nfs/algovirginia/workspace/DeepfakeDetectionRenewed/data/vcc2020/audio/T30/task1/team30_intra-TEF2_SEM1_E30002.wav,1,VCC2020_T30,
train,__hf__,0,librispeech,20239
train,__hf__,0,librispeech,9033
train,/lambda/nfs/algovirginia/workspace/DeepfakeDetectionRenewed/data/vcc2020/audio/T11/task1/team11_intra-TEM1_SEF2_E30002.wav,1,VCC2020_T11,
train,/lambda/nfs/algovirginia/workspace/DeepfakeDetectionRenewed/data/wavefake/generated_audio/ljspeech_hifiGAN/LJ002-0022_generated.wav,1,ljspeech_hifiGAN,
train,/lambda/nfs/algovirginia/workspace/DeepfakeDetectionRenewed/data/wavefake/generated_audio/ljspeech_melgan/LJ021-0025_gen.wav,1,ljspeech_melgan,
train,/lambda/nfs/algovirginia/workspace/DeepfakeDetectionRenewed/data/vcc2020/audio/T17/task1/team17_intra-TEF2_SEM1_E30002.wav,1,VCC2020_T17,
train,__hf__,0,librispeech,23179
train,/lambda/nfs/algovirginia/workspace/DeepfakeDetectionRenewed/data/vcc2020/audio/T26/task1/team26_intra-TEM2_SEF1_E30005.wav,1,VCC2020_T26,
train,/lambda/nfs/algovirginia/workspace/DeepfakeDetectionRenewed/data/wavefake/generated_audio/common_voices_prompts_from_conformer_fastspeech2_pwg_ljspeech/gen_4164.wav,1,common_voices_prompts_from_conformer_fastspeech2_pwg_ljspeech,
train,/lambda/nfs/algovirginia/workspace/DeepfakeDetectionRenewed/data/wavefake/generated_audio/common_voices_prompts_from_conformer_fastspeech2_pwg_ljspeech/gen_8948.wav,1,common_voices_prompts_from_conformer_fastspeech2_pwg_ljspeech,
train,__hf__,0,librispeech,12901
train,/lambda/nfs/algovirginia/workspace/DeepfakeDetectionRenewed/data/vcc2020/audio/T02/task1/team02_intra-TEF2_SEF1_E30004.wav,1,VCC2020_T02,
train,/lambda/nfs/algovirginia/workspace/DeepfakeDetectionRenewed/data/wavefake/generated_audio/ljspeech_melgan/LJ041-0139_gen.wav,1,ljspeech_melgan,
train,/lambda/nfs/algovirginia/workspace/DeepfakeDetectionRenewed/data/vcc2020/audio/T27/task1/team27_intra-TEF1_SEF2_E30003.wav,1,VCC2020_T27,
train,/lambda/nfs/algovirginia/workspace/DeepfakeDetectionRenewed/data/vcc2020/audio/T13/task1/team13_intra-TEM2_SEF1_E30001.wav,1,VCC2020_T13,
train,/lambda/nfs/algovirginia/workspace/DeepfakeDetectionRenewed/data/vcc2020/audio/T31/task1/team31_intra-TEM2_SEF1_E30002.wav,1,VCC2020_T31,
train,/lambda/nfs/algovirginia/workspace/DeepfakeDetectionRenewed/data/vcc2020/audio/T29/task1/team29_intra-TEF1_SEF1_E30005.wav,1,VCC2020_T29,
train,__hf__,0,librispeech,2161
train,/lambda/nfs/algovirginia/workspace/DeepfakeDetectionRenewed/data/wavefake/generated_audio/common_voices_prompts_from_conformer_fastspeech2_pwg_ljspeech/gen_7450.wav,1,common_voices_prompts_from_conformer_fastspeech2_pwg_ljspeech,
train,__hf__,0,librispeech,1848
train,/lambda/nfs/algovirginia/workspace/DeepfakeDetectionRenewed/data/vcc2020/audio/T16/task1/team16_intra-TEM2_SEM2_E30002.wav,1,VCC2020_T16,
train,__hf__,0,librispeech,10385
train,__hf__,0,librispeech,1230
train,__hf__,0,librispeech,21826
train,/lambda/nfs/algovirginia/workspace/DeepfakeDetectionRenewed/data/vcc2020/audio/T20/task1/team20_intra-TEF1_SEM1_E30002.wav,1,VCC2020_T20,
train,/lambda/nfs/algovirginia/workspace/DeepfakeDetectionRenewed/data/wavefake/generated_audio/ljspeech_full_band_melgan/LJ036-0092_gen.wav,1,ljspeech_full_band_melgan,
train,__hf__,0,librispeech,4887
train,__hf__,0,librispeech,3545
train,__hf__,0,librispeech,5331
train,/lambda/nfs/algovirginia/workspace/DeepfakeDetectionRenewed/data/wavefake/generated_audio/ljspeech_full_band_melgan/LJ034-0082_gen.wav,1,ljspeech_full_band_melgan,
train,__hf__,0,librispeech,21049
train,/lambda/nfs/algovirginia/workspace/DeepfakeDetectionRenewed/data/wavefake/generated_audio/ljspeech_parallel_wavegan/LJ019-0255_gen.wav,1,ljspeech_parallel_wavegan,
train,__hf__,0,librispeech,15653
train,/lambda/nfs/algovirginia/workspace/DeepfakeDetectionRenewed/data/vcc2020/audio/T06/task1/team06_intra-TEF2_SEM2_E30005.wav,1,VCC2020_T06,
train,/lambda/nfs/algovirginia/workspace/DeepfakeDetectionRenewed/data/wavefake/generated_audio/ljspeech_hifiGAN/LJ007-0175_generated.wav,1,ljspeech_hifiGAN,
train,__hf__,0,librispeech,4246
train,/lambda/nfs/algovirginia/workspace/DeepfakeDetectionRenewed/data/wavefake/generated_audio/common_voices_prompts_from_conformer_fastspeech2_pwg_ljspeech/gen_12255.wav,1,common_voices_prompts_from_conformer_fastspeech2_pwg_ljspeech,
train,/lambda/nfs/algovirginia/workspace/DeepfakeDetectionRenewed/data/wavefake/generated_audio/common_voices_prompts_from_conformer_fastspeech2_pwg_ljspeech/gen_3670.wav,1,common_voices_prompts_from_conformer_fastspeech2_pwg_ljspeech,
train,/lambda/nfs/algovirginia/workspace/DeepfakeDetectionRenewed/data/vcc2020/audio/T17/task1/team17_intra-TEM2_SEF2_E30005.wav,1,VCC2020_T17,
train,__hf__,0,librispeech,7369
train,__hf__,0,librispeech,14056
train,/lambda/nfs/algovirginia/workspace/DeepfakeDetectionRenewed/data/wavefake/generated_audio/common_voices_prompts_from_conformer_fastspeech2_pwg_ljspeech/gen_2084.wav,1,common_voices_prompts_from_conformer_fastspeech2_pwg_ljspeech,
train,__hf__,0,librispeech,5210
train,__hf__,0,librispeech,12900
train,__hf__,0,librispeech,16634
train,__hf__,0,librispeech,21034
train,__hf__,0,librispeech,20207
train,/lambda/nfs/algovirginia/workspace/DeepfakeDetectionRenewed/data/vcc2020/audio/T08/task1/team08_intra-TEM2_SEF2_E30004.wav,1,VCC2020_T08,
train,__hf__,0,librispeech,19333
train,/lambda/nfs/algovirginia/workspace/DeepfakeDetectionRenewed/data/wavefake/generated_audio/ljspeech_hifiGAN/LJ014-0178_generated.wav,1,ljspeech_hifiGAN,
train,__hf__,0,librispeech,27454
train,/lambda/nfs/algovirginia/workspace/DeepfakeDetectionRenewed/data/vcc2020/audio/T30/task1/team30_intra-TEF2_SEM1_E30004.wav,1,VCC2020_T30,
train,/lambda/nfs/algovirginia/workspace/DeepfakeDetectionRenewed/data/vcc2020/audio/T32/task1/team32_intra-TEM1_SEM1_E30004.wav,1,VCC2020_T32,
train,__hf__,0,librispeech,23120
train,/lambda/nfs/algovirginia/workspace/DeepfakeDetectionRenewed/data/wavefake/generated_audio/ljspeech_full_band_melgan/LJ036-0029_gen.wav,1,ljspeech_full_band_melgan,
train,/lambda/nfs/algovirginia/workspace/DeepfakeDetectionRenewed/data/vcc2020/audio/T10/task1/team10_intra-TEM1_SEM2_E30005.wav,1,VCC2020_T10,
train,/lambda/nfs/algovirginia/workspace/DeepfakeDetectionRenewed/data/wavefake/generated_audio/ljspeech_multi_band_melgan/LJ008-0026_gen.wav,1,ljspeech_multi_band_melgan,
train,__hf__,0,librispeech,25375
train,__hf__,0,librispeech,4342
train,/lambda/nfs/algovirginia/workspace/DeepfakeDetectionRenewed/data/vcc2020/audio/T04/task1/team04_intra-TEM1_SEF2_E30003.wav,1,VCC2020_T04,
train,__hf__,0,librispeech,10153
train,/lambda/nfs/algovirginia/workspace/DeepfakeDetectionRenewed/data/wavefake/generated_audio/ljspeech_waveglow/LJ049-0159.wav,1,ljspeech_waveglow,
train,__hf__,0,librispeech,1179
train,/lambda/nfs/algovirginia/workspace/DeepfakeDetectionRenewed/data/vcc2020/audio/T20/task1/team20_intra-TEM2_SEF1_E30001.wav,1,VCC2020_T20,
train,__hf__,0,librispeech,27514
train,__hf__,0,librispeech,24964
train,__hf__,0,librispeech,3558
train,__hf__,0,librispeech,25387
train,__hf__,0,librispeech,6814
train,/lambda/nfs/algovirginia/workspace/DeepfakeDetectionRenewed/data/wavefake/generated_audio/ljspeech_full_band_melgan/LJ046-0233_gen.wav,1,ljspeech_full_band_melgan,
train,__hf__,0,librispeech,11632
train,__hf__,0,librispeech,14800
train,__hf__,0,librispeech,9838
train,/lambda/nfs/algovirginia/workspace/DeepfakeDetectionRenewed/data/vcc2020/audio/T06/task1/team06_intra-TEM1_SEM2_E30002.wav,1,VCC2020_T06,
train,__hf__,0,librispeech,23270
train,__hf__,0,librispeech,14427
train,__hf__,0,librispeech,27666
train,__hf__,0,librispeech,18774
train,/lambda/nfs/algovirginia/workspace/DeepfakeDetectionRenewed/data/wavefake/generated_audio/ljspeech_full_band_melgan/LJ009-0071_gen.wav,1,ljspeech_full_band_melgan,
train,__hf__,0,librispeech,7474
train,/lambda/nfs/algovirginia/workspace/DeepfakeDetectionRenewed/data/vcc2020/audio/T09/task1/team09_intra-TEM1_SEF2_E30003.wav,1,VCC2020_T09,
train,__hf__,0,librispeech,10073
train,__hf__,0,librispeech,5107
train,/lambda/nfs/algovirginia/workspace/DeepfakeDetectionRenewed/data/wavefake/generated_audio/common_voices_prompts_from_conformer_fastspeech2_pwg_ljspeech/gen_3845.wav,1,common_voices_prompts_from_conformer_fastspeech2_pwg_ljspeech,
train,__hf__,0,librispeech,27077
train,__hf__,0,librispeech,26319
train,/lambda/nfs/algovirginia/workspace/DeepfakeDetectionRenewed/data/wavefake/generated_audio/common_voices_prompts_from_conformer_fastspeech2_pwg_ljspeech/gen_15397.wav,1,common_voices_prompts_from_conformer_fastspeech2_pwg_ljspeech,
train,__hf__,0,librispeech,26264
train,/lambda/nfs/algovirginia/workspace/DeepfakeDetectionRenewed/data/wavefake/generated_audio/ljspeech_hifiGAN/LJ045-0067_generated.wav,1,ljspeech_hifiGAN,
train,/lambda/nfs/algovirginia/workspace/DeepfakeDetectionRenewed/data/vcc2020/audio/T29/task1/team29_intra-TEF1_SEM1_E30003.wav,1,VCC2020_T29,
train,/lambda/nfs/algovirginia/workspace/DeepfakeDetectionRenewed/data/wavefake/generated_audio/ljspeech_multi_band_melgan/LJ026-0064_gen.wav,1,ljspeech_multi_band_melgan,
train,__hf__,0,librispeech,13021
train,__hf__,0,librispeech,2679
train,__hf__,0,librispeech,2427
train,__hf__,0,librispeech,12477
train,__hf__,0,librispeech,8987
train,__hf__,0,librispeech,5271
train,__hf__,0,librispeech,2056
train,/lambda/nfs/algovirginia/workspace/DeepfakeDetectionRenewed/data/wavefake/generated_audio/common_voices_prompts_from_conformer_fastspeech2_pwg_ljspeech/gen_3889.wav,1,common_voices_prompts_from_conformer_fastspeech2_pwg_ljspeech,
train,__hf__,0,librispeech,13233
train,__hf__,0,librispeech,9150
train,/lambda/nfs/algovirginia/workspace/DeepfakeDetectionRenewed/data/vcc2020/audio/T20/task1/team20_intra-TEM2_SEM1_E30004.wav,1,VCC2020_T20,
train,/lambda/nfs/algovirginia/workspace/DeepfakeDetectionRenewed/data/wavefake/generated_audio/ljspeech_waveglow/LJ012-0205.wav,1,ljspeech_waveglow,
train,/lambda/nfs/algovirginia/workspace/DeepfakeDetectionRenewed/data/wavefake/generated_audio/ljspeech_melgan/LJ038-0127_gen.wav,1,ljspeech_melgan,
train,/lambda/nfs/algovirginia/workspace/DeepfakeDetectionRenewed/data/vcc2020/audio/T27/task1/team27_intra-TEF2_SEM2_E30002.wav,1,VCC2020_T27,
train,__hf__,0,librispeech,28205
train,__hf__,0,librispeech,21012
train,__hf__,0,librispeech,28209
train,/lambda/nfs/algovirginia/workspace/DeepfakeDetectionRenewed/data/wavefake/generated_audio/common_voices_prompts_from_conformer_fastspeech2_pwg_ljspeech/gen_9615.wav,1,common_voices_prompts_from_conformer_fastspeech2_pwg_ljspeech,
train,/lambda/nfs/algovirginia/workspace/DeepfakeDetectionRenewed/data/vcc2020/audio/T12/task1/team12_intra-TEF2_SEF1_E30004.wav,1,VCC2020_T12,
train,__hf__,0,librispeech,926
train,__hf__,0,librispeech,17945
train,__hf__,0,librispeech,12993
train,__hf__,0,librispeech,24795
train,__hf__,0,librispeech,1766
train,/lambda/nfs/algovirginia/workspace/DeepfakeDetectionRenewed/data/wavefake/generated_audio/ljspeech_waveglow/LJ028-0466.wav,1,ljspeech_waveglow,
train,__hf__,0,librispeech,11919
train,__hf__,0,librispeech,5408
train,/lambda/nfs/algovirginia/workspace/DeepfakeDetectionRenewed/data/vcc2020/audio/T17/task1/team17_intra-TEM1_SEF2_E30002.wav,1,VCC2020_T17,
train,__hf__,0,librispeech,4082
train,__hf__,0,librispeech,28423
train,__hf__,0,librispeech,17486
train,/lambda/nfs/algovirginia/workspace/DeepfakeDetectionRenewed/data/vcc2020/audio/T18/task1/team18_intra-TEM1_SEM2_E30001.wav,1,VCC2020_T18,
train,/lambda/nfs/algovirginia/workspace/DeepfakeDetectionRenewed/data/wavefake/generated_audio/ljspeech_melgan_large/LJ005-0016_gen.wav,1,ljspeech_melgan_large,
train,__hf__,0,librispeech,24331
train,__hf__,0,librispeech,12947
train,/lambda/nfs/algovirginia/workspace/DeepfakeDetectionRenewed/data/vcc2020/audio/T02/task1/team02_intra-TEF2_SEF2_E30002.wav,1,VCC2020_T02,
train,__hf__,0,librispeech,26244
train,__hf__,0,librispeech,16783
train,__hf__,0,librispeech,16999
train,__hf__,0,librispeech,5519
train,/lambda/nfs/algovirginia/workspace/DeepfakeDetectionRenewed/data/vcc2020/audio/T12/task1/team12_intra-TEF1_SEF2_E30001.wav,1,VCC2020_T12,
train,/lambda/nfs/algovirginia/workspace/DeepfakeDetectionRenewed/data/vcc2020/audio/T03/task1/team03_intra-TEF2_SEM1_E30002.wav,1,VCC2020_T03,
train,/lambda/nfs/algovirginia/workspace/DeepfakeDetectionRenewed/data/vcc2020/audio/T24/task1/team24_intra-TEM2_SEF2_E30005.wav,1,VCC2020_T24,
train,/lambda/nfs/algovirginia/workspace/DeepfakeDetectionRenewed/data/wavefake/generated_audio/ljspeech_parallel_wavegan/LJ046-0160_gen.wav,1,ljspeech_parallel_wavegan,
train,/lambda/nfs/algovirginia/workspace/DeepfakeDetectionRenewed/data/vcc2020/audio/T12/task1/team12_intra-TEF1_SEF2_E30002.wav,1,VCC2020_T12,
train,/lambda/nfs/algovirginia/workspace/DeepfakeDetectionRenewed/data/wavefake/generated_audio/ljspeech_hifiGAN/LJ011-0270_generated.wav,1,ljspeech_hifiGAN,
train,__hf__,0,librispeech,8560
train,__hf__,0,librispeech,23374
train,__hf__,0,librispeech,7506
train,__hf__,0,librispeech,27292
train,/lambda/nfs/algovirginia/workspace/DeepfakeDetectionRenewed/data/vcc2020/audio/T03/task1/team03_intra-TEF1_SEF2_E30004.wav,1,VCC2020_T03,
train,/lambda/nfs/algovirginia/workspace/DeepfakeDetectionRenewed/data/vcc2020/audio/T04/task1/team04_intra-TEF1_SEM1_E30004.wav,1,VCC2020_T04,
train,__hf__,0,librispeech,18436
train,/lambda/nfs/algovirginia/workspace/DeepfakeDetectionRenewed/data/wavefake/generated_audio/ljspeech_melgan/LJ036-0216_gen.wav,1,ljspeech_melgan,
train,__hf__,0,librispeech,1805
train,__hf__,0,librispeech,20543
train,__hf__,0,librispeech,13761
train,/lambda/nfs/algovirginia/workspace/DeepfakeDetectionRenewed/data/vcc2020/audio/T04/task1/team04_intra-TEM1_SEM2_E30002.wav,1,VCC2020_T04,
train,__hf__,0,librispeech,14372
train,__hf__,0,librispeech,19233
train,/lambda/nfs/algovirginia/workspace/DeepfakeDetectionRenewed/data/vcc2020/audio/T20/task1/team20_intra-TEM1_SEF2_E30002.wav,1,VCC2020_T20,
train,__hf__,0,librispeech,18812
train,__hf__,0,librispeech,21744
train,__hf__,0,librispeech,13934
train,__hf__,0,librispeech,23304
train,__hf__,0,librispeech,22879
train,/lambda/nfs/algovirginia/workspace/DeepfakeDetectionRenewed/data/wavefake/generated_audio/ljspeech_waveglow/LJ018-0092.wav,1,ljspeech_waveglow,
train,/lambda/nfs/algovirginia/workspace/DeepfakeDetectionRenewed/data/vcc2020/audio/T16/task1/team16_intra-TEF2_SEM2_E30002.wav,1,VCC2020_T16,
train,__hf__,0,librispeech,24082
train,__hf__,0,librispeech,9924
train,/lambda/nfs/algovirginia/workspace/DeepfakeDetectionRenewed/data/wavefake/generated_audio/ljspeech_parallel_wavegan/LJ006-0211_gen.wav,1,ljspeech_parallel_wavegan,
train,/lambda/nfs/algovirginia/workspace/DeepfakeDetectionRenewed/data/wavefake/generated_audio/ljspeech_melgan_large/LJ050-0257_gen.wav,1,ljspeech_melgan_large,
train,__hf__,0,librispeech,5286
train,/lambda/nfs/algovirginia/workspace/DeepfakeDetectionRenewed/data/wavefake/generated_audio/ljspeech_waveglow/LJ002-0012.wav,1,ljspeech_waveglow,
train,/lambda/nfs/algovirginia/workspace/DeepfakeDetectionRenewed/data/vcc2020/audio/T21/task1/team21_intra-TEF2_SEM2_E30004.wav,1,VCC2020_T21,
train,/lambda/nfs/algovirginia/workspace/DeepfakeDetectionRenewed/data/vcc2020/audio/T20/task1/team20_intra-TEF2_SEF1_E30004.wav,1,VCC2020_T20,
train,/lambda/nfs/algovirginia/workspace/DeepfakeDetectionRenewed/data/vcc2020/audio/T33/task1/team33_intra-TEF2_SEM2_E30001.wav,1,VCC2020_T33,
train,/lambda/nfs/algovirginia/workspace/DeepfakeDetectionRenewed/data/vcc2020/audio/T29/task1/team29_intra-TEM2_SEF2_E30001.wav,1,VCC2020_T29,
train,__hf__,0,librispeech,20693
train,__hf__,0,librispeech,22551
train,/lambda/nfs/algovirginia/workspace/DeepfakeDetectionRenewed/data/vcc2020/audio/T08/task1/team08_intra-TEM1_SEF1_E30003.wav,1,VCC2020_T08,
train,__hf__,0,librispeech,14782
train,/lambda/nfs/algovirginia/workspace/DeepfakeDetectionRenewed/data/wavefake/generated_audio/ljspeech_hifiGAN/LJ038-0261_generated.wav,1,ljspeech_hifiGAN,
train,/lambda/nfs/algovirginia/workspace/DeepfakeDetectionRenewed/data/wavefake/generated_audio/ljspeech_waveglow/LJ002-0175.wav,1,ljspeech_waveglow,
train,/lambda/nfs/algovirginia/workspace/DeepfakeDetectionRenewed/data/wavefake/generated_audio/ljspeech_hifiGAN/LJ035-0189_generated.wav,1,ljspeech_hifiGAN,
train,/lambda/nfs/algovirginia/workspace/DeepfakeDetectionRenewed/data/vcc2020/audio/T17/task1/team17_intra-TEM1_SEF2_E30004.wav,1,VCC2020_T17,
train,__hf__,0,librispeech,22903
train,/lambda/nfs/algovirginia/workspace/DeepfakeDetectionRenewed/data/wavefake/generated_audio/ljspeech_full_band_melgan/LJ012-0014_gen.wav,1,ljspeech_full_band_melgan,
train,__hf__,0,librispeech,17095
train,__hf__,0,librispeech,17113
train,__hf__,0,librispeech,25321
train,/lambda/nfs/algovirginia/workspace/DeepfakeDetectionRenewed/data/vcc2020/audio/T32/task1/team32_intra-TEF2_SEM2_E30001.wav,1,VCC2020_T32,
train,/lambda/nfs/algovirginia/workspace/DeepfakeDetectionRenewed/data/vcc2020/audio/T06/task1/team06_intra-TEM1_SEM1_E30002.wav,1,VCC2020_T06,
train,/lambda/nfs/algovirginia/workspace/DeepfakeDetectionRenewed/data/vcc2020/audio/T23/task1/team23_intra-TEM1_SEF2_E30005.wav,1,VCC2020_T23,
train,/lambda/nfs/algovirginia/workspace/DeepfakeDetectionRenewed/data/wavefake/generated_audio/common_voices_prompts_from_conformer_fastspeech2_pwg_ljspeech/gen_7982.wav,1,common_voices_prompts_from_conformer_fastspeech2_pwg_ljspeech,
train,/lambda/nfs/algovirginia/workspace/DeepfakeDetectionRenewed/data/vcc2020/audio/T26/task1/team26_intra-TEM2_SEM1_E30005.wav,1,VCC2020_T26,
train,__hf__,0,librispeech,7190
train,/lambda/nfs/algovirginia/workspace/DeepfakeDetectionRenewed/data/wavefake/generated_audio/ljspeech_melgan/LJ008-0092_gen.wav,1,ljspeech_melgan,
train,/lambda/nfs/algovirginia/workspace/DeepfakeDetectionRenewed/data/vcc2020/audio/T27/task1/team27_intra-TEF2_SEF2_E30003.wav,1,VCC2020_T27,
train,__hf__,0,librispeech,15475
train,/lambda/nfs/algovirginia/workspace/DeepfakeDetectionRenewed/data/vcc2020/audio/T04/task1/team04_intra-TEF1_SEF2_E30001.wav,1,VCC2020_T04,
train,/lambda/nfs/algovirginia/workspace/DeepfakeDetectionRenewed/data/vcc2020/audio/T23/task1/team23_intra-TEF1_SEF1_E30001.wav,1,VCC2020_T23,
train,__hf__,0,librispeech,15744
train,/lambda/nfs/algovirginia/workspace/DeepfakeDetectionRenewed/data/vcc2020/audio/T28/task1/team28_intra-TEM2_SEM2_E30003.wav,1,VCC2020_T28,
train,__hf__,0,librispeech,23194
train,__hf__,0,librispeech,24869
train,/lambda/nfs/algovirginia/workspace/DeepfakeDetectionRenewed/data/vcc2020/audio/T06/task1/team06_intra-TEM2_SEM2_E30003.wav,1,VCC2020_T06,
train,__hf__,0,librispeech,12376
train,__hf__,0,librispeech,2443
train,__hf__,0,librispeech,21697
train,/lambda/nfs/algovirginia/workspace/DeepfakeDetectionRenewed/data/wavefake/generated_audio/ljspeech_multi_band_melgan/LJ021-0206_gen.wav,1,ljspeech_multi_band_melgan,
train,/lambda/nfs/algovirginia/workspace/DeepfakeDetectionRenewed/data/vcc2020/audio/T13/task1/team13_intra-TEM2_SEM2_E30003.wav,1,VCC2020_T13,
train,__hf__,0,librispeech,1895
train,__hf__,0,librispeech,6770
train,__hf__,0,librispeech,2867
train,__hf__,0,librispeech,105
train,/lambda/nfs/algovirginia/workspace/DeepfakeDetectionRenewed/data/vcc2020/audio/T32/task1/team32_intra-TEF2_SEM1_E30004.wav,1,VCC2020_T32,
train,/lambda/nfs/algovirginia/workspace/DeepfakeDetectionRenewed/data/vcc2020/audio/T16/task1/team16_intra-TEM1_SEM2_E30003.wav,1,VCC2020_T16,
train,__hf__,0,librispeech,5457
train,/lambda/nfs/algovirginia/workspace/DeepfakeDetectionRenewed/data/vcc2020/audio/T09/task1/team09_intra-TEF2_SEF2_E30001.wav,1,VCC2020_T09,
train,/lambda/nfs/algovirginia/workspace/DeepfakeDetectionRenewed/data/vcc2020/audio/T07/task1/team07_intra-TEF1_SEF2_E30005.wav,1,VCC2020_T07,
train,__hf__,0,librispeech,25506
train,/lambda/nfs/algovirginia/workspace/DeepfakeDetectionRenewed/data/wavefake/generated_audio/ljspeech_multi_band_melgan/LJ019-0074_gen.wav,1,ljspeech_multi_band_melgan,
train,/lambda/nfs/algovirginia/workspace/DeepfakeDetectionRenewed/data/vcc2020/audio/T28/task1/team28_intra-TEF2_SEM2_E30004.wav,1,VCC2020_T28,
train,/lambda/nfs/algovirginia/workspace/DeepfakeDetectionRenewed/data/wavefake/generated_audio/ljspeech_melgan_large/LJ038-0032_gen.wav,1,ljspeech_melgan_large,
train,/lambda/nfs/algovirginia/workspace/DeepfakeDetectionRenewed/data/wavefake/generated_audio/ljspeech_waveglow/LJ019-0197.wav,1,ljspeech_waveglow,
train,/lambda/nfs/algovirginia/workspace/DeepfakeDetectionRenewed/data/wavefake/generated_audio/ljspeech_full_band_melgan/LJ011-0205_gen.wav,1,ljspeech_full_band_melgan,
train,__hf__,0,librispeech,27167
train,/lambda/nfs/algovirginia/workspace/DeepfakeDetectionRenewed/data/wavefake/generated_audio/ljspeech_waveglow/LJ017-0010.wav,1,ljspeech_waveglow,
train,__hf__,0,librispeech,24157
train,__hf__,0,librispeech,14972
train,__hf__,0,librispeech,15479
train,/lambda/nfs/algovirginia/workspace/DeepfakeDetectionRenewed/data/wavefake/generated_audio/ljspeech_waveglow/LJ019-0291.wav,1,ljspeech_waveglow,
train,__hf__,0,librispeech,13472
train,__hf__,0,librispeech,23380
train,/lambda/nfs/algovirginia/workspace/DeepfakeDetectionRenewed/data/vcc2020/audio/T23/task1/team23_intra-TEM2_SEM1_E30003.wav,1,VCC2020_T23,
train,/lambda/nfs/algovirginia/workspace/DeepfakeDetectionRenewed/data/wavefake/generated_audio/ljspeech_waveglow/LJ045-0244.wav,1,ljspeech_waveglow,
train,/lambda/nfs/algovirginia/workspace/DeepfakeDetectionRenewed/data/vcc2020/audio/T33/task1/team33_intra-TEF2_SEF1_E30004.wav,1,VCC2020_T33,
train,__hf__,0,librispeech,5306
train,__hf__,0,librispeech,19432
train,/lambda/nfs/algovirginia/workspace/DeepfakeDetectionRenewed/data/wavefake/generated_audio/ljspeech_hifiGAN/LJ014-0043_generated.wav,1,ljspeech_hifiGAN,
train,/lambda/nfs/algovirginia/workspace/DeepfakeDetectionRenewed/data/wavefake/generated_audio/ljspeech_melgan/LJ038-0211_gen.wav,1,ljspeech_melgan,
train,/lambda/nfs/algovirginia/workspace/DeepfakeDetectionRenewed/data/vcc2020/audio/T13/task1/team13_intra-TEM2_SEM1_E30003.wav,1,VCC2020_T13,
train,/lambda/nfs/algovirginia/workspace/DeepfakeDetectionRenewed/data/vcc2020/audio/T17/task1/team17_intra-TEF2_SEF1_E30005.wav,1,VCC2020_T17,
train,/lambda/nfs/algovirginia/workspace/DeepfakeDetectionRenewed/data/vcc2020/audio/T33/task1/team33_intra-TEF2_SEF2_E30005.wav,1,VCC2020_T33,
train,__hf__,0,librispeech,24694
train,/lambda/nfs/algovirginia/workspace/DeepfakeDetectionRenewed/data/vcc2020/audio/T08/task1/team08_intra-TEF2_SEF2_E30002.wav,1,VCC2020_T08,
train,/lambda/nfs/algovirginia/workspace/DeepfakeDetectionRenewed/data/wavefake/generated_audio/ljspeech_multi_band_melgan/LJ028-0162_gen.wav,1,ljspeech_multi_band_melgan,
train,/lambda/nfs/algovirginia/workspace/DeepfakeDetectionRenewed/data/wavefake/generated_audio/common_voices_prompts_from_conformer_fastspeech2_pwg_ljspeech/gen_9593.wav,1,common_voices_prompts_from_conformer_fastspeech2_pwg_ljspeech,
train,/lambda/nfs/algovirginia/workspace/DeepfakeDetectionRenewed/data/wavefake/generated_audio/ljspeech_melgan/LJ017-0212_gen.wav,1,ljspeech_melgan,
train,__hf__,0,librispeech,25331
train,__hf__,0,librispeech,20652
train,/lambda/nfs/algovirginia/workspace/DeepfakeDetectionRenewed/data/wavefake/generated_audio/ljspeech_waveglow/LJ027-0117.wav,1,ljspeech_waveglow,
train,__hf__,0,librispeech,16129
train,/lambda/nfs/algovirginia/workspace/DeepfakeDetectionRenewed/data/vcc2020/audio/T12/task1/team12_intra-TEF1_SEF2_E30003.wav,1,VCC2020_T12,
train,/lambda/nfs/algovirginia/workspace/DeepfakeDetectionRenewed/data/wavefake/generated_audio/ljspeech_multi_band_melgan/LJ006-0089_gen.wav,1,ljspeech_multi_band_melgan,
train,/lambda/nfs/algovirginia/workspace/DeepfakeDetectionRenewed/data/vcc2020/audio/T28/task1/team28_intra-TEM1_SEF2_E30004.wav,1,VCC2020_T28,
train,__hf__,0,librispeech,24128
train,/lambda/nfs/algovirginia/workspace/DeepfakeDetectionRenewed/data/wavefake/generated_audio/ljspeech_waveglow/LJ008-0048.wav,1,ljspeech_waveglow,
train,/lambda/nfs/algovirginia/workspace/DeepfakeDetectionRenewed/data/wavefake/generated_audio/ljspeech_waveglow/LJ009-0135.wav,1,ljspeech_waveglow,
train,/lambda/nfs/algovirginia/workspace/DeepfakeDetectionRenewed/data/wavefake/generated_audio/ljspeech_parallel_wavegan/LJ016-0014_gen.wav,1,ljspeech_parallel_wavegan,
train,/lambda/nfs/algovirginia/workspace/DeepfakeDetectionRenewed/data/wavefake/generated_audio/ljspeech_full_band_melgan/LJ006-0155_gen.wav,1,ljspeech_full_band_melgan,
train,/lambda/nfs/algovirginia/workspace/DeepfakeDetectionRenewed/data/vcc2020/audio/T07/task1/team07_intra-TEM1_SEF2_E30002.wav,1,VCC2020_T07,
train,__hf__,0,librispeech,13133
train,/lambda/nfs/algovirginia/workspace/DeepfakeDetectionRenewed/data/vcc2020/audio/T16/task1/team16_intra-TEM1_SEM1_E30002.wav,1,VCC2020_T16,
train,/lambda/nfs/algovirginia/workspace/DeepfakeDetectionRenewed/data/vcc2020/audio/T30/task1/team30_intra-TEM1_SEM2_E30001.wav,1,VCC2020_T30,
train,/lambda/nfs/algovirginia/workspace/DeepfakeDetectionRenewed/data/vcc2020/audio/T16/task1/team16_intra-TEM2_SEF2_E30005.wav,1,VCC2020_T16,
train,__hf__,0,librispeech,6923
train,/lambda/nfs/algovirginia/workspace/DeepfakeDetectionRenewed/data/vcc2020/audio/T28/task1/team28_intra-TEM1_SEM2_E30004.wav,1,VCC2020_T28,
train,__hf__,0,librispeech,22542
train,/lambda/nfs/algovirginia/workspace/DeepfakeDetectionRenewed/data/wavefake/generated_audio/ljspeech_waveglow/LJ021-0067.wav,1,ljspeech_waveglow,
train,/lambda/nfs/algovirginia/workspace/DeepfakeDetectionRenewed/data/vcc2020/audio/T14/task1/team14_intra-TEF2_SEM1_E30002.wav,1,VCC2020_T14,
train,/lambda/nfs/algovirginia/workspace/DeepfakeDetectionRenewed/data/wavefake/generated_audio/ljspeech_melgan/LJ002-0095_gen.wav,1,ljspeech_melgan,
train,/lambda/nfs/algovirginia/workspace/DeepfakeDetectionRenewed/data/wavefake/generated_audio/ljspeech_waveglow/LJ048-0233.wav,1,ljspeech_waveglow,
train,__hf__,0,librispeech,25627
train,/lambda/nfs/algovirginia/workspace/DeepfakeDetectionRenewed/data/vcc2020/audio/T33/task1/team33_intra-TEM1_SEF1_E30001.wav,1,VCC2020_T33,
train,__hf__,0,librispeech,21567
train,__hf__,0,librispeech,5476
train,__hf__,0,librispeech,3494
train,__hf__,0,librispeech,26826
train,/lambda/nfs/algovirginia/workspace/DeepfakeDetectionRenewed/data/wavefake/generated_audio/ljspeech_full_band_melgan/LJ047-0220_gen.wav,1,ljspeech_full_band_melgan,
train,/lambda/nfs/algovirginia/workspace/DeepfakeDetectionRenewed/data/wavefake/generated_audio/ljspeech_hifiGAN/LJ010-0194_generated.wav,1,ljspeech_hifiGAN,
train,__hf__,0,librispeech,3958
train,/lambda/nfs/algovirginia/workspace/DeepfakeDetectionRenewed/data/wavefake/generated_audio/ljspeech_parallel_wavegan/LJ032-0140_gen.wav,1,ljspeech_parallel_wavegan,
train,/lambda/nfs/algovirginia/workspace/DeepfakeDetectionRenewed/data/wavefake/generated_audio/ljspeech_hifiGAN/LJ016-0055_generated.wav,1,ljspeech_hifiGAN,
train,__hf__,0,librispeech,525
train,__hf__,0,librispeech,3267
train,__hf__,0,librispeech,23249
train,/lambda/nfs/algovirginia/workspace/DeepfakeDetectionRenewed/data/wavefake/generated_audio/ljspeech_waveglow/LJ010-0131.wav,1,ljspeech_waveglow,
train,/lambda/nfs/algovirginia/workspace/DeepfakeDetectionRenewed/data/vcc2020/audio/T21/task1/team21_intra-TEF2_SEF2_E30005.wav,1,VCC2020_T21,
train,__hf__,0,librispeech,21372
train,/lambda/nfs/algovirginia/workspace/DeepfakeDetectionRenewed/data/wavefake/generated_audio/ljspeech_waveglow/LJ017-0265.wav,1,ljspeech_waveglow,
train,/lambda/nfs/algovirginia/workspace/DeepfakeDetectionRenewed/data/vcc2020/audio/T33/task1/team33_intra-TEF1_SEF2_E30005.wav,1,VCC2020_T33,
train,/lambda/nfs/algovirginia/workspace/DeepfakeDetectionRenewed/data/wavefake/generated_audio/ljspeech_melgan/LJ037-0153_gen.wav,1,ljspeech_melgan,
train,__hf__,0,librispeech,4286
train,__hf__,0,librispeech,14154
train,__hf__,0,librispeech,26698
train,__hf__,0,librispeech,22496
train,__hf__,0,librispeech,21109
train,/lambda/nfs/algovirginia/workspace/DeepfakeDetectionRenewed/data/wavefake/generated_audio/ljspeech_full_band_melgan/LJ003-0096_gen.wav,1,ljspeech_full_band_melgan,
train,/lambda/nfs/algovirginia/workspace/DeepfakeDetectionRenewed/data/wavefake/generated_audio/ljspeech_melgan/LJ006-0149_gen.wav,1,ljspeech_melgan,
train,__hf__,0,librispeech,16868
train,__hf__,0,librispeech,28132
train,__hf__,0,librispeech,23985
train,/lambda/nfs/algovirginia/workspace/DeepfakeDetectionRenewed/data/vcc2020/audio/T09/task1/team09_intra-TEM2_SEM2_E30003.wav,1,VCC2020_T09,
train,__hf__,0,librispeech,17731
train,__hf__,0,librispeech,26833
train,/lambda/nfs/algovirginia/workspace/DeepfakeDetectionRenewed/data/wavefake/generated_audio/common_voices_prompts_from_conformer_fastspeech2_pwg_ljspeech/gen_3931.wav,1,common_voices_prompts_from_conformer_fastspeech2_pwg_ljspeech,
train,/lambda/nfs/algovirginia/workspace/DeepfakeDetectionRenewed/data/vcc2020/audio/T16/task1/team16_intra-TEM2_SEM2_E30003.wav,1,VCC2020_T16,
train,__hf__,0,librispeech,4
train,/lambda/nfs/algovirginia/workspace/DeepfakeDetectionRenewed/data/vcc2020/audio/T30/task1/team30_intra-TEF2_SEF2_E30002.wav,1,VCC2020_T30,
train,/lambda/nfs/algovirginia/workspace/DeepfakeDetectionRenewed/data/vcc2020/audio/T11/task1/team11_intra-TEM1_SEM2_E30003.wav,1,VCC2020_T11,
train,__hf__,0,librispeech,22463
train,__hf__,0,librispeech,7608
train,__hf__,0,librispeech,3006
train,/lambda/nfs/algovirginia/workspace/DeepfakeDetectionRenewed/data/vcc2020/audio/T25/task1/team25_intra-TEM2_SEM2_E30001.wav,1,VCC2020_T25,
train,__hf__,0,librispeech,11912
train,__hf__,0,librispeech,24569
train,__hf__,0,librispeech,10320
train,__hf__,0,librispeech,5391
train,/lambda/nfs/algovirginia/workspace/DeepfakeDetectionRenewed/data/wavefake/generated_audio/ljspeech_melgan/LJ030-0238_gen.wav,1,ljspeech_melgan,
train,/lambda/nfs/algovirginia/workspace/DeepfakeDetectionRenewed/data/vcc2020/audio/T33/task1/team33_intra-TEF1_SEM2_E30004.wav,1,VCC2020_T33,
train,__hf__,0,librispeech,9505
train,__hf__,0,librispeech,1312
train,__hf__,0,librispeech,4979
train,__hf__,0,librispeech,11028
train,/lambda/nfs/algovirginia/workspace/DeepfakeDetectionRenewed/data/wavefake/generated_audio/common_voices_prompts_from_conformer_fastspeech2_pwg_ljspeech/gen_6259.wav,1,common_voices_prompts_from_conformer_fastspeech2_pwg_ljspeech,
train,__hf__,0,librispeech,21706
train,__hf__,0,librispeech,28080
train,/lambda/nfs/algovirginia/workspace/DeepfakeDetectionRenewed/data/wavefake/generated_audio/common_voices_prompts_from_conformer_fastspeech2_pwg_ljspeech/gen_8470.wav,1,common_voices_prompts_from_conformer_fastspeech2_pwg_ljspeech,
train,/lambda/nfs/algovirginia/workspace/DeepfakeDetectionRenewed/data/wavefake/generated_audio/ljspeech_hifiGAN/LJ006-0255_generated.wav,1,ljspeech_hifiGAN,
train,__hf__,0,librispeech,1226
train,/lambda/nfs/algovirginia/workspace/DeepfakeDetectionRenewed/data/vcc2020/audio/T04/task1/team04_intra-TEM2_SEF1_E30002.wav,1,VCC2020_T04,
train,/lambda/nfs/algovirginia/workspace/DeepfakeDetectionRenewed/data/vcc2020/audio/T28/task1/team28_intra-TEF2_SEM2_E30005.wav,1,VCC2020_T28,
train,/lambda/nfs/algovirginia/workspace/DeepfakeDetectionRenewed/data/wavefake/generated_audio/common_voices_prompts_from_conformer_fastspeech2_pwg_ljspeech/gen_5031.wav,1,common_voices_prompts_from_conformer_fastspeech2_pwg_ljspeech,
train,/lambda/nfs/algovirginia/workspace/DeepfakeDetectionRenewed/data/wavefake/generated_audio/ljspeech_parallel_wavegan/LJ047-0120_gen.wav,1,ljspeech_parallel_wavegan,
train,__hf__,0,librispeech,2416
train,/lambda/nfs/algovirginia/workspace/DeepfakeDetectionRenewed/data/wavefake/generated_audio/ljspeech_hifiGAN/LJ006-0172_generated.wav,1,ljspeech_hifiGAN,
train,__hf__,0,librispeech,3664
train,/lambda/nfs/algovirginia/workspace/DeepfakeDetectionRenewed/data/vcc2020/audio/T03/task1/team03_intra-TEF2_SEF1_E30001.wav,1,VCC2020_T03,
train,__hf__,0,librispeech,16947
train,__hf__,0,librispeech,15014
train,/lambda/nfs/algovirginia/workspace/DeepfakeDetectionRenewed/data/wavefake/generated_audio/common_voices_prompts_from_conformer_fastspeech2_pwg_ljspeech/gen_3807.wav,1,common_voices_prompts_from_conformer_fastspeech2_pwg_ljspeech,
train,__hf__,0,librispeech,17670
train,__hf__,0,librispeech,2737
train,__hf__,0,librispeech,3780
train,/lambda/nfs/algovirginia/workspace/DeepfakeDetectionRenewed/data/vcc2020/audio/T29/task1/team29_intra-TEF2_SEM1_E30002.wav,1,VCC2020_T29,
train,__hf__,0,librispeech,24406
train,/lambda/nfs/algovirginia/workspace/DeepfakeDetectionRenewed/data/vcc2020/audio/T32/task1/team32_intra-TEF1_SEM1_E30003.wav,1,VCC2020_T32,
train,__hf__,0,librispeech,10884
train,/lambda/nfs/algovirginia/workspace/DeepfakeDetectionRenewed/data/wavefake/generated_audio/ljspeech_hifiGAN/LJ005-0266_generated.wav,1,ljspeech_hifiGAN,
train,__hf__,0,librispeech,751
train,__hf__,0,librispeech,21840
train,/lambda/nfs/algovirginia/workspace/DeepfakeDetectionRenewed/data/wavefake/generated_audio/ljspeech_hifiGAN/LJ016-0397_generated.wav,1,ljspeech_hifiGAN,
train,/lambda/nfs/algovirginia/workspace/DeepfakeDetectionRenewed/data/wavefake/generated_audio/ljspeech_melgan/LJ046-0120_gen.wav,1,ljspeech_melgan,
train,__hf__,0,librispeech,11183
train,/lambda/nfs/algovirginia/workspace/DeepfakeDetectionRenewed/data/wavefake/generated_audio/ljspeech_hifiGAN/LJ023-0115_generated.wav,1,ljspeech_hifiGAN,
train,__hf__,0,librispeech,7609
train,/lambda/nfs/algovirginia/workspace/DeepfakeDetectionRenewed/data/wavefake/generated_audio/ljspeech_parallel_wavegan/LJ009-0178_gen.wav,1,ljspeech_parallel_wavegan,
train,__hf__,0,librispeech,9852
train,__hf__,0,librispeech,28147
train,/lambda/nfs/algovirginia/workspace/DeepfakeDetectionRenewed/data/vcc2020/audio/T32/task1/team32_intra-TEF2_SEF2_E30003.wav,1,VCC2020_T32,
train,__hf__,0,librispeech,24358
train,/lambda/nfs/algovirginia/workspace/DeepfakeDetectionRenewed/data/wavefake/generated_audio/common_voices_prompts_from_conformer_fastspeech2_pwg_ljspeech/gen_2569.wav,1,common_voices_prompts_from_conformer_fastspeech2_pwg_ljspeech,
train,/lambda/nfs/algovirginia/workspace/DeepfakeDetectionRenewed/data/wavefake/generated_audio/ljspeech_parallel_wavegan/LJ025-0022_gen.wav,1,ljspeech_parallel_wavegan,
train,__hf__,0,librispeech,18726
train,/lambda/nfs/algovirginia/workspace/DeepfakeDetectionRenewed/data/wavefake/generated_audio/common_voices_prompts_from_conformer_fastspeech2_pwg_ljspeech/gen_12183.wav,1,common_voices_prompts_from_conformer_fastspeech2_pwg_ljspeech,
train,/lambda/nfs/algovirginia/workspace/DeepfakeDetectionRenewed/data/vcc2020/audio/T26/task1/team26_intra-TEM1_SEF2_E30003.wav,1,VCC2020_T26,
train,/lambda/nfs/algovirginia/workspace/DeepfakeDetectionRenewed/data/vcc2020/audio/T16/task1/team16_intra-TEM2_SEF1_E30004.wav,1,VCC2020_T16,
train,/lambda/nfs/algovirginia/workspace/DeepfakeDetectionRenewed/data/vcc2020/audio/T22/task1/team22_intra-TEM1_SEM1_E30004.wav,1,VCC2020_T22,
train,__hf__,0,librispeech,14131
train,/lambda/nfs/algovirginia/workspace/DeepfakeDetectionRenewed/data/vcc2020/audio/T04/task1/team04_intra-TEM2_SEM2_E30001.wav,1,VCC2020_T04,
train,/lambda/nfs/algovirginia/workspace/DeepfakeDetectionRenewed/data/vcc2020/audio/T27/task1/team27_intra-TEM2_SEM2_E30004.wav,1,VCC2020_T27,
train,__hf__,0,librispeech,15770
train,__hf__,0,librispeech,15226
train,__hf__,0,librispeech,7401
train,__hf__,0,librispeech,5834
train,__hf__,0,librispeech,20546
train,__hf__,0,librispeech,18338
train,/lambda/nfs/algovirginia/workspace/DeepfakeDetectionRenewed/data/vcc2020/audio/T09/task1/team09_intra-TEM1_SEM1_E30005.wav,1,VCC2020_T09,
train,/lambda/nfs/algovirginia/workspace/DeepfakeDetectionRenewed/data/vcc2020/audio/T26/task1/team26_intra-TEM1_SEF1_E30001.wav,1,VCC2020_T26,
train,/lambda/nfs/algovirginia/workspace/DeepfakeDetectionRenewed/data/vcc2020/audio/T26/task1/team26_intra-TEF2_SEF1_E30002.wav,1,VCC2020_T26,
train,__hf__,0,librispeech,11694
train,/lambda/nfs/algovirginia/workspace/DeepfakeDetectionRenewed/data/vcc2020/audio/T21/task1/team21_intra-TEM2_SEM2_E30004.wav,1,VCC2020_T21,
train,/lambda/nfs/algovirginia/workspace/DeepfakeDetectionRenewed/data/wavefake/generated_audio/ljspeech_full_band_melgan/LJ027-0069_gen.wav,1,ljspeech_full_band_melgan,
train,/lambda/nfs/algovirginia/workspace/DeepfakeDetectionRenewed/data/wavefake/generated_audio/ljspeech_full_band_melgan/LJ005-0213_gen.wav,1,ljspeech_full_band_melgan,
train,__hf__,0,librispeech,19236
train,__hf__,0,librispeech,26011
train,/lambda/nfs/algovirginia/workspace/DeepfakeDetectionRenewed/data/vcc2020/audio/T28/task1/team28_intra-TEM2_SEM2_E30004.wav,1,VCC2020_T28,
train,/lambda/nfs/algovirginia/workspace/DeepfakeDetectionRenewed/data/vcc2020/audio/T29/task1/team29_intra-TEM2_SEM2_E30004.wav,1,VCC2020_T29,
train,__hf__,0,librispeech,21897
train,/lambda/nfs/algovirginia/workspace/DeepfakeDetectionRenewed/data/wavefake/generated_audio/ljspeech_melgan/LJ016-0317_gen.wav,1,ljspeech_melgan,
train,__hf__,0,librispeech,1638
train,/lambda/nfs/algovirginia/workspace/DeepfakeDetectionRenewed/data/vcc2020/audio/T25/task1/team25_intra-TEM1_SEM2_E30003.wav,1,VCC2020_T25,
train,__hf__,0,librispeech,14820
train,/lambda/nfs/algovirginia/workspace/DeepfakeDetectionRenewed/data/vcc2020/audio/T10/task1/team10_intra-TEM2_SEM2_E30001.wav,1,VCC2020_T10,
train,/lambda/nfs/algovirginia/workspace/DeepfakeDetectionRenewed/data/wavefake/generated_audio/common_voices_prompts_from_conformer_fastspeech2_pwg_ljspeech/gen_5359.wav,1,common_voices_prompts_from_conformer_fastspeech2_pwg_ljspeech,
train,/lambda/nfs/algovirginia/workspace/DeepfakeDetectionRenewed/data/wavefake/generated_audio/ljspeech_hifiGAN/LJ003-0019_generated.wav,1,ljspeech_hifiGAN,
train,/lambda/nfs/algovirginia/workspace/DeepfakeDetectionRenewed/data/wavefake/generated_audio/ljspeech_multi_band_melgan/LJ014-0111_gen.wav,1,ljspeech_multi_band_melgan,
train,/lambda/nfs/algovirginia/workspace/DeepfakeDetectionRenewed/data/wavefake/generated_audio/ljspeech_parallel_wavegan/LJ027-0044_gen.wav,1,ljspeech_parallel_wavegan,
train,/lambda/nfs/algovirginia/workspace/DeepfakeDetectionRenewed/data/vcc2020/audio/T33/task1/team33_intra-TEF1_SEM1_E30001.wav,1,VCC2020_T33,
train,__hf__,0,librispeech,22380
train,/lambda/nfs/algovirginia/workspace/DeepfakeDetectionRenewed/data/vcc2020/audio/T14/task1/team14_intra-TEM1_SEM1_E30001.wav,1,VCC2020_T14,
train,__hf__,0,librispeech,10211
train,/lambda/nfs/algovirginia/workspace/DeepfakeDetectionRenewed/data/vcc2020/audio/T06/task1/team06_intra-TEF1_SEF1_E30005.wav,1,VCC2020_T06,
train,__hf__,0,librispeech,2401
train,__hf__,0,librispeech,25732
train,__hf__,0,librispeech,1157
train,__hf__,0,librispeech,15556
train,/lambda/nfs/algovirginia/workspace/DeepfakeDetectionRenewed/data/wavefake/generated_audio/ljspeech_melgan/LJ028-0226_gen.wav,1,ljspeech_melgan,
train,__hf__,0,librispeech,17741
train,/lambda/nfs/algovirginia/workspace/DeepfakeDetectionRenewed/data/vcc2020/audio/T06/task1/team06_intra-TEM1_SEF2_E30005.wav,1,VCC2020_T06,
train,__hf__,0,librispeech,6450
train,__hf__,0,librispeech,4976
train,/lambda/nfs/algovirginia/workspace/DeepfakeDetectionRenewed/data/vcc2020/audio/T09/task1/team09_intra-TEM1_SEM1_E30004.wav,1,VCC2020_T09,
train,/lambda/nfs/algovirginia/workspace/DeepfakeDetectionRenewed/data/vcc2020/audio/T20/task1/team20_intra-TEF2_SEM1_E30003.wav,1,VCC2020_T20,
train,/lambda/nfs/algovirginia/workspace/DeepfakeDetectionRenewed/data/vcc2020/audio/T17/task1/team17_intra-TEF1_SEF2_E30001.wav,1,VCC2020_T17,
train,__hf__,0,librispeech,27241
train,__hf__,0,librispeech,23547
train,__hf__,0,librispeech,6925
train,/lambda/nfs/algovirginia/workspace/DeepfakeDetectionRenewed/data/vcc2020/audio/T29/task1/team29_intra-TEM1_SEF2_E30004.wav,1,VCC2020_T29,
train,__hf__,0,librispeech,27840
train,/lambda/nfs/algovirginia/workspace/DeepfakeDetectionRenewed/data/wavefake/generated_audio/ljspeech_waveglow/LJ043-0097.wav,1,ljspeech_waveglow,
train,/lambda/nfs/algovirginia/workspace/DeepfakeDetectionRenewed/data/vcc2020/audio/T01/task1/team01_intra-TEM1_SEM2_E30003.wav,1,VCC2020_T01,
train,/lambda/nfs/algovirginia/workspace/DeepfakeDetectionRenewed/data/vcc2020/audio/T22/task1/team22_intra-TEF1_SEM1_E30001.wav,1,VCC2020_T22,
train,/lambda/nfs/algovirginia/workspace/DeepfakeDetectionRenewed/data/wavefake/generated_audio/ljspeech_melgan/LJ021-0156_gen.wav,1,ljspeech_melgan,
train,/lambda/nfs/algovirginia/workspace/DeepfakeDetectionRenewed/data/vcc2020/audio/T16/task1/team16_intra-TEM2_SEM1_E30002.wav,1,VCC2020_T16,
train,__hf__,0,librispeech,25090
train,/lambda/nfs/algovirginia/workspace/DeepfakeDetectionRenewed/data/vcc2020/audio/T22/task1/team22_intra-TEF1_SEM2_E30003.wav,1,VCC2020_T22,
train,__hf__,0,librispeech,11929
train,__hf__,0,librispeech,14809
train,/lambda/nfs/algovirginia/workspace/DeepfakeDetectionRenewed/data/wavefake/generated_audio/ljspeech_waveglow/LJ031-0135.wav,1,ljspeech_waveglow,
train,__hf__,0,librispeech,12497
train,/lambda/nfs/algovirginia/workspace/DeepfakeDetectionRenewed/data/wavefake/generated_audio/ljspeech_waveglow/LJ002-0013.wav,1,ljspeech_waveglow,
train,__hf__,0,librispeech,26530
train,__hf__,0,librispeech,6438
train,__hf__,0,librispeech,8942
train,/lambda/nfs/algovirginia/workspace/DeepfakeDetectionRenewed/data/vcc2020/audio/T30/task1/team30_intra-TEM1_SEF2_E30002.wav,1,VCC2020_T30,
train,/lambda/nfs/algovirginia/workspace/DeepfakeDetectionRenewed/data/vcc2020/audio/T04/task1/team04_intra-TEF1_SEF2_E30005.wav,1,VCC2020_T04,
train,/lambda/nfs/algovirginia/workspace/DeepfakeDetectionRenewed/data/wavefake/generated_audio/ljspeech_multi_band_melgan/LJ017-0176_gen.wav,1,ljspeech_multi_band_melgan,
train,__hf__,0,librispeech,22815
train,__hf__,0,librispeech,1862
train,__hf__,0,librispeech,1879
train,/lambda/nfs/algovirginia/workspace/DeepfakeDetectionRenewed/data/wavefake/generated_audio/ljspeech_parallel_wavegan/LJ021-0090_gen.wav,1,ljspeech_parallel_wavegan,
train,__hf__,0,librispeech,16948
train,__hf__,0,librispeech,478
train,/lambda/nfs/algovirginia/workspace/DeepfakeDetectionRenewed/data/vcc2020/audio/T19/task1/team19_intra-TEM2_SEM1_E30005.wav,1,VCC2020_T19,
train,/lambda/nfs/algovirginia/workspace/DeepfakeDetectionRenewed/data/wavefake/generated_audio/ljspeech_hifiGAN/LJ009-0061_generated.wav,1,ljspeech_hifiGAN,
train,/lambda/nfs/algovirginia/workspace/DeepfakeDetectionRenewed/data/vcc2020/audio/T04/task1/team04_intra-TEM2_SEM2_E30004.wav,1,VCC2020_T04,
train,__hf__,0,librispeech,27592
train,/lambda/nfs/algovirginia/workspace/DeepfakeDetectionRenewed/data/vcc2020/audio/T01/task1/team01_intra-TEM2_SEF2_E30003.wav,1,VCC2020_T01,
train,/lambda/nfs/algovirginia/workspace/DeepfakeDetectionRenewed/data/wavefake/generated_audio/ljspeech_melgan/LJ014-0123_gen.wav,1,ljspeech_melgan,
train,__hf__,0,librispeech,26015
train,__hf__,0,librispeech,15585
train,/lambda/nfs/algovirginia/workspace/DeepfakeDetectionRenewed/data/wavefake/generated_audio/ljspeech_parallel_wavegan/LJ004-0191_gen.wav,1,ljspeech_parallel_wavegan,
train,/lambda/nfs/algovirginia/workspace/DeepfakeDetectionRenewed/data/wavefake/generated_audio/ljspeech_melgan_large/LJ034-0151_gen.wav,1,ljspeech_melgan_large,
train,/lambda/nfs/algovirginia/workspace/DeepfakeDetectionRenewed/data/vcc2020/audio/T23/task1/team23_intra-TEF1_SEM2_E30004.wav,1,VCC2020_T23,
train,__hf__,0,librispeech,4795
train,/lambda/nfs/algovirginia/workspace/DeepfakeDetectionRenewed/data/vcc2020/audio/T18/task1/team18_intra-TEF2_SEF2_E30005.wav,1,VCC2020_T18,
train,__hf__,0,librispeech,22625
train,/lambda/nfs/algovirginia/workspace/DeepfakeDetectionRenewed/data/vcc2020/audio/T21/task1/team21_intra-TEM2_SEM1_E30002.wav,1,VCC2020_T21,
train,__hf__,0,librispeech,28498
train,/lambda/nfs/algovirginia/workspace/DeepfakeDetectionRenewed/data/wavefake/generated_audio/ljspeech_hifiGAN/LJ011-0101_generated.wav,1,ljspeech_hifiGAN,
train,__hf__,0,librispeech,23110
train,/lambda/nfs/algovirginia/workspace/DeepfakeDetectionRenewed/data/vcc2020/audio/T02/task1/team02_intra-TEM2_SEM1_E30005.wav,1,VCC2020_T02,
train,/lambda/nfs/algovirginia/workspace/DeepfakeDetectionRenewed/data/vcc2020/audio/T06/task1/team06_intra-TEM2_SEF1_E30003.wav,1,VCC2020_T06,
train,/lambda/nfs/algovirginia/workspace/DeepfakeDetectionRenewed/data/vcc2020/audio/T07/task1/team07_intra-TEF1_SEM1_E30004.wav,1,VCC2020_T07,
train,/lambda/nfs/algovirginia/workspace/DeepfakeDetectionRenewed/data/vcc2020/audio/T31/task1/team31_intra-TEM2_SEF2_E30005.wav,1,VCC2020_T31,
train,/lambda/nfs/algovirginia/workspace/DeepfakeDetectionRenewed/data/vcc2020/audio/T02/task1/team02_intra-TEM1_SEF2_E30004.wav,1,VCC2020_T02,
train,__hf__,0,librispeech,7539
train,__hf__,0,librispeech,17174
train,/lambda/nfs/algovirginia/workspace/DeepfakeDetectionRenewed/data/vcc2020/audio/T29/task1/team29_intra-TEF2_SEF2_E30002.wav,1,VCC2020_T29,
train,/lambda/nfs/algovirginia/workspace/DeepfakeDetectionRenewed/data/wavefake/generated_audio/ljspeech_multi_band_melgan/LJ033-0019_gen.wav,1,ljspeech_multi_band_melgan,
train,__hf__,0,librispeech,8918
train,__hf__,0,librispeech,10099
train,/lambda/nfs/algovirginia/workspace/DeepfakeDetectionRenewed/data/wavefake/generated_audio/ljspeech_multi_band_melgan/LJ038-0057_gen.wav,1,ljspeech_multi_band_melgan,
train,__hf__,0,librispeech,13610
train,__hf__,0,librispeech,14313
train,__hf__,0,librispeech,22228
train,__hf__,0,librispeech,1041
train,/lambda/nfs/algovirginia/workspace/DeepfakeDetectionRenewed/data/vcc2020/audio/T12/task1/team12_intra-TEM2_SEF1_E30004.wav,1,VCC2020_T12,
train,__hf__,0,librispeech,16278
train,/lambda/nfs/algovirginia/workspace/DeepfakeDetectionRenewed/data/wavefake/generated_audio/ljspeech_full_band_melgan/LJ007-0127_gen.wav,1,ljspeech_full_band_melgan,
train,__hf__,0,librispeech,893
train,/lambda/nfs/algovirginia/workspace/DeepfakeDetectionRenewed/data/vcc2020/audio/T30/task1/team30_intra-TEM2_SEM2_E30005.wav,1,VCC2020_T30,
train,/lambda/nfs/algovirginia/workspace/DeepfakeDetectionRenewed/data/vcc2020/audio/T21/task1/team21_intra-TEM2_SEM2_E30002.wav,1,VCC2020_T21,
train,/lambda/nfs/algovirginia/workspace/DeepfakeDetectionRenewed/data/wavefake/generated_audio/ljspeech_melgan_large/LJ035-0080_gen.wav,1,ljspeech_melgan_large,
train,/lambda/nfs/algovirginia/workspace/DeepfakeDetectionRenewed/data/wavefake/generated_audio/ljspeech_parallel_wavegan/LJ036-0131_gen.wav,1,ljspeech_parallel_wavegan,
train,/lambda/nfs/algovirginia/workspace/DeepfakeDetectionRenewed/data/wavefake/generated_audio/ljspeech_full_band_melgan/LJ027-0090_gen.wav,1,ljspeech_full_band_melgan,
train,/lambda/nfs/algovirginia/workspace/DeepfakeDetectionRenewed/data/vcc2020/audio/T01/task1/team01_intra-TEM1_SEM2_E30005.wav,1,VCC2020_T01,
train,__hf__,0,librispeech,5522
train,/lambda/nfs/algovirginia/workspace/DeepfakeDetectionRenewed/data/vcc2020/audio/T18/task1/team18_intra-TEF1_SEM1_E30002.wav,1,VCC2020_T18,
train,__hf__,0,librispeech,14230
train,__hf__,0,librispeech,20701
train,__hf__,0,librispeech,7699
train,__hf__,0,librispeech,189
train,__hf__,0,librispeech,20487
train,__hf__,0,librispeech,7611
train,__hf__,0,librispeech,3424
train,/lambda/nfs/algovirginia/workspace/DeepfakeDetectionRenewed/data/vcc2020/audio/T01/task1/team01_intra-TEF1_SEF1_E30003.wav,1,VCC2020_T01,
train,__hf__,0,librispeech,379
train,__hf__,0,librispeech,198
train,__hf__,0,librispeech,23103
train,/lambda/nfs/algovirginia/workspace/DeepfakeDetectionRenewed/data/wavefake/generated_audio/ljspeech_full_band_melgan/LJ004-0206_gen.wav,1,ljspeech_full_band_melgan,
train,__hf__,0,librispeech,6428
train,__hf__,0,librispeech,4254
train,/lambda/nfs/algovirginia/workspace/DeepfakeDetectionRenewed/data/vcc2020/audio/T09/task1/team09_intra-TEM2_SEM1_E30004.wav,1,VCC2020_T09,
train,/lambda/nfs/algovirginia/workspace/DeepfakeDetectionRenewed/data/wavefake/generated_audio/ljspeech_full_band_melgan/LJ041-0039_gen.wav,1,ljspeech_full_band_melgan,
train,/lambda/nfs/algovirginia/workspace/DeepfakeDetectionRenewed/data/vcc2020/audio/T07/task1/team07_intra-TEM1_SEF1_E30004.wav,1,VCC2020_T07,
train,/lambda/nfs/algovirginia/workspace/DeepfakeDetectionRenewed/data/wavefake/generated_audio/ljspeech_parallel_wavegan/LJ043-0011_gen.wav,1,ljspeech_parallel_wavegan,
train,/lambda/nfs/algovirginia/workspace/DeepfakeDetectionRenewed/data/wavefake/generated_audio/ljspeech_waveglow/LJ042-0021.wav,1,ljspeech_waveglow,
train,/lambda/nfs/algovirginia/workspace/DeepfakeDetectionRenewed/data/vcc2020/audio/T18/task1/team18_intra-TEM2_SEM2_E30002.wav,1,VCC2020_T18,
train,/lambda/nfs/algovirginia/workspace/DeepfakeDetectionRenewed/data/wavefake/generated_audio/common_voices_prompts_from_conformer_fastspeech2_pwg_ljspeech/gen_3963.wav,1,common_voices_prompts_from_conformer_fastspeech2_pwg_ljspeech,
train,/lambda/nfs/algovirginia/workspace/DeepfakeDetectionRenewed/data/vcc2020/audio/T32/task1/team32_intra-TEF2_SEF1_E30005.wav,1,VCC2020_T32,
train,/lambda/nfs/algovirginia/workspace/DeepfakeDetectionRenewed/data/vcc2020/audio/T19/task1/team19_intra-TEF2_SEM1_E30004.wav,1,VCC2020_T19,
train,/lambda/nfs/algovirginia/workspace/DeepfakeDetectionRenewed/data/vcc2020/audio/T07/task1/team07_intra-TEM1_SEF1_E30002.wav,1,VCC2020_T07,
train,__hf__,0,librispeech,11696
train,__hf__,0,librispeech,24927
train,__hf__,0,librispeech,6143
train,__hf__,0,librispeech,5265
train,/lambda/nfs/algovirginia/workspace/DeepfakeDetectionRenewed/data/wavefake/generated_audio/common_voices_prompts_from_conformer_fastspeech2_pwg_ljspeech/gen_11692.wav,1,common_voices_prompts_from_conformer_fastspeech2_pwg_ljspeech,
train,__hf__,0,librispeech,20812
train,__hf__,0,librispeech,13108
train,__hf__,0,librispeech,10357
train,__hf__,0,librispeech,25148
train,__hf__,0,librispeech,8931
train,__hf__,0,librispeech,13606
train,__hf__,0,librispeech,2069
train,__hf__,0,librispeech,23436
train,__hf__,0,librispeech,14281
train,/lambda/nfs/algovirginia/workspace/DeepfakeDetectionRenewed/data/wavefake/generated_audio/ljspeech_hifiGAN/LJ037-0055_generated.wav,1,ljspeech_hifiGAN,
train,__hf__,0,librispeech,25093
train,__hf__,0,librispeech,26680
train,/lambda/nfs/algovirginia/workspace/DeepfakeDetectionRenewed/data/vcc2020/audio/T04/task1/team04_intra-TEF2_SEM2_E30005.wav,1,VCC2020_T04,
train,__hf__,0,librispeech,23265
train,__hf__,0,librispeech,12953
train,__hf__,0,librispeech,6002
train,__hf__,0,librispeech,9848
train,/lambda/nfs/algovirginia/workspace/DeepfakeDetectionRenewed/data/vcc2020/audio/T28/task1/team28_intra-TEF2_SEF2_E30003.wav,1,VCC2020_T28,
train,/lambda/nfs/algovirginia/workspace/DeepfakeDetectionRenewed/data/wavefake/generated_audio/ljspeech_parallel_wavegan/LJ044-0011_gen.wav,1,ljspeech_parallel_wavegan,
train,/lambda/nfs/algovirginia/workspace/DeepfakeDetectionRenewed/data/vcc2020/audio/T02/task1/team02_intra-TEM2_SEM1_E30002.wav,1,VCC2020_T02,
train,__hf__,0,librispeech,16418
train,/lambda/nfs/algovirginia/workspace/DeepfakeDetectionRenewed/data/wavefake/generated_audio/ljspeech_hifiGAN/LJ048-0280_generated.wav,1,ljspeech_hifiGAN,
train,/lambda/nfs/algovirginia/workspace/DeepfakeDetectionRenewed/data/wavefake/generated_audio/ljspeech_melgan/LJ047-0074_gen.wav,1,ljspeech_melgan,
train,/lambda/nfs/algovirginia/workspace/DeepfakeDetectionRenewed/data/wavefake/generated_audio/ljspeech_melgan/LJ021-0128_gen.wav,1,ljspeech_melgan,
train,__hf__,0,librispeech,17769
train,__hf__,0,librispeech,4655
train,__hf__,0,librispeech,6268
train,__hf__,0,librispeech,15425
train,/lambda/nfs/algovirginia/workspace/DeepfakeDetectionRenewed/data/wavefake/generated_audio/common_voices_prompts_from_conformer_fastspeech2_pwg_ljspeech/gen_5355.wav,1,common_voices_prompts_from_conformer_fastspeech2_pwg_ljspeech,
train,/lambda/nfs/algovirginia/workspace/DeepfakeDetectionRenewed/data/vcc2020/audio/T19/task1/team19_intra-TEM1_SEM1_E30001.wav,1,VCC2020_T19,
train,__hf__,0,librispeech,16723
train,__hf__,0,librispeech,13924
train,/lambda/nfs/algovirginia/workspace/DeepfakeDetectionRenewed/data/wavefake/generated_audio/ljspeech_waveglow/LJ025-0016.wav,1,ljspeech_waveglow,
train,/lambda/nfs/algovirginia/workspace/DeepfakeDetectionRenewed/data/vcc2020/audio/T16/task1/team16_intra-TEM1_SEF1_E30001.wav,1,VCC2020_T16,
train,/lambda/nfs/algovirginia/workspace/DeepfakeDetectionRenewed/data/vcc2020/audio/T31/task1/team31_intra-TEF1_SEF2_E30005.wav,1,VCC2020_T31,
train,__hf__,0,librispeech,8691
train,/lambda/nfs/algovirginia/workspace/DeepfakeDetectionRenewed/data/wavefake/generated_audio/ljspeech_hifiGAN/LJ016-0373_generated.wav,1,ljspeech_hifiGAN,
train,__hf__,0,librispeech,11659
train,/lambda/nfs/algovirginia/workspace/DeepfakeDetectionRenewed/data/vcc2020/audio/T31/task1/team31_intra-TEF1_SEF1_E30001.wav,1,VCC2020_T31,
train,/lambda/nfs/algovirginia/workspace/DeepfakeDetectionRenewed/data/vcc2020/audio/T20/task1/team20_intra-TEF1_SEF1_E30005.wav,1,VCC2020_T20,
train,/lambda/nfs/algovirginia/workspace/DeepfakeDetectionRenewed/data/vcc2020/audio/T01/task1/team01_intra-TEF1_SEM1_E30005.wav,1,VCC2020_T01,
train,__hf__,0,librispeech,21269
train,__hf__,0,librispeech,2678
train,/lambda/nfs/algovirginia/workspace/DeepfakeDetectionRenewed/data/wavefake/generated_audio/ljspeech_melgan/LJ024-0096_gen.wav,1,ljspeech_melgan,
train,__hf__,0,librispeech,11595
train,/lambda/nfs/algovirginia/workspace/DeepfakeDetectionRenewed/data/vcc2020/audio/T06/task1/team06_intra-TEM2_SEM1_E30002.wav,1,VCC2020_T06,
train,__hf__,0,librispeech,24248
train,/lambda/nfs/algovirginia/workspace/DeepfakeDetectionRenewed/data/vcc2020/audio/T26/task1/team26_intra-TEF1_SEF2_E30005.wav,1,VCC2020_T26,
train,/lambda/nfs/algovirginia/workspace/DeepfakeDetectionRenewed/data/wavefake/generated_audio/ljspeech_full_band_melgan/LJ047-0137_gen.wav,1,ljspeech_full_band_melgan,
train,/lambda/nfs/algovirginia/workspace/DeepfakeDetectionRenewed/data/vcc2020/audio/T16/task1/team16_intra-TEM2_SEF2_E30001.wav,1,VCC2020_T16,
train,/lambda/nfs/algovirginia/workspace/DeepfakeDetectionRenewed/data/wavefake/generated_audio/ljspeech_multi_band_melgan/LJ036-0078_gen.wav,1,ljspeech_multi_band_melgan,
train,/lambda/nfs/algovirginia/workspace/DeepfakeDetectionRenewed/data/vcc2020/audio/T27/task1/team27_intra-TEM1_SEM2_E30002.wav,1,VCC2020_T27,
train,__hf__,0,librispeech,8807
train,/lambda/nfs/algovirginia/workspace/DeepfakeDetectionRenewed/data/vcc2020/audio/T22/task1/team22_intra-TEM1_SEM2_E30005.wav,1,VCC2020_T22,
train,__hf__,0,librispeech,8961
train,/lambda/nfs/algovirginia/workspace/DeepfakeDetectionRenewed/data/wavefake/generated_audio/ljspeech_multi_band_melgan/LJ009-0070_gen.wav,1,ljspeech_multi_band_melgan,
train,__hf__,0,librispeech,3846
train,__hf__,0,librispeech,20188
train,/lambda/nfs/algovirginia/workspace/DeepfakeDetectionRenewed/data/vcc2020/audio/T04/task1/team04_intra-TEM2_SEF1_E30005.wav,1,VCC2020_T04,
train,/lambda/nfs/algovirginia/workspace/DeepfakeDetectionRenewed/data/vcc2020/audio/T11/task1/team11_intra-TEM1_SEF2_E30004.wav,1,VCC2020_T11,
train,/lambda/nfs/algovirginia/workspace/DeepfakeDetectionRenewed/data/wavefake/generated_audio/ljspeech_melgan/LJ029-0197_gen.wav,1,ljspeech_melgan,
train,__hf__,0,librispeech,28287
train,/lambda/nfs/algovirginia/workspace/DeepfakeDetectionRenewed/data/vcc2020/audio/T23/task1/team23_intra-TEF2_SEF2_E30001.wav,1,VCC2020_T23,
train,__hf__,0,librispeech,6528
train,/lambda/nfs/algovirginia/workspace/DeepfakeDetectionRenewed/data/wavefake/generated_audio/ljspeech_full_band_melgan/LJ016-0204_gen.wav,1,ljspeech_full_band_melgan,
train,__hf__,0,librispeech,18721
train,/lambda/nfs/algovirginia/workspace/DeepfakeDetectionRenewed/data/wavefake/generated_audio/ljspeech_multi_band_melgan/LJ046-0247_gen.wav,1,ljspeech_multi_band_melgan,
train,/lambda/nfs/algovirginia/workspace/DeepfakeDetectionRenewed/data/wavefake/generated_audio/common_voices_prompts_from_conformer_fastspeech2_pwg_ljspeech/gen_15579.wav,1,common_voices_prompts_from_conformer_fastspeech2_pwg_ljspeech,
train,/lambda/nfs/algovirginia/workspace/DeepfakeDetectionRenewed/data/vcc2020/audio/T06/task1/team06_intra-TEF2_SEM1_E30002.wav,1,VCC2020_T06,
train,__hf__,0,librispeech,17367
train,__hf__,0,librispeech,1010
train,/lambda/nfs/algovirginia/workspace/DeepfakeDetectionRenewed/data/wavefake/generated_audio/ljspeech_waveglow/LJ015-0167.wav,1,ljspeech_waveglow,
train,/lambda/nfs/algovirginia/workspace/DeepfakeDetectionRenewed/data/wavefake/generated_audio/ljspeech_hifiGAN/LJ016-0003_generated.wav,1,ljspeech_hifiGAN,
train,__hf__,0,librispeech,26044
train,/lambda/nfs/algovirginia/workspace/DeepfakeDetectionRenewed/data/vcc2020/audio/T12/task1/team12_intra-TEF1_SEM2_E30002.wav,1,VCC2020_T12,
train,/lambda/nfs/algovirginia/workspace/DeepfakeDetectionRenewed/data/vcc2020/audio/T30/task1/team30_intra-TEF2_SEF1_E30003.wav,1,VCC2020_T30,
train,/lambda/nfs/algovirginia/workspace/DeepfakeDetectionRenewed/data/vcc2020/audio/T12/task1/team12_intra-TEM1_SEM1_E30004.wav,1,VCC2020_T12,
train,/lambda/nfs/algovirginia/workspace/DeepfakeDetectionRenewed/data/vcc2020/audio/T08/task1/team08_intra-TEM2_SEM1_E30001.wav,1,VCC2020_T08,
train,/lambda/nfs/algovirginia/workspace/DeepfakeDetectionRenewed/data/vcc2020/audio/T14/task1/team14_intra-TEF2_SEF2_E30002.wav,1,VCC2020_T14,
train,__hf__,0,librispeech,16790
train,__hf__,0,librispeech,18145
train,/lambda/nfs/algovirginia/workspace/DeepfakeDetectionRenewed/data/wavefake/generated_audio/ljspeech_parallel_wavegan/LJ014-0179_gen.wav,1,ljspeech_parallel_wavegan,
train,__hf__,0,librispeech,4026
train,__hf__,0,librispeech,15070
train,__hf__,0,librispeech,2898
train,__hf__,0,librispeech,5383
train,/lambda/nfs/algovirginia/workspace/DeepfakeDetectionRenewed/data/vcc2020/audio/T23/task1/team23_intra-TEF2_SEM1_E30003.wav,1,VCC2020_T23,
train,/lambda/nfs/algovirginia/workspace/DeepfakeDetectionRenewed/data/wavefake/generated_audio/ljspeech_hifiGAN/LJ011-0062_generated.wav,1,ljspeech_hifiGAN,
train,/lambda/nfs/algovirginia/workspace/DeepfakeDetectionRenewed/data/vcc2020/audio/T26/task1/team26_intra-TEF1_SEF2_E30003.wav,1,VCC2020_T26,
train,/lambda/nfs/algovirginia/workspace/DeepfakeDetectionRenewed/data/vcc2020/audio/T29/task1/team29_intra-TEM2_SEM2_E30003.wav,1,VCC2020_T29,
train,__hf__,0,librispeech,14297
train,/lambda/nfs/algovirginia/workspace/DeepfakeDetectionRenewed/data/wavefake/generated_audio/ljspeech_melgan/LJ018-0149_gen.wav,1,ljspeech_melgan,
train,/lambda/nfs/algovirginia/workspace/DeepfakeDetectionRenewed/data/vcc2020/audio/T25/task1/team25_intra-TEM2_SEF2_E30003.wav,1,VCC2020_T25,
train,/lambda/nfs/algovirginia/workspace/DeepfakeDetectionRenewed/data/wavefake/generated_audio/ljspeech_full_band_melgan/LJ032-0194_gen.wav,1,ljspeech_full_band_melgan,
train,/lambda/nfs/algovirginia/workspace/DeepfakeDetectionRenewed/data/vcc2020/audio/T19/task1/team19_intra-TEM2_SEM2_E30005.wav,1,VCC2020_T19,
train,/lambda/nfs/algovirginia/workspace/DeepfakeDetectionRenewed/data/wavefake/generated_audio/ljspeech_full_band_melgan/LJ017-0140_gen.wav,1,ljspeech_full_band_melgan,
train,/lambda/nfs/algovirginia/workspace/DeepfakeDetectionRenewed/data/vcc2020/audio/T26/task1/team26_intra-TEM2_SEM2_E30004.wav,1,VCC2020_T26,
train,/lambda/nfs/algovirginia/workspace/DeepfakeDetectionRenewed/data/vcc2020/audio/T11/task1/team11_intra-TEM2_SEM2_E30005.wav,1,VCC2020_T11,
train,/lambda/nfs/algovirginia/workspace/DeepfakeDetectionRenewed/data/wavefake/generated_audio/ljspeech_multi_band_melgan/LJ026-0115_gen.wav,1,ljspeech_multi_band_melgan,
train,/lambda/nfs/algovirginia/workspace/DeepfakeDetectionRenewed/data/vcc2020/audio/T10/task1/team10_intra-TEF1_SEM2_E30004.wav,1,VCC2020_T10,
train,__hf__,0,librispeech,19508
train,/lambda/nfs/algovirginia/workspace/DeepfakeDetectionRenewed/data/wavefake/generated_audio/common_voices_prompts_from_conformer_fastspeech2_pwg_ljspeech/gen_15606.wav,1,common_voices_prompts_from_conformer_fastspeech2_pwg_ljspeech,
train,/lambda/nfs/algovirginia/workspace/DeepfakeDetectionRenewed/data/wavefake/generated_audio/ljspeech_multi_band_melgan/LJ036-0133_gen.wav,1,ljspeech_multi_band_melgan,
train,/lambda/nfs/algovirginia/workspace/DeepfakeDetectionRenewed/data/vcc2020/audio/T25/task1/team25_intra-TEM1_SEF2_E30002.wav,1,VCC2020_T25,
train,__hf__,0,librispeech,27850
train,__hf__,0,librispeech,12559
train,__hf__,0,librispeech,23518
train,/lambda/nfs/algovirginia/workspace/DeepfakeDetectionRenewed/data/vcc2020/audio/T14/task1/team14_intra-TEM2_SEM1_E30001.wav,1,VCC2020_T14,
train,__hf__,0,librispeech,18154
train,/lambda/nfs/algovirginia/workspace/DeepfakeDetectionRenewed/data/wavefake/generated_audio/ljspeech_multi_band_melgan/LJ014-0285_gen.wav,1,ljspeech_multi_band_melgan,
train,__hf__,0,librispeech,19258
train,/lambda/nfs/algovirginia/workspace/DeepfakeDetectionRenewed/data/vcc2020/audio/T07/task1/team07_intra-TEM2_SEM1_E30001.wav,1,VCC2020_T07,
train,__hf__,0,librispeech,24511
train,__hf__,0,librispeech,13309
train,__hf__,0,librispeech,5485
train,/lambda/nfs/algovirginia/workspace/DeepfakeDetectionRenewed/data/wavefake/generated_audio/common_voices_prompts_from_conformer_fastspeech2_pwg_ljspeech/gen_532.wav,1,common_voices_prompts_from_conformer_fastspeech2_pwg_ljspeech,
train,/lambda/nfs/algovirginia/workspace/DeepfakeDetectionRenewed/data/vcc2020/audio/T23/task1/team23_intra-TEM1_SEM1_E30004.wav,1,VCC2020_T23,
train,__hf__,0,librispeech,27372
train,__hf__,0,librispeech,13768
train,/lambda/nfs/algovirginia/workspace/DeepfakeDetectionRenewed/data/wavefake/generated_audio/ljspeech_parallel_wavegan/LJ012-0093_gen.wav,1,ljspeech_parallel_wavegan,
train,/lambda/nfs/algovirginia/workspace/DeepfakeDetectionRenewed/data/wavefake/generated_audio/ljspeech_full_band_melgan/LJ030-0127_gen.wav,1,ljspeech_full_band_melgan,
train,__hf__,0,librispeech,5491
train,__hf__,0,librispeech,26320
train,/lambda/nfs/algovirginia/workspace/DeepfakeDetectionRenewed/data/vcc2020/audio/T31/task1/team31_intra-TEF2_SEF2_E30003.wav,1,VCC2020_T31,
train,/lambda/nfs/algovirginia/workspace/DeepfakeDetectionRenewed/data/vcc2020/audio/T32/task1/team32_intra-TEM1_SEM1_E30005.wav,1,VCC2020_T32,
train,__hf__,0,librispeech,12336
train,/lambda/nfs/algovirginia/workspace/DeepfakeDetectionRenewed/data/wavefake/generated_audio/ljspeech_parallel_wavegan/LJ005-0133_gen.wav,1,ljspeech_parallel_wavegan,
train,__hf__,0,librispeech,2089
train,/lambda/nfs/algovirginia/workspace/DeepfakeDetectionRenewed/data/wavefake/generated_audio/ljspeech_melgan/LJ010-0310_gen.wav,1,ljspeech_melgan,
train,__hf__,0,librispeech,6516
train,/lambda/nfs/algovirginia/workspace/DeepfakeDetectionRenewed/data/vcc2020/audio/T33/task1/team33_intra-TEM1_SEF1_E30002.wav,1,VCC2020_T33,
train,/lambda/nfs/algovirginia/workspace/DeepfakeDetectionRenewed/data/vcc2020/audio/T07/task1/team07_intra-TEM2_SEM1_E30002.wav,1,VCC2020_T07,
train,/lambda/nfs/algovirginia/workspace/DeepfakeDetectionRenewed/data/wavefake/generated_audio/common_voices_prompts_from_conformer_fastspeech2_pwg_ljspeech/gen_4703.wav,1,common_voices_prompts_from_conformer_fastspeech2_pwg_ljspeech,
train,/lambda/nfs/algovirginia/workspace/DeepfakeDetectionRenewed/data/vcc2020/audio/T31/task1/team31_intra-TEM1_SEM1_E30005.wav,1,VCC2020_T31,
train,/lambda/nfs/algovirginia/workspace/DeepfakeDetectionRenewed/data/vcc2020/audio/T08/task1/team08_intra-TEM1_SEM1_E30005.wav,1,VCC2020_T08,
train,/lambda/nfs/algovirginia/workspace/DeepfakeDetectionRenewed/data/vcc2020/audio/T10/task1/team10_intra-TEM2_SEM1_E30004.wav,1,VCC2020_T10,
train,/lambda/nfs/algovirginia/workspace/DeepfakeDetectionRenewed/data/vcc2020/audio/T27/task1/team27_intra-TEM2_SEF1_E30002.wav,1,VCC2020_T27,
train,__hf__,0,librispeech,26484
train,/lambda/nfs/algovirginia/workspace/DeepfakeDetectionRenewed/data/wavefake/generated_audio/ljspeech_parallel_wavegan/LJ044-0208_gen.wav,1,ljspeech_parallel_wavegan,
train,__hf__,0,librispeech,13433
train,/lambda/nfs/algovirginia/workspace/DeepfakeDetectionRenewed/data/wavefake/generated_audio/ljspeech_waveglow/LJ031-0216.wav,1,ljspeech_waveglow,
train,__hf__,0,librispeech,199
train,__hf__,0,librispeech,2990
train,__hf__,0,librispeech,6252
train,__hf__,0,librispeech,25211
train,__hf__,0,librispeech,27327
train,__hf__,0,librispeech,17100
train,__hf__,0,librispeech,26581
train,__hf__,0,librispeech,19363
train,/lambda/nfs/algovirginia/workspace/DeepfakeDetectionRenewed/data/vcc2020/audio/T16/task1/team16_intra-TEM1_SEF1_E30002.wav,1,VCC2020_T16,
train,__hf__,0,librispeech,22117
train,__hf__,0,librispeech,19226
train,__hf__,0,librispeech,9245
train,/lambda/nfs/algovirginia/workspace/DeepfakeDetectionRenewed/data/wavefake/generated_audio/ljspeech_full_band_melgan/LJ019-0167_gen.wav,1,ljspeech_full_band_melgan,
train,/lambda/nfs/algovirginia/workspace/DeepfakeDetectionRenewed/data/wavefake/generated_audio/ljspeech_melgan/LJ039-0214_gen.wav,1,ljspeech_melgan,
train,/lambda/nfs/algovirginia/workspace/DeepfakeDetectionRenewed/data/vcc2020/audio/T10/task1/team10_intra-TEM1_SEF2_E30004.wav,1,VCC2020_T10,
train,/lambda/nfs/algovirginia/workspace/DeepfakeDetectionRenewed/data/wavefake/generated_audio/ljspeech_melgan_large/LJ012-0011_gen.wav,1,ljspeech_melgan_large,
train,__hf__,0,librispeech,27907
train,__hf__,0,librispeech,28066
train,/lambda/nfs/algovirginia/workspace/DeepfakeDetectionRenewed/data/vcc2020/audio/T03/task1/team03_intra-TEM2_SEF1_E30005.wav,1,VCC2020_T03,
train,__hf__,0,librispeech,26884
train,/lambda/nfs/algovirginia/workspace/DeepfakeDetectionRenewed/data/wavefake/generated_audio/ljspeech_melgan/LJ027-0018_gen.wav,1,ljspeech_melgan,
train,__hf__,0,librispeech,7301
train,/lambda/nfs/algovirginia/workspace/DeepfakeDetectionRenewed/data/wavefake/generated_audio/ljspeech_full_band_melgan/LJ015-0001_gen.wav,1,ljspeech_full_band_melgan,
train,__hf__,0,librispeech,18753
train,/lambda/nfs/algovirginia/workspace/DeepfakeDetectionRenewed/data/wavefake/generated_audio/ljspeech_hifiGAN/LJ039-0173_generated.wav,1,ljspeech_hifiGAN,
train,__hf__,0,librispeech,26971
train,/lambda/nfs/algovirginia/workspace/DeepfakeDetectionRenewed/data/vcc2020/audio/T11/task1/team11_intra-TEF2_SEM2_E30002.wav,1,VCC2020_T11,
train,__hf__,0,librispeech,11762
train,__hf__,0,librispeech,22417
train,__hf__,0,librispeech,1265
train,__hf__,0,librispeech,27985
train,__hf__,0,librispeech,20166
train,/lambda/nfs/algovirginia/workspace/DeepfakeDetectionRenewed/data/vcc2020/audio/T32/task1/team32_intra-TEF2_SEM2_E30005.wav,1,VCC2020_T32,
train,__hf__,0,librispeech,13338
train,/lambda/nfs/algovirginia/workspace/DeepfakeDetectionRenewed/data/wavefake/generated_audio/ljspeech_melgan_large/LJ008-0085_gen.wav,1,ljspeech_melgan_large,
train,/lambda/nfs/algovirginia/workspace/DeepfakeDetectionRenewed/data/wavefake/generated_audio/ljspeech_hifiGAN/LJ004-0211_generated.wav,1,ljspeech_hifiGAN,
train,/lambda/nfs/algovirginia/workspace/DeepfakeDetectionRenewed/data/vcc2020/audio/T13/task1/team13_intra-TEF1_SEF1_E30003.wav,1,VCC2020_T13,
train,/lambda/nfs/algovirginia/workspace/DeepfakeDetectionRenewed/data/wavefake/generated_audio/ljspeech_hifiGAN/LJ030-0167_generated.wav,1,ljspeech_hifiGAN,
train,__hf__,0,librispeech,6682
train,/lambda/nfs/algovirginia/workspace/DeepfakeDetectionRenewed/data/wavefake/generated_audio/ljspeech_melgan/LJ037-0102_gen.wav,1,ljspeech_melgan,
train,__hf__,0,librispeech,8106
train,/lambda/nfs/algovirginia/workspace/DeepfakeDetectionRenewed/data/vcc2020/audio/T26/task1/team26_intra-TEM1_SEF1_E30003.wav,1,VCC2020_T26,
train,/lambda/nfs/algovirginia/workspace/DeepfakeDetectionRenewed/data/vcc2020/audio/T31/task1/team31_intra-TEF2_SEM2_E30004.wav,1,VCC2020_T31,
train,/lambda/nfs/algovirginia/workspace/DeepfakeDetectionRenewed/data/vcc2020/audio/T26/task1/team26_intra-TEM1_SEF2_E30004.wav,1,VCC2020_T26,
train,__hf__,0,librispeech,10103
train,__hf__,0,librispeech,5198
train,__hf__,0,librispeech,7843
train,__hf__,0,librispeech,15378
train,/lambda/nfs/algovirginia/workspace/DeepfakeDetectionRenewed/data/vcc2020/audio/T16/task1/team16_intra-TEM1_SEF1_E30004.wav,1,VCC2020_T16,
train,__hf__,0,librispeech,13692
train,/lambda/nfs/algovirginia/workspace/DeepfakeDetectionRenewed/data/wavefake/generated_audio/ljspeech_multi_band_melgan/LJ039-0194_gen.wav,1,ljspeech_multi_band_melgan,
train,/lambda/nfs/algovirginia/workspace/DeepfakeDetectionRenewed/data/wavefake/generated_audio/ljspeech_melgan/LJ015-0113_gen.wav,1,ljspeech_melgan,
train,__hf__,0,librispeech,15581
train,/lambda/nfs/algovirginia/workspace/DeepfakeDetectionRenewed/data/wavefake/generated_audio/ljspeech_parallel_wavegan/LJ005-0289_gen.wav,1,ljspeech_parallel_wavegan,
train,__hf__,0,librispeech,15900
train,/lambda/nfs/algovirginia/workspace/DeepfakeDetectionRenewed/data/wavefake/generated_audio/ljspeech_parallel_wavegan/LJ003-0124_gen.wav,1,ljspeech_parallel_wavegan,
train,/lambda/nfs/algovirginia/workspace/DeepfakeDetectionRenewed/data/vcc2020/audio/T28/task1/team28_intra-TEM2_SEF1_E30005.wav,1,VCC2020_T28,
train,/lambda/nfs/algovirginia/workspace/DeepfakeDetectionRenewed/data/vcc2020/audio/T29/task1/team29_intra-TEF2_SEF1_E30002.wav,1,VCC2020_T29,
train,__hf__,0,librispeech,22825
train,/lambda/nfs/algovirginia/workspace/DeepfakeDetectionRenewed/data/vcc2020/audio/T01/task1/team01_intra-TEF1_SEM2_E30002.wav,1,VCC2020_T01,
train,__hf__,0,librispeech,2181
train,/lambda/nfs/algovirginia/workspace/DeepfakeDetectionRenewed/data/vcc2020/audio/T23/task1/team23_intra-TEM2_SEF1_E30005.wav,1,VCC2020_T23,
train,/lambda/nfs/algovirginia/workspace/DeepfakeDetectionRenewed/data/wavefake/generated_audio/ljspeech_waveglow/LJ012-0138.wav,1,ljspeech_waveglow,
train,/lambda/nfs/algovirginia/workspace/DeepfakeDetectionRenewed/data/wavefake/generated_audio/ljspeech_multi_band_melgan/LJ019-0123_gen.wav,1,ljspeech_multi_band_melgan,
train,__hf__,0,librispeech,3313
train,__hf__,0,librispeech,23071
train,/lambda/nfs/algovirginia/workspace/DeepfakeDetectionRenewed/data/vcc2020/audio/T10/task1/team10_intra-TEF1_SEF2_E30001.wav,1,VCC2020_T10,
train,__hf__,0,librispeech,13119
train,/lambda/nfs/algovirginia/workspace/DeepfakeDetectionRenewed/data/vcc2020/audio/T13/task1/team13_intra-TEF2_SEF1_E30005.wav,1,VCC2020_T13,
train,__hf__,0,librispeech,13389
train,/lambda/nfs/algovirginia/workspace/DeepfakeDetectionRenewed/data/wavefake/generated_audio/ljspeech_hifiGAN/LJ021-0148_generated.wav,1,ljspeech_hifiGAN,
train,/lambda/nfs/algovirginia/workspace/DeepfakeDetectionRenewed/data/wavefake/generated_audio/ljspeech_multi_band_melgan/LJ034-0014_gen.wav,1,ljspeech_multi_band_melgan,
train,/lambda/nfs/algovirginia/workspace/DeepfakeDetectionRenewed/data/vcc2020/audio/T01/task1/team01_intra-TEM1_SEM1_E30001.wav,1,VCC2020_T01,
train,/lambda/nfs/algovirginia/workspace/DeepfakeDetectionRenewed/data/wavefake/generated_audio/ljspeech_waveglow/LJ031-0137.wav,1,ljspeech_waveglow,
train,__hf__,0,librispeech,8546
train,/lambda/nfs/algovirginia/workspace/DeepfakeDetectionRenewed/data/vcc2020/audio/T22/task1/team22_intra-TEM2_SEF2_E30001.wav,1,VCC2020_T22,
train,/lambda/nfs/algovirginia/workspace/DeepfakeDetectionRenewed/data/wavefake/generated_audio/common_voices_prompts_from_conformer_fastspeech2_pwg_ljspeech/gen_9720.wav,1,common_voices_prompts_from_conformer_fastspeech2_pwg_ljspeech,
train,/lambda/nfs/algovirginia/workspace/DeepfakeDetectionRenewed/data/wavefake/generated_audio/ljspeech_waveglow/LJ012-0168.wav,1,ljspeech_waveglow,
train,/lambda/nfs/algovirginia/workspace/DeepfakeDetectionRenewed/data/vcc2020/audio/T12/task1/team12_intra-TEM2_SEM2_E30002.wav,1,VCC2020_T12,
train,/lambda/nfs/algovirginia/workspace/DeepfakeDetectionRenewed/data/wavefake/generated_audio/ljspeech_melgan_large/LJ036-0187_gen.wav,1,ljspeech_melgan_large,
train,__hf__,0,librispeech,2913
train,__hf__,0,librispeech,7175
train,/lambda/nfs/algovirginia/workspace/DeepfakeDetectionRenewed/data/vcc2020/audio/T33/task1/team33_intra-TEM1_SEF1_E30004.wav,1,VCC2020_T33,
train,__hf__,0,librispeech,13362
train,/lambda/nfs/algovirginia/workspace/DeepfakeDetectionRenewed/data/vcc2020/audio/T29/task1/team29_intra-TEF2_SEF2_E30001.wav,1,VCC2020_T29,
train,/lambda/nfs/algovirginia/workspace/DeepfakeDetectionRenewed/data/vcc2020/audio/T08/task1/team08_intra-TEM1_SEF2_E30002.wav,1,VCC2020_T08,
train,/lambda/nfs/algovirginia/workspace/DeepfakeDetectionRenewed/data/vcc2020/audio/T03/task1/team03_intra-TEM1_SEF1_E30002.wav,1,VCC2020_T03,
train,/lambda/nfs/algovirginia/workspace/DeepfakeDetectionRenewed/data/wavefake/generated_audio/ljspeech_full_band_melgan/LJ002-0077_gen.wav,1,ljspeech_full_band_melgan,
train,__hf__,0,librispeech,8770
train,__hf__,0,librispeech,5449
train,__hf__,0,librispeech,18708
train,/lambda/nfs/algovirginia/workspace/DeepfakeDetectionRenewed/data/vcc2020/audio/T23/task1/team23_intra-TEM1_SEF1_E30004.wav,1,VCC2020_T23,
train,__hf__,0,librispeech,14317
train,/lambda/nfs/algovirginia/workspace/DeepfakeDetectionRenewed/data/vcc2020/audio/T12/task1/team12_intra-TEF2_SEM2_E30004.wav,1,VCC2020_T12,
train,__hf__,0,librispeech,4544
train,__hf__,0,librispeech,475
train,__hf__,0,librispeech,13703
train,__hf__,0,librispeech,4035
train,__hf__,0,librispeech,27857
train,__hf__,0,librispeech,24830
train,__hf__,0,librispeech,21088
train,__hf__,0,librispeech,26071
train,__hf__,0,librispeech,19581
train,/lambda/nfs/algovirginia/workspace/DeepfakeDetectionRenewed/data/vcc2020/audio/T18/task1/team18_intra-TEM2_SEM2_E30005.wav,1,VCC2020_T18,
train,__hf__,0,librispeech,15787
train,/lambda/nfs/algovirginia/workspace/DeepfakeDetectionRenewed/data/vcc2020/audio/T31/task1/team31_intra-TEM1_SEM1_E30004.wav,1,VCC2020_T31,
train,/lambda/nfs/algovirginia/workspace/DeepfakeDetectionRenewed/data/vcc2020/audio/T28/task1/team28_intra-TEM1_SEM2_E30003.wav,1,VCC2020_T28,
train,__hf__,0,librispeech,10774
train,/lambda/nfs/algovirginia/workspace/DeepfakeDetectionRenewed/data/wavefake/generated_audio/ljspeech_multi_band_melgan/LJ011-0029_gen.wav,1,ljspeech_multi_band_melgan,
train,__hf__,0,librispeech,15943
train,/lambda/nfs/algovirginia/workspace/DeepfakeDetectionRenewed/data/wavefake/generated_audio/ljspeech_melgan/LJ035-0129_gen.wav,1,ljspeech_melgan,
train,/lambda/nfs/algovirginia/workspace/DeepfakeDetectionRenewed/data/wavefake/generated_audio/common_voices_prompts_from_conformer_fastspeech2_pwg_ljspeech/gen_6096.wav,1,common_voices_prompts_from_conformer_fastspeech2_pwg_ljspeech,
train,/lambda/nfs/algovirginia/workspace/DeepfakeDetectionRenewed/data/wavefake/generated_audio/ljspeech_parallel_wavegan/LJ031-0129_gen.wav,1,ljspeech_parallel_wavegan,
train,/lambda/nfs/algovirginia/workspace/DeepfakeDetectionRenewed/data/wavefake/generated_audio/common_voices_prompts_from_conformer_fastspeech2_pwg_ljspeech/gen_7004.wav,1,common_voices_prompts_from_conformer_fastspeech2_pwg_ljspeech,
train,__hf__,0,librispeech,13817
train,__hf__,0,librispeech,28493
train,__hf__,0,librispeech,23770
train,/lambda/nfs/algovirginia/workspace/DeepfakeDetectionRenewed/data/wavefake/generated_audio/ljspeech_waveglow/LJ008-0091.wav,1,ljspeech_waveglow,
train,/lambda/nfs/algovirginia/workspace/DeepfakeDetectionRenewed/data/wavefake/generated_audio/ljspeech_melgan/LJ004-0167_gen.wav,1,ljspeech_melgan,
train,__hf__,0,librispeech,12966
train,__hf__,0,librispeech,17362
train,__hf__,0,librispeech,12333
train,__hf__,0,librispeech,18831
train,/lambda/nfs/algovirginia/workspace/DeepfakeDetectionRenewed/data/vcc2020/audio/T27/task1/team27_intra-TEM2_SEF2_E30002.wav,1,VCC2020_T27,
train,__hf__,0,librispeech,26229
train,/lambda/nfs/algovirginia/workspace/DeepfakeDetectionRenewed/data/vcc2020/audio/T10/task1/team10_intra-TEM1_SEF1_E30005.wav,1,VCC2020_T10,
train,/lambda/nfs/algovirginia/workspace/DeepfakeDetectionRenewed/data/vcc2020/audio/T01/task1/team01_intra-TEF2_SEM2_E30003.wav,1,VCC2020_T01,
train,__hf__,0,librispeech,25405
train,/lambda/nfs/algovirginia/workspace/DeepfakeDetectionRenewed/data/vcc2020/audio/T02/task1/team02_intra-TEF1_SEM2_E30001.wav,1,VCC2020_T02,
train,/lambda/nfs/algovirginia/workspace/DeepfakeDetectionRenewed/data/wavefake/generated_audio/ljspeech_multi_band_melgan/LJ004-0048_gen.wav,1,ljspeech_multi_band_melgan,
train,__hf__,0,librispeech,16111
train,__hf__,0,librispeech,263
train,/lambda/nfs/algovirginia/workspace/DeepfakeDetectionRenewed/data/wavefake/generated_audio/ljspeech_parallel_wavegan/LJ042-0064_gen.wav,1,ljspeech_parallel_wavegan,
train,/lambda/nfs/algovirginia/workspace/DeepfakeDetectionRenewed/data/wavefake/generated_audio/ljspeech_full_band_melgan/LJ021-0037_gen.wav,1,ljspeech_full_band_melgan,
train,/lambda/nfs/algovirginia/workspace/DeepfakeDetectionRenewed/data/vcc2020/audio/T14/task1/team14_intra-TEF1_SEF2_E30003.wav,1,VCC2020_T14,
train,__hf__,0,librispeech,1544
train,__hf__,0,librispeech,2761
train,__hf__,0,librispeech,14581
train,/lambda/nfs/algovirginia/workspace/DeepfakeDetectionRenewed/data/vcc2020/audio/T29/task1/team29_intra-TEF1_SEF1_E30004.wav,1,VCC2020_T29,
train,/lambda/nfs/algovirginia/workspace/DeepfakeDetectionRenewed/data/wavefake/generated_audio/ljspeech_melgan/LJ037-0195_gen.wav,1,ljspeech_melgan,
train,__hf__,0,librispeech,13155
train,__hf__,0,librispeech,16855
train,/lambda/nfs/algovirginia/workspace/DeepfakeDetectionRenewed/data/wavefake/generated_audio/ljspeech_parallel_wavegan/LJ042-0006_gen.wav,1,ljspeech_parallel_wavegan,
train,/lambda/nfs/algovirginia/workspace/DeepfakeDetectionRenewed/data/wavefake/generated_audio/ljspeech_full_band_melgan/LJ042-0044_gen.wav,1,ljspeech_full_band_melgan,
train,__hf__,0,librispeech,8283
train,/lambda/nfs/algovirginia/workspace/DeepfakeDetectionRenewed/data/vcc2020/audio/T14/task1/team14_intra-TEF2_SEF2_E30004.wav,1,VCC2020_T14,
train,__hf__,0,librispeech,4838
train,__hf__,0,librispeech,804
train,__hf__,0,librispeech,5362
train,/lambda/nfs/algovirginia/workspace/DeepfakeDetectionRenewed/data/wavefake/generated_audio/ljspeech_waveglow/LJ004-0197.wav,1,ljspeech_waveglow,
train,__hf__,0,librispeech,13339
train,/lambda/nfs/algovirginia/workspace/DeepfakeDetectionRenewed/data/wavefake/generated_audio/ljspeech_melgan/LJ010-0185_gen.wav,1,ljspeech_melgan,
train,__hf__,0,librispeech,15830
train,/lambda/nfs/algovirginia/workspace/DeepfakeDetectionRenewed/data/wavefake/generated_audio/ljspeech_parallel_wavegan/LJ016-0067_gen.wav,1,ljspeech_parallel_wavegan,
train,/lambda/nfs/algovirginia/workspace/DeepfakeDetectionRenewed/data/wavefake/generated_audio/ljspeech_full_band_melgan/LJ014-0075_gen.wav,1,ljspeech_full_band_melgan,
train,/lambda/nfs/algovirginia/workspace/DeepfakeDetectionRenewed/data/vcc2020/audio/T32/task1/team32_intra-TEF2_SEM2_E30004.wav,1,VCC2020_T32,
train,/lambda/nfs/algovirginia/workspace/DeepfakeDetectionRenewed/data/wavefake/generated_audio/ljspeech_melgan/LJ005-0292_gen.wav,1,ljspeech_melgan,
train,/lambda/nfs/algovirginia/workspace/DeepfakeDetectionRenewed/data/vcc2020/audio/T17/task1/team17_intra-TEF1_SEF1_E30005.wav,1,VCC2020_T17,
train,__hf__,0,librispeech,21279
train,__hf__,0,librispeech,437
train,/lambda/nfs/algovirginia/workspace/DeepfakeDetectionRenewed/data/vcc2020/audio/T31/task1/team31_intra-TEM1_SEF2_E30001.wav,1,VCC2020_T31,
train,__hf__,0,librispeech,20392
train,__hf__,0,librispeech,24679
train,__hf__,0,librispeech,7576
train,__hf__,0,librispeech,1793
train,__hf__,0,librispeech,25070
train,/lambda/nfs/algovirginia/workspace/DeepfakeDetectionRenewed/data/vcc2020/audio/T04/task1/team04_intra-TEM2_SEM2_E30002.wav,1,VCC2020_T04,
train,__hf__,0,librispeech,9860
train,__hf__,0,librispeech,6487
train,__hf__,0,librispeech,1292
train,/lambda/nfs/algovirginia/workspace/DeepfakeDetectionRenewed/data/vcc2020/audio/T31/task1/team31_intra-TEM2_SEM1_E30002.wav,1,VCC2020_T31,
train,/lambda/nfs/algovirginia/workspace/DeepfakeDetectionRenewed/data/wavefake/generated_audio/ljspeech_parallel_wavegan/LJ031-0184_gen.wav,1,ljspeech_parallel_wavegan,
train,__hf__,0,librispeech,17634
train,__hf__,0,librispeech,25940
train,/lambda/nfs/algovirginia/workspace/DeepfakeDetectionRenewed/data/vcc2020/audio/T26/task1/team26_intra-TEF2_SEF2_E30003.wav,1,VCC2020_T26,
train,__hf__,0,librispeech,22464
train,__hf__,0,librispeech,15297
train,__hf__,0,librispeech,10466
train,__hf__,0,librispeech,5451
train,/lambda/nfs/algovirginia/workspace/DeepfakeDetectionRenewed/data/vcc2020/audio/T19/task1/team19_intra-TEF1_SEF2_E30002.wav,1,VCC2020_T19,
train,__hf__,0,librispeech,24461
train,__hf__,0,librispeech,27161
train,__hf__,0,librispeech,11441
train,/lambda/nfs/algovirginia/workspace/DeepfakeDetectionRenewed/data/vcc2020/audio/T02/task1/team02_intra-TEM1_SEF1_E30005.wav,1,VCC2020_T02,
train,/lambda/nfs/algovirginia/workspace/DeepfakeDetectionRenewed/data/wavefake/generated_audio/common_voices_prompts_from_conformer_fastspeech2_pwg_ljspeech/gen_3177.wav,1,common_voices_prompts_from_conformer_fastspeech2_pwg_ljspeech,
train,__hf__,0,librispeech,23032
train,/lambda/nfs/algovirginia/workspace/DeepfakeDetectionRenewed/data/wavefake/generated_audio/common_voices_prompts_from_conformer_fastspeech2_pwg_ljspeech/gen_5070.wav,1,common_voices_prompts_from_conformer_fastspeech2_pwg_ljspeech,
train,__hf__,0,librispeech,6228
train,__hf__,0,librispeech,5436
train,__hf__,0,librispeech,19237
train,__hf__,0,librispeech,27808
train,__hf__,0,librispeech,9125
train,/lambda/nfs/algovirginia/workspace/DeepfakeDetectionRenewed/data/wavefake/generated_audio/ljspeech_parallel_wavegan/LJ033-0191_gen.wav,1,ljspeech_parallel_wavegan,
train,/lambda/nfs/algovirginia/workspace/DeepfakeDetectionRenewed/data/vcc2020/audio/T18/task1/team18_intra-TEM2_SEM2_E30004.wav,1,VCC2020_T18,
train,__hf__,0,librispeech,17171
train,/lambda/nfs/algovirginia/workspace/DeepfakeDetectionRenewed/data/wavefake/generated_audio/ljspeech_parallel_wavegan/LJ015-0072_gen.wav,1,ljspeech_parallel_wavegan,
train,/lambda/nfs/algovirginia/workspace/DeepfakeDetectionRenewed/data/vcc2020/audio/T21/task1/team21_intra-TEM1_SEF1_E30001.wav,1,VCC2020_T21,
train,/lambda/nfs/algovirginia/workspace/DeepfakeDetectionRenewed/data/wavefake/generated_audio/ljspeech_hifiGAN/LJ012-0287_generated.wav,1,ljspeech_hifiGAN,
train,__hf__,0,librispeech,17370
train,/lambda/nfs/algovirginia/workspace/DeepfakeDetectionRenewed/data/vcc2020/audio/T27/task1/team27_intra-TEM1_SEF2_E30002.wav,1,VCC2020_T27,
train,/lambda/nfs/algovirginia/workspace/DeepfakeDetectionRenewed/data/wavefake/generated_audio/ljspeech_waveglow/LJ029-0189.wav,1,ljspeech_waveglow,
train,__hf__,0,librispeech,11381
train,__hf__,0,librispeech,9375
train,/lambda/nfs/algovirginia/workspace/DeepfakeDetectionRenewed/data/vcc2020/audio/T08/task1/team08_intra-TEF1_SEM2_E30004.wav,1,VCC2020_T08,
train,/lambda/nfs/algovirginia/workspace/DeepfakeDetectionRenewed/data/wavefake/generated_audio/ljspeech_waveglow/LJ034-0156.wav,1,ljspeech_waveglow,
train,__hf__,0,librispeech,25565
train,/lambda/nfs/algovirginia/workspace/DeepfakeDetectionRenewed/data/wavefake/generated_audio/ljspeech_waveglow/LJ013-0159.wav,1,ljspeech_waveglow,
train,__hf__,0,librispeech,23154
train,/lambda/nfs/algovirginia/workspace/DeepfakeDetectionRenewed/data/wavefake/generated_audio/ljspeech_melgan/LJ017-0244_gen.wav,1,ljspeech_melgan,
train,__hf__,0,librispeech,15771
train,__hf__,0,librispeech,28103
train,__hf__,0,librispeech,28156
train,/lambda/nfs/algovirginia/workspace/DeepfakeDetectionRenewed/data/vcc2020/audio/T14/task1/team14_intra-TEM1_SEF2_E30005.wav,1,VCC2020_T14,
train,__hf__,0,librispeech,5859
train,/lambda/nfs/algovirginia/workspace/DeepfakeDetectionRenewed/data/wavefake/generated_audio/ljspeech_hifiGAN/LJ002-0176_generated.wav,1,ljspeech_hifiGAN,
train,/lambda/nfs/algovirginia/workspace/DeepfakeDetectionRenewed/data/vcc2020/audio/T07/task1/team07_intra-TEF2_SEM2_E30001.wav,1,VCC2020_T07,
train,/lambda/nfs/algovirginia/workspace/DeepfakeDetectionRenewed/data/wavefake/generated_audio/ljspeech_parallel_wavegan/LJ032-0024_gen.wav,1,ljspeech_parallel_wavegan,
train,__hf__,0,librispeech,4561
train,__hf__,0,librispeech,24940
train,__hf__,0,librispeech,11166
train,/lambda/nfs/algovirginia/workspace/DeepfakeDetectionRenewed/data/vcc2020/audio/T10/task1/team10_intra-TEM1_SEF1_E30002.wav,1,VCC2020_T10,
train,__hf__,0,librispeech,14673
train,/lambda/nfs/algovirginia/workspace/DeepfakeDetectionRenewed/data/wavefake/generated_audio/ljspeech_parallel_wavegan/LJ006-0268_gen.wav,1,ljspeech_parallel_wavegan,
train,/lambda/nfs/algovirginia/workspace/DeepfakeDetectionRenewed/data/wavefake/generated_audio/ljspeech_full_band_melgan/LJ037-0224_gen.wav,1,ljspeech_full_band_melgan,
train,/lambda/nfs/algovirginia/workspace/DeepfakeDetectionRenewed/data/vcc2020/audio/T25/task1/team25_intra-TEM1_SEM1_E30004.wav,1,VCC2020_T25,
train,__hf__,0,librispeech,13753
train,/lambda/nfs/algovirginia/workspace/DeepfakeDetectionRenewed/data/wavefake/generated_audio/ljspeech_parallel_wavegan/LJ031-0007_gen.wav,1,ljspeech_parallel_wavegan,
train,__hf__,0,librispeech,26050
train,/lambda/nfs/algovirginia/workspace/DeepfakeDetectionRenewed/data/wavefake/generated_audio/ljspeech_full_band_melgan/LJ011-0039_gen.wav,1,ljspeech_full_band_melgan,
train,__hf__,0,librispeech,10399
train,__hf__,0,librispeech,11677
train,/lambda/nfs/algovirginia/workspace/DeepfakeDetectionRenewed/data/vcc2020/audio/T13/task1/team13_intra-TEM1_SEF2_E30004.wav,1,VCC2020_T13,
train,__hf__,0,librispeech,26345
train,/lambda/nfs/algovirginia/workspace/DeepfakeDetectionRenewed/data/vcc2020/audio/T25/task1/team25_intra-TEM2_SEM1_E30004.wav,1,VCC2020_T25,
train,/lambda/nfs/algovirginia/workspace/DeepfakeDetectionRenewed/data/vcc2020/audio/T01/task1/team01_intra-TEM1_SEF1_E30002.wav,1,VCC2020_T01,
train,/lambda/nfs/algovirginia/workspace/DeepfakeDetectionRenewed/data/vcc2020/audio/T16/task1/team16_intra-TEM1_SEF1_E30005.wav,1,VCC2020_T16,
train,__hf__,0,librispeech,23310
train,__hf__,0,librispeech,8214
train,__hf__,0,librispeech,10191
train,__hf__,0,librispeech,5412
train,__hf__,0,librispeech,102
train,/lambda/nfs/algovirginia/workspace/DeepfakeDetectionRenewed/data/wavefake/generated_audio/ljspeech_melgan/LJ049-0053_gen.wav,1,ljspeech_melgan,
train,__hf__,0,librispeech,14544
train,/lambda/nfs/algovirginia/workspace/DeepfakeDetectionRenewed/data/wavefake/generated_audio/ljspeech_full_band_melgan/LJ041-0105_gen.wav,1,ljspeech_full_band_melgan,
train,/lambda/nfs/algovirginia/workspace/DeepfakeDetectionRenewed/data/wavefake/generated_audio/ljspeech_melgan_large/LJ030-0024_gen.wav,1,ljspeech_melgan_large,
train,__hf__,0,librispeech,28291
train,/lambda/nfs/algovirginia/workspace/DeepfakeDetectionRenewed/data/wavefake/generated_audio/ljspeech_multi_band_melgan/LJ034-0054_gen.wav,1,ljspeech_multi_band_melgan,
train,/lambda/nfs/algovirginia/workspace/DeepfakeDetectionRenewed/data/vcc2020/audio/T13/task1/team13_intra-TEF1_SEF1_E30001.wav,1,VCC2020_T13,
train,__hf__,0,librispeech,9889
train,__hf__,0,librispeech,5394
train,__hf__,0,librispeech,26289
train,__hf__,0,librispeech,15699
train,/lambda/nfs/algovirginia/workspace/DeepfakeDetectionRenewed/data/vcc2020/audio/T32/task1/team32_intra-TEF1_SEM2_E30004.wav,1,VCC2020_T32,
train,__hf__,0,librispeech,16177
train,/lambda/nfs/algovirginia/workspace/DeepfakeDetectionRenewed/data/wavefake/generated_audio/ljspeech_hifiGAN/LJ048-0023_generated.wav,1,ljspeech_hifiGAN,
train,/lambda/nfs/algovirginia/workspace/DeepfakeDetectionRenewed/data/vcc2020/audio/T01/task1/team01_intra-TEM2_SEF2_E30001.wav,1,VCC2020_T01,
train,/lambda/nfs/algovirginia/workspace/DeepfakeDetectionRenewed/data/vcc2020/audio/T14/task1/team14_intra-TEM2_SEF1_E30004.wav,1,VCC2020_T14,
train,__hf__,0,librispeech,4350
train,/lambda/nfs/algovirginia/workspace/DeepfakeDetectionRenewed/data/wavefake/generated_audio/ljspeech_multi_band_melgan/LJ028-0163_gen.wav,1,ljspeech_multi_band_melgan,
train,/lambda/nfs/algovirginia/workspace/DeepfakeDetectionRenewed/data/vcc2020/audio/T32/task1/team32_intra-TEM1_SEF2_E30001.wav,1,VCC2020_T32,
train,__hf__,0,librispeech,8209
train,/lambda/nfs/algovirginia/workspace/DeepfakeDetectionRenewed/data/wavefake/generated_audio/ljspeech_melgan/LJ008-0230_gen.wav,1,ljspeech_melgan,
train,/lambda/nfs/algovirginia/workspace/DeepfakeDetectionRenewed/data/wavefake/generated_audio/ljspeech_melgan/LJ045-0088_gen.wav,1,ljspeech_melgan,
train,/lambda/nfs/algovirginia/workspace/DeepfakeDetectionRenewed/data/wavefake/generated_audio/ljspeech_parallel_wavegan/LJ025-0170_gen.wav,1,ljspeech_parallel_wavegan,
train,__hf__,0,librispeech,28101
train,/lambda/nfs/algovirginia/workspace/DeepfakeDetectionRenewed/data/wavefake/generated_audio/ljspeech_hifiGAN/LJ003-0089_generated.wav,1,ljspeech_hifiGAN,
train,__hf__,0,librispeech,6238
train,/lambda/nfs/algovirginia/workspace/DeepfakeDetectionRenewed/data/vcc2020/audio/T13/task1/team13_intra-TEM1_SEM1_E30003.wav,1,VCC2020_T13,
train,/lambda/nfs/algovirginia/workspace/DeepfakeDetectionRenewed/data/wavefake/generated_audio/ljspeech_waveglow/LJ048-0127.wav,1,ljspeech_waveglow,
train,/lambda/nfs/algovirginia/workspace/DeepfakeDetectionRenewed/data/vcc2020/audio/T32/task1/team32_intra-TEM2_SEF2_E30003.wav,1,VCC2020_T32,
train,__hf__,0,librispeech,16680
train,/lambda/nfs/algovirginia/workspace/DeepfakeDetectionRenewed/data/vcc2020/audio/T32/task1/team32_intra-TEM2_SEM2_E30004.wav,1,VCC2020_T32,
train,/lambda/nfs/algovirginia/workspace/DeepfakeDetectionRenewed/data/vcc2020/audio/T33/task1/team33_intra-TEF1_SEF2_E30003.wav,1,VCC2020_T33,
train,__hf__,0,librispeech,5237
train,__hf__,0,librispeech,13361
train,/lambda/nfs/algovirginia/workspace/DeepfakeDetectionRenewed/data/wavefake/generated_audio/ljspeech_multi_band_melgan/LJ042-0249_gen.wav,1,ljspeech_multi_band_melgan,
train,/lambda/nfs/algovirginia/workspace/DeepfakeDetectionRenewed/data/vcc2020/audio/T20/task1/team20_intra-TEF1_SEM2_E30002.wav,1,VCC2020_T20,
train,__hf__,0,librispeech,5761
train,__hf__,0,librispeech,4555
train,/lambda/nfs/algovirginia/workspace/DeepfakeDetectionRenewed/data/vcc2020/audio/T02/task1/team02_intra-TEM2_SEM2_E30002.wav,1,VCC2020_T02,
train,/lambda/nfs/algovirginia/workspace/DeepfakeDetectionRenewed/data/vcc2020/audio/T11/task1/team11_intra-TEM1_SEF2_E30005.wav,1,VCC2020_T11,
train,/lambda/nfs/algovirginia/workspace/DeepfakeDetectionRenewed/data/vcc2020/audio/T10/task1/team10_intra-TEM1_SEM1_E30002.wav,1,VCC2020_T10,
train,__hf__,0,librispeech,18023
train,__hf__,0,librispeech,18321
train,__hf__,0,librispeech,24948
train,__hf__,0,librispeech,7031
train,__hf__,0,librispeech,15934
train,/lambda/nfs/algovirginia/workspace/DeepfakeDetectionRenewed/data/vcc2020/audio/T13/task1/team13_intra-TEF1_SEF2_E30001.wav,1,VCC2020_T13,
train,/lambda/nfs/algovirginia/workspace/DeepfakeDetectionRenewed/data/vcc2020/audio/T24/task1/team24_intra-TEF1_SEM2_E30003.wav,1,VCC2020_T24,
train,/lambda/nfs/algovirginia/workspace/DeepfakeDetectionRenewed/data/vcc2020/audio/T33/task1/team33_intra-TEF1_SEM2_E30005.wav,1,VCC2020_T33,
train,/lambda/nfs/algovirginia/workspace/DeepfakeDetectionRenewed/data/vcc2020/audio/T06/task1/team06_intra-TEF1_SEF2_E30003.wav,1,VCC2020_T06,
train,/lambda/nfs/algovirginia/workspace/DeepfakeDetectionRenewed/data/vcc2020/audio/T25/task1/team25_intra-TEF2_SEM2_E30003.wav,1,VCC2020_T25,
train,/lambda/nfs/algovirginia/workspace/DeepfakeDetectionRenewed/data/vcc2020/audio/T20/task1/team20_intra-TEF1_SEF1_E30003.wav,1,VCC2020_T20,
train,__hf__,0,librispeech,17427
train,/lambda/nfs/algovirginia/workspace/DeepfakeDetectionRenewed/data/wavefake/generated_audio/ljspeech_parallel_wavegan/LJ040-0005_gen.wav,1,ljspeech_parallel_wavegan,
train,__hf__,0,librispeech,11165
train,/lambda/nfs/algovirginia/workspace/DeepfakeDetectionRenewed/data/wavefake/generated_audio/ljspeech_hifiGAN/LJ018-0049_generated.wav,1,ljspeech_hifiGAN,
train,__hf__,0,librispeech,19408
train,__hf__,0,librispeech,18636
train,/lambda/nfs/algovirginia/workspace/DeepfakeDetectionRenewed/data/wavefake/generated_audio/ljspeech_parallel_wavegan/LJ034-0195_gen.wav,1,ljspeech_parallel_wavegan,
train,/lambda/nfs/algovirginia/workspace/DeepfakeDetectionRenewed/data/vcc2020/audio/T31/task1/team31_intra-TEM1_SEM1_E30002.wav,1,VCC2020_T31,
train,__hf__,0,librispeech,5125
train,/lambda/nfs/algovirginia/workspace/DeepfakeDetectionRenewed/data/vcc2020/audio/T21/task1/team21_intra-TEF1_SEM2_E30003.wav,1,VCC2020_T21,
train,/lambda/nfs/algovirginia/workspace/DeepfakeDetectionRenewed/data/wavefake/generated_audio/ljspeech_multi_band_melgan/LJ034-0102_gen.wav,1,ljspeech_multi_band_melgan,
train,/lambda/nfs/algovirginia/workspace/DeepfakeDetectionRenewed/data/wavefake/generated_audio/ljspeech_multi_band_melgan/LJ045-0222_gen.wav,1,ljspeech_multi_band_melgan,
train,__hf__,0,librispeech,2887
train,/lambda/nfs/algovirginia/workspace/DeepfakeDetectionRenewed/data/wavefake/generated_audio/ljspeech_multi_band_melgan/LJ004-0062_gen.wav,1,ljspeech_multi_band_melgan,
train,/lambda/nfs/algovirginia/workspace/DeepfakeDetectionRenewed/data/vcc2020/audio/T29/task1/team29_intra-TEM2_SEF1_E30005.wav,1,VCC2020_T29,
train,/lambda/nfs/algovirginia/workspace/DeepfakeDetectionRenewed/data/wavefake/generated_audio/ljspeech_parallel_wavegan/LJ029-0099_gen.wav,1,ljspeech_parallel_wavegan,
train,/lambda/nfs/algovirginia/workspace/DeepfakeDetectionRenewed/data/wavefake/generated_audio/ljspeech_hifiGAN/LJ022-0111_generated.wav,1,ljspeech_hifiGAN,
train,/lambda/nfs/algovirginia/workspace/DeepfakeDetectionRenewed/data/vcc2020/audio/T08/task1/team08_intra-TEM2_SEM1_E30003.wav,1,VCC2020_T08,
train,__hf__,0,librispeech,18722
train,/lambda/nfs/algovirginia/workspace/DeepfakeDetectionRenewed/data/vcc2020/audio/T28/task1/team28_intra-TEM2_SEF2_E30005.wav,1,VCC2020_T28,
train,/lambda/nfs/algovirginia/workspace/DeepfakeDetectionRenewed/data/wavefake/generated_audio/ljspeech_hifiGAN/LJ012-0089_generated.wav,1,ljspeech_hifiGAN,
train,/lambda/nfs/algovirginia/workspace/DeepfakeDetectionRenewed/data/wavefake/generated_audio/ljspeech_melgan_large/LJ019-0079_gen.wav,1,ljspeech_melgan_large,
train,__hf__,0,librispeech,14401
train,__hf__,0,librispeech,1827
train,__hf__,0,librispeech,11583
train,/lambda/nfs/algovirginia/workspace/DeepfakeDetectionRenewed/data/wavefake/generated_audio/ljspeech_hifiGAN/LJ029-0037_generated.wav,1,ljspeech_hifiGAN,
train,/lambda/nfs/algovirginia/workspace/DeepfakeDetectionRenewed/data/wavefake/generated_audio/ljspeech_parallel_wavegan/LJ022-0203_gen.wav,1,ljspeech_parallel_wavegan,
train,__hf__,0,librispeech,9105
train,/lambda/nfs/algovirginia/workspace/DeepfakeDetectionRenewed/data/vcc2020/audio/T08/task1/team08_intra-TEF1_SEF2_E30002.wav,1,VCC2020_T08,
train,__hf__,0,librispeech,25117
train,__hf__,0,librispeech,4679
train,__hf__,0,librispeech,18783
train,__hf__,0,librispeech,5368
train,__hf__,0,librispeech,8883
train,__hf__,0,librispeech,21408
train,__hf__,0,librispeech,2891
train,/lambda/nfs/algovirginia/workspace/DeepfakeDetectionRenewed/data/vcc2020/audio/T06/task1/team06_intra-TEF2_SEF2_E30002.wav,1,VCC2020_T06,
train,/lambda/nfs/algovirginia/workspace/DeepfakeDetectionRenewed/data/vcc2020/audio/T08/task1/team08_intra-TEM1_SEM1_E30004.wav,1,VCC2020_T08,
train,__hf__,0,librispeech,25228
train,/lambda/nfs/algovirginia/workspace/DeepfakeDetectionRenewed/data/wavefake/generated_audio/ljspeech_full_band_melgan/LJ022-0060_gen.wav,1,ljspeech_full_band_melgan,
train,/lambda/nfs/algovirginia/workspace/DeepfakeDetectionRenewed/data/wavefake/generated_audio/ljspeech_melgan/LJ012-0265_gen.wav,1,ljspeech_melgan,
train,/lambda/nfs/algovirginia/workspace/DeepfakeDetectionRenewed/data/wavefake/generated_audio/common_voices_prompts_from_conformer_fastspeech2_pwg_ljspeech/gen_10892.wav,1,common_voices_prompts_from_conformer_fastspeech2_pwg_ljspeech,
train,__hf__,0,librispeech,11000
train,__hf__,0,librispeech,16961
train,__hf__,0,librispeech,18669
train,/lambda/nfs/algovirginia/workspace/DeepfakeDetectionRenewed/data/vcc2020/audio/T17/task1/team17_intra-TEF1_SEF1_E30001.wav,1,VCC2020_T17,
train,__hf__,0,librispeech,11797
train,/lambda/nfs/algovirginia/workspace/DeepfakeDetectionRenewed/data/vcc2020/audio/T18/task1/team18_intra-TEF1_SEM1_E30004.wav,1,VCC2020_T18,
train,__hf__,0,librispeech,6390
train,__hf__,0,librispeech,4983
train,/lambda/nfs/algovirginia/workspace/DeepfakeDetectionRenewed/data/wavefake/generated_audio/common_voices_prompts_from_conformer_fastspeech2_pwg_ljspeech/gen_9229.wav,1,common_voices_prompts_from_conformer_fastspeech2_pwg_ljspeech,
train,/lambda/nfs/algovirginia/workspace/DeepfakeDetectionRenewed/data/wavefake/generated_audio/ljspeech_hifiGAN/LJ030-0033_generated.wav,1,ljspeech_hifiGAN,
train,/lambda/nfs/algovirginia/workspace/DeepfakeDetectionRenewed/data/wavefake/generated_audio/ljspeech_multi_band_melgan/LJ018-0077_gen.wav,1,ljspeech_multi_band_melgan,
train,__hf__,0,librispeech,27051
train,__hf__,0,librispeech,21254
train,__hf__,0,librispeech,17214
train,__hf__,0,librispeech,20012
train,/lambda/nfs/algovirginia/workspace/DeepfakeDetectionRenewed/data/vcc2020/audio/T20/task1/team20_intra-TEF2_SEF2_E30002.wav,1,VCC2020_T20,
train,__hf__,0,librispeech,23858
train,/lambda/nfs/algovirginia/workspace/DeepfakeDetectionRenewed/data/vcc2020/audio/T04/task1/team04_intra-TEM1_SEM1_E30001.wav,1,VCC2020_T04,
train,/lambda/nfs/algovirginia/workspace/DeepfakeDetectionRenewed/data/wavefake/generated_audio/ljspeech_parallel_wavegan/LJ022-0180_gen.wav,1,ljspeech_parallel_wavegan,
train,/lambda/nfs/algovirginia/workspace/DeepfakeDetectionRenewed/data/vcc2020/audio/T08/task1/team08_intra-TEM1_SEM2_E30005.wav,1,VCC2020_T08,
train,/lambda/nfs/algovirginia/workspace/DeepfakeDetectionRenewed/data/vcc2020/audio/T06/task1/team06_intra-TEF2_SEM1_E30004.wav,1,VCC2020_T06,
train,/lambda/nfs/algovirginia/workspace/DeepfakeDetectionRenewed/data/vcc2020/audio/T03/task1/team03_intra-TEF1_SEM1_E30002.wav,1,VCC2020_T03,
train,__hf__,0,librispeech,26181
train,__hf__,0,librispeech,9160
train,__hf__,0,librispeech,16644
train,__hf__,0,librispeech,14402
train,__hf__,0,librispeech,1962
train,/lambda/nfs/algovirginia/workspace/DeepfakeDetectionRenewed/data/vcc2020/audio/T09/task1/team09_intra-TEM1_SEM2_E30005.wav,1,VCC2020_T09,
train,__hf__,0,librispeech,8863
train,/lambda/nfs/algovirginia/workspace/DeepfakeDetectionRenewed/data/wavefake/generated_audio/ljspeech_parallel_wavegan/LJ009-0231_gen.wav,1,ljspeech_parallel_wavegan,
train,__hf__,0,librispeech,10475
train,/lambda/nfs/algovirginia/workspace/DeepfakeDetectionRenewed/data/vcc2020/audio/T02/task1/team02_intra-TEM2_SEF1_E30001.wav,1,VCC2020_T02,
train,/lambda/nfs/algovirginia/workspace/DeepfakeDetectionRenewed/data/wavefake/generated_audio/ljspeech_hifiGAN/LJ045-0205_generated.wav,1,ljspeech_hifiGAN,
train,__hf__,0,librispeech,2878
train,/lambda/nfs/algovirginia/workspace/DeepfakeDetectionRenewed/data/vcc2020/audio/T10/task1/team10_intra-TEM2_SEF1_E30005.wav,1,VCC2020_T10,
train,/lambda/nfs/algovirginia/workspace/DeepfakeDetectionRenewed/data/vcc2020/audio/T06/task1/team06_intra-TEF1_SEM2_E30002.wav,1,VCC2020_T06,
train,__hf__,0,librispeech,1572
train,__hf__,0,librispeech,18326
train,/lambda/nfs/algovirginia/workspace/DeepfakeDetectionRenewed/data/vcc2020/audio/T02/task1/team02_intra-TEF1_SEM2_E30003.wav,1,VCC2020_T02,
train,/lambda/nfs/algovirginia/workspace/DeepfakeDetectionRenewed/data/wavefake/generated_audio/common_voices_prompts_from_conformer_fastspeech2_pwg_ljspeech/gen_13785.wav,1,common_voices_prompts_from_conformer_fastspeech2_pwg_ljspeech,
train,__hf__,0,librispeech,3176
train,/lambda/nfs/algovirginia/workspace/DeepfakeDetectionRenewed/data/vcc2020/audio/T33/task1/team33_intra-TEM2_SEF2_E30005.wav,1,VCC2020_T33,
train,__hf__,0,librispeech,20764
train,/lambda/nfs/algovirginia/workspace/DeepfakeDetectionRenewed/data/wavefake/generated_audio/ljspeech_melgan_large/LJ031-0072_gen.wav,1,ljspeech_melgan_large,
train,__hf__,0,librispeech,4383
train,/lambda/nfs/algovirginia/workspace/DeepfakeDetectionRenewed/data/wavefake/generated_audio/ljspeech_waveglow/LJ015-0084.wav,1,ljspeech_waveglow,
train,/lambda/nfs/algovirginia/workspace/DeepfakeDetectionRenewed/data/wavefake/generated_audio/ljspeech_full_band_melgan/LJ045-0002_gen.wav,1,ljspeech_full_band_melgan,
train,/lambda/nfs/algovirginia/workspace/DeepfakeDetectionRenewed/data/wavefake/generated_audio/ljspeech_full_band_melgan/LJ039-0048_gen.wav,1,ljspeech_full_band_melgan,
train,/lambda/nfs/algovirginia/workspace/DeepfakeDetectionRenewed/data/wavefake/generated_audio/ljspeech_hifiGAN/LJ045-0057_generated.wav,1,ljspeech_hifiGAN,
train,/lambda/nfs/algovirginia/workspace/DeepfakeDetectionRenewed/data/wavefake/generated_audio/ljspeech_hifiGAN/LJ022-0122_generated.wav,1,ljspeech_hifiGAN,
train,/lambda/nfs/algovirginia/workspace/DeepfakeDetectionRenewed/data/vcc2020/audio/T08/task1/team08_intra-TEM2_SEF1_E30002.wav,1,VCC2020_T08,
train,__hf__,0,librispeech,5082
train,__hf__,0,librispeech,13619
train,/lambda/nfs/algovirginia/workspace/DeepfakeDetectionRenewed/data/vcc2020/audio/T27/task1/team27_intra-TEM1_SEM1_E30002.wav,1,VCC2020_T27,
train,/lambda/nfs/algovirginia/workspace/DeepfakeDetectionRenewed/data/vcc2020/audio/T31/task1/team31_intra-TEM2_SEM2_E30005.wav,1,VCC2020_T31,
train,__hf__,0,librispeech,27565
train,/lambda/nfs/algovirginia/workspace/DeepfakeDetectionRenewed/data/vcc2020/audio/T24/task1/team24_intra-TEM2_SEM1_E30002.wav,1,VCC2020_T24,
train,/lambda/nfs/algovirginia/workspace/DeepfakeDetectionRenewed/data/wavefake/generated_audio/ljspeech_melgan/LJ014-0016_gen.wav,1,ljspeech_melgan,
train,__hf__,0,librispeech,645
train,/lambda/nfs/algovirginia/workspace/DeepfakeDetectionRenewed/data/wavefake/generated_audio/ljspeech_multi_band_melgan/LJ003-0149_gen.wav,1,ljspeech_multi_band_melgan,
train,__hf__,0,librispeech,15052
train,__hf__,0,librispeech,9341
train,/lambda/nfs/algovirginia/workspace/DeepfakeDetectionRenewed/data/wavefake/generated_audio/ljspeech_full_band_melgan/LJ042-0101_gen.wav,1,ljspeech_full_band_melgan,
train,/lambda/nfs/algovirginia/workspace/DeepfakeDetectionRenewed/data/vcc2020/audio/T02/task1/team02_intra-TEF1_SEF1_E30003.wav,1,VCC2020_T02,
train,__hf__,0,librispeech,10848
train,__hf__,0,librispeech,25941
train,__hf__,0,librispeech,12347
train,__hf__,0,librispeech,16084
train,__hf__,0,librispeech,541
train,/lambda/nfs/algovirginia/workspace/DeepfakeDetectionRenewed/data/vcc2020/audio/T31/task1/team31_intra-TEF2_SEM1_E30005.wav,1,VCC2020_T31,
train,__hf__,0,librispeech,15647
train,__hf__,0,librispeech,28125
train,/lambda/nfs/algovirginia/workspace/DeepfakeDetectionRenewed/data/vcc2020/audio/T17/task1/team17_intra-TEF2_SEM1_E30005.wav,1,VCC2020_T17,
train,__hf__,0,librispeech,26149
train,/lambda/nfs/algovirginia/workspace/DeepfakeDetectionRenewed/data/wavefake/generated_audio/ljspeech_melgan/LJ011-0179_gen.wav,1,ljspeech_melgan,
train,/lambda/nfs/algovirginia/workspace/DeepfakeDetectionRenewed/data/wavefake/generated_audio/ljspeech_hifiGAN/LJ048-0128_generated.wav,1,ljspeech_hifiGAN,
train,/lambda/nfs/algovirginia/workspace/DeepfakeDetectionRenewed/data/vcc2020/audio/T08/task1/team08_intra-TEM1_SEF2_E30001.wav,1,VCC2020_T08,
train,/lambda/nfs/algovirginia/workspace/DeepfakeDetectionRenewed/data/wavefake/generated_audio/common_voices_prompts_from_conformer_fastspeech2_pwg_ljspeech/gen_14025.wav,1,common_voices_prompts_from_conformer_fastspeech2_pwg_ljspeech,
train,__hf__,0,librispeech,6046
train,__hf__,0,librispeech,44
train,__hf__,0,librispeech,15855
train,__hf__,0,librispeech,1324
train,__hf__,0,librispeech,8907
train,__hf__,0,librispeech,23198
train,__hf__,0,librispeech,24979
train,/lambda/nfs/algovirginia/workspace/DeepfakeDetectionRenewed/data/vcc2020/audio/T04/task1/team04_intra-TEF1_SEF1_E30002.wav,1,VCC2020_T04,
train,/lambda/nfs/algovirginia/workspace/DeepfakeDetectionRenewed/data/wavefake/generated_audio/ljspeech_parallel_wavegan/LJ018-0234_gen.wav,1,ljspeech_parallel_wavegan,
train,/lambda/nfs/algovirginia/workspace/DeepfakeDetectionRenewed/data/wavefake/generated_audio/ljspeech_melgan/LJ035-0108_gen.wav,1,ljspeech_melgan,
train,__hf__,0,librispeech,4857
train,/lambda/nfs/algovirginia/workspace/DeepfakeDetectionRenewed/data/vcc2020/audio/T14/task1/team14_intra-TEM2_SEM1_E30003.wav,1,VCC2020_T14,
train,__hf__,0,librispeech,11503
train,__hf__,0,librispeech,18370
train,/lambda/nfs/algovirginia/workspace/DeepfakeDetectionRenewed/data/wavefake/generated_audio/ljspeech_multi_band_melgan/LJ027-0068_gen.wav,1,ljspeech_multi_band_melgan,
train,__hf__,0,librispeech,9906
train,__hf__,0,librispeech,13262
train,/lambda/nfs/algovirginia/workspace/DeepfakeDetectionRenewed/data/wavefake/generated_audio/ljspeech_waveglow/LJ046-0173.wav,1,ljspeech_waveglow,
train,/lambda/nfs/algovirginia/workspace/DeepfakeDetectionRenewed/data/wavefake/generated_audio/ljspeech_melgan/LJ029-0188_gen.wav,1,ljspeech_melgan,
train,/lambda/nfs/algovirginia/workspace/DeepfakeDetectionRenewed/data/vcc2020/audio/T22/task1/team22_intra-TEM2_SEF1_E30004.wav,1,VCC2020_T22,
train,__hf__,0,librispeech,3252
train,/lambda/nfs/algovirginia/workspace/DeepfakeDetectionRenewed/data/wavefake/generated_audio/ljspeech_multi_band_melgan/LJ041-0044_gen.wav,1,ljspeech_multi_band_melgan,
train,__hf__,0,librispeech,14091
train,__hf__,0,librispeech,15660
train,__hf__,0,librispeech,9295
train,/lambda/nfs/algovirginia/workspace/DeepfakeDetectionRenewed/data/vcc2020/audio/T07/task1/team07_intra-TEM2_SEF2_E30004.wav,1,VCC2020_T07,
train,__hf__,0,librispeech,6563
train,__hf__,0,librispeech,12380
train,/lambda/nfs/algovirginia/workspace/DeepfakeDetectionRenewed/data/wavefake/generated_audio/ljspeech_multi_band_melgan/LJ003-0063_gen.wav,1,ljspeech_multi_band_melgan,
train,__hf__,0,librispeech,11796
train,/lambda/nfs/algovirginia/workspace/DeepfakeDetectionRenewed/data/wavefake/generated_audio/ljspeech_hifiGAN/LJ042-0170_generated.wav,1,ljspeech_hifiGAN,
train,__hf__,0,librispeech,22488
train,__hf__,0,librispeech,7836
train,__hf__,0,librispeech,8202
train,__hf__,0,librispeech,19652
train,__hf__,0,librispeech,24572
train,/lambda/nfs/algovirginia/workspace/DeepfakeDetectionRenewed/data/vcc2020/audio/T10/task1/team10_intra-TEF1_SEM2_E30001.wav,1,VCC2020_T10,
train,__hf__,0,librispeech,5975
train,/lambda/nfs/algovirginia/workspace/DeepfakeDetectionRenewed/data/wavefake/generated_audio/common_voices_prompts_from_conformer_fastspeech2_pwg_ljspeech/gen_10605.wav,1,common_voices_prompts_from_conformer_fastspeech2_pwg_ljspeech,
train,/lambda/nfs/algovirginia/workspace/DeepfakeDetectionRenewed/data/wavefake/generated_audio/ljspeech_hifiGAN/LJ036-0154_generated.wav,1,ljspeech_hifiGAN,
train,__hf__,0,librispeech,15774
train,/lambda/nfs/algovirginia/workspace/DeepfakeDetectionRenewed/data/wavefake/generated_audio/common_voices_prompts_from_conformer_fastspeech2_pwg_ljspeech/gen_9532.wav,1,common_voices_prompts_from_conformer_fastspeech2_pwg_ljspeech,
train,/lambda/nfs/algovirginia/workspace/DeepfakeDetectionRenewed/data/vcc2020/audio/T23/task1/team23_intra-TEF2_SEF2_E30003.wav,1,VCC2020_T23,
train,__hf__,0,librispeech,18195
train,__hf__,0,librispeech,13141
train,/lambda/nfs/algovirginia/workspace/DeepfakeDetectionRenewed/data/wavefake/generated_audio/common_voices_prompts_from_conformer_fastspeech2_pwg_ljspeech/gen_10246.wav,1,common_voices_prompts_from_conformer_fastspeech2_pwg_ljspeech,
train,/lambda/nfs/algovirginia/workspace/DeepfakeDetectionRenewed/data/vcc2020/audio/T13/task1/team13_intra-TEF1_SEM2_E30003.wav,1,VCC2020_T13,
train,/lambda/nfs/algovirginia/workspace/DeepfakeDetectionRenewed/data/wavefake/generated_audio/common_voices_prompts_from_conformer_fastspeech2_pwg_ljspeech/gen_10429.wav,1,common_voices_prompts_from_conformer_fastspeech2_pwg_ljspeech,
train,/lambda/nfs/algovirginia/workspace/DeepfakeDetectionRenewed/data/wavefake/generated_audio/ljspeech_parallel_wavegan/LJ017-0196_gen.wav,1,ljspeech_parallel_wavegan,
train,__hf__,0,librispeech,21530
train,/lambda/nfs/algovirginia/workspace/DeepfakeDetectionRenewed/data/vcc2020/audio/T17/task1/team17_intra-TEM2_SEM2_E30002.wav,1,VCC2020_T17,
train,/lambda/nfs/algovirginia/workspace/DeepfakeDetectionRenewed/data/vcc2020/audio/T21/task1/team21_intra-TEF2_SEF1_E30005.wav,1,VCC2020_T21,
train,__hf__,0,librispeech,25486
train,__hf__,0,librispeech,8136
train,/lambda/nfs/algovirginia/workspace/DeepfakeDetectionRenewed/data/vcc2020/audio/T24/task1/team24_intra-TEF1_SEF2_E30001.wav,1,VCC2020_T24,
train,__hf__,0,librispeech,6088
train,/lambda/nfs/algovirginia/workspace/DeepfakeDetectionRenewed/data/vcc2020/audio/T03/task1/team03_intra-TEF2_SEF2_E30003.wav,1,VCC2020_T03,
train,/lambda/nfs/algovirginia/workspace/DeepfakeDetectionRenewed/data/vcc2020/audio/T09/task1/team09_intra-TEF2_SEM1_E30005.wav,1,VCC2020_T09,
train,__hf__,0,librispeech,9086
train,__hf__,0,librispeech,228
train,/lambda/nfs/algovirginia/workspace/DeepfakeDetectionRenewed/data/vcc2020/audio/T32/task1/team32_intra-TEM1_SEM1_E30002.wav,1,VCC2020_T32,
train,__hf__,0,librispeech,18819
train,/lambda/nfs/algovirginia/workspace/DeepfakeDetectionRenewed/data/vcc2020/audio/T32/task1/team32_intra-TEF1_SEF1_E30002.wav,1,VCC2020_T32,
train,__hf__,0,librispeech,12887
train,__hf__,0,librispeech,12773
train,/lambda/nfs/algovirginia/workspace/DeepfakeDetectionRenewed/data/vcc2020/audio/T21/task1/team21_intra-TEM1_SEF2_E30005.wav,1,VCC2020_T21,
train,/lambda/nfs/algovirginia/workspace/DeepfakeDetectionRenewed/data/vcc2020/audio/T02/task1/team02_intra-TEF2_SEF2_E30005.wav,1,VCC2020_T02,
train,__hf__,0,librispeech,1820
train,/lambda/nfs/algovirginia/workspace/DeepfakeDetectionRenewed/data/vcc2020/audio/T19/task1/team19_intra-TEF2_SEF2_E30001.wav,1,VCC2020_T19,
train,__hf__,0,librispeech,27391
train,__hf__,0,librispeech,1075
train,/lambda/nfs/algovirginia/workspace/DeepfakeDetectionRenewed/data/wavefake/generated_audio/ljspeech_waveglow/LJ038-0073.wav,1,ljspeech_waveglow,
train,__hf__,0,librispeech,8470
train,/lambda/nfs/algovirginia/workspace/DeepfakeDetectionRenewed/data/vcc2020/audio/T04/task1/team04_intra-TEM1_SEF1_E30003.wav,1,VCC2020_T04,
train,/lambda/nfs/algovirginia/workspace/DeepfakeDetectionRenewed/data/vcc2020/audio/T21/task1/team21_intra-TEM1_SEF1_E30005.wav,1,VCC2020_T21,
train,/lambda/nfs/algovirginia/workspace/DeepfakeDetectionRenewed/data/wavefake/generated_audio/ljspeech_melgan/LJ003-0043_gen.wav,1,ljspeech_melgan,
train,/lambda/nfs/algovirginia/workspace/DeepfakeDetectionRenewed/data/wavefake/generated_audio/ljspeech_multi_band_melgan/LJ002-0276_gen.wav,1,ljspeech_multi_band_melgan,
train,__hf__,0,librispeech,8634
train,__hf__,0,librispeech,19681
train,__hf__,0,librispeech,20643
train,__hf__,0,librispeech,34
train,__hf__,0,librispeech,9736
train,/lambda/nfs/algovirginia/workspace/DeepfakeDetectionRenewed/data/vcc2020/audio/T12/task1/team12_intra-TEF2_SEF1_E30002.wav,1,VCC2020_T12,
train,__hf__,0,librispeech,18760
train,/lambda/nfs/algovirginia/workspace/DeepfakeDetectionRenewed/data/wavefake/generated_audio/ljspeech_parallel_wavegan/LJ035-0046_gen.wav,1,ljspeech_parallel_wavegan,
train,/lambda/nfs/algovirginia/workspace/DeepfakeDetectionRenewed/data/wavefake/generated_audio/common_voices_prompts_from_conformer_fastspeech2_pwg_ljspeech/gen_8849.wav,1,common_voices_prompts_from_conformer_fastspeech2_pwg_ljspeech,
train,__hf__,0,librispeech,7797
train,/lambda/nfs/algovirginia/workspace/DeepfakeDetectionRenewed/data/vcc2020/audio/T03/task1/team03_intra-TEM1_SEF2_E30004.wav,1,VCC2020_T03,
train,__hf__,0,librispeech,4133
train,/lambda/nfs/algovirginia/workspace/DeepfakeDetectionRenewed/data/wavefake/generated_audio/ljspeech_parallel_wavegan/LJ008-0197_gen.wav,1,ljspeech_parallel_wavegan,
train,/lambda/nfs/algovirginia/workspace/DeepfakeDetectionRenewed/data/vcc2020/audio/T27/task1/team27_intra-TEM1_SEM1_E30004.wav,1,VCC2020_T27,
train,__hf__,0,librispeech,22727
train,__hf__,0,librispeech,13633
train,/lambda/nfs/algovirginia/workspace/DeepfakeDetectionRenewed/data/vcc2020/audio/T08/task1/team08_intra-TEF2_SEF2_E30001.wav,1,VCC2020_T08,
train,__hf__,0,librispeech,9095
train,__hf__,0,librispeech,16998
train,/lambda/nfs/algovirginia/workspace/DeepfakeDetectionRenewed/data/vcc2020/audio/T11/task1/team11_intra-TEF1_SEM1_E30001.wav,1,VCC2020_T11,
train,/lambda/nfs/algovirginia/workspace/DeepfakeDetectionRenewed/data/vcc2020/audio/T30/task1/team30_intra-TEF2_SEM2_E30003.wav,1,VCC2020_T30,
train,__hf__,0,librispeech,3521
train,/lambda/nfs/algovirginia/workspace/DeepfakeDetectionRenewed/data/wavefake/generated_audio/common_voices_prompts_from_conformer_fastspeech2_pwg_ljspeech/gen_380.wav,1,common_voices_prompts_from_conformer_fastspeech2_pwg_ljspeech,
train,__hf__,0,librispeech,1734
train,__hf__,0,librispeech,26829
train,__hf__,0,librispeech,28187
train,__hf__,0,librispeech,4311
train,/lambda/nfs/algovirginia/workspace/DeepfakeDetectionRenewed/data/vcc2020/audio/T06/task1/team06_intra-TEM2_SEM2_E30002.wav,1,VCC2020_T06,
train,__hf__,0,librispeech,27482
train,__hf__,0,librispeech,4458
train,__hf__,0,librispeech,17511
train,__hf__,0,librispeech,25269
train,/lambda/nfs/algovirginia/workspace/DeepfakeDetectionRenewed/data/wavefake/generated_audio/ljspeech_parallel_wavegan/LJ037-0080_gen.wav,1,ljspeech_parallel_wavegan,
train,/lambda/nfs/algovirginia/workspace/DeepfakeDetectionRenewed/data/vcc2020/audio/T23/task1/team23_intra-TEF2_SEF2_E30002.wav,1,VCC2020_T23,
train,/lambda/nfs/algovirginia/workspace/DeepfakeDetectionRenewed/data/vcc2020/audio/T08/task1/team08_intra-TEF1_SEF2_E30005.wav,1,VCC2020_T08,
train,/lambda/nfs/algovirginia/workspace/DeepfakeDetectionRenewed/data/vcc2020/audio/T26/task1/team26_intra-TEM1_SEF2_E30001.wav,1,VCC2020_T26,
train,__hf__,0,librispeech,5932
train,/lambda/nfs/algovirginia/workspace/DeepfakeDetectionRenewed/data/wavefake/generated_audio/ljspeech_melgan/LJ040-0177_gen.wav,1,ljspeech_melgan,
train,/lambda/nfs/algovirginia/workspace/DeepfakeDetectionRenewed/data/vcc2020/audio/T19/task1/team19_intra-TEM2_SEM1_E30002.wav,1,VCC2020_T19,
train,/lambda/nfs/algovirginia/workspace/DeepfakeDetectionRenewed/data/wavefake/generated_audio/ljspeech_melgan/LJ016-0296_gen.wav,1,ljspeech_melgan,
train,__hf__,0,librispeech,27331
train,__hf__,0,librispeech,18330
train,/lambda/nfs/algovirginia/workspace/DeepfakeDetectionRenewed/data/vcc2020/audio/T12/task1/team12_intra-TEM2_SEF1_E30005.wav,1,VCC2020_T12,
train,/lambda/nfs/algovirginia/workspace/DeepfakeDetectionRenewed/data/vcc2020/audio/T23/task1/team23_intra-TEF2_SEM2_E30005.wav,1,VCC2020_T23,
train,/lambda/nfs/algovirginia/workspace/DeepfakeDetectionRenewed/data/wavefake/generated_audio/ljspeech_multi_band_melgan/LJ006-0047_gen.wav,1,ljspeech_multi_band_melgan,
train,/lambda/nfs/algovirginia/workspace/DeepfakeDetectionRenewed/data/vcc2020/audio/T07/task1/team07_intra-TEM2_SEM1_E30004.wav,1,VCC2020_T07,
train,/lambda/nfs/algovirginia/workspace/DeepfakeDetectionRenewed/data/vcc2020/audio/T04/task1/team04_intra-TEF2_SEF1_E30002.wav,1,VCC2020_T04,
train,__hf__,0,librispeech,7872
train,__hf__,0,librispeech,4018
train,__hf__,0,librispeech,8041
train,__hf__,0,librispeech,9335
train,__hf__,0,librispeech,15356
train,/lambda/nfs/algovirginia/workspace/DeepfakeDetectionRenewed/data/vcc2020/audio/T08/task1/team08_intra-TEF2_SEM2_E30005.wav,1,VCC2020_T08,
train,__hf__,0,librispeech,4395
train,/lambda/nfs/algovirginia/workspace/DeepfakeDetectionRenewed/data/wavefake/generated_audio/ljspeech_melgan/LJ006-0286_gen.wav,1,ljspeech_melgan,
train,__hf__,0,librispeech,24408
train,/lambda/nfs/algovirginia/workspace/DeepfakeDetectionRenewed/data/wavefake/generated_audio/common_voices_prompts_from_conformer_fastspeech2_pwg_ljspeech/gen_7688.wav,1,common_voices_prompts_from_conformer_fastspeech2_pwg_ljspeech,
train,/lambda/nfs/algovirginia/workspace/DeepfakeDetectionRenewed/data/wavefake/generated_audio/ljspeech_multi_band_melgan/LJ017-0113_gen.wav,1,ljspeech_multi_band_melgan,
train,__hf__,0,librispeech,8287
train,/lambda/nfs/algovirginia/workspace/DeepfakeDetectionRenewed/data/wavefake/generated_audio/ljspeech_melgan/LJ034-0009_gen.wav,1,ljspeech_melgan,
train,__hf__,0,librispeech,18033
train,__hf__,0,librispeech,17321
train,/lambda/nfs/algovirginia/workspace/DeepfakeDetectionRenewed/data/wavefake/generated_audio/ljspeech_hifiGAN/LJ003-0151_generated.wav,1,ljspeech_hifiGAN,
train,__hf__,0,librispeech,5879
train,/lambda/nfs/algovirginia/workspace/DeepfakeDetectionRenewed/data/wavefake/generated_audio/common_voices_prompts_from_conformer_fastspeech2_pwg_ljspeech/gen_14683.wav,1,common_voices_prompts_from_conformer_fastspeech2_pwg_ljspeech,
train,/lambda/nfs/algovirginia/workspace/DeepfakeDetectionRenewed/data/vcc2020/audio/T30/task1/team30_intra-TEM2_SEF2_E30002.wav,1,VCC2020_T30,
train,__hf__,0,librispeech,14887
train,__hf__,0,librispeech,24936
train,__hf__,0,librispeech,21634
train,/lambda/nfs/algovirginia/workspace/DeepfakeDetectionRenewed/data/vcc2020/audio/T02/task1/team02_intra-TEF2_SEM1_E30003.wav,1,VCC2020_T02,
train,__hf__,0,librispeech,15258
train,/lambda/nfs/algovirginia/workspace/DeepfakeDetectionRenewed/data/vcc2020/audio/T22/task1/team22_intra-TEF2_SEM2_E30001.wav,1,VCC2020_T22,
train,__hf__,0,librispeech,13723
train,__hf__,0,librispeech,22978
train,__hf__,0,librispeech,12303
train,/lambda/nfs/algovirginia/workspace/DeepfakeDetectionRenewed/data/wavefake/generated_audio/ljspeech_waveglow/LJ039-0085.wav,1,ljspeech_waveglow,
train,__hf__,0,librispeech,5169
train,/lambda/nfs/algovirginia/workspace/DeepfakeDetectionRenewed/data/vcc2020/audio/T26/task1/team26_intra-TEM2_SEM2_E30001.wav,1,VCC2020_T26,
train,__hf__,0,librispeech,21708
train,__hf__,0,librispeech,13144
train,__hf__,0,librispeech,8183
train,/lambda/nfs/algovirginia/workspace/DeepfakeDetectionRenewed/data/wavefake/generated_audio/ljspeech_melgan_large/LJ011-0260_gen.wav,1,ljspeech_melgan_large,
train,/lambda/nfs/algovirginia/workspace/DeepfakeDetectionRenewed/data/vcc2020/audio/T23/task1/team23_intra-TEF2_SEM1_E30002.wav,1,VCC2020_T23,
train,__hf__,0,librispeech,19515
train,__hf__,0,librispeech,17004
train,__hf__,0,librispeech,8255
train,/lambda/nfs/algovirginia/workspace/DeepfakeDetectionRenewed/data/vcc2020/audio/T31/task1/team31_intra-TEF2_SEM2_E30002.wav,1,VCC2020_T31,
train,/lambda/nfs/algovirginia/workspace/DeepfakeDetectionRenewed/data/vcc2020/audio/T13/task1/team13_intra-TEF1_SEM1_E30001.wav,1,VCC2020_T13,
train,__hf__,0,librispeech,11626
train,__hf__,0,librispeech,24931
train,/lambda/nfs/algovirginia/workspace/DeepfakeDetectionRenewed/data/wavefake/generated_audio/ljspeech_melgan/LJ003-0255_gen.wav,1,ljspeech_melgan,
train,/lambda/nfs/algovirginia/workspace/DeepfakeDetectionRenewed/data/vcc2020/audio/T03/task1/team03_intra-TEM1_SEM1_E30004.wav,1,VCC2020_T03,
train,/lambda/nfs/algovirginia/workspace/DeepfakeDetectionRenewed/data/wavefake/generated_audio/ljspeech_melgan_large/LJ031-0095_gen.wav,1,ljspeech_melgan_large,
train,/lambda/nfs/algovirginia/workspace/DeepfakeDetectionRenewed/data/wavefake/generated_audio/ljspeech_melgan/LJ002-0257_gen.wav,1,ljspeech_melgan,
train,__hf__,0,librispeech,2707
train,__hf__,0,librispeech,15738
train,/lambda/nfs/algovirginia/workspace/DeepfakeDetectionRenewed/data/vcc2020/audio/T04/task1/team04_intra-TEM1_SEM1_E30005.wav,1,VCC2020_T04,
train,/lambda/nfs/algovirginia/workspace/DeepfakeDetectionRenewed/data/vcc2020/audio/T13/task1/team13_intra-TEM2_SEM2_E30004.wav,1,VCC2020_T13,
train,/lambda/nfs/algovirginia/workspace/DeepfakeDetectionRenewed/data/vcc2020/audio/T24/task1/team24_intra-TEF2_SEM1_E30003.wav,1,VCC2020_T24,
train,/lambda/nfs/algovirginia/workspace/DeepfakeDetectionRenewed/data/vcc2020/audio/T13/task1/team13_intra-TEM2_SEM1_E30005.wav,1,VCC2020_T13,
train,__hf__,0,librispeech,18725
train,__hf__,0,librispeech,7386
train,/lambda/nfs/algovirginia/workspace/DeepfakeDetectionRenewed/data/wavefake/generated_audio/ljspeech_waveglow/LJ009-0247.wav,1,ljspeech_waveglow,
train,__hf__,0,librispeech,26385
train,/lambda/nfs/algovirginia/workspace/DeepfakeDetectionRenewed/data/vcc2020/audio/T09/task1/team09_intra-TEF2_SEM2_E30001.wav,1,VCC2020_T09,
train,/lambda/nfs/algovirginia/workspace/DeepfakeDetectionRenewed/data/vcc2020/audio/T09/task1/team09_intra-TEF2_SEF2_E30003.wav,1,VCC2020_T09,
train,/lambda/nfs/algovirginia/workspace/DeepfakeDetectionRenewed/data/wavefake/generated_audio/ljspeech_hifiGAN/LJ003-0153_generated.wav,1,ljspeech_hifiGAN,
train,__hf__,0,librispeech,15831
train,__hf__,0,librispeech,16969
train,/lambda/nfs/algovirginia/workspace/DeepfakeDetectionRenewed/data/vcc2020/audio/T02/task1/team02_intra-TEF1_SEF2_E30001.wav,1,VCC2020_T02,
train,/lambda/nfs/algovirginia/workspace/DeepfakeDetectionRenewed/data/wavefake/generated_audio/ljspeech_waveglow/LJ013-0073.wav,1,ljspeech_waveglow,
train,__hf__,0,librispeech,24083
train,__hf__,0,librispeech,16711
train,/lambda/nfs/algovirginia/workspace/DeepfakeDetectionRenewed/data/wavefake/generated_audio/ljspeech_hifiGAN/LJ041-0009_generated.wav,1,ljspeech_hifiGAN,
train,__hf__,0,librispeech,9066
train,__hf__,0,librispeech,14054
train,/lambda/nfs/algovirginia/workspace/DeepfakeDetectionRenewed/data/wavefake/generated_audio/ljspeech_multi_band_melgan/LJ014-0009_gen.wav,1,ljspeech_multi_band_melgan,
train,/lambda/nfs/algovirginia/workspace/DeepfakeDetectionRenewed/data/wavefake/generated_audio/ljspeech_parallel_wavegan/LJ030-0059_gen.wav,1,ljspeech_parallel_wavegan,
train,__hf__,0,librispeech,8193
train,__hf__,0,librispeech,6446
train,__hf__,0,librispeech,19411
train,__hf__,0,librispeech,12591
train,__hf__,0,librispeech,15084
train,/lambda/nfs/algovirginia/workspace/DeepfakeDetectionRenewed/data/wavefake/generated_audio/ljspeech_multi_band_melgan/LJ040-0076_gen.wav,1,ljspeech_multi_band_melgan,
train,__hf__,0,librispeech,10647
train,__hf__,0,librispeech,18455
train,/lambda/nfs/algovirginia/workspace/DeepfakeDetectionRenewed/data/wavefake/generated_audio/ljspeech_melgan/LJ043-0072_gen.wav,1,ljspeech_melgan,
train,__hf__,0,librispeech,18419
train,__hf__,0,librispeech,13989
train,/lambda/nfs/algovirginia/workspace/DeepfakeDetectionRenewed/data/wavefake/generated_audio/ljspeech_full_band_melgan/LJ027-0017_gen.wav,1,ljspeech_full_band_melgan,
train,/lambda/nfs/algovirginia/workspace/DeepfakeDetectionRenewed/data/vcc2020/audio/T25/task1/team25_intra-TEF2_SEF1_E30001.wav,1,VCC2020_T25,
train,/lambda/nfs/algovirginia/workspace/DeepfakeDetectionRenewed/data/wavefake/generated_audio/ljspeech_hifiGAN/LJ021-0105_generated.wav,1,ljspeech_hifiGAN,
train,__hf__,0,librispeech,26940
train,/lambda/nfs/algovirginia/workspace/DeepfakeDetectionRenewed/data/vcc2020/audio/T07/task1/team07_intra-TEF2_SEM1_E30005.wav,1,VCC2020_T07,
train,__hf__,0,librispeech,12955
train,__hf__,0,librispeech,22047
train,/lambda/nfs/algovirginia/workspace/DeepfakeDetectionRenewed/data/vcc2020/audio/T13/task1/team13_intra-TEM1_SEF2_E30001.wav,1,VCC2020_T13,
train,/lambda/nfs/algovirginia/workspace/DeepfakeDetectionRenewed/data/vcc2020/audio/T25/task1/team25_intra-TEF2_SEF1_E30004.wav,1,VCC2020_T25,
train,__hf__,0,librispeech,9281
train,__hf__,0,librispeech,28109
train,__hf__,0,librispeech,5695
train,__hf__,0,librispeech,26818
train,/lambda/nfs/algovirginia/workspace/DeepfakeDetectionRenewed/data/wavefake/generated_audio/ljspeech_multi_band_melgan/LJ039-0114_gen.wav,1,ljspeech_multi_band_melgan,
train,__hf__,0,librispeech,27847
train,__hf__,0,librispeech,20424
train,__hf__,0,librispeech,19947
train,/lambda/nfs/algovirginia/workspace/DeepfakeDetectionRenewed/data/wavefake/generated_audio/ljspeech_parallel_wavegan/LJ003-0114_gen.wav,1,ljspeech_parallel_wavegan,
train,__hf__,0,librispeech,25595
train,/lambda/nfs/algovirginia/workspace/DeepfakeDetectionRenewed/data/wavefake/generated_audio/ljspeech_multi_band_melgan/LJ001-0096_gen.wav,1,ljspeech_multi_band_melgan,
train,/lambda/nfs/algovirginia/workspace/DeepfakeDetectionRenewed/data/wavefake/generated_audio/ljspeech_melgan_large/LJ045-0181_gen.wav,1,ljspeech_melgan_large,
train,__hf__,0,librispeech,15916
train,__hf__,0,librispeech,3002
train,/lambda/nfs/algovirginia/workspace/DeepfakeDetectionRenewed/data/wavefake/generated_audio/ljspeech_full_band_melgan/LJ018-0198_gen.wav,1,ljspeech_full_band_melgan,
train,__hf__,0,librispeech,21633
train,__hf__,0,librispeech,4319
train,/lambda/nfs/algovirginia/workspace/DeepfakeDetectionRenewed/data/vcc2020/audio/T03/task1/team03_intra-TEF1_SEM2_E30001.wav,1,VCC2020_T03,
train,__hf__,0,librispeech,27974
train,__hf__,0,librispeech,23321
train,/lambda/nfs/algovirginia/workspace/DeepfakeDetectionRenewed/data/wavefake/generated_audio/ljspeech_parallel_wavegan/LJ019-0008_gen.wav,1,ljspeech_parallel_wavegan,
train,__hf__,0,librispeech,7700
train,/lambda/nfs/algovirginia/workspace/DeepfakeDetectionRenewed/data/vcc2020/audio/T22/task1/team22_intra-TEM1_SEF2_E30001.wav,1,VCC2020_T22,
train,__hf__,0,librispeech,15740
train,/lambda/nfs/algovirginia/workspace/DeepfakeDetectionRenewed/data/vcc2020/audio/T06/task1/team06_intra-TEF2_SEM2_E30002.wav,1,VCC2020_T06,
train,__hf__,0,librispeech,23030
train,__hf__,0,librispeech,13769
train,__hf__,0,librispeech,2626
train,__hf__,0,librispeech,18292
train,/lambda/nfs/algovirginia/workspace/DeepfakeDetectionRenewed/data/wavefake/generated_audio/ljspeech_melgan/LJ043-0093_gen.wav,1,ljspeech_melgan,
train,__hf__,0,librispeech,24435
train,/lambda/nfs/algovirginia/workspace/DeepfakeDetectionRenewed/data/wavefake/generated_audio/ljspeech_full_band_melgan/LJ030-0236_gen.wav,1,ljspeech_full_band_melgan,
train,/lambda/nfs/algovirginia/workspace/DeepfakeDetectionRenewed/data/vcc2020/audio/T11/task1/team11_intra-TEF1_SEM1_E30003.wav,1,VCC2020_T11,
train,/lambda/nfs/algovirginia/workspace/DeepfakeDetectionRenewed/data/wavefake/generated_audio/ljspeech_full_band_melgan/LJ007-0152_gen.wav,1,ljspeech_full_band_melgan,
train,/lambda/nfs/algovirginia/workspace/DeepfakeDetectionRenewed/data/wavefake/generated_audio/common_voices_prompts_from_conformer_fastspeech2_pwg_ljspeech/gen_11690.wav,1,common_voices_prompts_from_conformer_fastspeech2_pwg_ljspeech,
train,/lambda/nfs/algovirginia/workspace/DeepfakeDetectionRenewed/data/wavefake/generated_audio/ljspeech_hifiGAN/LJ030-0068_generated.wav,1,ljspeech_hifiGAN,
train,__hf__,0,librispeech,1938
train,/lambda/nfs/algovirginia/workspace/DeepfakeDetectionRenewed/data/wavefake/generated_audio/ljspeech_waveglow/LJ029-0183.wav,1,ljspeech_waveglow,
train,/lambda/nfs/algovirginia/workspace/DeepfakeDetectionRenewed/data/wavefake/generated_audio/ljspeech_hifiGAN/LJ010-0224_generated.wav,1,ljspeech_hifiGAN,
train,/lambda/nfs/algovirginia/workspace/DeepfakeDetectionRenewed/data/vcc2020/audio/T11/task1/team11_intra-TEM2_SEF1_E30003.wav,1,VCC2020_T11,
train,/lambda/nfs/algovirginia/workspace/DeepfakeDetectionRenewed/data/vcc2020/audio/T19/task1/team19_intra-TEF1_SEF1_E30002.wav,1,VCC2020_T19,
train,__hf__,0,librispeech,2929
train,__hf__,0,librispeech,4294
train,__hf__,0,librispeech,24667
train,__hf__,0,librispeech,24923
train,/lambda/nfs/algovirginia/workspace/DeepfakeDetectionRenewed/data/vcc2020/audio/T24/task1/team24_intra-TEF2_SEM2_E30004.wav,1,VCC2020_T24,
train,/lambda/nfs/algovirginia/workspace/DeepfakeDetectionRenewed/data/wavefake/generated_audio/ljspeech_hifiGAN/LJ004-0224_generated.wav,1,ljspeech_hifiGAN,
train,/lambda/nfs/algovirginia/workspace/DeepfakeDetectionRenewed/data/vcc2020/audio/T29/task1/team29_intra-TEM1_SEM1_E30005.wav,1,VCC2020_T29,
train,/lambda/nfs/algovirginia/workspace/DeepfakeDetectionRenewed/data/vcc2020/audio/T29/task1/team29_intra-TEM2_SEM2_E30001.wav,1,VCC2020_T29,
train,__hf__,0,librispeech,5345
train,/lambda/nfs/algovirginia/workspace/DeepfakeDetectionRenewed/data/vcc2020/audio/T24/task1/team24_intra-TEM2_SEM2_E30001.wav,1,VCC2020_T24,
train,/lambda/nfs/algovirginia/workspace/DeepfakeDetectionRenewed/data/wavefake/generated_audio/ljspeech_multi_band_melgan/LJ018-0242_gen.wav,1,ljspeech_multi_band_melgan,
train,__hf__,0,librispeech,527
train,/lambda/nfs/algovirginia/workspace/DeepfakeDetectionRenewed/data/vcc2020/audio/T30/task1/team30_intra-TEM1_SEF1_E30001.wav,1,VCC2020_T30,
train,__hf__,0,librispeech,20119
train,/lambda/nfs/algovirginia/workspace/DeepfakeDetectionRenewed/data/vcc2020/audio/T11/task1/team11_intra-TEF1_SEF2_E30005.wav,1,VCC2020_T11,
train,/lambda/nfs/algovirginia/workspace/DeepfakeDetectionRenewed/data/vcc2020/audio/T29/task1/team29_intra-TEF2_SEM1_E30005.wav,1,VCC2020_T29,
train,__hf__,0,librispeech,2868
train,__hf__,0,librispeech,12936
train,__hf__,0,librispeech,19668
train,__hf__,0,librispeech,21417
train,/lambda/nfs/algovirginia/workspace/DeepfakeDetectionRenewed/data/vcc2020/audio/T14/task1/team14_intra-TEM2_SEF2_E30004.wav,1,VCC2020_T14,
train,/lambda/nfs/algovirginia/workspace/DeepfakeDetectionRenewed/data/vcc2020/audio/T19/task1/team19_intra-TEF2_SEM2_E30002.wav,1,VCC2020_T19,
train,__hf__,0,librispeech,7615
train,__hf__,0,librispeech,9435
train,/lambda/nfs/algovirginia/workspace/DeepfakeDetectionRenewed/data/wavefake/generated_audio/ljspeech_parallel_wavegan/LJ022-0124_gen.wav,1,ljspeech_parallel_wavegan,
train,/lambda/nfs/algovirginia/workspace/DeepfakeDetectionRenewed/data/wavefake/generated_audio/ljspeech_melgan/LJ001-0093_gen.wav,1,ljspeech_melgan,
train,__hf__,0,librispeech,27226
train,/lambda/nfs/algovirginia/workspace/DeepfakeDetectionRenewed/data/vcc2020/audio/T31/task1/team31_intra-TEF2_SEF2_E30001.wav,1,VCC2020_T31,
train,/lambda/nfs/algovirginia/workspace/DeepfakeDetectionRenewed/data/wavefake/generated_audio/ljspeech_parallel_wavegan/LJ029-0009_gen.wav,1,ljspeech_parallel_wavegan,
train,/lambda/nfs/algovirginia/workspace/DeepfakeDetectionRenewed/data/wavefake/generated_audio/ljspeech_melgan/LJ038-0194_gen.wav,1,ljspeech_melgan,
train,/lambda/nfs/algovirginia/workspace/DeepfakeDetectionRenewed/data/wavefake/generated_audio/ljspeech_waveglow/LJ020-0107.wav,1,ljspeech_waveglow,
train,/lambda/nfs/algovirginia/workspace/DeepfakeDetectionRenewed/data/vcc2020/audio/T09/task1/team09_intra-TEF2_SEF2_E30002.wav,1,VCC2020_T09,
train,__hf__,0,librispeech,23861
train,__hf__,0,librispeech,921
train,/lambda/nfs/algovirginia/workspace/DeepfakeDetectionRenewed/data/wavefake/generated_audio/ljspeech_hifiGAN/LJ033-0146_generated.wav,1,ljspeech_hifiGAN,
train,__hf__,0,librispeech,7853
train,__hf__,0,librispeech,19688
train,__hf__,0,librispeech,18416
train,/lambda/nfs/algovirginia/workspace/DeepfakeDetectionRenewed/data/wavefake/generated_audio/common_voices_prompts_from_conformer_fastspeech2_pwg_ljspeech/gen_8793.wav,1,common_voices_prompts_from_conformer_fastspeech2_pwg_ljspeech,
train,/lambda/nfs/algovirginia/workspace/DeepfakeDetectionRenewed/data/wavefake/generated_audio/ljspeech_waveglow/LJ010-0082.wav,1,ljspeech_waveglow,
train,/lambda/nfs/algovirginia/workspace/DeepfakeDetectionRenewed/data/wavefake/generated_audio/ljspeech_multi_band_melgan/LJ005-0147_gen.wav,1,ljspeech_multi_band_melgan,
train,__hf__,0,librispeech,4221
train,/lambda/nfs/algovirginia/workspace/DeepfakeDetectionRenewed/data/vcc2020/audio/T29/task1/team29_intra-TEM1_SEM1_E30001.wav,1,VCC2020_T29,
train,/lambda/nfs/algovirginia/workspace/DeepfakeDetectionRenewed/data/wavefake/generated_audio/ljspeech_melgan/LJ025-0127_gen.wav,1,ljspeech_melgan,
train,__hf__,0,librispeech,25775
train,__hf__,0,librispeech,10187
train,/lambda/nfs/algovirginia/workspace/DeepfakeDetectionRenewed/data/vcc2020/audio/T16/task1/team16_intra-TEM2_SEF1_E30003.wav,1,VCC2020_T16,
train,__hf__,0,librispeech,26135
train,/lambda/nfs/algovirginia/workspace/DeepfakeDetectionRenewed/data/wavefake/generated_audio/ljspeech_melgan/LJ012-0018_gen.wav,1,ljspeech_melgan,
train,/lambda/nfs/algovirginia/workspace/DeepfakeDetectionRenewed/data/vcc2020/audio/T02/task1/team02_intra-TEM2_SEF2_E30002.wav,1,VCC2020_T02,
train,__hf__,0,librispeech,22430
train,__hf__,0,librispeech,9093
train,/lambda/nfs/algovirginia/workspace/DeepfakeDetectionRenewed/data/vcc2020/audio/T16/task1/team16_intra-TEM2_SEF1_E30001.wav,1,VCC2020_T16,
train,__hf__,0,librispeech,5733
train,/lambda/nfs/algovirginia/workspace/DeepfakeDetectionRenewed/data/wavefake/generated_audio/ljspeech_parallel_wavegan/LJ023-0096_gen.wav,1,ljspeech_parallel_wavegan,
train,/lambda/nfs/algovirginia/workspace/DeepfakeDetectionRenewed/data/wavefake/generated_audio/ljspeech_full_band_melgan/LJ037-0055_gen.wav,1,ljspeech_full_band_melgan,
train,__hf__,0,librispeech,6955
train,/lambda/nfs/algovirginia/workspace/DeepfakeDetectionRenewed/data/vcc2020/audio/T16/task1/team16_intra-TEF1_SEF1_E30002.wav,1,VCC2020_T16,
train,__hf__,0,librispeech,2767
train,__hf__,0,librispeech,1504
train,/lambda/nfs/algovirginia/workspace/DeepfakeDetectionRenewed/data/wavefake/generated_audio/ljspeech_melgan_large/LJ016-0311_gen.wav,1,ljspeech_melgan_large,
train,/lambda/nfs/algovirginia/workspace/DeepfakeDetectionRenewed/data/wavefake/generated_audio/ljspeech_melgan/LJ047-0084_gen.wav,1,ljspeech_melgan,
train,/lambda/nfs/algovirginia/workspace/DeepfakeDetectionRenewed/data/wavefake/generated_audio/ljspeech_melgan/LJ007-0035_gen.wav,1,ljspeech_melgan,
train,/lambda/nfs/algovirginia/workspace/DeepfakeDetectionRenewed/data/wavefake/generated_audio/common_voices_prompts_from_conformer_fastspeech2_pwg_ljspeech/gen_13465.wav,1,common_voices_prompts_from_conformer_fastspeech2_pwg_ljspeech,
train,/lambda/nfs/algovirginia/workspace/DeepfakeDetectionRenewed/data/vcc2020/audio/T18/task1/team18_intra-TEM2_SEF2_E30004.wav,1,VCC2020_T18,
train,/lambda/nfs/algovirginia/workspace/DeepfakeDetectionRenewed/data/vcc2020/audio/T02/task1/team02_intra-TEF1_SEM1_E30005.wav,1,VCC2020_T02,
train,/lambda/nfs/algovirginia/workspace/DeepfakeDetectionRenewed/data/vcc2020/audio/T20/task1/team20_intra-TEM2_SEF1_E30003.wav,1,VCC2020_T20,
train,/lambda/nfs/algovirginia/workspace/DeepfakeDetectionRenewed/data/vcc2020/audio/T23/task1/team23_intra-TEF1_SEM1_E30003.wav,1,VCC2020_T23,
train,/lambda/nfs/algovirginia/workspace/DeepfakeDetectionRenewed/data/wavefake/generated_audio/ljspeech_full_band_melgan/LJ018-0205_gen.wav,1,ljspeech_full_band_melgan,
train,/lambda/nfs/algovirginia/workspace/DeepfakeDetectionRenewed/data/vcc2020/audio/T21/task1/team21_intra-TEM1_SEF1_E30004.wav,1,VCC2020_T21,
train,/lambda/nfs/algovirginia/workspace/DeepfakeDetectionRenewed/data/vcc2020/audio/T16/task1/team16_intra-TEF2_SEM2_E30003.wav,1,VCC2020_T16,
train,/lambda/nfs/algovirginia/workspace/DeepfakeDetectionRenewed/data/wavefake/generated_audio/ljspeech_hifiGAN/LJ012-0188_generated.wav,1,ljspeech_hifiGAN,
train,/lambda/nfs/algovirginia/workspace/DeepfakeDetectionRenewed/data/wavefake/generated_audio/ljspeech_full_band_melgan/LJ013-0030_gen.wav,1,ljspeech_full_band_melgan,
train,__hf__,0,librispeech,26016
train,/lambda/nfs/algovirginia/workspace/DeepfakeDetectionRenewed/data/vcc2020/audio/T19/task1/team19_intra-TEF1_SEM1_E30004.wav,1,VCC2020_T19,
train,/lambda/nfs/algovirginia/workspace/DeepfakeDetectionRenewed/data/vcc2020/audio/T03/task1/team03_intra-TEM2_SEM1_E30003.wav,1,VCC2020_T03,
train,__hf__,0,librispeech,9312
train,__hf__,0,librispeech,7329
train,__hf__,0,librispeech,11637
train,__hf__,0,librispeech,3170
train,__hf__,0,librispeech,8723
train,__hf__,0,librispeech,22017
train,/lambda/nfs/algovirginia/workspace/DeepfakeDetectionRenewed/data/vcc2020/audio/T13/task1/team13_intra-TEF2_SEF2_E30005.wav,1,VCC2020_T13,
train,__hf__,0,librispeech,13917
train,/lambda/nfs/algovirginia/workspace/DeepfakeDetectionRenewed/data/vcc2020/audio/T04/task1/team04_intra-TEF1_SEF2_E30004.wav,1,VCC2020_T04,
train,/lambda/nfs/algovirginia/workspace/DeepfakeDetectionRenewed/data/vcc2020/audio/T01/task1/team01_intra-TEF1_SEF1_E30004.wav,1,VCC2020_T01,
train,/lambda/nfs/algovirginia/workspace/DeepfakeDetectionRenewed/data/wavefake/generated_audio/common_voices_prompts_from_conformer_fastspeech2_pwg_ljspeech/gen_8346.wav,1,common_voices_prompts_from_conformer_fastspeech2_pwg_ljspeech,
train,__hf__,0,librispeech,26344
train,__hf__,0,librispeech,16208
train,__hf__,0,librispeech,24731
train,__hf__,0,librispeech,2794
train,/lambda/nfs/algovirginia/workspace/DeepfakeDetectionRenewed/data/vcc2020/audio/T33/task1/team33_intra-TEM2_SEF1_E30003.wav,1,VCC2020_T33,
train,__hf__,0,librispeech,24095
train,__hf__,0,librispeech,27083
train,/lambda/nfs/algovirginia/workspace/DeepfakeDetectionRenewed/data/wavefake/generated_audio/ljspeech_melgan/LJ005-0149_gen.wav,1,ljspeech_melgan,
train,__hf__,0,librispeech,17494
train,/lambda/nfs/algovirginia/workspace/DeepfakeDetectionRenewed/data/wavefake/generated_audio/ljspeech_waveglow/LJ021-0070.wav,1,ljspeech_waveglow,
train,__hf__,0,librispeech,5116
train,/lambda/nfs/algovirginia/workspace/DeepfakeDetectionRenewed/data/wavefake/generated_audio/ljspeech_full_band_melgan/LJ002-0092_gen.wav,1,ljspeech_full_band_melgan,
train,__hf__,0,librispeech,8186
train,/lambda/nfs/algovirginia/workspace/DeepfakeDetectionRenewed/data/wavefake/generated_audio/ljspeech_hifiGAN/LJ021-0138_generated.wav,1,ljspeech_hifiGAN,
train,__hf__,0,librispeech,3518
train,__hf__,0,librispeech,20504
train,/lambda/nfs/algovirginia/workspace/DeepfakeDetectionRenewed/data/vcc2020/audio/T13/task1/team13_intra-TEM2_SEF2_E30002.wav,1,VCC2020_T13,
train,/lambda/nfs/algovirginia/workspace/DeepfakeDetectionRenewed/data/wavefake/generated_audio/ljspeech_parallel_wavegan/LJ016-0213_gen.wav,1,ljspeech_parallel_wavegan,
train,__hf__,0,librispeech,3786
train,__hf__,0,librispeech,12621
train,__hf__,0,librispeech,17380
train,__hf__,0,librispeech,1505
train,/lambda/nfs/algovirginia/workspace/DeepfakeDetectionRenewed/data/wavefake/generated_audio/common_voices_prompts_from_conformer_fastspeech2_pwg_ljspeech/gen_13393.wav,1,common_voices_prompts_from_conformer_fastspeech2_pwg_ljspeech,
train,/lambda/nfs/algovirginia/workspace/DeepfakeDetectionRenewed/data/vcc2020/audio/T21/task1/team21_intra-TEF2_SEM2_E30001.wav,1,VCC2020_T21,
train,__hf__,0,librispeech,25501
train,/lambda/nfs/algovirginia/workspace/DeepfakeDetectionRenewed/data/wavefake/generated_audio/ljspeech_hifiGAN/LJ014-0331_generated.wav,1,ljspeech_hifiGAN,
train,__hf__,0,librispeech,20115
train,__hf__,0,librispeech,4584
train,__hf__,0,librispeech,12093
train,/lambda/nfs/algovirginia/workspace/DeepfakeDetectionRenewed/data/vcc2020/audio/T18/task1/team18_intra-TEM1_SEM2_E30005.wav,1,VCC2020_T18,
train,__hf__,0,librispeech,11346
train,/lambda/nfs/algovirginia/workspace/DeepfakeDetectionRenewed/data/vcc2020/audio/T10/task1/team10_intra-TEF1_SEM1_E30004.wav,1,VCC2020_T10,
train,__hf__,0,librispeech,2442
train,__hf__,0,librispeech,26263
train,__hf__,0,librispeech,7321
train,/lambda/nfs/algovirginia/workspace/DeepfakeDetectionRenewed/data/wavefake/generated_audio/ljspeech_full_band_melgan/LJ034-0141_gen.wav,1,ljspeech_full_band_melgan,
train,__hf__,0,librispeech,10891
train,/lambda/nfs/algovirginia/workspace/DeepfakeDetectionRenewed/data/wavefake/generated_audio/ljspeech_waveglow/LJ034-0102.wav,1,ljspeech_waveglow,
train,/lambda/nfs/algovirginia/workspace/DeepfakeDetectionRenewed/data/wavefake/generated_audio/ljspeech_waveglow/LJ046-0111.wav,1,ljspeech_waveglow,
train,__hf__,0,librispeech,13055
train,/lambda/nfs/algovirginia/workspace/DeepfakeDetectionRenewed/data/wavefake/generated_audio/ljspeech_melgan_large/LJ032-0213_gen.wav,1,ljspeech_melgan_large,
train,/lambda/nfs/algovirginia/workspace/DeepfakeDetectionRenewed/data/wavefake/generated_audio/ljspeech_parallel_wavegan/LJ018-0112_gen.wav,1,ljspeech_parallel_wavegan,
train,__hf__,0,librispeech,25707
train,/lambda/nfs/algovirginia/workspace/DeepfakeDetectionRenewed/data/wavefake/generated_audio/ljspeech_hifiGAN/LJ002-0323_generated.wav,1,ljspeech_hifiGAN,
train,__hf__,0,librispeech,10663
train,__hf__,0,librispeech,2168
train,/lambda/nfs/algovirginia/workspace/DeepfakeDetectionRenewed/data/vcc2020/audio/T29/task1/team29_intra-TEM2_SEF2_E30004.wav,1,VCC2020_T29,
train,__hf__,0,librispeech,23438
train,__hf__,0,librispeech,11711
train,/lambda/nfs/algovirginia/workspace/DeepfakeDetectionRenewed/data/wavefake/generated_audio/ljspeech_parallel_wavegan/LJ004-0225_gen.wav,1,ljspeech_parallel_wavegan,
train,/lambda/nfs/algovirginia/workspace/DeepfakeDetectionRenewed/data/wavefake/generated_audio/common_voices_prompts_from_conformer_fastspeech2_pwg_ljspeech/gen_10379.wav,1,common_voices_prompts_from_conformer_fastspeech2_pwg_ljspeech,
train,__hf__,0,librispeech,12598
train,/lambda/nfs/algovirginia/workspace/DeepfakeDetectionRenewed/data/vcc2020/audio/T17/task1/team17_intra-TEF1_SEM2_E30004.wav,1,VCC2020_T17,
train,/lambda/nfs/algovirginia/workspace/DeepfakeDetectionRenewed/data/vcc2020/audio/T17/task1/team17_intra-TEF1_SEM1_E30004.wav,1,VCC2020_T17,
train,/lambda/nfs/algovirginia/workspace/DeepfakeDetectionRenewed/data/vcc2020/audio/T27/task1/team27_intra-TEM2_SEF2_E30004.wav,1,VCC2020_T27,
train,/lambda/nfs/algovirginia/workspace/DeepfakeDetectionRenewed/data/wavefake/generated_audio/ljspeech_melgan/LJ004-0122_gen.wav,1,ljspeech_melgan,
train,__hf__,0,librispeech,9951
train,/lambda/nfs/algovirginia/workspace/DeepfakeDetectionRenewed/data/wavefake/generated_audio/common_voices_prompts_from_conformer_fastspeech2_pwg_ljspeech/gen_7934.wav,1,common_voices_prompts_from_conformer_fastspeech2_pwg_ljspeech,
train,__hf__,0,librispeech,6928
train,__hf__,0,librispeech,5928
train,__hf__,0,librispeech,3126
train,/lambda/nfs/algovirginia/workspace/DeepfakeDetectionRenewed/data/vcc2020/audio/T33/task1/team33_intra-TEM1_SEF2_E30002.wav,1,VCC2020_T33,
train,/lambda/nfs/algovirginia/workspace/DeepfakeDetectionRenewed/data/vcc2020/audio/T30/task1/team30_intra-TEF1_SEF2_E30005.wav,1,VCC2020_T30,
train,/lambda/nfs/algovirginia/workspace/DeepfakeDetectionRenewed/data/wavefake/generated_audio/ljspeech_parallel_wavegan/LJ002-0043_gen.wav,1,ljspeech_parallel_wavegan,
train,/lambda/nfs/algovirginia/workspace/DeepfakeDetectionRenewed/data/wavefake/generated_audio/ljspeech_hifiGAN/LJ018-0335_generated.wav,1,ljspeech_hifiGAN,
train,__hf__,0,librispeech,24386
train,/lambda/nfs/algovirginia/workspace/DeepfakeDetectionRenewed/data/vcc2020/audio/T02/task1/team02_intra-TEM1_SEF1_E30003.wav,1,VCC2020_T02,
train,__hf__,0,librispeech,22114
train,__hf__,0,librispeech,24504
train,/lambda/nfs/algovirginia/workspace/DeepfakeDetectionRenewed/data/vcc2020/audio/T19/task1/team19_intra-TEF2_SEM2_E30003.wav,1,VCC2020_T19,
train,/lambda/nfs/algovirginia/workspace/DeepfakeDetectionRenewed/data/wavefake/generated_audio/common_voices_prompts_from_conformer_fastspeech2_pwg_ljspeech/gen_3252.wav,1,common_voices_prompts_from_conformer_fastspeech2_pwg_ljspeech,
train,/lambda/nfs/algovirginia/workspace/DeepfakeDetectionRenewed/data/vcc2020/audio/T27/task1/team27_intra-TEM2_SEM1_E30004.wav,1,VCC2020_T27,
train,__hf__,0,librispeech,8497
train,__hf__,0,librispeech,11179
train,/lambda/nfs/algovirginia/workspace/DeepfakeDetectionRenewed/data/wavefake/generated_audio/ljspeech_hifiGAN/LJ005-0276_generated.wav,1,ljspeech_hifiGAN,
train,/lambda/nfs/algovirginia/workspace/DeepfakeDetectionRenewed/data/wavefake/generated_audio/ljspeech_full_band_melgan/LJ046-0039_gen.wav,1,ljspeech_full_band_melgan,
train,/lambda/nfs/algovirginia/workspace/DeepfakeDetectionRenewed/data/vcc2020/audio/T16/task1/team16_intra-TEF1_SEM2_E30002.wav,1,VCC2020_T16,
train,/lambda/nfs/algovirginia/workspace/DeepfakeDetectionRenewed/data/wavefake/generated_audio/common_voices_prompts_from_conformer_fastspeech2_pwg_ljspeech/gen_9482.wav,1,common_voices_prompts_from_conformer_fastspeech2_pwg_ljspeech,
train,__hf__,0,librispeech,9945
train,__hf__,0,librispeech,1935
train,__hf__,0,librispeech,25154
train,__hf__,0,librispeech,20719
train,/lambda/nfs/algovirginia/workspace/DeepfakeDetectionRenewed/data/wavefake/generated_audio/common_voices_prompts_from_conformer_fastspeech2_pwg_ljspeech/gen_14771.wav,1,common_voices_prompts_from_conformer_fastspeech2_pwg_ljspeech,
train,__hf__,0,librispeech,14638
train,/lambda/nfs/algovirginia/workspace/DeepfakeDetectionRenewed/data/wavefake/generated_audio/ljspeech_melgan/LJ017-0098_gen.wav,1,ljspeech_melgan,
train,__hf__,0,librispeech,24791
train,__hf__,0,librispeech,8077
train,/lambda/nfs/algovirginia/workspace/DeepfakeDetectionRenewed/data/vcc2020/audio/T07/task1/team07_intra-TEF1_SEM2_E30001.wav,1,VCC2020_T07,
train,__hf__,0,librispeech,17188
train,/lambda/nfs/algovirginia/workspace/DeepfakeDetectionRenewed/data/wavefake/generated_audio/ljspeech_hifiGAN/LJ005-0009_generated.wav,1,ljspeech_hifiGAN,
train,__hf__,0,librispeech,9025
train,__hf__,0,librispeech,2671
train,/lambda/nfs/algovirginia/workspace/DeepfakeDetectionRenewed/data/wavefake/generated_audio/common_voices_prompts_from_conformer_fastspeech2_pwg_ljspeech/gen_7282.wav,1,common_voices_prompts_from_conformer_fastspeech2_pwg_ljspeech,
train,__hf__,0,librispeech,10356
train,__hf__,0,librispeech,2588
train,__hf__,0,librispeech,15480
train,__hf__,0,librispeech,9673
train,__hf__,0,librispeech,4491
train,/lambda/nfs/algovirginia/workspace/DeepfakeDetectionRenewed/data/vcc2020/audio/T26/task1/team26_intra-TEF1_SEF2_E30004.wav,1,VCC2020_T26,
train,/lambda/nfs/algovirginia/workspace/DeepfakeDetectionRenewed/data/wavefake/generated_audio/ljspeech_hifiGAN/LJ028-0218_generated.wav,1,ljspeech_hifiGAN,
train,__hf__,0,librispeech,27929
train,__hf__,0,librispeech,23724
train,__hf__,0,librispeech,27614
train,__hf__,0,librispeech,6486
train,/lambda/nfs/algovirginia/workspace/DeepfakeDetectionRenewed/data/vcc2020/audio/T09/task1/team09_intra-TEM2_SEF1_E30004.wav,1,VCC2020_T09,
train,__hf__,0,librispeech,8971
train,__hf__,0,librispeech,7654
train,__hf__,0,librispeech,17856
train,/lambda/nfs/algovirginia/workspace/DeepfakeDetectionRenewed/data/wavefake/generated_audio/ljspeech_melgan_large/LJ050-0075_gen.wav,1,ljspeech_melgan_large,
train,/lambda/nfs/algovirginia/workspace/DeepfakeDetectionRenewed/data/vcc2020/audio/T14/task1/team14_intra-TEM2_SEM2_E30003.wav,1,VCC2020_T14,
train,/lambda/nfs/algovirginia/workspace/DeepfakeDetectionRenewed/data/wavefake/generated_audio/common_voices_prompts_from_conformer_fastspeech2_pwg_ljspeech/gen_5178.wav,1,common_voices_prompts_from_conformer_fastspeech2_pwg_ljspeech,
train,/lambda/nfs/algovirginia/workspace/DeepfakeDetectionRenewed/data/wavefake/generated_audio/ljspeech_melgan/LJ028-0255_gen.wav,1,ljspeech_melgan,
train,/lambda/nfs/algovirginia/workspace/DeepfakeDetectionRenewed/data/wavefake/generated_audio/ljspeech_melgan/LJ044-0158_gen.wav,1,ljspeech_melgan,
train,/lambda/nfs/algovirginia/workspace/DeepfakeDetectionRenewed/data/wavefake/generated_audio/ljspeech_hifiGAN/LJ037-0001_generated.wav,1,ljspeech_hifiGAN,
train,/lambda/nfs/algovirginia/workspace/DeepfakeDetectionRenewed/data/wavefake/generated_audio/ljspeech_multi_band_melgan/LJ008-0135_gen.wav,1,ljspeech_multi_band_melgan,
train,__hf__,0,librispeech,17673
train,/lambda/nfs/algovirginia/workspace/DeepfakeDetectionRenewed/data/vcc2020/audio/T29/task1/team29_intra-TEF2_SEF1_E30004.wav,1,VCC2020_T29,
train,__hf__,0,librispeech,27421
train,/lambda/nfs/algovirginia/workspace/DeepfakeDetectionRenewed/data/vcc2020/audio/T16/task1/team16_intra-TEM1_SEM1_E30004.wav,1,VCC2020_T16,
train,/lambda/nfs/algovirginia/workspace/DeepfakeDetectionRenewed/data/wavefake/generated_audio/ljspeech_parallel_wavegan/LJ028-0112_gen.wav,1,ljspeech_parallel_wavegan,
train,/lambda/nfs/algovirginia/workspace/DeepfakeDetectionRenewed/data/wavefake/generated_audio/ljspeech_waveglow/LJ041-0163.wav,1,ljspeech_waveglow,
train,/lambda/nfs/algovirginia/workspace/DeepfakeDetectionRenewed/data/wavefake/generated_audio/ljspeech_melgan/LJ032-0184_gen.wav,1,ljspeech_melgan,
train,/lambda/nfs/algovirginia/workspace/DeepfakeDetectionRenewed/data/wavefake/generated_audio/ljspeech_waveglow/LJ003-0179.wav,1,ljspeech_waveglow,
train,__hf__,0,librispeech,16726
train,__hf__,0,librispeech,5440
train,__hf__,0,librispeech,23871
train,/lambda/nfs/algovirginia/workspace/DeepfakeDetectionRenewed/data/wavefake/generated_audio/common_voices_prompts_from_conformer_fastspeech2_pwg_ljspeech/gen_13859.wav,1,common_voices_prompts_from_conformer_fastspeech2_pwg_ljspeech,
train,/lambda/nfs/algovirginia/workspace/DeepfakeDetectionRenewed/data/wavefake/generated_audio/ljspeech_melgan/LJ038-0084_gen.wav,1,ljspeech_melgan,
train,__hf__,0,librispeech,27488
train,__hf__,0,librispeech,21950
train,__hf__,0,librispeech,23416
train,__hf__,0,librispeech,4780
train,__hf__,0,librispeech,1699
train,__hf__,0,librispeech,23435
train,/lambda/nfs/algovirginia/workspace/DeepfakeDetectionRenewed/data/vcc2020/audio/T18/task1/team18_intra-TEM2_SEM1_E30004.wav,1,VCC2020_T18,
train,/lambda/nfs/algovirginia/workspace/DeepfakeDetectionRenewed/data/vcc2020/audio/T18/task1/team18_intra-TEF2_SEF2_E30001.wav,1,VCC2020_T18,
train,__hf__,0,librispeech,10221
train,/lambda/nfs/algovirginia/workspace/DeepfakeDetectionRenewed/data/vcc2020/audio/T22/task1/team22_intra-TEF2_SEF2_E30002.wav,1,VCC2020_T22,
train,/lambda/nfs/algovirginia/workspace/DeepfakeDetectionRenewed/data/vcc2020/audio/T10/task1/team10_intra-TEM1_SEF2_E30005.wav,1,VCC2020_T10,
train,/lambda/nfs/algovirginia/workspace/DeepfakeDetectionRenewed/data/vcc2020/audio/T30/task1/team30_intra-TEM1_SEM1_E30003.wav,1,VCC2020_T30,
train,__hf__,0,librispeech,25604
train,/lambda/nfs/algovirginia/workspace/DeepfakeDetectionRenewed/data/vcc2020/audio/T31/task1/team31_intra-TEM1_SEF2_E30004.wav,1,VCC2020_T31,
train,__hf__,0,librispeech,607
train,/lambda/nfs/algovirginia/workspace/DeepfakeDetectionRenewed/data/vcc2020/audio/T22/task1/team22_intra-TEM1_SEF1_E30004.wav,1,VCC2020_T22,
train,__hf__,0,librispeech,8633
train,/lambda/nfs/algovirginia/workspace/DeepfakeDetectionRenewed/data/vcc2020/audio/T02/task1/team02_intra-TEM2_SEF1_E30003.wav,1,VCC2020_T02,
train,__hf__,0,librispeech,3342
train,__hf__,0,librispeech,27652
train,/lambda/nfs/algovirginia/workspace/DeepfakeDetectionRenewed/data/vcc2020/audio/T27/task1/team27_intra-TEF1_SEM1_E30001.wav,1,VCC2020_T27,
train,/lambda/nfs/algovirginia/workspace/DeepfakeDetectionRenewed/data/vcc2020/audio/T01/task1/team01_intra-TEM2_SEF1_E30005.wav,1,VCC2020_T01,
train,__hf__,0,librispeech,1821
train,__hf__,0,librispeech,19589
train,__hf__,0,librispeech,17429
train,__hf__,0,librispeech,17315
train,/lambda/nfs/algovirginia/workspace/DeepfakeDetectionRenewed/data/wavefake/generated_audio/ljspeech_melgan_large/LJ033-0014_gen.wav,1,ljspeech_melgan_large,
train,__hf__,0,librispeech,4995
train,__hf__,0,librispeech,11342
train,/lambda/nfs/algovirginia/workspace/DeepfakeDetectionRenewed/data/wavefake/generated_audio/ljspeech_hifiGAN/LJ030-0156_generated.wav,1,ljspeech_hifiGAN,
train,__hf__,0,librispeech,15606
train,__hf__,0,librispeech,12930
train,__hf__,0,librispeech,16942
train,__hf__,0,librispeech,12848
train,__hf__,0,librispeech,27698
train,__hf__,0,librispeech,28433
train,/lambda/nfs/algovirginia/workspace/DeepfakeDetectionRenewed/data/vcc2020/audio/T29/task1/team29_intra-TEM1_SEF1_E30001.wav,1,VCC2020_T29,
train,__hf__,0,librispeech,25562
train,__hf__,0,librispeech,20973
train,__hf__,0,librispeech,2040
train,__hf__,0,librispeech,6938
train,__hf__,0,librispeech,16592
train,/lambda/nfs/algovirginia/workspace/DeepfakeDetectionRenewed/data/vcc2020/audio/T17/task1/team17_intra-TEF1_SEM2_E30001.wav,1,VCC2020_T17,
train,__hf__,0,librispeech,7498
train,/lambda/nfs/algovirginia/workspace/DeepfakeDetectionRenewed/data/wavefake/generated_audio/ljspeech_parallel_wavegan/LJ041-0140_gen.wav,1,ljspeech_parallel_wavegan,
train,/lambda/nfs/algovirginia/workspace/DeepfakeDetectionRenewed/data/vcc2020/audio/T21/task1/team21_intra-TEM2_SEM2_E30005.wav,1,VCC2020_T21,
train,__hf__,0,librispeech,8721
train,__hf__,0,librispeech,13540
train,__hf__,0,librispeech,8965
train,/lambda/nfs/algovirginia/workspace/DeepfakeDetectionRenewed/data/wavefake/generated_audio/ljspeech_multi_band_melgan/LJ010-0287_gen.wav,1,ljspeech_multi_band_melgan,
train,__hf__,0,librispeech,27940
train,/lambda/nfs/algovirginia/workspace/DeepfakeDetectionRenewed/data/vcc2020/audio/T19/task1/team19_intra-TEF2_SEF1_E30004.wav,1,VCC2020_T19,
train,/lambda/nfs/algovirginia/workspace/DeepfakeDetectionRenewed/data/wavefake/generated_audio/ljspeech_waveglow/LJ045-0030.wav,1,ljspeech_waveglow,
train,/lambda/nfs/algovirginia/workspace/DeepfakeDetectionRenewed/data/wavefake/generated_audio/common_voices_prompts_from_conformer_fastspeech2_pwg_ljspeech/gen_10087.wav,1,common_voices_prompts_from_conformer_fastspeech2_pwg_ljspeech,
train,__hf__,0,librispeech,20274
train,/lambda/nfs/algovirginia/workspace/DeepfakeDetectionRenewed/data/wavefake/generated_audio/ljspeech_waveglow/LJ005-0230.wav,1,ljspeech_waveglow,
train,/lambda/nfs/algovirginia/workspace/DeepfakeDetectionRenewed/data/vcc2020/audio/T03/task1/team03_intra-TEM2_SEF1_E30001.wav,1,VCC2020_T03,
train,/lambda/nfs/algovirginia/workspace/DeepfakeDetectionRenewed/data/wavefake/generated_audio/ljspeech_parallel_wavegan/LJ044-0127_gen.wav,1,ljspeech_parallel_wavegan,
train,/lambda/nfs/algovirginia/workspace/DeepfakeDetectionRenewed/data/vcc2020/audio/T26/task1/team26_intra-TEM2_SEF2_E30003.wav,1,VCC2020_T26,
train,__hf__,0,librispeech,3688
train,__hf__,0,librispeech,797
train,/lambda/nfs/algovirginia/workspace/DeepfakeDetectionRenewed/data/vcc2020/audio/T06/task1/team06_intra-TEM2_SEM1_E30001.wav,1,VCC2020_T06,
train,__hf__,0,librispeech,17398
train,/lambda/nfs/algovirginia/workspace/DeepfakeDetectionRenewed/data/vcc2020/audio/T30/task1/team30_intra-TEM2_SEF1_E30001.wav,1,VCC2020_T30,
train,__hf__,0,librispeech,8502
train,__hf__,0,librispeech,2701
train,/lambda/nfs/algovirginia/workspace/DeepfakeDetectionRenewed/data/vcc2020/audio/T12/task1/team12_intra-TEF2_SEF2_E30004.wav,1,VCC2020_T12,
train,__hf__,0,librispeech,27961
train,/lambda/nfs/algovirginia/workspace/DeepfakeDetectionRenewed/data/vcc2020/audio/T18/task1/team18_intra-TEF1_SEF2_E30004.wav,1,VCC2020_T18,
train,/lambda/nfs/algovirginia/workspace/DeepfakeDetectionRenewed/data/vcc2020/audio/T16/task1/team16_intra-TEF1_SEM2_E30005.wav,1,VCC2020_T16,
train,/lambda/nfs/algovirginia/workspace/DeepfakeDetectionRenewed/data/wavefake/generated_audio/ljspeech_parallel_wavegan/LJ031-0093_gen.wav,1,ljspeech_parallel_wavegan,
train,/lambda/nfs/algovirginia/workspace/DeepfakeDetectionRenewed/data/vcc2020/audio/T10/task1/team10_intra-TEF1_SEF2_E30004.wav,1,VCC2020_T10,
train,/lambda/nfs/algovirginia/workspace/DeepfakeDetectionRenewed/data/vcc2020/audio/T07/task1/team07_intra-TEF2_SEM1_E30004.wav,1,VCC2020_T07,
train,/lambda/nfs/algovirginia/workspace/DeepfakeDetectionRenewed/data/vcc2020/audio/T31/task1/team31_intra-TEF1_SEM2_E30001.wav,1,VCC2020_T31,
train,/lambda/nfs/algovirginia/workspace/DeepfakeDetectionRenewed/data/vcc2020/audio/T26/task1/team26_intra-TEM2_SEM1_E30002.wav,1,VCC2020_T26,
train,__hf__,0,librispeech,3460
train,/lambda/nfs/algovirginia/workspace/DeepfakeDetectionRenewed/data/wavefake/generated_audio/ljspeech_melgan/LJ039-0215_gen.wav,1,ljspeech_melgan,
train,/lambda/nfs/algovirginia/workspace/DeepfakeDetectionRenewed/data/vcc2020/audio/T12/task1/team12_intra-TEM1_SEF2_E30005.wav,1,VCC2020_T12,
train,__hf__,0,librispeech,1983
train,__hf__,0,librispeech,4560
train,/lambda/nfs/algovirginia/workspace/DeepfakeDetectionRenewed/data/vcc2020/audio/T33/task1/team33_intra-TEF1_SEF2_E30001.wav,1,VCC2020_T33,
train,__hf__,0,librispeech,1071
train,/lambda/nfs/algovirginia/workspace/DeepfakeDetectionRenewed/data/vcc2020/audio/T03/task1/team03_intra-TEF2_SEF1_E30005.wav,1,VCC2020_T03,
train,__hf__,0,librispeech,26433
train,/lambda/nfs/algovirginia/workspace/DeepfakeDetectionRenewed/data/vcc2020/audio/T07/task1/team07_intra-TEF1_SEM2_E30005.wav,1,VCC2020_T07,
train,__hf__,0,librispeech,4173
train,/lambda/nfs/algovirginia/workspace/DeepfakeDetectionRenewed/data/vcc2020/audio/T29/task1/team29_intra-TEM1_SEM2_E30001.wav,1,VCC2020_T29,
train,__hf__,0,librispeech,22953
train,__hf__,0,librispeech,8699
train,__hf__,0,librispeech,23220
train,__hf__,0,librispeech,4802
train,__hf__,0,librispeech,4648
train,__hf__,0,librispeech,2838
train,/lambda/nfs/algovirginia/workspace/DeepfakeDetectionRenewed/data/vcc2020/audio/T32/task1/team32_intra-TEM2_SEF1_E30001.wav,1,VCC2020_T32,
train,__hf__,0,librispeech,9907
train,__hf__,0,librispeech,21446
train,__hf__,0,librispeech,17009
train,__hf__,0,librispeech,9525
train,/lambda/nfs/algovirginia/workspace/DeepfakeDetectionRenewed/data/wavefake/generated_audio/common_voices_prompts_from_conformer_fastspeech2_pwg_ljspeech/gen_6762.wav,1,common_voices_prompts_from_conformer_fastspeech2_pwg_ljspeech,
train,__hf__,0,librispeech,20342
train,/lambda/nfs/algovirginia/workspace/DeepfakeDetectionRenewed/data/wavefake/generated_audio/ljspeech_full_band_melgan/LJ003-0180_gen.wav,1,ljspeech_full_band_melgan,
train,/lambda/nfs/algovirginia/workspace/DeepfakeDetectionRenewed/data/wavefake/generated_audio/ljspeech_full_band_melgan/LJ009-0118_gen.wav,1,ljspeech_full_band_melgan,
train,__hf__,0,librispeech,15064
train,__hf__,0,librispeech,7775
train,/lambda/nfs/algovirginia/workspace/DeepfakeDetectionRenewed/data/wavefake/generated_audio/ljspeech_hifiGAN/LJ011-0243_generated.wav,1,ljspeech_hifiGAN,
train,__hf__,0,librispeech,16297
train,/lambda/nfs/algovirginia/workspace/DeepfakeDetectionRenewed/data/vcc2020/audio/T22/task1/team22_intra-TEM1_SEF1_E30001.wav,1,VCC2020_T22,
train,/lambda/nfs/algovirginia/workspace/DeepfakeDetectionRenewed/data/wavefake/generated_audio/ljspeech_melgan/LJ017-0061_gen.wav,1,ljspeech_melgan,
train,/lambda/nfs/algovirginia/workspace/DeepfakeDetectionRenewed/data/wavefake/generated_audio/ljspeech_melgan/LJ002-0277_gen.wav,1,ljspeech_melgan,
train,__hf__,0,librispeech,11580
train,__hf__,0,librispeech,5884
train,__hf__,0,librispeech,16572
train,__hf__,0,librispeech,9808
train,__hf__,0,librispeech,23216
train,/lambda/nfs/algovirginia/workspace/DeepfakeDetectionRenewed/data/wavefake/generated_audio/ljspeech_melgan_large/LJ019-0217_gen.wav,1,ljspeech_melgan_large,
train,/lambda/nfs/algovirginia/workspace/DeepfakeDetectionRenewed/data/vcc2020/audio/T10/task1/team10_intra-TEM1_SEF1_E30003.wav,1,VCC2020_T10,
train,/lambda/nfs/algovirginia/workspace/DeepfakeDetectionRenewed/data/vcc2020/audio/T25/task1/team25_intra-TEM1_SEM2_E30004.wav,1,VCC2020_T25,
train,__hf__,0,librispeech,22937
train,__hf__,0,librispeech,14445
train,__hf__,0,librispeech,13436
train,__hf__,0,librispeech,26337
train,/lambda/nfs/algovirginia/workspace/DeepfakeDetectionRenewed/data/wavefake/generated_audio/ljspeech_full_band_melgan/LJ039-0230_gen.wav,1,ljspeech_full_band_melgan,
train,/lambda/nfs/algovirginia/workspace/DeepfakeDetectionRenewed/data/wavefake/generated_audio/ljspeech_multi_band_melgan/LJ006-0118_gen.wav,1,ljspeech_multi_band_melgan,
train,/lambda/nfs/algovirginia/workspace/DeepfakeDetectionRenewed/data/wavefake/generated_audio/ljspeech_melgan_large/LJ027-0038_gen.wav,1,ljspeech_melgan_large,
train,/lambda/nfs/algovirginia/workspace/DeepfakeDetectionRenewed/data/vcc2020/audio/T24/task1/team24_intra-TEM2_SEM2_E30005.wav,1,VCC2020_T24,
train,__hf__,0,librispeech,21022
train,__hf__,0,librispeech,13193
train,/lambda/nfs/algovirginia/workspace/DeepfakeDetectionRenewed/data/wavefake/generated_audio/ljspeech_parallel_wavegan/LJ048-0062_gen.wav,1,ljspeech_parallel_wavegan,
train,/lambda/nfs/algovirginia/workspace/DeepfakeDetectionRenewed/data/wavefake/generated_audio/ljspeech_waveglow/LJ012-0187.wav,1,ljspeech_waveglow,
train,/lambda/nfs/algovirginia/workspace/DeepfakeDetectionRenewed/data/vcc2020/audio/T20/task1/team20_intra-TEF2_SEF2_E30005.wav,1,VCC2020_T20,
train,__hf__,0,librispeech,27574
train,__hf__,0,librispeech,10081
train,__hf__,0,librispeech,26018
train,/lambda/nfs/algovirginia/workspace/DeepfakeDetectionRenewed/data/vcc2020/audio/T23/task1/team23_intra-TEF1_SEM2_E30001.wav,1,VCC2020_T23,
train,/lambda/nfs/algovirginia/workspace/DeepfakeDetectionRenewed/data/wavefake/generated_audio/ljspeech_full_band_melgan/LJ020-0094_gen.wav,1,ljspeech_full_band_melgan,
train,__hf__,0,librispeech,27997
train,__hf__,0,librispeech,16347
train,/lambda/nfs/algovirginia/workspace/DeepfakeDetectionRenewed/data/wavefake/generated_audio/ljspeech_hifiGAN/LJ018-0298_generated.wav,1,ljspeech_hifiGAN,
train,__hf__,0,librispeech,13810
train,/lambda/nfs/algovirginia/workspace/DeepfakeDetectionRenewed/data/vcc2020/audio/T32/task1/team32_intra-TEF1_SEM1_E30001.wav,1,VCC2020_T32,
train,/lambda/nfs/algovirginia/workspace/DeepfakeDetectionRenewed/data/wavefake/generated_audio/ljspeech_multi_band_melgan/LJ039-0159_gen.wav,1,ljspeech_multi_band_melgan,
train,/lambda/nfs/algovirginia/workspace/DeepfakeDetectionRenewed/data/wavefake/generated_audio/ljspeech_parallel_wavegan/LJ025-0025_gen.wav,1,ljspeech_parallel_wavegan,
train,__hf__,0,librispeech,22040
train,/lambda/nfs/algovirginia/workspace/DeepfakeDetectionRenewed/data/vcc2020/audio/T32/task1/team32_intra-TEM2_SEM1_E30004.wav,1,VCC2020_T32,
train,/lambda/nfs/algovirginia/workspace/DeepfakeDetectionRenewed/data/vcc2020/audio/T13/task1/team13_intra-TEM1_SEF1_E30004.wav,1,VCC2020_T13,
train,__hf__,0,librispeech,10302
train,/lambda/nfs/algovirginia/workspace/DeepfakeDetectionRenewed/data/vcc2020/audio/T28/task1/team28_intra-TEF2_SEF2_E30005.wav,1,VCC2020_T28,
train,/lambda/nfs/algovirginia/workspace/DeepfakeDetectionRenewed/data/vcc2020/audio/T30/task1/team30_intra-TEM1_SEF1_E30005.wav,1,VCC2020_T30,
train,__hf__,0,librispeech,3648
train,/lambda/nfs/algovirginia/workspace/DeepfakeDetectionRenewed/data/wavefake/generated_audio/ljspeech_hifiGAN/LJ046-0233_generated.wav,1,ljspeech_hifiGAN,
train,/lambda/nfs/algovirginia/workspace/DeepfakeDetectionRenewed/data/wavefake/generated_audio/common_voices_prompts_from_conformer_fastspeech2_pwg_ljspeech/gen_4537.wav,1,common_voices_prompts_from_conformer_fastspeech2_pwg_ljspeech,
train,__hf__,0,librispeech,1346
train,/lambda/nfs/algovirginia/workspace/DeepfakeDetectionRenewed/data/vcc2020/audio/T27/task1/team27_intra-TEM2_SEF2_E30001.wav,1,VCC2020_T27,
train,/lambda/nfs/algovirginia/workspace/DeepfakeDetectionRenewed/data/vcc2020/audio/T09/task1/team09_intra-TEF2_SEM1_E30002.wav,1,VCC2020_T09,
train,/lambda/nfs/algovirginia/workspace/DeepfakeDetectionRenewed/data/vcc2020/audio/T12/task1/team12_intra-TEF2_SEM1_E30001.wav,1,VCC2020_T12,
train,/lambda/nfs/algovirginia/workspace/DeepfakeDetectionRenewed/data/wavefake/generated_audio/ljspeech_parallel_wavegan/LJ030-0060_gen.wav,1,ljspeech_parallel_wavegan,
train,__hf__,0,librispeech,21375
train,__hf__,0,librispeech,6220
train,/lambda/nfs/algovirginia/workspace/DeepfakeDetectionRenewed/data/wavefake/generated_audio/ljspeech_full_band_melgan/LJ016-0175_gen.wav,1,ljspeech_full_band_melgan,
train,/lambda/nfs/algovirginia/workspace/DeepfakeDetectionRenewed/data/wavefake/generated_audio/ljspeech_multi_band_melgan/LJ008-0148_gen.wav,1,ljspeech_multi_band_melgan,
train,__hf__,0,librispeech,27005
train,/lambda/nfs/algovirginia/workspace/DeepfakeDetectionRenewed/data/vcc2020/audio/T25/task1/team25_intra-TEM2_SEF2_E30001.wav,1,VCC2020_T25,
train,__hf__,0,librispeech,11375
train,__hf__,0,librispeech,7328
train,__hf__,0,librispeech,20704
train,/lambda/nfs/algovirginia/workspace/DeepfakeDetectionRenewed/data/vcc2020/audio/T18/task1/team18_intra-TEM2_SEM1_E30005.wav,1,VCC2020_T18,
train,__hf__,0,librispeech,25634
train,__hf__,0,librispeech,19596
train,/lambda/nfs/algovirginia/workspace/DeepfakeDetectionRenewed/data/wavefake/generated_audio/ljspeech_melgan_large/LJ013-0134_gen.wav,1,ljspeech_melgan_large,
train,/lambda/nfs/algovirginia/workspace/DeepfakeDetectionRenewed/data/wavefake/generated_audio/common_voices_prompts_from_conformer_fastspeech2_pwg_ljspeech/gen_9825.wav,1,common_voices_prompts_from_conformer_fastspeech2_pwg_ljspeech,
train,/lambda/nfs/algovirginia/workspace/DeepfakeDetectionRenewed/data/wavefake/generated_audio/ljspeech_hifiGAN/LJ043-0087_generated.wav,1,ljspeech_hifiGAN,
train,__hf__,0,librispeech,21951
train,/lambda/nfs/algovirginia/workspace/DeepfakeDetectionRenewed/data/vcc2020/audio/T13/task1/team13_intra-TEF2_SEM1_E30001.wav,1,VCC2020_T13,
train,__hf__,0,librispeech,24889
train,__hf__,0,librispeech,12063
train,__hf__,0,librispeech,15460
train,__hf__,0,librispeech,26347
train,/lambda/nfs/algovirginia/workspace/DeepfakeDetectionRenewed/data/vcc2020/audio/T02/task1/team02_intra-TEF1_SEM1_E30001.wav,1,VCC2020_T02,
train,__hf__,0,librispeech,26380
train,/lambda/nfs/algovirginia/workspace/DeepfakeDetectionRenewed/data/vcc2020/audio/T14/task1/team14_intra-TEF2_SEM2_E30005.wav,1,VCC2020_T14,
train,/lambda/nfs/algovirginia/workspace/DeepfakeDetectionRenewed/data/wavefake/generated_audio/ljspeech_melgan/LJ035-0202_gen.wav,1,ljspeech_melgan,
train,__hf__,0,librispeech,771
train,/lambda/nfs/algovirginia/workspace/DeepfakeDetectionRenewed/data/vcc2020/audio/T20/task1/team20_intra-TEF1_SEM2_E30005.wav,1,VCC2020_T20,
train,/lambda/nfs/algovirginia/workspace/DeepfakeDetectionRenewed/data/vcc2020/audio/T20/task1/team20_intra-TEF1_SEF2_E30002.wav,1,VCC2020_T20,
train,__hf__,0,librispeech,2209
train,__hf__,0,librispeech,24073
train,__hf__,0,librispeech,20931
train,__hf__,0,librispeech,9039
train,/lambda/nfs/algovirginia/workspace/DeepfakeDetectionRenewed/data/vcc2020/audio/T29/task1/team29_intra-TEM2_SEF1_E30003.wav,1,VCC2020_T29,
train,__hf__,0,librispeech,23650
train,__hf__,0,librispeech,8541
train,/lambda/nfs/algovirginia/workspace/DeepfakeDetectionRenewed/data/vcc2020/audio/T29/task1/team29_intra-TEF2_SEF2_E30005.wav,1,VCC2020_T29,
train,/lambda/nfs/algovirginia/workspace/DeepfakeDetectionRenewed/data/vcc2020/audio/T03/task1/team03_intra-TEF1_SEM2_E30005.wav,1,VCC2020_T03,
train,__hf__,0,librispeech,7350
train,__hf__,0,librispeech,21227
train,/lambda/nfs/algovirginia/workspace/DeepfakeDetectionRenewed/data/vcc2020/audio/T08/task1/team08_intra-TEF2_SEM1_E30001.wav,1,VCC2020_T08,
train,/lambda/nfs/algovirginia/workspace/DeepfakeDetectionRenewed/data/vcc2020/audio/T21/task1/team21_intra-TEM2_SEM2_E30003.wav,1,VCC2020_T21,
train,/lambda/nfs/algovirginia/workspace/DeepfakeDetectionRenewed/data/vcc2020/audio/T04/task1/team04_intra-TEM2_SEF2_E30003.wav,1,VCC2020_T04,
train,__hf__,0,librispeech,20277
train,/lambda/nfs/algovirginia/workspace/DeepfakeDetectionRenewed/data/vcc2020/audio/T09/task1/team09_intra-TEF1_SEM2_E30001.wav,1,VCC2020_T09,
train,__hf__,0,librispeech,6082
train,/lambda/nfs/algovirginia/workspace/DeepfakeDetectionRenewed/data/vcc2020/audio/T33/task1/team33_intra-TEF2_SEF2_E30003.wav,1,VCC2020_T33,
train,/lambda/nfs/algovirginia/workspace/DeepfakeDetectionRenewed/data/wavefake/generated_audio/ljspeech_parallel_wavegan/LJ025-0084_gen.wav,1,ljspeech_parallel_wavegan,
train,__hf__,0,librispeech,7217
train,__hf__,0,librispeech,18220
train,__hf__,0,librispeech,5658
train,__hf__,0,librispeech,2743
train,/lambda/nfs/algovirginia/workspace/DeepfakeDetectionRenewed/data/wavefake/generated_audio/ljspeech_melgan_large/LJ038-0176_gen.wav,1,ljspeech_melgan_large,
train,__hf__,0,librispeech,18316
train,/lambda/nfs/algovirginia/workspace/DeepfakeDetectionRenewed/data/vcc2020/audio/T09/task1/team09_intra-TEM2_SEF1_E30001.wav,1,VCC2020_T09,
train,__hf__,0,librispeech,11925
train,__hf__,0,librispeech,26791
train,/lambda/nfs/algovirginia/workspace/DeepfakeDetectionRenewed/data/vcc2020/audio/T26/task1/team26_intra-TEF1_SEM1_E30004.wav,1,VCC2020_T26,
train,__hf__,0,librispeech,22422
train,/lambda/nfs/algovirginia/workspace/DeepfakeDetectionRenewed/data/vcc2020/audio/T02/task1/team02_intra-TEF2_SEF2_E30001.wav,1,VCC2020_T02,
train,__hf__,0,librispeech,11960
train,/lambda/nfs/algovirginia/workspace/DeepfakeDetectionRenewed/data/wavefake/generated_audio/common_voices_prompts_from_conformer_fastspeech2_pwg_ljspeech/gen_12565.wav,1,common_voices_prompts_from_conformer_fastspeech2_pwg_ljspeech,
train,__hf__,0,librispeech,22927
train,__hf__,0,librispeech,2085
train,/lambda/nfs/algovirginia/workspace/DeepfakeDetectionRenewed/data/vcc2020/audio/T08/task1/team08_intra-TEF1_SEM1_E30003.wav,1,VCC2020_T08,
train,/lambda/nfs/algovirginia/workspace/DeepfakeDetectionRenewed/data/wavefake/generated_audio/common_voices_prompts_from_conformer_fastspeech2_pwg_ljspeech/gen_14540.wav,1,common_voices_prompts_from_conformer_fastspeech2_pwg_ljspeech,
train,/lambda/nfs/algovirginia/workspace/DeepfakeDetectionRenewed/data/wavefake/generated_audio/ljspeech_waveglow/LJ038-0047.wav,1,ljspeech_waveglow,
train,/lambda/nfs/algovirginia/workspace/DeepfakeDetectionRenewed/data/vcc2020/audio/T09/task1/team09_intra-TEF2_SEM2_E30004.wav,1,VCC2020_T09,
train,/lambda/nfs/algovirginia/workspace/DeepfakeDetectionRenewed/data/wavefake/generated_audio/ljspeech_waveglow/LJ044-0188.wav,1,ljspeech_waveglow,
train,__hf__,0,librispeech,16772
train,/lambda/nfs/algovirginia/workspace/DeepfakeDetectionRenewed/data/wavefake/generated_audio/ljspeech_full_band_melgan/LJ022-0111_gen.wav,1,ljspeech_full_band_melgan,
train,/lambda/nfs/algovirginia/workspace/DeepfakeDetectionRenewed/data/wavefake/generated_audio/ljspeech_multi_band_melgan/LJ017-0256_gen.wav,1,ljspeech_multi_band_melgan,
train,/lambda/nfs/algovirginia/workspace/DeepfakeDetectionRenewed/data/wavefake/generated_audio/ljspeech_hifiGAN/LJ004-0142_generated.wav,1,ljspeech_hifiGAN,
train,/lambda/nfs/algovirginia/workspace/DeepfakeDetectionRenewed/data/vcc2020/audio/T24/task1/team24_intra-TEF2_SEF1_E30005.wav,1,VCC2020_T24,
train,/lambda/nfs/algovirginia/workspace/DeepfakeDetectionRenewed/data/wavefake/generated_audio/common_voices_prompts_from_conformer_fastspeech2_pwg_ljspeech/gen_11868.wav,1,common_voices_prompts_from_conformer_fastspeech2_pwg_ljspeech,
train,/lambda/nfs/algovirginia/workspace/DeepfakeDetectionRenewed/data/wavefake/generated_audio/common_voices_prompts_from_conformer_fastspeech2_pwg_ljspeech/gen_14295.wav,1,common_voices_prompts_from_conformer_fastspeech2_pwg_ljspeech,
train,/lambda/nfs/algovirginia/workspace/DeepfakeDetectionRenewed/data/vcc2020/audio/T14/task1/team14_intra-TEM1_SEF1_E30003.wav,1,VCC2020_T14,
train,/lambda/nfs/algovirginia/workspace/DeepfakeDetectionRenewed/data/wavefake/generated_audio/ljspeech_melgan/LJ048-0252_gen.wav,1,ljspeech_melgan,
train,/lambda/nfs/algovirginia/workspace/DeepfakeDetectionRenewed/data/wavefake/generated_audio/ljspeech_full_band_melgan/LJ033-0181_gen.wav,1,ljspeech_full_band_melgan,
train,__hf__,0,librispeech,17333
train,/lambda/nfs/algovirginia/workspace/DeepfakeDetectionRenewed/data/wavefake/generated_audio/ljspeech_parallel_wavegan/LJ025-0167_gen.wav,1,ljspeech_parallel_wavegan,
train,__hf__,0,librispeech,19295
train,__hf__,0,librispeech,7352
train,/lambda/nfs/algovirginia/workspace/DeepfakeDetectionRenewed/data/wavefake/generated_audio/common_voices_prompts_from_conformer_fastspeech2_pwg_ljspeech/gen_5197.wav,1,common_voices_prompts_from_conformer_fastspeech2_pwg_ljspeech,
train,/lambda/nfs/algovirginia/workspace/DeepfakeDetectionRenewed/data/vcc2020/audio/T14/task1/team14_intra-TEM2_SEM1_E30002.wav,1,VCC2020_T14,
train,/lambda/nfs/algovirginia/workspace/DeepfakeDetectionRenewed/data/wavefake/generated_audio/ljspeech_hifiGAN/LJ019-0045_generated.wav,1,ljspeech_hifiGAN,
train,__hf__,0,librispeech,12383
train,/lambda/nfs/algovirginia/workspace/DeepfakeDetectionRenewed/data/wavefake/generated_audio/ljspeech_waveglow/LJ015-0259.wav,1,ljspeech_waveglow,
train,__hf__,0,librispeech,359
train,/lambda/nfs/algovirginia/workspace/DeepfakeDetectionRenewed/data/vcc2020/audio/T24/task1/team24_intra-TEM2_SEM1_E30003.wav,1,VCC2020_T24,
train,/lambda/nfs/algovirginia/workspace/DeepfakeDetectionRenewed/data/vcc2020/audio/T12/task1/team12_intra-TEM2_SEM2_E30005.wav,1,VCC2020_T12,
train,__hf__,0,librispeech,12165
train,/lambda/nfs/algovirginia/workspace/DeepfakeDetectionRenewed/data/vcc2020/audio/T10/task1/team10_intra-TEM1_SEM2_E30002.wav,1,VCC2020_T10,
train,/lambda/nfs/algovirginia/workspace/DeepfakeDetectionRenewed/data/vcc2020/audio/T10/task1/team10_intra-TEF2_SEM2_E30003.wav,1,VCC2020_T10,
train,__hf__,0,librispeech,4072
train,/lambda/nfs/algovirginia/workspace/DeepfakeDetectionRenewed/data/wavefake/generated_audio/ljspeech_parallel_wavegan/LJ033-0109_gen.wav,1,ljspeech_parallel_wavegan,
train,/lambda/nfs/algovirginia/workspace/DeepfakeDetectionRenewed/data/vcc2020/audio/T16/task1/team16_intra-TEF2_SEF2_E30001.wav,1,VCC2020_T16,
train,/lambda/nfs/algovirginia/workspace/DeepfakeDetectionRenewed/data/vcc2020/audio/T20/task1/team20_intra-TEF2_SEM2_E30004.wav,1,VCC2020_T20,
train,__hf__,0,librispeech,15505
train,__hf__,0,librispeech,19321
train,__hf__,0,librispeech,14312
train,__hf__,0,librispeech,2530
train,/lambda/nfs/algovirginia/workspace/DeepfakeDetectionRenewed/data/vcc2020/audio/T08/task1/team08_intra-TEM2_SEM2_E30005.wav,1,VCC2020_T08,
train,/lambda/nfs/algovirginia/workspace/DeepfakeDetectionRenewed/data/wavefake/generated_audio/ljspeech_melgan_large/LJ041-0024_gen.wav,1,ljspeech_melgan_large,
train,__hf__,0,librispeech,9721
train,__hf__,0,librispeech,15292
train,/lambda/nfs/algovirginia/workspace/DeepfakeDetectionRenewed/data/wavefake/generated_audio/ljspeech_waveglow/LJ022-0101.wav,1,ljspeech_waveglow,
train,__hf__,0,librispeech,12694
train,/lambda/nfs/algovirginia/workspace/DeepfakeDetectionRenewed/data/vcc2020/audio/T09/task1/team09_intra-TEF1_SEM2_E30003.wav,1,VCC2020_T09,
train,/lambda/nfs/algovirginia/workspace/DeepfakeDetectionRenewed/data/wavefake/generated_audio/ljspeech_waveglow/LJ028-0427.wav,1,ljspeech_waveglow,
train,__hf__,0,librispeech,22356
train,__hf__,0,librispeech,26796
train,__hf__,0,librispeech,3095
train,/lambda/nfs/algovirginia/workspace/DeepfakeDetectionRenewed/data/wavefake/generated_audio/common_voices_prompts_from_conformer_fastspeech2_pwg_ljspeech/gen_10787.wav,1,common_voices_prompts_from_conformer_fastspeech2_pwg_ljspeech,
train,__hf__,0,librispeech,15745
train,/lambda/nfs/algovirginia/workspace/DeepfakeDetectionRenewed/data/wavefake/generated_audio/ljspeech_full_band_melgan/LJ044-0064_gen.wav,1,ljspeech_full_band_melgan,
train,/lambda/nfs/algovirginia/workspace/DeepfakeDetectionRenewed/data/wavefake/generated_audio/ljspeech_full_band_melgan/LJ003-0045_gen.wav,1,ljspeech_full_band_melgan,
train,__hf__,0,librispeech,7569
train,__hf__,0,librispeech,25235
train,/lambda/nfs/algovirginia/workspace/DeepfakeDetectionRenewed/data/vcc2020/audio/T32/task1/team32_intra-TEF2_SEF1_E30001.wav,1,VCC2020_T32,
train,/lambda/nfs/algovirginia/workspace/DeepfakeDetectionRenewed/data/wavefake/generated_audio/common_voices_prompts_from_conformer_fastspeech2_pwg_ljspeech/gen_613.wav,1,common_voices_prompts_from_conformer_fastspeech2_pwg_ljspeech,
train,__hf__,0,librispeech,578
train,/lambda/nfs/algovirginia/workspace/DeepfakeDetectionRenewed/data/wavefake/generated_audio/ljspeech_hifiGAN/LJ042-0033_generated.wav,1,ljspeech_hifiGAN,
train,/lambda/nfs/algovirginia/workspace/DeepfakeDetectionRenewed/data/vcc2020/audio/T31/task1/team31_intra-TEM1_SEM1_E30001.wav,1,VCC2020_T31,
train,__hf__,0,librispeech,958
train,__hf__,0,librispeech,24391
train,__hf__,0,librispeech,24648
train,__hf__,0,librispeech,3385
train,__hf__,0,librispeech,20894
train,__hf__,0,librispeech,27529
train,__hf__,0,librispeech,3579
train,__hf__,0,librispeech,11480
train,__hf__,0,librispeech,13351
train,/lambda/nfs/algovirginia/workspace/DeepfakeDetectionRenewed/data/vcc2020/audio/T23/task1/team23_intra-TEM1_SEM1_E30005.wav,1,VCC2020_T23,
train,__hf__,0,librispeech,25182
train,/lambda/nfs/algovirginia/workspace/DeepfakeDetectionRenewed/data/wavefake/generated_audio/ljspeech_waveglow/LJ035-0109.wav,1,ljspeech_waveglow,
train,/lambda/nfs/algovirginia/workspace/DeepfakeDetectionRenewed/data/vcc2020/audio/T11/task1/team11_intra-TEF1_SEF1_E30003.wav,1,VCC2020_T11,
train,/lambda/nfs/algovirginia/workspace/DeepfakeDetectionRenewed/data/vcc2020/audio/T16/task1/team16_intra-TEM1_SEF1_E30003.wav,1,VCC2020_T16,
train,/lambda/nfs/algovirginia/workspace/DeepfakeDetectionRenewed/data/vcc2020/audio/T19/task1/team19_intra-TEF2_SEF1_E30002.wav,1,VCC2020_T19,
train,__hf__,0,librispeech,14818
train,/lambda/nfs/algovirginia/workspace/DeepfakeDetectionRenewed/data/vcc2020/audio/T01/task1/team01_intra-TEM1_SEM1_E30002.wav,1,VCC2020_T01,
train,__hf__,0,librispeech,6193
train,/lambda/nfs/algovirginia/workspace/DeepfakeDetectionRenewed/data/wavefake/generated_audio/ljspeech_parallel_wavegan/LJ049-0015_gen.wav,1,ljspeech_parallel_wavegan,
train,__hf__,0,librispeech,15344
train,__hf__,0,librispeech,12836
train,__hf__,0,librispeech,28406
train,/lambda/nfs/algovirginia/workspace/DeepfakeDetectionRenewed/data/wavefake/generated_audio/ljspeech_parallel_wavegan/LJ016-0398_gen.wav,1,ljspeech_parallel_wavegan,
train,/lambda/nfs/algovirginia/workspace/DeepfakeDetectionRenewed/data/vcc2020/audio/T16/task1/team16_intra-TEF2_SEF2_E30002.wav,1,VCC2020_T16,
train,/lambda/nfs/algovirginia/workspace/DeepfakeDetectionRenewed/data/vcc2020/audio/T26/task1/team26_intra-TEF2_SEM1_E30002.wav,1,VCC2020_T26,
train,/lambda/nfs/algovirginia/workspace/DeepfakeDetectionRenewed/data/wavefake/generated_audio/ljspeech_parallel_wavegan/LJ017-0179_gen.wav,1,ljspeech_parallel_wavegan,
train,__hf__,0,librispeech,11918
train,/lambda/nfs/algovirginia/workspace/DeepfakeDetectionRenewed/data/wavefake/generated_audio/ljspeech_hifiGAN/LJ047-0119_generated.wav,1,ljspeech_hifiGAN,
train,__hf__,0,librispeech,12292
train,__hf__,0,librispeech,26553
train,__hf__,0,librispeech,10370
train,/lambda/nfs/algovirginia/workspace/DeepfakeDetectionRenewed/data/vcc2020/audio/T29/task1/team29_intra-TEM2_SEM1_E30001.wav,1,VCC2020_T29,
train,__hf__,0,librispeech,18035
train,__hf__,0,librispeech,2971
train,__hf__,0,librispeech,22256
train,__hf__,0,librispeech,26778
train,__hf__,0,librispeech,18868
train,__hf__,0,librispeech,13276
train,/lambda/nfs/algovirginia/workspace/DeepfakeDetectionRenewed/data/vcc2020/audio/T11/task1/team11_intra-TEF1_SEM2_E30002.wav,1,VCC2020_T11,
train,/lambda/nfs/algovirginia/workspace/DeepfakeDetectionRenewed/data/wavefake/generated_audio/common_voices_prompts_from_conformer_fastspeech2_pwg_ljspeech/gen_610.wav,1,common_voices_prompts_from_conformer_fastspeech2_pwg_ljspeech,
train,__hf__,0,librispeech,18010
train,__hf__,0,librispeech,1737
train,__hf__,0,librispeech,16341
train,__hf__,0,librispeech,704
train,__hf__,0,librispeech,1203
train,__hf__,0,librispeech,4727
train,__hf__,0,librispeech,28509
train,/lambda/nfs/algovirginia/workspace/DeepfakeDetectionRenewed/data/wavefake/generated_audio/ljspeech_melgan/LJ028-0116_gen.wav,1,ljspeech_melgan,
train,/lambda/nfs/algovirginia/workspace/DeepfakeDetectionRenewed/data/vcc2020/audio/T13/task1/team13_intra-TEM1_SEF1_E30005.wav,1,VCC2020_T13,
train,/lambda/nfs/algovirginia/workspace/DeepfakeDetectionRenewed/data/wavefake/generated_audio/ljspeech_multi_band_melgan/LJ006-0150_gen.wav,1,ljspeech_multi_band_melgan,
train,/lambda/nfs/algovirginia/workspace/DeepfakeDetectionRenewed/data/vcc2020/audio/T11/task1/team11_intra-TEM2_SEF2_E30003.wav,1,VCC2020_T11,
train,/lambda/nfs/algovirginia/workspace/DeepfakeDetectionRenewed/data/wavefake/generated_audio/common_voices_prompts_from_conformer_fastspeech2_pwg_ljspeech/gen_9104.wav,1,common_voices_prompts_from_conformer_fastspeech2_pwg_ljspeech,
train,/lambda/nfs/algovirginia/workspace/DeepfakeDetectionRenewed/data/wavefake/generated_audio/common_voices_prompts_from_conformer_fastspeech2_pwg_ljspeech/gen_5404.wav,1,common_voices_prompts_from_conformer_fastspeech2_pwg_ljspeech,
train,__hf__,0,librispeech,22632
train,/lambda/nfs/algovirginia/workspace/DeepfakeDetectionRenewed/data/wavefake/generated_audio/ljspeech_hifiGAN/LJ010-0231_generated.wav,1,ljspeech_hifiGAN,
train,__hf__,0,librispeech,13397
train,__hf__,0,librispeech,20443
train,__hf__,0,librispeech,11773
train,/lambda/nfs/algovirginia/workspace/DeepfakeDetectionRenewed/data/wavefake/generated_audio/ljspeech_hifiGAN/LJ010-0255_generated.wav,1,ljspeech_hifiGAN,
train,/lambda/nfs/algovirginia/workspace/DeepfakeDetectionRenewed/data/vcc2020/audio/T12/task1/team12_intra-TEF1_SEM1_E30002.wav,1,VCC2020_T12,
train,/lambda/nfs/algovirginia/workspace/DeepfakeDetectionRenewed/data/vcc2020/audio/T28/task1/team28_intra-TEM2_SEF1_E30001.wav,1,VCC2020_T28,
train,/lambda/nfs/algovirginia/workspace/DeepfakeDetectionRenewed/data/vcc2020/audio/T16/task1/team16_intra-TEM1_SEF2_E30001.wav,1,VCC2020_T16,
train,__hf__,0,librispeech,68
train,/lambda/nfs/algovirginia/workspace/DeepfakeDetectionRenewed/data/vcc2020/audio/T11/task1/team11_intra-TEM1_SEM1_E30004.wav,1,VCC2020_T11,
train,__hf__,0,librispeech,5747
train,/lambda/nfs/algovirginia/workspace/DeepfakeDetectionRenewed/data/wavefake/generated_audio/ljspeech_melgan/LJ017-0009_gen.wav,1,ljspeech_melgan,
train,__hf__,0,librispeech,4033
train,/lambda/nfs/algovirginia/workspace/DeepfakeDetectionRenewed/data/vcc2020/audio/T33/task1/team33_intra-TEM2_SEM1_E30005.wav,1,VCC2020_T33,
train,__hf__,0,librispeech,4574
train,__hf__,0,librispeech,17724
train,__hf__,0,librispeech,9468
train,/lambda/nfs/algovirginia/workspace/DeepfakeDetectionRenewed/data/wavefake/generated_audio/ljspeech_melgan/LJ047-0190_gen.wav,1,ljspeech_melgan,
train,/lambda/nfs/algovirginia/workspace/DeepfakeDetectionRenewed/data/vcc2020/audio/T26/task1/team26_intra-TEF2_SEM2_E30005.wav,1,VCC2020_T26,
train,/lambda/nfs/algovirginia/workspace/DeepfakeDetectionRenewed/data/vcc2020/audio/T18/task1/team18_intra-TEM2_SEM1_E30002.wav,1,VCC2020_T18,
train,/lambda/nfs/algovirginia/workspace/DeepfakeDetectionRenewed/data/vcc2020/audio/T25/task1/team25_intra-TEM2_SEF2_E30005.wav,1,VCC2020_T25,
train,/lambda/nfs/algovirginia/workspace/DeepfakeDetectionRenewed/data/wavefake/generated_audio/common_voices_prompts_from_conformer_fastspeech2_pwg_ljspeech/gen_83.wav,1,common_voices_prompts_from_conformer_fastspeech2_pwg_ljspeech,
train,__hf__,0,librispeech,26281
train,__hf__,0,librispeech,16662
train,/lambda/nfs/algovirginia/workspace/DeepfakeDetectionRenewed/data/vcc2020/audio/T24/task1/team24_intra-TEM1_SEM2_E30003.wav,1,VCC2020_T24,
train,__hf__,0,librispeech,14864
train,/lambda/nfs/algovirginia/workspace/DeepfakeDetectionRenewed/data/wavefake/generated_audio/ljspeech_melgan/LJ003-0235_gen.wav,1,ljspeech_melgan,
train,__hf__,0,librispeech,26544
train,/lambda/nfs/algovirginia/workspace/DeepfakeDetectionRenewed/data/vcc2020/audio/T22/task1/team22_intra-TEF2_SEM2_E30002.wav,1,VCC2020_T22,
train,/lambda/nfs/algovirginia/workspace/DeepfakeDetectionRenewed/data/vcc2020/audio/T01/task1/team01_intra-TEM1_SEF2_E30005.wav,1,VCC2020_T01,
train,__hf__,0,librispeech,6234
train,__hf__,0,librispeech,13006
train,/lambda/nfs/algovirginia/workspace/DeepfakeDetectionRenewed/data/wavefake/generated_audio/ljspeech_full_band_melgan/LJ036-0187_gen.wav,1,ljspeech_full_band_melgan,
train,/lambda/nfs/algovirginia/workspace/DeepfakeDetectionRenewed/data/vcc2020/audio/T16/task1/team16_intra-TEM1_SEM2_E30001.wav,1,VCC2020_T16,
train,/lambda/nfs/algovirginia/workspace/DeepfakeDetectionRenewed/data/wavefake/generated_audio/common_voices_prompts_from_conformer_fastspeech2_pwg_ljspeech/gen_14707.wav,1,common_voices_prompts_from_conformer_fastspeech2_pwg_ljspeech,
train,__hf__,0,librispeech,13444
train,/lambda/nfs/algovirginia/workspace/DeepfakeDetectionRenewed/data/wavefake/generated_audio/ljspeech_parallel_wavegan/LJ048-0284_gen.wav,1,ljspeech_parallel_wavegan,
train,/lambda/nfs/algovirginia/workspace/DeepfakeDetectionRenewed/data/wavefake/generated_audio/ljspeech_melgan/LJ008-0298_gen.wav,1,ljspeech_melgan,
train,/lambda/nfs/algovirginia/workspace/DeepfakeDetectionRenewed/data/vcc2020/audio/T18/task1/team18_intra-TEM2_SEF2_E30005.wav,1,VCC2020_T18,
train,/lambda/nfs/algovirginia/workspace/DeepfakeDetectionRenewed/data/vcc2020/audio/T14/task1/team14_intra-TEF1_SEF2_E30004.wav,1,VCC2020_T14,
train,__hf__,0,librispeech,5300
train,__hf__,0,librispeech,22243
train,__hf__,0,librispeech,5347
train,/lambda/nfs/algovirginia/workspace/DeepfakeDetectionRenewed/data/vcc2020/audio/T18/task1/team18_intra-TEF2_SEF1_E30001.wav,1,VCC2020_T18,
train,/lambda/nfs/algovirginia/workspace/DeepfakeDetectionRenewed/data/vcc2020/audio/T33/task1/team33_intra-TEM2_SEM1_E30001.wav,1,VCC2020_T33,
train,__hf__,0,librispeech,15898
train,/lambda/nfs/algovirginia/workspace/DeepfakeDetectionRenewed/data/vcc2020/audio/T32/task1/team32_intra-TEF1_SEF1_E30003.wav,1,VCC2020_T32,
train,/lambda/nfs/algovirginia/workspace/DeepfakeDetectionRenewed/data/vcc2020/audio/T14/task1/team14_intra-TEF1_SEF1_E30003.wav,1,VCC2020_T14,
train,__hf__,0,librispeech,8909
train,/lambda/nfs/algovirginia/workspace/DeepfakeDetectionRenewed/data/vcc2020/audio/T27/task1/team27_intra-TEM1_SEF1_E30004.wav,1,VCC2020_T27,
train,/lambda/nfs/algovirginia/workspace/DeepfakeDetectionRenewed/data/vcc2020/audio/T11/task1/team11_intra-TEM2_SEF2_E30001.wav,1,VCC2020_T11,
train,__hf__,0,librispeech,19023
train,__hf__,0,librispeech,2595
train,__hf__,0,librispeech,9457
train,__hf__,0,librispeech,27323
train,/lambda/nfs/algovirginia/workspace/DeepfakeDetectionRenewed/data/vcc2020/audio/T06/task1/team06_intra-TEF1_SEF1_E30004.wav,1,VCC2020_T06,
train,/lambda/nfs/algovirginia/workspace/DeepfakeDetectionRenewed/data/wavefake/generated_audio/ljspeech_parallel_wavegan/LJ002-0055_gen.wav,1,ljspeech_parallel_wavegan,
train,__hf__,0,librispeech,1720
train,/lambda/nfs/algovirginia/workspace/DeepfakeDetectionRenewed/data/vcc2020/audio/T17/task1/team17_intra-TEF1_SEM2_E30003.wav,1,VCC2020_T17,
train,/lambda/nfs/algovirginia/workspace/DeepfakeDetectionRenewed/data/vcc2020/audio/T25/task1/team25_intra-TEF2_SEM1_E30002.wav,1,VCC2020_T25,
train,/lambda/nfs/algovirginia/workspace/DeepfakeDetectionRenewed/data/vcc2020/audio/T29/task1/team29_intra-TEF1_SEM2_E30005.wav,1,VCC2020_T29,
train,__hf__,0,librispeech,12432
train,/lambda/nfs/algovirginia/workspace/DeepfakeDetectionRenewed/data/wavefake/generated_audio/ljspeech_parallel_wavegan/LJ034-0202_gen.wav,1,ljspeech_parallel_wavegan,
train,__hf__,0,librispeech,2382
train,__hf__,0,librispeech,5275
train,/lambda/nfs/algovirginia/workspace/DeepfakeDetectionRenewed/data/wavefake/generated_audio/ljspeech_melgan/LJ005-0204_gen.wav,1,ljspeech_melgan,
train,/lambda/nfs/algovirginia/workspace/DeepfakeDetectionRenewed/data/vcc2020/audio/T09/task1/team09_intra-TEF1_SEF1_E30001.wav,1,VCC2020_T09,
train,__hf__,0,librispeech,13258
train,/lambda/nfs/algovirginia/workspace/DeepfakeDetectionRenewed/data/vcc2020/audio/T28/task1/team28_intra-TEM1_SEF2_E30002.wav,1,VCC2020_T28,
train,__hf__,0,librispeech,26822
train,/lambda/nfs/algovirginia/workspace/DeepfakeDetectionRenewed/data/vcc2020/audio/T02/task1/team02_intra-TEF2_SEM1_E30001.wav,1,VCC2020_T02,
train,/lambda/nfs/algovirginia/workspace/DeepfakeDetectionRenewed/data/wavefake/generated_audio/common_voices_prompts_from_conformer_fastspeech2_pwg_ljspeech/gen_12535.wav,1,common_voices_prompts_from_conformer_fastspeech2_pwg_ljspeech,
train,/lambda/nfs/algovirginia/workspace/DeepfakeDetectionRenewed/data/wavefake/generated_audio/common_voices_prompts_from_conformer_fastspeech2_pwg_ljspeech/gen_14632.wav,1,common_voices_prompts_from_conformer_fastspeech2_pwg_ljspeech,
train,__hf__,0,librispeech,24866
train,__hf__,0,librispeech,25910
train,__hf__,0,librispeech,20107
train,/lambda/nfs/algovirginia/workspace/DeepfakeDetectionRenewed/data/wavefake/generated_audio/ljspeech_hifiGAN/LJ013-0133_generated.wav,1,ljspeech_hifiGAN,
train,/lambda/nfs/algovirginia/workspace/DeepfakeDetectionRenewed/data/vcc2020/audio/T14/task1/team14_intra-TEF1_SEM1_E30003.wav,1,VCC2020_T14,
train,/lambda/nfs/algovirginia/workspace/DeepfakeDetectionRenewed/data/vcc2020/audio/T31/task1/team31_intra-TEF1_SEM2_E30004.wav,1,VCC2020_T31,
train,__hf__,0,librispeech,5647
train,__hf__,0,librispeech,3310
train,/lambda/nfs/algovirginia/workspace/DeepfakeDetectionRenewed/data/wavefake/generated_audio/common_voices_prompts_from_conformer_fastspeech2_pwg_ljspeech/gen_13267.wav,1,common_voices_prompts_from_conformer_fastspeech2_pwg_ljspeech,
train,/lambda/nfs/algovirginia/workspace/DeepfakeDetectionRenewed/data/wavefake/generated_audio/ljspeech_parallel_wavegan/LJ049-0156_gen.wav,1,ljspeech_parallel_wavegan,
train,__hf__,0,librispeech,3393
train,/lambda/nfs/algovirginia/workspace/DeepfakeDetectionRenewed/data/vcc2020/audio/T08/task1/team08_intra-TEF2_SEF2_E30004.wav,1,VCC2020_T08,
train,__hf__,0,librispeech,3204
train,__hf__,0,librispeech,16134
train,__hf__,0,librispeech,10055
train,/lambda/nfs/algovirginia/workspace/DeepfakeDetectionRenewed/data/wavefake/generated_audio/ljspeech_melgan/LJ003-0064_gen.wav,1,ljspeech_melgan,
train,__hf__,0,librispeech,11948
train,__hf__,0,librispeech,4871
train,__hf__,0,librispeech,12853
train,__hf__,0,librispeech,6592
train,__hf__,0,librispeech,11890
train,__hf__,0,librispeech,27812
train,__hf__,0,librispeech,4846
train,__hf__,0,librispeech,8171
train,/lambda/nfs/algovirginia/workspace/DeepfakeDetectionRenewed/data/wavefake/generated_audio/ljspeech_hifiGAN/LJ031-0103_generated.wav,1,ljspeech_hifiGAN,
train,/lambda/nfs/algovirginia/workspace/DeepfakeDetectionRenewed/data/vcc2020/audio/T27/task1/team27_intra-TEM1_SEF1_E30003.wav,1,VCC2020_T27,
train,/lambda/nfs/algovirginia/workspace/DeepfakeDetectionRenewed/data/vcc2020/audio/T30/task1/team30_intra-TEF2_SEM1_E30003.wav,1,VCC2020_T30,
train,__hf__,0,librispeech,25184
train,__hf__,0,librispeech,26522
train,__hf__,0,librispeech,841
train,__hf__,0,librispeech,12724
train,__hf__,0,librispeech,3321
train,__hf__,0,librispeech,20553
train,/lambda/nfs/algovirginia/workspace/DeepfakeDetectionRenewed/data/wavefake/generated_audio/ljspeech_waveglow/LJ016-0395.wav,1,ljspeech_waveglow,
train,__hf__,0,librispeech,4553
train,__hf__,0,librispeech,25679
train,/lambda/nfs/algovirginia/workspace/DeepfakeDetectionRenewed/data/vcc2020/audio/T10/task1/team10_intra-TEF2_SEF2_E30005.wav,1,VCC2020_T10,
train,/lambda/nfs/algovirginia/workspace/DeepfakeDetectionRenewed/data/vcc2020/audio/T07/task1/team07_intra-TEF2_SEF1_E30004.wav,1,VCC2020_T07,
train,__hf__,0,librispeech,23491
train,__hf__,0,librispeech,13539
train,__hf__,0,librispeech,22092
train,/lambda/nfs/algovirginia/workspace/DeepfakeDetectionRenewed/data/wavefake/generated_audio/ljspeech_multi_band_melgan/LJ012-0030_gen.wav,1,ljspeech_multi_band_melgan,
train,__hf__,0,librispeech,2093
train,/lambda/nfs/algovirginia/workspace/DeepfakeDetectionRenewed/data/wavefake/generated_audio/ljspeech_waveglow/LJ050-0088.wav,1,ljspeech_waveglow,
train,/lambda/nfs/algovirginia/workspace/DeepfakeDetectionRenewed/data/wavefake/generated_audio/ljspeech_multi_band_melgan/LJ030-0168_gen.wav,1,ljspeech_multi_band_melgan,
train,/lambda/nfs/algovirginia/workspace/DeepfakeDetectionRenewed/data/vcc2020/audio/T21/task1/team21_intra-TEM2_SEF1_E30004.wav,1,VCC2020_T21,
train,__hf__,0,librispeech,20451
train,/lambda/nfs/algovirginia/workspace/DeepfakeDetectionRenewed/data/vcc2020/audio/T12/task1/team12_intra-TEF1_SEM1_E30004.wav,1,VCC2020_T12,
train,__hf__,0,librispeech,20756
train,/lambda/nfs/algovirginia/workspace/DeepfakeDetectionRenewed/data/vcc2020/audio/T04/task1/team04_intra-TEF1_SEM1_E30002.wav,1,VCC2020_T04,
train,__hf__,0,librispeech,11359
train,__hf__,0,librispeech,27625
train,__hf__,0,librispeech,7763
train,__hf__,0,librispeech,19280
train,/lambda/nfs/algovirginia/workspace/DeepfakeDetectionRenewed/data/vcc2020/audio/T32/task1/team32_intra-TEF2_SEF2_E30005.wav,1,VCC2020_T32,
train,/lambda/nfs/algovirginia/workspace/DeepfakeDetectionRenewed/data/wavefake/generated_audio/ljspeech_hifiGAN/LJ022-0025_generated.wav,1,ljspeech_hifiGAN,
train,__hf__,0,librispeech,27092
train,__hf__,0,librispeech,26296
train,/lambda/nfs/algovirginia/workspace/DeepfakeDetectionRenewed/data/vcc2020/audio/T06/task1/team06_intra-TEM1_SEM2_E30001.wav,1,VCC2020_T06,
train,/lambda/nfs/algovirginia/workspace/DeepfakeDetectionRenewed/data/wavefake/generated_audio/ljspeech_melgan/LJ039-0168_gen.wav,1,ljspeech_melgan,
train,__hf__,0,librispeech,7975
train,__hf__,0,librispeech,9485
train,/lambda/nfs/algovirginia/workspace/DeepfakeDetectionRenewed/data/vcc2020/audio/T12/task1/team12_intra-TEM1_SEM2_E30001.wav,1,VCC2020_T12,
train,__hf__,0,librispeech,6305
train,/lambda/nfs/algovirginia/workspace/DeepfakeDetectionRenewed/data/wavefake/generated_audio/ljspeech_melgan/LJ042-0155_gen.wav,1,ljspeech_melgan,
train,__hf__,0,librispeech,3801
train,/lambda/nfs/algovirginia/workspace/DeepfakeDetectionRenewed/data/vcc2020/audio/T32/task1/team32_intra-TEM2_SEF1_E30004.wav,1,VCC2020_T32,
train,/lambda/nfs/algovirginia/workspace/DeepfakeDetectionRenewed/data/wavefake/generated_audio/ljspeech_hifiGAN/LJ048-0125_generated.wav,1,ljspeech_hifiGAN,
train,/lambda/nfs/algovirginia/workspace/DeepfakeDetectionRenewed/data/wavefake/generated_audio/common_voices_prompts_from_conformer_fastspeech2_pwg_ljspeech/gen_2342.wav,1,common_voices_prompts_from_conformer_fastspeech2_pwg_ljspeech,
train,/lambda/nfs/algovirginia/workspace/DeepfakeDetectionRenewed/data/vcc2020/audio/T18/task1/team18_intra-TEF2_SEF1_E30003.wav,1,VCC2020_T18,
train,/lambda/nfs/algovirginia/workspace/DeepfakeDetectionRenewed/data/wavefake/generated_audio/ljspeech_melgan_large/LJ036-0068_gen.wav,1,ljspeech_melgan_large,
train,__hf__,0,librispeech,4114
train,__hf__,0,librispeech,26313
train,__hf__,0,librispeech,8191
train,__hf__,0,librispeech,24827
train,__hf__,0,librispeech,12880
train,__hf__,0,librispeech,15376
train,__hf__,0,librispeech,22945
train,/lambda/nfs/algovirginia/workspace/DeepfakeDetectionRenewed/data/wavefake/generated_audio/common_voices_prompts_from_conformer_fastspeech2_pwg_ljspeech/gen_7595.wav,1,common_voices_prompts_from_conformer_fastspeech2_pwg_ljspeech,
train,__hf__,0,librispeech,8956
train,/lambda/nfs/algovirginia/workspace/DeepfakeDetectionRenewed/data/vcc2020/audio/T12/task1/team12_intra-TEF1_SEM1_E30003.wav,1,VCC2020_T12,
train,/lambda/nfs/algovirginia/workspace/DeepfakeDetectionRenewed/data/vcc2020/audio/T09/task1/team09_intra-TEF1_SEM2_E30004.wav,1,VCC2020_T09,
train,__hf__,0,librispeech,1351
train,/lambda/nfs/algovirginia/workspace/DeepfakeDetectionRenewed/data/vcc2020/audio/T06/task1/team06_intra-TEF2_SEF1_E30001.wav,1,VCC2020_T06,
train,__hf__,0,librispeech,4449
train,__hf__,0,librispeech,4737
train,/lambda/nfs/algovirginia/workspace/DeepfakeDetectionRenewed/data/wavefake/generated_audio/ljspeech_full_band_melgan/LJ005-0291_gen.wav,1,ljspeech_full_band_melgan,
train,/lambda/nfs/algovirginia/workspace/DeepfakeDetectionRenewed/data/vcc2020/audio/T28/task1/team28_intra-TEF2_SEF1_E30003.wav,1,VCC2020_T28,
train,/lambda/nfs/algovirginia/workspace/DeepfakeDetectionRenewed/data/vcc2020/audio/T01/task1/team01_intra-TEM2_SEM2_E30005.wav,1,VCC2020_T01,
train,/lambda/nfs/algovirginia/workspace/DeepfakeDetectionRenewed/data/vcc2020/audio/T24/task1/team24_intra-TEF1_SEF1_E30002.wav,1,VCC2020_T24,
train,/lambda/nfs/algovirginia/workspace/DeepfakeDetectionRenewed/data/vcc2020/audio/T11/task1/team11_intra-TEF1_SEM1_E30002.wav,1,VCC2020_T11,
train,__hf__,0,librispeech,26722
train,__hf__,0,librispeech,25248
train,/lambda/nfs/algovirginia/workspace/DeepfakeDetectionRenewed/data/vcc2020/audio/T20/task1/team20_intra-TEF1_SEM1_E30005.wav,1,VCC2020_T20,
train,__hf__,0,librispeech,19655
train,/lambda/nfs/algovirginia/workspace/DeepfakeDetectionRenewed/data/vcc2020/audio/T14/task1/team14_intra-TEM2_SEF2_E30003.wav,1,VCC2020_T14,
train,__hf__,0,librispeech,24394
train,/lambda/nfs/algovirginia/workspace/DeepfakeDetectionRenewed/data/vcc2020/audio/T21/task1/team21_intra-TEM2_SEF2_E30005.wav,1,VCC2020_T21,
train,__hf__,0,librispeech,13829
train,/lambda/nfs/algovirginia/workspace/DeepfakeDetectionRenewed/data/wavefake/generated_audio/ljspeech_melgan/LJ015-0293_gen.wav,1,ljspeech_melgan,
train,/lambda/nfs/algovirginia/workspace/DeepfakeDetectionRenewed/data/vcc2020/audio/T32/task1/team32_intra-TEF1_SEF1_E30005.wav,1,VCC2020_T32,
train,/lambda/nfs/algovirginia/workspace/DeepfakeDetectionRenewed/data/vcc2020/audio/T19/task1/team19_intra-TEM2_SEF1_E30005.wav,1,VCC2020_T19,
train,/lambda/nfs/algovirginia/workspace/DeepfakeDetectionRenewed/data/vcc2020/audio/T10/task1/team10_intra-TEF2_SEM1_E30004.wav,1,VCC2020_T10,
train,/lambda/nfs/algovirginia/workspace/DeepfakeDetectionRenewed/data/vcc2020/audio/T32/task1/team32_intra-TEM1_SEF2_E30004.wav,1,VCC2020_T32,
train,/lambda/nfs/algovirginia/workspace/DeepfakeDetectionRenewed/data/wavefake/generated_audio/ljspeech_melgan/LJ049-0137_gen.wav,1,ljspeech_melgan,
train,__hf__,0,librispeech,25975
train,__hf__,0,librispeech,22170
train,__hf__,0,librispeech,22796
train,__hf__,0,librispeech,1650
train,__hf__,0,librispeech,1995
train,__hf__,0,librispeech,24844
train,__hf__,0,librispeech,2567
train,__hf__,0,librispeech,12024
train,/lambda/nfs/algovirginia/workspace/DeepfakeDetectionRenewed/data/vcc2020/audio/T13/task1/team13_intra-TEF2_SEM1_E30003.wav,1,VCC2020_T13,
train,/lambda/nfs/algovirginia/workspace/DeepfakeDetectionRenewed/data/wavefake/generated_audio/ljspeech_melgan/LJ008-0249_gen.wav,1,ljspeech_melgan,
train,__hf__,0,librispeech,24238
train,/lambda/nfs/algovirginia/workspace/DeepfakeDetectionRenewed/data/vcc2020/audio/T25/task1/team25_intra-TEF1_SEF2_E30003.wav,1,VCC2020_T25,
train,/lambda/nfs/algovirginia/workspace/DeepfakeDetectionRenewed/data/wavefake/generated_audio/ljspeech_hifiGAN/LJ033-0025_generated.wav,1,ljspeech_hifiGAN,
train,__hf__,0,librispeech,13252
train,/lambda/nfs/algovirginia/workspace/DeepfakeDetectionRenewed/data/wavefake/generated_audio/ljspeech_waveglow/LJ015-0242.wav,1,ljspeech_waveglow,
train,__hf__,0,librispeech,4651
train,/lambda/nfs/algovirginia/workspace/DeepfakeDetectionRenewed/data/wavefake/generated_audio/ljspeech_hifiGAN/LJ015-0009_generated.wav,1,ljspeech_hifiGAN,
train,__hf__,0,librispeech,19963
train,/lambda/nfs/algovirginia/workspace/DeepfakeDetectionRenewed/data/wavefake/generated_audio/ljspeech_waveglow/LJ048-0143.wav,1,ljspeech_waveglow,
train,__hf__,0,librispeech,5526
train,/lambda/nfs/algovirginia/workspace/DeepfakeDetectionRenewed/data/wavefake/generated_audio/ljspeech_full_band_melgan/LJ044-0132_gen.wav,1,ljspeech_full_band_melgan,
train,__hf__,0,librispeech,24030
train,__hf__,0,librispeech,3970
train,__hf__,0,librispeech,15224
train,/lambda/nfs/algovirginia/workspace/DeepfakeDetectionRenewed/data/vcc2020/audio/T32/task1/team32_intra-TEF2_SEF1_E30002.wav,1,VCC2020_T32,
train,/lambda/nfs/algovirginia/workspace/DeepfakeDetectionRenewed/data/vcc2020/audio/T01/task1/team01_intra-TEM1_SEM2_E30004.wav,1,VCC2020_T01,
train,/lambda/nfs/algovirginia/workspace/DeepfakeDetectionRenewed/data/wavefake/generated_audio/common_voices_prompts_from_conformer_fastspeech2_pwg_ljspeech/gen_13033.wav,1,common_voices_prompts_from_conformer_fastspeech2_pwg_ljspeech,
train,__hf__,0,librispeech,3789
train,/lambda/nfs/algovirginia/workspace/DeepfakeDetectionRenewed/data/vcc2020/audio/T32/task1/team32_intra-TEM2_SEM1_E30005.wav,1,VCC2020_T32,
train,/lambda/nfs/algovirginia/workspace/DeepfakeDetectionRenewed/data/vcc2020/audio/T09/task1/team09_intra-TEF1_SEF2_E30001.wav,1,VCC2020_T09,
train,/lambda/nfs/algovirginia/workspace/DeepfakeDetectionRenewed/data/vcc2020/audio/T28/task1/team28_intra-TEF2_SEF2_E30002.wav,1,VCC2020_T28,
train,/lambda/nfs/algovirginia/workspace/DeepfakeDetectionRenewed/data/vcc2020/audio/T02/task1/team02_intra-TEM2_SEM1_E30004.wav,1,VCC2020_T02,
train,__hf__,0,librispeech,23956
train,/lambda/nfs/algovirginia/workspace/DeepfakeDetectionRenewed/data/wavefake/generated_audio/ljspeech_parallel_wavegan/LJ046-0187_gen.wav,1,ljspeech_parallel_wavegan,
train,/lambda/nfs/algovirginia/workspace/DeepfakeDetectionRenewed/data/wavefake/generated_audio/ljspeech_melgan_large/LJ021-0200_gen.wav,1,ljspeech_melgan_large,
train,__hf__,0,librispeech,10693
train,/lambda/nfs/algovirginia/workspace/DeepfakeDetectionRenewed/data/wavefake/generated_audio/ljspeech_waveglow/LJ045-0182.wav,1,ljspeech_waveglow,
train,__hf__,0,librispeech,15500
train,/lambda/nfs/algovirginia/workspace/DeepfakeDetectionRenewed/data/wavefake/generated_audio/ljspeech_melgan/LJ001-0111_gen.wav,1,ljspeech_melgan,
train,__hf__,0,librispeech,19881
train,/lambda/nfs/algovirginia/workspace/DeepfakeDetectionRenewed/data/wavefake/generated_audio/ljspeech_melgan_large/LJ002-0051_gen.wav,1,ljspeech_melgan_large,
train,__hf__,0,librispeech,28069
train,__hf__,0,librispeech,13107
train,__hf__,0,librispeech,7430
train,__hf__,0,librispeech,26095
train,/lambda/nfs/algovirginia/workspace/DeepfakeDetectionRenewed/data/vcc2020/audio/T01/task1/team01_intra-TEF1_SEF2_E30001.wav,1,VCC2020_T01,
train,__hf__,0,librispeech,16141
train,/lambda/nfs/algovirginia/workspace/DeepfakeDetectionRenewed/data/wavefake/generated_audio/ljspeech_full_band_melgan/LJ002-0029_gen.wav,1,ljspeech_full_band_melgan,
train,__hf__,0,librispeech,6201
train,__hf__,0,librispeech,12263
train,/lambda/nfs/algovirginia/workspace/DeepfakeDetectionRenewed/data/wavefake/generated_audio/ljspeech_melgan/LJ039-0051_gen.wav,1,ljspeech_melgan,
train,__hf__,0,librispeech,5397
train,/lambda/nfs/algovirginia/workspace/DeepfakeDetectionRenewed/data/wavefake/generated_audio/ljspeech_full_band_melgan/LJ027-0146_gen.wav,1,ljspeech_full_band_melgan,
train,/lambda/nfs/algovirginia/workspace/DeepfakeDetectionRenewed/data/wavefake/generated_audio/ljspeech_full_band_melgan/LJ005-0221_gen.wav,1,ljspeech_full_band_melgan,
train,/lambda/nfs/algovirginia/workspace/DeepfakeDetectionRenewed/data/wavefake/generated_audio/ljspeech_melgan/LJ048-0289_gen.wav,1,ljspeech_melgan,
train,/lambda/nfs/algovirginia/workspace/DeepfakeDetectionRenewed/data/vcc2020/audio/T20/task1/team20_intra-TEF2_SEF1_E30002.wav,1,VCC2020_T20,
train,__hf__,0,librispeech,24092
train,__hf__,0,librispeech,14778
train,__hf__,0,librispeech,5745
train,__hf__,0,librispeech,3539
train,__hf__,0,librispeech,23463
train,/lambda/nfs/algovirginia/workspace/DeepfakeDetectionRenewed/data/vcc2020/audio/T31/task1/team31_intra-TEM1_SEF1_E30001.wav,1,VCC2020_T31,
train,__hf__,0,librispeech,23181
train,__hf__,0,librispeech,15631
train,__hf__,0,librispeech,13939
train,/lambda/nfs/algovirginia/workspace/DeepfakeDetectionRenewed/data/vcc2020/audio/T09/task1/team09_intra-TEF2_SEF1_E30005.wav,1,VCC2020_T09,
train,/lambda/nfs/algovirginia/workspace/DeepfakeDetectionRenewed/data/wavefake/generated_audio/common_voices_prompts_from_conformer_fastspeech2_pwg_ljspeech/gen_10249.wav,1,common_voices_prompts_from_conformer_fastspeech2_pwg_ljspeech,
train,/lambda/nfs/algovirginia/workspace/DeepfakeDetectionRenewed/data/wavefake/generated_audio/common_voices_prompts_from_conformer_fastspeech2_pwg_ljspeech/gen_12186.wav,1,common_voices_prompts_from_conformer_fastspeech2_pwg_ljspeech,
train,/lambda/nfs/algovirginia/workspace/DeepfakeDetectionRenewed/data/vcc2020/audio/T11/task1/team11_intra-TEF2_SEM2_E30004.wav,1,VCC2020_T11,
train,__hf__,0,librispeech,11584
train,__hf__,0,librispeech,12443
train,__hf__,0,librispeech,12368
train,/lambda/nfs/algovirginia/workspace/DeepfakeDetectionRenewed/data/wavefake/generated_audio/ljspeech_parallel_wavegan/LJ002-0232_gen.wav,1,ljspeech_parallel_wavegan,
train,/lambda/nfs/algovirginia/workspace/DeepfakeDetectionRenewed/data/vcc2020/audio/T22/task1/team22_intra-TEF2_SEF1_E30003.wav,1,VCC2020_T22,
train,__hf__,0,librispeech,27045
train,/lambda/nfs/algovirginia/workspace/DeepfakeDetectionRenewed/data/wavefake/generated_audio/ljspeech_multi_band_melgan/LJ028-0380_gen.wav,1,ljspeech_multi_band_melgan,
train,/lambda/nfs/algovirginia/workspace/DeepfakeDetectionRenewed/data/wavefake/generated_audio/common_voices_prompts_from_conformer_fastspeech2_pwg_ljspeech/gen_4422.wav,1,common_voices_prompts_from_conformer_fastspeech2_pwg_ljspeech,
train,__hf__,0,librispeech,8383
train,/lambda/nfs/algovirginia/workspace/DeepfakeDetectionRenewed/data/vcc2020/audio/T18/task1/team18_intra-TEF1_SEF2_E30001.wav,1,VCC2020_T18,
train,__hf__,0,librispeech,18361
train,__hf__,0,librispeech,5700
train,/lambda/nfs/algovirginia/workspace/DeepfakeDetectionRenewed/data/vcc2020/audio/T30/task1/team30_intra-TEF2_SEF2_E30004.wav,1,VCC2020_T30,
train,__hf__,0,librispeech,11149
train,/lambda/nfs/algovirginia/workspace/DeepfakeDetectionRenewed/data/wavefake/generated_audio/ljspeech_hifiGAN/LJ019-0328_generated.wav,1,ljspeech_hifiGAN,
train,__hf__,0,librispeech,20962
train,__hf__,0,librispeech,2305
train,__hf__,0,librispeech,3922
train,__hf__,0,librispeech,19277
train,__hf__,0,librispeech,28117
train,__hf__,0,librispeech,25301
train,__hf__,0,librispeech,8165
train,/lambda/nfs/algovirginia/workspace/DeepfakeDetectionRenewed/data/wavefake/generated_audio/ljspeech_waveglow/LJ008-0092.wav,1,ljspeech_waveglow,
train,/lambda/nfs/algovirginia/workspace/DeepfakeDetectionRenewed/data/vcc2020/audio/T28/task1/team28_intra-TEM1_SEF1_E30004.wav,1,VCC2020_T28,
train,/lambda/nfs/algovirginia/workspace/DeepfakeDetectionRenewed/data/wavefake/generated_audio/ljspeech_hifiGAN/LJ030-0204_generated.wav,1,ljspeech_hifiGAN,
train,__hf__,0,librispeech,1126
train,__hf__,0,librispeech,7476
train,__hf__,0,librispeech,12139
train,__hf__,0,librispeech,2944
train,__hf__,0,librispeech,14773
train,__hf__,0,librispeech,6159
train,/lambda/nfs/algovirginia/workspace/DeepfakeDetectionRenewed/data/vcc2020/audio/T13/task1/team13_intra-TEM2_SEF2_E30005.wav,1,VCC2020_T13,
train,__hf__,0,librispeech,25284
train,__hf__,0,librispeech,8899
train,/lambda/nfs/algovirginia/workspace/DeepfakeDetectionRenewed/data/wavefake/generated_audio/common_voices_prompts_from_conformer_fastspeech2_pwg_ljspeech/gen_9306.wav,1,common_voices_prompts_from_conformer_fastspeech2_pwg_ljspeech,
train,/lambda/nfs/algovirginia/workspace/DeepfakeDetectionRenewed/data/vcc2020/audio/T10/task1/team10_intra-TEM1_SEM2_E30001.wav,1,VCC2020_T10,
train,/lambda/nfs/algovirginia/workspace/DeepfakeDetectionRenewed/data/vcc2020/audio/T33/task1/team33_intra-TEM1_SEF1_E30003.wav,1,VCC2020_T33,
train,/lambda/nfs/algovirginia/workspace/DeepfakeDetectionRenewed/data/vcc2020/audio/T29/task1/team29_intra-TEF1_SEF1_E30002.wav,1,VCC2020_T29,
train,/lambda/nfs/algovirginia/workspace/DeepfakeDetectionRenewed/data/wavefake/generated_audio/common_voices_prompts_from_conformer_fastspeech2_pwg_ljspeech/gen_16220.wav,1,common_voices_prompts_from_conformer_fastspeech2_pwg_ljspeech,
train,__hf__,0,librispeech,7786
train,/lambda/nfs/algovirginia/workspace/DeepfakeDetectionRenewed/data/vcc2020/audio/T10/task1/team10_intra-TEM1_SEF1_E30001.wav,1,VCC2020_T10,
train,__hf__,0,librispeech,4798
train,/lambda/nfs/algovirginia/workspace/DeepfakeDetectionRenewed/data/vcc2020/audio/T31/task1/team31_intra-TEM2_SEM2_E30001.wav,1,VCC2020_T31,
train,__hf__,0,librispeech,3824
train,/lambda/nfs/algovirginia/workspace/DeepfakeDetectionRenewed/data/wavefake/generated_audio/ljspeech_multi_band_melgan/LJ006-0184_gen.wav,1,ljspeech_multi_band_melgan,
train,/lambda/nfs/algovirginia/workspace/DeepfakeDetectionRenewed/data/vcc2020/audio/T25/task1/team25_intra-TEM1_SEF1_E30002.wav,1,VCC2020_T25,
train,__hf__,0,librispeech,5379
train,__hf__,0,librispeech,20142
train,/lambda/nfs/algovirginia/workspace/DeepfakeDetectionRenewed/data/vcc2020/audio/T13/task1/team13_intra-TEF1_SEF1_E30002.wav,1,VCC2020_T13,
train,__hf__,0,librispeech,15996
train,/lambda/nfs/algovirginia/workspace/DeepfakeDetectionRenewed/data/wavefake/generated_audio/ljspeech_parallel_wavegan/LJ031-0052_gen.wav,1,ljspeech_parallel_wavegan,
train,__hf__,0,librispeech,14050
train,/lambda/nfs/algovirginia/workspace/DeepfakeDetectionRenewed/data/wavefake/generated_audio/ljspeech_parallel_wavegan/LJ008-0244_gen.wav,1,ljspeech_parallel_wavegan,
train,/lambda/nfs/algovirginia/workspace/DeepfakeDetectionRenewed/data/wavefake/generated_audio/common_voices_prompts_from_conformer_fastspeech2_pwg_ljspeech/gen_231.wav,1,common_voices_prompts_from_conformer_fastspeech2_pwg_ljspeech,
train,/lambda/nfs/algovirginia/workspace/DeepfakeDetectionRenewed/data/vcc2020/audio/T12/task1/team12_intra-TEF2_SEM1_E30004.wav,1,VCC2020_T12,
train,__hf__,0,librispeech,12879
train,/lambda/nfs/algovirginia/workspace/DeepfakeDetectionRenewed/data/vcc2020/audio/T26/task1/team26_intra-TEM2_SEM2_E30003.wav,1,VCC2020_T26,
train,/lambda/nfs/algovirginia/workspace/DeepfakeDetectionRenewed/data/wavefake/generated_audio/ljspeech_hifiGAN/LJ016-0371_generated.wav,1,ljspeech_hifiGAN,
train,/lambda/nfs/algovirginia/workspace/DeepfakeDetectionRenewed/data/wavefake/generated_audio/ljspeech_waveglow/LJ004-0007.wav,1,ljspeech_waveglow,
train,/lambda/nfs/algovirginia/workspace/DeepfakeDetectionRenewed/data/wavefake/generated_audio/ljspeech_parallel_wavegan/LJ029-0070_gen.wav,1,ljspeech_parallel_wavegan,
train,__hf__,0,librispeech,1143
train,__hf__,0,librispeech,3086
train,__hf__,0,librispeech,15260
train,__hf__,0,librispeech,14157
train,__hf__,0,librispeech,6934
train,/lambda/nfs/algovirginia/workspace/DeepfakeDetectionRenewed/data/vcc2020/audio/T31/task1/team31_intra-TEM1_SEF1_E30003.wav,1,VCC2020_T31,
train,__hf__,0,librispeech,20066
train,/lambda/nfs/algovirginia/workspace/DeepfakeDetectionRenewed/data/vcc2020/audio/T33/task1/team33_intra-TEM2_SEM2_E30004.wav,1,VCC2020_T33,
train,/lambda/nfs/algovirginia/workspace/DeepfakeDetectionRenewed/data/vcc2020/audio/T28/task1/team28_intra-TEF1_SEM2_E30005.wav,1,VCC2020_T28,
train,__hf__,0,librispeech,16321
train,/lambda/nfs/algovirginia/workspace/DeepfakeDetectionRenewed/data/wavefake/generated_audio/ljspeech_melgan/LJ007-0236_gen.wav,1,ljspeech_melgan,
train,__hf__,0,librispeech,27289
train,/lambda/nfs/algovirginia/workspace/DeepfakeDetectionRenewed/data/vcc2020/audio/T21/task1/team21_intra-TEF1_SEM1_E30001.wav,1,VCC2020_T21,
train,/lambda/nfs/algovirginia/workspace/DeepfakeDetectionRenewed/data/vcc2020/audio/T11/task1/team11_intra-TEF2_SEF1_E30005.wav,1,VCC2020_T11,
train,__hf__,0,librispeech,19006
train,__hf__,0,librispeech,23191
train,/lambda/nfs/algovirginia/workspace/DeepfakeDetectionRenewed/data/vcc2020/audio/T28/task1/team28_intra-TEM1_SEF2_E30001.wav,1,VCC2020_T28,
train,__hf__,0,librispeech,26137
train,__hf__,0,librispeech,1555
train,__hf__,0,librispeech,18229
train,/lambda/nfs/algovirginia/workspace/DeepfakeDetectionRenewed/data/wavefake/generated_audio/ljspeech_melgan/LJ013-0003_gen.wav,1,ljspeech_melgan,
train,/lambda/nfs/algovirginia/workspace/DeepfakeDetectionRenewed/data/vcc2020/audio/T14/task1/team14_intra-TEF2_SEM2_E30004.wav,1,VCC2020_T14,
train,/lambda/nfs/algovirginia/workspace/DeepfakeDetectionRenewed/data/vcc2020/audio/T01/task1/team01_intra-TEF1_SEF2_E30005.wav,1,VCC2020_T01,
train,__hf__,0,librispeech,1731
train,/lambda/nfs/algovirginia/workspace/DeepfakeDetectionRenewed/data/wavefake/generated_audio/ljspeech_melgan_large/LJ030-0069_gen.wav,1,ljspeech_melgan_large,
train,/lambda/nfs/algovirginia/workspace/DeepfakeDetectionRenewed/data/vcc2020/audio/T12/task1/team12_intra-TEM2_SEM2_E30004.wav,1,VCC2020_T12,
train,/lambda/nfs/algovirginia/workspace/DeepfakeDetectionRenewed/data/wavefake/generated_audio/ljspeech_parallel_wavegan/LJ018-0238_gen.wav,1,ljspeech_parallel_wavegan,
train,/lambda/nfs/algovirginia/workspace/DeepfakeDetectionRenewed/data/vcc2020/audio/T22/task1/team22_intra-TEF1_SEM2_E30004.wav,1,VCC2020_T22,
train,/lambda/nfs/algovirginia/workspace/DeepfakeDetectionRenewed/data/wavefake/generated_audio/ljspeech_melgan_large/LJ030-0036_gen.wav,1,ljspeech_melgan_large,
train,/lambda/nfs/algovirginia/workspace/DeepfakeDetectionRenewed/data/wavefake/generated_audio/common_voices_prompts_from_conformer_fastspeech2_pwg_ljspeech/gen_7398.wav,1,common_voices_prompts_from_conformer_fastspeech2_pwg_ljspeech,
train,__hf__,0,librispeech,19706
train,/lambda/nfs/algovirginia/workspace/DeepfakeDetectionRenewed/data/vcc2020/audio/T11/task1/team11_intra-TEM2_SEM1_E30004.wav,1,VCC2020_T11,
train,__hf__,0,librispeech,1640
train,/lambda/nfs/algovirginia/workspace/DeepfakeDetectionRenewed/data/wavefake/generated_audio/ljspeech_full_band_melgan/LJ022-0061_gen.wav,1,ljspeech_full_band_melgan,
train,__hf__,0,librispeech,13273
train,__hf__,0,librispeech,4784
train,__hf__,0,librispeech,15763
train,__hf__,0,librispeech,11984
train,/lambda/nfs/algovirginia/workspace/DeepfakeDetectionRenewed/data/vcc2020/audio/T20/task1/team20_intra-TEM1_SEM2_E30003.wav,1,VCC2020_T20,
train,/lambda/nfs/algovirginia/workspace/DeepfakeDetectionRenewed/data/wavefake/generated_audio/ljspeech_melgan/LJ002-0132_gen.wav,1,ljspeech_melgan,
train,/lambda/nfs/algovirginia/workspace/DeepfakeDetectionRenewed/data/wavefake/generated_audio/ljspeech_melgan_large/LJ008-0211_gen.wav,1,ljspeech_melgan_large,
train,/lambda/nfs/algovirginia/workspace/DeepfakeDetectionRenewed/data/wavefake/generated_audio/ljspeech_melgan/LJ019-0197_gen.wav,1,ljspeech_melgan,
train,/lambda/nfs/algovirginia/workspace/DeepfakeDetectionRenewed/data/wavefake/generated_audio/common_voices_prompts_from_conformer_fastspeech2_pwg_ljspeech/gen_12673.wav,1,common_voices_prompts_from_conformer_fastspeech2_pwg_ljspeech,
train,__hf__,0,librispeech,9334
train,__hf__,0,librispeech,8161
train,/lambda/nfs/algovirginia/workspace/DeepfakeDetectionRenewed/data/wavefake/generated_audio/common_voices_prompts_from_conformer_fastspeech2_pwg_ljspeech/gen_11499.wav,1,common_voices_prompts_from_conformer_fastspeech2_pwg_ljspeech,
train,__hf__,0,librispeech,8678
train,__hf__,0,librispeech,21659
train,__hf__,0,librispeech,27272
train,/lambda/nfs/algovirginia/workspace/DeepfakeDetectionRenewed/data/wavefake/generated_audio/ljspeech_melgan/LJ011-0286_gen.wav,1,ljspeech_melgan,
train,/lambda/nfs/algovirginia/workspace/DeepfakeDetectionRenewed/data/vcc2020/audio/T26/task1/team26_intra-TEM1_SEM1_E30003.wav,1,VCC2020_T26,
train,/lambda/nfs/algovirginia/workspace/DeepfakeDetectionRenewed/data/wavefake/generated_audio/ljspeech_melgan/LJ004-0241_gen.wav,1,ljspeech_melgan,
train,__hf__,0,librispeech,15532
train,__hf__,0,librispeech,28145
train,/lambda/nfs/algovirginia/workspace/DeepfakeDetectionRenewed/data/wavefake/generated_audio/ljspeech_waveglow/LJ012-0143.wav,1,ljspeech_waveglow,
train,/lambda/nfs/algovirginia/workspace/DeepfakeDetectionRenewed/data/wavefake/generated_audio/ljspeech_multi_band_melgan/LJ034-0077_gen.wav,1,ljspeech_multi_band_melgan,
train,/lambda/nfs/algovirginia/workspace/DeepfakeDetectionRenewed/data/wavefake/generated_audio/ljspeech_hifiGAN/LJ035-0105_generated.wav,1,ljspeech_hifiGAN,
train,/lambda/nfs/algovirginia/workspace/DeepfakeDetectionRenewed/data/vcc2020/audio/T06/task1/team06_intra-TEM1_SEF1_E30001.wav,1,VCC2020_T06,
train,/lambda/nfs/algovirginia/workspace/DeepfakeDetectionRenewed/data/vcc2020/audio/T28/task1/team28_intra-TEF2_SEF1_E30002.wav,1,VCC2020_T28,
train,__hf__,0,librispeech,20826
train,__hf__,0,librispeech,11522
train,__hf__,0,librispeech,6419
train,__hf__,0,librispeech,711
train,__hf__,0,librispeech,17560
train,/lambda/nfs/algovirginia/workspace/DeepfakeDetectionRenewed/data/vcc2020/audio/T26/task1/team26_intra-TEM1_SEM1_E30001.wav,1,VCC2020_T26,
train,__hf__,0,librispeech,17693
train,__hf__,0,librispeech,4736
train,__hf__,0,librispeech,18756
train,__hf__,0,librispeech,25661
train,/lambda/nfs/algovirginia/workspace/DeepfakeDetectionRenewed/data/wavefake/generated_audio/ljspeech_full_band_melgan/LJ038-0144_gen.wav,1,ljspeech_full_band_melgan,
train,__hf__,0,librispeech,21511
train,/lambda/nfs/algovirginia/workspace/DeepfakeDetectionRenewed/data/wavefake/generated_audio/ljspeech_melgan_large/LJ019-0258_gen.wav,1,ljspeech_melgan_large,
train,/lambda/nfs/algovirginia/workspace/DeepfakeDetectionRenewed/data/vcc2020/audio/T29/task1/team29_intra-TEM2_SEM1_E30004.wav,1,VCC2020_T29,
train,/lambda/nfs/algovirginia/workspace/DeepfakeDetectionRenewed/data/wavefake/generated_audio/common_voices_prompts_from_conformer_fastspeech2_pwg_ljspeech/gen_9844.wav,1,common_voices_prompts_from_conformer_fastspeech2_pwg_ljspeech,
train,__hf__,0,librispeech,19109
train,/lambda/nfs/algovirginia/workspace/DeepfakeDetectionRenewed/data/vcc2020/audio/T22/task1/team22_intra-TEF2_SEF2_E30005.wav,1,VCC2020_T22,
train,__hf__,0,librispeech,8617
train,/lambda/nfs/algovirginia/workspace/DeepfakeDetectionRenewed/data/vcc2020/audio/T28/task1/team28_intra-TEF1_SEM1_E30002.wav,1,VCC2020_T28,
train,/lambda/nfs/algovirginia/workspace/DeepfakeDetectionRenewed/data/vcc2020/audio/T22/task1/team22_intra-TEM2_SEF1_E30005.wav,1,VCC2020_T22,
train,__hf__,0,librispeech,767
train,__hf__,0,librispeech,16350
train,__hf__,0,librispeech,25512
train,__hf__,0,librispeech,8525
train,/lambda/nfs/algovirginia/workspace/DeepfakeDetectionRenewed/data/vcc2020/audio/T22/task1/team22_intra-TEM2_SEF1_E30003.wav,1,VCC2020_T22,
train,/lambda/nfs/algovirginia/workspace/DeepfakeDetectionRenewed/data/wavefake/generated_audio/ljspeech_waveglow/LJ036-0009.wav,1,ljspeech_waveglow,
train,__hf__,0,librispeech,419
train,__hf__,0,librispeech,14903
train,/lambda/nfs/algovirginia/workspace/DeepfakeDetectionRenewed/data/vcc2020/audio/T17/task1/team17_intra-TEF1_SEM1_E30002.wav,1,VCC2020_T17,
train,/lambda/nfs/algovirginia/workspace/DeepfakeDetectionRenewed/data/wavefake/generated_audio/ljspeech_waveglow/LJ028-0403.wav,1,ljspeech_waveglow,
train,__hf__,0,librispeech,12761
train,/lambda/nfs/algovirginia/workspace/DeepfakeDetectionRenewed/data/vcc2020/audio/T11/task1/team11_intra-TEM1_SEM2_E30005.wav,1,VCC2020_T11,
train,/lambda/nfs/algovirginia/workspace/DeepfakeDetectionRenewed/data/wavefake/generated_audio/ljspeech_melgan/LJ010-0192_gen.wav,1,ljspeech_melgan,
train,/lambda/nfs/algovirginia/workspace/DeepfakeDetectionRenewed/data/vcc2020/audio/T32/task1/team32_intra-TEM1_SEF2_E30002.wav,1,VCC2020_T32,
train,__hf__,0,librispeech,23368
train,__hf__,0,librispeech,14795
train,/lambda/nfs/algovirginia/workspace/DeepfakeDetectionRenewed/data/wavefake/generated_audio/ljspeech_full_band_melgan/LJ007-0205_gen.wav,1,ljspeech_full_band_melgan,
train,/lambda/nfs/algovirginia/workspace/DeepfakeDetectionRenewed/data/vcc2020/audio/T12/task1/team12_intra-TEF1_SEF1_E30004.wav,1,VCC2020_T12,
train,__hf__,0,librispeech,7727
train,/lambda/nfs/algovirginia/workspace/DeepfakeDetectionRenewed/data/vcc2020/audio/T22/task1/team22_intra-TEF1_SEF1_E30005.wav,1,VCC2020_T22,
train,__hf__,0,librispeech,26249
train,__hf__,0,librispeech,4215
train,__hf__,0,librispeech,19161
train,/lambda/nfs/algovirginia/workspace/DeepfakeDetectionRenewed/data/wavefake/generated_audio/ljspeech_waveglow/LJ034-0173.wav,1,ljspeech_waveglow,
train,/lambda/nfs/algovirginia/workspace/DeepfakeDetectionRenewed/data/wavefake/generated_audio/ljspeech_multi_band_melgan/LJ012-0240_gen.wav,1,ljspeech_multi_band_melgan,
train,/lambda/nfs/algovirginia/workspace/DeepfakeDetectionRenewed/data/wavefake/generated_audio/ljspeech_melgan/LJ034-0109_gen.wav,1,ljspeech_melgan,
train,/lambda/nfs/algovirginia/workspace/DeepfakeDetectionRenewed/data/wavefake/generated_audio/common_voices_prompts_from_conformer_fastspeech2_pwg_ljspeech/gen_118.wav,1,common_voices_prompts_from_conformer_fastspeech2_pwg_ljspeech,
train,/lambda/nfs/algovirginia/workspace/DeepfakeDetectionRenewed/data/vcc2020/audio/T28/task1/team28_intra-TEF2_SEM1_E30004.wav,1,VCC2020_T28,
train,__hf__,0,librispeech,13915
train,/lambda/nfs/algovirginia/workspace/DeepfakeDetectionRenewed/data/wavefake/generated_audio/ljspeech_hifiGAN/LJ038-0034_generated.wav,1,ljspeech_hifiGAN,
train,__hf__,0,librispeech,24103
train,/lambda/nfs/algovirginia/workspace/DeepfakeDetectionRenewed/data/vcc2020/audio/T27/task1/team27_intra-TEF2_SEF2_E30001.wav,1,VCC2020_T27,
train,__hf__,0,librispeech,24886
train,/lambda/nfs/algovirginia/workspace/DeepfakeDetectionRenewed/data/wavefake/generated_audio/common_voices_prompts_from_conformer_fastspeech2_pwg_ljspeech/gen_9514.wav,1,common_voices_prompts_from_conformer_fastspeech2_pwg_ljspeech,
train,/lambda/nfs/algovirginia/workspace/DeepfakeDetectionRenewed/data/vcc2020/audio/T11/task1/team11_intra-TEM2_SEM1_E30003.wav,1,VCC2020_T11,
train,__hf__,0,librispeech,24407
train,__hf__,0,librispeech,14248
train,__hf__,0,librispeech,5353
train,__hf__,0,librispeech,26227
train,/lambda/nfs/algovirginia/workspace/DeepfakeDetectionRenewed/data/vcc2020/audio/T26/task1/team26_intra-TEF2_SEF1_E30003.wav,1,VCC2020_T26,
train,__hf__,0,librispeech,27846
train,__hf__,0,librispeech,5933
train,__hf__,0,librispeech,15832
train,/lambda/nfs/algovirginia/workspace/DeepfakeDetectionRenewed/data/wavefake/generated_audio/common_voices_prompts_from_conformer_fastspeech2_pwg_ljspeech/gen_8169.wav,1,common_voices_prompts_from_conformer_fastspeech2_pwg_ljspeech,
train,__hf__,0,librispeech,22718
train,/lambda/nfs/algovirginia/workspace/DeepfakeDetectionRenewed/data/vcc2020/audio/T10/task1/team10_intra-TEF2_SEF1_E30002.wav,1,VCC2020_T10,
train,/lambda/nfs/algovirginia/workspace/DeepfakeDetectionRenewed/data/wavefake/generated_audio/ljspeech_hifiGAN/LJ045-0040_generated.wav,1,ljspeech_hifiGAN,
train,__hf__,0,librispeech,7475
train,/lambda/nfs/algovirginia/workspace/DeepfakeDetectionRenewed/data/vcc2020/audio/T18/task1/team18_intra-TEM1_SEF1_E30005.wav,1,VCC2020_T18,
train,/lambda/nfs/algovirginia/workspace/DeepfakeDetectionRenewed/data/wavefake/generated_audio/ljspeech_hifiGAN/LJ008-0096_generated.wav,1,ljspeech_hifiGAN,
train,/lambda/nfs/algovirginia/workspace/DeepfakeDetectionRenewed/data/vcc2020/audio/T01/task1/team01_intra-TEF2_SEF2_E30005.wav,1,VCC2020_T01,
train,__hf__,0,librispeech,22840
train,__hf__,0,librispeech,23235
train,/lambda/nfs/algovirginia/workspace/DeepfakeDetectionRenewed/data/wavefake/generated_audio/ljspeech_melgan_large/LJ009-0198_gen.wav,1,ljspeech_melgan_large,
train,/lambda/nfs/algovirginia/workspace/DeepfakeDetectionRenewed/data/wavefake/generated_audio/common_voices_prompts_from_conformer_fastspeech2_pwg_ljspeech/gen_11113.wav,1,common_voices_prompts_from_conformer_fastspeech2_pwg_ljspeech,
train,__hf__,0,librispeech,24767
train,/lambda/nfs/algovirginia/workspace/DeepfakeDetectionRenewed/data/wavefake/generated_audio/ljspeech_full_band_melgan/LJ001-0031_gen.wav,1,ljspeech_full_band_melgan,
train,/lambda/nfs/algovirginia/workspace/DeepfakeDetectionRenewed/data/vcc2020/audio/T19/task1/team19_intra-TEF2_SEF2_E30003.wav,1,VCC2020_T19,
train,/lambda/nfs/algovirginia/workspace/DeepfakeDetectionRenewed/data/vcc2020/audio/T14/task1/team14_intra-TEF1_SEM2_E30005.wav,1,VCC2020_T14,
train,__hf__,0,librispeech,1985
train,__hf__,0,librispeech,17462
train,__hf__,0,librispeech,16017
train,__hf__,0,librispeech,23244
train,__hf__,0,librispeech,8595
train,__hf__,0,librispeech,18007
train,/lambda/nfs/algovirginia/workspace/DeepfakeDetectionRenewed/data/wavefake/generated_audio/ljspeech_parallel_wavegan/LJ016-0440_gen.wav,1,ljspeech_parallel_wavegan,
train,/lambda/nfs/algovirginia/workspace/DeepfakeDetectionRenewed/data/vcc2020/audio/T26/task1/team26_intra-TEM1_SEM2_E30003.wav,1,VCC2020_T26,
train,__hf__,0,librispeech,28351
train,/lambda/nfs/algovirginia/workspace/DeepfakeDetectionRenewed/data/vcc2020/audio/T30/task1/team30_intra-TEM2_SEM2_E30003.wav,1,VCC2020_T30,
train,__hf__,0,librispeech,12415
train,/lambda/nfs/algovirginia/workspace/DeepfakeDetectionRenewed/data/wavefake/generated_audio/ljspeech_parallel_wavegan/LJ049-0052_gen.wav,1,ljspeech_parallel_wavegan,
train,__hf__,0,librispeech,14891
train,/lambda/nfs/algovirginia/workspace/DeepfakeDetectionRenewed/data/wavefake/generated_audio/ljspeech_parallel_wavegan/LJ029-0045_gen.wav,1,ljspeech_parallel_wavegan,
train,__hf__,0,librispeech,5734
train,__hf__,0,librispeech,27672
train,__hf__,0,librispeech,14772
train,/lambda/nfs/algovirginia/workspace/DeepfakeDetectionRenewed/data/vcc2020/audio/T17/task1/team17_intra-TEM2_SEM1_E30003.wav,1,VCC2020_T17,
train,__hf__,0,librispeech,14455
train,__hf__,0,librispeech,8060
train,__hf__,0,librispeech,6409
train,/lambda/nfs/algovirginia/workspace/DeepfakeDetectionRenewed/data/vcc2020/audio/T25/task1/team25_intra-TEF1_SEF2_E30005.wav,1,VCC2020_T25,
train,__hf__,0,librispeech,21904
train,/lambda/nfs/algovirginia/workspace/DeepfakeDetectionRenewed/data/wavefake/generated_audio/ljspeech_melgan/LJ028-0302_gen.wav,1,ljspeech_melgan,
train,__hf__,0,librispeech,3890
train,/lambda/nfs/algovirginia/workspace/DeepfakeDetectionRenewed/data/wavefake/generated_audio/ljspeech_multi_band_melgan/LJ009-0281_gen.wav,1,ljspeech_multi_band_melgan,
train,/lambda/nfs/algovirginia/workspace/DeepfakeDetectionRenewed/data/vcc2020/audio/T21/task1/team21_intra-TEM2_SEM1_E30005.wav,1,VCC2020_T21,
train,/lambda/nfs/algovirginia/workspace/DeepfakeDetectionRenewed/data/vcc2020/audio/T27/task1/team27_intra-TEF1_SEM1_E30004.wav,1,VCC2020_T27,
train,/lambda/nfs/algovirginia/workspace/DeepfakeDetectionRenewed/data/wavefake/generated_audio/ljspeech_melgan_large/LJ044-0092_gen.wav,1,ljspeech_melgan_large,
train,/lambda/nfs/algovirginia/workspace/DeepfakeDetectionRenewed/data/wavefake/generated_audio/ljspeech_melgan_large/LJ050-0188_gen.wav,1,ljspeech_melgan_large,
train,/lambda/nfs/algovirginia/workspace/DeepfakeDetectionRenewed/data/wavefake/generated_audio/common_voices_prompts_from_conformer_fastspeech2_pwg_ljspeech/gen_5015.wav,1,common_voices_prompts_from_conformer_fastspeech2_pwg_ljspeech,
train,__hf__,0,librispeech,19587
train,__hf__,0,librispeech,19807
train,__hf__,0,librispeech,1687
train,__hf__,0,librispeech,9212
train,/lambda/nfs/algovirginia/workspace/DeepfakeDetectionRenewed/data/vcc2020/audio/T29/task1/team29_intra-TEF1_SEM2_E30003.wav,1,VCC2020_T29,
train,__hf__,0,librispeech,2184
train,/lambda/nfs/algovirginia/workspace/DeepfakeDetectionRenewed/data/vcc2020/audio/T08/task1/team08_intra-TEF1_SEM1_E30004.wav,1,VCC2020_T08,
train,/lambda/nfs/algovirginia/workspace/DeepfakeDetectionRenewed/data/wavefake/generated_audio/ljspeech_full_band_melgan/LJ015-0014_gen.wav,1,ljspeech_full_band_melgan,
train,__hf__,0,librispeech,17525
train,/lambda/nfs/algovirginia/workspace/DeepfakeDetectionRenewed/data/wavefake/generated_audio/ljspeech_melgan/LJ008-0200_gen.wav,1,ljspeech_melgan,
train,/lambda/nfs/algovirginia/workspace/DeepfakeDetectionRenewed/data/wavefake/generated_audio/ljspeech_melgan/LJ015-0299_gen.wav,1,ljspeech_melgan,
train,/lambda/nfs/algovirginia/workspace/DeepfakeDetectionRenewed/data/vcc2020/audio/T27/task1/team27_intra-TEM2_SEF1_E30001.wav,1,VCC2020_T27,
train,/lambda/nfs/algovirginia/workspace/DeepfakeDetectionRenewed/data/wavefake/generated_audio/ljspeech_full_band_melgan/LJ027-0099_gen.wav,1,ljspeech_full_band_melgan,
train,__hf__,0,librispeech,7364
train,/lambda/nfs/algovirginia/workspace/DeepfakeDetectionRenewed/data/vcc2020/audio/T07/task1/team07_intra-TEF1_SEF1_E30003.wav,1,VCC2020_T07,
train,/lambda/nfs/algovirginia/workspace/DeepfakeDetectionRenewed/data/wavefake/generated_audio/ljspeech_waveglow/LJ030-0166.wav,1,ljspeech_waveglow,
train,__hf__,0,librispeech,19759
train,__hf__,0,librispeech,1396
train,/lambda/nfs/algovirginia/workspace/DeepfakeDetectionRenewed/data/vcc2020/audio/T01/task1/team01_intra-TEM2_SEF1_E30003.wav,1,VCC2020_T01,
train,__hf__,0,librispeech,17969
train,/lambda/nfs/algovirginia/workspace/DeepfakeDetectionRenewed/data/vcc2020/audio/T18/task1/team18_intra-TEM2_SEM1_E30001.wav,1,VCC2020_T18,
train,/lambda/nfs/algovirginia/workspace/DeepfakeDetectionRenewed/data/vcc2020/audio/T04/task1/team04_intra-TEF1_SEF1_E30004.wav,1,VCC2020_T04,
train,__hf__,0,librispeech,23658
train,/lambda/nfs/algovirginia/workspace/DeepfakeDetectionRenewed/data/wavefake/generated_audio/ljspeech_melgan/LJ033-0097_gen.wav,1,ljspeech_melgan,
train,/lambda/nfs/algovirginia/workspace/DeepfakeDetectionRenewed/data/vcc2020/audio/T16/task1/team16_intra-TEF1_SEF2_E30002.wav,1,VCC2020_T16,
train,/lambda/nfs/algovirginia/workspace/DeepfakeDetectionRenewed/data/wavefake/generated_audio/ljspeech_hifiGAN/LJ037-0161_generated.wav,1,ljspeech_hifiGAN,
train,__hf__,0,librispeech,27175
train,__hf__,0,librispeech,3178
train,__hf__,0,librispeech,17251
train,__hf__,0,librispeech,6871
train,/lambda/nfs/algovirginia/workspace/DeepfakeDetectionRenewed/data/vcc2020/audio/T28/task1/team28_intra-TEM1_SEM2_E30002.wav,1,VCC2020_T28,
train,__hf__,0,librispeech,9659
train,/lambda/nfs/algovirginia/workspace/DeepfakeDetectionRenewed/data/vcc2020/audio/T26/task1/team26_intra-TEF1_SEM1_E30001.wav,1,VCC2020_T26,
train,/lambda/nfs/algovirginia/workspace/DeepfakeDetectionRenewed/data/vcc2020/audio/T19/task1/team19_intra-TEF2_SEM2_E30004.wav,1,VCC2020_T19,
train,/lambda/nfs/algovirginia/workspace/DeepfakeDetectionRenewed/data/vcc2020/audio/T24/task1/team24_intra-TEF2_SEF1_E30001.wav,1,VCC2020_T24,
train,/lambda/nfs/algovirginia/workspace/DeepfakeDetectionRenewed/data/vcc2020/audio/T13/task1/team13_intra-TEF2_SEM1_E30004.wav,1,VCC2020_T13,
train,__hf__,0,librispeech,17966
train,__hf__,0,librispeech,3132
train,/lambda/nfs/algovirginia/workspace/DeepfakeDetectionRenewed/data/vcc2020/audio/T24/task1/team24_intra-TEM1_SEF2_E30003.wav,1,VCC2020_T24,
train,/lambda/nfs/algovirginia/workspace/DeepfakeDetectionRenewed/data/vcc2020/audio/T02/task1/team02_intra-TEF1_SEM2_E30005.wav,1,VCC2020_T02,
train,__hf__,0,librispeech,14156
train,__hf__,0,librispeech,23629
train,/lambda/nfs/algovirginia/workspace/DeepfakeDetectionRenewed/data/wavefake/generated_audio/ljspeech_waveglow/LJ019-0323.wav,1,ljspeech_waveglow,
train,__hf__,0,librispeech,2470
train,__hf__,0,librispeech,20189
train,__hf__,0,librispeech,25001
train,/lambda/nfs/algovirginia/workspace/DeepfakeDetectionRenewed/data/wavefake/generated_audio/ljspeech_melgan_large/LJ050-0005_gen.wav,1,ljspeech_melgan_large,
train,/lambda/nfs/algovirginia/workspace/DeepfakeDetectionRenewed/data/wavefake/generated_audio/ljspeech_melgan/LJ006-0128_gen.wav,1,ljspeech_melgan,
train,/lambda/nfs/algovirginia/workspace/DeepfakeDetectionRenewed/data/vcc2020/audio/T21/task1/team21_intra-TEF1_SEM2_E30005.wav,1,VCC2020_T21,
train,__hf__,0,librispeech,12578
train,__hf__,0,librispeech,13767
train,/lambda/nfs/algovirginia/workspace/DeepfakeDetectionRenewed/data/wavefake/generated_audio/ljspeech_melgan/LJ035-0003_gen.wav,1,ljspeech_melgan,
train,/lambda/nfs/algovirginia/workspace/DeepfakeDetectionRenewed/data/vcc2020/audio/T04/task1/team04_intra-TEF2_SEM1_E30004.wav,1,VCC2020_T04,
train,/lambda/nfs/algovirginia/workspace/DeepfakeDetectionRenewed/data/vcc2020/audio/T25/task1/team25_intra-TEF2_SEM1_E30003.wav,1,VCC2020_T25,
train,__hf__,0,librispeech,15147
train,/lambda/nfs/algovirginia/workspace/DeepfakeDetectionRenewed/data/vcc2020/audio/T01/task1/team01_intra-TEM1_SEF2_E30003.wav,1,VCC2020_T01,
train,__hf__,0,librispeech,17658
train,/lambda/nfs/algovirginia/workspace/DeepfakeDetectionRenewed/data/wavefake/generated_audio/ljspeech_hifiGAN/LJ024-0059_generated.wav,1,ljspeech_hifiGAN,
train,__hf__,0,librispeech,16704
train,/lambda/nfs/algovirginia/workspace/DeepfakeDetectionRenewed/data/vcc2020/audio/T24/task1/team24_intra-TEF2_SEF2_E30002.wav,1,VCC2020_T24,
train,/lambda/nfs/algovirginia/workspace/DeepfakeDetectionRenewed/data/vcc2020/audio/T30/task1/team30_intra-TEF2_SEM2_E30001.wav,1,VCC2020_T30,
train,__hf__,0,librispeech,15533
train,__hf__,0,librispeech,11645
train,__hf__,0,librispeech,1098
train,__hf__,0,librispeech,9496
train,/lambda/nfs/algovirginia/workspace/DeepfakeDetectionRenewed/data/wavefake/generated_audio/ljspeech_multi_band_melgan/LJ025-0119_gen.wav,1,ljspeech_multi_band_melgan,
train,__hf__,0,librispeech,14964
train,__hf__,0,librispeech,12518
train,__hf__,0,librispeech,24805
train,/lambda/nfs/algovirginia/workspace/DeepfakeDetectionRenewed/data/wavefake/generated_audio/ljspeech_multi_band_melgan/LJ032-0275_gen.wav,1,ljspeech_multi_band_melgan,
train,__hf__,0,librispeech,9373
train,/lambda/nfs/algovirginia/workspace/DeepfakeDetectionRenewed/data/wavefake/generated_audio/ljspeech_melgan/LJ036-0035_gen.wav,1,ljspeech_melgan,
train,/lambda/nfs/algovirginia/workspace/DeepfakeDetectionRenewed/data/wavefake/generated_audio/ljspeech_multi_band_melgan/LJ018-0142_gen.wav,1,ljspeech_multi_band_melgan,
train,/lambda/nfs/algovirginia/workspace/DeepfakeDetectionRenewed/data/wavefake/generated_audio/ljspeech_melgan/LJ015-0283_gen.wav,1,ljspeech_melgan,
train,/lambda/nfs/algovirginia/workspace/DeepfakeDetectionRenewed/data/wavefake/generated_audio/common_voices_prompts_from_conformer_fastspeech2_pwg_ljspeech/gen_10915.wav,1,common_voices_prompts_from_conformer_fastspeech2_pwg_ljspeech,
train,/lambda/nfs/algovirginia/workspace/DeepfakeDetectionRenewed/data/vcc2020/audio/T32/task1/team32_intra-TEF1_SEM2_E30001.wav,1,VCC2020_T32,
train,__hf__,0,librispeech,1760
train,/lambda/nfs/algovirginia/workspace/DeepfakeDetectionRenewed/data/wavefake/generated_audio/ljspeech_waveglow/LJ031-0231.wav,1,ljspeech_waveglow,
train,/lambda/nfs/algovirginia/workspace/DeepfakeDetectionRenewed/data/wavefake/generated_audio/ljspeech_melgan_large/LJ028-0096_gen.wav,1,ljspeech_melgan_large,
train,__hf__,0,librispeech,25215
train,__hf__,0,librispeech,23456
train,/lambda/nfs/algovirginia/workspace/DeepfakeDetectionRenewed/data/wavefake/generated_audio/common_voices_prompts_from_conformer_fastspeech2_pwg_ljspeech/gen_8722.wav,1,common_voices_prompts_from_conformer_fastspeech2_pwg_ljspeech,
train,__hf__,0,librispeech,7310
train,__hf__,0,librispeech,24376
train,__hf__,0,librispeech,25574
train,__hf__,0,librispeech,24374
train,/lambda/nfs/algovirginia/workspace/DeepfakeDetectionRenewed/data/wavefake/generated_audio/ljspeech_waveglow/LJ008-0315.wav,1,ljspeech_waveglow,
train,/lambda/nfs/algovirginia/workspace/DeepfakeDetectionRenewed/data/wavefake/generated_audio/ljspeech_parallel_wavegan/LJ006-0290_gen.wav,1,ljspeech_parallel_wavegan,
train,/lambda/nfs/algovirginia/workspace/DeepfakeDetectionRenewed/data/wavefake/generated_audio/ljspeech_waveglow/LJ018-0331.wav,1,ljspeech_waveglow,
train,__hf__,0,librispeech,25051
train,__hf__,0,librispeech,25377
train,/lambda/nfs/algovirginia/workspace/DeepfakeDetectionRenewed/data/wavefake/generated_audio/ljspeech_multi_band_melgan/LJ030-0004_gen.wav,1,ljspeech_multi_band_melgan,
train,/lambda/nfs/algovirginia/workspace/DeepfakeDetectionRenewed/data/vcc2020/audio/T30/task1/team30_intra-TEF1_SEF2_E30001.wav,1,VCC2020_T30,
train,/lambda/nfs/algovirginia/workspace/DeepfakeDetectionRenewed/data/wavefake/generated_audio/ljspeech_hifiGAN/LJ008-0114_generated.wav,1,ljspeech_hifiGAN,
train,__hf__,0,librispeech,24137
train,/lambda/nfs/algovirginia/workspace/DeepfakeDetectionRenewed/data/vcc2020/audio/T22/task1/team22_intra-TEM2_SEM1_E30005.wav,1,VCC2020_T22,
train,/lambda/nfs/algovirginia/workspace/DeepfakeDetectionRenewed/data/wavefake/generated_audio/ljspeech_hifiGAN/LJ024-0117_generated.wav,1,ljspeech_hifiGAN,
train,/lambda/nfs/algovirginia/workspace/DeepfakeDetectionRenewed/data/wavefake/generated_audio/ljspeech_parallel_wavegan/LJ008-0298_gen.wav,1,ljspeech_parallel_wavegan,
train,/lambda/nfs/algovirginia/workspace/DeepfakeDetectionRenewed/data/wavefake/generated_audio/ljspeech_parallel_wavegan/LJ028-0354_gen.wav,1,ljspeech_parallel_wavegan,
train,__hf__,0,librispeech,9149
train,__hf__,0,librispeech,19770
train,__hf__,0,librispeech,16256
train,__hf__,0,librispeech,27807
train,/lambda/nfs/algovirginia/workspace/DeepfakeDetectionRenewed/data/wavefake/generated_audio/ljspeech_full_band_melgan/LJ005-0186_gen.wav,1,ljspeech_full_band_melgan,
train,/lambda/nfs/algovirginia/workspace/DeepfakeDetectionRenewed/data/vcc2020/audio/T21/task1/team21_intra-TEF2_SEM1_E30001.wav,1,VCC2020_T21,
train,/lambda/nfs/algovirginia/workspace/DeepfakeDetectionRenewed/data/wavefake/generated_audio/ljspeech_hifiGAN/LJ031-0114_generated.wav,1,ljspeech_hifiGAN,
train,__hf__,0,librispeech,11096
train,__hf__,0,librispeech,5598
train,/lambda/nfs/algovirginia/workspace/DeepfakeDetectionRenewed/data/wavefake/generated_audio/common_voices_prompts_from_conformer_fastspeech2_pwg_ljspeech/gen_986.wav,1,common_voices_prompts_from_conformer_fastspeech2_pwg_ljspeech,
train,__hf__,0,librispeech,5293
train,/lambda/nfs/algovirginia/workspace/DeepfakeDetectionRenewed/data/wavefake/generated_audio/ljspeech_melgan_large/LJ015-0136_gen.wav,1,ljspeech_melgan_large,
train,/lambda/nfs/algovirginia/workspace/DeepfakeDetectionRenewed/data/wavefake/generated_audio/ljspeech_melgan/LJ001-0014_gen.wav,1,ljspeech_melgan,
train,/lambda/nfs/algovirginia/workspace/DeepfakeDetectionRenewed/data/wavefake/generated_audio/ljspeech_melgan/LJ048-0142_gen.wav,1,ljspeech_melgan,
train,/lambda/nfs/algovirginia/workspace/DeepfakeDetectionRenewed/data/wavefake/generated_audio/ljspeech_melgan_large/LJ028-0467_gen.wav,1,ljspeech_melgan_large,
train,__hf__,0,librispeech,28171
train,/lambda/nfs/algovirginia/workspace/DeepfakeDetectionRenewed/data/vcc2020/audio/T20/task1/team20_intra-TEF1_SEF1_E30004.wav,1,VCC2020_T20,
train,/lambda/nfs/algovirginia/workspace/DeepfakeDetectionRenewed/data/vcc2020/audio/T07/task1/team07_intra-TEM1_SEF1_E30005.wav,1,VCC2020_T07,
train,/lambda/nfs/algovirginia/workspace/DeepfakeDetectionRenewed/data/wavefake/generated_audio/ljspeech_melgan/LJ023-0076_gen.wav,1,ljspeech_melgan,
train,__hf__,0,librispeech,9876
train,__hf__,0,librispeech,13612
train,/lambda/nfs/algovirginia/workspace/DeepfakeDetectionRenewed/data/wavefake/generated_audio/ljspeech_full_band_melgan/LJ029-0026_gen.wav,1,ljspeech_full_band_melgan,
train,/lambda/nfs/algovirginia/workspace/DeepfakeDetectionRenewed/data/wavefake/generated_audio/common_voices_prompts_from_conformer_fastspeech2_pwg_ljspeech/gen_7621.wav,1,common_voices_prompts_from_conformer_fastspeech2_pwg_ljspeech,
train,__hf__,0,librispeech,2167
train,/lambda/nfs/algovirginia/workspace/DeepfakeDetectionRenewed/data/wavefake/generated_audio/common_voices_prompts_from_conformer_fastspeech2_pwg_ljspeech/gen_998.wav,1,common_voices_prompts_from_conformer_fastspeech2_pwg_ljspeech,
train,__hf__,0,librispeech,17768
train,__hf__,0,librispeech,18583
train,/lambda/nfs/algovirginia/workspace/DeepfakeDetectionRenewed/data/wavefake/generated_audio/common_voices_prompts_from_conformer_fastspeech2_pwg_ljspeech/gen_12052.wav,1,common_voices_prompts_from_conformer_fastspeech2_pwg_ljspeech,
train,/lambda/nfs/algovirginia/workspace/DeepfakeDetectionRenewed/data/vcc2020/audio/T25/task1/team25_intra-TEF2_SEF1_E30002.wav,1,VCC2020_T25,
train,/lambda/nfs/algovirginia/workspace/DeepfakeDetectionRenewed/data/wavefake/generated_audio/ljspeech_parallel_wavegan/LJ046-0217_gen.wav,1,ljspeech_parallel_wavegan,
train,__hf__,0,librispeech,11840
train,__hf__,0,librispeech,8745
train,/lambda/nfs/algovirginia/workspace/DeepfakeDetectionRenewed/data/vcc2020/audio/T27/task1/team27_intra-TEM1_SEF2_E30003.wav,1,VCC2020_T27,
train,__hf__,0,librispeech,9272
train,/lambda/nfs/algovirginia/workspace/DeepfakeDetectionRenewed/data/vcc2020/audio/T24/task1/team24_intra-TEF2_SEF1_E30003.wav,1,VCC2020_T24,
train,__hf__,0,librispeech,12845
train,/lambda/nfs/algovirginia/workspace/DeepfakeDetectionRenewed/data/vcc2020/audio/T12/task1/team12_intra-TEM2_SEM1_E30002.wav,1,VCC2020_T12,
train,__hf__,0,librispeech,5071
train,/lambda/nfs/algovirginia/workspace/DeepfakeDetectionRenewed/data/vcc2020/audio/T21/task1/team21_intra-TEF1_SEF2_E30002.wav,1,VCC2020_T21,
train,/lambda/nfs/algovirginia/workspace/DeepfakeDetectionRenewed/data/wavefake/generated_audio/ljspeech_parallel_wavegan/LJ002-0224_gen.wav,1,ljspeech_parallel_wavegan,
train,__hf__,0,librispeech,19728
train,__hf__,0,librispeech,13334
train,__hf__,0,librispeech,21542
train,/lambda/nfs/algovirginia/workspace/DeepfakeDetectionRenewed/data/wavefake/generated_audio/ljspeech_parallel_wavegan/LJ008-0004_gen.wav,1,ljspeech_parallel_wavegan,
train,/lambda/nfs/algovirginia/workspace/DeepfakeDetectionRenewed/data/wavefake/generated_audio/ljspeech_melgan_large/LJ044-0158_gen.wav,1,ljspeech_melgan_large,
train,/lambda/nfs/algovirginia/workspace/DeepfakeDetectionRenewed/data/vcc2020/audio/T10/task1/team10_intra-TEF2_SEF2_E30001.wav,1,VCC2020_T10,
train,/lambda/nfs/algovirginia/workspace/DeepfakeDetectionRenewed/data/vcc2020/audio/T32/task1/team32_intra-TEM2_SEF2_E30004.wav,1,VCC2020_T32,
train,/lambda/nfs/algovirginia/workspace/DeepfakeDetectionRenewed/data/wavefake/generated_audio/ljspeech_melgan/LJ030-0093_gen.wav,1,ljspeech_melgan,
train,/lambda/nfs/algovirginia/workspace/DeepfakeDetectionRenewed/data/vcc2020/audio/T07/task1/team07_intra-TEM2_SEF2_E30001.wav,1,VCC2020_T07,
train,/lambda/nfs/algovirginia/workspace/DeepfakeDetectionRenewed/data/wavefake/generated_audio/ljspeech_melgan_large/LJ017-0017_gen.wav,1,ljspeech_melgan_large,
train,/lambda/nfs/algovirginia/workspace/DeepfakeDetectionRenewed/data/vcc2020/audio/T28/task1/team28_intra-TEM2_SEF2_E30002.wav,1,VCC2020_T28,
train,/lambda/nfs/algovirginia/workspace/DeepfakeDetectionRenewed/data/wavefake/generated_audio/ljspeech_waveglow/LJ003-0034.wav,1,ljspeech_waveglow,
train,/lambda/nfs/algovirginia/workspace/DeepfakeDetectionRenewed/data/vcc2020/audio/T33/task1/team33_intra-TEF2_SEF1_E30001.wav,1,VCC2020_T33,
train,/lambda/nfs/algovirginia/workspace/DeepfakeDetectionRenewed/data/wavefake/generated_audio/ljspeech_melgan/LJ001-0096_gen.wav,1,ljspeech_melgan,
train,__hf__,0,librispeech,19442
train,/lambda/nfs/algovirginia/workspace/DeepfakeDetectionRenewed/data/wavefake/generated_audio/ljspeech_waveglow/LJ011-0205.wav,1,ljspeech_waveglow,
train,/lambda/nfs/algovirginia/workspace/DeepfakeDetectionRenewed/data/vcc2020/audio/T06/task1/team06_intra-TEF1_SEF2_E30002.wav,1,VCC2020_T06,
train,/lambda/nfs/algovirginia/workspace/DeepfakeDetectionRenewed/data/vcc2020/audio/T24/task1/team24_intra-TEM1_SEM2_E30001.wav,1,VCC2020_T24,
train,/lambda/nfs/algovirginia/workspace/DeepfakeDetectionRenewed/data/wavefake/generated_audio/ljspeech_full_band_melgan/LJ014-0225_gen.wav,1,ljspeech_full_band_melgan,
train,__hf__,0,librispeech,10375
train,__hf__,0,librispeech,10991
train,/lambda/nfs/algovirginia/workspace/DeepfakeDetectionRenewed/data/vcc2020/audio/T02/task1/team02_intra-TEF1_SEF2_E30004.wav,1,VCC2020_T02,
train,__hf__,0,librispeech,11185
train,__hf__,0,librispeech,14170
train,/lambda/nfs/algovirginia/workspace/DeepfakeDetectionRenewed/data/wavefake/generated_audio/common_voices_prompts_from_conformer_fastspeech2_pwg_ljspeech/gen_15117.wav,1,common_voices_prompts_from_conformer_fastspeech2_pwg_ljspeech,
train,__hf__,0,librispeech,14102
train,__hf__,0,librispeech,23623
train,__hf__,0,librispeech,18182
train,/lambda/nfs/algovirginia/workspace/DeepfakeDetectionRenewed/data/vcc2020/audio/T28/task1/team28_intra-TEF2_SEM1_E30003.wav,1,VCC2020_T28,
train,__hf__,0,librispeech,8817
train,__hf__,0,librispeech,17642
train,__hf__,0,librispeech,25353
train,__hf__,0,librispeech,606
train,/lambda/nfs/algovirginia/workspace/DeepfakeDetectionRenewed/data/wavefake/generated_audio/ljspeech_full_band_melgan/LJ029-0007_gen.wav,1,ljspeech_full_band_melgan,
train,__hf__,0,librispeech,23525
train,__hf__,0,librispeech,16526
train,__hf__,0,librispeech,8906
train,/lambda/nfs/algovirginia/workspace/DeepfakeDetectionRenewed/data/wavefake/generated_audio/ljspeech_full_band_melgan/LJ015-0132_gen.wav,1,ljspeech_full_band_melgan,
train,/lambda/nfs/algovirginia/workspace/DeepfakeDetectionRenewed/data/wavefake/generated_audio/ljspeech_melgan_large/LJ009-0053_gen.wav,1,ljspeech_melgan_large,
train,/lambda/nfs/algovirginia/workspace/DeepfakeDetectionRenewed/data/wavefake/generated_audio/ljspeech_multi_band_melgan/LJ003-0346_gen.wav,1,ljspeech_multi_band_melgan,
train,__hf__,0,librispeech,5500
train,/lambda/nfs/algovirginia/workspace/DeepfakeDetectionRenewed/data/vcc2020/audio/T27/task1/team27_intra-TEM2_SEM2_E30002.wav,1,VCC2020_T27,
train,__hf__,0,librispeech,22290
train,/lambda/nfs/algovirginia/workspace/DeepfakeDetectionRenewed/data/vcc2020/audio/T19/task1/team19_intra-TEM1_SEM2_E30004.wav,1,VCC2020_T19,
train,/lambda/nfs/algovirginia/workspace/DeepfakeDetectionRenewed/data/wavefake/generated_audio/ljspeech_multi_band_melgan/LJ014-0061_gen.wav,1,ljspeech_multi_band_melgan,
train,/lambda/nfs/algovirginia/workspace/DeepfakeDetectionRenewed/data/vcc2020/audio/T09/task1/team09_intra-TEM1_SEM1_E30003.wav,1,VCC2020_T09,
train,__hf__,0,librispeech,7210
train,__hf__,0,librispeech,24229
train,/lambda/nfs/algovirginia/workspace/DeepfakeDetectionRenewed/data/wavefake/generated_audio/ljspeech_waveglow/LJ007-0002.wav,1,ljspeech_waveglow,
train,/lambda/nfs/algovirginia/workspace/DeepfakeDetectionRenewed/data/wavefake/generated_audio/ljspeech_full_band_melgan/LJ036-0073_gen.wav,1,ljspeech_full_band_melgan,
train,__hf__,0,librispeech,16519
train,__hf__,0,librispeech,22780
train,/lambda/nfs/algovirginia/workspace/DeepfakeDetectionRenewed/data/vcc2020/audio/T09/task1/team09_intra-TEM1_SEF1_E30001.wav,1,VCC2020_T09,
train,/lambda/nfs/algovirginia/workspace/DeepfakeDetectionRenewed/data/wavefake/generated_audio/common_voices_prompts_from_conformer_fastspeech2_pwg_ljspeech/gen_12812.wav,1,common_voices_prompts_from_conformer_fastspeech2_pwg_ljspeech,
train,/lambda/nfs/algovirginia/workspace/DeepfakeDetectionRenewed/data/wavefake/generated_audio/ljspeech_multi_band_melgan/LJ037-0163_gen.wav,1,ljspeech_multi_band_melgan,
train,__hf__,0,librispeech,28530
train,__hf__,0,librispeech,14489
train,__hf__,0,librispeech,5339
train,/lambda/nfs/algovirginia/workspace/DeepfakeDetectionRenewed/data/vcc2020/audio/T18/task1/team18_intra-TEF1_SEM2_E30003.wav,1,VCC2020_T18,
train,__hf__,0,librispeech,23966
train,/lambda/nfs/algovirginia/workspace/DeepfakeDetectionRenewed/data/vcc2020/audio/T19/task1/team19_intra-TEF1_SEM1_E30002.wav,1,VCC2020_T19,
train,__hf__,0,librispeech,19165
train,/lambda/nfs/algovirginia/workspace/DeepfakeDetectionRenewed/data/wavefake/generated_audio/ljspeech_full_band_melgan/LJ008-0314_gen.wav,1,ljspeech_full_band_melgan,
train,__hf__,0,librispeech,13029
train,/lambda/nfs/algovirginia/workspace/DeepfakeDetectionRenewed/data/wavefake/generated_audio/ljspeech_melgan/LJ048-0046_gen.wav,1,ljspeech_melgan,
train,__hf__,0,librispeech,10913
train,__hf__,0,librispeech,20753
train,/lambda/nfs/algovirginia/workspace/DeepfakeDetectionRenewed/data/vcc2020/audio/T11/task1/team11_intra-TEF1_SEF1_E30002.wav,1,VCC2020_T11,
train,/lambda/nfs/algovirginia/workspace/DeepfakeDetectionRenewed/data/vcc2020/audio/T17/task1/team17_intra-TEF1_SEM2_E30005.wav,1,VCC2020_T17,
train,__hf__,0,librispeech,15154
train,/lambda/nfs/algovirginia/workspace/DeepfakeDetectionRenewed/data/vcc2020/audio/T33/task1/team33_intra-TEM1_SEM2_E30003.wav,1,VCC2020_T33,
train,/lambda/nfs/algovirginia/workspace/DeepfakeDetectionRenewed/data/wavefake/generated_audio/ljspeech_parallel_wavegan/LJ040-0059_gen.wav,1,ljspeech_parallel_wavegan,
train,/lambda/nfs/algovirginia/workspace/DeepfakeDetectionRenewed/data/vcc2020/audio/T14/task1/team14_intra-TEF1_SEM1_E30001.wav,1,VCC2020_T14,
train,__hf__,0,librispeech,3210
train,/lambda/nfs/algovirginia/workspace/DeepfakeDetectionRenewed/data/wavefake/generated_audio/common_voices_prompts_from_conformer_fastspeech2_pwg_ljspeech/gen_5257.wav,1,common_voices_prompts_from_conformer_fastspeech2_pwg_ljspeech,
train,/lambda/nfs/algovirginia/workspace/DeepfakeDetectionRenewed/data/wavefake/generated_audio/ljspeech_full_band_melgan/LJ042-0175_gen.wav,1,ljspeech_full_band_melgan,
train,/lambda/nfs/algovirginia/workspace/DeepfakeDetectionRenewed/data/vcc2020/audio/T29/task1/team29_intra-TEF2_SEM2_E30002.wav,1,VCC2020_T29,
train,__hf__,0,librispeech,22226
train,/lambda/nfs/algovirginia/workspace/DeepfakeDetectionRenewed/data/wavefake/generated_audio/ljspeech_parallel_wavegan/LJ009-0194_gen.wav,1,ljspeech_parallel_wavegan,
train,__hf__,0,librispeech,10626
train,/lambda/nfs/algovirginia/workspace/DeepfakeDetectionRenewed/data/wavefake/generated_audio/ljspeech_melgan_large/LJ021-0080_gen.wav,1,ljspeech_melgan_large,
train,/lambda/nfs/algovirginia/workspace/DeepfakeDetectionRenewed/data/wavefake/generated_audio/ljspeech_melgan/LJ039-0053_gen.wav,1,ljspeech_melgan,
train,/lambda/nfs/algovirginia/workspace/DeepfakeDetectionRenewed/data/vcc2020/audio/T11/task1/team11_intra-TEM1_SEF1_E30002.wav,1,VCC2020_T11,
train,__hf__,0,librispeech,19189
train,/lambda/nfs/algovirginia/workspace/DeepfakeDetectionRenewed/data/vcc2020/audio/T22/task1/team22_intra-TEM2_SEM1_E30002.wav,1,VCC2020_T22,
train,__hf__,0,librispeech,22202
train,__hf__,0,librispeech,21725
train,__hf__,0,librispeech,5633
train,__hf__,0,librispeech,8401
train,/lambda/nfs/algovirginia/workspace/DeepfakeDetectionRenewed/data/vcc2020/audio/T07/task1/team07_intra-TEF2_SEF2_E30002.wav,1,VCC2020_T07,
train,__hf__,0,librispeech,14141
train,/lambda/nfs/algovirginia/workspace/DeepfakeDetectionRenewed/data/wavefake/generated_audio/ljspeech_hifiGAN/LJ029-0101_generated.wav,1,ljspeech_hifiGAN,
train,__hf__,0,librispeech,13074
train,__hf__,0,librispeech,3035
train,__hf__,0,librispeech,684
train,__hf__,0,librispeech,21007
train,__hf__,0,librispeech,14753
train,/lambda/nfs/algovirginia/workspace/DeepfakeDetectionRenewed/data/vcc2020/audio/T03/task1/team03_intra-TEF1_SEF1_E30004.wav,1,VCC2020_T03,
train,__hf__,0,librispeech,24897
train,__hf__,0,librispeech,22126
train,/lambda/nfs/algovirginia/workspace/DeepfakeDetectionRenewed/data/vcc2020/audio/T31/task1/team31_intra-TEF1_SEM2_E30005.wav,1,VCC2020_T31,
train,__hf__,0,librispeech,18190
train,/lambda/nfs/algovirginia/workspace/DeepfakeDetectionRenewed/data/wavefake/generated_audio/ljspeech_full_band_melgan/LJ010-0067_gen.wav,1,ljspeech_full_band_melgan,
train,/lambda/nfs/algovirginia/workspace/DeepfakeDetectionRenewed/data/vcc2020/audio/T01/task1/team01_intra-TEF1_SEF2_E30003.wav,1,VCC2020_T01,
train,__hf__,0,librispeech,15134
train,__hf__,0,librispeech,23450
train,__hf__,0,librispeech,11723
train,__hf__,0,librispeech,16987
train,__hf__,0,librispeech,8983
train,__hf__,0,librispeech,2827
train,/lambda/nfs/algovirginia/workspace/DeepfakeDetectionRenewed/data/vcc2020/audio/T33/task1/team33_intra-TEM2_SEM2_E30003.wav,1,VCC2020_T33,
train,__hf__,0,librispeech,25903
train,__hf__,0,librispeech,1254
train,__hf__,0,librispeech,21812
train,/lambda/nfs/algovirginia/workspace/DeepfakeDetectionRenewed/data/wavefake/generated_audio/ljspeech_waveglow/LJ003-0346.wav,1,ljspeech_waveglow,
train,__hf__,0,librispeech,1526
train,__hf__,0,librispeech,11123
train,__hf__,0,librispeech,21422
train,__hf__,0,librispeech,23766
train,__hf__,0,librispeech,23590
train,__hf__,0,librispeech,37
train,/lambda/nfs/algovirginia/workspace/DeepfakeDetectionRenewed/data/vcc2020/audio/T21/task1/team21_intra-TEM1_SEF2_E30004.wav,1,VCC2020_T21,
train,/lambda/nfs/algovirginia/workspace/DeepfakeDetectionRenewed/data/vcc2020/audio/T31/task1/team31_intra-TEM1_SEF2_E30002.wav,1,VCC2020_T31,
train,__hf__,0,librispeech,15704
train,/lambda/nfs/algovirginia/workspace/DeepfakeDetectionRenewed/data/vcc2020/audio/T27/task1/team27_intra-TEF1_SEF2_E30001.wav,1,VCC2020_T27,
train,/lambda/nfs/algovirginia/workspace/DeepfakeDetectionRenewed/data/vcc2020/audio/T28/task1/team28_intra-TEM1_SEF1_E30003.wav,1,VCC2020_T28,
train,/lambda/nfs/algovirginia/workspace/DeepfakeDetectionRenewed/data/wavefake/generated_audio/ljspeech_multi_band_melgan/LJ050-0199_gen.wav,1,ljspeech_multi_band_melgan,
train,__hf__,0,librispeech,20393
train,__hf__,0,librispeech,11938
train,/lambda/nfs/algovirginia/workspace/DeepfakeDetectionRenewed/data/vcc2020/audio/T31/task1/team31_intra-TEF2_SEM1_E30001.wav,1,VCC2020_T31,
train,__hf__,0,librispeech,653
train,__hf__,0,librispeech,11982
train,/lambda/nfs/algovirginia/workspace/DeepfakeDetectionRenewed/data/vcc2020/audio/T19/task1/team19_intra-TEF1_SEF2_E30001.wav,1,VCC2020_T19,
train,/lambda/nfs/algovirginia/workspace/DeepfakeDetectionRenewed/data/vcc2020/audio/T10/task1/team10_intra-TEM1_SEM2_E30003.wav,1,VCC2020_T10,
train,/lambda/nfs/algovirginia/workspace/DeepfakeDetectionRenewed/data/wavefake/generated_audio/ljspeech_multi_band_melgan/LJ031-0052_gen.wav,1,ljspeech_multi_band_melgan,
train,/lambda/nfs/algovirginia/workspace/DeepfakeDetectionRenewed/data/wavefake/generated_audio/ljspeech_parallel_wavegan/LJ006-0284_gen.wav,1,ljspeech_parallel_wavegan,
train,/lambda/nfs/algovirginia/workspace/DeepfakeDetectionRenewed/data/wavefake/generated_audio/ljspeech_waveglow/LJ040-0140.wav,1,ljspeech_waveglow,
train,__hf__,0,librispeech,20231
train,__hf__,0,librispeech,17060
train,/lambda/nfs/algovirginia/workspace/DeepfakeDetectionRenewed/data/wavefake/generated_audio/common_voices_prompts_from_conformer_fastspeech2_pwg_ljspeech/gen_1464.wav,1,common_voices_prompts_from_conformer_fastspeech2_pwg_ljspeech,
train,/lambda/nfs/algovirginia/workspace/DeepfakeDetectionRenewed/data/vcc2020/audio/T21/task1/team21_intra-TEF1_SEM1_E30005.wav,1,VCC2020_T21,
train,__hf__,0,librispeech,1140
train,/lambda/nfs/algovirginia/workspace/DeepfakeDetectionRenewed/data/wavefake/generated_audio/ljspeech_melgan/LJ028-0477_gen.wav,1,ljspeech_melgan,
train,/lambda/nfs/algovirginia/workspace/DeepfakeDetectionRenewed/data/wavefake/generated_audio/ljspeech_melgan/LJ029-0092_gen.wav,1,ljspeech_melgan,
train,__hf__,0,librispeech,18074
train,/lambda/nfs/algovirginia/workspace/DeepfakeDetectionRenewed/data/vcc2020/audio/T13/task1/team13_intra-TEF1_SEM1_E30005.wav,1,VCC2020_T13,
train,/lambda/nfs/algovirginia/workspace/DeepfakeDetectionRenewed/data/wavefake/generated_audio/ljspeech_parallel_wavegan/LJ035-0067_gen.wav,1,ljspeech_parallel_wavegan,
train,__hf__,0,librispeech,10373
train,__hf__,0,librispeech,26359
train,__hf__,0,librispeech,26040
train,__hf__,0,librispeech,13812
train,/lambda/nfs/algovirginia/workspace/DeepfakeDetectionRenewed/data/wavefake/generated_audio/ljspeech_multi_band_melgan/LJ027-0058_gen.wav,1,ljspeech_multi_band_melgan,
train,/lambda/nfs/algovirginia/workspace/DeepfakeDetectionRenewed/data/wavefake/generated_audio/ljspeech_melgan/LJ009-0103_gen.wav,1,ljspeech_melgan,
train,__hf__,0,librispeech,25530
train,__hf__,0,librispeech,9250
train,/lambda/nfs/algovirginia/workspace/DeepfakeDetectionRenewed/data/vcc2020/audio/T08/task1/team08_intra-TEM1_SEM2_E30003.wav,1,VCC2020_T08,
train,__hf__,0,librispeech,20371
train,__hf__,0,librispeech,19753
train,/lambda/nfs/algovirginia/workspace/DeepfakeDetectionRenewed/data/vcc2020/audio/T17/task1/team17_intra-TEF2_SEM1_E30004.wav,1,VCC2020_T17,
train,/lambda/nfs/algovirginia/workspace/DeepfakeDetectionRenewed/data/wavefake/generated_audio/ljspeech_multi_band_melgan/LJ008-0073_gen.wav,1,ljspeech_multi_band_melgan,
train,/lambda/nfs/algovirginia/workspace/DeepfakeDetectionRenewed/data/vcc2020/audio/T10/task1/team10_intra-TEF2_SEM1_E30001.wav,1,VCC2020_T10,
train,__hf__,0,librispeech,4629
train,__hf__,0,librispeech,11957
train,/lambda/nfs/algovirginia/workspace/DeepfakeDetectionRenewed/data/wavefake/generated_audio/ljspeech_melgan/LJ050-0192_gen.wav,1,ljspeech_melgan,
train,__hf__,0,librispeech,8438
train,/lambda/nfs/algovirginia/workspace/DeepfakeDetectionRenewed/data/vcc2020/audio/T25/task1/team25_intra-TEF2_SEM1_E30005.wav,1,VCC2020_T25,
train,/lambda/nfs/algovirginia/workspace/DeepfakeDetectionRenewed/data/vcc2020/audio/T04/task1/team04_intra-TEF2_SEF1_E30005.wav,1,VCC2020_T04,
train,/lambda/nfs/algovirginia/workspace/DeepfakeDetectionRenewed/data/vcc2020/audio/T11/task1/team11_intra-TEM1_SEF1_E30001.wav,1,VCC2020_T11,
train,/lambda/nfs/algovirginia/workspace/DeepfakeDetectionRenewed/data/vcc2020/audio/T19/task1/team19_intra-TEM2_SEF1_E30004.wav,1,VCC2020_T19,
train,__hf__,0,librispeech,18287
train,/lambda/nfs/algovirginia/workspace/DeepfakeDetectionRenewed/data/wavefake/generated_audio/ljspeech_melgan/LJ011-0069_gen.wav,1,ljspeech_melgan,
train,__hf__,0,librispeech,10420
train,/lambda/nfs/algovirginia/workspace/DeepfakeDetectionRenewed/data/vcc2020/audio/T20/task1/team20_intra-TEF1_SEM2_E30004.wav,1,VCC2020_T20,
train,__hf__,0,librispeech,1478
train,__hf__,0,librispeech,4276
train,__hf__,0,librispeech,1902
train,__hf__,0,librispeech,7937
train,/lambda/nfs/algovirginia/workspace/DeepfakeDetectionRenewed/data/wavefake/generated_audio/ljspeech_hifiGAN/LJ035-0194_generated.wav,1,ljspeech_hifiGAN,
train,/lambda/nfs/algovirginia/workspace/DeepfakeDetectionRenewed/data/wavefake/generated_audio/ljspeech_multi_band_melgan/LJ016-0368_gen.wav,1,ljspeech_multi_band_melgan,
train,__hf__,0,librispeech,3756
train,/lambda/nfs/algovirginia/workspace/DeepfakeDetectionRenewed/data/vcc2020/audio/T03/task1/team03_intra-TEM2_SEF2_E30002.wav,1,VCC2020_T03,
train,__hf__,0,librispeech,8877
train,__hf__,0,librispeech,2855
train,__hf__,0,librispeech,22765
train,__hf__,0,librispeech,19334
train,/lambda/nfs/algovirginia/workspace/DeepfakeDetectionRenewed/data/vcc2020/audio/T28/task1/team28_intra-TEF1_SEF1_E30003.wav,1,VCC2020_T28,
train,/lambda/nfs/algovirginia/workspace/DeepfakeDetectionRenewed/data/vcc2020/audio/T32/task1/team32_intra-TEF2_SEF1_E30004.wav,1,VCC2020_T32,
train,/lambda/nfs/algovirginia/workspace/DeepfakeDetectionRenewed/data/wavefake/generated_audio/ljspeech_multi_band_melgan/LJ016-0254_gen.wav,1,ljspeech_multi_band_melgan,
train,/lambda/nfs/algovirginia/workspace/DeepfakeDetectionRenewed/data/vcc2020/audio/T01/task1/team01_intra-TEM1_SEM1_E30003.wav,1,VCC2020_T01,
train,__hf__,0,librispeech,954
train,__hf__,0,librispeech,763
train,/lambda/nfs/algovirginia/workspace/DeepfakeDetectionRenewed/data/vcc2020/audio/T08/task1/team08_intra-TEF1_SEF2_E30003.wav,1,VCC2020_T08,
train,__hf__,0,librispeech,13713
train,/lambda/nfs/algovirginia/workspace/DeepfakeDetectionRenewed/data/wavefake/generated_audio/ljspeech_hifiGAN/LJ036-0010_generated.wav,1,ljspeech_hifiGAN,
train,__hf__,0,librispeech,6888
train,/lambda/nfs/algovirginia/workspace/DeepfakeDetectionRenewed/data/vcc2020/audio/T28/task1/team28_intra-TEM1_SEM1_E30002.wav,1,VCC2020_T28,
train,__hf__,0,librispeech,21131
train,/lambda/nfs/algovirginia/workspace/DeepfakeDetectionRenewed/data/vcc2020/audio/T21/task1/team21_intra-TEM2_SEF2_E30004.wav,1,VCC2020_T21,
train,/lambda/nfs/algovirginia/workspace/DeepfakeDetectionRenewed/data/wavefake/generated_audio/ljspeech_hifiGAN/LJ015-0262_generated.wav,1,ljspeech_hifiGAN,
train,__hf__,0,librispeech,12676
train,/lambda/nfs/algovirginia/workspace/DeepfakeDetectionRenewed/data/vcc2020/audio/T11/task1/team11_intra-TEF1_SEF2_E30003.wav,1,VCC2020_T11,
train,/lambda/nfs/algovirginia/workspace/DeepfakeDetectionRenewed/data/vcc2020/audio/T04/task1/team04_intra-TEM2_SEF2_E30005.wav,1,VCC2020_T04,
train,/lambda/nfs/algovirginia/workspace/DeepfakeDetectionRenewed/data/vcc2020/audio/T13/task1/team13_intra-TEF2_SEM1_E30005.wav,1,VCC2020_T13,
train,__hf__,0,librispeech,1128
train,/lambda/nfs/algovirginia/workspace/DeepfakeDetectionRenewed/data/wavefake/generated_audio/ljspeech_melgan/LJ034-0034_gen.wav,1,ljspeech_melgan,
train,__hf__,0,librispeech,2863
train,/lambda/nfs/algovirginia/workspace/DeepfakeDetectionRenewed/data/vcc2020/audio/T12/task1/team12_intra-TEM1_SEF1_E30005.wav,1,VCC2020_T12,
train,__hf__,0,librispeech,390
train,__hf__,0,librispeech,1878
train,/lambda/nfs/algovirginia/workspace/DeepfakeDetectionRenewed/data/vcc2020/audio/T24/task1/team24_intra-TEM2_SEF2_E30004.wav,1,VCC2020_T24,
train,__hf__,0,librispeech,17352
train,/lambda/nfs/algovirginia/workspace/DeepfakeDetectionRenewed/data/wavefake/generated_audio/ljspeech_hifiGAN/LJ012-0148_generated.wav,1,ljspeech_hifiGAN,
train,__hf__,0,librispeech,26096
train,/lambda/nfs/algovirginia/workspace/DeepfakeDetectionRenewed/data/wavefake/generated_audio/common_voices_prompts_from_conformer_fastspeech2_pwg_ljspeech/gen_6512.wav,1,common_voices_prompts_from_conformer_fastspeech2_pwg_ljspeech,
train,/lambda/nfs/algovirginia/workspace/DeepfakeDetectionRenewed/data/vcc2020/audio/T20/task1/team20_intra-TEM1_SEM2_E30004.wav,1,VCC2020_T20,
train,__hf__,0,librispeech,9543
train,__hf__,0,librispeech,19398
train,__hf__,0,librispeech,17313
train,__hf__,0,librispeech,10552
train,__hf__,0,librispeech,14147
train,__hf__,0,librispeech,3634
train,__hf__,0,librispeech,2506
train,/lambda/nfs/algovirginia/workspace/DeepfakeDetectionRenewed/data/vcc2020/audio/T21/task1/team21_intra-TEM2_SEM1_E30004.wav,1,VCC2020_T21,
train,/lambda/nfs/algovirginia/workspace/DeepfakeDetectionRenewed/data/vcc2020/audio/T22/task1/team22_intra-TEF2_SEM2_E30003.wav,1,VCC2020_T22,
train,__hf__,0,librispeech,21703
train,/lambda/nfs/algovirginia/workspace/DeepfakeDetectionRenewed/data/wavefake/generated_audio/ljspeech_multi_band_melgan/LJ032-0218_gen.wav,1,ljspeech_multi_band_melgan,
train,/lambda/nfs/algovirginia/workspace/DeepfakeDetectionRenewed/data/wavefake/generated_audio/ljspeech_parallel_wavegan/LJ036-0119_gen.wav,1,ljspeech_parallel_wavegan,
train,/lambda/nfs/algovirginia/workspace/DeepfakeDetectionRenewed/data/wavefake/generated_audio/ljspeech_hifiGAN/LJ040-0019_generated.wav,1,ljspeech_hifiGAN,
train,/lambda/nfs/algovirginia/workspace/DeepfakeDetectionRenewed/data/wavefake/generated_audio/ljspeech_waveglow/LJ009-0156.wav,1,ljspeech_waveglow,
train,/lambda/nfs/algovirginia/workspace/DeepfakeDetectionRenewed/data/vcc2020/audio/T27/task1/team27_intra-TEM1_SEM1_E30001.wav,1,VCC2020_T27,
train,__hf__,0,librispeech,4729
train,__hf__,0,librispeech,19573
train,__hf__,0,librispeech,9618
train,__hf__,0,librispeech,9700
train,/lambda/nfs/algovirginia/workspace/DeepfakeDetectionRenewed/data/wavefake/generated_audio/ljspeech_waveglow/LJ029-0149.wav,1,ljspeech_waveglow,
train,__hf__,0,librispeech,10573
train,/lambda/nfs/algovirginia/workspace/DeepfakeDetectionRenewed/data/vcc2020/audio/T27/task1/team27_intra-TEM1_SEF2_E30004.wav,1,VCC2020_T27,
train,__hf__,0,librispeech,2631
train,__hf__,0,librispeech,9809
train,/lambda/nfs/algovirginia/workspace/DeepfakeDetectionRenewed/data/wavefake/generated_audio/ljspeech_parallel_wavegan/LJ005-0075_gen.wav,1,ljspeech_parallel_wavegan,
train,__hf__,0,librispeech,7159
train,/lambda/nfs/algovirginia/workspace/DeepfakeDetectionRenewed/data/vcc2020/audio/T26/task1/team26_intra-TEF2_SEF1_E30004.wav,1,VCC2020_T26,
train,__hf__,0,librispeech,7674
train,__hf__,0,librispeech,19299
train,__hf__,0,librispeech,14657
train,/lambda/nfs/algovirginia/workspace/DeepfakeDetectionRenewed/data/wavefake/generated_audio/ljspeech_multi_band_melgan/LJ032-0117_gen.wav,1,ljspeech_multi_band_melgan,
train,/lambda/nfs/algovirginia/workspace/DeepfakeDetectionRenewed/data/vcc2020/audio/T10/task1/team10_intra-TEF2_SEF1_E30003.wav,1,VCC2020_T10,
train,__hf__,0,librispeech,16818
train,/lambda/nfs/algovirginia/workspace/DeepfakeDetectionRenewed/data/wavefake/generated_audio/ljspeech_hifiGAN/LJ026-0130_generated.wav,1,ljspeech_hifiGAN,
train,/lambda/nfs/algovirginia/workspace/DeepfakeDetectionRenewed/data/wavefake/generated_audio/ljspeech_waveglow/LJ009-0108.wav,1,ljspeech_waveglow,
train,/lambda/nfs/algovirginia/workspace/DeepfakeDetectionRenewed/data/wavefake/generated_audio/ljspeech_parallel_wavegan/LJ028-0397_gen.wav,1,ljspeech_parallel_wavegan,
train,__hf__,0,librispeech,7972
train,__hf__,0,librispeech,14779
train,__hf__,0,librispeech,24266
train,__hf__,0,librispeech,4303
train,/lambda/nfs/algovirginia/workspace/DeepfakeDetectionRenewed/data/vcc2020/audio/T23/task1/team23_intra-TEM2_SEM2_E30004.wav,1,VCC2020_T23,
train,/lambda/nfs/algovirginia/workspace/DeepfakeDetectionRenewed/data/vcc2020/audio/T03/task1/team03_intra-TEM1_SEM1_E30001.wav,1,VCC2020_T03,
train,/lambda/nfs/algovirginia/workspace/DeepfakeDetectionRenewed/data/vcc2020/audio/T01/task1/team01_intra-TEM1_SEM2_E30001.wav,1,VCC2020_T01,
train,/lambda/nfs/algovirginia/workspace/DeepfakeDetectionRenewed/data/vcc2020/audio/T11/task1/team11_intra-TEM1_SEF1_E30005.wav,1,VCC2020_T11,
train,__hf__,0,librispeech,5901
train,__hf__,0,librispeech,23999
train,/lambda/nfs/algovirginia/workspace/DeepfakeDetectionRenewed/data/vcc2020/audio/T09/task1/team09_intra-TEM2_SEF1_E30005.wav,1,VCC2020_T09,
train,__hf__,0,librispeech,25643
train,/lambda/nfs/algovirginia/workspace/DeepfakeDetectionRenewed/data/vcc2020/audio/T01/task1/team01_intra-TEF1_SEF1_E30001.wav,1,VCC2020_T01,
train,__hf__,0,librispeech,331
train,/lambda/nfs/algovirginia/workspace/DeepfakeDetectionRenewed/data/vcc2020/audio/T04/task1/team04_intra-TEF2_SEF2_E30001.wav,1,VCC2020_T04,
train,/lambda/nfs/algovirginia/workspace/DeepfakeDetectionRenewed/data/wavefake/generated_audio/ljspeech_waveglow/LJ003-0250.wav,1,ljspeech_waveglow,
train,/lambda/nfs/algovirginia/workspace/DeepfakeDetectionRenewed/data/vcc2020/audio/T32/task1/team32_intra-TEF2_SEF2_E30002.wav,1,VCC2020_T32,
train,__hf__,0,librispeech,9675
train,__hf__,0,librispeech,11986
train,/lambda/nfs/algovirginia/workspace/DeepfakeDetectionRenewed/data/vcc2020/audio/T23/task1/team23_intra-TEM1_SEF2_E30002.wav,1,VCC2020_T23,
train,/lambda/nfs/algovirginia/workspace/DeepfakeDetectionRenewed/data/vcc2020/audio/T03/task1/team03_intra-TEF1_SEF1_E30002.wav,1,VCC2020_T03,
train,/lambda/nfs/algovirginia/workspace/DeepfakeDetectionRenewed/data/wavefake/generated_audio/common_voices_prompts_from_conformer_fastspeech2_pwg_ljspeech/gen_7573.wav,1,common_voices_prompts_from_conformer_fastspeech2_pwg_ljspeech,
train,/lambda/nfs/algovirginia/workspace/DeepfakeDetectionRenewed/data/wavefake/generated_audio/ljspeech_full_band_melgan/LJ030-0166_gen.wav,1,ljspeech_full_band_melgan,
train,__hf__,0,librispeech,24342
train,__hf__,0,librispeech,3577
train,/lambda/nfs/algovirginia/workspace/DeepfakeDetectionRenewed/data/wavefake/generated_audio/ljspeech_full_band_melgan/LJ016-0150_gen.wav,1,ljspeech_full_band_melgan,
train,__hf__,0,librispeech,23620
train,__hf__,0,librispeech,4439
train,/lambda/nfs/algovirginia/workspace/DeepfakeDetectionRenewed/data/wavefake/generated_audio/ljspeech_multi_band_melgan/LJ050-0184_gen.wav,1,ljspeech_multi_band_melgan,
train,__hf__,0,librispeech,26384
train,__hf__,0,librispeech,24449
train,__hf__,0,librispeech,5914
train,__hf__,0,librispeech,21901
train,__hf__,0,librispeech,20312
train,/lambda/nfs/algovirginia/workspace/DeepfakeDetectionRenewed/data/wavefake/generated_audio/common_voices_prompts_from_conformer_fastspeech2_pwg_ljspeech/gen_4634.wav,1,common_voices_prompts_from_conformer_fastspeech2_pwg_ljspeech,
train,/lambda/nfs/algovirginia/workspace/DeepfakeDetectionRenewed/data/vcc2020/audio/T33/task1/team33_intra-TEF1_SEM2_E30003.wav,1,VCC2020_T33,
train,/lambda/nfs/algovirginia/workspace/DeepfakeDetectionRenewed/data/vcc2020/audio/T20/task1/team20_intra-TEF1_SEF2_E30005.wav,1,VCC2020_T20,
train,__hf__,0,librispeech,21181
train,/lambda/nfs/algovirginia/workspace/DeepfakeDetectionRenewed/data/wavefake/generated_audio/ljspeech_melgan/LJ045-0109_gen.wav,1,ljspeech_melgan,
train,__hf__,0,librispeech,566
train,__hf__,0,librispeech,18996
train,/lambda/nfs/algovirginia/workspace/DeepfakeDetectionRenewed/data/vcc2020/audio/T30/task1/team30_intra-TEF1_SEM2_E30002.wav,1,VCC2020_T30,
train,__hf__,0,librispeech,16429
train,__hf__,0,librispeech,10617
train,__hf__,0,librispeech,18021
train,/lambda/nfs/algovirginia/workspace/DeepfakeDetectionRenewed/data/wavefake/generated_audio/ljspeech_full_band_melgan/LJ019-0072_gen.wav,1,ljspeech_full_band_melgan,
train,__hf__,0,librispeech,15294
train,__hf__,0,librispeech,12680
train,/lambda/nfs/algovirginia/workspace/DeepfakeDetectionRenewed/data/wavefake/generated_audio/common_voices_prompts_from_conformer_fastspeech2_pwg_ljspeech/gen_5347.wav,1,common_voices_prompts_from_conformer_fastspeech2_pwg_ljspeech,
train,__hf__,0,librispeech,23152
train,/lambda/nfs/algovirginia/workspace/DeepfakeDetectionRenewed/data/wavefake/generated_audio/ljspeech_full_band_melgan/LJ015-0282_gen.wav,1,ljspeech_full_band_melgan,
train,/lambda/nfs/algovirginia/workspace/DeepfakeDetectionRenewed/data/wavefake/generated_audio/ljspeech_parallel_wavegan/LJ016-0021_gen.wav,1,ljspeech_parallel_wavegan,
train,/lambda/nfs/algovirginia/workspace/DeepfakeDetectionRenewed/data/wavefake/generated_audio/ljspeech_hifiGAN/LJ033-0096_generated.wav,1,ljspeech_hifiGAN,
train,__hf__,0,librispeech,19713
train,/lambda/nfs/algovirginia/workspace/DeepfakeDetectionRenewed/data/vcc2020/audio/T03/task1/team03_intra-TEM2_SEM1_E30001.wav,1,VCC2020_T03,
train,/lambda/nfs/algovirginia/workspace/DeepfakeDetectionRenewed/data/wavefake/generated_audio/ljspeech_parallel_wavegan/LJ003-0059_gen.wav,1,ljspeech_parallel_wavegan,
train,__hf__,0,librispeech,7773
train,/lambda/nfs/algovirginia/workspace/DeepfakeDetectionRenewed/data/vcc2020/audio/T07/task1/team07_intra-TEM1_SEF2_E30003.wav,1,VCC2020_T07,
train,__hf__,0,librispeech,1271
train,__hf__,0,librispeech,13628
train,/lambda/nfs/algovirginia/workspace/DeepfakeDetectionRenewed/data/wavefake/generated_audio/ljspeech_hifiGAN/LJ004-0210_generated.wav,1,ljspeech_hifiGAN,
train,__hf__,0,librispeech,22724
train,__hf__,0,librispeech,12055
train,__hf__,0,librispeech,10249
train,__hf__,0,librispeech,8121
train,/lambda/nfs/algovirginia/workspace/DeepfakeDetectionRenewed/data/vcc2020/audio/T29/task1/team29_intra-TEM1_SEM2_E30002.wav,1,VCC2020_T29,
train,__hf__,0,librispeech,2101
train,__hf__,0,librispeech,16124
train,/lambda/nfs/algovirginia/workspace/DeepfakeDetectionRenewed/data/wavefake/generated_audio/common_voices_prompts_from_conformer_fastspeech2_pwg_ljspeech/gen_8032.wav,1,common_voices_prompts_from_conformer_fastspeech2_pwg_ljspeech,
train,__hf__,0,librispeech,13589
train,__hf__,0,librispeech,16674
train,__hf__,0,librispeech,17537
train,__hf__,0,librispeech,19486
train,/lambda/nfs/algovirginia/workspace/DeepfakeDetectionRenewed/data/wavefake/generated_audio/ljspeech_multi_band_melgan/LJ039-0136_gen.wav,1,ljspeech_multi_band_melgan,
train,/lambda/nfs/algovirginia/workspace/DeepfakeDetectionRenewed/data/vcc2020/audio/T33/task1/team33_intra-TEF1_SEF1_E30002.wav,1,VCC2020_T33,
train,/lambda/nfs/algovirginia/workspace/DeepfakeDetectionRenewed/data/vcc2020/audio/T22/task1/team22_intra-TEF1_SEM1_E30005.wav,1,VCC2020_T22,
train,/lambda/nfs/algovirginia/workspace/DeepfakeDetectionRenewed/data/vcc2020/audio/T23/task1/team23_intra-TEM2_SEM2_E30001.wav,1,VCC2020_T23,
train,/lambda/nfs/algovirginia/workspace/DeepfakeDetectionRenewed/data/wavefake/generated_audio/ljspeech_multi_band_melgan/LJ028-0484_gen.wav,1,ljspeech_multi_band_melgan,
train,/lambda/nfs/algovirginia/workspace/DeepfakeDetectionRenewed/data/vcc2020/audio/T30/task1/team30_intra-TEF2_SEM2_E30005.wav,1,VCC2020_T30,
train,__hf__,0,librispeech,1944
train,/lambda/nfs/algovirginia/workspace/DeepfakeDetectionRenewed/data/wavefake/generated_audio/common_voices_prompts_from_conformer_fastspeech2_pwg_ljspeech/gen_13194.wav,1,common_voices_prompts_from_conformer_fastspeech2_pwg_ljspeech,
train,/lambda/nfs/algovirginia/workspace/DeepfakeDetectionRenewed/data/wavefake/generated_audio/ljspeech_parallel_wavegan/LJ013-0002_gen.wav,1,ljspeech_parallel_wavegan,
train,/lambda/nfs/algovirginia/workspace/DeepfakeDetectionRenewed/data/wavefake/generated_audio/common_voices_prompts_from_conformer_fastspeech2_pwg_ljspeech/gen_13066.wav,1,common_voices_prompts_from_conformer_fastspeech2_pwg_ljspeech,
train,/lambda/nfs/algovirginia/workspace/DeepfakeDetectionRenewed/data/vcc2020/audio/T01/task1/team01_intra-TEM1_SEF1_E30001.wav,1,VCC2020_T01,
train,/lambda/nfs/algovirginia/workspace/DeepfakeDetectionRenewed/data/wavefake/generated_audio/ljspeech_waveglow/LJ042-0222.wav,1,ljspeech_waveglow,
train,/lambda/nfs/algovirginia/workspace/DeepfakeDetectionRenewed/data/wavefake/generated_audio/ljspeech_waveglow/LJ043-0047.wav,1,ljspeech_waveglow,
train,/lambda/nfs/algovirginia/workspace/DeepfakeDetectionRenewed/data/vcc2020/audio/T13/task1/team13_intra-TEF1_SEF1_E30005.wav,1,VCC2020_T13,
train,__hf__,0,librispeech,5438
train,/lambda/nfs/algovirginia/workspace/DeepfakeDetectionRenewed/data/vcc2020/audio/T11/task1/team11_intra-TEF1_SEF2_E30002.wav,1,VCC2020_T11,
train,__hf__,0,librispeech,21713
train,/lambda/nfs/algovirginia/workspace/DeepfakeDetectionRenewed/data/wavefake/generated_audio/ljspeech_melgan/LJ016-0274_gen.wav,1,ljspeech_melgan,
train,/lambda/nfs/algovirginia/workspace/DeepfakeDetectionRenewed/data/vcc2020/audio/T30/task1/team30_intra-TEM1_SEM1_E30001.wav,1,VCC2020_T30,
train,__hf__,0,librispeech,27562
train,/lambda/nfs/algovirginia/workspace/DeepfakeDetectionRenewed/data/vcc2020/audio/T19/task1/team19_intra-TEF1_SEM1_E30005.wav,1,VCC2020_T19,
train,__hf__,0,librispeech,28513
train,__hf__,0,librispeech,3534
train,/lambda/nfs/algovirginia/workspace/DeepfakeDetectionRenewed/data/vcc2020/audio/T16/task1/team16_intra-TEM2_SEM1_E30005.wav,1,VCC2020_T16,
train,/lambda/nfs/algovirginia/workspace/DeepfakeDetectionRenewed/data/vcc2020/audio/T13/task1/team13_intra-TEF1_SEF1_E30004.wav,1,VCC2020_T13,
train,__hf__,0,librispeech,9291
train,/lambda/nfs/algovirginia/workspace/DeepfakeDetectionRenewed/data/vcc2020/audio/T06/task1/team06_intra-TEM2_SEM2_E30001.wav,1,VCC2020_T06,
train,__hf__,0,librispeech,5664
train,/lambda/nfs/algovirginia/workspace/DeepfakeDetectionRenewed/data/wavefake/generated_audio/ljspeech_hifiGAN/LJ003-0169_generated.wav,1,ljspeech_hifiGAN,
train,/lambda/nfs/algovirginia/workspace/DeepfakeDetectionRenewed/data/wavefake/generated_audio/ljspeech_melgan_large/LJ035-0158_gen.wav,1,ljspeech_melgan_large,
train,/lambda/nfs/algovirginia/workspace/DeepfakeDetectionRenewed/data/vcc2020/audio/T10/task1/team10_intra-TEM2_SEF2_E30002.wav,1,VCC2020_T10,
train,/lambda/nfs/algovirginia/workspace/DeepfakeDetectionRenewed/data/wavefake/generated_audio/ljspeech_multi_band_melgan/LJ015-0164_gen.wav,1,ljspeech_multi_band_melgan,
train,__hf__,0,librispeech,1329
train,/lambda/nfs/algovirginia/workspace/DeepfakeDetectionRenewed/data/wavefake/generated_audio/ljspeech_parallel_wavegan/LJ011-0111_gen.wav,1,ljspeech_parallel_wavegan,
train,__hf__,0,librispeech,6350
train,/lambda/nfs/algovirginia/workspace/DeepfakeDetectionRenewed/data/vcc2020/audio/T22/task1/team22_intra-TEF2_SEF1_E30002.wav,1,VCC2020_T22,
train,__hf__,0,librispeech,25922
train,__hf__,0,librispeech,1765
train,/lambda/nfs/algovirginia/workspace/DeepfakeDetectionRenewed/data/wavefake/generated_audio/ljspeech_parallel_wavegan/LJ018-0045_gen.wav,1,ljspeech_parallel_wavegan,
train,/lambda/nfs/algovirginia/workspace/DeepfakeDetectionRenewed/data/wavefake/generated_audio/ljspeech_melgan/LJ006-0120_gen.wav,1,ljspeech_melgan,
train,/lambda/nfs/algovirginia/workspace/DeepfakeDetectionRenewed/data/vcc2020/audio/T16/task1/team16_intra-TEM2_SEM1_E30004.wav,1,VCC2020_T16,
train,__hf__,0,librispeech,26024
train,/lambda/nfs/algovirginia/workspace/DeepfakeDetectionRenewed/data/wavefake/generated_audio/ljspeech_multi_band_melgan/LJ027-0063_gen.wav,1,ljspeech_multi_band_melgan,
train,__hf__,0,librispeech,17054
train,__hf__,0,librispeech,4183
train,/lambda/nfs/algovirginia/workspace/DeepfakeDetectionRenewed/data/wavefake/generated_audio/ljspeech_multi_band_melgan/LJ015-0088_gen.wav,1,ljspeech_multi_band_melgan,
train,__hf__,0,librispeech,12665
train,__hf__,0,librispeech,20090
train,__hf__,0,librispeech,20049
train,__hf__,0,librispeech,2617
train,__hf__,0,librispeech,1750
train,/lambda/nfs/algovirginia/workspace/DeepfakeDetectionRenewed/data/wavefake/generated_audio/ljspeech_hifiGAN/LJ050-0264_generated.wav,1,ljspeech_hifiGAN,
train,/lambda/nfs/algovirginia/workspace/DeepfakeDetectionRenewed/data/wavefake/generated_audio/ljspeech_waveglow/LJ028-0319.wav,1,ljspeech_waveglow,
train,/lambda/nfs/algovirginia/workspace/DeepfakeDetectionRenewed/data/vcc2020/audio/T32/task1/team32_intra-TEM1_SEF1_E30001.wav,1,VCC2020_T32,
train,__hf__,0,librispeech,2457
train,/lambda/nfs/algovirginia/workspace/DeepfakeDetectionRenewed/data/vcc2020/audio/T23/task1/team23_intra-TEM2_SEM2_E30005.wav,1,VCC2020_T23,
train,__hf__,0,librispeech,16265
train,__hf__,0,librispeech,2548
train,/lambda/nfs/algovirginia/workspace/DeepfakeDetectionRenewed/data/vcc2020/audio/T20/task1/team20_intra-TEF2_SEF1_E30001.wav,1,VCC2020_T20,
train,/lambda/nfs/algovirginia/workspace/DeepfakeDetectionRenewed/data/wavefake/generated_audio/ljspeech_full_band_melgan/LJ001-0005_gen.wav,1,ljspeech_full_band_melgan,
train,/lambda/nfs/algovirginia/workspace/DeepfakeDetectionRenewed/data/wavefake/generated_audio/ljspeech_waveglow/LJ042-0217.wav,1,ljspeech_waveglow,
train,__hf__,0,librispeech,2871
train,__hf__,0,librispeech,25252
train,/lambda/nfs/algovirginia/workspace/DeepfakeDetectionRenewed/data/wavefake/generated_audio/common_voices_prompts_from_conformer_fastspeech2_pwg_ljspeech/gen_10445.wav,1,common_voices_prompts_from_conformer_fastspeech2_pwg_ljspeech,
train,/lambda/nfs/algovirginia/workspace/DeepfakeDetectionRenewed/data/wavefake/generated_audio/ljspeech_melgan_large/LJ049-0051_gen.wav,1,ljspeech_melgan_large,
train,__hf__,0,librispeech,12500
train,/lambda/nfs/algovirginia/workspace/DeepfakeDetectionRenewed/data/vcc2020/audio/T16/task1/team16_intra-TEM2_SEM2_E30001.wav,1,VCC2020_T16,
train,/lambda/nfs/algovirginia/workspace/DeepfakeDetectionRenewed/data/vcc2020/audio/T07/task1/team07_intra-TEF1_SEF1_E30001.wav,1,VCC2020_T07,
train,/lambda/nfs/algovirginia/workspace/DeepfakeDetectionRenewed/data/wavefake/generated_audio/common_voices_prompts_from_conformer_fastspeech2_pwg_ljspeech/gen_12507.wav,1,common_voices_prompts_from_conformer_fastspeech2_pwg_ljspeech,
train,/lambda/nfs/algovirginia/workspace/DeepfakeDetectionRenewed/data/wavefake/generated_audio/ljspeech_parallel_wavegan/LJ029-0023_gen.wav,1,ljspeech_parallel_wavegan,
train,__hf__,0,librispeech,6503
train,__hf__,0,librispeech,975
train,__hf__,0,librispeech,16284
train,/lambda/nfs/algovirginia/workspace/DeepfakeDetectionRenewed/data/vcc2020/audio/T02/task1/team02_intra-TEF2_SEF1_E30002.wav,1,VCC2020_T02,
train,/lambda/nfs/algovirginia/workspace/DeepfakeDetectionRenewed/data/vcc2020/audio/T31/task1/team31_intra-TEF2_SEF1_E30002.wav,1,VCC2020_T31,
train,/lambda/nfs/algovirginia/workspace/DeepfakeDetectionRenewed/data/wavefake/generated_audio/common_voices_prompts_from_conformer_fastspeech2_pwg_ljspeech/gen_9.wav,1,common_voices_prompts_from_conformer_fastspeech2_pwg_ljspeech,
train,/lambda/nfs/algovirginia/workspace/DeepfakeDetectionRenewed/data/wavefake/generated_audio/ljspeech_hifiGAN/LJ049-0068_generated.wav,1,ljspeech_hifiGAN,
train,__hf__,0,librispeech,18401
train,__hf__,0,librispeech,10954
train,/lambda/nfs/algovirginia/workspace/DeepfakeDetectionRenewed/data/wavefake/generated_audio/ljspeech_melgan/LJ003-0265_gen.wav,1,ljspeech_melgan,
train,/lambda/nfs/algovirginia/workspace/DeepfakeDetectionRenewed/data/wavefake/generated_audio/ljspeech_melgan/LJ006-0232_gen.wav,1,ljspeech_melgan,
train,/lambda/nfs/algovirginia/workspace/DeepfakeDetectionRenewed/data/wavefake/generated_audio/ljspeech_melgan/LJ001-0045_gen.wav,1,ljspeech_melgan,
train,__hf__,0,librispeech,19424
train,__hf__,0,librispeech,22925
train,__hf__,0,librispeech,5487
train,__hf__,0,librispeech,4901
train,__hf__,0,librispeech,14655
train,__hf__,0,librispeech,25750
train,__hf__,0,librispeech,23308
train,__hf__,0,librispeech,17801
train,__hf__,0,librispeech,19103
train,__hf__,0,librispeech,3989
train,/lambda/nfs/algovirginia/workspace/DeepfakeDetectionRenewed/data/wavefake/generated_audio/ljspeech_parallel_wavegan/LJ037-0012_gen.wav,1,ljspeech_parallel_wavegan,
train,/lambda/nfs/algovirginia/workspace/DeepfakeDetectionRenewed/data/vcc2020/audio/T10/task1/team10_intra-TEM1_SEM1_E30001.wav,1,VCC2020_T10,
train,/lambda/nfs/algovirginia/workspace/DeepfakeDetectionRenewed/data/wavefake/generated_audio/ljspeech_melgan/LJ012-0007_gen.wav,1,ljspeech_melgan,
train,__hf__,0,librispeech,11339
train,__hf__,0,librispeech,21347
train,/lambda/nfs/algovirginia/workspace/DeepfakeDetectionRenewed/data/vcc2020/audio/T02/task1/team02_intra-TEF1_SEM1_E30003.wav,1,VCC2020_T02,
train,/lambda/nfs/algovirginia/workspace/DeepfakeDetectionRenewed/data/vcc2020/audio/T22/task1/team22_intra-TEM1_SEM1_E30001.wav,1,VCC2020_T22,
train,__hf__,0,librispeech,18091
train,__hf__,0,librispeech,21593
train,/lambda/nfs/algovirginia/workspace/DeepfakeDetectionRenewed/data/vcc2020/audio/T14/task1/team14_intra-TEM1_SEM2_E30001.wav,1,VCC2020_T14,
train,__hf__,0,librispeech,24425
train,__hf__,0,librispeech,7255
train,/lambda/nfs/algovirginia/workspace/DeepfakeDetectionRenewed/data/wavefake/generated_audio/ljspeech_melgan/LJ022-0007_gen.wav,1,ljspeech_melgan,
train,__hf__,0,librispeech,1251
train,/lambda/nfs/algovirginia/workspace/DeepfakeDetectionRenewed/data/wavefake/generated_audio/common_voices_prompts_from_conformer_fastspeech2_pwg_ljspeech/gen_13005.wav,1,common_voices_prompts_from_conformer_fastspeech2_pwg_ljspeech,
train,__hf__,0,librispeech,27635
train,/lambda/nfs/algovirginia/workspace/DeepfakeDetectionRenewed/data/vcc2020/audio/T22/task1/team22_intra-TEM1_SEF2_E30005.wav,1,VCC2020_T22,
train,/lambda/nfs/algovirginia/workspace/DeepfakeDetectionRenewed/data/wavefake/generated_audio/ljspeech_waveglow/LJ006-0283.wav,1,ljspeech_waveglow,
train,__hf__,0,librispeech,18863
train,/lambda/nfs/algovirginia/workspace/DeepfakeDetectionRenewed/data/wavefake/generated_audio/ljspeech_hifiGAN/LJ014-0233_generated.wav,1,ljspeech_hifiGAN,
train,/lambda/nfs/algovirginia/workspace/DeepfakeDetectionRenewed/data/wavefake/generated_audio/ljspeech_waveglow/LJ021-0145.wav,1,ljspeech_waveglow,
train,/lambda/nfs/algovirginia/workspace/DeepfakeDetectionRenewed/data/vcc2020/audio/T33/task1/team33_intra-TEM1_SEF2_E30004.wav,1,VCC2020_T33,
train,__hf__,0,librispeech,28220
train,__hf__,0,librispeech,19618
train,__hf__,0,librispeech,10933
train,__hf__,0,librispeech,11198
train,__hf__,0,librispeech,10022
train,/lambda/nfs/algovirginia/workspace/DeepfakeDetectionRenewed/data/vcc2020/audio/T08/task1/team08_intra-TEF2_SEM2_E30002.wav,1,VCC2020_T08,
train,/lambda/nfs/algovirginia/workspace/DeepfakeDetectionRenewed/data/wavefake/generated_audio/ljspeech_melgan/LJ029-0108_gen.wav,1,ljspeech_melgan,
train,/lambda/nfs/algovirginia/workspace/DeepfakeDetectionRenewed/data/wavefake/generated_audio/ljspeech_parallel_wavegan/LJ028-0514_gen.wav,1,ljspeech_parallel_wavegan,
train,__hf__,0,librispeech,27588
train,__hf__,0,librispeech,12356
train,/lambda/nfs/algovirginia/workspace/DeepfakeDetectionRenewed/data/wavefake/generated_audio/ljspeech_multi_band_melgan/LJ036-0198_gen.wav,1,ljspeech_multi_band_melgan,
train,/lambda/nfs/algovirginia/workspace/DeepfakeDetectionRenewed/data/vcc2020/audio/T22/task1/team22_intra-TEF1_SEF2_E30004.wav,1,VCC2020_T22,
train,/lambda/nfs/algovirginia/workspace/DeepfakeDetectionRenewed/data/vcc2020/audio/T21/task1/team21_intra-TEM2_SEM2_E30001.wav,1,VCC2020_T21,
train,__hf__,0,librispeech,27118
train,__hf__,0,librispeech,24207
train,__hf__,0,librispeech,10947
train,__hf__,0,librispeech,123
train,/lambda/nfs/algovirginia/workspace/DeepfakeDetectionRenewed/data/wavefake/generated_audio/ljspeech_waveglow/LJ044-0214.wav,1,ljspeech_waveglow,
train,/lambda/nfs/algovirginia/workspace/DeepfakeDetectionRenewed/data/wavefake/generated_audio/ljspeech_hifiGAN/LJ035-0049_generated.wav,1,ljspeech_hifiGAN,
train,/lambda/nfs/algovirginia/workspace/DeepfakeDetectionRenewed/data/wavefake/generated_audio/ljspeech_waveglow/LJ007-0111.wav,1,ljspeech_waveglow,
train,/lambda/nfs/algovirginia/workspace/DeepfakeDetectionRenewed/data/wavefake/generated_audio/ljspeech_full_band_melgan/LJ038-0110_gen.wav,1,ljspeech_full_band_melgan,
train,__hf__,0,librispeech,19158
train,__hf__,0,librispeech,16850
train,/lambda/nfs/algovirginia/workspace/DeepfakeDetectionRenewed/data/wavefake/generated_audio/ljspeech_full_band_melgan/LJ037-0196_gen.wav,1,ljspeech_full_band_melgan,
train,__hf__,0,librispeech,11246
train,/lambda/nfs/algovirginia/workspace/DeepfakeDetectionRenewed/data/vcc2020/audio/T18/task1/team18_intra-TEF2_SEM2_E30002.wav,1,VCC2020_T18,
train,/lambda/nfs/algovirginia/workspace/DeepfakeDetectionRenewed/data/vcc2020/audio/T25/task1/team25_intra-TEF2_SEM2_E30001.wav,1,VCC2020_T25,
train,__hf__,0,librispeech,25043
train,__hf__,0,librispeech,2903
train,__hf__,0,librispeech,18495
train,/lambda/nfs/algovirginia/workspace/DeepfakeDetectionRenewed/data/wavefake/generated_audio/ljspeech_hifiGAN/LJ010-0199_generated.wav,1,ljspeech_hifiGAN,
train,__hf__,0,librispeech,17947
train,__hf__,0,librispeech,22188
train,__hf__,0,librispeech,24084
train,__hf__,0,librispeech,19575
train,/lambda/nfs/algovirginia/workspace/DeepfakeDetectionRenewed/data/vcc2020/audio/T33/task1/team33_intra-TEF1_SEF1_E30001.wav,1,VCC2020_T33,
train,__hf__,0,librispeech,5117
train,/lambda/nfs/algovirginia/workspace/DeepfakeDetectionRenewed/data/wavefake/generated_audio/common_voices_prompts_from_conformer_fastspeech2_pwg_ljspeech/gen_15240.wav,1,common_voices_prompts_from_conformer_fastspeech2_pwg_ljspeech,
train,/lambda/nfs/algovirginia/workspace/DeepfakeDetectionRenewed/data/vcc2020/audio/T03/task1/team03_intra-TEM2_SEM1_E30002.wav,1,VCC2020_T03,
train,__hf__,0,librispeech,862
train,/lambda/nfs/algovirginia/workspace/DeepfakeDetectionRenewed/data/vcc2020/audio/T06/task1/team06_intra-TEM2_SEM2_E30004.wav,1,VCC2020_T06,
train,__hf__,0,librispeech,5153
train,/lambda/nfs/algovirginia/workspace/DeepfakeDetectionRenewed/data/vcc2020/audio/T02/task1/team02_intra-TEF1_SEM1_E30004.wav,1,VCC2020_T02,
train,__hf__,0,librispeech,16823
train,/lambda/nfs/algovirginia/workspace/DeepfakeDetectionRenewed/data/vcc2020/audio/T33/task1/team33_intra-TEF1_SEF1_E30004.wav,1,VCC2020_T33,
train,/lambda/nfs/algovirginia/workspace/DeepfakeDetectionRenewed/data/vcc2020/audio/T30/task1/team30_intra-TEF2_SEF1_E30001.wav,1,VCC2020_T30,
train,__hf__,0,librispeech,20554
train,__hf__,0,librispeech,12886
train,__hf__,0,librispeech,16336
train,__hf__,0,librispeech,18875
train,/lambda/nfs/algovirginia/workspace/DeepfakeDetectionRenewed/data/vcc2020/audio/T12/task1/team12_intra-TEM1_SEM2_E30003.wav,1,VCC2020_T12,
train,__hf__,0,librispeech,16563
train,__hf__,0,librispeech,3936
train,/lambda/nfs/algovirginia/workspace/DeepfakeDetectionRenewed/data/wavefake/generated_audio/common_voices_prompts_from_conformer_fastspeech2_pwg_ljspeech/gen_6337.wav,1,common_voices_prompts_from_conformer_fastspeech2_pwg_ljspeech,
train,__hf__,0,librispeech,14292
train,/lambda/nfs/algovirginia/workspace/DeepfakeDetectionRenewed/data/wavefake/generated_audio/common_voices_prompts_from_conformer_fastspeech2_pwg_ljspeech/gen_11529.wav,1,common_voices_prompts_from_conformer_fastspeech2_pwg_ljspeech,
train,/lambda/nfs/algovirginia/workspace/DeepfakeDetectionRenewed/data/wavefake/generated_audio/ljspeech_waveglow/LJ016-0062.wav,1,ljspeech_waveglow,
train,__hf__,0,librispeech,2170
train,__hf__,0,librispeech,22657
train,__hf__,0,librispeech,18919
train,/lambda/nfs/algovirginia/workspace/DeepfakeDetectionRenewed/data/wavefake/generated_audio/ljspeech_hifiGAN/LJ027-0149_generated.wav,1,ljspeech_hifiGAN,
train,__hf__,0,librispeech,4489
train,__hf__,0,librispeech,12105
train,__hf__,0,librispeech,16534
train,__hf__,0,librispeech,18100
train,/lambda/nfs/algovirginia/workspace/DeepfakeDetectionRenewed/data/vcc2020/audio/T19/task1/team19_intra-TEM2_SEF1_E30001.wav,1,VCC2020_T19,
train,/lambda/nfs/algovirginia/workspace/DeepfakeDetectionRenewed/data/wavefake/generated_audio/common_voices_prompts_from_conformer_fastspeech2_pwg_ljspeech/gen_12607.wav,1,common_voices_prompts_from_conformer_fastspeech2_pwg_ljspeech,
train,__hf__,0,librispeech,17006
train,__hf__,0,librispeech,7295
train,/lambda/nfs/algovirginia/workspace/DeepfakeDetectionRenewed/data/vcc2020/audio/T18/task1/team18_intra-TEM1_SEF2_E30002.wav,1,VCC2020_T18,
train,/lambda/nfs/algovirginia/workspace/DeepfakeDetectionRenewed/data/wavefake/generated_audio/common_voices_prompts_from_conformer_fastspeech2_pwg_ljspeech/gen_8764.wav,1,common_voices_prompts_from_conformer_fastspeech2_pwg_ljspeech,
train,/lambda/nfs/algovirginia/workspace/DeepfakeDetectionRenewed/data/wavefake/generated_audio/ljspeech_waveglow/LJ041-0139.wav,1,ljspeech_waveglow,
train,__hf__,0,librispeech,19412
train,/lambda/nfs/algovirginia/workspace/DeepfakeDetectionRenewed/data/vcc2020/audio/T13/task1/team13_intra-TEM1_SEF2_E30005.wav,1,VCC2020_T13,
train,__hf__,0,librispeech,5051
train,__hf__,0,librispeech,22874
train,__hf__,0,librispeech,12351
train,__hf__,0,librispeech,12728
train,__hf__,0,librispeech,19948
train,__hf__,0,librispeech,21586
train,__hf__,0,librispeech,22565
train,__hf__,0,librispeech,11917
train,/lambda/nfs/algovirginia/workspace/DeepfakeDetectionRenewed/data/wavefake/generated_audio/ljspeech_hifiGAN/LJ039-0086_generated.wav,1,ljspeech_hifiGAN,
train,__hf__,0,librispeech,12749
train,/lambda/nfs/algovirginia/workspace/DeepfakeDetectionRenewed/data/vcc2020/audio/T23/task1/team23_intra-TEM2_SEM1_E30004.wav,1,VCC2020_T23,
train,__hf__,0,librispeech,20210
train,__hf__,0,librispeech,8708
train,/lambda/nfs/algovirginia/workspace/DeepfakeDetectionRenewed/data/wavefake/generated_audio/ljspeech_hifiGAN/LJ029-0115_generated.wav,1,ljspeech_hifiGAN,
train,/lambda/nfs/algovirginia/workspace/DeepfakeDetectionRenewed/data/vcc2020/audio/T27/task1/team27_intra-TEM1_SEF1_E30005.wav,1,VCC2020_T27,
train,__hf__,0,librispeech,6750
train,__hf__,0,librispeech,20453
train,__hf__,0,librispeech,2421
train,/lambda/nfs/algovirginia/workspace/DeepfakeDetectionRenewed/data/wavefake/generated_audio/common_voices_prompts_from_conformer_fastspeech2_pwg_ljspeech/gen_7018.wav,1,common_voices_prompts_from_conformer_fastspeech2_pwg_ljspeech,
train,/lambda/nfs/algovirginia/workspace/DeepfakeDetectionRenewed/data/wavefake/generated_audio/ljspeech_multi_band_melgan/LJ007-0059_gen.wav,1,ljspeech_multi_band_melgan,
train,/lambda/nfs/algovirginia/workspace/DeepfakeDetectionRenewed/data/vcc2020/audio/T01/task1/team01_intra-TEM1_SEF2_E30004.wav,1,VCC2020_T01,
train,__hf__,0,librispeech,15597
train,/lambda/nfs/algovirginia/workspace/DeepfakeDetectionRenewed/data/wavefake/generated_audio/ljspeech_waveglow/LJ019-0212.wav,1,ljspeech_waveglow,
train,__hf__,0,librispeech,15351
train,/lambda/nfs/algovirginia/workspace/DeepfakeDetectionRenewed/data/wavefake/generated_audio/ljspeech_melgan/LJ003-0082_gen.wav,1,ljspeech_melgan,
train,/lambda/nfs/algovirginia/workspace/DeepfakeDetectionRenewed/data/wavefake/generated_audio/ljspeech_parallel_wavegan/LJ026-0155_gen.wav,1,ljspeech_parallel_wavegan,
train,__hf__,0,librispeech,2974
train,__hf__,0,librispeech,7075
train,/lambda/nfs/algovirginia/workspace/DeepfakeDetectionRenewed/data/vcc2020/audio/T32/task1/team32_intra-TEM2_SEM1_E30002.wav,1,VCC2020_T32,
train,/lambda/nfs/algovirginia/workspace/DeepfakeDetectionRenewed/data/wavefake/generated_audio/ljspeech_multi_band_melgan/LJ013-0125_gen.wav,1,ljspeech_multi_band_melgan,
train,__hf__,0,librispeech,8426
train,__hf__,0,librispeech,3553
train,/lambda/nfs/algovirginia/workspace/DeepfakeDetectionRenewed/data/vcc2020/audio/T23/task1/team23_intra-TEF1_SEM1_E30004.wav,1,VCC2020_T23,
train,/lambda/nfs/algovirginia/workspace/DeepfakeDetectionRenewed/data/wavefake/generated_audio/ljspeech_parallel_wavegan/LJ045-0249_gen.wav,1,ljspeech_parallel_wavegan,
train,__hf__,0,librispeech,6417
train,__hf__,0,librispeech,4181
train,/lambda/nfs/algovirginia/workspace/DeepfakeDetectionRenewed/data/wavefake/generated_audio/ljspeech_hifiGAN/LJ010-0024_generated.wav,1,ljspeech_hifiGAN,
train,/lambda/nfs/algovirginia/workspace/DeepfakeDetectionRenewed/data/wavefake/generated_audio/ljspeech_full_band_melgan/LJ011-0025_gen.wav,1,ljspeech_full_band_melgan,
train,/lambda/nfs/algovirginia/workspace/DeepfakeDetectionRenewed/data/vcc2020/audio/T03/task1/team03_intra-TEF2_SEM1_E30003.wav,1,VCC2020_T03,
train,__hf__,0,librispeech,15751
train,/lambda/nfs/algovirginia/workspace/DeepfakeDetectionRenewed/data/vcc2020/audio/T06/task1/team06_intra-TEM2_SEF1_E30004.wav,1,VCC2020_T06,
train,__hf__,0,librispeech,5135
train,__hf__,0,librispeech,18975
train,__hf__,0,librispeech,14357
train,/lambda/nfs/algovirginia/workspace/DeepfakeDetectionRenewed/data/wavefake/generated_audio/ljspeech_hifiGAN/LJ004-0059_generated.wav,1,ljspeech_hifiGAN,
train,__hf__,0,librispeech,8360
train,__hf__,0,librispeech,2952
train,/lambda/nfs/algovirginia/workspace/DeepfakeDetectionRenewed/data/vcc2020/audio/T12/task1/team12_intra-TEM2_SEF2_E30002.wav,1,VCC2020_T12,
train,/lambda/nfs/algovirginia/workspace/DeepfakeDetectionRenewed/data/wavefake/generated_audio/ljspeech_multi_band_melgan/LJ002-0317_gen.wav,1,ljspeech_multi_band_melgan,
train,__hf__,0,librispeech,9010
train,__hf__,0,librispeech,16673
train,__hf__,0,librispeech,11206
train,/lambda/nfs/algovirginia/workspace/DeepfakeDetectionRenewed/data/wavefake/generated_audio/common_voices_prompts_from_conformer_fastspeech2_pwg_ljspeech/gen_880.wav,1,common_voices_prompts_from_conformer_fastspeech2_pwg_ljspeech,
train,__hf__,0,librispeech,25894
train,__hf__,0,librispeech,5188
train,/lambda/nfs/algovirginia/workspace/DeepfakeDetectionRenewed/data/vcc2020/audio/T12/task1/team12_intra-TEM2_SEF2_E30001.wav,1,VCC2020_T12,
train,__hf__,0,librispeech,10424
train,/lambda/nfs/algovirginia/workspace/DeepfakeDetectionRenewed/data/vcc2020/audio/T30/task1/team30_intra-TEF1_SEF1_E30002.wav,1,VCC2020_T30,
train,__hf__,0,librispeech,6034
train,__hf__,0,librispeech,2061
train,__hf__,0,librispeech,28234
train,__hf__,0,librispeech,8774
train,/lambda/nfs/algovirginia/workspace/DeepfakeDetectionRenewed/data/wavefake/generated_audio/ljspeech_parallel_wavegan/LJ023-0079_gen.wav,1,ljspeech_parallel_wavegan,
train,__hf__,0,librispeech,5650
train,__hf__,0,librispeech,9759
train,__hf__,0,librispeech,25157
train,/lambda/nfs/algovirginia/workspace/DeepfakeDetectionRenewed/data/vcc2020/audio/T14/task1/team14_intra-TEF1_SEM1_E30005.wav,1,VCC2020_T14,
train,/lambda/nfs/algovirginia/workspace/DeepfakeDetectionRenewed/data/vcc2020/audio/T32/task1/team32_intra-TEM1_SEM2_E30001.wav,1,VCC2020_T32,
train,/lambda/nfs/algovirginia/workspace/DeepfakeDetectionRenewed/data/wavefake/generated_audio/common_voices_prompts_from_conformer_fastspeech2_pwg_ljspeech/gen_12870.wav,1,common_voices_prompts_from_conformer_fastspeech2_pwg_ljspeech,
train,__hf__,0,librispeech,4371
train,__hf__,0,librispeech,24115
train,/lambda/nfs/algovirginia/workspace/DeepfakeDetectionRenewed/data/vcc2020/audio/T29/task1/team29_intra-TEM1_SEF2_E30002.wav,1,VCC2020_T29,
train,__hf__,0,librispeech,19824
train,__hf__,0,librispeech,18736
train,/lambda/nfs/algovirginia/workspace/DeepfakeDetectionRenewed/data/vcc2020/audio/T08/task1/team08_intra-TEF2_SEM1_E30005.wav,1,VCC2020_T08,
train,/lambda/nfs/algovirginia/workspace/DeepfakeDetectionRenewed/data/wavefake/generated_audio/ljspeech_full_band_melgan/LJ015-0238_gen.wav,1,ljspeech_full_band_melgan,
train,/lambda/nfs/algovirginia/workspace/DeepfakeDetectionRenewed/data/wavefake/generated_audio/ljspeech_waveglow/LJ002-0249.wav,1,ljspeech_waveglow,
train,/lambda/nfs/algovirginia/workspace/DeepfakeDetectionRenewed/data/wavefake/generated_audio/ljspeech_melgan_large/LJ002-0301_gen.wav,1,ljspeech_melgan_large,
train,/lambda/nfs/algovirginia/workspace/DeepfakeDetectionRenewed/data/wavefake/generated_audio/ljspeech_multi_band_melgan/LJ018-0112_gen.wav,1,ljspeech_multi_band_melgan,
train,/lambda/nfs/algovirginia/workspace/DeepfakeDetectionRenewed/data/wavefake/generated_audio/ljspeech_parallel_wavegan/LJ032-0042_gen.wav,1,ljspeech_parallel_wavegan,
train,/lambda/nfs/algovirginia/workspace/DeepfakeDetectionRenewed/data/wavefake/generated_audio/ljspeech_full_band_melgan/LJ013-0064_gen.wav,1,ljspeech_full_band_melgan,
train,/lambda/nfs/algovirginia/workspace/DeepfakeDetectionRenewed/data/vcc2020/audio/T17/task1/team17_intra-TEM1_SEF1_E30001.wav,1,VCC2020_T17,
train,__hf__,0,librispeech,4240
train,__hf__,0,librispeech,21774
train,/lambda/nfs/algovirginia/workspace/DeepfakeDetectionRenewed/data/vcc2020/audio/T10/task1/team10_intra-TEF1_SEM2_E30002.wav,1,VCC2020_T10,
train,__hf__,0,librispeech,11698
train,__hf__,0,librispeech,24757
train,/lambda/nfs/algovirginia/workspace/DeepfakeDetectionRenewed/data/vcc2020/audio/T32/task1/team32_intra-TEF1_SEF1_E30001.wav,1,VCC2020_T32,
train,__hf__,0,librispeech,3480
train,/lambda/nfs/algovirginia/workspace/DeepfakeDetectionRenewed/data/wavefake/generated_audio/ljspeech_hifiGAN/LJ014-0239_generated.wav,1,ljspeech_hifiGAN,
train,__hf__,0,librispeech,9628
train,/lambda/nfs/algovirginia/workspace/DeepfakeDetectionRenewed/data/wavefake/generated_audio/ljspeech_parallel_wavegan/LJ039-0185_gen.wav,1,ljspeech_parallel_wavegan,
train,/lambda/nfs/algovirginia/workspace/DeepfakeDetectionRenewed/data/wavefake/generated_audio/ljspeech_waveglow/LJ015-0173.wav,1,ljspeech_waveglow,
train,__hf__,0,librispeech,2674
train,__hf__,0,librispeech,28082
train,/lambda/nfs/algovirginia/workspace/DeepfakeDetectionRenewed/data/wavefake/generated_audio/common_voices_prompts_from_conformer_fastspeech2_pwg_ljspeech/gen_1915.wav,1,common_voices_prompts_from_conformer_fastspeech2_pwg_ljspeech,
train,/lambda/nfs/algovirginia/workspace/DeepfakeDetectionRenewed/data/wavefake/generated_audio/ljspeech_multi_band_melgan/LJ019-0393_gen.wav,1,ljspeech_multi_band_melgan,
train,__hf__,0,librispeech,1387
train,/lambda/nfs/algovirginia/workspace/DeepfakeDetectionRenewed/data/vcc2020/audio/T30/task1/team30_intra-TEF2_SEM1_E30001.wav,1,VCC2020_T30,
train,__hf__,0,librispeech,26891
train,/lambda/nfs/algovirginia/workspace/DeepfakeDetectionRenewed/data/wavefake/generated_audio/ljspeech_full_band_melgan/LJ011-0187_gen.wav,1,ljspeech_full_band_melgan,
train,/lambda/nfs/algovirginia/workspace/DeepfakeDetectionRenewed/data/wavefake/generated_audio/ljspeech_melgan_large/LJ009-0272_gen.wav,1,ljspeech_melgan_large,
train,/lambda/nfs/algovirginia/workspace/DeepfakeDetectionRenewed/data/wavefake/generated_audio/ljspeech_melgan/LJ041-0201_gen.wav,1,ljspeech_melgan,
train,__hf__,0,librispeech,9210
train,__hf__,0,librispeech,18096
train,__hf__,0,librispeech,13451
train,/lambda/nfs/algovirginia/workspace/DeepfakeDetectionRenewed/data/vcc2020/audio/T18/task1/team18_intra-TEM1_SEF1_E30003.wav,1,VCC2020_T18,
train,__hf__,0,librispeech,8815
train,/lambda/nfs/algovirginia/workspace/DeepfakeDetectionRenewed/data/wavefake/generated_audio/ljspeech_hifiGAN/LJ009-0037_generated.wav,1,ljspeech_hifiGAN,
train,/lambda/nfs/algovirginia/workspace/DeepfakeDetectionRenewed/data/wavefake/generated_audio/ljspeech_full_band_melgan/LJ018-0390_gen.wav,1,ljspeech_full_band_melgan,
train,__hf__,0,librispeech,4639
train,__hf__,0,librispeech,11343
train,/lambda/nfs/algovirginia/workspace/DeepfakeDetectionRenewed/data/vcc2020/audio/T33/task1/team33_intra-TEF2_SEM1_E30003.wav,1,VCC2020_T33,
train,__hf__,0,librispeech,9100
train,__hf__,0,librispeech,1828
train,/lambda/nfs/algovirginia/workspace/DeepfakeDetectionRenewed/data/wavefake/generated_audio/ljspeech_waveglow/LJ006-0260.wav,1,ljspeech_waveglow,
train,/lambda/nfs/algovirginia/workspace/DeepfakeDetectionRenewed/data/wavefake/generated_audio/ljspeech_full_band_melgan/LJ004-0133_gen.wav,1,ljspeech_full_band_melgan,
train,/lambda/nfs/algovirginia/workspace/DeepfakeDetectionRenewed/data/vcc2020/audio/T19/task1/team19_intra-TEM1_SEF2_E30001.wav,1,VCC2020_T19,
train,__hf__,0,librispeech,6243
train,/lambda/nfs/algovirginia/workspace/DeepfakeDetectionRenewed/data/wavefake/generated_audio/common_voices_prompts_from_conformer_fastspeech2_pwg_ljspeech/gen_1089.wav,1,common_voices_prompts_from_conformer_fastspeech2_pwg_ljspeech,
train,__hf__,0,librispeech,17960
train,/lambda/nfs/algovirginia/workspace/DeepfakeDetectionRenewed/data/wavefake/generated_audio/ljspeech_hifiGAN/LJ010-0261_generated.wav,1,ljspeech_hifiGAN,
train,__hf__,0,librispeech,14433
train,__hf__,0,librispeech,26569
train,__hf__,0,librispeech,21760
train,__hf__,0,librispeech,776
train,__hf__,0,librispeech,25474
train,__hf__,0,librispeech,16896
train,__hf__,0,librispeech,13471
train,__hf__,0,librispeech,6071
train,/lambda/nfs/algovirginia/workspace/DeepfakeDetectionRenewed/data/vcc2020/audio/T27/task1/team27_intra-TEM2_SEF1_E30005.wav,1,VCC2020_T27,
train,__hf__,0,librispeech,9564
train,__hf__,0,librispeech,16408
train,__hf__,0,librispeech,4624
train,__hf__,0,librispeech,20347
train,/lambda/nfs/algovirginia/workspace/DeepfakeDetectionRenewed/data/wavefake/generated_audio/ljspeech_multi_band_melgan/LJ041-0090_gen.wav,1,ljspeech_multi_band_melgan,
train,/lambda/nfs/algovirginia/workspace/DeepfakeDetectionRenewed/data/vcc2020/audio/T07/task1/team07_intra-TEF1_SEF2_E30001.wav,1,VCC2020_T07,
train,/lambda/nfs/algovirginia/workspace/DeepfakeDetectionRenewed/data/vcc2020/audio/T02/task1/team02_intra-TEM1_SEM1_E30001.wav,1,VCC2020_T02,
train,__hf__,0,librispeech,17598
train,/lambda/nfs/algovirginia/workspace/DeepfakeDetectionRenewed/data/vcc2020/audio/T25/task1/team25_intra-TEF2_SEF1_E30003.wav,1,VCC2020_T25,
train,__hf__,0,librispeech,12620
train,__hf__,0,librispeech,12019
train,__hf__,0,librispeech,4833
train,__hf__,0,librispeech,9130
train,__hf__,0,librispeech,11237
train,__hf__,0,librispeech,11634
train,__hf__,0,librispeech,8667
train,__hf__,0,librispeech,21566
train,__hf__,0,librispeech,15137
train,/lambda/nfs/algovirginia/workspace/DeepfakeDetectionRenewed/data/wavefake/generated_audio/ljspeech_parallel_wavegan/LJ041-0098_gen.wav,1,ljspeech_parallel_wavegan,
train,/lambda/nfs/algovirginia/workspace/DeepfakeDetectionRenewed/data/wavefake/generated_audio/ljspeech_multi_band_melgan/LJ021-0024_gen.wav,1,ljspeech_multi_band_melgan,
train,__hf__,0,librispeech,17303
train,/lambda/nfs/algovirginia/workspace/DeepfakeDetectionRenewed/data/vcc2020/audio/T29/task1/team29_intra-TEF1_SEM1_E30004.wav,1,VCC2020_T29,
train,/lambda/nfs/algovirginia/workspace/DeepfakeDetectionRenewed/data/wavefake/generated_audio/ljspeech_melgan/LJ010-0125_gen.wav,1,ljspeech_melgan,
train,/lambda/nfs/algovirginia/workspace/DeepfakeDetectionRenewed/data/wavefake/generated_audio/common_voices_prompts_from_conformer_fastspeech2_pwg_ljspeech/gen_4502.wav,1,common_voices_prompts_from_conformer_fastspeech2_pwg_ljspeech,
train,/lambda/nfs/algovirginia/workspace/DeepfakeDetectionRenewed/data/wavefake/generated_audio/ljspeech_melgan/LJ009-0248_gen.wav,1,ljspeech_melgan,
train,__hf__,0,librispeech,20053
train,__hf__,0,librispeech,22303
train,__hf__,0,librispeech,28363
train,/lambda/nfs/algovirginia/workspace/DeepfakeDetectionRenewed/data/wavefake/generated_audio/ljspeech_waveglow/LJ009-0243.wav,1,ljspeech_waveglow,
train,/lambda/nfs/algovirginia/workspace/DeepfakeDetectionRenewed/data/vcc2020/audio/T30/task1/team30_intra-TEM2_SEF2_E30004.wav,1,VCC2020_T30,
train,/lambda/nfs/algovirginia/workspace/DeepfakeDetectionRenewed/data/vcc2020/audio/T28/task1/team28_intra-TEM1_SEM1_E30004.wav,1,VCC2020_T28,
train,/lambda/nfs/algovirginia/workspace/DeepfakeDetectionRenewed/data/vcc2020/audio/T28/task1/team28_intra-TEF1_SEM1_E30001.wav,1,VCC2020_T28,
train,__hf__,0,librispeech,25820
train,__hf__,0,librispeech,12525
train,/lambda/nfs/algovirginia/workspace/DeepfakeDetectionRenewed/data/vcc2020/audio/T18/task1/team18_intra-TEF1_SEF1_E30004.wav,1,VCC2020_T18,
train,/lambda/nfs/algovirginia/workspace/DeepfakeDetectionRenewed/data/vcc2020/audio/T09/task1/team09_intra-TEF2_SEF2_E30005.wav,1,VCC2020_T09,
train,__hf__,0,librispeech,237
train,/lambda/nfs/algovirginia/workspace/DeepfakeDetectionRenewed/data/wavefake/generated_audio/ljspeech_melgan/LJ036-0039_gen.wav,1,ljspeech_melgan,
train,__hf__,0,librispeech,7663
train,__hf__,0,librispeech,6403
train,__hf__,0,librispeech,1874
train,/lambda/nfs/algovirginia/workspace/DeepfakeDetectionRenewed/data/vcc2020/audio/T25/task1/team25_intra-TEF2_SEF2_E30005.wav,1,VCC2020_T25,
train,/lambda/nfs/algovirginia/workspace/DeepfakeDetectionRenewed/data/wavefake/generated_audio/ljspeech_hifiGAN/LJ028-0194_generated.wav,1,ljspeech_hifiGAN,
train,__hf__,0,librispeech,19141
train,__hf__,0,librispeech,19356
train,__hf__,0,librispeech,21723
train,/lambda/nfs/algovirginia/workspace/DeepfakeDetectionRenewed/data/vcc2020/audio/T18/task1/team18_intra-TEM1_SEF2_E30001.wav,1,VCC2020_T18,
train,__hf__,0,librispeech,3637
train,__hf__,0,librispeech,458
train,/lambda/nfs/algovirginia/workspace/DeepfakeDetectionRenewed/data/wavefake/generated_audio/ljspeech_multi_band_melgan/LJ013-0011_gen.wav,1,ljspeech_multi_band_melgan,
train,/lambda/nfs/algovirginia/workspace/DeepfakeDetectionRenewed/data/vcc2020/audio/T33/task1/team33_intra-TEF2_SEF1_E30002.wav,1,VCC2020_T33,
train,__hf__,0,librispeech,19091
train,__hf__,0,librispeech,5426
train,/lambda/nfs/algovirginia/workspace/DeepfakeDetectionRenewed/data/vcc2020/audio/T08/task1/team08_intra-TEM2_SEF1_E30005.wav,1,VCC2020_T08,
train,__hf__,0,librispeech,25990
train,__hf__,0,librispeech,11987
train,__hf__,0,librispeech,17287
train,__hf__,0,librispeech,20814
train,/lambda/nfs/algovirginia/workspace/DeepfakeDetectionRenewed/data/vcc2020/audio/T27/task1/team27_intra-TEF1_SEF1_E30003.wav,1,VCC2020_T27,
train,__hf__,0,librispeech,16470
train,__hf__,0,librispeech,17237
train,__hf__,0,librispeech,5821
train,__hf__,0,librispeech,10353
train,__hf__,0,librispeech,28365
train,__hf__,0,librispeech,7157
train,__hf__,0,librispeech,12552
train,/lambda/nfs/algovirginia/workspace/DeepfakeDetectionRenewed/data/wavefake/generated_audio/ljspeech_parallel_wavegan/LJ032-0060_gen.wav,1,ljspeech_parallel_wavegan,
train,__hf__,0,librispeech,6687
train,__hf__,0,librispeech,25146
train,/lambda/nfs/algovirginia/workspace/DeepfakeDetectionRenewed/data/vcc2020/audio/T28/task1/team28_intra-TEM2_SEF2_E30001.wav,1,VCC2020_T28,
train,/lambda/nfs/algovirginia/workspace/DeepfakeDetectionRenewed/data/vcc2020/audio/T02/task1/team02_intra-TEM2_SEM1_E30003.wav,1,VCC2020_T02,
train,__hf__,0,librispeech,4546
train,__hf__,0,librispeech,21934
train,__hf__,0,librispeech,5839
train,/lambda/nfs/algovirginia/workspace/DeepfakeDetectionRenewed/data/wavefake/generated_audio/ljspeech_multi_band_melgan/LJ016-0434_gen.wav,1,ljspeech_multi_band_melgan,
train,__hf__,0,librispeech,32
train,/lambda/nfs/algovirginia/workspace/DeepfakeDetectionRenewed/data/vcc2020/audio/T02/task1/team02_intra-TEM2_SEM2_E30003.wav,1,VCC2020_T02,
train,/lambda/nfs/algovirginia/workspace/DeepfakeDetectionRenewed/data/vcc2020/audio/T23/task1/team23_intra-TEF1_SEM2_E30005.wav,1,VCC2020_T23,
train,/lambda/nfs/algovirginia/workspace/DeepfakeDetectionRenewed/data/vcc2020/audio/T17/task1/team17_intra-TEF1_SEF1_E30002.wav,1,VCC2020_T17,
train,__hf__,0,librispeech,12822
train,__hf__,0,librispeech,12542
train,__hf__,0,librispeech,3614
train,__hf__,0,librispeech,16458
train,/lambda/nfs/algovirginia/workspace/DeepfakeDetectionRenewed/data/wavefake/generated_audio/ljspeech_waveglow/LJ045-0019.wav,1,ljspeech_waveglow,
train,__hf__,0,librispeech,28502
train,/lambda/nfs/algovirginia/workspace/DeepfakeDetectionRenewed/data/vcc2020/audio/T03/task1/team03_intra-TEM1_SEF2_E30003.wav,1,VCC2020_T03,
train,__hf__,0,librispeech,15164
train,__hf__,0,librispeech,22400
train,__hf__,0,librispeech,25691
train,__hf__,0,librispeech,8542
train,/lambda/nfs/algovirginia/workspace/DeepfakeDetectionRenewed/data/wavefake/generated_audio/ljspeech_multi_band_melgan/LJ017-0203_gen.wav,1,ljspeech_multi_band_melgan,
train,/lambda/nfs/algovirginia/workspace/DeepfakeDetectionRenewed/data/vcc2020/audio/T29/task1/team29_intra-TEF1_SEM1_E30001.wav,1,VCC2020_T29,
train,__hf__,0,librispeech,824
train,/lambda/nfs/algovirginia/workspace/DeepfakeDetectionRenewed/data/wavefake/generated_audio/ljspeech_melgan_large/LJ023-0061_gen.wav,1,ljspeech_melgan_large,
train,/lambda/nfs/algovirginia/workspace/DeepfakeDetectionRenewed/data/wavefake/generated_audio/ljspeech_hifiGAN/LJ049-0197_generated.wav,1,ljspeech_hifiGAN,
train,__hf__,0,librispeech,7457
train,__hf__,0,librispeech,25591
train,__hf__,0,librispeech,9574
train,__hf__,0,librispeech,18383
train,/lambda/nfs/algovirginia/workspace/DeepfakeDetectionRenewed/data/vcc2020/audio/T17/task1/team17_intra-TEM1_SEF1_E30005.wav,1,VCC2020_T17,
train,/lambda/nfs/algovirginia/workspace/DeepfakeDetectionRenewed/data/wavefake/generated_audio/common_voices_prompts_from_conformer_fastspeech2_pwg_ljspeech/gen_2240.wav,1,common_voices_prompts_from_conformer_fastspeech2_pwg_ljspeech,
train,__hf__,0,librispeech,17767
train,__hf__,0,librispeech,19781
train,__hf__,0,librispeech,24227
train,__hf__,0,librispeech,3153
train,__hf__,0,librispeech,20389
train,__hf__,0,librispeech,7
train,__hf__,0,librispeech,20824
train,__hf__,0,librispeech,17750
train,/lambda/nfs/algovirginia/workspace/DeepfakeDetectionRenewed/data/vcc2020/audio/T09/task1/team09_intra-TEF2_SEM2_E30002.wav,1,VCC2020_T09,
train,/lambda/nfs/algovirginia/workspace/DeepfakeDetectionRenewed/data/vcc2020/audio/T31/task1/team31_intra-TEM1_SEM2_E30003.wav,1,VCC2020_T31,
train,/lambda/nfs/algovirginia/workspace/DeepfakeDetectionRenewed/data/wavefake/generated_audio/ljspeech_waveglow/LJ044-0150.wav,1,ljspeech_waveglow,
train,/lambda/nfs/algovirginia/workspace/DeepfakeDetectionRenewed/data/wavefake/generated_audio/ljspeech_hifiGAN/LJ043-0017_generated.wav,1,ljspeech_hifiGAN,
train,__hf__,0,librispeech,26069
train,/lambda/nfs/algovirginia/workspace/DeepfakeDetectionRenewed/data/wavefake/generated_audio/ljspeech_multi_band_melgan/LJ015-0254_gen.wav,1,ljspeech_multi_band_melgan,
train,__hf__,0,librispeech,23506
train,__hf__,0,librispeech,9218
train,__hf__,0,librispeech,25518
train,/lambda/nfs/algovirginia/workspace/DeepfakeDetectionRenewed/data/wavefake/generated_audio/ljspeech_hifiGAN/LJ029-0111_generated.wav,1,ljspeech_hifiGAN,
train,/lambda/nfs/algovirginia/workspace/DeepfakeDetectionRenewed/data/wavefake/generated_audio/ljspeech_multi_band_melgan/LJ029-0021_gen.wav,1,ljspeech_multi_band_melgan,
train,__hf__,0,librispeech,15895
train,__hf__,0,librispeech,15503
train,/lambda/nfs/algovirginia/workspace/DeepfakeDetectionRenewed/data/wavefake/generated_audio/ljspeech_melgan/LJ010-0203_gen.wav,1,ljspeech_melgan,
train,__hf__,0,librispeech,10880
train,__hf__,0,librispeech,21790
train,__hf__,0,librispeech,24198
train,/lambda/nfs/algovirginia/workspace/DeepfakeDetectionRenewed/data/wavefake/generated_audio/ljspeech_multi_band_melgan/LJ037-0010_gen.wav,1,ljspeech_multi_band_melgan,
train,/lambda/nfs/algovirginia/workspace/DeepfakeDetectionRenewed/data/wavefake/generated_audio/ljspeech_melgan/LJ022-0181_gen.wav,1,ljspeech_melgan,
train,__hf__,0,librispeech,461
train,/lambda/nfs/algovirginia/workspace/DeepfakeDetectionRenewed/data/wavefake/generated_audio/ljspeech_multi_band_melgan/LJ022-0003_gen.wav,1,ljspeech_multi_band_melgan,
train,__hf__,0,librispeech,20544
train,/lambda/nfs/algovirginia/workspace/DeepfakeDetectionRenewed/data/vcc2020/audio/T03/task1/team03_intra-TEF2_SEF1_E30003.wav,1,VCC2020_T03,
train,__hf__,0,librispeech,3049
train,__hf__,0,librispeech,14287
train,/lambda/nfs/algovirginia/workspace/DeepfakeDetectionRenewed/data/vcc2020/audio/T18/task1/team18_intra-TEM2_SEF1_E30002.wav,1,VCC2020_T18,
train,/lambda/nfs/algovirginia/workspace/DeepfakeDetectionRenewed/data/vcc2020/audio/T30/task1/team30_intra-TEF2_SEF1_E30004.wav,1,VCC2020_T30,
train,__hf__,0,librispeech,1035
train,/lambda/nfs/algovirginia/workspace/DeepfakeDetectionRenewed/data/vcc2020/audio/T28/task1/team28_intra-TEF2_SEF1_E30004.wav,1,VCC2020_T28,
train,/lambda/nfs/algovirginia/workspace/DeepfakeDetectionRenewed/data/vcc2020/audio/T30/task1/team30_intra-TEM1_SEM2_E30003.wav,1,VCC2020_T30,
train,/lambda/nfs/algovirginia/workspace/DeepfakeDetectionRenewed/data/vcc2020/audio/T19/task1/team19_intra-TEM1_SEF2_E30003.wav,1,VCC2020_T19,
train,__hf__,0,librispeech,5963
train,/lambda/nfs/algovirginia/workspace/DeepfakeDetectionRenewed/data/wavefake/generated_audio/ljspeech_hifiGAN/LJ043-0155_generated.wav,1,ljspeech_hifiGAN,
train,__hf__,0,librispeech,23597
train,/lambda/nfs/algovirginia/workspace/DeepfakeDetectionRenewed/data/wavefake/generated_audio/common_voices_prompts_from_conformer_fastspeech2_pwg_ljspeech/gen_14608.wav,1,common_voices_prompts_from_conformer_fastspeech2_pwg_ljspeech,
train,/lambda/nfs/algovirginia/workspace/DeepfakeDetectionRenewed/data/wavefake/generated_audio/ljspeech_multi_band_melgan/LJ013-0191_gen.wav,1,ljspeech_multi_band_melgan,
train,__hf__,0,librispeech,12517
train,/lambda/nfs/algovirginia/workspace/DeepfakeDetectionRenewed/data/vcc2020/audio/T17/task1/team17_intra-TEF1_SEM1_E30003.wav,1,VCC2020_T17,
train,/lambda/nfs/algovirginia/workspace/DeepfakeDetectionRenewed/data/vcc2020/audio/T01/task1/team01_intra-TEM1_SEM1_E30005.wav,1,VCC2020_T01,
train,/lambda/nfs/algovirginia/workspace/DeepfakeDetectionRenewed/data/wavefake/generated_audio/common_voices_prompts_from_conformer_fastspeech2_pwg_ljspeech/gen_919.wav,1,common_voices_prompts_from_conformer_fastspeech2_pwg_ljspeech,
train,__hf__,0,librispeech,23666
train,__hf__,0,librispeech,442
train,/lambda/nfs/algovirginia/workspace/DeepfakeDetectionRenewed/data/vcc2020/audio/T32/task1/team32_intra-TEF1_SEF2_E30005.wav,1,VCC2020_T32,
train,/lambda/nfs/algovirginia/workspace/DeepfakeDetectionRenewed/data/wavefake/generated_audio/ljspeech_multi_band_melgan/LJ001-0177_gen.wav,1,ljspeech_multi_band_melgan,
train,/lambda/nfs/algovirginia/workspace/DeepfakeDetectionRenewed/data/wavefake/generated_audio/ljspeech_parallel_wavegan/LJ050-0209_gen.wav,1,ljspeech_parallel_wavegan,
train,__hf__,0,librispeech,9801
train,/lambda/nfs/algovirginia/workspace/DeepfakeDetectionRenewed/data/vcc2020/audio/T16/task1/team16_intra-TEF1_SEM2_E30001.wav,1,VCC2020_T16,
train,__hf__,0,librispeech,10510
train,/lambda/nfs/algovirginia/workspace/DeepfakeDetectionRenewed/data/vcc2020/audio/T02/task1/team02_intra-TEM2_SEF1_E30005.wav,1,VCC2020_T02,
train,/lambda/nfs/algovirginia/workspace/DeepfakeDetectionRenewed/data/wavefake/generated_audio/ljspeech_melgan_large/LJ030-0135_gen.wav,1,ljspeech_melgan_large,
train,/lambda/nfs/algovirginia/workspace/DeepfakeDetectionRenewed/data/wavefake/generated_audio/ljspeech_parallel_wavegan/LJ036-0145_gen.wav,1,ljspeech_parallel_wavegan,
train,/lambda/nfs/algovirginia/workspace/DeepfakeDetectionRenewed/data/wavefake/generated_audio/ljspeech_waveglow/LJ036-0212.wav,1,ljspeech_waveglow,
train,/lambda/nfs/algovirginia/workspace/DeepfakeDetectionRenewed/data/wavefake/generated_audio/ljspeech_melgan_large/LJ041-0034_gen.wav,1,ljspeech_melgan_large,
train,__hf__,0,librispeech,28047
train,/lambda/nfs/algovirginia/workspace/DeepfakeDetectionRenewed/data/vcc2020/audio/T09/task1/team09_intra-TEF1_SEF1_E30002.wav,1,VCC2020_T09,
train,/lambda/nfs/algovirginia/workspace/DeepfakeDetectionRenewed/data/vcc2020/audio/T24/task1/team24_intra-TEM1_SEF1_E30002.wav,1,VCC2020_T24,
train,__hf__,0,librispeech,25122
train,__hf__,0,librispeech,27389
train,__hf__,0,librispeech,14513
train,/lambda/nfs/algovirginia/workspace/DeepfakeDetectionRenewed/data/wavefake/generated_audio/common_voices_prompts_from_conformer_fastspeech2_pwg_ljspeech/gen_12366.wav,1,common_voices_prompts_from_conformer_fastspeech2_pwg_ljspeech,
train,__hf__,0,librispeech,12539
train,/lambda/nfs/algovirginia/workspace/DeepfakeDetectionRenewed/data/vcc2020/audio/T32/task1/team32_intra-TEM2_SEM1_E30003.wav,1,VCC2020_T32,
train,__hf__,0,librispeech,6527
train,__hf__,0,librispeech,3893
train,/lambda/nfs/algovirginia/workspace/DeepfakeDetectionRenewed/data/wavefake/generated_audio/ljspeech_melgan/LJ017-0249_gen.wav,1,ljspeech_melgan,
train,/lambda/nfs/algovirginia/workspace/DeepfakeDetectionRenewed/data/wavefake/generated_audio/ljspeech_multi_band_melgan/LJ050-0170_gen.wav,1,ljspeech_multi_band_melgan,
train,/lambda/nfs/algovirginia/workspace/DeepfakeDetectionRenewed/data/wavefake/generated_audio/ljspeech_multi_band_melgan/LJ028-0028_gen.wav,1,ljspeech_multi_band_melgan,
train,/lambda/nfs/algovirginia/workspace/DeepfakeDetectionRenewed/data/vcc2020/audio/T22/task1/team22_intra-TEM1_SEM2_E30004.wav,1,VCC2020_T22,
train,/lambda/nfs/algovirginia/workspace/DeepfakeDetectionRenewed/data/wavefake/generated_audio/ljspeech_multi_band_melgan/LJ048-0239_gen.wav,1,ljspeech_multi_band_melgan,
train,__hf__,0,librispeech,3904
train,__hf__,0,librispeech,8026
train,__hf__,0,librispeech,25906
train,__hf__,0,librispeech,12861
train,__hf__,0,librispeech,20467
train,/lambda/nfs/algovirginia/workspace/DeepfakeDetectionRenewed/data/wavefake/generated_audio/ljspeech_melgan/LJ015-0307_gen.wav,1,ljspeech_melgan,
train,/lambda/nfs/algovirginia/workspace/DeepfakeDetectionRenewed/data/vcc2020/audio/T27/task1/team27_intra-TEM2_SEM1_E30003.wav,1,VCC2020_T27,
train,__hf__,0,librispeech,2451
train,__hf__,0,librispeech,10695
train,/lambda/nfs/algovirginia/workspace/DeepfakeDetectionRenewed/data/vcc2020/audio/T08/task1/team08_intra-TEF1_SEM1_E30005.wav,1,VCC2020_T08,
train,__hf__,0,librispeech,24460
train,__hf__,0,librispeech,7954
train,__hf__,0,librispeech,4823
train,/lambda/nfs/algovirginia/workspace/DeepfakeDetectionRenewed/data/vcc2020/audio/T20/task1/team20_intra-TEF1_SEM1_E30003.wav,1,VCC2020_T20,
train,__hf__,0,librispeech,15805
train,/lambda/nfs/algovirginia/workspace/DeepfakeDetectionRenewed/data/wavefake/generated_audio/ljspeech_parallel_wavegan/LJ034-0182_gen.wav,1,ljspeech_parallel_wavegan,
train,__hf__,0,librispeech,18884
train,/lambda/nfs/algovirginia/workspace/DeepfakeDetectionRenewed/data/wavefake/generated_audio/ljspeech_full_band_melgan/LJ025-0036_gen.wav,1,ljspeech_full_band_melgan,
train,/lambda/nfs/algovirginia/workspace/DeepfakeDetectionRenewed/data/wavefake/generated_audio/ljspeech_parallel_wavegan/LJ013-0210_gen.wav,1,ljspeech_parallel_wavegan,
train,/lambda/nfs/algovirginia/workspace/DeepfakeDetectionRenewed/data/vcc2020/audio/T10/task1/team10_intra-TEF1_SEF2_E30003.wav,1,VCC2020_T10,
train,__hf__,0,librispeech,5788
train,/lambda/nfs/algovirginia/workspace/DeepfakeDetectionRenewed/data/wavefake/generated_audio/ljspeech_parallel_wavegan/LJ027-0062_gen.wav,1,ljspeech_parallel_wavegan,
train,/lambda/nfs/algovirginia/workspace/DeepfakeDetectionRenewed/data/wavefake/generated_audio/ljspeech_waveglow/LJ045-0061.wav,1,ljspeech_waveglow,
train,/lambda/nfs/algovirginia/workspace/DeepfakeDetectionRenewed/data/vcc2020/audio/T04/task1/team04_intra-TEM1_SEM1_E30002.wav,1,VCC2020_T04,
train,__hf__,0,librispeech,22136
train,/lambda/nfs/algovirginia/workspace/DeepfakeDetectionRenewed/data/vcc2020/audio/T19/task1/team19_intra-TEF2_SEF1_E30003.wav,1,VCC2020_T19,
train,/lambda/nfs/algovirginia/workspace/DeepfakeDetectionRenewed/data/wavefake/generated_audio/ljspeech_parallel_wavegan/LJ030-0101_gen.wav,1,ljspeech_parallel_wavegan,
train,/lambda/nfs/algovirginia/workspace/DeepfakeDetectionRenewed/data/vcc2020/audio/T32/task1/team32_intra-TEM1_SEF1_E30004.wav,1,VCC2020_T32,
train,__hf__,0,librispeech,16740
train,__hf__,0,librispeech,27288
train,__hf__,0,librispeech,23028
train,/lambda/nfs/algovirginia/workspace/DeepfakeDetectionRenewed/data/vcc2020/audio/T01/task1/team01_intra-TEM2_SEF1_E30001.wav,1,VCC2020_T01,
train,/lambda/nfs/algovirginia/workspace/DeepfakeDetectionRenewed/data/vcc2020/audio/T27/task1/team27_intra-TEF1_SEF1_E30002.wav,1,VCC2020_T27,
train,__hf__,0,librispeech,8037
train,/lambda/nfs/algovirginia/workspace/DeepfakeDetectionRenewed/data/wavefake/generated_audio/ljspeech_waveglow/LJ017-0219.wav,1,ljspeech_waveglow,
train,__hf__,0,librispeech,2858
train,__hf__,0,librispeech,3284
train,__hf__,0,librispeech,21957
train,__hf__,0,librispeech,13964
train,__hf__,0,librispeech,9016
train,/lambda/nfs/algovirginia/workspace/DeepfakeDetectionRenewed/data/vcc2020/audio/T30/task1/team30_intra-TEF1_SEM1_E30004.wav,1,VCC2020_T30,
train,__hf__,0,librispeech,5902
train,__hf__,0,librispeech,1088
train,__hf__,0,librispeech,2341
train,__hf__,0,librispeech,10869
train,/lambda/nfs/algovirginia/workspace/DeepfakeDetectionRenewed/data/wavefake/generated_audio/ljspeech_melgan_large/LJ028-0232_gen.wav,1,ljspeech_melgan_large,
train,__hf__,0,librispeech,27351
train,__hf__,0,librispeech,14966
train,__hf__,0,librispeech,7536
train,__hf__,0,librispeech,9986
train,/lambda/nfs/algovirginia/workspace/DeepfakeDetectionRenewed/data/vcc2020/audio/T18/task1/team18_intra-TEM1_SEM1_E30001.wav,1,VCC2020_T18,
train,__hf__,0,librispeech,22327
train,/lambda/nfs/algovirginia/workspace/DeepfakeDetectionRenewed/data/wavefake/generated_audio/ljspeech_waveglow/LJ048-0146.wav,1,ljspeech_waveglow,
train,/lambda/nfs/algovirginia/workspace/DeepfakeDetectionRenewed/data/vcc2020/audio/T24/task1/team24_intra-TEM2_SEM1_E30004.wav,1,VCC2020_T24,
train,/lambda/nfs/algovirginia/workspace/DeepfakeDetectionRenewed/data/vcc2020/audio/T03/task1/team03_intra-TEF2_SEF1_E30004.wav,1,VCC2020_T03,
train,__hf__,0,librispeech,18424
train,/lambda/nfs/algovirginia/workspace/DeepfakeDetectionRenewed/data/wavefake/generated_audio/ljspeech_multi_band_melgan/LJ034-0117_gen.wav,1,ljspeech_multi_band_melgan,
train,/lambda/nfs/algovirginia/workspace/DeepfakeDetectionRenewed/data/vcc2020/audio/T06/task1/team06_intra-TEM1_SEM1_E30004.wav,1,VCC2020_T06,
train,/lambda/nfs/algovirginia/workspace/DeepfakeDetectionRenewed/data/wavefake/generated_audio/ljspeech_waveglow/LJ018-0146.wav,1,ljspeech_waveglow,
train,/lambda/nfs/algovirginia/workspace/DeepfakeDetectionRenewed/data/vcc2020/audio/T14/task1/team14_intra-TEM1_SEM1_E30005.wav,1,VCC2020_T14,
train,__hf__,0,librispeech,15261
train,/lambda/nfs/algovirginia/workspace/DeepfakeDetectionRenewed/data/wavefake/generated_audio/ljspeech_melgan/LJ050-0123_gen.wav,1,ljspeech_melgan,
train,__hf__,0,librispeech,14003
train,__hf__,0,librispeech,4502
train,__hf__,0,librispeech,21992
train,/lambda/nfs/algovirginia/workspace/DeepfakeDetectionRenewed/data/vcc2020/audio/T03/task1/team03_intra-TEM2_SEM2_E30001.wav,1,VCC2020_T03,
train,__hf__,0,librispeech,20918
train,/lambda/nfs/algovirginia/workspace/DeepfakeDetectionRenewed/data/vcc2020/audio/T08/task1/team08_intra-TEF1_SEF1_E30004.wav,1,VCC2020_T08,
train,__hf__,0,librispeech,3336
train,/lambda/nfs/algovirginia/workspace/DeepfakeDetectionRenewed/data/wavefake/generated_audio/ljspeech_hifiGAN/LJ032-0127_generated.wav,1,ljspeech_hifiGAN,
train,/lambda/nfs/algovirginia/workspace/DeepfakeDetectionRenewed/data/wavefake/generated_audio/ljspeech_hifiGAN/LJ049-0153_generated.wav,1,ljspeech_hifiGAN,
train,__hf__,0,librispeech,9717
train,__hf__,0,librispeech,27914
train,__hf__,0,librispeech,22985
train,/lambda/nfs/algovirginia/workspace/DeepfakeDetectionRenewed/data/wavefake/generated_audio/ljspeech_hifiGAN/LJ043-0138_generated.wav,1,ljspeech_hifiGAN,
train,/lambda/nfs/algovirginia/workspace/DeepfakeDetectionRenewed/data/vcc2020/audio/T33/task1/team33_intra-TEF2_SEM1_E30001.wav,1,VCC2020_T33,
train,__hf__,0,librispeech,23614
train,__hf__,0,librispeech,5885
train,/lambda/nfs/algovirginia/workspace/DeepfakeDetectionRenewed/data/vcc2020/audio/T16/task1/team16_intra-TEF1_SEM1_E30005.wav,1,VCC2020_T16,
train,__hf__,0,librispeech,23760
train,__hf__,0,librispeech,26119
train,/lambda/nfs/algovirginia/workspace/DeepfakeDetectionRenewed/data/wavefake/generated_audio/ljspeech_parallel_wavegan/LJ019-0343_gen.wav,1,ljspeech_parallel_wavegan,
train,/lambda/nfs/algovirginia/workspace/DeepfakeDetectionRenewed/data/wavefake/generated_audio/ljspeech_multi_band_melgan/LJ036-0034_gen.wav,1,ljspeech_multi_band_melgan,
train,/lambda/nfs/algovirginia/workspace/DeepfakeDetectionRenewed/data/wavefake/generated_audio/ljspeech_full_band_melgan/LJ032-0169_gen.wav,1,ljspeech_full_band_melgan,
train,__hf__,0,librispeech,17271
train,/lambda/nfs/algovirginia/workspace/DeepfakeDetectionRenewed/data/wavefake/generated_audio/ljspeech_full_band_melgan/LJ050-0123_gen.wav,1,ljspeech_full_band_melgan,
train,__hf__,0,librispeech,13151
train,/lambda/nfs/algovirginia/workspace/DeepfakeDetectionRenewed/data/wavefake/generated_audio/ljspeech_parallel_wavegan/LJ002-0223_gen.wav,1,ljspeech_parallel_wavegan,
train,/lambda/nfs/algovirginia/workspace/DeepfakeDetectionRenewed/data/wavefake/generated_audio/ljspeech_hifiGAN/LJ036-0191_generated.wav,1,ljspeech_hifiGAN,
train,/lambda/nfs/algovirginia/workspace/DeepfakeDetectionRenewed/data/vcc2020/audio/T03/task1/team03_intra-TEF2_SEF2_E30001.wav,1,VCC2020_T03,
train,__hf__,0,librispeech,2111
train,/lambda/nfs/algovirginia/workspace/DeepfakeDetectionRenewed/data/vcc2020/audio/T26/task1/team26_intra-TEF2_SEF1_E30001.wav,1,VCC2020_T26,
train,/lambda/nfs/algovirginia/workspace/DeepfakeDetectionRenewed/data/wavefake/generated_audio/ljspeech_waveglow/LJ027-0165.wav,1,ljspeech_waveglow,
train,/lambda/nfs/algovirginia/workspace/DeepfakeDetectionRenewed/data/wavefake/generated_audio/ljspeech_parallel_wavegan/LJ024-0141_gen.wav,1,ljspeech_parallel_wavegan,
train,__hf__,0,librispeech,27690
train,/lambda/nfs/algovirginia/workspace/DeepfakeDetectionRenewed/data/wavefake/generated_audio/ljspeech_waveglow/LJ049-0157.wav,1,ljspeech_waveglow,
train,/lambda/nfs/algovirginia/workspace/DeepfakeDetectionRenewed/data/vcc2020/audio/T09/task1/team09_intra-TEF1_SEM1_E30002.wav,1,VCC2020_T09,
train,__hf__,0,librispeech,9713
train,/lambda/nfs/algovirginia/workspace/DeepfakeDetectionRenewed/data/wavefake/generated_audio/ljspeech_parallel_wavegan/LJ015-0204_gen.wav,1,ljspeech_parallel_wavegan,
train,/lambda/nfs/algovirginia/workspace/DeepfakeDetectionRenewed/data/vcc2020/audio/T27/task1/team27_intra-TEM1_SEF1_E30002.wav,1,VCC2020_T27,
train,/lambda/nfs/algovirginia/workspace/DeepfakeDetectionRenewed/data/vcc2020/audio/T12/task1/team12_intra-TEF2_SEF2_E30005.wav,1,VCC2020_T12,
train,/lambda/nfs/algovirginia/workspace/DeepfakeDetectionRenewed/data/wavefake/generated_audio/ljspeech_melgan/LJ042-0249_gen.wav,1,ljspeech_melgan,
train,__hf__,0,librispeech,23807
train,__hf__,0,librispeech,5934
train,/lambda/nfs/algovirginia/workspace/DeepfakeDetectionRenewed/data/wavefake/generated_audio/ljspeech_multi_band_melgan/LJ050-0215_gen.wav,1,ljspeech_multi_band_melgan,
train,__hf__,0,librispeech,1171
train,__hf__,0,librispeech,2880
train,/lambda/nfs/algovirginia/workspace/DeepfakeDetectionRenewed/data/vcc2020/audio/T14/task1/team14_intra-TEF2_SEM2_E30001.wav,1,VCC2020_T14,
train,__hf__,0,librispeech,19243
train,__hf__,0,librispeech,20139
train,/lambda/nfs/algovirginia/workspace/DeepfakeDetectionRenewed/data/vcc2020/audio/T02/task1/team02_intra-TEF2_SEM1_E30004.wav,1,VCC2020_T02,
train,/lambda/nfs/algovirginia/workspace/DeepfakeDetectionRenewed/data/wavefake/generated_audio/ljspeech_parallel_wavegan/LJ011-0125_gen.wav,1,ljspeech_parallel_wavegan,
train,__hf__,0,librispeech,18477
train,/lambda/nfs/algovirginia/workspace/DeepfakeDetectionRenewed/data/wavefake/generated_audio/ljspeech_melgan_large/LJ006-0276_gen.wav,1,ljspeech_melgan_large,
train,/lambda/nfs/algovirginia/workspace/DeepfakeDetectionRenewed/data/vcc2020/audio/T04/task1/team04_intra-TEM1_SEF2_E30004.wav,1,VCC2020_T04,
train,/lambda/nfs/algovirginia/workspace/DeepfakeDetectionRenewed/data/wavefake/generated_audio/ljspeech_waveglow/LJ004-0220.wav,1,ljspeech_waveglow,
train,/lambda/nfs/algovirginia/workspace/DeepfakeDetectionRenewed/data/vcc2020/audio/T10/task1/team10_intra-TEM2_SEM1_E30003.wav,1,VCC2020_T10,
train,/lambda/nfs/algovirginia/workspace/DeepfakeDetectionRenewed/data/vcc2020/audio/T27/task1/team27_intra-TEF2_SEF1_E30004.wav,1,VCC2020_T27,
train,__hf__,0,librispeech,9952
train,__hf__,0,librispeech,10560
train,/lambda/nfs/algovirginia/workspace/DeepfakeDetectionRenewed/data/vcc2020/audio/T21/task1/team21_intra-TEM1_SEF1_E30002.wav,1,VCC2020_T21,
train,__hf__,0,librispeech,13028
train,__hf__,0,librispeech,28326
train,/lambda/nfs/algovirginia/workspace/DeepfakeDetectionRenewed/data/wavefake/generated_audio/ljspeech_full_band_melgan/LJ033-0147_gen.wav,1,ljspeech_full_band_melgan,
train,/lambda/nfs/algovirginia/workspace/DeepfakeDetectionRenewed/data/wavefake/generated_audio/ljspeech_hifiGAN/LJ021-0127_generated.wav,1,ljspeech_hifiGAN,
train,__hf__,0,librispeech,17941
train,/lambda/nfs/algovirginia/workspace/DeepfakeDetectionRenewed/data/wavefake/generated_audio/ljspeech_melgan_large/LJ003-0005_gen.wav,1,ljspeech_melgan_large,
train,/lambda/nfs/algovirginia/workspace/DeepfakeDetectionRenewed/data/wavefake/generated_audio/common_voices_prompts_from_conformer_fastspeech2_pwg_ljspeech/gen_4297.wav,1,common_voices_prompts_from_conformer_fastspeech2_pwg_ljspeech,
train,__hf__,0,librispeech,10702
train,__hf__,0,librispeech,27375
train,__hf__,0,librispeech,2857
train,/lambda/nfs/algovirginia/workspace/DeepfakeDetectionRenewed/data/wavefake/generated_audio/ljspeech_parallel_wavegan/LJ005-0149_gen.wav,1,ljspeech_parallel_wavegan,
train,__hf__,0,librispeech,3186
train,__hf__,0,librispeech,9365
train,/lambda/nfs/algovirginia/workspace/DeepfakeDetectionRenewed/data/vcc2020/audio/T27/task1/team27_intra-TEF2_SEF2_E30005.wav,1,VCC2020_T27,
train,__hf__,0,librispeech,4885
train,/lambda/nfs/algovirginia/workspace/DeepfakeDetectionRenewed/data/vcc2020/audio/T27/task1/team27_intra-TEF2_SEF1_E30002.wav,1,VCC2020_T27,
train,/lambda/nfs/algovirginia/workspace/DeepfakeDetectionRenewed/data/wavefake/generated_audio/ljspeech_multi_band_melgan/LJ033-0127_gen.wav,1,ljspeech_multi_band_melgan,
train,__hf__,0,librispeech,3311
train,/lambda/nfs/algovirginia/workspace/DeepfakeDetectionRenewed/data/vcc2020/audio/T27/task1/team27_intra-TEF1_SEF1_E30005.wav,1,VCC2020_T27,
train,/lambda/nfs/algovirginia/workspace/DeepfakeDetectionRenewed/data/vcc2020/audio/T32/task1/team32_intra-TEF2_SEM1_E30003.wav,1,VCC2020_T32,
train,__hf__,0,librispeech,4256
train,/lambda/nfs/algovirginia/workspace/DeepfakeDetectionRenewed/data/wavefake/generated_audio/ljspeech_melgan/LJ017-0021_gen.wav,1,ljspeech_melgan,
train,__hf__,0,librispeech,28473
train,/lambda/nfs/algovirginia/workspace/DeepfakeDetectionRenewed/data/wavefake/generated_audio/ljspeech_waveglow/LJ036-0177.wav,1,ljspeech_waveglow,
train,/lambda/nfs/algovirginia/workspace/DeepfakeDetectionRenewed/data/vcc2020/audio/T18/task1/team18_intra-TEM1_SEM1_E30004.wav,1,VCC2020_T18,
train,__hf__,0,librispeech,7145
train,__hf__,0,librispeech,1284
train,__hf__,0,librispeech,1801
train,__hf__,0,librispeech,14106
train,__hf__,0,librispeech,9432
train,/lambda/nfs/algovirginia/workspace/DeepfakeDetectionRenewed/data/wavefake/generated_audio/ljspeech_waveglow/LJ015-0025.wav,1,ljspeech_waveglow,
train,/lambda/nfs/algovirginia/workspace/DeepfakeDetectionRenewed/data/vcc2020/audio/T06/task1/team06_intra-TEM2_SEF2_E30004.wav,1,VCC2020_T06,
train,__hf__,0,librispeech,8733
train,/lambda/nfs/algovirginia/workspace/DeepfakeDetectionRenewed/data/vcc2020/audio/T27/task1/team27_intra-TEM2_SEM1_E30001.wav,1,VCC2020_T27,
train,__hf__,0,librispeech,10698
train,__hf__,0,librispeech,12921
train,/lambda/nfs/algovirginia/workspace/DeepfakeDetectionRenewed/data/wavefake/generated_audio/ljspeech_melgan/LJ032-0131_gen.wav,1,ljspeech_melgan,
train,/lambda/nfs/algovirginia/workspace/DeepfakeDetectionRenewed/data/vcc2020/audio/T13/task1/team13_intra-TEF2_SEF2_E30002.wav,1,VCC2020_T13,
train,/lambda/nfs/algovirginia/workspace/DeepfakeDetectionRenewed/data/vcc2020/audio/T23/task1/team23_intra-TEM2_SEM1_E30002.wav,1,VCC2020_T23,
train,__hf__,0,librispeech,2200
train,__hf__,0,librispeech,408
train,/lambda/nfs/algovirginia/workspace/DeepfakeDetectionRenewed/data/vcc2020/audio/T24/task1/team24_intra-TEF1_SEM2_E30002.wav,1,VCC2020_T24,
train,/lambda/nfs/algovirginia/workspace/DeepfakeDetectionRenewed/data/vcc2020/audio/T22/task1/team22_intra-TEF1_SEM2_E30002.wav,1,VCC2020_T22,
train,/lambda/nfs/algovirginia/workspace/DeepfakeDetectionRenewed/data/vcc2020/audio/T13/task1/team13_intra-TEF1_SEF2_E30003.wav,1,VCC2020_T13,
train,__hf__,0,librispeech,13014
train,/lambda/nfs/algovirginia/workspace/DeepfakeDetectionRenewed/data/vcc2020/audio/T17/task1/team17_intra-TEM2_SEM1_E30001.wav,1,VCC2020_T17,
train,__hf__,0,librispeech,9063
train,__hf__,0,librispeech,7839
train,/lambda/nfs/algovirginia/workspace/DeepfakeDetectionRenewed/data/wavefake/generated_audio/ljspeech_hifiGAN/LJ002-0199_generated.wav,1,ljspeech_hifiGAN,
train,__hf__,0,librispeech,5032
train,/lambda/nfs/algovirginia/workspace/DeepfakeDetectionRenewed/data/vcc2020/audio/T22/task1/team22_intra-TEF1_SEF1_E30001.wav,1,VCC2020_T22,
train,/lambda/nfs/algovirginia/workspace/DeepfakeDetectionRenewed/data/vcc2020/audio/T18/task1/team18_intra-TEM2_SEF1_E30005.wav,1,VCC2020_T18,
train,/lambda/nfs/algovirginia/workspace/DeepfakeDetectionRenewed/data/wavefake/generated_audio/ljspeech_melgan_large/LJ023-0086_gen.wav,1,ljspeech_melgan_large,
train,/lambda/nfs/algovirginia/workspace/DeepfakeDetectionRenewed/data/wavefake/generated_audio/ljspeech_waveglow/LJ040-0044.wav,1,ljspeech_waveglow,
train,__hf__,0,librispeech,7417
train,/lambda/nfs/algovirginia/workspace/DeepfakeDetectionRenewed/data/vcc2020/audio/T03/task1/team03_intra-TEM2_SEM2_E30004.wav,1,VCC2020_T03,
train,/lambda/nfs/algovirginia/workspace/DeepfakeDetectionRenewed/data/vcc2020/audio/T01/task1/team01_intra-TEF2_SEM1_E30001.wav,1,VCC2020_T01,
train,__hf__,0,librispeech,18029
train,/lambda/nfs/algovirginia/workspace/DeepfakeDetectionRenewed/data/vcc2020/audio/T16/task1/team16_intra-TEM2_SEF2_E30002.wav,1,VCC2020_T16,
train,/lambda/nfs/algovirginia/workspace/DeepfakeDetectionRenewed/data/wavefake/generated_audio/ljspeech_full_band_melgan/LJ010-0249_gen.wav,1,ljspeech_full_band_melgan,
train,/lambda/nfs/algovirginia/workspace/DeepfakeDetectionRenewed/data/wavefake/generated_audio/common_voices_prompts_from_conformer_fastspeech2_pwg_ljspeech/gen_8000.wav,1,common_voices_prompts_from_conformer_fastspeech2_pwg_ljspeech,
train,/lambda/nfs/algovirginia/workspace/DeepfakeDetectionRenewed/data/vcc2020/audio/T20/task1/team20_intra-TEM2_SEF2_E30003.wav,1,VCC2020_T20,
train,__hf__,0,librispeech,2662
train,__hf__,0,librispeech,3462
train,/lambda/nfs/algovirginia/workspace/DeepfakeDetectionRenewed/data/wavefake/generated_audio/ljspeech_full_band_melgan/LJ034-0135_gen.wav,1,ljspeech_full_band_melgan,
train,__hf__,0,librispeech,28075
train,/lambda/nfs/algovirginia/workspace/DeepfakeDetectionRenewed/data/vcc2020/audio/T09/task1/team09_intra-TEM1_SEM2_E30004.wav,1,VCC2020_T09,
train,/lambda/nfs/algovirginia/workspace/DeepfakeDetectionRenewed/data/wavefake/generated_audio/ljspeech_hifiGAN/LJ019-0036_generated.wav,1,ljspeech_hifiGAN,
train,__hf__,0,librispeech,21995
train,/lambda/nfs/algovirginia/workspace/DeepfakeDetectionRenewed/data/vcc2020/audio/T06/task1/team06_intra-TEM2_SEF1_E30005.wav,1,VCC2020_T06,
train,/lambda/nfs/algovirginia/workspace/DeepfakeDetectionRenewed/data/vcc2020/audio/T12/task1/team12_intra-TEF2_SEF2_E30001.wav,1,VCC2020_T12,
train,/lambda/nfs/algovirginia/workspace/DeepfakeDetectionRenewed/data/vcc2020/audio/T24/task1/team24_intra-TEF1_SEF2_E30004.wav,1,VCC2020_T24,
train,__hf__,0,librispeech,11453
train,/lambda/nfs/algovirginia/workspace/DeepfakeDetectionRenewed/data/vcc2020/audio/T24/task1/team24_intra-TEM2_SEF1_E30005.wav,1,VCC2020_T24,
train,__hf__,0,librispeech,27166
train,__hf__,0,librispeech,27508
train,/lambda/nfs/algovirginia/workspace/DeepfakeDetectionRenewed/data/vcc2020/audio/T22/task1/team22_intra-TEF2_SEF1_E30005.wav,1,VCC2020_T22,
train,/lambda/nfs/algovirginia/workspace/DeepfakeDetectionRenewed/data/vcc2020/audio/T18/task1/team18_intra-TEF2_SEF1_E30004.wav,1,VCC2020_T18,
train,__hf__,0,librispeech,24951
train,/lambda/nfs/algovirginia/workspace/DeepfakeDetectionRenewed/data/wavefake/generated_audio/ljspeech_waveglow/LJ004-0097.wav,1,ljspeech_waveglow,
train,__hf__,0,librispeech,21076
train,__hf__,0,librispeech,14517
train,/lambda/nfs/algovirginia/workspace/DeepfakeDetectionRenewed/data/vcc2020/audio/T16/task1/team16_intra-TEF1_SEF1_E30001.wav,1,VCC2020_T16,
train,__hf__,0,librispeech,19406
train,__hf__,0,librispeech,25128
train,__hf__,0,librispeech,20655
train,/lambda/nfs/algovirginia/workspace/DeepfakeDetectionRenewed/data/wavefake/generated_audio/ljspeech_hifiGAN/LJ003-0061_generated.wav,1,ljspeech_hifiGAN,
train,__hf__,0,librispeech,18303
train,/lambda/nfs/algovirginia/workspace/DeepfakeDetectionRenewed/data/wavefake/generated_audio/ljspeech_full_band_melgan/LJ006-0057_gen.wav,1,ljspeech_full_band_melgan,
train,/lambda/nfs/algovirginia/workspace/DeepfakeDetectionRenewed/data/wavefake/generated_audio/ljspeech_hifiGAN/LJ042-0037_generated.wav,1,ljspeech_hifiGAN,
train,__hf__,0,librispeech,12475
train,__hf__,0,librispeech,26295
train,__hf__,0,librispeech,5381
train,__hf__,0,librispeech,21108
train,__hf__,0,librispeech,4642
train,__hf__,0,librispeech,16915
train,/lambda/nfs/algovirginia/workspace/DeepfakeDetectionRenewed/data/vcc2020/audio/T28/task1/team28_intra-TEF1_SEF2_E30003.wav,1,VCC2020_T28,
train,/lambda/nfs/algovirginia/workspace/DeepfakeDetectionRenewed/data/wavefake/generated_audio/common_voices_prompts_from_conformer_fastspeech2_pwg_ljspeech/gen_11231.wav,1,common_voices_prompts_from_conformer_fastspeech2_pwg_ljspeech,
train,/lambda/nfs/algovirginia/workspace/DeepfakeDetectionRenewed/data/wavefake/generated_audio/ljspeech_melgan/LJ046-0233_gen.wav,1,ljspeech_melgan,
train,__hf__,0,librispeech,15703
train,__hf__,0,librispeech,23986
train,__hf__,0,librispeech,13323
train,/lambda/nfs/algovirginia/workspace/DeepfakeDetectionRenewed/data/wavefake/generated_audio/ljspeech_melgan_large/LJ049-0225_gen.wav,1,ljspeech_melgan_large,
train,/lambda/nfs/algovirginia/workspace/DeepfakeDetectionRenewed/data/wavefake/generated_audio/ljspeech_melgan/LJ031-0195_gen.wav,1,ljspeech_melgan,
train,/lambda/nfs/algovirginia/workspace/DeepfakeDetectionRenewed/data/wavefake/generated_audio/common_voices_prompts_from_conformer_fastspeech2_pwg_ljspeech/gen_511.wav,1,common_voices_prompts_from_conformer_fastspeech2_pwg_ljspeech,
train,__hf__,0,librispeech,7478
train,/lambda/nfs/algovirginia/workspace/DeepfakeDetectionRenewed/data/vcc2020/audio/T28/task1/team28_intra-TEM1_SEF2_E30005.wav,1,VCC2020_T28,
train,/lambda/nfs/algovirginia/workspace/DeepfakeDetectionRenewed/data/vcc2020/audio/T20/task1/team20_intra-TEF2_SEM1_E30002.wav,1,VCC2020_T20,
train,__hf__,0,librispeech,23451
train,__hf__,0,librispeech,3433
train,__hf__,0,librispeech,4475
train,/lambda/nfs/algovirginia/workspace/DeepfakeDetectionRenewed/data/vcc2020/audio/T06/task1/team06_intra-TEM1_SEF2_E30003.wav,1,VCC2020_T06,
train,__hf__,0,librispeech,7461
train,__hf__,0,librispeech,9303
train,__hf__,0,librispeech,21809
train,/lambda/nfs/algovirginia/workspace/DeepfakeDetectionRenewed/data/wavefake/generated_audio/ljspeech_multi_band_melgan/LJ037-0006_gen.wav,1,ljspeech_multi_band_melgan,
train,/lambda/nfs/algovirginia/workspace/DeepfakeDetectionRenewed/data/vcc2020/audio/T10/task1/team10_intra-TEM1_SEM1_E30005.wav,1,VCC2020_T10,
train,/lambda/nfs/algovirginia/workspace/DeepfakeDetectionRenewed/data/vcc2020/audio/T11/task1/team11_intra-TEF1_SEM2_E30004.wav,1,VCC2020_T11,
train,__hf__,0,librispeech,10592
train,__hf__,0,librispeech,21565
train,/lambda/nfs/algovirginia/workspace/DeepfakeDetectionRenewed/data/wavefake/generated_audio/ljspeech_melgan/LJ015-0077_gen.wav,1,ljspeech_melgan,
train,__hf__,0,librispeech,22509
train,/lambda/nfs/algovirginia/workspace/DeepfakeDetectionRenewed/data/wavefake/generated_audio/ljspeech_waveglow/LJ043-0155.wav,1,ljspeech_waveglow,
train,/lambda/nfs/algovirginia/workspace/DeepfakeDetectionRenewed/data/wavefake/generated_audio/ljspeech_multi_band_melgan/LJ002-0109_gen.wav,1,ljspeech_multi_band_melgan,
train,__hf__,0,librispeech,20069
train,/lambda/nfs/algovirginia/workspace/DeepfakeDetectionRenewed/data/vcc2020/audio/T04/task1/team04_intra-TEM2_SEF2_E30001.wav,1,VCC2020_T04,
train,__hf__,0,librispeech,2575
train,/lambda/nfs/algovirginia/workspace/DeepfakeDetectionRenewed/data/wavefake/generated_audio/ljspeech_multi_band_melgan/LJ004-0228_gen.wav,1,ljspeech_multi_band_melgan,
train,/lambda/nfs/algovirginia/workspace/DeepfakeDetectionRenewed/data/wavefake/generated_audio/ljspeech_melgan_large/LJ049-0007_gen.wav,1,ljspeech_melgan_large,
train,__hf__,0,librispeech,14808
train,__hf__,0,librispeech,15195
train,/lambda/nfs/algovirginia/workspace/DeepfakeDetectionRenewed/data/wavefake/generated_audio/common_voices_prompts_from_conformer_fastspeech2_pwg_ljspeech/gen_16156.wav,1,common_voices_prompts_from_conformer_fastspeech2_pwg_ljspeech,
train,__hf__,0,librispeech,24577
train,/lambda/nfs/algovirginia/workspace/DeepfakeDetectionRenewed/data/vcc2020/audio/T18/task1/team18_intra-TEM2_SEF1_E30004.wav,1,VCC2020_T18,
train,__hf__,0,librispeech,14066
train,/lambda/nfs/algovirginia/workspace/DeepfakeDetectionRenewed/data/vcc2020/audio/T12/task1/team12_intra-TEF2_SEM1_E30005.wav,1,VCC2020_T12,
train,__hf__,0,librispeech,11137
train,__hf__,0,librispeech,12602
train,/lambda/nfs/algovirginia/workspace/DeepfakeDetectionRenewed/data/wavefake/generated_audio/ljspeech_parallel_wavegan/LJ048-0096_gen.wav,1,ljspeech_parallel_wavegan,
train,/lambda/nfs/algovirginia/workspace/DeepfakeDetectionRenewed/data/wavefake/generated_audio/ljspeech_multi_band_melgan/LJ019-0190_gen.wav,1,ljspeech_multi_band_melgan,
train,/lambda/nfs/algovirginia/workspace/DeepfakeDetectionRenewed/data/wavefake/generated_audio/common_voices_prompts_from_conformer_fastspeech2_pwg_ljspeech/gen_14939.wav,1,common_voices_prompts_from_conformer_fastspeech2_pwg_ljspeech,
train,__hf__,0,librispeech,5326
train,/lambda/nfs/algovirginia/workspace/DeepfakeDetectionRenewed/data/vcc2020/audio/T17/task1/team17_intra-TEF2_SEF2_E30005.wav,1,VCC2020_T17,
train,/lambda/nfs/algovirginia/workspace/DeepfakeDetectionRenewed/data/wavefake/generated_audio/ljspeech_full_band_melgan/LJ001-0034_gen.wav,1,ljspeech_full_band_melgan,
train,__hf__,0,librispeech,13112
train,__hf__,0,librispeech,21290
train,__hf__,0,librispeech,4791
train,/lambda/nfs/algovirginia/workspace/DeepfakeDetectionRenewed/data/wavefake/generated_audio/ljspeech_full_band_melgan/LJ016-0254_gen.wav,1,ljspeech_full_band_melgan,
train,/lambda/nfs/algovirginia/workspace/DeepfakeDetectionRenewed/data/vcc2020/audio/T01/task1/team01_intra-TEM2_SEM1_E30003.wav,1,VCC2020_T01,
train,__hf__,0,librispeech,20401
train,/lambda/nfs/algovirginia/workspace/DeepfakeDetectionRenewed/data/wavefake/generated_audio/ljspeech_melgan/LJ030-0045_gen.wav,1,ljspeech_melgan,
train,__hf__,0,librispeech,8393
train,/lambda/nfs/algovirginia/workspace/DeepfakeDetectionRenewed/data/vcc2020/audio/T17/task1/team17_intra-TEM1_SEM2_E30002.wav,1,VCC2020_T17,
train,/lambda/nfs/algovirginia/workspace/DeepfakeDetectionRenewed/data/vcc2020/audio/T32/task1/team32_intra-TEM1_SEM1_E30001.wav,1,VCC2020_T32,
train,/lambda/nfs/algovirginia/workspace/DeepfakeDetectionRenewed/data/wavefake/generated_audio/ljspeech_melgan_large/LJ031-0185_gen.wav,1,ljspeech_melgan_large,
train,__hf__,0,librispeech,5640
train,/lambda/nfs/algovirginia/workspace/DeepfakeDetectionRenewed/data/wavefake/generated_audio/common_voices_prompts_from_conformer_fastspeech2_pwg_ljspeech/gen_15984.wav,1,common_voices_prompts_from_conformer_fastspeech2_pwg_ljspeech,
train,__hf__,0,librispeech,5931
train,/lambda/nfs/algovirginia/workspace/DeepfakeDetectionRenewed/data/vcc2020/audio/T27/task1/team27_intra-TEM1_SEM2_E30003.wav,1,VCC2020_T27,
train,/lambda/nfs/algovirginia/workspace/DeepfakeDetectionRenewed/data/vcc2020/audio/T25/task1/team25_intra-TEM2_SEF1_E30004.wav,1,VCC2020_T25,
train,__hf__,0,librispeech,10616
train,__hf__,0,librispeech,2712
train,/lambda/nfs/algovirginia/workspace/DeepfakeDetectionRenewed/data/vcc2020/audio/T27/task1/team27_intra-TEM1_SEF1_E30001.wav,1,VCC2020_T27,
train,/lambda/nfs/algovirginia/workspace/DeepfakeDetectionRenewed/data/wavefake/generated_audio/common_voices_prompts_from_conformer_fastspeech2_pwg_ljspeech/gen_10125.wav,1,common_voices_prompts_from_conformer_fastspeech2_pwg_ljspeech,
train,/lambda/nfs/algovirginia/workspace/DeepfakeDetectionRenewed/data/wavefake/generated_audio/ljspeech_multi_band_melgan/LJ036-0069_gen.wav,1,ljspeech_multi_band_melgan,
train,__hf__,0,librispeech,7419
train,/lambda/nfs/algovirginia/workspace/DeepfakeDetectionRenewed/data/wavefake/generated_audio/ljspeech_multi_band_melgan/LJ008-0152_gen.wav,1,ljspeech_multi_band_melgan,
train,/lambda/nfs/algovirginia/workspace/DeepfakeDetectionRenewed/data/wavefake/generated_audio/ljspeech_melgan_large/LJ028-0381_gen.wav,1,ljspeech_melgan_large,
train,/lambda/nfs/algovirginia/workspace/DeepfakeDetectionRenewed/data/vcc2020/audio/T03/task1/team03_intra-TEF1_SEF1_E30003.wav,1,VCC2020_T03,
train,/lambda/nfs/algovirginia/workspace/DeepfakeDetectionRenewed/data/vcc2020/audio/T11/task1/team11_intra-TEF2_SEM1_E30002.wav,1,VCC2020_T11,
train,__hf__,0,librispeech,20697
train,/lambda/nfs/algovirginia/workspace/DeepfakeDetectionRenewed/data/wavefake/generated_audio/ljspeech_parallel_wavegan/LJ026-0012_gen.wav,1,ljspeech_parallel_wavegan,
train,__hf__,0,librispeech,20349
train,/lambda/nfs/algovirginia/workspace/DeepfakeDetectionRenewed/data/vcc2020/audio/T31/task1/team31_intra-TEF2_SEM2_E30005.wav,1,VCC2020_T31,
train,__hf__,0,librispeech,15335
train,__hf__,0,librispeech,12493
train,__hf__,0,librispeech,23938
train,/lambda/nfs/algovirginia/workspace/DeepfakeDetectionRenewed/data/wavefake/generated_audio/ljspeech_hifiGAN/LJ030-0140_generated.wav,1,ljspeech_hifiGAN,
train,/lambda/nfs/algovirginia/workspace/DeepfakeDetectionRenewed/data/vcc2020/audio/T21/task1/team21_intra-TEF1_SEF1_E30004.wav,1,VCC2020_T21,
train,__hf__,0,librispeech,10955
train,__hf__,0,librispeech,13321
train,__hf__,0,librispeech,28215
train,/lambda/nfs/algovirginia/workspace/DeepfakeDetectionRenewed/data/wavefake/generated_audio/ljspeech_full_band_melgan/LJ019-0209_gen.wav,1,ljspeech_full_band_melgan,
train,/lambda/nfs/algovirginia/workspace/DeepfakeDetectionRenewed/data/wavefake/generated_audio/ljspeech_hifiGAN/LJ019-0351_generated.wav,1,ljspeech_hifiGAN,
train,__hf__,0,librispeech,11977
train,/lambda/nfs/algovirginia/workspace/DeepfakeDetectionRenewed/data/wavefake/generated_audio/ljspeech_hifiGAN/LJ041-0177_generated.wav,1,ljspeech_hifiGAN,
train,/lambda/nfs/algovirginia/workspace/DeepfakeDetectionRenewed/data/vcc2020/audio/T25/task1/team25_intra-TEF1_SEM2_E30001.wav,1,VCC2020_T25,
train,/lambda/nfs/algovirginia/workspace/DeepfakeDetectionRenewed/data/vcc2020/audio/T22/task1/team22_intra-TEF1_SEM1_E30002.wav,1,VCC2020_T22,
train,__hf__,0,librispeech,25937
train,__hf__,0,librispeech,27380
train,/lambda/nfs/algovirginia/workspace/DeepfakeDetectionRenewed/data/wavefake/generated_audio/ljspeech_multi_band_melgan/LJ007-0065_gen.wav,1,ljspeech_multi_band_melgan,
train,/lambda/nfs/algovirginia/workspace/DeepfakeDetectionRenewed/data/vcc2020/audio/T10/task1/team10_intra-TEM2_SEM1_E30001.wav,1,VCC2020_T10,
train,/lambda/nfs/algovirginia/workspace/DeepfakeDetectionRenewed/data/wavefake/generated_audio/ljspeech_parallel_wavegan/LJ028-0457_gen.wav,1,ljspeech_parallel_wavegan,
train,__hf__,0,librispeech,16010
train,/lambda/nfs/algovirginia/workspace/DeepfakeDetectionRenewed/data/vcc2020/audio/T17/task1/team17_intra-TEM1_SEF1_E30003.wav,1,VCC2020_T17,
train,/lambda/nfs/algovirginia/workspace/DeepfakeDetectionRenewed/data/vcc2020/audio/T09/task1/team09_intra-TEM1_SEF2_E30002.wav,1,VCC2020_T09,
train,/lambda/nfs/algovirginia/workspace/DeepfakeDetectionRenewed/data/vcc2020/audio/T25/task1/team25_intra-TEF1_SEF1_E30003.wav,1,VCC2020_T25,
train,__hf__,0,librispeech,1048
train,__hf__,0,librispeech,3794
train,/lambda/nfs/algovirginia/workspace/DeepfakeDetectionRenewed/data/wavefake/generated_audio/ljspeech_parallel_wavegan/LJ024-0040_gen.wav,1,ljspeech_parallel_wavegan,
train,__hf__,0,librispeech,13346
train,__hf__,0,librispeech,26456
train,__hf__,0,librispeech,7449
train,/lambda/nfs/algovirginia/workspace/DeepfakeDetectionRenewed/data/wavefake/generated_audio/ljspeech_waveglow/LJ007-0011.wav,1,ljspeech_waveglow,
train,/lambda/nfs/algovirginia/workspace/DeepfakeDetectionRenewed/data/wavefake/generated_audio/ljspeech_melgan/LJ050-0062_gen.wav,1,ljspeech_melgan,
train,/lambda/nfs/algovirginia/workspace/DeepfakeDetectionRenewed/data/vcc2020/audio/T22/task1/team22_intra-TEF1_SEM1_E30004.wav,1,VCC2020_T22,
train,/lambda/nfs/algovirginia/workspace/DeepfakeDetectionRenewed/data/wavefake/generated_audio/ljspeech_multi_band_melgan/LJ032-0004_gen.wav,1,ljspeech_multi_band_melgan,
train,__hf__,0,librispeech,7040
train,__hf__,0,librispeech,12172
train,/lambda/nfs/algovirginia/workspace/DeepfakeDetectionRenewed/data/vcc2020/audio/T11/task1/team11_intra-TEM1_SEM1_E30003.wav,1,VCC2020_T11,
train,__hf__,0,librispeech,1959
train,__hf__,0,librispeech,4998
train,/lambda/nfs/algovirginia/workspace/DeepfakeDetectionRenewed/data/vcc2020/audio/T11/task1/team11_intra-TEF2_SEF1_E30004.wav,1,VCC2020_T11,
train,/lambda/nfs/algovirginia/workspace/DeepfakeDetectionRenewed/data/wavefake/generated_audio/ljspeech_hifiGAN/LJ038-0048_generated.wav,1,ljspeech_hifiGAN,
train,__hf__,0,librispeech,18716
train,/lambda/nfs/algovirginia/workspace/DeepfakeDetectionRenewed/data/vcc2020/audio/T11/task1/team11_intra-TEM2_SEF1_E30004.wav,1,VCC2020_T11,
train,/lambda/nfs/algovirginia/workspace/DeepfakeDetectionRenewed/data/vcc2020/audio/T07/task1/team07_intra-TEM1_SEF1_E30003.wav,1,VCC2020_T07,
train,/lambda/nfs/algovirginia/workspace/DeepfakeDetectionRenewed/data/wavefake/generated_audio/ljspeech_waveglow/LJ038-0064.wav,1,ljspeech_waveglow,
train,__hf__,0,librispeech,2886
train,/lambda/nfs/algovirginia/workspace/DeepfakeDetectionRenewed/data/vcc2020/audio/T25/task1/team25_intra-TEF1_SEF2_E30002.wav,1,VCC2020_T25,
train,/lambda/nfs/algovirginia/workspace/DeepfakeDetectionRenewed/data/wavefake/generated_audio/ljspeech_waveglow/LJ048-0134.wav,1,ljspeech_waveglow,
train,__hf__,0,librispeech,14092
train,/lambda/nfs/algovirginia/workspace/DeepfakeDetectionRenewed/data/wavefake/generated_audio/ljspeech_parallel_wavegan/LJ006-0196_gen.wav,1,ljspeech_parallel_wavegan,
train,/lambda/nfs/algovirginia/workspace/DeepfakeDetectionRenewed/data/vcc2020/audio/T14/task1/team14_intra-TEF2_SEF1_E30005.wav,1,VCC2020_T14,
train,__hf__,0,librispeech,3698
train,/lambda/nfs/algovirginia/workspace/DeepfakeDetectionRenewed/data/vcc2020/audio/T28/task1/team28_intra-TEF2_SEM1_E30001.wav,1,VCC2020_T28,
train,/lambda/nfs/algovirginia/workspace/DeepfakeDetectionRenewed/data/vcc2020/audio/T21/task1/team21_intra-TEM1_SEM2_E30005.wav,1,VCC2020_T21,
train,__hf__,0,librispeech,15739
train,/lambda/nfs/algovirginia/workspace/DeepfakeDetectionRenewed/data/vcc2020/audio/T20/task1/team20_intra-TEM1_SEF2_E30004.wav,1,VCC2020_T20,
train,__hf__,0,librispeech,615
train,__hf__,0,librispeech,24576
train,/lambda/nfs/algovirginia/workspace/DeepfakeDetectionRenewed/data/wavefake/generated_audio/common_voices_prompts_from_conformer_fastspeech2_pwg_ljspeech/gen_14479.wav,1,common_voices_prompts_from_conformer_fastspeech2_pwg_ljspeech,
train,/lambda/nfs/algovirginia/workspace/DeepfakeDetectionRenewed/data/vcc2020/audio/T03/task1/team03_intra-TEF1_SEF2_E30005.wav,1,VCC2020_T03,
train,__hf__,0,librispeech,3783
train,__hf__,0,librispeech,23215
train,__hf__,0,librispeech,22429
train,/lambda/nfs/algovirginia/workspace/DeepfakeDetectionRenewed/data/wavefake/generated_audio/ljspeech_hifiGAN/LJ042-0009_generated.wav,1,ljspeech_hifiGAN,
train,__hf__,0,librispeech,16291
train,__hf__,0,librispeech,11266
train,__hf__,0,librispeech,17080
train,__hf__,0,librispeech,17823
train,/lambda/nfs/algovirginia/workspace/DeepfakeDetectionRenewed/data/vcc2020/audio/T01/task1/team01_intra-TEM1_SEF2_E30001.wav,1,VCC2020_T01,
train,__hf__,0,librispeech,164
train,__hf__,0,librispeech,26381
train,/lambda/nfs/algovirginia/workspace/DeepfakeDetectionRenewed/data/wavefake/generated_audio/ljspeech_hifiGAN/LJ033-0083_generated.wav,1,ljspeech_hifiGAN,
train,/lambda/nfs/algovirginia/workspace/DeepfakeDetectionRenewed/data/vcc2020/audio/T18/task1/team18_intra-TEM2_SEF2_E30001.wav,1,VCC2020_T18,
train,/lambda/nfs/algovirginia/workspace/DeepfakeDetectionRenewed/data/wavefake/generated_audio/ljspeech_full_band_melgan/LJ003-0068_gen.wav,1,ljspeech_full_band_melgan,
train,__hf__,0,librispeech,19691
train,__hf__,0,librispeech,21984
train,/lambda/nfs/algovirginia/workspace/DeepfakeDetectionRenewed/data/vcc2020/audio/T33/task1/team33_intra-TEM2_SEM2_E30002.wav,1,VCC2020_T33,
train,__hf__,0,librispeech,1019
train,/lambda/nfs/algovirginia/workspace/DeepfakeDetectionRenewed/data/wavefake/generated_audio/ljspeech_waveglow/LJ037-0211.wav,1,ljspeech_waveglow,
train,__hf__,0,librispeech,5458
train,/lambda/nfs/algovirginia/workspace/DeepfakeDetectionRenewed/data/vcc2020/audio/T21/task1/team21_intra-TEF1_SEF2_E30005.wav,1,VCC2020_T21,
train,/lambda/nfs/algovirginia/workspace/DeepfakeDetectionRenewed/data/wavefake/generated_audio/ljspeech_parallel_wavegan/LJ036-0210_gen.wav,1,ljspeech_parallel_wavegan,
train,/lambda/nfs/algovirginia/workspace/DeepfakeDetectionRenewed/data/vcc2020/audio/T20/task1/team20_intra-TEF2_SEF1_E30003.wav,1,VCC2020_T20,
train,/lambda/nfs/algovirginia/workspace/DeepfakeDetectionRenewed/data/wavefake/generated_audio/ljspeech_parallel_wavegan/LJ006-0133_gen.wav,1,ljspeech_parallel_wavegan,
train,__hf__,0,librispeech,21759
train,/lambda/nfs/algovirginia/workspace/DeepfakeDetectionRenewed/data/wavefake/generated_audio/ljspeech_full_band_melgan/LJ010-0129_gen.wav,1,ljspeech_full_band_melgan,
train,/lambda/nfs/algovirginia/workspace/DeepfakeDetectionRenewed/data/vcc2020/audio/T08/task1/team08_intra-TEM1_SEM2_E30004.wav,1,VCC2020_T08,
train,/lambda/nfs/algovirginia/workspace/DeepfakeDetectionRenewed/data/vcc2020/audio/T02/task1/team02_intra-TEF2_SEM2_E30003.wav,1,VCC2020_T02,
train,/lambda/nfs/algovirginia/workspace/DeepfakeDetectionRenewed/data/vcc2020/audio/T23/task1/team23_intra-TEF1_SEF2_E30002.wav,1,VCC2020_T23,
train,/lambda/nfs/algovirginia/workspace/DeepfakeDetectionRenewed/data/wavefake/generated_audio/ljspeech_hifiGAN/LJ034-0097_generated.wav,1,ljspeech_hifiGAN,
train,__hf__,0,librispeech,21548
train,/lambda/nfs/algovirginia/workspace/DeepfakeDetectionRenewed/data/vcc2020/audio/T01/task1/team01_intra-TEF1_SEM1_E30001.wav,1,VCC2020_T01,
train,/lambda/nfs/algovirginia/workspace/DeepfakeDetectionRenewed/data/wavefake/generated_audio/ljspeech_multi_band_melgan/LJ025-0058_gen.wav,1,ljspeech_multi_band_melgan,
train,__hf__,0,librispeech,9893
train,__hf__,0,librispeech,24770
train,__hf__,0,librispeech,3752
train,__hf__,0,librispeech,6638
train,__hf__,0,librispeech,5206
train,/lambda/nfs/algovirginia/workspace/DeepfakeDetectionRenewed/data/wavefake/generated_audio/common_voices_prompts_from_conformer_fastspeech2_pwg_ljspeech/gen_11120.wav,1,common_voices_prompts_from_conformer_fastspeech2_pwg_ljspeech,
train,__hf__,0,librispeech,6786
train,/lambda/nfs/algovirginia/workspace/DeepfakeDetectionRenewed/data/vcc2020/audio/T02/task1/team02_intra-TEM1_SEM2_E30002.wav,1,VCC2020_T02,
train,__hf__,0,librispeech,1390
train,/lambda/nfs/algovirginia/workspace/DeepfakeDetectionRenewed/data/wavefake/generated_audio/ljspeech_hifiGAN/LJ033-0021_generated.wav,1,ljspeech_hifiGAN,
train,__hf__,0,librispeech,4234
train,/lambda/nfs/algovirginia/workspace/DeepfakeDetectionRenewed/data/vcc2020/audio/T27/task1/team27_intra-TEM1_SEF2_E30005.wav,1,VCC2020_T27,
train,__hf__,0,librispeech,19684
train,/lambda/nfs/algovirginia/workspace/DeepfakeDetectionRenewed/data/wavefake/generated_audio/ljspeech_melgan_large/LJ008-0128_gen.wav,1,ljspeech_melgan_large,
train,/lambda/nfs/algovirginia/workspace/DeepfakeDetectionRenewed/data/wavefake/generated_audio/ljspeech_parallel_wavegan/LJ011-0165_gen.wav,1,ljspeech_parallel_wavegan,
train,/lambda/nfs/algovirginia/workspace/DeepfakeDetectionRenewed/data/wavefake/generated_audio/ljspeech_hifiGAN/LJ014-0051_generated.wav,1,ljspeech_hifiGAN,
train,__hf__,0,librispeech,11507
train,__hf__,0,librispeech,19351
train,/lambda/nfs/algovirginia/workspace/DeepfakeDetectionRenewed/data/vcc2020/audio/T17/task1/team17_intra-TEM2_SEF2_E30001.wav,1,VCC2020_T17,
train,__hf__,0,librispeech,4510
train,__hf__,0,librispeech,19749
train,__hf__,0,librispeech,9900
train,/lambda/nfs/algovirginia/workspace/DeepfakeDetectionRenewed/data/vcc2020/audio/T25/task1/team25_intra-TEM2_SEM1_E30002.wav,1,VCC2020_T25,
train,/lambda/nfs/algovirginia/workspace/DeepfakeDetectionRenewed/data/wavefake/generated_audio/ljspeech_full_band_melgan/LJ028-0293_gen.wav,1,ljspeech_full_band_melgan,
train,/lambda/nfs/algovirginia/workspace/DeepfakeDetectionRenewed/data/wavefake/generated_audio/ljspeech_melgan/LJ035-0061_gen.wav,1,ljspeech_melgan,
train,__hf__,0,librispeech,23393
train,/lambda/nfs/algovirginia/workspace/DeepfakeDetectionRenewed/data/wavefake/generated_audio/ljspeech_multi_band_melgan/LJ005-0285_gen.wav,1,ljspeech_multi_band_melgan,
train,/lambda/nfs/algovirginia/workspace/DeepfakeDetectionRenewed/data/wavefake/generated_audio/ljspeech_hifiGAN/LJ025-0021_generated.wav,1,ljspeech_hifiGAN,
train,/lambda/nfs/algovirginia/workspace/DeepfakeDetectionRenewed/data/vcc2020/audio/T25/task1/team25_intra-TEM1_SEM2_E30005.wav,1,VCC2020_T25,
train,__hf__,0,librispeech,18804
train,/lambda/nfs/algovirginia/workspace/DeepfakeDetectionRenewed/data/wavefake/generated_audio/ljspeech_multi_band_melgan/LJ042-0099_gen.wav,1,ljspeech_multi_band_melgan,
train,__hf__,0,librispeech,3222
train,__hf__,0,librispeech,26994
train,/lambda/nfs/algovirginia/workspace/DeepfakeDetectionRenewed/data/wavefake/generated_audio/ljspeech_melgan/LJ014-0330_gen.wav,1,ljspeech_melgan,
train,__hf__,0,librispeech,21769
train,__hf__,0,librispeech,25271
train,__hf__,0,librispeech,5972
train,__hf__,0,librispeech,3193
train,__hf__,0,librispeech,16377
train,__hf__,0,librispeech,2961
train,__hf__,0,librispeech,19223
train,/lambda/nfs/algovirginia/workspace/DeepfakeDetectionRenewed/data/vcc2020/audio/T04/task1/team04_intra-TEF2_SEM2_E30004.wav,1,VCC2020_T04,
train,__hf__,0,librispeech,26035
train,__hf__,0,librispeech,12442
train,__hf__,0,librispeech,12999
train,__hf__,0,librispeech,15067
train,/lambda/nfs/algovirginia/workspace/DeepfakeDetectionRenewed/data/wavefake/generated_audio/ljspeech_hifiGAN/LJ009-0172_generated.wav,1,ljspeech_hifiGAN,
train,__hf__,0,librispeech,17543
train,/lambda/nfs/algovirginia/workspace/DeepfakeDetectionRenewed/data/wavefake/generated_audio/common_voices_prompts_from_conformer_fastspeech2_pwg_ljspeech/gen_1581.wav,1,common_voices_prompts_from_conformer_fastspeech2_pwg_ljspeech,
train,/lambda/nfs/algovirginia/workspace/DeepfakeDetectionRenewed/data/vcc2020/audio/T31/task1/team31_intra-TEM1_SEM1_E30003.wav,1,VCC2020_T31,
train,__hf__,0,librispeech,5418
train,/lambda/nfs/algovirginia/workspace/DeepfakeDetectionRenewed/data/vcc2020/audio/T16/task1/team16_intra-TEF1_SEM1_E30004.wav,1,VCC2020_T16,
train,/lambda/nfs/algovirginia/workspace/DeepfakeDetectionRenewed/data/wavefake/generated_audio/ljspeech_melgan/LJ018-0218_gen.wav,1,ljspeech_melgan,
train,/lambda/nfs/algovirginia/workspace/DeepfakeDetectionRenewed/data/vcc2020/audio/T32/task1/team32_intra-TEF2_SEM1_E30002.wav,1,VCC2020_T32,
train,/lambda/nfs/algovirginia/workspace/DeepfakeDetectionRenewed/data/wavefake/generated_audio/ljspeech_melgan/LJ002-0167_gen.wav,1,ljspeech_melgan,
train,/lambda/nfs/algovirginia/workspace/DeepfakeDetectionRenewed/data/wavefake/generated_audio/ljspeech_multi_band_melgan/LJ050-0270_gen.wav,1,ljspeech_multi_band_melgan,
train,/lambda/nfs/algovirginia/workspace/DeepfakeDetectionRenewed/data/wavefake/generated_audio/ljspeech_full_band_melgan/LJ028-0399_gen.wav,1,ljspeech_full_band_melgan,
train,/lambda/nfs/algovirginia/workspace/DeepfakeDetectionRenewed/data/wavefake/generated_audio/common_voices_prompts_from_conformer_fastspeech2_pwg_ljspeech/gen_12166.wav,1,common_voices_prompts_from_conformer_fastspeech2_pwg_ljspeech,
train,/lambda/nfs/algovirginia/workspace/DeepfakeDetectionRenewed/data/vcc2020/audio/T26/task1/team26_intra-TEF1_SEF1_E30004.wav,1,VCC2020_T26,
train,__hf__,0,librispeech,12919
train,__hf__,0,librispeech,27761
train,/lambda/nfs/algovirginia/workspace/DeepfakeDetectionRenewed/data/vcc2020/audio/T21/task1/team21_intra-TEF1_SEM2_E30004.wav,1,VCC2020_T21,
train,/lambda/nfs/algovirginia/workspace/DeepfakeDetectionRenewed/data/wavefake/generated_audio/ljspeech_melgan/LJ029-0018_gen.wav,1,ljspeech_melgan,
train,/lambda/nfs/algovirginia/workspace/DeepfakeDetectionRenewed/data/wavefake/generated_audio/ljspeech_parallel_wavegan/LJ019-0286_gen.wav,1,ljspeech_parallel_wavegan,
train,__hf__,0,librispeech,5827
train,/lambda/nfs/algovirginia/workspace/DeepfakeDetectionRenewed/data/wavefake/generated_audio/common_voices_prompts_from_conformer_fastspeech2_pwg_ljspeech/gen_6399.wav,1,common_voices_prompts_from_conformer_fastspeech2_pwg_ljspeech,
train,__hf__,0,librispeech,2703
train,/lambda/nfs/algovirginia/workspace/DeepfakeDetectionRenewed/data/vcc2020/audio/T03/task1/team03_intra-TEM1_SEM2_E30003.wav,1,VCC2020_T03,
train,/lambda/nfs/algovirginia/workspace/DeepfakeDetectionRenewed/data/wavefake/generated_audio/ljspeech_hifiGAN/LJ008-0257_generated.wav,1,ljspeech_hifiGAN,
train,__hf__,0,librispeech,21122
train,/lambda/nfs/algovirginia/workspace/DeepfakeDetectionRenewed/data/vcc2020/audio/T18/task1/team18_intra-TEM1_SEF2_E30003.wav,1,VCC2020_T18,
train,__hf__,0,librispeech,6982
train,/lambda/nfs/algovirginia/workspace/DeepfakeDetectionRenewed/data/vcc2020/audio/T31/task1/team31_intra-TEF1_SEF1_E30004.wav,1,VCC2020_T31,
train,__hf__,0,librispeech,17085
train,/lambda/nfs/algovirginia/workspace/DeepfakeDetectionRenewed/data/wavefake/generated_audio/ljspeech_waveglow/LJ021-0176.wav,1,ljspeech_waveglow,
train,__hf__,0,librispeech,24710
train,__hf__,0,librispeech,2722
train,__hf__,0,librispeech,19269
train,/lambda/nfs/algovirginia/workspace/DeepfakeDetectionRenewed/data/wavefake/generated_audio/ljspeech_melgan/LJ040-0015_gen.wav,1,ljspeech_melgan,
train,/lambda/nfs/algovirginia/workspace/DeepfakeDetectionRenewed/data/wavefake/generated_audio/common_voices_prompts_from_conformer_fastspeech2_pwg_ljspeech/gen_8595.wav,1,common_voices_prompts_from_conformer_fastspeech2_pwg_ljspeech,
train,__hf__,0,librispeech,21429
train,/lambda/nfs/algovirginia/workspace/DeepfakeDetectionRenewed/data/wavefake/generated_audio/ljspeech_multi_band_melgan/LJ037-0013_gen.wav,1,ljspeech_multi_band_melgan,
train,/lambda/nfs/algovirginia/workspace/DeepfakeDetectionRenewed/data/wavefake/generated_audio/ljspeech_parallel_wavegan/LJ036-0072_gen.wav,1,ljspeech_parallel_wavegan,
train,/lambda/nfs/algovirginia/workspace/DeepfakeDetectionRenewed/data/vcc2020/audio/T33/task1/team33_intra-TEF1_SEM1_E30003.wav,1,VCC2020_T33,
train,/lambda/nfs/algovirginia/workspace/DeepfakeDetectionRenewed/data/vcc2020/audio/T14/task1/team14_intra-TEF2_SEF1_E30001.wav,1,VCC2020_T14,
train,/lambda/nfs/algovirginia/workspace/DeepfakeDetectionRenewed/data/vcc2020/audio/T26/task1/team26_intra-TEM1_SEM1_E30004.wav,1,VCC2020_T26,
train,/lambda/nfs/algovirginia/workspace/DeepfakeDetectionRenewed/data/vcc2020/audio/T22/task1/team22_intra-TEM2_SEF2_E30002.wav,1,VCC2020_T22,
train,__hf__,0,librispeech,22113
train,/lambda/nfs/algovirginia/workspace/DeepfakeDetectionRenewed/data/vcc2020/audio/T17/task1/team17_intra-TEM1_SEF2_E30003.wav,1,VCC2020_T17,
train,__hf__,0,librispeech,25254
train,/lambda/nfs/algovirginia/workspace/DeepfakeDetectionRenewed/data/wavefake/generated_audio/ljspeech_hifiGAN/LJ032-0048_generated.wav,1,ljspeech_hifiGAN,
train,/lambda/nfs/algovirginia/workspace/DeepfakeDetectionRenewed/data/wavefake/generated_audio/common_voices_prompts_from_conformer_fastspeech2_pwg_ljspeech/gen_4942.wav,1,common_voices_prompts_from_conformer_fastspeech2_pwg_ljspeech,
train,__hf__,0,librispeech,9580
train,/lambda/nfs/algovirginia/workspace/DeepfakeDetectionRenewed/data/wavefake/generated_audio/ljspeech_full_band_melgan/LJ005-0001_gen.wav,1,ljspeech_full_band_melgan,
train,/lambda/nfs/algovirginia/workspace/DeepfakeDetectionRenewed/data/vcc2020/audio/T29/task1/team29_intra-TEF1_SEM2_E30002.wav,1,VCC2020_T29,
train,__hf__,0,librispeech,25944
train,/lambda/nfs/algovirginia/workspace/DeepfakeDetectionRenewed/data/vcc2020/audio/T12/task1/team12_intra-TEF2_SEM1_E30002.wav,1,VCC2020_T12,
train,/lambda/nfs/algovirginia/workspace/DeepfakeDetectionRenewed/data/vcc2020/audio/T09/task1/team09_intra-TEF1_SEF1_E30005.wav,1,VCC2020_T09,
train,__hf__,0,librispeech,26336
train,__hf__,0,librispeech,6292
train,__hf__,0,librispeech,21077
train,/lambda/nfs/algovirginia/workspace/DeepfakeDetectionRenewed/data/vcc2020/audio/T23/task1/team23_intra-TEF2_SEM1_E30001.wav,1,VCC2020_T23,
train,__hf__,0,librispeech,5665
train,/lambda/nfs/algovirginia/workspace/DeepfakeDetectionRenewed/data/vcc2020/audio/T26/task1/team26_intra-TEF2_SEM2_E30003.wav,1,VCC2020_T26,
train,/lambda/nfs/algovirginia/workspace/DeepfakeDetectionRenewed/data/wavefake/generated_audio/common_voices_prompts_from_conformer_fastspeech2_pwg_ljspeech/gen_1822.wav,1,common_voices_prompts_from_conformer_fastspeech2_pwg_ljspeech,
train,__hf__,0,librispeech,14647
train,/lambda/nfs/algovirginia/workspace/DeepfakeDetectionRenewed/data/vcc2020/audio/T32/task1/team32_intra-TEM1_SEM2_E30005.wav,1,VCC2020_T32,
train,/lambda/nfs/algovirginia/workspace/DeepfakeDetectionRenewed/data/wavefake/generated_audio/ljspeech_melgan/LJ011-0243_gen.wav,1,ljspeech_melgan,
train,/lambda/nfs/algovirginia/workspace/DeepfakeDetectionRenewed/data/vcc2020/audio/T20/task1/team20_intra-TEM2_SEF2_E30001.wav,1,VCC2020_T20,
train,__hf__,0,librispeech,26435
train,__hf__,0,librispeech,15267
train,/lambda/nfs/algovirginia/workspace/DeepfakeDetectionRenewed/data/vcc2020/audio/T21/task1/team21_intra-TEF2_SEM1_E30005.wav,1,VCC2020_T21,
train,__hf__,0,librispeech,18315
train,/lambda/nfs/algovirginia/workspace/DeepfakeDetectionRenewed/data/vcc2020/audio/T11/task1/team11_intra-TEF1_SEF2_E30004.wav,1,VCC2020_T11,
train,/lambda/nfs/algovirginia/workspace/DeepfakeDetectionRenewed/data/vcc2020/audio/T10/task1/team10_intra-TEF2_SEM2_E30004.wav,1,VCC2020_T10,
train,/lambda/nfs/algovirginia/workspace/DeepfakeDetectionRenewed/data/vcc2020/audio/T07/task1/team07_intra-TEM2_SEF2_E30005.wav,1,VCC2020_T07,
train,/lambda/nfs/algovirginia/workspace/DeepfakeDetectionRenewed/data/wavefake/generated_audio/ljspeech_hifiGAN/LJ008-0105_generated.wav,1,ljspeech_hifiGAN,
train,__hf__,0,librispeech,21425
train,__hf__,0,librispeech,15060
train,__hf__,0,librispeech,642
train,/lambda/nfs/algovirginia/workspace/DeepfakeDetectionRenewed/data/wavefake/generated_audio/ljspeech_hifiGAN/LJ016-0146_generated.wav,1,ljspeech_hifiGAN,
train,/lambda/nfs/algovirginia/workspace/DeepfakeDetectionRenewed/data/vcc2020/audio/T25/task1/team25_intra-TEM2_SEM1_E30001.wav,1,VCC2020_T25,
train,__hf__,0,librispeech,20275
train,/lambda/nfs/algovirginia/workspace/DeepfakeDetectionRenewed/data/vcc2020/audio/T33/task1/team33_intra-TEF2_SEM2_E30004.wav,1,VCC2020_T33,
train,__hf__,0,librispeech,1334
train,/lambda/nfs/algovirginia/workspace/DeepfakeDetectionRenewed/data/vcc2020/audio/T28/task1/team28_intra-TEF1_SEF2_E30004.wav,1,VCC2020_T28,
train,__hf__,0,librispeech,10430
train,/lambda/nfs/algovirginia/workspace/DeepfakeDetectionRenewed/data/vcc2020/audio/T30/task1/team30_intra-TEF2_SEM2_E30004.wav,1,VCC2020_T30,
train,/lambda/nfs/algovirginia/workspace/DeepfakeDetectionRenewed/data/vcc2020/audio/T03/task1/team03_intra-TEF1_SEF1_E30001.wav,1,VCC2020_T03,
train,/lambda/nfs/algovirginia/workspace/DeepfakeDetectionRenewed/data/wavefake/generated_audio/ljspeech_melgan/LJ014-0186_gen.wav,1,ljspeech_melgan,
train,__hf__,0,librispeech,6498
train,__hf__,0,librispeech,18850
train,__hf__,0,librispeech,22872
train,__hf__,0,librispeech,15783
train,/lambda/nfs/algovirginia/workspace/DeepfakeDetectionRenewed/data/wavefake/generated_audio/ljspeech_melgan/LJ048-0144_gen.wav,1,ljspeech_melgan,
train,__hf__,0,librispeech,19938
train,__hf__,0,librispeech,17989
train,__hf__,0,librispeech,24863
train,__hf__,0,librispeech,23397
train,/lambda/nfs/algovirginia/workspace/DeepfakeDetectionRenewed/data/wavefake/generated_audio/ljspeech_parallel_wavegan/LJ003-0041_gen.wav,1,ljspeech_parallel_wavegan,
train,__hf__,0,librispeech,5566
train,__hf__,0,librispeech,26694
train,__hf__,0,librispeech,12071
train,__hf__,0,librispeech,15168
train,/lambda/nfs/algovirginia/workspace/DeepfakeDetectionRenewed/data/wavefake/generated_audio/ljspeech_melgan/LJ028-0435_gen.wav,1,ljspeech_melgan,
train,__hf__,0,librispeech,28041
train,/lambda/nfs/algovirginia/workspace/DeepfakeDetectionRenewed/data/vcc2020/audio/T26/task1/team26_intra-TEM2_SEF1_E30003.wav,1,VCC2020_T26,
train,__hf__,0,librispeech,19826
train,__hf__,0,librispeech,9255
train,__hf__,0,librispeech,24173
train,/lambda/nfs/algovirginia/workspace/DeepfakeDetectionRenewed/data/vcc2020/audio/T30/task1/team30_intra-TEM1_SEM2_E30004.wav,1,VCC2020_T30,
train,__hf__,0,librispeech,10205
train,/lambda/nfs/algovirginia/workspace/DeepfakeDetectionRenewed/data/wavefake/generated_audio/common_voices_prompts_from_conformer_fastspeech2_pwg_ljspeech/gen_2950.wav,1,common_voices_prompts_from_conformer_fastspeech2_pwg_ljspeech,
train,/lambda/nfs/algovirginia/workspace/DeepfakeDetectionRenewed/data/wavefake/generated_audio/ljspeech_parallel_wavegan/LJ030-0183_gen.wav,1,ljspeech_parallel_wavegan,
train,/lambda/nfs/algovirginia/workspace/DeepfakeDetectionRenewed/data/wavefake/generated_audio/ljspeech_multi_band_melgan/LJ024-0135_gen.wav,1,ljspeech_multi_band_melgan,
train,__hf__,0,librispeech,5857
train,__hf__,0,librispeech,17708
train,/lambda/nfs/algovirginia/workspace/DeepfakeDetectionRenewed/data/wavefake/generated_audio/ljspeech_parallel_wavegan/LJ027-0157_gen.wav,1,ljspeech_parallel_wavegan,
train,__hf__,0,librispeech,23406
train,/lambda/nfs/algovirginia/workspace/DeepfakeDetectionRenewed/data/vcc2020/audio/T17/task1/team17_intra-TEM2_SEM2_E30004.wav,1,VCC2020_T17,
train,__hf__,0,librispeech,15995
train,/lambda/nfs/algovirginia/workspace/DeepfakeDetectionRenewed/data/wavefake/generated_audio/ljspeech_full_band_melgan/LJ024-0008_gen.wav,1,ljspeech_full_band_melgan,
train,__hf__,0,librispeech,1547
train,/lambda/nfs/algovirginia/workspace/DeepfakeDetectionRenewed/data/vcc2020/audio/T09/task1/team09_intra-TEF2_SEF1_E30003.wav,1,VCC2020_T09,
train,__hf__,0,librispeech,18603
train,__hf__,0,librispeech,12211
train,__hf__,0,librispeech,22184
train,/lambda/nfs/algovirginia/workspace/DeepfakeDetectionRenewed/data/vcc2020/audio/T08/task1/team08_intra-TEF2_SEM2_E30001.wav,1,VCC2020_T08,
train,__hf__,0,librispeech,23972
train,/lambda/nfs/algovirginia/workspace/DeepfakeDetectionRenewed/data/wavefake/generated_audio/common_voices_prompts_from_conformer_fastspeech2_pwg_ljspeech/gen_13295.wav,1,common_voices_prompts_from_conformer_fastspeech2_pwg_ljspeech,
train,/lambda/nfs/algovirginia/workspace/DeepfakeDetectionRenewed/data/wavefake/generated_audio/ljspeech_multi_band_melgan/LJ035-0031_gen.wav,1,ljspeech_multi_band_melgan,
train,__hf__,0,librispeech,23252
train,__hf__,0,librispeech,10239
train,__hf__,0,librispeech,22220
train,__hf__,0,librispeech,7941
train,__hf__,0,librispeech,18272
train,/lambda/nfs/algovirginia/workspace/DeepfakeDetectionRenewed/data/wavefake/generated_audio/common_voices_prompts_from_conformer_fastspeech2_pwg_ljspeech/gen_8744.wav,1,common_voices_prompts_from_conformer_fastspeech2_pwg_ljspeech,
train,/lambda/nfs/algovirginia/workspace/DeepfakeDetectionRenewed/data/vcc2020/audio/T23/task1/team23_intra-TEF2_SEM2_E30003.wav,1,VCC2020_T23,
train,__hf__,0,librispeech,22784
train,/lambda/nfs/algovirginia/workspace/DeepfakeDetectionRenewed/data/vcc2020/audio/T06/task1/team06_intra-TEM2_SEM1_E30005.wav,1,VCC2020_T06,
train,/lambda/nfs/algovirginia/workspace/DeepfakeDetectionRenewed/data/vcc2020/audio/T28/task1/team28_intra-TEM2_SEF1_E30003.wav,1,VCC2020_T28,
train,__hf__,0,librispeech,556
train,__hf__,0,librispeech,21245
train,/lambda/nfs/algovirginia/workspace/DeepfakeDetectionRenewed/data/wavefake/generated_audio/ljspeech_waveglow/LJ019-0116.wav,1,ljspeech_waveglow,
train,/lambda/nfs/algovirginia/workspace/DeepfakeDetectionRenewed/data/wavefake/generated_audio/ljspeech_waveglow/LJ011-0277.wav,1,ljspeech_waveglow,
train,__hf__,0,librispeech,9120
train,/lambda/nfs/algovirginia/workspace/DeepfakeDetectionRenewed/data/wavefake/generated_audio/common_voices_prompts_from_conformer_fastspeech2_pwg_ljspeech/gen_9037.wav,1,common_voices_prompts_from_conformer_fastspeech2_pwg_ljspeech,
train,/lambda/nfs/algovirginia/workspace/DeepfakeDetectionRenewed/data/wavefake/generated_audio/ljspeech_multi_band_melgan/LJ038-0152_gen.wav,1,ljspeech_multi_band_melgan,
train,/lambda/nfs/algovirginia/workspace/DeepfakeDetectionRenewed/data/vcc2020/audio/T06/task1/team06_intra-TEM2_SEF2_E30001.wav,1,VCC2020_T06,
train,/lambda/nfs/algovirginia/workspace/DeepfakeDetectionRenewed/data/wavefake/generated_audio/ljspeech_melgan_large/LJ019-0061_gen.wav,1,ljspeech_melgan_large,
train,/lambda/nfs/algovirginia/workspace/DeepfakeDetectionRenewed/data/vcc2020/audio/T02/task1/team02_intra-TEF1_SEF2_E30005.wav,1,VCC2020_T02,
train,/lambda/nfs/algovirginia/workspace/DeepfakeDetectionRenewed/data/wavefake/generated_audio/ljspeech_full_band_melgan/LJ045-0091_gen.wav,1,ljspeech_full_band_melgan,
train,__hf__,0,librispeech,17289
train,/lambda/nfs/algovirginia/workspace/DeepfakeDetectionRenewed/data/wavefake/generated_audio/ljspeech_parallel_wavegan/LJ001-0114_gen.wav,1,ljspeech_parallel_wavegan,
train,/lambda/nfs/algovirginia/workspace/DeepfakeDetectionRenewed/data/vcc2020/audio/T01/task1/team01_intra-TEM1_SEF1_E30003.wav,1,VCC2020_T01,
train,/lambda/nfs/algovirginia/workspace/DeepfakeDetectionRenewed/data/wavefake/generated_audio/ljspeech_full_band_melgan/LJ032-0129_gen.wav,1,ljspeech_full_band_melgan,
train,__hf__,0,librispeech,13117
train,__hf__,0,librispeech,8569
train,/lambda/nfs/algovirginia/workspace/DeepfakeDetectionRenewed/data/wavefake/generated_audio/ljspeech_melgan/LJ037-0105_gen.wav,1,ljspeech_melgan,
train,__hf__,0,librispeech,24695
train,/lambda/nfs/algovirginia/workspace/DeepfakeDetectionRenewed/data/wavefake/generated_audio/ljspeech_waveglow/LJ048-0254.wav,1,ljspeech_waveglow,
train,__hf__,0,librispeech,2492
train,__hf__,0,librispeech,4688
train,__hf__,0,librispeech,10367
train,/lambda/nfs/algovirginia/workspace/DeepfakeDetectionRenewed/data/vcc2020/audio/T08/task1/team08_intra-TEM1_SEM2_E30001.wav,1,VCC2020_T08,
train,/lambda/nfs/algovirginia/workspace/DeepfakeDetectionRenewed/data/wavefake/generated_audio/ljspeech_hifiGAN/LJ028-0425_generated.wav,1,ljspeech_hifiGAN,
train,/lambda/nfs/algovirginia/workspace/DeepfakeDetectionRenewed/data/vcc2020/audio/T07/task1/team07_intra-TEF1_SEF1_E30002.wav,1,VCC2020_T07,
train,__hf__,0,librispeech,12294
train,__hf__,0,librispeech,14067
train,__hf__,0,librispeech,26916
train,/lambda/nfs/algovirginia/workspace/DeepfakeDetectionRenewed/data/vcc2020/audio/T20/task1/team20_intra-TEM1_SEM1_E30002.wav,1,VCC2020_T20,
train,/lambda/nfs/algovirginia/workspace/DeepfakeDetectionRenewed/data/wavefake/generated_audio/ljspeech_full_band_melgan/LJ032-0091_gen.wav,1,ljspeech_full_band_melgan,
train,__hf__,0,librispeech,2775
train,__hf__,0,librispeech,10679
train,__hf__,0,librispeech,1457
train,/lambda/nfs/algovirginia/workspace/DeepfakeDetectionRenewed/data/vcc2020/audio/T06/task1/team06_intra-TEF1_SEM2_E30003.wav,1,VCC2020_T06,
train,__hf__,0,librispeech,15540
train,/lambda/nfs/algovirginia/workspace/DeepfakeDetectionRenewed/data/wavefake/generated_audio/ljspeech_hifiGAN/LJ040-0022_generated.wav,1,ljspeech_hifiGAN,
train,__hf__,0,librispeech,25494
train,__hf__,0,librispeech,6506
train,__hf__,0,librispeech,5230
train,__hf__,0,librispeech,10472
train,__hf__,0,librispeech,10045
train,__hf__,0,librispeech,2809
train,__hf__,0,librispeech,17938
train,/lambda/nfs/algovirginia/workspace/DeepfakeDetectionRenewed/data/vcc2020/audio/T24/task1/team24_intra-TEF2_SEM2_E30003.wav,1,VCC2020_T24,
train,__hf__,0,librispeech,5854
train,__hf__,0,librispeech,22610
train,__hf__,0,librispeech,26948
train,/lambda/nfs/algovirginia/workspace/DeepfakeDetectionRenewed/data/vcc2020/audio/T20/task1/team20_intra-TEM1_SEF2_E30001.wav,1,VCC2020_T20,
train,__hf__,0,librispeech,17142
train,__hf__,0,librispeech,17954
train,__hf__,0,librispeech,6449
train,__hf__,0,librispeech,11627
train,/lambda/nfs/algovirginia/workspace/DeepfakeDetectionRenewed/data/wavefake/generated_audio/ljspeech_full_band_melgan/LJ014-0322_gen.wav,1,ljspeech_full_band_melgan,
train,__hf__,0,librispeech,2064
train,__hf__,0,librispeech,19196
train,/lambda/nfs/algovirginia/workspace/DeepfakeDetectionRenewed/data/wavefake/generated_audio/ljspeech_waveglow/LJ032-0117.wav,1,ljspeech_waveglow,
train,/lambda/nfs/algovirginia/workspace/DeepfakeDetectionRenewed/data/wavefake/generated_audio/common_voices_prompts_from_conformer_fastspeech2_pwg_ljspeech/gen_7178.wav,1,common_voices_prompts_from_conformer_fastspeech2_pwg_ljspeech,
train,__hf__,0,librispeech,12576
train,/lambda/nfs/algovirginia/workspace/DeepfakeDetectionRenewed/data/wavefake/generated_audio/ljspeech_multi_band_melgan/LJ002-0178_gen.wav,1,ljspeech_multi_band_melgan,
train,/lambda/nfs/algovirginia/workspace/DeepfakeDetectionRenewed/data/wavefake/generated_audio/ljspeech_parallel_wavegan/LJ010-0258_gen.wav,1,ljspeech_parallel_wavegan,
train,__hf__,0,librispeech,11205
train,/lambda/nfs/algovirginia/workspace/DeepfakeDetectionRenewed/data/vcc2020/audio/T25/task1/team25_intra-TEM2_SEM2_E30003.wav,1,VCC2020_T25,
train,/lambda/nfs/algovirginia/workspace/DeepfakeDetectionRenewed/data/vcc2020/audio/T12/task1/team12_intra-TEM1_SEF2_E30004.wav,1,VCC2020_T12,
train,__hf__,0,librispeech,23328
train,/lambda/nfs/algovirginia/workspace/DeepfakeDetectionRenewed/data/wavefake/generated_audio/ljspeech_waveglow/LJ033-0147.wav,1,ljspeech_waveglow,
train,__hf__,0,librispeech,16158
train,/lambda/nfs/algovirginia/workspace/DeepfakeDetectionRenewed/data/vcc2020/audio/T21/task1/team21_intra-TEM2_SEF2_E30001.wav,1,VCC2020_T21,
train,__hf__,0,librispeech,19854
train,/lambda/nfs/algovirginia/workspace/DeepfakeDetectionRenewed/data/wavefake/generated_audio/common_voices_prompts_from_conformer_fastspeech2_pwg_ljspeech/gen_15991.wav,1,common_voices_prompts_from_conformer_fastspeech2_pwg_ljspeech,
train,__hf__,0,librispeech,6959
train,/lambda/nfs/algovirginia/workspace/DeepfakeDetectionRenewed/data/wavefake/generated_audio/common_voices_prompts_from_conformer_fastspeech2_pwg_ljspeech/gen_4009.wav,1,common_voices_prompts_from_conformer_fastspeech2_pwg_ljspeech,
train,/lambda/nfs/algovirginia/workspace/DeepfakeDetectionRenewed/data/vcc2020/audio/T04/task1/team04_intra-TEM2_SEM1_E30001.wav,1,VCC2020_T04,
train,__hf__,0,librispeech,5001
train,/lambda/nfs/algovirginia/workspace/DeepfakeDetectionRenewed/data/wavefake/generated_audio/ljspeech_multi_band_melgan/LJ030-0042_gen.wav,1,ljspeech_multi_band_melgan,
train,/lambda/nfs/algovirginia/workspace/DeepfakeDetectionRenewed/data/vcc2020/audio/T02/task1/team02_intra-TEF2_SEF1_E30003.wav,1,VCC2020_T02,
train,__hf__,0,librispeech,27721
train,/lambda/nfs/algovirginia/workspace/DeepfakeDetectionRenewed/data/wavefake/generated_audio/ljspeech_parallel_wavegan/LJ044-0115_gen.wav,1,ljspeech_parallel_wavegan,
train,__hf__,0,librispeech,6705
train,__hf__,0,librispeech,18859
train,__hf__,0,librispeech,13100
train,__hf__,0,librispeech,18006
train,/lambda/nfs/algovirginia/workspace/DeepfakeDetectionRenewed/data/vcc2020/audio/T23/task1/team23_intra-TEF1_SEM1_E30005.wav,1,VCC2020_T23,
train,/lambda/nfs/algovirginia/workspace/DeepfakeDetectionRenewed/data/vcc2020/audio/T01/task1/team01_intra-TEM2_SEM1_E30005.wav,1,VCC2020_T01,
train,/lambda/nfs/algovirginia/workspace/DeepfakeDetectionRenewed/data/vcc2020/audio/T01/task1/team01_intra-TEM2_SEF1_E30002.wav,1,VCC2020_T01,
train,__hf__,0,librispeech,16930
train,/lambda/nfs/algovirginia/workspace/DeepfakeDetectionRenewed/data/wavefake/generated_audio/ljspeech_multi_band_melgan/LJ036-0090_gen.wav,1,ljspeech_multi_band_melgan,
train,__hf__,0,librispeech,15483
train,/lambda/nfs/algovirginia/workspace/DeepfakeDetectionRenewed/data/wavefake/generated_audio/ljspeech_melgan_large/LJ031-0186_gen.wav,1,ljspeech_melgan_large,
train,__hf__,0,librispeech,12989
train,__hf__,0,librispeech,25310
train,/lambda/nfs/algovirginia/workspace/DeepfakeDetectionRenewed/data/wavefake/generated_audio/ljspeech_waveglow/LJ014-0130.wav,1,ljspeech_waveglow,
train,/lambda/nfs/algovirginia/workspace/DeepfakeDetectionRenewed/data/wavefake/generated_audio/ljspeech_hifiGAN/LJ012-0255_generated.wav,1,ljspeech_hifiGAN,
train,/lambda/nfs/algovirginia/workspace/DeepfakeDetectionRenewed/data/vcc2020/audio/T24/task1/team24_intra-TEF1_SEM2_E30001.wav,1,VCC2020_T24,
train,/lambda/nfs/algovirginia/workspace/DeepfakeDetectionRenewed/data/wavefake/generated_audio/ljspeech_waveglow/LJ036-0014.wav,1,ljspeech_waveglow,
train,/lambda/nfs/algovirginia/workspace/DeepfakeDetectionRenewed/data/wavefake/generated_audio/ljspeech_waveglow/LJ010-0205.wav,1,ljspeech_waveglow,
train,__hf__,0,librispeech,27849
train,/lambda/nfs/algovirginia/workspace/DeepfakeDetectionRenewed/data/vcc2020/audio/T16/task1/team16_intra-TEM2_SEF1_E30005.wav,1,VCC2020_T16,
train,__hf__,0,librispeech,12417
train,/lambda/nfs/algovirginia/workspace/DeepfakeDetectionRenewed/data/vcc2020/audio/T11/task1/team11_intra-TEM2_SEM2_E30002.wav,1,VCC2020_T11,
train,/lambda/nfs/algovirginia/workspace/DeepfakeDetectionRenewed/data/vcc2020/audio/T33/task1/team33_intra-TEM2_SEF1_E30005.wav,1,VCC2020_T33,
train,__hf__,0,librispeech,26589
train,__hf__,0,librispeech,22230
train,/lambda/nfs/algovirginia/workspace/DeepfakeDetectionRenewed/data/vcc2020/audio/T03/task1/team03_intra-TEM2_SEF2_E30004.wav,1,VCC2020_T03,
train,/lambda/nfs/algovirginia/workspace/DeepfakeDetectionRenewed/data/vcc2020/audio/T14/task1/team14_intra-TEM1_SEF1_E30004.wav,1,VCC2020_T14,
train,__hf__,0,librispeech,16376
train,__hf__,0,librispeech,19176
train,/lambda/nfs/algovirginia/workspace/DeepfakeDetectionRenewed/data/vcc2020/audio/T12/task1/team12_intra-TEM1_SEF2_E30001.wav,1,VCC2020_T12,
train,__hf__,0,librispeech,17102
train,/lambda/nfs/algovirginia/workspace/DeepfakeDetectionRenewed/data/vcc2020/audio/T13/task1/team13_intra-TEF2_SEF1_E30001.wav,1,VCC2020_T13,
train,__hf__,0,librispeech,6996
train,__hf__,0,librispeech,16483
train,/lambda/nfs/algovirginia/workspace/DeepfakeDetectionRenewed/data/vcc2020/audio/T31/task1/team31_intra-TEM1_SEF1_E30005.wav,1,VCC2020_T31,
train,/lambda/nfs/algovirginia/workspace/DeepfakeDetectionRenewed/data/wavefake/generated_audio/common_voices_prompts_from_conformer_fastspeech2_pwg_ljspeech/gen_3486.wav,1,common_voices_prompts_from_conformer_fastspeech2_pwg_ljspeech,
train,/lambda/nfs/algovirginia/workspace/DeepfakeDetectionRenewed/data/vcc2020/audio/T16/task1/team16_intra-TEF2_SEF1_E30002.wav,1,VCC2020_T16,
train,__hf__,0,librispeech,15314
train,__hf__,0,librispeech,17959
train,__hf__,0,librispeech,27560
train,/lambda/nfs/algovirginia/workspace/DeepfakeDetectionRenewed/data/wavefake/generated_audio/ljspeech_melgan_large/LJ015-0248_gen.wav,1,ljspeech_melgan_large,
train,/lambda/nfs/algovirginia/workspace/DeepfakeDetectionRenewed/data/vcc2020/audio/T13/task1/team13_intra-TEF2_SEM2_E30004.wav,1,VCC2020_T13,
train,__hf__,0,librispeech,5558
train,__hf__,0,librispeech,11336
train,/lambda/nfs/algovirginia/workspace/DeepfakeDetectionRenewed/data/wavefake/generated_audio/ljspeech_melgan/LJ003-0282_gen.wav,1,ljspeech_melgan,
train,/lambda/nfs/algovirginia/workspace/DeepfakeDetectionRenewed/data/vcc2020/audio/T28/task1/team28_intra-TEF1_SEM2_E30001.wav,1,VCC2020_T28,
train,/lambda/nfs/algovirginia/workspace/DeepfakeDetectionRenewed/data/vcc2020/audio/T32/task1/team32_intra-TEF1_SEF2_E30002.wav,1,VCC2020_T32,
train,/lambda/nfs/algovirginia/workspace/DeepfakeDetectionRenewed/data/wavefake/generated_audio/common_voices_prompts_from_conformer_fastspeech2_pwg_ljspeech/gen_10475.wav,1,common_voices_prompts_from_conformer_fastspeech2_pwg_ljspeech,
train,__hf__,0,librispeech,11776
train,__hf__,0,librispeech,18079
train,__hf__,0,librispeech,26511
train,__hf__,0,librispeech,2826
train,/lambda/nfs/algovirginia/workspace/DeepfakeDetectionRenewed/data/vcc2020/audio/T23/task1/team23_intra-TEF2_SEM1_E30004.wav,1,VCC2020_T23,
train,__hf__,0,librispeech,10660
train,/lambda/nfs/algovirginia/workspace/DeepfakeDetectionRenewed/data/wavefake/generated_audio/ljspeech_waveglow/LJ002-0288.wav,1,ljspeech_waveglow,
train,__hf__,0,librispeech,21551
train,__hf__,0,librispeech,12629
train,/lambda/nfs/algovirginia/workspace/DeepfakeDetectionRenewed/data/vcc2020/audio/T09/task1/team09_intra-TEF2_SEM1_E30003.wav,1,VCC2020_T09,
train,/lambda/nfs/algovirginia/workspace/DeepfakeDetectionRenewed/data/vcc2020/audio/T04/task1/team04_intra-TEF2_SEF1_E30003.wav,1,VCC2020_T04,
train,__hf__,0,librispeech,9872
train,__hf__,0,librispeech,11125
train,__hf__,0,librispeech,4101
train,/lambda/nfs/algovirginia/workspace/DeepfakeDetectionRenewed/data/wavefake/generated_audio/ljspeech_hifiGAN/LJ039-0081_generated.wav,1,ljspeech_hifiGAN,
train,/lambda/nfs/algovirginia/workspace/DeepfakeDetectionRenewed/data/wavefake/generated_audio/ljspeech_multi_band_melgan/LJ021-0085_gen.wav,1,ljspeech_multi_band_melgan,
train,/lambda/nfs/algovirginia/workspace/DeepfakeDetectionRenewed/data/vcc2020/audio/T13/task1/team13_intra-TEM2_SEM1_E30001.wav,1,VCC2020_T13,
train,/lambda/nfs/algovirginia/workspace/DeepfakeDetectionRenewed/data/wavefake/generated_audio/ljspeech_multi_band_melgan/LJ037-0169_gen.wav,1,ljspeech_multi_band_melgan,
train,/lambda/nfs/algovirginia/workspace/DeepfakeDetectionRenewed/data/wavefake/generated_audio/ljspeech_full_band_melgan/LJ008-0234_gen.wav,1,ljspeech_full_band_melgan,
train,/lambda/nfs/algovirginia/workspace/DeepfakeDetectionRenewed/data/vcc2020/audio/T01/task1/team01_intra-TEF1_SEM1_E30002.wav,1,VCC2020_T01,
train,/lambda/nfs/algovirginia/workspace/DeepfakeDetectionRenewed/data/wavefake/generated_audio/ljspeech_multi_band_melgan/LJ015-0224_gen.wav,1,ljspeech_multi_band_melgan,
train,/lambda/nfs/algovirginia/workspace/DeepfakeDetectionRenewed/data/wavefake/generated_audio/ljspeech_multi_band_melgan/LJ034-0049_gen.wav,1,ljspeech_multi_band_melgan,
train,__hf__,0,librispeech,11990
train,/lambda/nfs/algovirginia/workspace/DeepfakeDetectionRenewed/data/vcc2020/audio/T24/task1/team24_intra-TEM2_SEF2_E30003.wav,1,VCC2020_T24,
train,/lambda/nfs/algovirginia/workspace/DeepfakeDetectionRenewed/data/wavefake/generated_audio/ljspeech_full_band_melgan/LJ048-0227_gen.wav,1,ljspeech_full_band_melgan,
train,__hf__,0,librispeech,4851
train,/lambda/nfs/algovirginia/workspace/DeepfakeDetectionRenewed/data/vcc2020/audio/T20/task1/team20_intra-TEM1_SEF2_E30003.wav,1,VCC2020_T20,
train,__hf__,0,librispeech,18397
train,__hf__,0,librispeech,9241
train,/lambda/nfs/algovirginia/workspace/DeepfakeDetectionRenewed/data/wavefake/generated_audio/common_voices_prompts_from_conformer_fastspeech2_pwg_ljspeech/gen_8329.wav,1,common_voices_prompts_from_conformer_fastspeech2_pwg_ljspeech,
train,/lambda/nfs/algovirginia/workspace/DeepfakeDetectionRenewed/data/wavefake/generated_audio/ljspeech_melgan/LJ014-0091_gen.wav,1,ljspeech_melgan,
train,__hf__,0,librispeech,14229
train,/lambda/nfs/algovirginia/workspace/DeepfakeDetectionRenewed/data/vcc2020/audio/T09/task1/team09_intra-TEM1_SEF1_E30005.wav,1,VCC2020_T09,
train,/lambda/nfs/algovirginia/workspace/DeepfakeDetectionRenewed/data/wavefake/generated_audio/ljspeech_hifiGAN/LJ005-0077_generated.wav,1,ljspeech_hifiGAN,
train,/lambda/nfs/algovirginia/workspace/DeepfakeDetectionRenewed/data/vcc2020/audio/T14/task1/team14_intra-TEF2_SEM2_E30003.wav,1,VCC2020_T14,
train,/lambda/nfs/algovirginia/workspace/DeepfakeDetectionRenewed/data/vcc2020/audio/T10/task1/team10_intra-TEM1_SEM1_E30003.wav,1,VCC2020_T10,
train,/lambda/nfs/algovirginia/workspace/DeepfakeDetectionRenewed/data/vcc2020/audio/T30/task1/team30_intra-TEM2_SEM1_E30004.wav,1,VCC2020_T30,
train,/lambda/nfs/algovirginia/workspace/DeepfakeDetectionRenewed/data/vcc2020/audio/T08/task1/team08_intra-TEM2_SEF2_E30005.wav,1,VCC2020_T08,
train,__hf__,0,librispeech,27302
train,__hf__,0,librispeech,378
train,/lambda/nfs/algovirginia/workspace/DeepfakeDetectionRenewed/data/vcc2020/audio/T29/task1/team29_intra-TEM1_SEM2_E30005.wav,1,VCC2020_T29,
train,/lambda/nfs/algovirginia/workspace/DeepfakeDetectionRenewed/data/wavefake/generated_audio/ljspeech_melgan_large/LJ019-0266_gen.wav,1,ljspeech_melgan_large,
train,/lambda/nfs/algovirginia/workspace/DeepfakeDetectionRenewed/data/vcc2020/audio/T07/task1/team07_intra-TEM2_SEF1_E30003.wav,1,VCC2020_T07,
train,/lambda/nfs/algovirginia/workspace/DeepfakeDetectionRenewed/data/vcc2020/audio/T27/task1/team27_intra-TEF1_SEF2_E30005.wav,1,VCC2020_T27,
train,/lambda/nfs/algovirginia/workspace/DeepfakeDetectionRenewed/data/wavefake/generated_audio/ljspeech_parallel_wavegan/LJ013-0191_gen.wav,1,ljspeech_parallel_wavegan,
train,/lambda/nfs/algovirginia/workspace/DeepfakeDetectionRenewed/data/wavefake/generated_audio/ljspeech_multi_band_melgan/LJ013-0255_gen.wav,1,ljspeech_multi_band_melgan,
train,/lambda/nfs/algovirginia/workspace/DeepfakeDetectionRenewed/data/wavefake/generated_audio/ljspeech_waveglow/LJ016-0086.wav,1,ljspeech_waveglow,
train,__hf__,0,librispeech,11605
train,__hf__,0,librispeech,16393
train,/lambda/nfs/algovirginia/workspace/DeepfakeDetectionRenewed/data/wavefake/generated_audio/ljspeech_full_band_melgan/LJ029-0018_gen.wav,1,ljspeech_full_band_melgan,
train,__hf__,0,librispeech,4080
train,/lambda/nfs/algovirginia/workspace/DeepfakeDetectionRenewed/data/vcc2020/audio/T27/task1/team27_intra-TEM2_SEF1_E30004.wav,1,VCC2020_T27,
train,/lambda/nfs/algovirginia/workspace/DeepfakeDetectionRenewed/data/wavefake/generated_audio/ljspeech_waveglow/LJ032-0056.wav,1,ljspeech_waveglow,
train,__hf__,0,librispeech,10563
train,/lambda/nfs/algovirginia/workspace/DeepfakeDetectionRenewed/data/vcc2020/audio/T13/task1/team13_intra-TEM1_SEF2_E30002.wav,1,VCC2020_T13,
train,__hf__,0,librispeech,7313
train,/lambda/nfs/algovirginia/workspace/DeepfakeDetectionRenewed/data/wavefake/generated_audio/ljspeech_hifiGAN/LJ042-0080_generated.wav,1,ljspeech_hifiGAN,
train,__hf__,0,librispeech,6348
train,__hf__,0,librispeech,12413
train,/lambda/nfs/algovirginia/workspace/DeepfakeDetectionRenewed/data/vcc2020/audio/T10/task1/team10_intra-TEM2_SEM2_E30004.wav,1,VCC2020_T10,
train,__hf__,0,librispeech,9205
train,/lambda/nfs/algovirginia/workspace/DeepfakeDetectionRenewed/data/vcc2020/audio/T14/task1/team14_intra-TEM1_SEM1_E30004.wav,1,VCC2020_T14,
train,__hf__,0,librispeech,24620
train,__hf__,0,librispeech,7554
train,__hf__,0,librispeech,15481
train,/lambda/nfs/algovirginia/workspace/DeepfakeDetectionRenewed/data/vcc2020/audio/T26/task1/team26_intra-TEM2_SEF1_E30002.wav,1,VCC2020_T26,
train,__hf__,0,librispeech,9610
train,__hf__,0,librispeech,2110
train,/lambda/nfs/algovirginia/workspace/DeepfakeDetectionRenewed/data/wavefake/generated_audio/ljspeech_melgan/LJ045-0100_gen.wav,1,ljspeech_melgan,
train,/lambda/nfs/algovirginia/workspace/DeepfakeDetectionRenewed/data/wavefake/generated_audio/common_voices_prompts_from_conformer_fastspeech2_pwg_ljspeech/gen_12827.wav,1,common_voices_prompts_from_conformer_fastspeech2_pwg_ljspeech,
train,/lambda/nfs/algovirginia/workspace/DeepfakeDetectionRenewed/data/wavefake/generated_audio/ljspeech_waveglow/LJ019-0100.wav,1,ljspeech_waveglow,
train,__hf__,0,librispeech,8073
train,__hf__,0,librispeech,16547
train,/lambda/nfs/algovirginia/workspace/DeepfakeDetectionRenewed/data/vcc2020/audio/T32/task1/team32_intra-TEM2_SEM2_E30005.wav,1,VCC2020_T32,
train,__hf__,0,librispeech,4177
train,/lambda/nfs/algovirginia/workspace/DeepfakeDetectionRenewed/data/vcc2020/audio/T26/task1/team26_intra-TEM2_SEF2_E30004.wav,1,VCC2020_T26,
train,__hf__,0,librispeech,12101
train,/lambda/nfs/algovirginia/workspace/DeepfakeDetectionRenewed/data/wavefake/generated_audio/ljspeech_parallel_wavegan/LJ013-0218_gen.wav,1,ljspeech_parallel_wavegan,
train,__hf__,0,librispeech,6688
train,/lambda/nfs/algovirginia/workspace/DeepfakeDetectionRenewed/data/vcc2020/audio/T20/task1/team20_intra-TEF2_SEM2_E30001.wav,1,VCC2020_T20,
train,/lambda/nfs/algovirginia/workspace/DeepfakeDetectionRenewed/data/wavefake/generated_audio/ljspeech_hifiGAN/LJ029-0159_generated.wav,1,ljspeech_hifiGAN,
train,/lambda/nfs/algovirginia/workspace/DeepfakeDetectionRenewed/data/wavefake/generated_audio/ljspeech_waveglow/LJ029-0118.wav,1,ljspeech_waveglow,
train,/lambda/nfs/algovirginia/workspace/DeepfakeDetectionRenewed/data/vcc2020/audio/T26/task1/team26_intra-TEF2_SEF2_E30001.wav,1,VCC2020_T26,
train,/lambda/nfs/algovirginia/workspace/DeepfakeDetectionRenewed/data/wavefake/generated_audio/ljspeech_melgan/LJ016-0143_gen.wav,1,ljspeech_melgan,
train,/lambda/nfs/algovirginia/workspace/DeepfakeDetectionRenewed/data/wavefake/generated_audio/ljspeech_full_band_melgan/LJ046-0124_gen.wav,1,ljspeech_full_band_melgan,
train,/lambda/nfs/algovirginia/workspace/DeepfakeDetectionRenewed/data/vcc2020/audio/T17/task1/team17_intra-TEM2_SEF1_E30002.wav,1,VCC2020_T17,
train,__hf__,0,librispeech,27171
train,/lambda/nfs/algovirginia/workspace/DeepfakeDetectionRenewed/data/wavefake/generated_audio/ljspeech_hifiGAN/LJ005-0092_generated.wav,1,ljspeech_hifiGAN,
train,/lambda/nfs/algovirginia/workspace/DeepfakeDetectionRenewed/data/vcc2020/audio/T01/task1/team01_intra-TEM2_SEM2_E30003.wav,1,VCC2020_T01,
train,/lambda/nfs/algovirginia/workspace/DeepfakeDetectionRenewed/data/vcc2020/audio/T04/task1/team04_intra-TEF2_SEF2_E30005.wav,1,VCC2020_T04,
train,__hf__,0,librispeech,26007
train,__hf__,0,librispeech,7291
train,__hf__,0,librispeech,15118
train,/lambda/nfs/algovirginia/workspace/DeepfakeDetectionRenewed/data/vcc2020/audio/T02/task1/team02_intra-TEM1_SEF2_E30001.wav,1,VCC2020_T02,
train,__hf__,0,librispeech,14097
train,/lambda/nfs/algovirginia/workspace/DeepfakeDetectionRenewed/data/wavefake/generated_audio/common_voices_prompts_from_conformer_fastspeech2_pwg_ljspeech/gen_3389.wav,1,common_voices_prompts_from_conformer_fastspeech2_pwg_ljspeech,
train,/lambda/nfs/algovirginia/workspace/DeepfakeDetectionRenewed/data/vcc2020/audio/T20/task1/team20_intra-TEM2_SEF2_E30004.wav,1,VCC2020_T20,
train,/lambda/nfs/algovirginia/workspace/DeepfakeDetectionRenewed/data/wavefake/generated_audio/ljspeech_parallel_wavegan/LJ003-0214_gen.wav,1,ljspeech_parallel_wavegan,
train,/lambda/nfs/algovirginia/workspace/DeepfakeDetectionRenewed/data/wavefake/generated_audio/ljspeech_hifiGAN/LJ026-0015_generated.wav,1,ljspeech_hifiGAN,
train,/lambda/nfs/algovirginia/workspace/DeepfakeDetectionRenewed/data/wavefake/generated_audio/common_voices_prompts_from_conformer_fastspeech2_pwg_ljspeech/gen_15475.wav,1,common_voices_prompts_from_conformer_fastspeech2_pwg_ljspeech,
train,/lambda/nfs/algovirginia/workspace/DeepfakeDetectionRenewed/data/vcc2020/audio/T26/task1/team26_intra-TEM2_SEM2_E30005.wav,1,VCC2020_T26,
train,/lambda/nfs/algovirginia/workspace/DeepfakeDetectionRenewed/data/wavefake/generated_audio/ljspeech_melgan_large/LJ002-0033_gen.wav,1,ljspeech_melgan_large,
train,__hf__,0,librispeech,7840
train,/lambda/nfs/algovirginia/workspace/DeepfakeDetectionRenewed/data/vcc2020/audio/T19/task1/team19_intra-TEM2_SEM1_E30004.wav,1,VCC2020_T19,
train,/lambda/nfs/algovirginia/workspace/DeepfakeDetectionRenewed/data/wavefake/generated_audio/ljspeech_full_band_melgan/LJ039-0092_gen.wav,1,ljspeech_full_band_melgan,
train,/lambda/nfs/algovirginia/workspace/DeepfakeDetectionRenewed/data/wavefake/generated_audio/ljspeech_melgan/LJ008-0121_gen.wav,1,ljspeech_melgan,
train,/lambda/nfs/algovirginia/workspace/DeepfakeDetectionRenewed/data/vcc2020/audio/T28/task1/team28_intra-TEF1_SEM2_E30002.wav,1,VCC2020_T28,
train,/lambda/nfs/algovirginia/workspace/DeepfakeDetectionRenewed/data/wavefake/generated_audio/ljspeech_waveglow/LJ026-0109.wav,1,ljspeech_waveglow,
train,/lambda/nfs/algovirginia/workspace/DeepfakeDetectionRenewed/data/vcc2020/audio/T07/task1/team07_intra-TEM1_SEM2_E30002.wav,1,VCC2020_T07,
train,/lambda/nfs/algovirginia/workspace/DeepfakeDetectionRenewed/data/vcc2020/audio/T06/task1/team06_intra-TEF1_SEM1_E30001.wav,1,VCC2020_T06,
train,__hf__,0,librispeech,4970
train,__hf__,0,librispeech,25140
train,__hf__,0,librispeech,10231
train,/lambda/nfs/algovirginia/workspace/DeepfakeDetectionRenewed/data/vcc2020/audio/T25/task1/team25_intra-TEM1_SEF2_E30005.wav,1,VCC2020_T25,
train,__hf__,0,librispeech,5036
train,/lambda/nfs/algovirginia/workspace/DeepfakeDetectionRenewed/data/vcc2020/audio/T25/task1/team25_intra-TEF1_SEF2_E30004.wav,1,VCC2020_T25,
train,/lambda/nfs/algovirginia/workspace/DeepfakeDetectionRenewed/data/vcc2020/audio/T07/task1/team07_intra-TEM1_SEF2_E30004.wav,1,VCC2020_T07,
train,/lambda/nfs/algovirginia/workspace/DeepfakeDetectionRenewed/data/vcc2020/audio/T08/task1/team08_intra-TEM2_SEF2_E30002.wav,1,VCC2020_T08,
train,/lambda/nfs/algovirginia/workspace/DeepfakeDetectionRenewed/data/vcc2020/audio/T18/task1/team18_intra-TEF2_SEF2_E30004.wav,1,VCC2020_T18,
train,/lambda/nfs/algovirginia/workspace/DeepfakeDetectionRenewed/data/wavefake/generated_audio/common_voices_prompts_from_conformer_fastspeech2_pwg_ljspeech/gen_6293.wav,1,common_voices_prompts_from_conformer_fastspeech2_pwg_ljspeech,
train,/lambda/nfs/algovirginia/workspace/DeepfakeDetectionRenewed/data/wavefake/generated_audio/ljspeech_full_band_melgan/LJ028-0380_gen.wav,1,ljspeech_full_band_melgan,
train,/lambda/nfs/algovirginia/workspace/DeepfakeDetectionRenewed/data/wavefake/generated_audio/ljspeech_parallel_wavegan/LJ016-0229_gen.wav,1,ljspeech_parallel_wavegan,
train,__hf__,0,librispeech,3064
train,__hf__,0,librispeech,10569
train,__hf__,0,librispeech,2543
train,/lambda/nfs/algovirginia/workspace/DeepfakeDetectionRenewed/data/wavefake/generated_audio/ljspeech_melgan/LJ050-0112_gen.wav,1,ljspeech_melgan,
train,/lambda/nfs/algovirginia/workspace/DeepfakeDetectionRenewed/data/wavefake/generated_audio/ljspeech_multi_band_melgan/LJ043-0187_gen.wav,1,ljspeech_multi_band_melgan,
train,/lambda/nfs/algovirginia/workspace/DeepfakeDetectionRenewed/data/vcc2020/audio/T26/task1/team26_intra-TEF1_SEF1_E30003.wav,1,VCC2020_T26,
train,/lambda/nfs/algovirginia/workspace/DeepfakeDetectionRenewed/data/vcc2020/audio/T02/task1/team02_intra-TEM1_SEM2_E30003.wav,1,VCC2020_T02,
train,/lambda/nfs/algovirginia/workspace/DeepfakeDetectionRenewed/data/vcc2020/audio/T11/task1/team11_intra-TEM1_SEF1_E30003.wav,1,VCC2020_T11,
train,/lambda/nfs/algovirginia/workspace/DeepfakeDetectionRenewed/data/vcc2020/audio/T01/task1/team01_intra-TEM2_SEF2_E30002.wav,1,VCC2020_T01,
train,__hf__,0,librispeech,7399
train,__hf__,0,librispeech,22555
train,/lambda/nfs/algovirginia/workspace/DeepfakeDetectionRenewed/data/wavefake/generated_audio/common_voices_prompts_from_conformer_fastspeech2_pwg_ljspeech/gen_9145.wav,1,common_voices_prompts_from_conformer_fastspeech2_pwg_ljspeech,
train,/lambda/nfs/algovirginia/workspace/DeepfakeDetectionRenewed/data/wavefake/generated_audio/ljspeech_multi_band_melgan/LJ039-0073_gen.wav,1,ljspeech_multi_band_melgan,
train,__hf__,0,librispeech,4355
train,__hf__,0,librispeech,6683
train,__hf__,0,librispeech,21496
train,__hf__,0,librispeech,3059
train,__hf__,0,librispeech,7838
train,__hf__,0,librispeech,22370
train,/lambda/nfs/algovirginia/workspace/DeepfakeDetectionRenewed/data/wavefake/generated_audio/ljspeech_full_band_melgan/LJ018-0125_gen.wav,1,ljspeech_full_band_melgan,
train,__hf__,0,librispeech,21595
train,/lambda/nfs/algovirginia/workspace/DeepfakeDetectionRenewed/data/vcc2020/audio/T30/task1/team30_intra-TEF1_SEF1_E30004.wav,1,VCC2020_T30,
train,__hf__,0,librispeech,7915
train,__hf__,0,librispeech,14919
train,/lambda/nfs/algovirginia/workspace/DeepfakeDetectionRenewed/data/wavefake/generated_audio/ljspeech_melgan/LJ018-0274_gen.wav,1,ljspeech_melgan,
train,__hf__,0,librispeech,21787
train,__hf__,0,librispeech,288
train,/lambda/nfs/algovirginia/workspace/DeepfakeDetectionRenewed/data/vcc2020/audio/T08/task1/team08_intra-TEF1_SEF2_E30001.wav,1,VCC2020_T08,
train,__hf__,0,librispeech,4636
train,/lambda/nfs/algovirginia/workspace/DeepfakeDetectionRenewed/data/vcc2020/audio/T32/task1/team32_intra-TEM1_SEM2_E30004.wav,1,VCC2020_T32,
train,/lambda/nfs/algovirginia/workspace/DeepfakeDetectionRenewed/data/vcc2020/audio/T19/task1/team19_intra-TEM2_SEF2_E30003.wav,1,VCC2020_T19,
train,__hf__,0,librispeech,21170
train,/lambda/nfs/algovirginia/workspace/DeepfakeDetectionRenewed/data/vcc2020/audio/T16/task1/team16_intra-TEF2_SEM1_E30004.wav,1,VCC2020_T16,
train,/lambda/nfs/algovirginia/workspace/DeepfakeDetectionRenewed/data/vcc2020/audio/T30/task1/team30_intra-TEF2_SEF1_E30005.wav,1,VCC2020_T30,
train,__hf__,0,librispeech,2629
train,/lambda/nfs/algovirginia/workspace/DeepfakeDetectionRenewed/data/wavefake/generated_audio/ljspeech_hifiGAN/LJ035-0184_generated.wav,1,ljspeech_hifiGAN,
train,/lambda/nfs/algovirginia/workspace/DeepfakeDetectionRenewed/data/vcc2020/audio/T23/task1/team23_intra-TEM1_SEM2_E30001.wav,1,VCC2020_T23,
train,__hf__,0,librispeech,27967
train,__hf__,0,librispeech,19993
train,/lambda/nfs/algovirginia/workspace/DeepfakeDetectionRenewed/data/wavefake/generated_audio/common_voices_prompts_from_conformer_fastspeech2_pwg_ljspeech/gen_10624.wav,1,common_voices_prompts_from_conformer_fastspeech2_pwg_ljspeech,
train,__hf__,0,librispeech,19354
train,/lambda/nfs/algovirginia/workspace/DeepfakeDetectionRenewed/data/vcc2020/audio/T31/task1/team31_intra-TEM2_SEF2_E30001.wav,1,VCC2020_T31,
train,__hf__,0,librispeech,19319
train,__hf__,0,librispeech,19396
train,/lambda/nfs/algovirginia/workspace/DeepfakeDetectionRenewed/data/vcc2020/audio/T21/task1/team21_intra-TEM1_SEF2_E30003.wav,1,VCC2020_T21,
train,__hf__,0,librispeech,27839
train,/lambda/nfs/algovirginia/workspace/DeepfakeDetectionRenewed/data/vcc2020/audio/T10/task1/team10_intra-TEF2_SEF1_E30005.wav,1,VCC2020_T10,
train,__hf__,0,librispeech,19970
train,/lambda/nfs/algovirginia/workspace/DeepfakeDetectionRenewed/data/wavefake/generated_audio/ljspeech_multi_band_melgan/LJ006-0272_gen.wav,1,ljspeech_multi_band_melgan,
train,__hf__,0,librispeech,9716
train,__hf__,0,librispeech,14261
train,/lambda/nfs/algovirginia/workspace/DeepfakeDetectionRenewed/data/wavefake/generated_audio/ljspeech_multi_band_melgan/LJ025-0080_gen.wav,1,ljspeech_multi_band_melgan,
train,/lambda/nfs/algovirginia/workspace/DeepfakeDetectionRenewed/data/vcc2020/audio/T20/task1/team20_intra-TEM2_SEM2_E30003.wav,1,VCC2020_T20,
train,__hf__,0,librispeech,2077
train,/lambda/nfs/algovirginia/workspace/DeepfakeDetectionRenewed/data/wavefake/generated_audio/ljspeech_melgan/LJ042-0043_gen.wav,1,ljspeech_melgan,
train,__hf__,0,librispeech,2884
train,/lambda/nfs/algovirginia/workspace/DeepfakeDetectionRenewed/data/wavefake/generated_audio/ljspeech_full_band_melgan/LJ031-0075_gen.wav,1,ljspeech_full_band_melgan,
train,/lambda/nfs/algovirginia/workspace/DeepfakeDetectionRenewed/data/wavefake/generated_audio/ljspeech_melgan/LJ046-0151_gen.wav,1,ljspeech_melgan,
train,/lambda/nfs/algovirginia/workspace/DeepfakeDetectionRenewed/data/wavefake/generated_audio/common_voices_prompts_from_conformer_fastspeech2_pwg_ljspeech/gen_5761.wav,1,common_voices_prompts_from_conformer_fastspeech2_pwg_ljspeech,
train,__hf__,0,librispeech,10117
train,__hf__,0,librispeech,2352
train,/lambda/nfs/algovirginia/workspace/DeepfakeDetectionRenewed/data/vcc2020/audio/T24/task1/team24_intra-TEM1_SEM1_E30003.wav,1,VCC2020_T24,
train,/lambda/nfs/algovirginia/workspace/DeepfakeDetectionRenewed/data/wavefake/generated_audio/ljspeech_melgan/LJ029-0148_gen.wav,1,ljspeech_melgan,
train,/lambda/nfs/algovirginia/workspace/DeepfakeDetectionRenewed/data/vcc2020/audio/T29/task1/team29_intra-TEF1_SEF2_E30004.wav,1,VCC2020_T29,
train,/lambda/nfs/algovirginia/workspace/DeepfakeDetectionRenewed/data/wavefake/generated_audio/ljspeech_melgan/LJ049-0012_gen.wav,1,ljspeech_melgan,
train,/lambda/nfs/algovirginia/workspace/DeepfakeDetectionRenewed/data/vcc2020/audio/T20/task1/team20_intra-TEM1_SEF2_E30005.wav,1,VCC2020_T20,
train,__hf__,0,librispeech,17138
train,/lambda/nfs/algovirginia/workspace/DeepfakeDetectionRenewed/data/wavefake/generated_audio/ljspeech_hifiGAN/LJ039-0111_generated.wav,1,ljspeech_hifiGAN,
train,/lambda/nfs/algovirginia/workspace/DeepfakeDetectionRenewed/data/wavefake/generated_audio/ljspeech_melgan/LJ028-0233_gen.wav,1,ljspeech_melgan,
train,/lambda/nfs/algovirginia/workspace/DeepfakeDetectionRenewed/data/wavefake/generated_audio/ljspeech_melgan/LJ006-0027_gen.wav,1,ljspeech_melgan,
train,/lambda/nfs/algovirginia/workspace/DeepfakeDetectionRenewed/data/vcc2020/audio/T28/task1/team28_intra-TEF1_SEF1_E30001.wav,1,VCC2020_T28,
train,/lambda/nfs/algovirginia/workspace/DeepfakeDetectionRenewed/data/wavefake/generated_audio/ljspeech_hifiGAN/LJ007-0092_generated.wav,1,ljspeech_hifiGAN,
train,/lambda/nfs/algovirginia/workspace/DeepfakeDetectionRenewed/data/vcc2020/audio/T01/task1/team01_intra-TEF1_SEM2_E30004.wav,1,VCC2020_T01,
train,/lambda/nfs/algovirginia/workspace/DeepfakeDetectionRenewed/data/wavefake/generated_audio/ljspeech_waveglow/LJ050-0041.wav,1,ljspeech_waveglow,
train,__hf__,0,librispeech,658
train,/lambda/nfs/algovirginia/workspace/DeepfakeDetectionRenewed/data/wavefake/generated_audio/ljspeech_melgan/LJ040-0178_gen.wav,1,ljspeech_melgan,
train,/lambda/nfs/algovirginia/workspace/DeepfakeDetectionRenewed/data/vcc2020/audio/T11/task1/team11_intra-TEF1_SEF2_E30001.wav,1,VCC2020_T11,
train,/lambda/nfs/algovirginia/workspace/DeepfakeDetectionRenewed/data/wavefake/generated_audio/ljspeech_waveglow/LJ020-0096.wav,1,ljspeech_waveglow,
train,/lambda/nfs/algovirginia/workspace/DeepfakeDetectionRenewed/data/wavefake/generated_audio/ljspeech_waveglow/LJ032-0218.wav,1,ljspeech_waveglow,
train,/lambda/nfs/algovirginia/workspace/DeepfakeDetectionRenewed/data/vcc2020/audio/T23/task1/team23_intra-TEM2_SEM2_E30002.wav,1,VCC2020_T23,
train,/lambda/nfs/algovirginia/workspace/DeepfakeDetectionRenewed/data/wavefake/generated_audio/ljspeech_melgan/LJ004-0030_gen.wav,1,ljspeech_melgan,
train,/lambda/nfs/algovirginia/workspace/DeepfakeDetectionRenewed/data/vcc2020/audio/T08/task1/team08_intra-TEF2_SEF2_E30003.wav,1,VCC2020_T08,
train,__hf__,0,librispeech,22412
train,/lambda/nfs/algovirginia/workspace/DeepfakeDetectionRenewed/data/wavefake/generated_audio/ljspeech_melgan/LJ033-0096_gen.wav,1,ljspeech_melgan,
train,/lambda/nfs/algovirginia/workspace/DeepfakeDetectionRenewed/data/wavefake/generated_audio/ljspeech_multi_band_melgan/LJ011-0013_gen.wav,1,ljspeech_multi_band_melgan,
train,/lambda/nfs/algovirginia/workspace/DeepfakeDetectionRenewed/data/wavefake/generated_audio/ljspeech_parallel_wavegan/LJ022-0032_gen.wav,1,ljspeech_parallel_wavegan,
train,/lambda/nfs/algovirginia/workspace/DeepfakeDetectionRenewed/data/vcc2020/audio/T02/task1/team02_intra-TEF2_SEM1_E30002.wav,1,VCC2020_T02,
train,__hf__,0,librispeech,26814
train,/lambda/nfs/algovirginia/workspace/DeepfakeDetectionRenewed/data/wavefake/generated_audio/ljspeech_melgan_large/LJ012-0085_gen.wav,1,ljspeech_melgan_large,
train,__hf__,0,librispeech,13983
train,__hf__,0,librispeech,18017
train,/lambda/nfs/algovirginia/workspace/DeepfakeDetectionRenewed/data/wavefake/generated_audio/ljspeech_waveglow/LJ047-0178.wav,1,ljspeech_waveglow,
train,__hf__,0,librispeech,28508
train,__hf__,0,librispeech,8278
train,/lambda/nfs/algovirginia/workspace/DeepfakeDetectionRenewed/data/vcc2020/audio/T04/task1/team04_intra-TEF2_SEF2_E30002.wav,1,VCC2020_T04,
train,/lambda/nfs/algovirginia/workspace/DeepfakeDetectionRenewed/data/vcc2020/audio/T27/task1/team27_intra-TEF2_SEM1_E30003.wav,1,VCC2020_T27,
train,__hf__,0,librispeech,21862
train,__hf__,0,librispeech,13110
train,/lambda/nfs/algovirginia/workspace/DeepfakeDetectionRenewed/data/vcc2020/audio/T07/task1/team07_intra-TEF2_SEF1_E30005.wav,1,VCC2020_T07,
train,/lambda/nfs/algovirginia/workspace/DeepfakeDetectionRenewed/data/wavefake/generated_audio/ljspeech_melgan_large/LJ012-0280_gen.wav,1,ljspeech_melgan_large,
train,/lambda/nfs/algovirginia/workspace/DeepfakeDetectionRenewed/data/vcc2020/audio/T08/task1/team08_intra-TEM1_SEM1_E30003.wav,1,VCC2020_T08,
train,/lambda/nfs/algovirginia/workspace/DeepfakeDetectionRenewed/data/vcc2020/audio/T06/task1/team06_intra-TEF2_SEM2_E30001.wav,1,VCC2020_T06,
train,/lambda/nfs/algovirginia/workspace/DeepfakeDetectionRenewed/data/wavefake/generated_audio/ljspeech_melgan/LJ050-0105_gen.wav,1,ljspeech_melgan,
train,/lambda/nfs/algovirginia/workspace/DeepfakeDetectionRenewed/data/vcc2020/audio/T18/task1/team18_intra-TEM2_SEM1_E30003.wav,1,VCC2020_T18,
train,/lambda/nfs/algovirginia/workspace/DeepfakeDetectionRenewed/data/vcc2020/audio/T02/task1/team02_intra-TEF1_SEM1_E30002.wav,1,VCC2020_T02,
train,/lambda/nfs/algovirginia/workspace/DeepfakeDetectionRenewed/data/vcc2020/audio/T24/task1/team24_intra-TEF2_SEF2_E30003.wav,1,VCC2020_T24,
train,__hf__,0,librispeech,17553
train,__hf__,0,librispeech,28254
train,__hf__,0,librispeech,8056
train,/lambda/nfs/algovirginia/workspace/DeepfakeDetectionRenewed/data/wavefake/generated_audio/ljspeech_waveglow/LJ037-0029.wav,1,ljspeech_waveglow,
train,__hf__,0,librispeech,10407
train,__hf__,0,librispeech,10023
train,/lambda/nfs/algovirginia/workspace/DeepfakeDetectionRenewed/data/vcc2020/audio/T06/task1/team06_intra-TEM2_SEM1_E30003.wav,1,VCC2020_T06,
train,/lambda/nfs/algovirginia/workspace/DeepfakeDetectionRenewed/data/wavefake/generated_audio/ljspeech_parallel_wavegan/LJ013-0078_gen.wav,1,ljspeech_parallel_wavegan,
train,/lambda/nfs/algovirginia/workspace/DeepfakeDetectionRenewed/data/vcc2020/audio/T16/task1/team16_intra-TEM1_SEF2_E30002.wav,1,VCC2020_T16,
train,__hf__,0,librispeech,11655
train,/lambda/nfs/algovirginia/workspace/DeepfakeDetectionRenewed/data/vcc2020/audio/T13/task1/team13_intra-TEM2_SEF1_E30003.wav,1,VCC2020_T13,
train,__hf__,0,librispeech,20258
train,/lambda/nfs/algovirginia/workspace/DeepfakeDetectionRenewed/data/vcc2020/audio/T18/task1/team18_intra-TEF2_SEF1_E30005.wav,1,VCC2020_T18,
train,/lambda/nfs/algovirginia/workspace/DeepfakeDetectionRenewed/data/wavefake/generated_audio/ljspeech_parallel_wavegan/LJ007-0071_gen.wav,1,ljspeech_parallel_wavegan,
train,__hf__,0,librispeech,8564
train,/lambda/nfs/algovirginia/workspace/DeepfakeDetectionRenewed/data/vcc2020/audio/T30/task1/team30_intra-TEM1_SEM2_E30005.wav,1,VCC2020_T30,
train,__hf__,0,librispeech,9221
train,__hf__,0,librispeech,15578
train,/lambda/nfs/algovirginia/workspace/DeepfakeDetectionRenewed/data/wavefake/generated_audio/ljspeech_melgan_large/LJ012-0253_gen.wav,1,ljspeech_melgan_large,
train,/lambda/nfs/algovirginia/workspace/DeepfakeDetectionRenewed/data/wavefake/generated_audio/ljspeech_waveglow/LJ046-0142.wav,1,ljspeech_waveglow,
train,__hf__,0,librispeech,7762
train,/lambda/nfs/algovirginia/workspace/DeepfakeDetectionRenewed/data/vcc2020/audio/T03/task1/team03_intra-TEM2_SEM2_E30002.wav,1,VCC2020_T03,
train,__hf__,0,librispeech,10206
train,/lambda/nfs/algovirginia/workspace/DeepfakeDetectionRenewed/data/vcc2020/audio/T11/task1/team11_intra-TEM1_SEF2_E30001.wav,1,VCC2020_T11,
train,__hf__,0,librispeech,3587
train,__hf__,0,librispeech,2350
train,/lambda/nfs/algovirginia/workspace/DeepfakeDetectionRenewed/data/wavefake/generated_audio/ljspeech_full_band_melgan/LJ018-0050_gen.wav,1,ljspeech_full_band_melgan,
train,__hf__,0,librispeech,24983
train,/lambda/nfs/algovirginia/workspace/DeepfakeDetectionRenewed/data/wavefake/generated_audio/ljspeech_full_band_melgan/LJ015-0051_gen.wav,1,ljspeech_full_band_melgan,
train,__hf__,0,librispeech,4266
train,/lambda/nfs/algovirginia/workspace/DeepfakeDetectionRenewed/data/wavefake/generated_audio/ljspeech_parallel_wavegan/LJ036-0101_gen.wav,1,ljspeech_parallel_wavegan,
train,/lambda/nfs/algovirginia/workspace/DeepfakeDetectionRenewed/data/vcc2020/audio/T11/task1/team11_intra-TEM2_SEF1_E30005.wav,1,VCC2020_T11,
train,__hf__,0,librispeech,974
train,/lambda/nfs/algovirginia/workspace/DeepfakeDetectionRenewed/data/wavefake/generated_audio/ljspeech_melgan/LJ006-0275_gen.wav,1,ljspeech_melgan,
train,__hf__,0,librispeech,351
train,__hf__,0,librispeech,11353
train,/lambda/nfs/algovirginia/workspace/DeepfakeDetectionRenewed/data/vcc2020/audio/T11/task1/team11_intra-TEF1_SEM2_E30001.wav,1,VCC2020_T11,
train,/lambda/nfs/algovirginia/workspace/DeepfakeDetectionRenewed/data/wavefake/generated_audio/ljspeech_melgan/LJ034-0049_gen.wav,1,ljspeech_melgan,
train,__hf__,0,librispeech,19904
train,/lambda/nfs/algovirginia/workspace/DeepfakeDetectionRenewed/data/wavefake/generated_audio/common_voices_prompts_from_conformer_fastspeech2_pwg_ljspeech/gen_14676.wav,1,common_voices_prompts_from_conformer_fastspeech2_pwg_ljspeech,
train,__hf__,0,librispeech,16217
train,/lambda/nfs/algovirginia/workspace/DeepfakeDetectionRenewed/data/vcc2020/audio/T13/task1/team13_intra-TEM1_SEM1_E30005.wav,1,VCC2020_T13,
train,/lambda/nfs/algovirginia/workspace/DeepfakeDetectionRenewed/data/vcc2020/audio/T12/task1/team12_intra-TEF2_SEF1_E30005.wav,1,VCC2020_T12,
train,__hf__,0,librispeech,15983
train,__hf__,0,librispeech,12575
train,/lambda/nfs/algovirginia/workspace/DeepfakeDetectionRenewed/data/vcc2020/audio/T07/task1/team07_intra-TEM2_SEM1_E30003.wav,1,VCC2020_T07,
train,/lambda/nfs/algovirginia/workspace/DeepfakeDetectionRenewed/data/wavefake/generated_audio/ljspeech_parallel_wavegan/LJ016-0165_gen.wav,1,ljspeech_parallel_wavegan,
train,__hf__,0,librispeech,27293
train,/lambda/nfs/algovirginia/workspace/DeepfakeDetectionRenewed/data/wavefake/generated_audio/ljspeech_hifiGAN/LJ032-0230_generated.wav,1,ljspeech_hifiGAN,
train,/lambda/nfs/algovirginia/workspace/DeepfakeDetectionRenewed/data/wavefake/generated_audio/ljspeech_hifiGAN/LJ007-0182_generated.wav,1,ljspeech_hifiGAN,
train,__hf__,0,librispeech,25713
train,/lambda/nfs/algovirginia/workspace/DeepfakeDetectionRenewed/data/wavefake/generated_audio/ljspeech_waveglow/LJ016-0402.wav,1,ljspeech_waveglow,
train,/lambda/nfs/algovirginia/workspace/DeepfakeDetectionRenewed/data/wavefake/generated_audio/ljspeech_waveglow/LJ010-0261.wav,1,ljspeech_waveglow,
train,/lambda/nfs/algovirginia/workspace/DeepfakeDetectionRenewed/data/wavefake/generated_audio/ljspeech_waveglow/LJ025-0160.wav,1,ljspeech_waveglow,
train,__hf__,0,librispeech,18631
train,/lambda/nfs/algovirginia/workspace/DeepfakeDetectionRenewed/data/wavefake/generated_audio/ljspeech_full_band_melgan/LJ018-0225_gen.wav,1,ljspeech_full_band_melgan,
train,/lambda/nfs/algovirginia/workspace/DeepfakeDetectionRenewed/data/wavefake/generated_audio/ljspeech_melgan/LJ011-0135_gen.wav,1,ljspeech_melgan,
train,/lambda/nfs/algovirginia/workspace/DeepfakeDetectionRenewed/data/wavefake/generated_audio/ljspeech_full_band_melgan/LJ013-0124_gen.wav,1,ljspeech_full_band_melgan,
train,__hf__,0,librispeech,10550
train,/lambda/nfs/algovirginia/workspace/DeepfakeDetectionRenewed/data/vcc2020/audio/T08/task1/team08_intra-TEM2_SEF1_E30004.wav,1,VCC2020_T08,
train,__hf__,0,librispeech,14540
train,/lambda/nfs/algovirginia/workspace/DeepfakeDetectionRenewed/data/vcc2020/audio/T10/task1/team10_intra-TEF2_SEM2_E30001.wav,1,VCC2020_T10,
train,/lambda/nfs/algovirginia/workspace/DeepfakeDetectionRenewed/data/wavefake/generated_audio/ljspeech_multi_band_melgan/LJ028-0240_gen.wav,1,ljspeech_multi_band_melgan,
train,/lambda/nfs/algovirginia/workspace/DeepfakeDetectionRenewed/data/wavefake/generated_audio/ljspeech_hifiGAN/LJ028-0329_generated.wav,1,ljspeech_hifiGAN,
train,__hf__,0,librispeech,3966
train,/lambda/nfs/algovirginia/workspace/DeepfakeDetectionRenewed/data/vcc2020/audio/T21/task1/team21_intra-TEF2_SEF2_E30003.wav,1,VCC2020_T21,
train,__hf__,0,librispeech,17110
train,__hf__,0,librispeech,6415
train,__hf__,0,librispeech,13786
train,__hf__,0,librispeech,10602
train,/lambda/nfs/algovirginia/workspace/DeepfakeDetectionRenewed/data/vcc2020/audio/T17/task1/team17_intra-TEF2_SEM1_E30001.wav,1,VCC2020_T17,
train,__hf__,0,librispeech,7580
train,__hf__,0,librispeech,12300
train,__hf__,0,librispeech,6256
train,/lambda/nfs/algovirginia/workspace/DeepfakeDetectionRenewed/data/wavefake/generated_audio/common_voices_prompts_from_conformer_fastspeech2_pwg_ljspeech/gen_7512.wav,1,common_voices_prompts_from_conformer_fastspeech2_pwg_ljspeech,
train,__hf__,0,librispeech,24094
train,/lambda/nfs/algovirginia/workspace/DeepfakeDetectionRenewed/data/vcc2020/audio/T28/task1/team28_intra-TEM2_SEF1_E30004.wav,1,VCC2020_T28,
train,__hf__,0,librispeech,18862
train,/lambda/nfs/algovirginia/workspace/DeepfakeDetectionRenewed/data/wavefake/generated_audio/ljspeech_hifiGAN/LJ017-0227_generated.wav,1,ljspeech_hifiGAN,
train,/lambda/nfs/algovirginia/workspace/DeepfakeDetectionRenewed/data/wavefake/generated_audio/common_voices_prompts_from_conformer_fastspeech2_pwg_ljspeech/gen_10626.wav,1,common_voices_prompts_from_conformer_fastspeech2_pwg_ljspeech,
train,/lambda/nfs/algovirginia/workspace/DeepfakeDetectionRenewed/data/vcc2020/audio/T24/task1/team24_intra-TEF1_SEF2_E30002.wav,1,VCC2020_T24,
train,__hf__,0,librispeech,25623
train,/lambda/nfs/algovirginia/workspace/DeepfakeDetectionRenewed/data/wavefake/generated_audio/ljspeech_multi_band_melgan/LJ002-0136_gen.wav,1,ljspeech_multi_band_melgan,
train,/lambda/nfs/algovirginia/workspace/DeepfakeDetectionRenewed/data/wavefake/generated_audio/ljspeech_hifiGAN/LJ038-0107_generated.wav,1,ljspeech_hifiGAN,
train,/lambda/nfs/algovirginia/workspace/DeepfakeDetectionRenewed/data/wavefake/generated_audio/ljspeech_melgan/LJ034-0057_gen.wav,1,ljspeech_melgan,
train,__hf__,0,librispeech,21190
train,__hf__,0,librispeech,19438
train,__hf__,0,librispeech,10676
train,/lambda/nfs/algovirginia/workspace/DeepfakeDetectionRenewed/data/vcc2020/audio/T21/task1/team21_intra-TEM1_SEM1_E30002.wav,1,VCC2020_T21,
train,__hf__,0,librispeech,24796
train,__hf__,0,librispeech,6735
train,/lambda/nfs/algovirginia/workspace/DeepfakeDetectionRenewed/data/wavefake/generated_audio/ljspeech_waveglow/LJ047-0141.wav,1,ljspeech_waveglow,
train,/lambda/nfs/algovirginia/workspace/DeepfakeDetectionRenewed/data/vcc2020/audio/T02/task1/team02_intra-TEM1_SEF1_E30004.wav,1,VCC2020_T02,
train,__hf__,0,librispeech,8196
train,__hf__,0,librispeech,4693
train,__hf__,0,librispeech,17342
train,__hf__,0,librispeech,10583
train,__hf__,0,librispeech,16412
train,__hf__,0,librispeech,18296
train,__hf__,0,librispeech,16800
train,/lambda/nfs/algovirginia/workspace/DeepfakeDetectionRenewed/data/wavefake/generated_audio/ljspeech_melgan/LJ016-0208_gen.wav,1,ljspeech_melgan,
train,__hf__,0,librispeech,2274
train,/lambda/nfs/algovirginia/workspace/DeepfakeDetectionRenewed/data/wavefake/generated_audio/ljspeech_parallel_wavegan/LJ009-0218_gen.wav,1,ljspeech_parallel_wavegan,
train,__hf__,0,librispeech,24367
train,__hf__,0,librispeech,3798
train,__hf__,0,librispeech,22479
train,__hf__,0,librispeech,10769
train,__hf__,0,librispeech,180
train,__hf__,0,librispeech,14545
train,__hf__,0,librispeech,5489
train,/lambda/nfs/algovirginia/workspace/DeepfakeDetectionRenewed/data/wavefake/generated_audio/ljspeech_waveglow/LJ038-0072.wav,1,ljspeech_waveglow,
train,/lambda/nfs/algovirginia/workspace/DeepfakeDetectionRenewed/data/wavefake/generated_audio/ljspeech_melgan/LJ036-0211_gen.wav,1,ljspeech_melgan,
train,/lambda/nfs/algovirginia/workspace/DeepfakeDetectionRenewed/data/wavefake/generated_audio/ljspeech_waveglow/LJ021-0114.wav,1,ljspeech_waveglow,
train,/lambda/nfs/algovirginia/workspace/DeepfakeDetectionRenewed/data/wavefake/generated_audio/common_voices_prompts_from_conformer_fastspeech2_pwg_ljspeech/gen_3634.wav,1,common_voices_prompts_from_conformer_fastspeech2_pwg_ljspeech,
train,/lambda/nfs/algovirginia/workspace/DeepfakeDetectionRenewed/data/wavefake/generated_audio/ljspeech_parallel_wavegan/LJ026-0106_gen.wav,1,ljspeech_parallel_wavegan,
train,/lambda/nfs/algovirginia/workspace/DeepfakeDetectionRenewed/data/wavefake/generated_audio/ljspeech_full_band_melgan/LJ038-0062_gen.wav,1,ljspeech_full_band_melgan,
train,__hf__,0,librispeech,24257
train,__hf__,0,librispeech,13701
train,/lambda/nfs/algovirginia/workspace/DeepfakeDetectionRenewed/data/wavefake/generated_audio/ljspeech_full_band_melgan/LJ027-0160_gen.wav,1,ljspeech_full_band_melgan,
train,__hf__,0,librispeech,12709
train,__hf__,0,librispeech,25371
train,/lambda/nfs/algovirginia/workspace/DeepfakeDetectionRenewed/data/wavefake/generated_audio/ljspeech_multi_band_melgan/LJ008-0125_gen.wav,1,ljspeech_multi_band_melgan,
train,/lambda/nfs/algovirginia/workspace/DeepfakeDetectionRenewed/data/vcc2020/audio/T08/task1/team08_intra-TEM2_SEM1_E30004.wav,1,VCC2020_T08,
train,__hf__,0,librispeech,14370
train,__hf__,0,librispeech,22805
train,__hf__,0,librispeech,16389
train,/lambda/nfs/algovirginia/workspace/DeepfakeDetectionRenewed/data/vcc2020/audio/T25/task1/team25_intra-TEF2_SEM2_E30002.wav,1,VCC2020_T25,
train,/lambda/nfs/algovirginia/workspace/DeepfakeDetectionRenewed/data/vcc2020/audio/T02/task1/team02_intra-TEF1_SEF1_E30005.wav,1,VCC2020_T02,
train,__hf__,0,librispeech,16670
train,__hf__,0,librispeech,28274
train,/lambda/nfs/algovirginia/workspace/DeepfakeDetectionRenewed/data/wavefake/generated_audio/ljspeech_waveglow/LJ038-0086.wav,1,ljspeech_waveglow,
train,/lambda/nfs/algovirginia/workspace/DeepfakeDetectionRenewed/data/vcc2020/audio/T24/task1/team24_intra-TEF1_SEF1_E30003.wav,1,VCC2020_T24,
train,/lambda/nfs/algovirginia/workspace/DeepfakeDetectionRenewed/data/vcc2020/audio/T33/task1/team33_intra-TEM1_SEM1_E30001.wav,1,VCC2020_T33,
train,__hf__,0,librispeech,5372
train,/lambda/nfs/algovirginia/workspace/DeepfakeDetectionRenewed/data/wavefake/generated_audio/ljspeech_full_band_melgan/LJ028-0237_gen.wav,1,ljspeech_full_band_melgan,
train,/lambda/nfs/algovirginia/workspace/DeepfakeDetectionRenewed/data/vcc2020/audio/T29/task1/team29_intra-TEF1_SEF2_E30001.wav,1,VCC2020_T29,
train,/lambda/nfs/algovirginia/workspace/DeepfakeDetectionRenewed/data/wavefake/generated_audio/ljspeech_hifiGAN/LJ002-0335_generated.wav,1,ljspeech_hifiGAN,
train,/lambda/nfs/algovirginia/workspace/DeepfakeDetectionRenewed/data/vcc2020/audio/T31/task1/team31_intra-TEM2_SEF2_E30002.wav,1,VCC2020_T31,
train,/lambda/nfs/algovirginia/workspace/DeepfakeDetectionRenewed/data/vcc2020/audio/T10/task1/team10_intra-TEF1_SEM1_E30002.wav,1,VCC2020_T10,
train,/lambda/nfs/algovirginia/workspace/DeepfakeDetectionRenewed/data/wavefake/generated_audio/ljspeech_multi_band_melgan/LJ018-0195_gen.wav,1,ljspeech_multi_band_melgan,
train,__hf__,0,librispeech,9418
train,__hf__,0,librispeech,9401
train,/lambda/nfs/algovirginia/workspace/DeepfakeDetectionRenewed/data/wavefake/generated_audio/common_voices_prompts_from_conformer_fastspeech2_pwg_ljspeech/gen_1064.wav,1,common_voices_prompts_from_conformer_fastspeech2_pwg_ljspeech,
train,__hf__,0,librispeech,1536
train,/lambda/nfs/algovirginia/workspace/DeepfakeDetectionRenewed/data/wavefake/generated_audio/ljspeech_full_band_melgan/LJ048-0246_gen.wav,1,ljspeech_full_band_melgan,
train,/lambda/nfs/algovirginia/workspace/DeepfakeDetectionRenewed/data/vcc2020/audio/T26/task1/team26_intra-TEF2_SEF2_E30004.wav,1,VCC2020_T26,
train,/lambda/nfs/algovirginia/workspace/DeepfakeDetectionRenewed/data/vcc2020/audio/T04/task1/team04_intra-TEF2_SEF2_E30003.wav,1,VCC2020_T04,
train,__hf__,0,librispeech,23771
train,/lambda/nfs/algovirginia/workspace/DeepfakeDetectionRenewed/data/vcc2020/audio/T24/task1/team24_intra-TEM2_SEF1_E30002.wav,1,VCC2020_T24,
train,__hf__,0,librispeech,24535
train,/lambda/nfs/algovirginia/workspace/DeepfakeDetectionRenewed/data/vcc2020/audio/T11/task1/team11_intra-TEM2_SEM2_E30001.wav,1,VCC2020_T11,
train,__hf__,0,librispeech,5692
train,__hf__,0,librispeech,4293
train,/lambda/nfs/algovirginia/workspace/DeepfakeDetectionRenewed/data/vcc2020/audio/T24/task1/team24_intra-TEF2_SEM2_E30001.wav,1,VCC2020_T24,
train,__hf__,0,librispeech,509
train,__hf__,0,librispeech,19131
train,__hf__,0,librispeech,19038
train,/lambda/nfs/algovirginia/workspace/DeepfakeDetectionRenewed/data/wavefake/generated_audio/common_voices_prompts_from_conformer_fastspeech2_pwg_ljspeech/gen_14548.wav,1,common_voices_prompts_from_conformer_fastspeech2_pwg_ljspeech,
train,/lambda/nfs/algovirginia/workspace/DeepfakeDetectionRenewed/data/wavefake/generated_audio/ljspeech_melgan/LJ018-0333_gen.wav,1,ljspeech_melgan,
train,__hf__,0,librispeech,11239
train,__hf__,0,librispeech,23346
train,__hf__,0,librispeech,24971
train,/lambda/nfs/algovirginia/workspace/DeepfakeDetectionRenewed/data/vcc2020/audio/T17/task1/team17_intra-TEM1_SEM1_E30002.wav,1,VCC2020_T17,
train,/lambda/nfs/algovirginia/workspace/DeepfakeDetectionRenewed/data/wavefake/generated_audio/ljspeech_parallel_wavegan/LJ042-0065_gen.wav,1,ljspeech_parallel_wavegan,
train,/lambda/nfs/algovirginia/workspace/DeepfakeDetectionRenewed/data/wavefake/generated_audio/ljspeech_hifiGAN/LJ039-0025_generated.wav,1,ljspeech_hifiGAN,
train,__hf__,0,librispeech,2372
train,/lambda/nfs/algovirginia/workspace/DeepfakeDetectionRenewed/data/vcc2020/audio/T20/task1/team20_intra-TEF2_SEF2_E30004.wav,1,VCC2020_T20,
train,/lambda/nfs/algovirginia/workspace/DeepfakeDetectionRenewed/data/vcc2020/audio/T28/task1/team28_intra-TEF1_SEM2_E30003.wav,1,VCC2020_T28,
train,__hf__,0,librispeech,155
train,/lambda/nfs/algovirginia/workspace/DeepfakeDetectionRenewed/data/wavefake/generated_audio/ljspeech_melgan/LJ031-0149_gen.wav,1,ljspeech_melgan,
train,__hf__,0,librispeech,8494
train,__hf__,0,librispeech,19027
train,__hf__,0,librispeech,21640
train,/lambda/nfs/algovirginia/workspace/DeepfakeDetectionRenewed/data/vcc2020/audio/T28/task1/team28_intra-TEF1_SEM1_E30005.wav,1,VCC2020_T28,
train,/lambda/nfs/algovirginia/workspace/DeepfakeDetectionRenewed/data/vcc2020/audio/T10/task1/team10_intra-TEM1_SEF2_E30002.wav,1,VCC2020_T10,
train,/lambda/nfs/algovirginia/workspace/DeepfakeDetectionRenewed/data/vcc2020/audio/T27/task1/team27_intra-TEM1_SEM1_E30005.wav,1,VCC2020_T27,
train,__hf__,0,librispeech,303
train,/lambda/nfs/algovirginia/workspace/DeepfakeDetectionRenewed/data/wavefake/generated_audio/common_voices_prompts_from_conformer_fastspeech2_pwg_ljspeech/gen_10112.wav,1,common_voices_prompts_from_conformer_fastspeech2_pwg_ljspeech,
train,__hf__,0,librispeech,2358
train,__hf__,0,librispeech,7337
train,__hf__,0,librispeech,8990
train,__hf__,0,librispeech,22206
train,/lambda/nfs/algovirginia/workspace/DeepfakeDetectionRenewed/data/vcc2020/audio/T09/task1/team09_intra-TEF1_SEM2_E30002.wav,1,VCC2020_T09,
train,__hf__,0,librispeech,11356
train,__hf__,0,librispeech,20795
train,__hf__,0,librispeech,6992
train,/lambda/nfs/algovirginia/workspace/DeepfakeDetectionRenewed/data/wavefake/generated_audio/ljspeech_parallel_wavegan/LJ017-0191_gen.wav,1,ljspeech_parallel_wavegan,
train,__hf__,0,librispeech,3613
train,__hf__,0,librispeech,17656
train,/lambda/nfs/algovirginia/workspace/DeepfakeDetectionRenewed/data/wavefake/generated_audio/ljspeech_multi_band_melgan/LJ020-0066_gen.wav,1,ljspeech_multi_band_melgan,
train,/lambda/nfs/algovirginia/workspace/DeepfakeDetectionRenewed/data/wavefake/generated_audio/ljspeech_waveglow/LJ028-0448.wav,1,ljspeech_waveglow,
train,/lambda/nfs/algovirginia/workspace/DeepfakeDetectionRenewed/data/vcc2020/audio/T21/task1/team21_intra-TEM1_SEM1_E30005.wav,1,VCC2020_T21,
train,/lambda/nfs/algovirginia/workspace/DeepfakeDetectionRenewed/data/vcc2020/audio/T29/task1/team29_intra-TEF2_SEM1_E30004.wav,1,VCC2020_T29,
train,/lambda/nfs/algovirginia/workspace/DeepfakeDetectionRenewed/data/wavefake/generated_audio/ljspeech_parallel_wavegan/LJ028-0097_gen.wav,1,ljspeech_parallel_wavegan,
train,/lambda/nfs/algovirginia/workspace/DeepfakeDetectionRenewed/data/wavefake/generated_audio/ljspeech_multi_band_melgan/LJ029-0212_gen.wav,1,ljspeech_multi_band_melgan,
train,__hf__,0,librispeech,7308
train,/lambda/nfs/algovirginia/workspace/DeepfakeDetectionRenewed/data/vcc2020/audio/T32/task1/team32_intra-TEF2_SEF2_E30004.wav,1,VCC2020_T32,
train,/lambda/nfs/algovirginia/workspace/DeepfakeDetectionRenewed/data/vcc2020/audio/T21/task1/team21_intra-TEM1_SEM1_E30003.wav,1,VCC2020_T21,
train,/lambda/nfs/algovirginia/workspace/DeepfakeDetectionRenewed/data/vcc2020/audio/T02/task1/team02_intra-TEM1_SEM1_E30002.wav,1,VCC2020_T02,
train,/lambda/nfs/algovirginia/workspace/DeepfakeDetectionRenewed/data/vcc2020/audio/T26/task1/team26_intra-TEF1_SEF1_E30001.wav,1,VCC2020_T26,
train,/lambda/nfs/algovirginia/workspace/DeepfakeDetectionRenewed/data/vcc2020/audio/T33/task1/team33_intra-TEF1_SEF2_E30002.wav,1,VCC2020_T33,
train,/lambda/nfs/algovirginia/workspace/DeepfakeDetectionRenewed/data/vcc2020/audio/T16/task1/team16_intra-TEM2_SEM1_E30003.wav,1,VCC2020_T16,
train,/lambda/nfs/algovirginia/workspace/DeepfakeDetectionRenewed/data/wavefake/generated_audio/common_voices_prompts_from_conformer_fastspeech2_pwg_ljspeech/gen_1190.wav,1,common_voices_prompts_from_conformer_fastspeech2_pwg_ljspeech,
train,/lambda/nfs/algovirginia/workspace/DeepfakeDetectionRenewed/data/wavefake/generated_audio/ljspeech_multi_band_melgan/LJ013-0021_gen.wav,1,ljspeech_multi_band_melgan,
train,__hf__,0,librispeech,11298
train,__hf__,0,librispeech,18389
train,__hf__,0,librispeech,12985
train,__hf__,0,librispeech,6377
train,/lambda/nfs/algovirginia/workspace/DeepfakeDetectionRenewed/data/vcc2020/audio/T31/task1/team31_intra-TEF1_SEF2_E30001.wav,1,VCC2020_T31,
train,__hf__,0,librispeech,5935
train,/lambda/nfs/algovirginia/workspace/DeepfakeDetectionRenewed/data/vcc2020/audio/T18/task1/team18_intra-TEM2_SEF1_E30003.wav,1,VCC2020_T18,
train,/lambda/nfs/algovirginia/workspace/DeepfakeDetectionRenewed/data/vcc2020/audio/T33/task1/team33_intra-TEF2_SEM2_E30003.wav,1,VCC2020_T33,
train,__hf__,0,librispeech,10655
train,/lambda/nfs/algovirginia/workspace/DeepfakeDetectionRenewed/data/vcc2020/audio/T04/task1/team04_intra-TEF2_SEF2_E30004.wav,1,VCC2020_T04,
train,/lambda/nfs/algovirginia/workspace/DeepfakeDetectionRenewed/data/vcc2020/audio/T06/task1/team06_intra-TEF1_SEM2_E30005.wav,1,VCC2020_T06,
train,__hf__,0,librispeech,15935
train,/lambda/nfs/algovirginia/workspace/DeepfakeDetectionRenewed/data/wavefake/generated_audio/common_voices_prompts_from_conformer_fastspeech2_pwg_ljspeech/gen_13324.wav,1,common_voices_prompts_from_conformer_fastspeech2_pwg_ljspeech,
train,__hf__,0,librispeech,22186
train,/lambda/nfs/algovirginia/workspace/DeepfakeDetectionRenewed/data/vcc2020/audio/T29/task1/team29_intra-TEM1_SEF2_E30005.wav,1,VCC2020_T29,
train,__hf__,0,librispeech,17771
train,/lambda/nfs/algovirginia/workspace/DeepfakeDetectionRenewed/data/vcc2020/audio/T30/task1/team30_intra-TEF2_SEM1_E30005.wav,1,VCC2020_T30,
train,__hf__,0,librispeech,6549
train,/lambda/nfs/algovirginia/workspace/DeepfakeDetectionRenewed/data/vcc2020/audio/T17/task1/team17_intra-TEF2_SEF1_E30003.wav,1,VCC2020_T17,
train,__hf__,0,librispeech,2533
train,/lambda/nfs/algovirginia/workspace/DeepfakeDetectionRenewed/data/vcc2020/audio/T24/task1/team24_intra-TEF2_SEM1_E30001.wav,1,VCC2020_T24,
train,/lambda/nfs/algovirginia/workspace/DeepfakeDetectionRenewed/data/wavefake/generated_audio/ljspeech_multi_band_melgan/LJ039-0102_gen.wav,1,ljspeech_multi_band_melgan,
train,/lambda/nfs/algovirginia/workspace/DeepfakeDetectionRenewed/data/vcc2020/audio/T27/task1/team27_intra-TEF2_SEF1_E30003.wav,1,VCC2020_T27,
train,__hf__,0,librispeech,24977
train,/lambda/nfs/algovirginia/workspace/DeepfakeDetectionRenewed/data/vcc2020/audio/T07/task1/team07_intra-TEM2_SEF1_E30002.wav,1,VCC2020_T07,
train,/lambda/nfs/algovirginia/workspace/DeepfakeDetectionRenewed/data/wavefake/generated_audio/ljspeech_parallel_wavegan/LJ017-0044_gen.wav,1,ljspeech_parallel_wavegan,
train,/lambda/nfs/algovirginia/workspace/DeepfakeDetectionRenewed/data/wavefake/generated_audio/common_voices_prompts_from_conformer_fastspeech2_pwg_ljspeech/gen_3597.wav,1,common_voices_prompts_from_conformer_fastspeech2_pwg_ljspeech,
train,/lambda/nfs/algovirginia/workspace/DeepfakeDetectionRenewed/data/wavefake/generated_audio/common_voices_prompts_from_conformer_fastspeech2_pwg_ljspeech/gen_11777.wav,1,common_voices_prompts_from_conformer_fastspeech2_pwg_ljspeech,
train,/lambda/nfs/algovirginia/workspace/DeepfakeDetectionRenewed/data/vcc2020/audio/T25/task1/team25_intra-TEF1_SEM2_E30005.wav,1,VCC2020_T25,
train,__hf__,0,librispeech,14115
train,__hf__,0,librispeech,3875
train,/lambda/nfs/algovirginia/workspace/DeepfakeDetectionRenewed/data/wavefake/generated_audio/ljspeech_waveglow/LJ028-0195.wav,1,ljspeech_waveglow,
train,/lambda/nfs/algovirginia/workspace/DeepfakeDetectionRenewed/data/wavefake/generated_audio/ljspeech_full_band_melgan/LJ043-0163_gen.wav,1,ljspeech_full_band_melgan,
train,/lambda/nfs/algovirginia/workspace/DeepfakeDetectionRenewed/data/vcc2020/audio/T14/task1/team14_intra-TEF2_SEF2_E30005.wav,1,VCC2020_T14,
train,__hf__,0,librispeech,18880
train,__hf__,0,librispeech,20279
train,/lambda/nfs/algovirginia/workspace/DeepfakeDetectionRenewed/data/vcc2020/audio/T10/task1/team10_intra-TEM1_SEF1_E30004.wav,1,VCC2020_T10,
train,/lambda/nfs/algovirginia/workspace/DeepfakeDetectionRenewed/data/wavefake/generated_audio/common_voices_prompts_from_conformer_fastspeech2_pwg_ljspeech/gen_10934.wav,1,common_voices_prompts_from_conformer_fastspeech2_pwg_ljspeech,
train,__hf__,0,librispeech,12646
train,__hf__,0,librispeech,1514
train,/lambda/nfs/algovirginia/workspace/DeepfakeDetectionRenewed/data/wavefake/generated_audio/ljspeech_parallel_wavegan/LJ005-0082_gen.wav,1,ljspeech_parallel_wavegan,
train,/lambda/nfs/algovirginia/workspace/DeepfakeDetectionRenewed/data/vcc2020/audio/T28/task1/team28_intra-TEM1_SEM1_E30005.wav,1,VCC2020_T28,
train,__hf__,0,librispeech,15858
train,/lambda/nfs/algovirginia/workspace/DeepfakeDetectionRenewed/data/vcc2020/audio/T18/task1/team18_intra-TEF2_SEF2_E30003.wav,1,VCC2020_T18,
train,/lambda/nfs/algovirginia/workspace/DeepfakeDetectionRenewed/data/wavefake/generated_audio/ljspeech_multi_band_melgan/LJ030-0051_gen.wav,1,ljspeech_multi_band_melgan,
train,/lambda/nfs/algovirginia/workspace/DeepfakeDetectionRenewed/data/vcc2020/audio/T07/task1/team07_intra-TEM1_SEM1_E30003.wav,1,VCC2020_T07,
train,/lambda/nfs/algovirginia/workspace/DeepfakeDetectionRenewed/data/wavefake/generated_audio/ljspeech_full_band_melgan/LJ009-0062_gen.wav,1,ljspeech_full_band_melgan,
train,/lambda/nfs/algovirginia/workspace/DeepfakeDetectionRenewed/data/wavefake/generated_audio/ljspeech_melgan/LJ041-0179_gen.wav,1,ljspeech_melgan,
train,__hf__,0,librispeech,10224
train,/lambda/nfs/algovirginia/workspace/DeepfakeDetectionRenewed/data/vcc2020/audio/T18/task1/team18_intra-TEM1_SEM1_E30005.wav,1,VCC2020_T18,
train,__hf__,0,librispeech,18871
train,__hf__,0,librispeech,2793
train,/lambda/nfs/algovirginia/workspace/DeepfakeDetectionRenewed/data/vcc2020/audio/T33/task1/team33_intra-TEF2_SEM1_E30002.wav,1,VCC2020_T33,
train,__hf__,0,librispeech,7391
train,/lambda/nfs/algovirginia/workspace/DeepfakeDetectionRenewed/data/vcc2020/audio/T14/task1/team14_intra-TEM2_SEM1_E30005.wav,1,VCC2020_T14,
train,__hf__,0,librispeech,12365
train,/lambda/nfs/algovirginia/workspace/DeepfakeDetectionRenewed/data/vcc2020/audio/T32/task1/team32_intra-TEM1_SEF1_E30003.wav,1,VCC2020_T32,
train,/lambda/nfs/algovirginia/workspace/DeepfakeDetectionRenewed/data/wavefake/generated_audio/ljspeech_hifiGAN/LJ046-0101_generated.wav,1,ljspeech_hifiGAN,
train,__hf__,0,librispeech,19533
train,/lambda/nfs/algovirginia/workspace/DeepfakeDetectionRenewed/data/vcc2020/audio/T18/task1/team18_intra-TEF1_SEM2_E30002.wav,1,VCC2020_T18,
train,/lambda/nfs/algovirginia/workspace/DeepfakeDetectionRenewed/data/vcc2020/audio/T27/task1/team27_intra-TEF1_SEM2_E30005.wav,1,VCC2020_T27,
train,__hf__,0,librispeech,18640
train,__hf__,0,librispeech,21147
train,__hf__,0,librispeech,21886
train,/lambda/nfs/algovirginia/workspace/DeepfakeDetectionRenewed/data/vcc2020/audio/T09/task1/team09_intra-TEF1_SEM1_E30003.wav,1,VCC2020_T09,
train,__hf__,0,librispeech,10571
train,/lambda/nfs/algovirginia/workspace/DeepfakeDetectionRenewed/data/vcc2020/audio/T26/task1/team26_intra-TEF1_SEF1_E30005.wav,1,VCC2020_T26,
train,__hf__,0,librispeech,17662
train,__hf__,0,librispeech,18336
train,/lambda/nfs/algovirginia/workspace/DeepfakeDetectionRenewed/data/vcc2020/audio/T06/task1/team06_intra-TEM2_SEM1_E30004.wav,1,VCC2020_T06,
train,__hf__,0,librispeech,28500
train,/lambda/nfs/algovirginia/workspace/DeepfakeDetectionRenewed/data/wavefake/generated_audio/ljspeech_full_band_melgan/LJ039-0110_gen.wav,1,ljspeech_full_band_melgan,
train,/lambda/nfs/algovirginia/workspace/DeepfakeDetectionRenewed/data/wavefake/generated_audio/common_voices_prompts_from_conformer_fastspeech2_pwg_ljspeech/gen_1330.wav,1,common_voices_prompts_from_conformer_fastspeech2_pwg_ljspeech,
train,/lambda/nfs/algovirginia/workspace/DeepfakeDetectionRenewed/data/wavefake/generated_audio/ljspeech_melgan_large/LJ036-0036_gen.wav,1,ljspeech_melgan_large,
train,__hf__,0,librispeech,21098
train,/lambda/nfs/algovirginia/workspace/DeepfakeDetectionRenewed/data/vcc2020/audio/T20/task1/team20_intra-TEM1_SEM1_E30005.wav,1,VCC2020_T20,
train,/lambda/nfs/algovirginia/workspace/DeepfakeDetectionRenewed/data/vcc2020/audio/T01/task1/team01_intra-TEF2_SEF2_E30003.wav,1,VCC2020_T01,
train,/lambda/nfs/algovirginia/workspace/DeepfakeDetectionRenewed/data/wavefake/generated_audio/common_voices_prompts_from_conformer_fastspeech2_pwg_ljspeech/gen_10949.wav,1,common_voices_prompts_from_conformer_fastspeech2_pwg_ljspeech,
train,/lambda/nfs/algovirginia/workspace/DeepfakeDetectionRenewed/data/wavefake/generated_audio/ljspeech_parallel_wavegan/LJ015-0077_gen.wav,1,ljspeech_parallel_wavegan,
train,/lambda/nfs/algovirginia/workspace/DeepfakeDetectionRenewed/data/vcc2020/audio/T30/task1/team30_intra-TEF1_SEF2_E30004.wav,1,VCC2020_T30,
train,/lambda/nfs/algovirginia/workspace/DeepfakeDetectionRenewed/data/vcc2020/audio/T02/task1/team02_intra-TEM1_SEF2_E30003.wav,1,VCC2020_T02,
train,__hf__,0,librispeech,24420
train,/lambda/nfs/algovirginia/workspace/DeepfakeDetectionRenewed/data/wavefake/generated_audio/ljspeech_melgan_large/LJ013-0155_gen.wav,1,ljspeech_melgan_large,
train,/lambda/nfs/algovirginia/workspace/DeepfakeDetectionRenewed/data/wavefake/generated_audio/common_voices_prompts_from_conformer_fastspeech2_pwg_ljspeech/gen_10115.wav,1,common_voices_prompts_from_conformer_fastspeech2_pwg_ljspeech,
train,/lambda/nfs/algovirginia/workspace/DeepfakeDetectionRenewed/data/wavefake/generated_audio/common_voices_prompts_from_conformer_fastspeech2_pwg_ljspeech/gen_1749.wav,1,common_voices_prompts_from_conformer_fastspeech2_pwg_ljspeech,
train,__hf__,0,librispeech,3689
train,__hf__,0,librispeech,13446
train,__hf__,0,librispeech,23847
train,/lambda/nfs/algovirginia/workspace/DeepfakeDetectionRenewed/data/vcc2020/audio/T01/task1/team01_intra-TEF2_SEM1_E30005.wav,1,VCC2020_T01,
train,/lambda/nfs/algovirginia/workspace/DeepfakeDetectionRenewed/data/wavefake/generated_audio/ljspeech_melgan/LJ015-0230_gen.wav,1,ljspeech_melgan,
train,__hf__,0,librispeech,26955
train,/lambda/nfs/algovirginia/workspace/DeepfakeDetectionRenewed/data/wavefake/generated_audio/ljspeech_full_band_melgan/LJ013-0057_gen.wav,1,ljspeech_full_band_melgan,
train,/lambda/nfs/algovirginia/workspace/DeepfakeDetectionRenewed/data/wavefake/generated_audio/ljspeech_multi_band_melgan/LJ030-0117_gen.wav,1,ljspeech_multi_band_melgan,
train,__hf__,0,librispeech,9047
train,/lambda/nfs/algovirginia/workspace/DeepfakeDetectionRenewed/data/wavefake/generated_audio/common_voices_prompts_from_conformer_fastspeech2_pwg_ljspeech/gen_11266.wav,1,common_voices_prompts_from_conformer_fastspeech2_pwg_ljspeech,
train,__hf__,0,librispeech,19063
train,/lambda/nfs/algovirginia/workspace/DeepfakeDetectionRenewed/data/wavefake/generated_audio/ljspeech_melgan_large/LJ041-0025_gen.wav,1,ljspeech_melgan_large,
train,/lambda/nfs/algovirginia/workspace/DeepfakeDetectionRenewed/data/wavefake/generated_audio/ljspeech_hifiGAN/LJ002-0148_generated.wav,1,ljspeech_hifiGAN,
train,__hf__,0,librispeech,18787
train,/lambda/nfs/algovirginia/workspace/DeepfakeDetectionRenewed/data/wavefake/generated_audio/ljspeech_waveglow/LJ022-0141.wav,1,ljspeech_waveglow,
train,/lambda/nfs/algovirginia/workspace/DeepfakeDetectionRenewed/data/wavefake/generated_audio/ljspeech_melgan/LJ032-0126_gen.wav,1,ljspeech_melgan,
train,__hf__,0,librispeech,26793
train,__hf__,0,librispeech,8098
train,/lambda/nfs/algovirginia/workspace/DeepfakeDetectionRenewed/data/wavefake/generated_audio/common_voices_prompts_from_conformer_fastspeech2_pwg_ljspeech/gen_15266.wav,1,common_voices_prompts_from_conformer_fastspeech2_pwg_ljspeech,
train,__hf__,0,librispeech,2493
train,/lambda/nfs/algovirginia/workspace/DeepfakeDetectionRenewed/data/wavefake/generated_audio/ljspeech_full_band_melgan/LJ002-0012_gen.wav,1,ljspeech_full_band_melgan,
train,__hf__,0,librispeech,24607
train,/lambda/nfs/algovirginia/workspace/DeepfakeDetectionRenewed/data/vcc2020/audio/T20/task1/team20_intra-TEF2_SEM1_E30005.wav,1,VCC2020_T20,
train,/lambda/nfs/algovirginia/workspace/DeepfakeDetectionRenewed/data/wavefake/generated_audio/ljspeech_multi_band_melgan/LJ004-0041_gen.wav,1,ljspeech_multi_band_melgan,
train,__hf__,0,librispeech,5407
train,__hf__,0,librispeech,24434
train,__hf__,0,librispeech,21139
train,__hf__,0,librispeech,26711
train,__hf__,0,librispeech,27047
train,/lambda/nfs/algovirginia/workspace/DeepfakeDetectionRenewed/data/wavefake/generated_audio/ljspeech_full_band_melgan/LJ015-0277_gen.wav,1,ljspeech_full_band_melgan,
train,__hf__,0,librispeech,3866
train,/lambda/nfs/algovirginia/workspace/DeepfakeDetectionRenewed/data/wavefake/generated_audio/ljspeech_hifiGAN/LJ010-0026_generated.wav,1,ljspeech_hifiGAN,
train,/lambda/nfs/algovirginia/workspace/DeepfakeDetectionRenewed/data/wavefake/generated_audio/ljspeech_waveglow/LJ031-0067.wav,1,ljspeech_waveglow,
train,__hf__,0,librispeech,4691
train,/lambda/nfs/algovirginia/workspace/DeepfakeDetectionRenewed/data/vcc2020/audio/T02/task1/team02_intra-TEM2_SEM2_E30005.wav,1,VCC2020_T02,
train,__hf__,0,librispeech,3183
train,__hf__,0,librispeech,20788
train,__hf__,0,librispeech,3160
train,/lambda/nfs/algovirginia/workspace/DeepfakeDetectionRenewed/data/vcc2020/audio/T02/task1/team02_intra-TEM2_SEF2_E30001.wav,1,VCC2020_T02,
train,__hf__,0,librispeech,17631
train,__hf__,0,librispeech,26500
train,__hf__,0,librispeech,12159
train,__hf__,0,librispeech,13636
train,__hf__,0,librispeech,24159
train,__hf__,0,librispeech,8356
train,/lambda/nfs/algovirginia/workspace/DeepfakeDetectionRenewed/data/vcc2020/audio/T04/task1/team04_intra-TEM1_SEF1_E30005.wav,1,VCC2020_T04,
train,__hf__,0,librispeech,162
train,__hf__,0,librispeech,14377
train,/lambda/nfs/algovirginia/workspace/DeepfakeDetectionRenewed/data/wavefake/generated_audio/ljspeech_multi_band_melgan/LJ007-0066_gen.wav,1,ljspeech_multi_band_melgan,
train,__hf__,0,librispeech,18980
train,__hf__,0,librispeech,9153
train,__hf__,0,librispeech,1748
train,/lambda/nfs/algovirginia/workspace/DeepfakeDetectionRenewed/data/vcc2020/audio/T19/task1/team19_intra-TEM2_SEF1_E30002.wav,1,VCC2020_T19,
train,__hf__,0,librispeech,4972
train,/lambda/nfs/algovirginia/workspace/DeepfakeDetectionRenewed/data/wavefake/generated_audio/ljspeech_melgan_large/LJ028-0340_gen.wav,1,ljspeech_melgan_large,
train,__hf__,0,librispeech,1472
train,__hf__,0,librispeech,15750
train,__hf__,0,librispeech,2250
train,__hf__,0,librispeech,27763
train,/lambda/nfs/algovirginia/workspace/DeepfakeDetectionRenewed/data/vcc2020/audio/T03/task1/team03_intra-TEF1_SEF2_E30001.wav,1,VCC2020_T03,
train,/lambda/nfs/algovirginia/workspace/DeepfakeDetectionRenewed/data/vcc2020/audio/T26/task1/team26_intra-TEF1_SEF2_E30001.wav,1,VCC2020_T26,
train,/lambda/nfs/algovirginia/workspace/DeepfakeDetectionRenewed/data/vcc2020/audio/T23/task1/team23_intra-TEF2_SEF1_E30002.wav,1,VCC2020_T23,
train,__hf__,0,librispeech,8775
train,/lambda/nfs/algovirginia/workspace/DeepfakeDetectionRenewed/data/wavefake/generated_audio/ljspeech_melgan/LJ046-0061_gen.wav,1,ljspeech_melgan,
train,/lambda/nfs/algovirginia/workspace/DeepfakeDetectionRenewed/data/vcc2020/audio/T10/task1/team10_intra-TEM1_SEM2_E30004.wav,1,VCC2020_T10,
train,__hf__,0,librispeech,17660
train,/lambda/nfs/algovirginia/workspace/DeepfakeDetectionRenewed/data/vcc2020/audio/T03/task1/team03_intra-TEF2_SEM2_E30002.wav,1,VCC2020_T03,
train,__hf__,0,librispeech,24640
train,/lambda/nfs/algovirginia/workspace/DeepfakeDetectionRenewed/data/wavefake/generated_audio/ljspeech_hifiGAN/LJ027-0177_generated.wav,1,ljspeech_hifiGAN,
train,__hf__,0,librispeech,16832
train,__hf__,0,librispeech,5549
train,__hf__,0,librispeech,3692
train,__hf__,0,librispeech,15961
train,__hf__,0,librispeech,412
train,/lambda/nfs/algovirginia/workspace/DeepfakeDetectionRenewed/data/wavefake/generated_audio/ljspeech_parallel_wavegan/LJ013-0170_gen.wav,1,ljspeech_parallel_wavegan,
train,__hf__,0,librispeech,25448
train,__hf__,0,librispeech,19552
train,__hf__,0,librispeech,26245
train,/lambda/nfs/algovirginia/workspace/DeepfakeDetectionRenewed/data/wavefake/generated_audio/ljspeech_multi_band_melgan/LJ015-0042_gen.wav,1,ljspeech_multi_band_melgan,
train,/lambda/nfs/algovirginia/workspace/DeepfakeDetectionRenewed/data/wavefake/generated_audio/common_voices_prompts_from_conformer_fastspeech2_pwg_ljspeech/gen_13511.wav,1,common_voices_prompts_from_conformer_fastspeech2_pwg_ljspeech,
train,__hf__,0,librispeech,22933
train,/lambda/nfs/algovirginia/workspace/DeepfakeDetectionRenewed/data/wavefake/generated_audio/common_voices_prompts_from_conformer_fastspeech2_pwg_ljspeech/gen_9699.wav,1,common_voices_prompts_from_conformer_fastspeech2_pwg_ljspeech,
train,__hf__,0,librispeech,16281
train,__hf__,0,librispeech,22373
train,__hf__,0,librispeech,20482
train,__hf__,0,librispeech,6561
train,/lambda/nfs/algovirginia/workspace/DeepfakeDetectionRenewed/data/vcc2020/audio/T21/task1/team21_intra-TEM1_SEM1_E30001.wav,1,VCC2020_T21,
train,__hf__,0,librispeech,845
train,__hf__,0,librispeech,9050
train,__hf__,0,librispeech,13310
train,__hf__,0,librispeech,26161
train,/lambda/nfs/algovirginia/workspace/DeepfakeDetectionRenewed/data/vcc2020/audio/T26/task1/team26_intra-TEM2_SEM1_E30003.wav,1,VCC2020_T26,
train,__hf__,0,librispeech,23004
train,/lambda/nfs/algovirginia/workspace/DeepfakeDetectionRenewed/data/wavefake/generated_audio/ljspeech_multi_band_melgan/LJ007-0001_gen.wav,1,ljspeech_multi_band_melgan,
train,__hf__,0,librispeech,5123
train,/lambda/nfs/algovirginia/workspace/DeepfakeDetectionRenewed/data/vcc2020/audio/T25/task1/team25_intra-TEM2_SEM1_E30005.wav,1,VCC2020_T25,
train,__hf__,0,librispeech,7523
train,__hf__,0,librispeech,14805
train,/lambda/nfs/algovirginia/workspace/DeepfakeDetectionRenewed/data/wavefake/generated_audio/ljspeech_melgan_large/LJ003-0015_gen.wav,1,ljspeech_melgan_large,
train,__hf__,0,librispeech,15304
train,/lambda/nfs/algovirginia/workspace/DeepfakeDetectionRenewed/data/wavefake/generated_audio/ljspeech_multi_band_melgan/LJ039-0050_gen.wav,1,ljspeech_multi_band_melgan,
train,__hf__,0,librispeech,26642
train,/lambda/nfs/algovirginia/workspace/DeepfakeDetectionRenewed/data/wavefake/generated_audio/ljspeech_melgan/LJ041-0145_gen.wav,1,ljspeech_melgan,
train,__hf__,0,librispeech,4385
train,__hf__,0,librispeech,22153
train,__hf__,0,librispeech,20463
train,__hf__,0,librispeech,27246
train,__hf__,0,librispeech,14925
train,/lambda/nfs/algovirginia/workspace/DeepfakeDetectionRenewed/data/wavefake/generated_audio/ljspeech_hifiGAN/LJ005-0239_generated.wav,1,ljspeech_hifiGAN,
train,/lambda/nfs/algovirginia/workspace/DeepfakeDetectionRenewed/data/wavefake/generated_audio/ljspeech_waveglow/LJ012-0055.wav,1,ljspeech_waveglow,
train,/lambda/nfs/algovirginia/workspace/DeepfakeDetectionRenewed/data/wavefake/generated_audio/ljspeech_hifiGAN/LJ048-0167_generated.wav,1,ljspeech_hifiGAN,
train,__hf__,0,librispeech,9364
train,__hf__,0,librispeech,18056
train,/lambda/nfs/algovirginia/workspace/DeepfakeDetectionRenewed/data/wavefake/generated_audio/ljspeech_waveglow/LJ028-0094.wav,1,ljspeech_waveglow,
train,__hf__,0,librispeech,9005
train,/lambda/nfs/algovirginia/workspace/DeepfakeDetectionRenewed/data/vcc2020/audio/T07/task1/team07_intra-TEM1_SEF2_E30001.wav,1,VCC2020_T07,
train,__hf__,0,librispeech,16830
train,__hf__,0,librispeech,23505
train,__hf__,0,librispeech,12652
train,/lambda/nfs/algovirginia/workspace/DeepfakeDetectionRenewed/data/wavefake/generated_audio/common_voices_prompts_from_conformer_fastspeech2_pwg_ljspeech/gen_5541.wav,1,common_voices_prompts_from_conformer_fastspeech2_pwg_ljspeech,
train,/lambda/nfs/algovirginia/workspace/DeepfakeDetectionRenewed/data/wavefake/generated_audio/ljspeech_waveglow/LJ023-0077.wav,1,ljspeech_waveglow,
train,__hf__,0,librispeech,10521
train,__hf__,0,librispeech,2227
train,/lambda/nfs/algovirginia/workspace/DeepfakeDetectionRenewed/data/wavefake/generated_audio/ljspeech_waveglow/LJ020-0101.wav,1,ljspeech_waveglow,
train,__hf__,0,librispeech,22999
train,__hf__,0,librispeech,15086
train,__hf__,0,librispeech,5496
train,/lambda/nfs/algovirginia/workspace/DeepfakeDetectionRenewed/data/wavefake/generated_audio/ljspeech_full_band_melgan/LJ039-0041_gen.wav,1,ljspeech_full_band_melgan,
train,__hf__,0,librispeech,21773
train,/lambda/nfs/algovirginia/workspace/DeepfakeDetectionRenewed/data/vcc2020/audio/T33/task1/team33_intra-TEM1_SEF2_E30005.wav,1,VCC2020_T33,
train,/lambda/nfs/algovirginia/workspace/DeepfakeDetectionRenewed/data/wavefake/generated_audio/ljspeech_hifiGAN/LJ012-0276_generated.wav,1,ljspeech_hifiGAN,
train,/lambda/nfs/algovirginia/workspace/DeepfakeDetectionRenewed/data/wavefake/generated_audio/ljspeech_multi_band_melgan/LJ047-0168_gen.wav,1,ljspeech_multi_band_melgan,
train,/lambda/nfs/algovirginia/workspace/DeepfakeDetectionRenewed/data/vcc2020/audio/T06/task1/team06_intra-TEF2_SEF1_E30005.wav,1,VCC2020_T06,
train,/lambda/nfs/algovirginia/workspace/DeepfakeDetectionRenewed/data/vcc2020/audio/T32/task1/team32_intra-TEM2_SEM2_E30003.wav,1,VCC2020_T32,
train,__hf__,0,librispeech,5430
train,/lambda/nfs/algovirginia/workspace/DeepfakeDetectionRenewed/data/vcc2020/audio/T29/task1/team29_intra-TEF1_SEM2_E30004.wav,1,VCC2020_T29,
train,__hf__,0,librispeech,27492
train,/lambda/nfs/algovirginia/workspace/DeepfakeDetectionRenewed/data/wavefake/generated_audio/ljspeech_multi_band_melgan/LJ016-0208_gen.wav,1,ljspeech_multi_band_melgan,
train,__hf__,0,librispeech,5140
train,__hf__,0,librispeech,19097
train,__hf__,0,librispeech,26995
train,__hf__,0,librispeech,27024
train,/lambda/nfs/algovirginia/workspace/DeepfakeDetectionRenewed/data/wavefake/generated_audio/ljspeech_hifiGAN/LJ015-0226_generated.wav,1,ljspeech_hifiGAN,
train,/lambda/nfs/algovirginia/workspace/DeepfakeDetectionRenewed/data/vcc2020/audio/T12/task1/team12_intra-TEF1_SEM2_E30001.wav,1,VCC2020_T12,
train,__hf__,0,librispeech,4859
train,__hf__,0,librispeech,22404
train,/lambda/nfs/algovirginia/workspace/DeepfakeDetectionRenewed/data/vcc2020/audio/T29/task1/team29_intra-TEF2_SEM2_E30005.wav,1,VCC2020_T29,
train,__hf__,0,librispeech,25008
train,/lambda/nfs/algovirginia/workspace/DeepfakeDetectionRenewed/data/wavefake/generated_audio/ljspeech_melgan/LJ044-0172_gen.wav,1,ljspeech_melgan,
train,/lambda/nfs/algovirginia/workspace/DeepfakeDetectionRenewed/data/vcc2020/audio/T28/task1/team28_intra-TEF2_SEF1_E30001.wav,1,VCC2020_T28,
train,__hf__,0,librispeech,28239
train,__hf__,0,librispeech,8872
train,__hf__,0,librispeech,3678
train,__hf__,0,librispeech,14950
train,__hf__,0,librispeech,28528
train,/lambda/nfs/algovirginia/workspace/DeepfakeDetectionRenewed/data/vcc2020/audio/T12/task1/team12_intra-TEF2_SEF2_E30002.wav,1,VCC2020_T12,
train,/lambda/nfs/algovirginia/workspace/DeepfakeDetectionRenewed/data/wavefake/generated_audio/ljspeech_melgan/LJ040-0095_gen.wav,1,ljspeech_melgan,
train,/lambda/nfs/algovirginia/workspace/DeepfakeDetectionRenewed/data/wavefake/generated_audio/ljspeech_melgan/LJ044-0166_gen.wav,1,ljspeech_melgan,
train,__hf__,0,librispeech,17194
train,/lambda/nfs/algovirginia/workspace/DeepfakeDetectionRenewed/data/vcc2020/audio/T19/task1/team19_intra-TEM2_SEM2_E30004.wav,1,VCC2020_T19,
train,__hf__,0,librispeech,20707
train,__hf__,0,librispeech,8534
train,/lambda/nfs/algovirginia/workspace/DeepfakeDetectionRenewed/data/vcc2020/audio/T24/task1/team24_intra-TEM2_SEM1_E30005.wav,1,VCC2020_T24,
train,/lambda/nfs/algovirginia/workspace/DeepfakeDetectionRenewed/data/wavefake/generated_audio/common_voices_prompts_from_conformer_fastspeech2_pwg_ljspeech/gen_12276.wav,1,common_voices_prompts_from_conformer_fastspeech2_pwg_ljspeech,
train,__hf__,0,librispeech,13048
train,/lambda/nfs/algovirginia/workspace/DeepfakeDetectionRenewed/data/wavefake/generated_audio/common_voices_prompts_from_conformer_fastspeech2_pwg_ljspeech/gen_2088.wav,1,common_voices_prompts_from_conformer_fastspeech2_pwg_ljspeech,
train,/lambda/nfs/algovirginia/workspace/DeepfakeDetectionRenewed/data/wavefake/generated_audio/ljspeech_waveglow/LJ042-0172.wav,1,ljspeech_waveglow,
train,/lambda/nfs/algovirginia/workspace/DeepfakeDetectionRenewed/data/vcc2020/audio/T16/task1/team16_intra-TEF2_SEF1_E30001.wav,1,VCC2020_T16,
train,/lambda/nfs/algovirginia/workspace/DeepfakeDetectionRenewed/data/vcc2020/audio/T25/task1/team25_intra-TEM2_SEM2_E30002.wav,1,VCC2020_T25,
train,__hf__,0,librispeech,17895
train,/lambda/nfs/algovirginia/workspace/DeepfakeDetectionRenewed/data/vcc2020/audio/T14/task1/team14_intra-TEM2_SEF2_E30002.wav,1,VCC2020_T14,
train,__hf__,0,librispeech,19772
train,/lambda/nfs/algovirginia/workspace/DeepfakeDetectionRenewed/data/wavefake/generated_audio/common_voices_prompts_from_conformer_fastspeech2_pwg_ljspeech/gen_6526.wav,1,common_voices_prompts_from_conformer_fastspeech2_pwg_ljspeech,
train,/lambda/nfs/algovirginia/workspace/DeepfakeDetectionRenewed/data/wavefake/generated_audio/ljspeech_hifiGAN/LJ046-0036_generated.wav,1,ljspeech_hifiGAN,
train,/lambda/nfs/algovirginia/workspace/DeepfakeDetectionRenewed/data/vcc2020/audio/T10/task1/team10_intra-TEF1_SEF1_E30003.wav,1,VCC2020_T10,
train,/lambda/nfs/algovirginia/workspace/DeepfakeDetectionRenewed/data/vcc2020/audio/T06/task1/team06_intra-TEF1_SEM2_E30001.wav,1,VCC2020_T06,
train,/lambda/nfs/algovirginia/workspace/DeepfakeDetectionRenewed/data/wavefake/generated_audio/ljspeech_multi_band_melgan/LJ033-0092_gen.wav,1,ljspeech_multi_band_melgan,
train,/lambda/nfs/algovirginia/workspace/DeepfakeDetectionRenewed/data/wavefake/generated_audio/common_voices_prompts_from_conformer_fastspeech2_pwg_ljspeech/gen_16141.wav,1,common_voices_prompts_from_conformer_fastspeech2_pwg_ljspeech,
train,__hf__,0,librispeech,17141
train,/lambda/nfs/algovirginia/workspace/DeepfakeDetectionRenewed/data/vcc2020/audio/T04/task1/team04_intra-TEM2_SEF1_E30003.wav,1,VCC2020_T04,
train,/lambda/nfs/algovirginia/workspace/DeepfakeDetectionRenewed/data/vcc2020/audio/T11/task1/team11_intra-TEF2_SEF2_E30005.wav,1,VCC2020_T11,
train,__hf__,0,librispeech,28241
train,__hf__,0,librispeech,9751
train,/lambda/nfs/algovirginia/workspace/DeepfakeDetectionRenewed/data/wavefake/generated_audio/ljspeech_parallel_wavegan/LJ021-0150_gen.wav,1,ljspeech_parallel_wavegan,
train,__hf__,0,librispeech,26153
train,__hf__,0,librispeech,1204
train,__hf__,0,librispeech,26611
train,__hf__,0,librispeech,27129
train,__hf__,0,librispeech,26602
train,/lambda/nfs/algovirginia/workspace/DeepfakeDetectionRenewed/data/vcc2020/audio/T18/task1/team18_intra-TEF1_SEM2_E30005.wav,1,VCC2020_T18,
train,/lambda/nfs/algovirginia/workspace/DeepfakeDetectionRenewed/data/vcc2020/audio/T12/task1/team12_intra-TEF2_SEM2_E30003.wav,1,VCC2020_T12,
train,__hf__,0,librispeech,20907
train,__hf__,0,librispeech,19806
train,/lambda/nfs/algovirginia/workspace/DeepfakeDetectionRenewed/data/vcc2020/audio/T02/task1/team02_intra-TEM1_SEF1_E30001.wav,1,VCC2020_T02,
train,__hf__,0,librispeech,19166
train,__hf__,0,librispeech,22026
train,/lambda/nfs/algovirginia/workspace/DeepfakeDetectionRenewed/data/vcc2020/audio/T11/task1/team11_intra-TEM2_SEM1_E30005.wav,1,VCC2020_T11,
train,/lambda/nfs/algovirginia/workspace/DeepfakeDetectionRenewed/data/vcc2020/audio/T07/task1/team07_intra-TEF2_SEF2_E30004.wav,1,VCC2020_T07,
train,/lambda/nfs/algovirginia/workspace/DeepfakeDetectionRenewed/data/vcc2020/audio/T33/task1/team33_intra-TEM2_SEM2_E30001.wav,1,VCC2020_T33,
train,__hf__,0,librispeech,5223
train,/lambda/nfs/algovirginia/workspace/DeepfakeDetectionRenewed/data/wavefake/generated_audio/ljspeech_parallel_wavegan/LJ004-0119_gen.wav,1,ljspeech_parallel_wavegan,
train,__hf__,0,librispeech,22044
train,/lambda/nfs/algovirginia/workspace/DeepfakeDetectionRenewed/data/wavefake/generated_audio/ljspeech_multi_band_melgan/LJ038-0232_gen.wav,1,ljspeech_multi_band_melgan,
train,__hf__,0,librispeech,23681
train,__hf__,0,librispeech,22002
train,/lambda/nfs/algovirginia/workspace/DeepfakeDetectionRenewed/data/vcc2020/audio/T24/task1/team24_intra-TEF2_SEM2_E30005.wav,1,VCC2020_T24,
train,__hf__,0,librispeech,24384
train,/lambda/nfs/algovirginia/workspace/DeepfakeDetectionRenewed/data/vcc2020/audio/T22/task1/team22_intra-TEF1_SEF2_E30003.wav,1,VCC2020_T22,
train,__hf__,0,librispeech,13096
train,__hf__,0,librispeech,20579
train,/lambda/nfs/algovirginia/workspace/DeepfakeDetectionRenewed/data/vcc2020/audio/T11/task1/team11_intra-TEM1_SEF2_E30003.wav,1,VCC2020_T11,
train,__hf__,0,librispeech,2390
train,/lambda/nfs/algovirginia/workspace/DeepfakeDetectionRenewed/data/wavefake/generated_audio/ljspeech_parallel_wavegan/LJ003-0225_gen.wav,1,ljspeech_parallel_wavegan,
train,__hf__,0,librispeech,17990
train,__hf__,0,librispeech,10920
train,/lambda/nfs/algovirginia/workspace/DeepfakeDetectionRenewed/data/vcc2020/audio/T08/task1/team08_intra-TEF1_SEF1_E30002.wav,1,VCC2020_T08,
train,/lambda/nfs/algovirginia/workspace/DeepfakeDetectionRenewed/data/vcc2020/audio/T31/task1/team31_intra-TEF2_SEF2_E30002.wav,1,VCC2020_T31,
train,__hf__,0,librispeech,23835
train,/lambda/nfs/algovirginia/workspace/DeepfakeDetectionRenewed/data/vcc2020/audio/T30/task1/team30_intra-TEM2_SEM1_E30001.wav,1,VCC2020_T30,
train,/lambda/nfs/algovirginia/workspace/DeepfakeDetectionRenewed/data/vcc2020/audio/T20/task1/team20_intra-TEM2_SEF2_E30005.wav,1,VCC2020_T20,
train,__hf__,0,librispeech,6021
train,/lambda/nfs/algovirginia/workspace/DeepfakeDetectionRenewed/data/vcc2020/audio/T23/task1/team23_intra-TEF2_SEM2_E30001.wav,1,VCC2020_T23,
train,/lambda/nfs/algovirginia/workspace/DeepfakeDetectionRenewed/data/wavefake/generated_audio/ljspeech_parallel_wavegan/LJ018-0143_gen.wav,1,ljspeech_parallel_wavegan,
train,/lambda/nfs/algovirginia/workspace/DeepfakeDetectionRenewed/data/vcc2020/audio/T32/task1/team32_intra-TEF1_SEM1_E30004.wav,1,VCC2020_T32,
train,/lambda/nfs/algovirginia/workspace/DeepfakeDetectionRenewed/data/vcc2020/audio/T11/task1/team11_intra-TEF2_SEF1_E30003.wav,1,VCC2020_T11,
train,__hf__,0,librispeech,7283
train,/lambda/nfs/algovirginia/workspace/DeepfakeDetectionRenewed/data/wavefake/generated_audio/ljspeech_hifiGAN/LJ020-0047_generated.wav,1,ljspeech_hifiGAN,
train,__hf__,0,librispeech,1810
train,/lambda/nfs/algovirginia/workspace/DeepfakeDetectionRenewed/data/wavefake/generated_audio/common_voices_prompts_from_conformer_fastspeech2_pwg_ljspeech/gen_3344.wav,1,common_voices_prompts_from_conformer_fastspeech2_pwg_ljspeech,
train,/lambda/nfs/algovirginia/workspace/DeepfakeDetectionRenewed/data/vcc2020/audio/T32/task1/team32_intra-TEF2_SEF2_E30001.wav,1,VCC2020_T32,
train,/lambda/nfs/algovirginia/workspace/DeepfakeDetectionRenewed/data/vcc2020/audio/T29/task1/team29_intra-TEF2_SEF2_E30003.wav,1,VCC2020_T29,
train,/lambda/nfs/algovirginia/workspace/DeepfakeDetectionRenewed/data/vcc2020/audio/T10/task1/team10_intra-TEF2_SEF1_E30001.wav,1,VCC2020_T10,
train,__hf__,0,librispeech,23344
train,__hf__,0,librispeech,16269
train,/lambda/nfs/algovirginia/workspace/DeepfakeDetectionRenewed/data/vcc2020/audio/T07/task1/team07_intra-TEF2_SEF2_E30003.wav,1,VCC2020_T07,
train,/lambda/nfs/algovirginia/workspace/DeepfakeDetectionRenewed/data/wavefake/generated_audio/ljspeech_melgan/LJ030-0228_gen.wav,1,ljspeech_melgan,
train,/lambda/nfs/algovirginia/workspace/DeepfakeDetectionRenewed/data/wavefake/generated_audio/ljspeech_waveglow/LJ041-0002.wav,1,ljspeech_waveglow,
train,__hf__,0,librispeech,27081
train,/lambda/nfs/algovirginia/workspace/DeepfakeDetectionRenewed/data/vcc2020/audio/T17/task1/team17_intra-TEM2_SEM1_E30002.wav,1,VCC2020_T17,
train,__hf__,0,librispeech,12074
train,__hf__,0,librispeech,21791
train,__hf__,0,librispeech,24815
train,__hf__,0,librispeech,3096
train,__hf__,0,librispeech,21953
train,/lambda/nfs/algovirginia/workspace/DeepfakeDetectionRenewed/data/vcc2020/audio/T23/task1/team23_intra-TEF1_SEF2_E30005.wav,1,VCC2020_T23,
train,/lambda/nfs/algovirginia/workspace/DeepfakeDetectionRenewed/data/wavefake/generated_audio/ljspeech_waveglow/LJ034-0067.wav,1,ljspeech_waveglow,
train,__hf__,0,librispeech,14679
train,/lambda/nfs/algovirginia/workspace/DeepfakeDetectionRenewed/data/wavefake/generated_audio/ljspeech_full_band_melgan/LJ010-0260_gen.wav,1,ljspeech_full_band_melgan,
train,__hf__,0,librispeech,5195
train,__hf__,0,librispeech,11714
train,__hf__,0,librispeech,10345
train,/lambda/nfs/algovirginia/workspace/DeepfakeDetectionRenewed/data/vcc2020/audio/T13/task1/team13_intra-TEM2_SEF1_E30004.wav,1,VCC2020_T13,
train,/lambda/nfs/algovirginia/workspace/DeepfakeDetectionRenewed/data/vcc2020/audio/T01/task1/team01_intra-TEF2_SEM2_E30005.wav,1,VCC2020_T01,
train,__hf__,0,librispeech,12903
train,/lambda/nfs/algovirginia/workspace/DeepfakeDetectionRenewed/data/vcc2020/audio/T21/task1/team21_intra-TEM1_SEM2_E30002.wav,1,VCC2020_T21,
train,__hf__,0,librispeech,21253
train,__hf__,0,librispeech,15949
train,/lambda/nfs/algovirginia/workspace/DeepfakeDetectionRenewed/data/vcc2020/audio/T13/task1/team13_intra-TEF1_SEM1_E30003.wav,1,VCC2020_T13,
train,/lambda/nfs/algovirginia/workspace/DeepfakeDetectionRenewed/data/wavefake/generated_audio/ljspeech_full_band_melgan/LJ027-0145_gen.wav,1,ljspeech_full_band_melgan,
train,/lambda/nfs/algovirginia/workspace/DeepfakeDetectionRenewed/data/wavefake/generated_audio/ljspeech_multi_band_melgan/LJ031-0050_gen.wav,1,ljspeech_multi_band_melgan,
train,/lambda/nfs/algovirginia/workspace/DeepfakeDetectionRenewed/data/wavefake/generated_audio/common_voices_prompts_from_conformer_fastspeech2_pwg_ljspeech/gen_3617.wav,1,common_voices_prompts_from_conformer_fastspeech2_pwg_ljspeech,
train,/lambda/nfs/algovirginia/workspace/DeepfakeDetectionRenewed/data/wavefake/generated_audio/ljspeech_melgan/LJ044-0204_gen.wav,1,ljspeech_melgan,
train,__hf__,0,librispeech,25935
train,__hf__,0,librispeech,14720
train,__hf__,0,librispeech,26308
train,__hf__,0,librispeech,949
train,__hf__,0,librispeech,6499
train,/lambda/nfs/algovirginia/workspace/DeepfakeDetectionRenewed/data/vcc2020/audio/T27/task1/team27_intra-TEM2_SEM2_E30003.wav,1,VCC2020_T27,
train,__hf__,0,librispeech,21115
train,__hf__,0,librispeech,25034
train,/lambda/nfs/algovirginia/workspace/DeepfakeDetectionRenewed/data/vcc2020/audio/T31/task1/team31_intra-TEF2_SEF1_E30003.wav,1,VCC2020_T31,
train,/lambda/nfs/algovirginia/workspace/DeepfakeDetectionRenewed/data/wavefake/generated_audio/ljspeech_full_band_melgan/LJ036-0042_gen.wav,1,ljspeech_full_band_melgan,
train,__hf__,0,librispeech,196
train,/lambda/nfs/algovirginia/workspace/DeepfakeDetectionRenewed/data/vcc2020/audio/T14/task1/team14_intra-TEM1_SEM2_E30004.wav,1,VCC2020_T14,
train,/lambda/nfs/algovirginia/workspace/DeepfakeDetectionRenewed/data/wavefake/generated_audio/ljspeech_melgan/LJ020-0102_gen.wav,1,ljspeech_melgan,
train,/lambda/nfs/algovirginia/workspace/DeepfakeDetectionRenewed/data/wavefake/generated_audio/ljspeech_multi_band_melgan/LJ028-0499_gen.wav,1,ljspeech_multi_band_melgan,
train,__hf__,0,librispeech,18573
train,__hf__,0,librispeech,13566
train,__hf__,0,librispeech,28174
train,__hf__,0,librispeech,501
train,/lambda/nfs/algovirginia/workspace/DeepfakeDetectionRenewed/data/wavefake/generated_audio/ljspeech_melgan/LJ013-0135_gen.wav,1,ljspeech_melgan,
train,/lambda/nfs/algovirginia/workspace/DeepfakeDetectionRenewed/data/wavefake/generated_audio/ljspeech_hifiGAN/LJ007-0243_generated.wav,1,ljspeech_hifiGAN,
train,__hf__,0,librispeech,15278
train,/lambda/nfs/algovirginia/workspace/DeepfakeDetectionRenewed/data/vcc2020/audio/T33/task1/team33_intra-TEM1_SEM1_E30002.wav,1,VCC2020_T33,
train,/lambda/nfs/algovirginia/workspace/DeepfakeDetectionRenewed/data/wavefake/generated_audio/ljspeech_waveglow/LJ011-0001.wav,1,ljspeech_waveglow,
train,__hf__,0,librispeech,27507
train,__hf__,0,librispeech,5284
train,/lambda/nfs/algovirginia/workspace/DeepfakeDetectionRenewed/data/vcc2020/audio/T19/task1/team19_intra-TEF1_SEF1_E30001.wav,1,VCC2020_T19,
train,/lambda/nfs/algovirginia/workspace/DeepfakeDetectionRenewed/data/wavefake/generated_audio/ljspeech_full_band_melgan/LJ005-0011_gen.wav,1,ljspeech_full_band_melgan,
train,__hf__,0,librispeech,5799
train,/lambda/nfs/algovirginia/workspace/DeepfakeDetectionRenewed/data/vcc2020/audio/T16/task1/team16_intra-TEM1_SEM2_E30002.wav,1,VCC2020_T16,
train,__hf__,0,librispeech,10451
train,/lambda/nfs/algovirginia/workspace/DeepfakeDetectionRenewed/data/wavefake/generated_audio/ljspeech_multi_band_melgan/LJ032-0192_gen.wav,1,ljspeech_multi_band_melgan,
train,/lambda/nfs/algovirginia/workspace/DeepfakeDetectionRenewed/data/vcc2020/audio/T33/task1/team33_intra-TEM1_SEM1_E30005.wav,1,VCC2020_T33,
train,/lambda/nfs/algovirginia/workspace/DeepfakeDetectionRenewed/data/wavefake/generated_audio/ljspeech_hifiGAN/LJ025-0147_generated.wav,1,ljspeech_hifiGAN,
train,/lambda/nfs/algovirginia/workspace/DeepfakeDetectionRenewed/data/vcc2020/audio/T30/task1/team30_intra-TEM2_SEM2_E30001.wav,1,VCC2020_T30,
train,/lambda/nfs/algovirginia/workspace/DeepfakeDetectionRenewed/data/wavefake/generated_audio/ljspeech_multi_band_melgan/LJ039-0195_gen.wav,1,ljspeech_multi_band_melgan,
train,/lambda/nfs/algovirginia/workspace/DeepfakeDetectionRenewed/data/vcc2020/audio/T04/task1/team04_intra-TEM2_SEM1_E30004.wav,1,VCC2020_T04,
train,__hf__,0,librispeech,25216
train,__hf__,0,librispeech,2139
train,/lambda/nfs/algovirginia/workspace/DeepfakeDetectionRenewed/data/vcc2020/audio/T17/task1/team17_intra-TEF2_SEM2_E30004.wav,1,VCC2020_T17,
train,__hf__,0,librispeech,2748
train,__hf__,0,librispeech,11891
train,/lambda/nfs/algovirginia/workspace/DeepfakeDetectionRenewed/data/wavefake/generated_audio/ljspeech_parallel_wavegan/LJ005-0153_gen.wav,1,ljspeech_parallel_wavegan,
train,__hf__,0,librispeech,10637
train,__hf__,0,librispeech,3723
train,/lambda/nfs/algovirginia/workspace/DeepfakeDetectionRenewed/data/vcc2020/audio/T13/task1/team13_intra-TEF2_SEF2_E30004.wav,1,VCC2020_T13,
train,__hf__,0,librispeech,25061
train,/lambda/nfs/algovirginia/workspace/DeepfakeDetectionRenewed/data/wavefake/generated_audio/common_voices_prompts_from_conformer_fastspeech2_pwg_ljspeech/gen_4720.wav,1,common_voices_prompts_from_conformer_fastspeech2_pwg_ljspeech,
train,/lambda/nfs/algovirginia/workspace/DeepfakeDetectionRenewed/data/vcc2020/audio/T07/task1/team07_intra-TEM2_SEM2_E30005.wav,1,VCC2020_T07,
train,/lambda/nfs/algovirginia/workspace/DeepfakeDetectionRenewed/data/vcc2020/audio/T03/task1/team03_intra-TEF2_SEM1_E30004.wav,1,VCC2020_T03,
train,/lambda/nfs/algovirginia/workspace/DeepfakeDetectionRenewed/data/vcc2020/audio/T23/task1/team23_intra-TEM2_SEF2_E30005.wav,1,VCC2020_T23,
train,/lambda/nfs/algovirginia/workspace/DeepfakeDetectionRenewed/data/wavefake/generated_audio/ljspeech_parallel_wavegan/LJ021-0162_gen.wav,1,ljspeech_parallel_wavegan,
train,__hf__,0,librispeech,20445
train,/lambda/nfs/algovirginia/workspace/DeepfakeDetectionRenewed/data/wavefake/generated_audio/ljspeech_full_band_melgan/LJ022-0104_gen.wav,1,ljspeech_full_band_melgan,
train,__hf__,0,librispeech,372
train,/lambda/nfs/algovirginia/workspace/DeepfakeDetectionRenewed/data/vcc2020/audio/T29/task1/team29_intra-TEF1_SEF1_E30003.wav,1,VCC2020_T29,
train,/lambda/nfs/algovirginia/workspace/DeepfakeDetectionRenewed/data/wavefake/generated_audio/ljspeech_parallel_wavegan/LJ019-0314_gen.wav,1,ljspeech_parallel_wavegan,
train,__hf__,0,librispeech,1869
train,__hf__,0,librispeech,18080
train,/lambda/nfs/algovirginia/workspace/DeepfakeDetectionRenewed/data/wavefake/generated_audio/common_voices_prompts_from_conformer_fastspeech2_pwg_ljspeech/gen_13360.wav,1,common_voices_prompts_from_conformer_fastspeech2_pwg_ljspeech,
train,/lambda/nfs/algovirginia/workspace/DeepfakeDetectionRenewed/data/vcc2020/audio/T17/task1/team17_intra-TEM2_SEF2_E30004.wav,1,VCC2020_T17,
train,__hf__,0,librispeech,13452
train,__hf__,0,librispeech,24738
train,__hf__,0,librispeech,19628
train,/lambda/nfs/algovirginia/workspace/DeepfakeDetectionRenewed/data/wavefake/generated_audio/ljspeech_waveglow/LJ039-0148.wav,1,ljspeech_waveglow,
train,__hf__,0,librispeech,7813
train,__hf__,0,librispeech,25712
train,/lambda/nfs/algovirginia/workspace/DeepfakeDetectionRenewed/data/wavefake/generated_audio/ljspeech_melgan/LJ046-0180_gen.wav,1,ljspeech_melgan,
train,/lambda/nfs/algovirginia/workspace/DeepfakeDetectionRenewed/data/wavefake/generated_audio/ljspeech_hifiGAN/LJ021-0029_generated.wav,1,ljspeech_hifiGAN,
train,__hf__,0,librispeech,6016
train,__hf__,0,librispeech,16489
train,__hf__,0,librispeech,12894
train,__hf__,0,librispeech,16545
train,__hf__,0,librispeech,21023
train,/lambda/nfs/algovirginia/workspace/DeepfakeDetectionRenewed/data/wavefake/generated_audio/common_voices_prompts_from_conformer_fastspeech2_pwg_ljspeech/gen_6233.wav,1,common_voices_prompts_from_conformer_fastspeech2_pwg_ljspeech,
train,/lambda/nfs/algovirginia/workspace/DeepfakeDetectionRenewed/data/vcc2020/audio/T29/task1/team29_intra-TEF2_SEM1_E30001.wav,1,VCC2020_T29,
train,__hf__,0,librispeech,26439
train,/lambda/nfs/algovirginia/workspace/DeepfakeDetectionRenewed/data/wavefake/generated_audio/ljspeech_melgan/LJ049-0141_gen.wav,1,ljspeech_melgan,
train,__hf__,0,librispeech,14943
train,__hf__,0,librispeech,22462
train,__hf__,0,librispeech,21636
train,/lambda/nfs/algovirginia/workspace/DeepfakeDetectionRenewed/data/wavefake/generated_audio/ljspeech_melgan/LJ018-0212_gen.wav,1,ljspeech_melgan,
train,__hf__,0,librispeech,23873
train,__hf__,0,librispeech,19720
train,/lambda/nfs/algovirginia/workspace/DeepfakeDetectionRenewed/data/wavefake/generated_audio/ljspeech_melgan/LJ031-0010_gen.wav,1,ljspeech_melgan,
train,/lambda/nfs/algovirginia/workspace/DeepfakeDetectionRenewed/data/vcc2020/audio/T04/task1/team04_intra-TEM1_SEM1_E30003.wav,1,VCC2020_T04,
train,/lambda/nfs/algovirginia/workspace/DeepfakeDetectionRenewed/data/wavefake/generated_audio/ljspeech_melgan/LJ027-0078_gen.wav,1,ljspeech_melgan,
train,/lambda/nfs/algovirginia/workspace/DeepfakeDetectionRenewed/data/vcc2020/audio/T27/task1/team27_intra-TEM1_SEM2_E30005.wav,1,VCC2020_T27,
train,__hf__,0,librispeech,10996
train,__hf__,0,librispeech,5559
train,/lambda/nfs/algovirginia/workspace/DeepfakeDetectionRenewed/data/vcc2020/audio/T08/task1/team08_intra-TEF1_SEM2_E30005.wav,1,VCC2020_T08,
train,__hf__,0,librispeech,13550
train,__hf__,0,librispeech,20054
train,/lambda/nfs/algovirginia/workspace/DeepfakeDetectionRenewed/data/vcc2020/audio/T16/task1/team16_intra-TEM2_SEF1_E30002.wav,1,VCC2020_T16,
train,__hf__,0,librispeech,17175
train,/lambda/nfs/algovirginia/workspace/DeepfakeDetectionRenewed/data/wavefake/generated_audio/ljspeech_melgan/LJ050-0087_gen.wav,1,ljspeech_melgan,
train,__hf__,0,librispeech,2226
train,/lambda/nfs/algovirginia/workspace/DeepfakeDetectionRenewed/data/wavefake/generated_audio/ljspeech_hifiGAN/LJ012-0125_generated.wav,1,ljspeech_hifiGAN,
train,/lambda/nfs/algovirginia/workspace/DeepfakeDetectionRenewed/data/wavefake/generated_audio/ljspeech_full_band_melgan/LJ046-0167_gen.wav,1,ljspeech_full_band_melgan,
train,/lambda/nfs/algovirginia/workspace/DeepfakeDetectionRenewed/data/wavefake/generated_audio/ljspeech_hifiGAN/LJ050-0152_generated.wav,1,ljspeech_hifiGAN,
train,__hf__,0,librispeech,27316
train,/lambda/nfs/algovirginia/workspace/DeepfakeDetectionRenewed/data/vcc2020/audio/T21/task1/team21_intra-TEF2_SEF2_E30002.wav,1,VCC2020_T21,
train,/lambda/nfs/algovirginia/workspace/DeepfakeDetectionRenewed/data/wavefake/generated_audio/common_voices_prompts_from_conformer_fastspeech2_pwg_ljspeech/gen_8145.wav,1,common_voices_prompts_from_conformer_fastspeech2_pwg_ljspeech,
train,__hf__,0,librispeech,9494
train,/lambda/nfs/algovirginia/workspace/DeepfakeDetectionRenewed/data/vcc2020/audio/T31/task1/team31_intra-TEM1_SEF1_E30004.wav,1,VCC2020_T31,
train,/lambda/nfs/algovirginia/workspace/DeepfakeDetectionRenewed/data/vcc2020/audio/T25/task1/team25_intra-TEM1_SEF1_E30001.wav,1,VCC2020_T25,
train,/lambda/nfs/algovirginia/workspace/DeepfakeDetectionRenewed/data/wavefake/generated_audio/ljspeech_multi_band_melgan/LJ018-0141_gen.wav,1,ljspeech_multi_band_melgan,
train,/lambda/nfs/algovirginia/workspace/DeepfakeDetectionRenewed/data/vcc2020/audio/T09/task1/team09_intra-TEM2_SEF2_E30001.wav,1,VCC2020_T09,
train,__hf__,0,librispeech,11969
train,/lambda/nfs/algovirginia/workspace/DeepfakeDetectionRenewed/data/vcc2020/audio/T32/task1/team32_intra-TEM1_SEM1_E30003.wav,1,VCC2020_T32,
train,/lambda/nfs/algovirginia/workspace/DeepfakeDetectionRenewed/data/wavefake/generated_audio/common_voices_prompts_from_conformer_fastspeech2_pwg_ljspeech/gen_2345.wav,1,common_voices_prompts_from_conformer_fastspeech2_pwg_ljspeech,
train,/lambda/nfs/algovirginia/workspace/DeepfakeDetectionRenewed/data/vcc2020/audio/T11/task1/team11_intra-TEF2_SEM2_E30003.wav,1,VCC2020_T11,
train,__hf__,0,librispeech,11086
train,__hf__,0,librispeech,27708
train,/lambda/nfs/algovirginia/workspace/DeepfakeDetectionRenewed/data/wavefake/generated_audio/ljspeech_full_band_melgan/LJ004-0005_gen.wav,1,ljspeech_full_band_melgan,
train,/lambda/nfs/algovirginia/workspace/DeepfakeDetectionRenewed/data/vcc2020/audio/T06/task1/team06_intra-TEM1_SEF2_E30001.wav,1,VCC2020_T06,
train,/lambda/nfs/algovirginia/workspace/DeepfakeDetectionRenewed/data/vcc2020/audio/T31/task1/team31_intra-TEF2_SEF1_E30001.wav,1,VCC2020_T31,
train,/lambda/nfs/algovirginia/workspace/DeepfakeDetectionRenewed/data/vcc2020/audio/T10/task1/team10_intra-TEF1_SEM2_E30003.wav,1,VCC2020_T10,
train,__hf__,0,librispeech,4808
train,/lambda/nfs/algovirginia/workspace/DeepfakeDetectionRenewed/data/wavefake/generated_audio/ljspeech_hifiGAN/LJ022-0145_generated.wav,1,ljspeech_hifiGAN,
train,/lambda/nfs/algovirginia/workspace/DeepfakeDetectionRenewed/data/wavefake/generated_audio/ljspeech_melgan/LJ016-0378_gen.wav,1,ljspeech_melgan,
train,/lambda/nfs/algovirginia/workspace/DeepfakeDetectionRenewed/data/wavefake/generated_audio/ljspeech_full_band_melgan/LJ014-0034_gen.wav,1,ljspeech_full_band_melgan,
train,__hf__,0,librispeech,21273
train,/lambda/nfs/algovirginia/workspace/DeepfakeDetectionRenewed/data/vcc2020/audio/T08/task1/team08_intra-TEM2_SEF1_E30003.wav,1,VCC2020_T08,
train,/lambda/nfs/algovirginia/workspace/DeepfakeDetectionRenewed/data/vcc2020/audio/T24/task1/team24_intra-TEF1_SEM2_E30004.wav,1,VCC2020_T24,
train,__hf__,0,librispeech,26174
train,/lambda/nfs/algovirginia/workspace/DeepfakeDetectionRenewed/data/vcc2020/audio/T31/task1/team31_intra-TEF1_SEM1_E30003.wav,1,VCC2020_T31,
train,__hf__,0,librispeech,26741
train,/lambda/nfs/algovirginia/workspace/DeepfakeDetectionRenewed/data/wavefake/generated_audio/ljspeech_full_band_melgan/LJ040-0109_gen.wav,1,ljspeech_full_band_melgan,
train,/lambda/nfs/algovirginia/workspace/DeepfakeDetectionRenewed/data/wavefake/generated_audio/ljspeech_hifiGAN/LJ006-0217_generated.wav,1,ljspeech_hifiGAN,
train,__hf__,0,librispeech,2789
train,__hf__,0,librispeech,5544
train,/lambda/nfs/algovirginia/workspace/DeepfakeDetectionRenewed/data/wavefake/generated_audio/ljspeech_parallel_wavegan/LJ014-0194_gen.wav,1,ljspeech_parallel_wavegan,
train,/lambda/nfs/algovirginia/workspace/DeepfakeDetectionRenewed/data/wavefake/generated_audio/ljspeech_melgan_large/LJ006-0206_gen.wav,1,ljspeech_melgan_large,
train,__hf__,0,librispeech,8180
train,/lambda/nfs/algovirginia/workspace/DeepfakeDetectionRenewed/data/vcc2020/audio/T23/task1/team23_intra-TEM1_SEF1_E30002.wav,1,VCC2020_T23,
train,__hf__,0,librispeech,12619
train,/lambda/nfs/algovirginia/workspace/DeepfakeDetectionRenewed/data/vcc2020/audio/T23/task1/team23_intra-TEM1_SEF1_E30005.wav,1,VCC2020_T23,
train,/lambda/nfs/algovirginia/workspace/DeepfakeDetectionRenewed/data/wavefake/generated_audio/ljspeech_waveglow/LJ043-0029.wav,1,ljspeech_waveglow,
train,__hf__,0,librispeech,22880
train,__hf__,0,librispeech,14676
train,/lambda/nfs/algovirginia/workspace/DeepfakeDetectionRenewed/data/vcc2020/audio/T29/task1/team29_intra-TEF2_SEF1_E30005.wav,1,VCC2020_T29,
train,__hf__,0,librispeech,17584
train,/lambda/nfs/algovirginia/workspace/DeepfakeDetectionRenewed/data/vcc2020/audio/T32/task1/team32_intra-TEF1_SEM2_E30003.wav,1,VCC2020_T32,
train,__hf__,0,librispeech,26085
train,__hf__,0,librispeech,18053
train,/lambda/nfs/algovirginia/workspace/DeepfakeDetectionRenewed/data/wavefake/generated_audio/ljspeech_full_band_melgan/LJ049-0215_gen.wav,1,ljspeech_full_band_melgan,
train,/lambda/nfs/algovirginia/workspace/DeepfakeDetectionRenewed/data/wavefake/generated_audio/ljspeech_melgan/LJ038-0068_gen.wav,1,ljspeech_melgan,
train,__hf__,0,librispeech,13651
train,/lambda/nfs/algovirginia/workspace/DeepfakeDetectionRenewed/data/wavefake/generated_audio/ljspeech_full_band_melgan/LJ037-0005_gen.wav,1,ljspeech_full_band_melgan,
train,/lambda/nfs/algovirginia/workspace/DeepfakeDetectionRenewed/data/wavefake/generated_audio/ljspeech_waveglow/LJ016-0021.wav,1,ljspeech_waveglow,
train,__hf__,0,librispeech,13358
train,/lambda/nfs/algovirginia/workspace/DeepfakeDetectionRenewed/data/vcc2020/audio/T24/task1/team24_intra-TEF1_SEM1_E30001.wav,1,VCC2020_T24,
train,__hf__,0,librispeech,1697
train,/lambda/nfs/algovirginia/workspace/DeepfakeDetectionRenewed/data/wavefake/generated_audio/ljspeech_melgan_large/LJ046-0071_gen.wav,1,ljspeech_melgan_large,
train,__hf__,0,librispeech,25545
train,__hf__,0,librispeech,43
train,__hf__,0,librispeech,25999
train,__hf__,0,librispeech,14175
train,__hf__,0,librispeech,127
train,/lambda/nfs/algovirginia/workspace/DeepfakeDetectionRenewed/data/wavefake/generated_audio/common_voices_prompts_from_conformer_fastspeech2_pwg_ljspeech/gen_11828.wav,1,common_voices_prompts_from_conformer_fastspeech2_pwg_ljspeech,
train,/lambda/nfs/algovirginia/workspace/DeepfakeDetectionRenewed/data/vcc2020/audio/T12/task1/team12_intra-TEM1_SEF1_E30003.wav,1,VCC2020_T12,
train,/lambda/nfs/algovirginia/workspace/DeepfakeDetectionRenewed/data/wavefake/generated_audio/ljspeech_parallel_wavegan/LJ031-0222_gen.wav,1,ljspeech_parallel_wavegan,
train,__hf__,0,librispeech,17217
train,__hf__,0,librispeech,3749
train,/lambda/nfs/algovirginia/workspace/DeepfakeDetectionRenewed/data/wavefake/generated_audio/common_voices_prompts_from_conformer_fastspeech2_pwg_ljspeech/gen_14502.wav,1,common_voices_prompts_from_conformer_fastspeech2_pwg_ljspeech,
train,/lambda/nfs/algovirginia/workspace/DeepfakeDetectionRenewed/data/vcc2020/audio/T26/task1/team26_intra-TEM2_SEF2_E30001.wav,1,VCC2020_T26,
train,__hf__,0,librispeech,17088
train,/lambda/nfs/algovirginia/workspace/DeepfakeDetectionRenewed/data/vcc2020/audio/T29/task1/team29_intra-TEM1_SEM1_E30003.wav,1,VCC2020_T29,
train,/lambda/nfs/algovirginia/workspace/DeepfakeDetectionRenewed/data/vcc2020/audio/T01/task1/team01_intra-TEM2_SEM1_E30004.wav,1,VCC2020_T01,
train,__hf__,0,librispeech,9588
train,__hf__,0,librispeech,8651
train,/lambda/nfs/algovirginia/workspace/DeepfakeDetectionRenewed/data/vcc2020/audio/T31/task1/team31_intra-TEF2_SEM1_E30004.wav,1,VCC2020_T31,
train,/lambda/nfs/algovirginia/workspace/DeepfakeDetectionRenewed/data/wavefake/generated_audio/ljspeech_full_band_melgan/LJ036-0125_gen.wav,1,ljspeech_full_band_melgan,
train,__hf__,0,librispeech,9147
train,__hf__,0,librispeech,4569
train,__hf__,0,librispeech,3876
train,/lambda/nfs/algovirginia/workspace/DeepfakeDetectionRenewed/data/vcc2020/audio/T02/task1/team02_intra-TEF1_SEF2_E30002.wav,1,VCC2020_T02,
train,__hf__,0,librispeech,31
train,/lambda/nfs/algovirginia/workspace/DeepfakeDetectionRenewed/data/wavefake/generated_audio/ljspeech_full_band_melgan/LJ023-0039_gen.wav,1,ljspeech_full_band_melgan,
train,/lambda/nfs/algovirginia/workspace/DeepfakeDetectionRenewed/data/vcc2020/audio/T11/task1/team11_intra-TEF2_SEF1_E30001.wav,1,VCC2020_T11,
train,/lambda/nfs/algovirginia/workspace/DeepfakeDetectionRenewed/data/vcc2020/audio/T14/task1/team14_intra-TEM1_SEF2_E30002.wav,1,VCC2020_T14,
train,__hf__,0,librispeech,25998
train,__hf__,0,librispeech,6265
train,/lambda/nfs/algovirginia/workspace/DeepfakeDetectionRenewed/data/vcc2020/audio/T31/task1/team31_intra-TEM2_SEF1_E30005.wav,1,VCC2020_T31,
train,/lambda/nfs/algovirginia/workspace/DeepfakeDetectionRenewed/data/vcc2020/audio/T08/task1/team08_intra-TEF1_SEM1_E30001.wav,1,VCC2020_T08,
train,__hf__,0,librispeech,16589
train,/lambda/nfs/algovirginia/workspace/DeepfakeDetectionRenewed/data/vcc2020/audio/T31/task1/team31_intra-TEF2_SEF2_E30004.wav,1,VCC2020_T31,
train,__hf__,0,librispeech,17775
train,/lambda/nfs/algovirginia/workspace/DeepfakeDetectionRenewed/data/vcc2020/audio/T16/task1/team16_intra-TEF2_SEM1_E30005.wav,1,VCC2020_T16,
train,/lambda/nfs/algovirginia/workspace/DeepfakeDetectionRenewed/data/wavefake/generated_audio/ljspeech_full_band_melgan/LJ008-0170_gen.wav,1,ljspeech_full_band_melgan,
train,__hf__,0,librispeech,3337
train,/lambda/nfs/algovirginia/workspace/DeepfakeDetectionRenewed/data/vcc2020/audio/T12/task1/team12_intra-TEM1_SEM1_E30003.wav,1,VCC2020_T12,
train,__hf__,0,librispeech,6887
train,__hf__,0,librispeech,19399
train,/lambda/nfs/algovirginia/workspace/DeepfakeDetectionRenewed/data/vcc2020/audio/T21/task1/team21_intra-TEF2_SEM1_E30003.wav,1,VCC2020_T21,
train,__hf__,0,librispeech,22948
train,/lambda/nfs/algovirginia/workspace/DeepfakeDetectionRenewed/data/vcc2020/audio/T33/task1/team33_intra-TEF1_SEF1_E30005.wav,1,VCC2020_T33,
train,/lambda/nfs/algovirginia/workspace/DeepfakeDetectionRenewed/data/vcc2020/audio/T07/task1/team07_intra-TEM2_SEM1_E30005.wav,1,VCC2020_T07,
train,/lambda/nfs/algovirginia/workspace/DeepfakeDetectionRenewed/data/wavefake/generated_audio/ljspeech_waveglow/LJ015-0141.wav,1,ljspeech_waveglow,
train,/lambda/nfs/algovirginia/workspace/DeepfakeDetectionRenewed/data/wavefake/generated_audio/ljspeech_melgan/LJ047-0205_gen.wav,1,ljspeech_melgan,
train,__hf__,0,librispeech,8754
train,/lambda/nfs/algovirginia/workspace/DeepfakeDetectionRenewed/data/vcc2020/audio/T24/task1/team24_intra-TEF1_SEF2_E30003.wav,1,VCC2020_T24,
train,__hf__,0,librispeech,5344
train,/lambda/nfs/algovirginia/workspace/DeepfakeDetectionRenewed/data/vcc2020/audio/T02/task1/team02_intra-TEF2_SEF2_E30004.wav,1,VCC2020_T02,
train,__hf__,0,librispeech,330
train,__hf__,0,librispeech,15307
train,__hf__,0,librispeech,14831
train,__hf__,0,librispeech,19127
train,/lambda/nfs/algovirginia/workspace/DeepfakeDetectionRenewed/data/wavefake/generated_audio/ljspeech_waveglow/LJ037-0143.wav,1,ljspeech_waveglow,
train,__hf__,0,librispeech,1854
train,/lambda/nfs/algovirginia/workspace/DeepfakeDetectionRenewed/data/vcc2020/audio/T27/task1/team27_intra-TEF2_SEF1_E30001.wav,1,VCC2020_T27,
train,/lambda/nfs/algovirginia/workspace/DeepfakeDetectionRenewed/data/vcc2020/audio/T29/task1/team29_intra-TEF2_SEM1_E30003.wav,1,VCC2020_T29,
train,__hf__,0,librispeech,10614
train,/lambda/nfs/algovirginia/workspace/DeepfakeDetectionRenewed/data/vcc2020/audio/T25/task1/team25_intra-TEF1_SEM2_E30004.wav,1,VCC2020_T25,
train,/lambda/nfs/algovirginia/workspace/DeepfakeDetectionRenewed/data/vcc2020/audio/T11/task1/team11_intra-TEF1_SEF1_E30004.wav,1,VCC2020_T11,
train,__hf__,0,librispeech,26285
train,__hf__,0,librispeech,17332
train,__hf__,0,librispeech,5136
train,__hf__,0,librispeech,2462
train,/lambda/nfs/algovirginia/workspace/DeepfakeDetectionRenewed/data/wavefake/generated_audio/ljspeech_waveglow/LJ019-0294.wav,1,ljspeech_waveglow,
train,__hf__,0,librispeech,26258
train,__hf__,0,librispeech,14763
train,__hf__,0,librispeech,13788
train,__hf__,0,librispeech,27762
train,__hf__,0,librispeech,20320
train,/lambda/nfs/algovirginia/workspace/DeepfakeDetectionRenewed/data/vcc2020/audio/T21/task1/team21_intra-TEF1_SEF1_E30005.wav,1,VCC2020_T21,
train,__hf__,0,librispeech,662
train,__hf__,0,librispeech,12945
train,__hf__,0,librispeech,21203
train,__hf__,0,librispeech,27481
train,__hf__,0,librispeech,23996
train,/lambda/nfs/algovirginia/workspace/DeepfakeDetectionRenewed/data/vcc2020/audio/T13/task1/team13_intra-TEF2_SEM2_E30001.wav,1,VCC2020_T13,
train,/lambda/nfs/algovirginia/workspace/DeepfakeDetectionRenewed/data/wavefake/generated_audio/common_voices_prompts_from_conformer_fastspeech2_pwg_ljspeech/gen_4682.wav,1,common_voices_prompts_from_conformer_fastspeech2_pwg_ljspeech,
train,__hf__,0,librispeech,23381
train,__hf__,0,librispeech,22032
train,/lambda/nfs/algovirginia/workspace/DeepfakeDetectionRenewed/data/vcc2020/audio/T26/task1/team26_intra-TEF2_SEF2_E30002.wav,1,VCC2020_T26,
train,__hf__,0,librispeech,26600
train,__hf__,0,librispeech,8091
train,/lambda/nfs/algovirginia/workspace/DeepfakeDetectionRenewed/data/vcc2020/audio/T30/task1/team30_intra-TEM2_SEM2_E30004.wav,1,VCC2020_T30,
train,/lambda/nfs/algovirginia/workspace/DeepfakeDetectionRenewed/data/wavefake/generated_audio/common_voices_prompts_from_conformer_fastspeech2_pwg_ljspeech/gen_14892.wav,1,common_voices_prompts_from_conformer_fastspeech2_pwg_ljspeech,
train,__hf__,0,librispeech,14907
train,__hf__,0,librispeech,15293
train,/lambda/nfs/algovirginia/workspace/DeepfakeDetectionRenewed/data/vcc2020/audio/T14/task1/team14_intra-TEF2_SEF2_E30003.wav,1,VCC2020_T14,
train,__hf__,0,librispeech,25360
train,/lambda/nfs/algovirginia/workspace/DeepfakeDetectionRenewed/data/vcc2020/audio/T32/task1/team32_intra-TEM1_SEM2_E30003.wav,1,VCC2020_T32,
train,/lambda/nfs/algovirginia/workspace/DeepfakeDetectionRenewed/data/vcc2020/audio/T14/task1/team14_intra-TEM1_SEM2_E30005.wav,1,VCC2020_T14,
train,__hf__,0,librispeech,6818
train,__hf__,0,librispeech,23314
train,/lambda/nfs/algovirginia/workspace/DeepfakeDetectionRenewed/data/vcc2020/audio/T11/task1/team11_intra-TEM1_SEM1_E30002.wav,1,VCC2020_T11,
train,/lambda/nfs/algovirginia/workspace/DeepfakeDetectionRenewed/data/wavefake/generated_audio/ljspeech_hifiGAN/LJ030-0116_generated.wav,1,ljspeech_hifiGAN,
train,/lambda/nfs/algovirginia/workspace/DeepfakeDetectionRenewed/data/wavefake/generated_audio/ljspeech_multi_band_melgan/LJ018-0153_gen.wav,1,ljspeech_multi_band_melgan,
train,/lambda/nfs/algovirginia/workspace/DeepfakeDetectionRenewed/data/wavefake/generated_audio/ljspeech_multi_band_melgan/LJ031-0029_gen.wav,1,ljspeech_multi_band_melgan,
train,__hf__,0,librispeech,4171
train,__hf__,0,librispeech,24130
train,/lambda/nfs/algovirginia/workspace/DeepfakeDetectionRenewed/data/wavefake/generated_audio/ljspeech_parallel_wavegan/LJ036-0187_gen.wav,1,ljspeech_parallel_wavegan,
train,__hf__,0,librispeech,2094
train,__hf__,0,librispeech,27282
train,/lambda/nfs/algovirginia/workspace/DeepfakeDetectionRenewed/data/vcc2020/audio/T31/task1/team31_intra-TEF1_SEF1_E30002.wav,1,VCC2020_T31,
train,/lambda/nfs/algovirginia/workspace/DeepfakeDetectionRenewed/data/wavefake/generated_audio/ljspeech_hifiGAN/LJ039-0068_generated.wav,1,ljspeech_hifiGAN,
train,__hf__,0,librispeech,21679
train,/lambda/nfs/algovirginia/workspace/DeepfakeDetectionRenewed/data/wavefake/generated_audio/ljspeech_melgan/LJ025-0070_gen.wav,1,ljspeech_melgan,
train,/lambda/nfs/algovirginia/workspace/DeepfakeDetectionRenewed/data/vcc2020/audio/T32/task1/team32_intra-TEM2_SEF2_E30001.wav,1,VCC2020_T32,
train,/lambda/nfs/algovirginia/workspace/DeepfakeDetectionRenewed/data/vcc2020/audio/T22/task1/team22_intra-TEM2_SEM1_E30001.wav,1,VCC2020_T22,
train,__hf__,0,librispeech,14385
train,/lambda/nfs/algovirginia/workspace/DeepfakeDetectionRenewed/data/wavefake/generated_audio/ljspeech_waveglow/LJ018-0298.wav,1,ljspeech_waveglow,
train,__hf__,0,librispeech,25942
train,__hf__,0,librispeech,9607
train,/lambda/nfs/algovirginia/workspace/DeepfakeDetectionRenewed/data/vcc2020/audio/T33/task1/team33_intra-TEM1_SEF2_E30001.wav,1,VCC2020_T33,
train,__hf__,0,librispeech,14043
train,/lambda/nfs/algovirginia/workspace/DeepfakeDetectionRenewed/data/wavefake/generated_audio/ljspeech_melgan/LJ014-0298_gen.wav,1,ljspeech_melgan,
train,__hf__,0,librispeech,27593
train,__hf__,0,librispeech,1131
train,/lambda/nfs/algovirginia/workspace/DeepfakeDetectionRenewed/data/wavefake/generated_audio/ljspeech_melgan_large/LJ031-0063_gen.wav,1,ljspeech_melgan_large,
train,__hf__,0,librispeech,26637
train,__hf__,0,librispeech,22134
train,__hf__,0,librispeech,15746
train,__hf__,0,librispeech,26271
train,/lambda/nfs/algovirginia/workspace/DeepfakeDetectionRenewed/data/vcc2020/audio/T18/task1/team18_intra-TEF2_SEM1_E30001.wav,1,VCC2020_T18,
train,__hf__,0,librispeech,4734
train,/lambda/nfs/algovirginia/workspace/DeepfakeDetectionRenewed/data/wavefake/generated_audio/ljspeech_waveglow/LJ009-0159.wav,1,ljspeech_waveglow,
train,__hf__,0,librispeech,504
train,/lambda/nfs/algovirginia/workspace/DeepfakeDetectionRenewed/data/vcc2020/audio/T24/task1/team24_intra-TEM1_SEM2_E30004.wav,1,VCC2020_T24,
train,/lambda/nfs/algovirginia/workspace/DeepfakeDetectionRenewed/data/vcc2020/audio/T07/task1/team07_intra-TEM1_SEM1_E30004.wav,1,VCC2020_T07,
train,/lambda/nfs/algovirginia/workspace/DeepfakeDetectionRenewed/data/vcc2020/audio/T29/task1/team29_intra-TEM1_SEF1_E30004.wav,1,VCC2020_T29,
train,__hf__,0,librispeech,16784
train,__hf__,0,librispeech,18066
train,/lambda/nfs/algovirginia/workspace/DeepfakeDetectionRenewed/data/wavefake/generated_audio/common_voices_prompts_from_conformer_fastspeech2_pwg_ljspeech/gen_8255.wav,1,common_voices_prompts_from_conformer_fastspeech2_pwg_ljspeech,
train,/lambda/nfs/algovirginia/workspace/DeepfakeDetectionRenewed/data/vcc2020/audio/T20/task1/team20_intra-TEF1_SEM2_E30003.wav,1,VCC2020_T20,
train,__hf__,0,librispeech,8464
train,__hf__,0,librispeech,24053
train,__hf__,0,librispeech,26924
train,/lambda/nfs/algovirginia/workspace/DeepfakeDetectionRenewed/data/wavefake/generated_audio/ljspeech_full_band_melgan/LJ024-0061_gen.wav,1,ljspeech_full_band_melgan,
train,/lambda/nfs/algovirginia/workspace/DeepfakeDetectionRenewed/data/wavefake/generated_audio/ljspeech_multi_band_melgan/LJ028-0438_gen.wav,1,ljspeech_multi_band_melgan,
train,__hf__,0,librispeech,6219
train,__hf__,0,librispeech,6282
train,__hf__,0,librispeech,22922
train,__hf__,0,librispeech,6027
train,/lambda/nfs/algovirginia/workspace/DeepfakeDetectionRenewed/data/vcc2020/audio/T17/task1/team17_intra-TEM1_SEM1_E30005.wav,1,VCC2020_T17,
train,__hf__,0,librispeech,19955
train,/lambda/nfs/algovirginia/workspace/DeepfakeDetectionRenewed/data/wavefake/generated_audio/ljspeech_hifiGAN/LJ017-0103_generated.wav,1,ljspeech_hifiGAN,
train,__hf__,0,librispeech,19066
train,__hf__,0,librispeech,24947
train,__hf__,0,librispeech,21258
train,/lambda/nfs/algovirginia/workspace/DeepfakeDetectionRenewed/data/wavefake/generated_audio/ljspeech_multi_band_melgan/LJ016-0390_gen.wav,1,ljspeech_multi_band_melgan,
train,__hf__,0,librispeech,11633
train,__hf__,0,librispeech,5477
train,__hf__,0,librispeech,1586
train,__hf__,0,librispeech,27861
train,/lambda/nfs/algovirginia/workspace/DeepfakeDetectionRenewed/data/wavefake/generated_audio/ljspeech_melgan/LJ002-0062_gen.wav,1,ljspeech_melgan,
train,/lambda/nfs/algovirginia/workspace/DeepfakeDetectionRenewed/data/wavefake/generated_audio/ljspeech_waveglow/LJ040-0196.wav,1,ljspeech_waveglow,
train,/lambda/nfs/algovirginia/workspace/DeepfakeDetectionRenewed/data/vcc2020/audio/T30/task1/team30_intra-TEM1_SEM2_E30002.wav,1,VCC2020_T30,
train,/lambda/nfs/algovirginia/workspace/DeepfakeDetectionRenewed/data/vcc2020/audio/T31/task1/team31_intra-TEM2_SEM1_E30005.wav,1,VCC2020_T31,
train,__hf__,0,librispeech,4835
train,/lambda/nfs/algovirginia/workspace/DeepfakeDetectionRenewed/data/wavefake/generated_audio/ljspeech_hifiGAN/LJ045-0025_generated.wav,1,ljspeech_hifiGAN,
train,__hf__,0,librispeech,7331
train,/lambda/nfs/algovirginia/workspace/DeepfakeDetectionRenewed/data/wavefake/generated_audio/ljspeech_parallel_wavegan/LJ018-0082_gen.wav,1,ljspeech_parallel_wavegan,
train,__hf__,0,librispeech,26311
train,/lambda/nfs/algovirginia/workspace/DeepfakeDetectionRenewed/data/wavefake/generated_audio/ljspeech_full_band_melgan/LJ023-0108_gen.wav,1,ljspeech_full_band_melgan,
train,/lambda/nfs/algovirginia/workspace/DeepfakeDetectionRenewed/data/vcc2020/audio/T23/task1/team23_intra-TEF1_SEF1_E30003.wav,1,VCC2020_T23,
train,/lambda/nfs/algovirginia/workspace/DeepfakeDetectionRenewed/data/wavefake/generated_audio/ljspeech_parallel_wavegan/LJ011-0246_gen.wav,1,ljspeech_parallel_wavegan,
train,__hf__,0,librispeech,1612
train,/lambda/nfs/algovirginia/workspace/DeepfakeDetectionRenewed/data/wavefake/generated_audio/ljspeech_waveglow/LJ007-0036.wav,1,ljspeech_waveglow,
train,/lambda/nfs/algovirginia/workspace/DeepfakeDetectionRenewed/data/wavefake/generated_audio/ljspeech_waveglow/LJ014-0332.wav,1,ljspeech_waveglow,
train,__hf__,0,librispeech,13192
train,/lambda/nfs/algovirginia/workspace/DeepfakeDetectionRenewed/data/vcc2020/audio/T30/task1/team30_intra-TEF1_SEM1_E30005.wav,1,VCC2020_T30,
train,__hf__,0,librispeech,22098
train,/lambda/nfs/algovirginia/workspace/DeepfakeDetectionRenewed/data/wavefake/generated_audio/ljspeech_full_band_melgan/LJ050-0274_gen.wav,1,ljspeech_full_band_melgan,
train,__hf__,0,librispeech,25487
train,__hf__,0,librispeech,20827
train,/lambda/nfs/algovirginia/workspace/DeepfakeDetectionRenewed/data/wavefake/generated_audio/common_voices_prompts_from_conformer_fastspeech2_pwg_ljspeech/gen_4579.wav,1,common_voices_prompts_from_conformer_fastspeech2_pwg_ljspeech,
train,__hf__,0,librispeech,16595
train,__hf__,0,librispeech,5604
train,__hf__,0,librispeech,12048
train,/lambda/nfs/algovirginia/workspace/DeepfakeDetectionRenewed/data/vcc2020/audio/T18/task1/team18_intra-TEF2_SEM1_E30002.wav,1,VCC2020_T18,
train,__hf__,0,librispeech,25077
train,__hf__,0,librispeech,20767
train,/lambda/nfs/algovirginia/workspace/DeepfakeDetectionRenewed/data/wavefake/generated_audio/ljspeech_multi_band_melgan/LJ015-0068_gen.wav,1,ljspeech_multi_band_melgan,
train,__hf__,0,librispeech,26856
train,__hf__,0,librispeech,20561
train,/lambda/nfs/algovirginia/workspace/DeepfakeDetectionRenewed/data/vcc2020/audio/T25/task1/team25_intra-TEF1_SEM1_E30003.wav,1,VCC2020_T25,
train,/lambda/nfs/algovirginia/workspace/DeepfakeDetectionRenewed/data/vcc2020/audio/T25/task1/team25_intra-TEM1_SEF2_E30004.wav,1,VCC2020_T25,
train,/lambda/nfs/algovirginia/workspace/DeepfakeDetectionRenewed/data/vcc2020/audio/T14/task1/team14_intra-TEF1_SEF1_E30005.wav,1,VCC2020_T14,
train,/lambda/nfs/algovirginia/workspace/DeepfakeDetectionRenewed/data/wavefake/generated_audio/ljspeech_parallel_wavegan/LJ003-0244_gen.wav,1,ljspeech_parallel_wavegan,
train,__hf__,0,librispeech,2568
train,/lambda/nfs/algovirginia/workspace/DeepfakeDetectionRenewed/data/wavefake/generated_audio/ljspeech_waveglow/LJ033-0013.wav,1,ljspeech_waveglow,
train,__hf__,0,librispeech,1667
train,__hf__,0,librispeech,24605
train,/lambda/nfs/algovirginia/workspace/DeepfakeDetectionRenewed/data/wavefake/generated_audio/ljspeech_waveglow/LJ047-0100.wav,1,ljspeech_waveglow,
train,/lambda/nfs/algovirginia/workspace/DeepfakeDetectionRenewed/data/vcc2020/audio/T10/task1/team10_intra-TEF2_SEM1_E30005.wav,1,VCC2020_T10,
train,__hf__,0,librispeech,4002
train,/lambda/nfs/algovirginia/workspace/DeepfakeDetectionRenewed/data/vcc2020/audio/T21/task1/team21_intra-TEM1_SEM1_E30004.wav,1,VCC2020_T21,
train,__hf__,0,librispeech,27688
train,/lambda/nfs/algovirginia/workspace/DeepfakeDetectionRenewed/data/vcc2020/audio/T33/task1/team33_intra-TEM2_SEF1_E30004.wav,1,VCC2020_T33,
train,__hf__,0,librispeech,10446
train,__hf__,0,librispeech,45
train,/lambda/nfs/algovirginia/workspace/DeepfakeDetectionRenewed/data/wavefake/generated_audio/ljspeech_melgan/LJ002-0325_gen.wav,1,ljspeech_melgan,
train,__hf__,0,librispeech,3384
train,/lambda/nfs/algovirginia/workspace/DeepfakeDetectionRenewed/data/vcc2020/audio/T22/task1/team22_intra-TEF1_SEF1_E30002.wav,1,VCC2020_T22,
train,__hf__,0,librispeech,21015
train,__hf__,0,librispeech,18894
train,__hf__,0,librispeech,20035
train,__hf__,0,librispeech,14392
train,__hf__,0,librispeech,13127
train,__hf__,0,librispeech,21168
train,/lambda/nfs/algovirginia/workspace/DeepfakeDetectionRenewed/data/wavefake/generated_audio/common_voices_prompts_from_conformer_fastspeech2_pwg_ljspeech/gen_13515.wav,1,common_voices_prompts_from_conformer_fastspeech2_pwg_ljspeech,
train,/lambda/nfs/algovirginia/workspace/DeepfakeDetectionRenewed/data/vcc2020/audio/T18/task1/team18_intra-TEM1_SEF1_E30002.wav,1,VCC2020_T18,
train,/lambda/nfs/algovirginia/workspace/DeepfakeDetectionRenewed/data/wavefake/generated_audio/common_voices_prompts_from_conformer_fastspeech2_pwg_ljspeech/gen_4538.wav,1,common_voices_prompts_from_conformer_fastspeech2_pwg_ljspeech,
train,__hf__,0,librispeech,245
train,__hf__,0,librispeech,10195
train,/lambda/nfs/algovirginia/workspace/DeepfakeDetectionRenewed/data/vcc2020/audio/T30/task1/team30_intra-TEM1_SEM1_E30002.wav,1,VCC2020_T30,
train,__hf__,0,librispeech,20114
train,__hf__,0,librispeech,2291
train,/lambda/nfs/algovirginia/workspace/DeepfakeDetectionRenewed/data/wavefake/generated_audio/ljspeech_multi_band_melgan/LJ049-0167_gen.wav,1,ljspeech_multi_band_melgan,
train,__hf__,0,librispeech,24288
train,__hf__,0,librispeech,21234
train,__hf__,0,librispeech,23900
train,__hf__,0,librispeech,3899
train,/lambda/nfs/algovirginia/workspace/DeepfakeDetectionRenewed/data/vcc2020/audio/T08/task1/team08_intra-TEM1_SEF1_E30001.wav,1,VCC2020_T08,
train,__hf__,0,librispeech,10355
train,/lambda/nfs/algovirginia/workspace/DeepfakeDetectionRenewed/data/vcc2020/audio/T01/task1/team01_intra-TEF2_SEM1_E30004.wav,1,VCC2020_T01,
train,__hf__,0,librispeech,3702
train,__hf__,0,librispeech,19551
train,/lambda/nfs/algovirginia/workspace/DeepfakeDetectionRenewed/data/wavefake/generated_audio/common_voices_prompts_from_conformer_fastspeech2_pwg_ljspeech/gen_11361.wav,1,common_voices_prompts_from_conformer_fastspeech2_pwg_ljspeech,
train,/lambda/nfs/algovirginia/workspace/DeepfakeDetectionRenewed/data/vcc2020/audio/T03/task1/team03_intra-TEM1_SEM1_E30005.wav,1,VCC2020_T03,
train,/lambda/nfs/algovirginia/workspace/DeepfakeDetectionRenewed/data/wavefake/generated_audio/ljspeech_melgan/LJ022-0092_gen.wav,1,ljspeech_melgan,
train,/lambda/nfs/algovirginia/workspace/DeepfakeDetectionRenewed/data/wavefake/generated_audio/ljspeech_multi_band_melgan/LJ015-0106_gen.wav,1,ljspeech_multi_band_melgan,
train,__hf__,0,librispeech,21918
train,__hf__,0,librispeech,19647
train,__hf__,0,librispeech,12788
train,/lambda/nfs/algovirginia/workspace/DeepfakeDetectionRenewed/data/wavefake/generated_audio/ljspeech_melgan/LJ028-0380_gen.wav,1,ljspeech_melgan,
train,/lambda/nfs/algovirginia/workspace/DeepfakeDetectionRenewed/data/vcc2020/audio/T13/task1/team13_intra-TEF2_SEF1_E30004.wav,1,VCC2020_T13,
train,/lambda/nfs/algovirginia/workspace/DeepfakeDetectionRenewed/data/vcc2020/audio/T30/task1/team30_intra-TEF1_SEF1_E30003.wav,1,VCC2020_T30,
train,/lambda/nfs/algovirginia/workspace/DeepfakeDetectionRenewed/data/wavefake/generated_audio/ljspeech_waveglow/LJ014-0208.wav,1,ljspeech_waveglow,
train,__hf__,0,librispeech,3228
train,/lambda/nfs/algovirginia/workspace/DeepfakeDetectionRenewed/data/wavefake/generated_audio/ljspeech_waveglow/LJ015-0162.wav,1,ljspeech_waveglow,
train,__hf__,0,librispeech,9280
train,/lambda/nfs/algovirginia/workspace/DeepfakeDetectionRenewed/data/vcc2020/audio/T19/task1/team19_intra-TEM2_SEM2_E30001.wav,1,VCC2020_T19,
train,/lambda/nfs/algovirginia/workspace/DeepfakeDetectionRenewed/data/vcc2020/audio/T07/task1/team07_intra-TEF1_SEM1_E30005.wav,1,VCC2020_T07,
train,__hf__,0,librispeech,8969
train,__hf__,0,librispeech,2862
train,/lambda/nfs/algovirginia/workspace/DeepfakeDetectionRenewed/data/wavefake/generated_audio/ljspeech_full_band_melgan/LJ022-0051_gen.wav,1,ljspeech_full_band_melgan,
train,__hf__,0,librispeech,10824
train,__hf__,0,librispeech,25548
train,__hf__,0,librispeech,15654
train,/lambda/nfs/algovirginia/workspace/DeepfakeDetectionRenewed/data/vcc2020/audio/T16/task1/team16_intra-TEM1_SEM2_E30005.wav,1,VCC2020_T16,
train,__hf__,0,librispeech,19840
train,__hf__,0,librispeech,28097
train,/lambda/nfs/algovirginia/workspace/DeepfakeDetectionRenewed/data/vcc2020/audio/T01/task1/team01_intra-TEM2_SEF1_E30004.wav,1,VCC2020_T01,
train,__hf__,0,librispeech,26905
train,/lambda/nfs/algovirginia/workspace/DeepfakeDetectionRenewed/data/vcc2020/audio/T17/task1/team17_intra-TEF1_SEF2_E30003.wav,1,VCC2020_T17,
train,/lambda/nfs/algovirginia/workspace/DeepfakeDetectionRenewed/data/wavefake/generated_audio/common_voices_prompts_from_conformer_fastspeech2_pwg_ljspeech/gen_5852.wav,1,common_voices_prompts_from_conformer_fastspeech2_pwg_ljspeech,
train,__hf__,0,librispeech,1991
train,/lambda/nfs/algovirginia/workspace/DeepfakeDetectionRenewed/data/wavefake/generated_audio/common_voices_prompts_from_conformer_fastspeech2_pwg_ljspeech/gen_9339.wav,1,common_voices_prompts_from_conformer_fastspeech2_pwg_ljspeech,
train,__hf__,0,librispeech,17204
train,__hf__,0,librispeech,10864
train,__hf__,0,librispeech,14021
train,__hf__,0,librispeech,9686
train,__hf__,0,librispeech,1252
train,/lambda/nfs/algovirginia/workspace/DeepfakeDetectionRenewed/data/vcc2020/audio/T02/task1/team02_intra-TEM1_SEF1_E30002.wav,1,VCC2020_T02,
train,/lambda/nfs/algovirginia/workspace/DeepfakeDetectionRenewed/data/vcc2020/audio/T31/task1/team31_intra-TEF1_SEF2_E30004.wav,1,VCC2020_T31,
train,__hf__,0,librispeech,22668
train,/lambda/nfs/algovirginia/workspace/DeepfakeDetectionRenewed/data/wavefake/generated_audio/common_voices_prompts_from_conformer_fastspeech2_pwg_ljspeech/gen_5369.wav,1,common_voices_prompts_from_conformer_fastspeech2_pwg_ljspeech,
train,__hf__,0,librispeech,11556
train,/lambda/nfs/algovirginia/workspace/DeepfakeDetectionRenewed/data/wavefake/generated_audio/common_voices_prompts_from_conformer_fastspeech2_pwg_ljspeech/gen_6185.wav,1,common_voices_prompts_from_conformer_fastspeech2_pwg_ljspeech,
train,/lambda/nfs/algovirginia/workspace/DeepfakeDetectionRenewed/data/wavefake/generated_audio/ljspeech_hifiGAN/LJ018-0294_generated.wav,1,ljspeech_hifiGAN,
train,__hf__,0,librispeech,16361
train,__hf__,0,librispeech,5829
train,/lambda/nfs/algovirginia/workspace/DeepfakeDetectionRenewed/data/vcc2020/audio/T23/task1/team23_intra-TEF1_SEF2_E30001.wav,1,VCC2020_T23,
train,/lambda/nfs/algovirginia/workspace/DeepfakeDetectionRenewed/data/wavefake/generated_audio/ljspeech_parallel_wavegan/LJ014-0113_gen.wav,1,ljspeech_parallel_wavegan,
train,__hf__,0,librispeech,4451
train,__hf__,0,librispeech,12112
train,/lambda/nfs/algovirginia/workspace/DeepfakeDetectionRenewed/data/wavefake/generated_audio/common_voices_prompts_from_conformer_fastspeech2_pwg_ljspeech/gen_15724.wav,1,common_voices_prompts_from_conformer_fastspeech2_pwg_ljspeech,
train,__hf__,0,librispeech,23153
train,/lambda/nfs/algovirginia/workspace/DeepfakeDetectionRenewed/data/vcc2020/audio/T04/task1/team04_intra-TEF2_SEM1_E30003.wav,1,VCC2020_T04,
train,/lambda/nfs/algovirginia/workspace/DeepfakeDetectionRenewed/data/vcc2020/audio/T22/task1/team22_intra-TEF2_SEF2_E30001.wav,1,VCC2020_T22,
train,/lambda/nfs/algovirginia/workspace/DeepfakeDetectionRenewed/data/wavefake/generated_audio/ljspeech_full_band_melgan/LJ022-0179_gen.wav,1,ljspeech_full_band_melgan,
train,__hf__,0,librispeech,1280
train,__hf__,0,librispeech,7129
train,__hf__,0,librispeech,7822
train,__hf__,0,librispeech,2145
train,/lambda/nfs/algovirginia/workspace/DeepfakeDetectionRenewed/data/vcc2020/audio/T03/task1/team03_intra-TEM2_SEM2_E30005.wav,1,VCC2020_T03,
train,__hf__,0,librispeech,13650
train,__hf__,0,librispeech,25978
train,/lambda/nfs/algovirginia/workspace/DeepfakeDetectionRenewed/data/wavefake/generated_audio/ljspeech_parallel_wavegan/LJ011-0139_gen.wav,1,ljspeech_parallel_wavegan,
train,__hf__,0,librispeech,22868
train,/lambda/nfs/algovirginia/workspace/DeepfakeDetectionRenewed/data/wavefake/generated_audio/common_voices_prompts_from_conformer_fastspeech2_pwg_ljspeech/gen_9969.wav,1,common_voices_prompts_from_conformer_fastspeech2_pwg_ljspeech,
train,/lambda/nfs/algovirginia/workspace/DeepfakeDetectionRenewed/data/vcc2020/audio/T19/task1/team19_intra-TEF2_SEF2_E30005.wav,1,VCC2020_T19,
train,__hf__,0,librispeech,17592
train,__hf__,0,librispeech,24357
train,__hf__,0,librispeech,8163
train,__hf__,0,librispeech,12166
train,__hf__,0,librispeech,17134
train,/lambda/nfs/algovirginia/workspace/DeepfakeDetectionRenewed/data/wavefake/generated_audio/ljspeech_multi_band_melgan/LJ028-0436_gen.wav,1,ljspeech_multi_band_melgan,
train,__hf__,0,librispeech,1156
train,/lambda/nfs/algovirginia/workspace/DeepfakeDetectionRenewed/data/wavefake/generated_audio/common_voices_prompts_from_conformer_fastspeech2_pwg_ljspeech/gen_77.wav,1,common_voices_prompts_from_conformer_fastspeech2_pwg_ljspeech,
train,__hf__,0,librispeech,27244
train,/lambda/nfs/algovirginia/workspace/DeepfakeDetectionRenewed/data/vcc2020/audio/T12/task1/team12_intra-TEM1_SEM2_E30005.wav,1,VCC2020_T12,
train,__hf__,0,librispeech,23364
train,__hf__,0,librispeech,15040
train,/lambda/nfs/algovirginia/workspace/DeepfakeDetectionRenewed/data/wavefake/generated_audio/ljspeech_hifiGAN/LJ022-0153_generated.wav,1,ljspeech_hifiGAN,
train,__hf__,0,librispeech,18479
train,/lambda/nfs/algovirginia/workspace/DeepfakeDetectionRenewed/data/vcc2020/audio/T08/task1/team08_intra-TEM1_SEF2_E30003.wav,1,VCC2020_T08,
train,__hf__,0,librispeech,2894
train,__hf__,0,librispeech,1453
train,/lambda/nfs/algovirginia/workspace/DeepfakeDetectionRenewed/data/vcc2020/audio/T32/task1/team32_intra-TEF1_SEM1_E30005.wav,1,VCC2020_T32,
train,__hf__,0,librispeech,13719
train,__hf__,0,librispeech,25189
train,__hf__,0,librispeech,24079
train,/lambda/nfs/algovirginia/workspace/DeepfakeDetectionRenewed/data/wavefake/generated_audio/ljspeech_full_band_melgan/LJ016-0276_gen.wav,1,ljspeech_full_band_melgan,
train,__hf__,0,librispeech,6672
train,/lambda/nfs/algovirginia/workspace/DeepfakeDetectionRenewed/data/wavefake/generated_audio/ljspeech_hifiGAN/LJ050-0009_generated.wav,1,ljspeech_hifiGAN,
train,/lambda/nfs/algovirginia/workspace/DeepfakeDetectionRenewed/data/wavefake/generated_audio/ljspeech_hifiGAN/LJ045-0237_generated.wav,1,ljspeech_hifiGAN,
train,/lambda/nfs/algovirginia/workspace/DeepfakeDetectionRenewed/data/wavefake/generated_audio/ljspeech_waveglow/LJ030-0108.wav,1,ljspeech_waveglow,
train,__hf__,0,librispeech,16599
train,/lambda/nfs/algovirginia/workspace/DeepfakeDetectionRenewed/data/wavefake/generated_audio/ljspeech_melgan/LJ041-0069_gen.wav,1,ljspeech_melgan,
train,__hf__,0,librispeech,12163
train,__hf__,0,librispeech,5591
train,/lambda/nfs/algovirginia/workspace/DeepfakeDetectionRenewed/data/vcc2020/audio/T22/task1/team22_intra-TEM2_SEF1_E30002.wav,1,VCC2020_T22,
train,__hf__,0,librispeech,25655
train,__hf__,0,librispeech,14162
train,/lambda/nfs/algovirginia/workspace/DeepfakeDetectionRenewed/data/wavefake/generated_audio/ljspeech_melgan_large/LJ031-0108_gen.wav,1,ljspeech_melgan_large,
train,/lambda/nfs/algovirginia/workspace/DeepfakeDetectionRenewed/data/vcc2020/audio/T25/task1/team25_intra-TEM1_SEM1_E30002.wav,1,VCC2020_T25,
train,/lambda/nfs/algovirginia/workspace/DeepfakeDetectionRenewed/data/wavefake/generated_audio/ljspeech_hifiGAN/LJ035-0201_generated.wav,1,ljspeech_hifiGAN,
train,__hf__,0,librispeech,8582
train,/lambda/nfs/algovirginia/workspace/DeepfakeDetectionRenewed/data/wavefake/generated_audio/ljspeech_hifiGAN/LJ049-0141_generated.wav,1,ljspeech_hifiGAN,
train,__hf__,0,librispeech,21674
train,__hf__,0,librispeech,25134
train,/lambda/nfs/algovirginia/workspace/DeepfakeDetectionRenewed/data/wavefake/generated_audio/ljspeech_full_band_melgan/LJ010-0083_gen.wav,1,ljspeech_full_band_melgan,
train,__hf__,0,librispeech,14667
train,/lambda/nfs/algovirginia/workspace/DeepfakeDetectionRenewed/data/wavefake/generated_audio/ljspeech_full_band_melgan/LJ030-0108_gen.wav,1,ljspeech_full_band_melgan,
train,/lambda/nfs/algovirginia/workspace/DeepfakeDetectionRenewed/data/vcc2020/audio/T29/task1/team29_intra-TEM2_SEM1_E30003.wav,1,VCC2020_T29,
train,/lambda/nfs/algovirginia/workspace/DeepfakeDetectionRenewed/data/vcc2020/audio/T09/task1/team09_intra-TEF1_SEF1_E30004.wav,1,VCC2020_T09,
train,/lambda/nfs/algovirginia/workspace/DeepfakeDetectionRenewed/data/vcc2020/audio/T20/task1/team20_intra-TEM2_SEM1_E30003.wav,1,VCC2020_T20,
train,/lambda/nfs/algovirginia/workspace/DeepfakeDetectionRenewed/data/vcc2020/audio/T16/task1/team16_intra-TEF1_SEM1_E30003.wav,1,VCC2020_T16,
train,__hf__,0,librispeech,23842
train,/lambda/nfs/algovirginia/workspace/DeepfakeDetectionRenewed/data/vcc2020/audio/T33/task1/team33_intra-TEM1_SEM2_E30001.wav,1,VCC2020_T33,
train,__hf__,0,librispeech,5580
train,/lambda/nfs/algovirginia/workspace/DeepfakeDetectionRenewed/data/wavefake/generated_audio/ljspeech_melgan/LJ049-0120_gen.wav,1,ljspeech_melgan,
train,__hf__,0,librispeech,21376
train,/lambda/nfs/algovirginia/workspace/DeepfakeDetectionRenewed/data/vcc2020/audio/T17/task1/team17_intra-TEF2_SEM2_E30003.wav,1,VCC2020_T17,
train,/lambda/nfs/algovirginia/workspace/DeepfakeDetectionRenewed/data/vcc2020/audio/T22/task1/team22_intra-TEM2_SEM2_E30005.wav,1,VCC2020_T22,
train,__hf__,0,librispeech,25722
train,__hf__,0,librispeech,6435
train,/lambda/nfs/algovirginia/workspace/DeepfakeDetectionRenewed/data/vcc2020/audio/T20/task1/team20_intra-TEF2_SEF1_E30005.wav,1,VCC2020_T20,
train,__hf__,0,librispeech,25337
train,__hf__,0,librispeech,7859
train,/lambda/nfs/algovirginia/workspace/DeepfakeDetectionRenewed/data/wavefake/generated_audio/ljspeech_hifiGAN/LJ032-0086_generated.wav,1,ljspeech_hifiGAN,
train,__hf__,0,librispeech,23702
train,/lambda/nfs/algovirginia/workspace/DeepfakeDetectionRenewed/data/wavefake/generated_audio/ljspeech_full_band_melgan/LJ012-0185_gen.wav,1,ljspeech_full_band_melgan,
train,/lambda/nfs/algovirginia/workspace/DeepfakeDetectionRenewed/data/wavefake/generated_audio/ljspeech_waveglow/LJ031-0141.wav,1,ljspeech_waveglow,
train,__hf__,0,librispeech,23403
train,/lambda/nfs/algovirginia/workspace/DeepfakeDetectionRenewed/data/wavefake/generated_audio/ljspeech_melgan/LJ038-0017_gen.wav,1,ljspeech_melgan,
train,__hf__,0,librispeech,17417
train,__hf__,0,librispeech,26293
train,__hf__,0,librispeech,25522
train,__hf__,0,librispeech,21172
train,__hf__,0,librispeech,5507
train,/lambda/nfs/algovirginia/workspace/DeepfakeDetectionRenewed/data/wavefake/generated_audio/ljspeech_hifiGAN/LJ044-0232_generated.wav,1,ljspeech_hifiGAN,
train,__hf__,0,librispeech,11554
train,/lambda/nfs/algovirginia/workspace/DeepfakeDetectionRenewed/data/vcc2020/audio/T31/task1/team31_intra-TEM1_SEM2_E30005.wav,1,VCC2020_T31,
train,__hf__,0,librispeech,8371
train,__hf__,0,librispeech,300
train,/lambda/nfs/algovirginia/workspace/DeepfakeDetectionRenewed/data/wavefake/generated_audio/ljspeech_multi_band_melgan/LJ045-0023_gen.wav,1,ljspeech_multi_band_melgan,
train,__hf__,0,librispeech,6107
train,__hf__,0,librispeech,3965
train,__hf__,0,librispeech,10393
train,/lambda/nfs/algovirginia/workspace/DeepfakeDetectionRenewed/data/vcc2020/audio/T07/task1/team07_intra-TEF2_SEF2_E30001.wav,1,VCC2020_T07,
train,/lambda/nfs/algovirginia/workspace/DeepfakeDetectionRenewed/data/vcc2020/audio/T24/task1/team24_intra-TEF1_SEF2_E30005.wav,1,VCC2020_T24,
train,/lambda/nfs/algovirginia/workspace/DeepfakeDetectionRenewed/data/wavefake/generated_audio/ljspeech_full_band_melgan/LJ004-0052_gen.wav,1,ljspeech_full_band_melgan,
train,__hf__,0,librispeech,10139
train,__hf__,0,librispeech,10722
train,/lambda/nfs/algovirginia/workspace/DeepfakeDetectionRenewed/data/vcc2020/audio/T19/task1/team19_intra-TEF2_SEM2_E30005.wav,1,VCC2020_T19,
train,/lambda/nfs/algovirginia/workspace/DeepfakeDetectionRenewed/data/vcc2020/audio/T28/task1/team28_intra-TEM2_SEM1_E30001.wav,1,VCC2020_T28,
train,/lambda/nfs/algovirginia/workspace/DeepfakeDetectionRenewed/data/vcc2020/audio/T27/task1/team27_intra-TEM1_SEM2_E30004.wav,1,VCC2020_T27,
train,/lambda/nfs/algovirginia/workspace/DeepfakeDetectionRenewed/data/wavefake/generated_audio/ljspeech_multi_band_melgan/LJ032-0196_gen.wav,1,ljspeech_multi_band_melgan,
train,/lambda/nfs/algovirginia/workspace/DeepfakeDetectionRenewed/data/vcc2020/audio/T27/task1/team27_intra-TEF1_SEF1_E30001.wav,1,VCC2020_T27,
train,__hf__,0,librispeech,18209
train,__hf__,0,librispeech,6167
train,/lambda/nfs/algovirginia/workspace/DeepfakeDetectionRenewed/data/vcc2020/audio/T31/task1/team31_intra-TEF2_SEF2_E30005.wav,1,VCC2020_T31,
train,__hf__,0,librispeech,23662
train,__hf__,0,librispeech,16443
train,__hf__,0,librispeech,18809
train,__hf__,0,librispeech,22042
train,/lambda/nfs/algovirginia/workspace/DeepfakeDetectionRenewed/data/vcc2020/audio/T26/task1/team26_intra-TEM1_SEM2_E30002.wav,1,VCC2020_T26,
train,/lambda/nfs/algovirginia/workspace/DeepfakeDetectionRenewed/data/wavefake/generated_audio/ljspeech_multi_band_melgan/LJ049-0170_gen.wav,1,ljspeech_multi_band_melgan,
train,__hf__,0,librispeech,762
train,/lambda/nfs/algovirginia/workspace/DeepfakeDetectionRenewed/data/wavefake/generated_audio/ljspeech_hifiGAN/LJ044-0209_generated.wav,1,ljspeech_hifiGAN,
train,/lambda/nfs/algovirginia/workspace/DeepfakeDetectionRenewed/data/vcc2020/audio/T18/task1/team18_intra-TEF1_SEF1_E30003.wav,1,VCC2020_T18,
train,__hf__,0,librispeech,2337
train,__hf__,0,librispeech,17980
train,/lambda/nfs/algovirginia/workspace/DeepfakeDetectionRenewed/data/vcc2020/audio/T06/task1/team06_intra-TEM1_SEM1_E30003.wav,1,VCC2020_T06,
train,/lambda/nfs/algovirginia/workspace/DeepfakeDetectionRenewed/data/wavefake/generated_audio/ljspeech_parallel_wavegan/LJ027-0003_gen.wav,1,ljspeech_parallel_wavegan,
train,/lambda/nfs/algovirginia/workspace/DeepfakeDetectionRenewed/data/vcc2020/audio/T02/task1/team02_intra-TEF2_SEF1_E30001.wav,1,VCC2020_T02,
train,/lambda/nfs/algovirginia/workspace/DeepfakeDetectionRenewed/data/vcc2020/audio/T18/task1/team18_intra-TEF2_SEM2_E30005.wav,1,VCC2020_T18,
train,__hf__,0,librispeech,17506
train,/lambda/nfs/algovirginia/workspace/DeepfakeDetectionRenewed/data/wavefake/generated_audio/ljspeech_parallel_wavegan/LJ013-0143_gen.wav,1,ljspeech_parallel_wavegan,
train,__hf__,0,librispeech,3354
train,__hf__,0,librispeech,2536
train,__hf__,0,librispeech,19805
train,/lambda/nfs/algovirginia/workspace/DeepfakeDetectionRenewed/data/vcc2020/audio/T14/task1/team14_intra-TEM1_SEF2_E30001.wav,1,VCC2020_T14,
train,__hf__,0,librispeech,10704
train,/lambda/nfs/algovirginia/workspace/DeepfakeDetectionRenewed/data/vcc2020/audio/T04/task1/team04_intra-TEF1_SEM1_E30001.wav,1,VCC2020_T04,
train,/lambda/nfs/algovirginia/workspace/DeepfakeDetectionRenewed/data/wavefake/generated_audio/ljspeech_full_band_melgan/LJ003-0065_gen.wav,1,ljspeech_full_band_melgan,
train,__hf__,0,librispeech,13712
train,/lambda/nfs/algovirginia/workspace/DeepfakeDetectionRenewed/data/vcc2020/audio/T24/task1/team24_intra-TEM1_SEM1_E30001.wav,1,VCC2020_T24,
train,/lambda/nfs/algovirginia/workspace/DeepfakeDetectionRenewed/data/vcc2020/audio/T23/task1/team23_intra-TEF1_SEM1_E30002.wav,1,VCC2020_T23,
train,__hf__,0,librispeech,17196
train,/lambda/nfs/algovirginia/workspace/DeepfakeDetectionRenewed/data/vcc2020/audio/T04/task1/team04_intra-TEM1_SEF1_E30002.wav,1,VCC2020_T04,
train,__hf__,0,librispeech,25203
train,__hf__,0,librispeech,17482
train,/lambda/nfs/algovirginia/workspace/DeepfakeDetectionRenewed/data/wavefake/generated_audio/ljspeech_melgan_large/LJ043-0122_gen.wav,1,ljspeech_melgan_large,
train,__hf__,0,librispeech,22445
train,/lambda/nfs/algovirginia/workspace/DeepfakeDetectionRenewed/data/vcc2020/audio/T27/task1/team27_intra-TEF2_SEM2_E30005.wav,1,VCC2020_T27,
train,__hf__,0,librispeech,5313
train,/lambda/nfs/algovirginia/workspace/DeepfakeDetectionRenewed/data/vcc2020/audio/T04/task1/team04_intra-TEM1_SEM2_E30004.wav,1,VCC2020_T04,
train,__hf__,0,librispeech,21821
train,__hf__,0,librispeech,12122
train,/lambda/nfs/algovirginia/workspace/DeepfakeDetectionRenewed/data/vcc2020/audio/T22/task1/team22_intra-TEM1_SEF1_E30005.wav,1,VCC2020_T22,
train,/lambda/nfs/algovirginia/workspace/DeepfakeDetectionRenewed/data/wavefake/generated_audio/ljspeech_waveglow/LJ039-0072.wav,1,ljspeech_waveglow,
train,__hf__,0,librispeech,15530
train,__hf__,0,librispeech,11024
train,__hf__,0,librispeech,12190
train,/lambda/nfs/algovirginia/workspace/DeepfakeDetectionRenewed/data/vcc2020/audio/T12/task1/team12_intra-TEF2_SEM2_E30001.wav,1,VCC2020_T12,
train,__hf__,0,librispeech,25925
train,__hf__,0,librispeech,25481
train,/lambda/nfs/algovirginia/workspace/DeepfakeDetectionRenewed/data/vcc2020/audio/T06/task1/team06_intra-TEF2_SEF2_E30004.wav,1,VCC2020_T06,
train,__hf__,0,librispeech,22605
train,__hf__,0,librispeech,16477
train,__hf__,0,librispeech,8780
train,/lambda/nfs/algovirginia/workspace/DeepfakeDetectionRenewed/data/wavefake/generated_audio/ljspeech_parallel_wavegan/LJ003-0201_gen.wav,1,ljspeech_parallel_wavegan,
train,/lambda/nfs/algovirginia/workspace/DeepfakeDetectionRenewed/data/wavefake/generated_audio/ljspeech_hifiGAN/LJ035-0086_generated.wav,1,ljspeech_hifiGAN,
train,__hf__,0,librispeech,19877
train,__hf__,0,librispeech,20970
train,__hf__,0,librispeech,3969
train,__hf__,0,librispeech,15455
train,__hf__,0,librispeech,12611
train,__hf__,0,librispeech,12856
train,/lambda/nfs/algovirginia/workspace/DeepfakeDetectionRenewed/data/vcc2020/audio/T07/task1/team07_intra-TEM2_SEF2_E30003.wav,1,VCC2020_T07,
train,/lambda/nfs/algovirginia/workspace/DeepfakeDetectionRenewed/data/wavefake/generated_audio/ljspeech_parallel_wavegan/LJ014-0093_gen.wav,1,ljspeech_parallel_wavegan,
train,/lambda/nfs/algovirginia/workspace/DeepfakeDetectionRenewed/data/vcc2020/audio/T24/task1/team24_intra-TEM1_SEF2_E30004.wav,1,VCC2020_T24,
train,/lambda/nfs/algovirginia/workspace/DeepfakeDetectionRenewed/data/wavefake/generated_audio/ljspeech_parallel_wavegan/LJ045-0018_gen.wav,1,ljspeech_parallel_wavegan,
train,/lambda/nfs/algovirginia/workspace/DeepfakeDetectionRenewed/data/wavefake/generated_audio/common_voices_prompts_from_conformer_fastspeech2_pwg_ljspeech/gen_3708.wav,1,common_voices_prompts_from_conformer_fastspeech2_pwg_ljspeech,
train,/lambda/nfs/algovirginia/workspace/DeepfakeDetectionRenewed/data/vcc2020/audio/T06/task1/team06_intra-TEM1_SEF1_E30004.wav,1,VCC2020_T06,
train,/lambda/nfs/algovirginia/workspace/DeepfakeDetectionRenewed/data/vcc2020/audio/T23/task1/team23_intra-TEM1_SEM2_E30005.wav,1,VCC2020_T23,
train,/lambda/nfs/algovirginia/workspace/DeepfakeDetectionRenewed/data/vcc2020/audio/T23/task1/team23_intra-TEM2_SEF1_E30003.wav,1,VCC2020_T23,
train,/lambda/nfs/algovirginia/workspace/DeepfakeDetectionRenewed/data/wavefake/generated_audio/common_voices_prompts_from_conformer_fastspeech2_pwg_ljspeech/gen_9353.wav,1,common_voices_prompts_from_conformer_fastspeech2_pwg_ljspeech,
train,/lambda/nfs/algovirginia/workspace/DeepfakeDetectionRenewed/data/vcc2020/audio/T20/task1/team20_intra-TEM1_SEF1_E30005.wav,1,VCC2020_T20,
train,__hf__,0,librispeech,40
train,/lambda/nfs/algovirginia/workspace/DeepfakeDetectionRenewed/data/vcc2020/audio/T25/task1/team25_intra-TEM1_SEF2_E30003.wav,1,VCC2020_T25,
train,/lambda/nfs/algovirginia/workspace/DeepfakeDetectionRenewed/data/wavefake/generated_audio/ljspeech_melgan/LJ019-0354_gen.wav,1,ljspeech_melgan,
train,__hf__,0,librispeech,2600
train,__hf__,0,librispeech,5588
train,/lambda/nfs/algovirginia/workspace/DeepfakeDetectionRenewed/data/vcc2020/audio/T09/task1/team09_intra-TEM1_SEF2_E30005.wav,1,VCC2020_T09,
train,/lambda/nfs/algovirginia/workspace/DeepfakeDetectionRenewed/data/vcc2020/audio/T33/task1/team33_intra-TEF1_SEF2_E30004.wav,1,VCC2020_T33,
train,/lambda/nfs/algovirginia/workspace/DeepfakeDetectionRenewed/data/vcc2020/audio/T01/task1/team01_intra-TEM1_SEF2_E30002.wav,1,VCC2020_T01,
train,__hf__,0,librispeech,17295
train,/lambda/nfs/algovirginia/workspace/DeepfakeDetectionRenewed/data/wavefake/generated_audio/ljspeech_full_band_melgan/LJ009-0089_gen.wav,1,ljspeech_full_band_melgan,
train,__hf__,0,librispeech,2004
train,/lambda/nfs/algovirginia/workspace/DeepfakeDetectionRenewed/data/wavefake/generated_audio/ljspeech_melgan/LJ040-0196_gen.wav,1,ljspeech_melgan,
train,__hf__,0,librispeech,5514
train,/lambda/nfs/algovirginia/workspace/DeepfakeDetectionRenewed/data/wavefake/generated_audio/ljspeech_melgan_large/LJ029-0173_gen.wav,1,ljspeech_melgan_large,
train,__hf__,0,librispeech,28477
train,/lambda/nfs/algovirginia/workspace/DeepfakeDetectionRenewed/data/vcc2020/audio/T19/task1/team19_intra-TEF2_SEF1_E30001.wav,1,VCC2020_T19,
train,/lambda/nfs/algovirginia/workspace/DeepfakeDetectionRenewed/data/wavefake/generated_audio/ljspeech_multi_band_melgan/LJ032-0175_gen.wav,1,ljspeech_multi_band_melgan,
train,/lambda/nfs/algovirginia/workspace/DeepfakeDetectionRenewed/data/vcc2020/audio/T18/task1/team18_intra-TEF2_SEM2_E30004.wav,1,VCC2020_T18,
train,__hf__,0,librispeech,2872
train,/lambda/nfs/algovirginia/workspace/DeepfakeDetectionRenewed/data/wavefake/generated_audio/ljspeech_hifiGAN/LJ027-0009_generated.wav,1,ljspeech_hifiGAN,
train,/lambda/nfs/algovirginia/workspace/DeepfakeDetectionRenewed/data/wavefake/generated_audio/ljspeech_hifiGAN/LJ007-0089_generated.wav,1,ljspeech_hifiGAN,
train,/lambda/nfs/algovirginia/workspace/DeepfakeDetectionRenewed/data/vcc2020/audio/T08/task1/team08_intra-TEF2_SEM2_E30003.wav,1,VCC2020_T08,
train,__hf__,0,librispeech,18143
train,/lambda/nfs/algovirginia/workspace/DeepfakeDetectionRenewed/data/wavefake/generated_audio/ljspeech_full_band_melgan/LJ035-0067_gen.wav,1,ljspeech_full_band_melgan,
train,__hf__,0,librispeech,25831
train,/lambda/nfs/algovirginia/workspace/DeepfakeDetectionRenewed/data/vcc2020/audio/T22/task1/team22_intra-TEM2_SEF1_E30001.wav,1,VCC2020_T22,
train,/lambda/nfs/algovirginia/workspace/DeepfakeDetectionRenewed/data/wavefake/generated_audio/ljspeech_hifiGAN/LJ018-0087_generated.wav,1,ljspeech_hifiGAN,
train,__hf__,0,librispeech,16114
train,/lambda/nfs/algovirginia/workspace/DeepfakeDetectionRenewed/data/vcc2020/audio/T29/task1/team29_intra-TEM1_SEM1_E30002.wav,1,VCC2020_T29,
train,/lambda/nfs/algovirginia/workspace/DeepfakeDetectionRenewed/data/vcc2020/audio/T08/task1/team08_intra-TEF1_SEF1_E30005.wav,1,VCC2020_T08,
train,/lambda/nfs/algovirginia/workspace/DeepfakeDetectionRenewed/data/wavefake/generated_audio/ljspeech_melgan_large/LJ017-0158_gen.wav,1,ljspeech_melgan_large,
train,__hf__,0,librispeech,17594
train,/lambda/nfs/algovirginia/workspace/DeepfakeDetectionRenewed/data/vcc2020/audio/T31/task1/team31_intra-TEF1_SEM2_E30002.wav,1,VCC2020_T31,
train,__hf__,0,librispeech,12065
train,/lambda/nfs/algovirginia/workspace/DeepfakeDetectionRenewed/data/vcc2020/audio/T04/task1/team04_intra-TEM2_SEM1_E30005.wav,1,VCC2020_T04,
train,__hf__,0,librispeech,5659
train,/lambda/nfs/algovirginia/workspace/DeepfakeDetectionRenewed/data/wavefake/generated_audio/ljspeech_melgan/LJ021-0065_gen.wav,1,ljspeech_melgan,
train,/lambda/nfs/algovirginia/workspace/DeepfakeDetectionRenewed/data/wavefake/generated_audio/ljspeech_multi_band_melgan/LJ004-0152_gen.wav,1,ljspeech_multi_band_melgan,
train,__hf__,0,librispeech,20241
train,/lambda/nfs/algovirginia/workspace/DeepfakeDetectionRenewed/data/vcc2020/audio/T32/task1/team32_intra-TEM1_SEM2_E30002.wav,1,VCC2020_T32,
train,__hf__,0,librispeech,3470
train,__hf__,0,librispeech,9231
train,__hf__,0,librispeech,7858
train,__hf__,0,librispeech,21368
train,__hf__,0,librispeech,28265
train,__hf__,0,librispeech,11474
train,/lambda/nfs/algovirginia/workspace/DeepfakeDetectionRenewed/data/vcc2020/audio/T29/task1/team29_intra-TEF1_SEM2_E30001.wav,1,VCC2020_T29,
train,__hf__,0,librispeech,28025
train,/lambda/nfs/algovirginia/workspace/DeepfakeDetectionRenewed/data/vcc2020/audio/T06/task1/team06_intra-TEF1_SEF2_E30004.wav,1,VCC2020_T06,
train,/lambda/nfs/algovirginia/workspace/DeepfakeDetectionRenewed/data/vcc2020/audio/T23/task1/team23_intra-TEM2_SEM2_E30003.wav,1,VCC2020_T23,
train,__hf__,0,librispeech,2845
train,/lambda/nfs/algovirginia/workspace/DeepfakeDetectionRenewed/data/vcc2020/audio/T22/task1/team22_intra-TEM1_SEM2_E30002.wav,1,VCC2020_T22,
train,/lambda/nfs/algovirginia/workspace/DeepfakeDetectionRenewed/data/wavefake/generated_audio/common_voices_prompts_from_conformer_fastspeech2_pwg_ljspeech/gen_7276.wav,1,common_voices_prompts_from_conformer_fastspeech2_pwg_ljspeech,
train,__hf__,0,librispeech,8821
train,/lambda/nfs/algovirginia/workspace/DeepfakeDetectionRenewed/data/wavefake/generated_audio/ljspeech_parallel_wavegan/LJ031-0023_gen.wav,1,ljspeech_parallel_wavegan,
train,__hf__,0,librispeech,19132
train,/lambda/nfs/algovirginia/workspace/DeepfakeDetectionRenewed/data/wavefake/generated_audio/ljspeech_hifiGAN/LJ023-0074_generated.wav,1,ljspeech_hifiGAN,
train,/lambda/nfs/algovirginia/workspace/DeepfakeDetectionRenewed/data/vcc2020/audio/T11/task1/team11_intra-TEM1_SEM2_E30004.wav,1,VCC2020_T11,
train,__hf__,0,librispeech,20519
train,__hf__,0,librispeech,26630
train,__hf__,0,librispeech,10754
train,/lambda/nfs/algovirginia/workspace/DeepfakeDetectionRenewed/data/vcc2020/audio/T08/task1/team08_intra-TEF2_SEF1_E30001.wav,1,VCC2020_T08,
train,__hf__,0,librispeech,25650
train,__hf__,0,librispeech,22354
train,/lambda/nfs/algovirginia/workspace/DeepfakeDetectionRenewed/data/wavefake/generated_audio/ljspeech_hifiGAN/LJ001-0123_generated.wav,1,ljspeech_hifiGAN,
train,/lambda/nfs/algovirginia/workspace/DeepfakeDetectionRenewed/data/vcc2020/audio/T26/task1/team26_intra-TEF2_SEM2_E30004.wav,1,VCC2020_T26,
train,__hf__,0,librispeech,5442
train,/lambda/nfs/algovirginia/workspace/DeepfakeDetectionRenewed/data/vcc2020/audio/T01/task1/team01_intra-TEF1_SEM1_E30003.wav,1,VCC2020_T01,
train,/lambda/nfs/algovirginia/workspace/DeepfakeDetectionRenewed/data/vcc2020/audio/T09/task1/team09_intra-TEF1_SEM1_E30005.wav,1,VCC2020_T09,
train,/lambda/nfs/algovirginia/workspace/DeepfakeDetectionRenewed/data/wavefake/generated_audio/ljspeech_multi_band_melgan/LJ027-0053_gen.wav,1,ljspeech_multi_band_melgan,
train,/lambda/nfs/algovirginia/workspace/DeepfakeDetectionRenewed/data/wavefake/generated_audio/ljspeech_hifiGAN/LJ049-0216_generated.wav,1,ljspeech_hifiGAN,
train,/lambda/nfs/algovirginia/workspace/DeepfakeDetectionRenewed/data/vcc2020/audio/T10/task1/team10_intra-TEM1_SEF2_E30001.wav,1,VCC2020_T10,
train,__hf__,0,librispeech,3429
train,__hf__,0,librispeech,7757
train,/lambda/nfs/algovirginia/workspace/DeepfakeDetectionRenewed/data/vcc2020/audio/T01/task1/team01_intra-TEF2_SEF2_E30004.wav,1,VCC2020_T01,
train,__hf__,0,librispeech,22645
train,/lambda/nfs/algovirginia/workspace/DeepfakeDetectionRenewed/data/wavefake/generated_audio/common_voices_prompts_from_conformer_fastspeech2_pwg_ljspeech/gen_9774.wav,1,common_voices_prompts_from_conformer_fastspeech2_pwg_ljspeech,
train,/lambda/nfs/algovirginia/workspace/DeepfakeDetectionRenewed/data/wavefake/generated_audio/ljspeech_multi_band_melgan/LJ035-0028_gen.wav,1,ljspeech_multi_band_melgan,
train,/lambda/nfs/algovirginia/workspace/DeepfakeDetectionRenewed/data/vcc2020/audio/T29/task1/team29_intra-TEM1_SEF1_E30003.wav,1,VCC2020_T29,
train,/lambda/nfs/algovirginia/workspace/DeepfakeDetectionRenewed/data/wavefake/generated_audio/common_voices_prompts_from_conformer_fastspeech2_pwg_ljspeech/gen_3293.wav,1,common_voices_prompts_from_conformer_fastspeech2_pwg_ljspeech,
train,__hf__,0,librispeech,23448
train,/lambda/nfs/algovirginia/workspace/DeepfakeDetectionRenewed/data/vcc2020/audio/T06/task1/team06_intra-TEF2_SEF2_E30005.wav,1,VCC2020_T06,
train,/lambda/nfs/algovirginia/workspace/DeepfakeDetectionRenewed/data/vcc2020/audio/T10/task1/team10_intra-TEM2_SEM1_E30002.wav,1,VCC2020_T10,
train,/lambda/nfs/algovirginia/workspace/DeepfakeDetectionRenewed/data/vcc2020/audio/T07/task1/team07_intra-TEF2_SEF2_E30005.wav,1,VCC2020_T07,
train,/lambda/nfs/algovirginia/workspace/DeepfakeDetectionRenewed/data/vcc2020/audio/T16/task1/team16_intra-TEF2_SEM2_E30005.wav,1,VCC2020_T16,
train,/lambda/nfs/algovirginia/workspace/DeepfakeDetectionRenewed/data/vcc2020/audio/T26/task1/team26_intra-TEF1_SEF1_E30002.wav,1,VCC2020_T26,
train,/lambda/nfs/algovirginia/workspace/DeepfakeDetectionRenewed/data/vcc2020/audio/T19/task1/team19_intra-TEF1_SEM2_E30002.wav,1,VCC2020_T19,
train,/lambda/nfs/algovirginia/workspace/DeepfakeDetectionRenewed/data/vcc2020/audio/T06/task1/team06_intra-TEF1_SEM1_E30004.wav,1,VCC2020_T06,
train,/lambda/nfs/algovirginia/workspace/DeepfakeDetectionRenewed/data/wavefake/generated_audio/ljspeech_waveglow/LJ032-0191.wav,1,ljspeech_waveglow,
train,/lambda/nfs/algovirginia/workspace/DeepfakeDetectionRenewed/data/wavefake/generated_audio/ljspeech_parallel_wavegan/LJ046-0234_gen.wav,1,ljspeech_parallel_wavegan,
train,__hf__,0,librispeech,21872
train,__hf__,0,librispeech,8713
train,/lambda/nfs/algovirginia/workspace/DeepfakeDetectionRenewed/data/vcc2020/audio/T13/task1/team13_intra-TEM1_SEM2_E30001.wav,1,VCC2020_T13,
train,/lambda/nfs/algovirginia/workspace/DeepfakeDetectionRenewed/data/vcc2020/audio/T08/task1/team08_intra-TEF2_SEM1_E30002.wav,1,VCC2020_T08,
train,__hf__,0,librispeech,5601
train,/lambda/nfs/algovirginia/workspace/DeepfakeDetectionRenewed/data/vcc2020/audio/T14/task1/team14_intra-TEF1_SEF2_E30001.wav,1,VCC2020_T14,
train,/lambda/nfs/algovirginia/workspace/DeepfakeDetectionRenewed/data/wavefake/generated_audio/ljspeech_hifiGAN/LJ050-0138_generated.wav,1,ljspeech_hifiGAN,
train,/lambda/nfs/algovirginia/workspace/DeepfakeDetectionRenewed/data/wavefake/generated_audio/common_voices_prompts_from_conformer_fastspeech2_pwg_ljspeech/gen_5807.wav,1,common_voices_prompts_from_conformer_fastspeech2_pwg_ljspeech,
train,/lambda/nfs/algovirginia/workspace/DeepfakeDetectionRenewed/data/wavefake/generated_audio/ljspeech_full_band_melgan/LJ031-0215_gen.wav,1,ljspeech_full_band_melgan,
train,/lambda/nfs/algovirginia/workspace/DeepfakeDetectionRenewed/data/vcc2020/audio/T30/task1/team30_intra-TEM2_SEM1_E30003.wav,1,VCC2020_T30,
train,__hf__,0,librispeech,25199
train,/lambda/nfs/algovirginia/workspace/DeepfakeDetectionRenewed/data/vcc2020/audio/T24/task1/team24_intra-TEF2_SEM2_E30002.wav,1,VCC2020_T24,
train,/lambda/nfs/algovirginia/workspace/DeepfakeDetectionRenewed/data/wavefake/generated_audio/common_voices_prompts_from_conformer_fastspeech2_pwg_ljspeech/gen_5879.wav,1,common_voices_prompts_from_conformer_fastspeech2_pwg_ljspeech,
train,__hf__,0,librispeech,26627
train,/lambda/nfs/algovirginia/workspace/DeepfakeDetectionRenewed/data/wavefake/generated_audio/ljspeech_parallel_wavegan/LJ011-0223_gen.wav,1,ljspeech_parallel_wavegan,
train,/lambda/nfs/algovirginia/workspace/DeepfakeDetectionRenewed/data/vcc2020/audio/T12/task1/team12_intra-TEM1_SEF2_E30002.wav,1,VCC2020_T12,
train,__hf__,0,librispeech,16573
train,/lambda/nfs/algovirginia/workspace/DeepfakeDetectionRenewed/data/vcc2020/audio/T14/task1/team14_intra-TEM2_SEF1_E30001.wav,1,VCC2020_T14,
train,/lambda/nfs/algovirginia/workspace/DeepfakeDetectionRenewed/data/vcc2020/audio/T24/task1/team24_intra-TEM1_SEM1_E30005.wav,1,VCC2020_T24,
train,/lambda/nfs/algovirginia/workspace/DeepfakeDetectionRenewed/data/wavefake/generated_audio/ljspeech_parallel_wavegan/LJ011-0046_gen.wav,1,ljspeech_parallel_wavegan,
train,/lambda/nfs/algovirginia/workspace/DeepfakeDetectionRenewed/data/vcc2020/audio/T02/task1/team02_intra-TEF1_SEF1_E30001.wav,1,VCC2020_T02,
train,__hf__,0,librispeech,20869
train,/lambda/nfs/algovirginia/workspace/DeepfakeDetectionRenewed/data/vcc2020/audio/T18/task1/team18_intra-TEM1_SEM1_E30003.wav,1,VCC2020_T18,
train,__hf__,0,librispeech,17640
train,__hf__,0,librispeech,9352
train,__hf__,0,librispeech,16421
train,/lambda/nfs/algovirginia/workspace/DeepfakeDetectionRenewed/data/wavefake/generated_audio/ljspeech_multi_band_melgan/LJ002-0288_gen.wav,1,ljspeech_multi_band_melgan,
train,__hf__,0,librispeech,1210
train,__hf__,0,librispeech,3517
train,__hf__,0,librispeech,16995
train,__hf__,0,librispeech,6439
train,__hf__,0,librispeech,21878
train,__hf__,0,librispeech,6709
train,__hf__,0,librispeech,5352
train,__hf__,0,librispeech,27212
train,__hf__,0,librispeech,3753
train,__hf__,0,librispeech,22677
train,/lambda/nfs/algovirginia/workspace/DeepfakeDetectionRenewed/data/wavefake/generated_audio/ljspeech_waveglow/LJ034-0151.wav,1,ljspeech_waveglow,
train,/lambda/nfs/algovirginia/workspace/DeepfakeDetectionRenewed/data/wavefake/generated_audio/ljspeech_melgan_large/LJ037-0144_gen.wav,1,ljspeech_melgan_large,
train,__hf__,0,librispeech,19563
train,/lambda/nfs/algovirginia/workspace/DeepfakeDetectionRenewed/data/wavefake/generated_audio/ljspeech_multi_band_melgan/LJ017-0049_gen.wav,1,ljspeech_multi_band_melgan,
train,__hf__,0,librispeech,20953
train,__hf__,0,librispeech,737
train,__hf__,0,librispeech,7455
train,__hf__,0,librispeech,2966
train,__hf__,0,librispeech,6398
train,__hf__,0,librispeech,12026
train,__hf__,0,librispeech,18088
train,__hf__,0,librispeech,17664
train,__hf__,0,librispeech,4965
train,__hf__,0,librispeech,20559
train,__hf__,0,librispeech,27815
train,/lambda/nfs/algovirginia/workspace/DeepfakeDetectionRenewed/data/wavefake/generated_audio/ljspeech_melgan_large/LJ024-0046_gen.wav,1,ljspeech_melgan_large,
train,__hf__,0,librispeech,11314
train,/lambda/nfs/algovirginia/workspace/DeepfakeDetectionRenewed/data/wavefake/generated_audio/ljspeech_waveglow/LJ027-0175.wav,1,ljspeech_waveglow,
train,__hf__,0,librispeech,25682
train,__hf__,0,librispeech,13219
train,__hf__,0,librispeech,22606
train,/lambda/nfs/algovirginia/workspace/DeepfakeDetectionRenewed/data/wavefake/generated_audio/ljspeech_hifiGAN/LJ015-0006_generated.wav,1,ljspeech_hifiGAN,
train,__hf__,0,librispeech,16990
train,__hf__,0,librispeech,10749
train,__hf__,0,librispeech,14324
train,__hf__,0,librispeech,5826
train,__hf__,0,librispeech,9749
train,__hf__,0,librispeech,25538
train,__hf__,0,librispeech,1382
train,__hf__,0,librispeech,8565
train,/lambda/nfs/algovirginia/workspace/DeepfakeDetectionRenewed/data/wavefake/generated_audio/ljspeech_parallel_wavegan/LJ008-0089_gen.wav,1,ljspeech_parallel_wavegan,
train,__hf__,0,librispeech,4770
train,__hf__,0,librispeech,24764
train,__hf__,0,librispeech,4030
train,__hf__,0,librispeech,17365
train,__hf__,0,librispeech,17862
train,/lambda/nfs/algovirginia/workspace/DeepfakeDetectionRenewed/data/vcc2020/audio/T30/task1/team30_intra-TEF2_SEF2_E30005.wav,1,VCC2020_T30,
train,/lambda/nfs/algovirginia/workspace/DeepfakeDetectionRenewed/data/wavefake/generated_audio/common_voices_prompts_from_conformer_fastspeech2_pwg_ljspeech/gen_3124.wav,1,common_voices_prompts_from_conformer_fastspeech2_pwg_ljspeech,
train,__hf__,0,librispeech,4106
train,/lambda/nfs/algovirginia/workspace/DeepfakeDetectionRenewed/data/wavefake/generated_audio/ljspeech_parallel_wavegan/LJ007-0179_gen.wav,1,ljspeech_parallel_wavegan,
train,/lambda/nfs/algovirginia/workspace/DeepfakeDetectionRenewed/data/vcc2020/audio/T06/task1/team06_intra-TEF1_SEM1_E30003.wav,1,VCC2020_T06,
train,/lambda/nfs/algovirginia/workspace/DeepfakeDetectionRenewed/data/wavefake/generated_audio/common_voices_prompts_from_conformer_fastspeech2_pwg_ljspeech/gen_11791.wav,1,common_voices_prompts_from_conformer_fastspeech2_pwg_ljspeech,
train,/lambda/nfs/algovirginia/workspace/DeepfakeDetectionRenewed/data/wavefake/generated_audio/ljspeech_melgan_large/LJ048-0132_gen.wav,1,ljspeech_melgan_large,
train,/lambda/nfs/algovirginia/workspace/DeepfakeDetectionRenewed/data/wavefake/generated_audio/ljspeech_multi_band_melgan/LJ016-0210_gen.wav,1,ljspeech_multi_band_melgan,
train,__hf__,0,librispeech,7374
train,/lambda/nfs/algovirginia/workspace/DeepfakeDetectionRenewed/data/wavefake/generated_audio/ljspeech_parallel_wavegan/LJ003-0106_gen.wav,1,ljspeech_parallel_wavegan,
train,__hf__,0,librispeech,21549
train,__hf__,0,librispeech,7467
train,__hf__,0,librispeech,11325
train,__hf__,0,librispeech,19899
train,__hf__,0,librispeech,16179
train,__hf__,0,librispeech,22719
train,/lambda/nfs/algovirginia/workspace/DeepfakeDetectionRenewed/data/vcc2020/audio/T07/task1/team07_intra-TEM1_SEM1_E30002.wav,1,VCC2020_T07,
train,/lambda/nfs/algovirginia/workspace/DeepfakeDetectionRenewed/data/vcc2020/audio/T09/task1/team09_intra-TEF1_SEF2_E30004.wav,1,VCC2020_T09,
train,/lambda/nfs/algovirginia/workspace/DeepfakeDetectionRenewed/data/wavefake/generated_audio/common_voices_prompts_from_conformer_fastspeech2_pwg_ljspeech/gen_2133.wav,1,common_voices_prompts_from_conformer_fastspeech2_pwg_ljspeech,
train,__hf__,0,librispeech,497
train,__hf__,0,librispeech,4331
train,__hf__,0,librispeech,23519
train,__hf__,0,librispeech,14601
train,__hf__,0,librispeech,24382
train,__hf__,0,librispeech,10752
train,__hf__,0,librispeech,7334
train,/lambda/nfs/algovirginia/workspace/DeepfakeDetectionRenewed/data/wavefake/generated_audio/ljspeech_hifiGAN/LJ010-0167_generated.wav,1,ljspeech_hifiGAN,
train,__hf__,0,librispeech,7309
train,/lambda/nfs/algovirginia/workspace/DeepfakeDetectionRenewed/data/vcc2020/audio/T09/task1/team09_intra-TEF1_SEM1_E30001.wav,1,VCC2020_T09,
train,/lambda/nfs/algovirginia/workspace/DeepfakeDetectionRenewed/data/wavefake/generated_audio/ljspeech_parallel_wavegan/LJ013-0240_gen.wav,1,ljspeech_parallel_wavegan,
train,/lambda/nfs/algovirginia/workspace/DeepfakeDetectionRenewed/data/wavefake/generated_audio/ljspeech_parallel_wavegan/LJ017-0283_gen.wav,1,ljspeech_parallel_wavegan,
train,__hf__,0,librispeech,23944
train,/lambda/nfs/algovirginia/workspace/DeepfakeDetectionRenewed/data/wavefake/generated_audio/ljspeech_waveglow/LJ019-0243.wav,1,ljspeech_waveglow,
train,__hf__,0,librispeech,8503
train,/lambda/nfs/algovirginia/workspace/DeepfakeDetectionRenewed/data/vcc2020/audio/T20/task1/team20_intra-TEM2_SEM2_E30004.wav,1,VCC2020_T20,
train,/lambda/nfs/algovirginia/workspace/DeepfakeDetectionRenewed/data/vcc2020/audio/T21/task1/team21_intra-TEF2_SEF2_E30004.wav,1,VCC2020_T21,
train,/lambda/nfs/algovirginia/workspace/DeepfakeDetectionRenewed/data/vcc2020/audio/T13/task1/team13_intra-TEM1_SEM2_E30004.wav,1,VCC2020_T13,
val,__hf__,0,librispeech,5111
val,/lambda/nfs/algovirginia/workspace/DeepfakeDetectionRenewed/data/wavefake/generated_audio/ljspeech_full_band_melgan/LJ041-0125_gen.wav,1,ljspeech_full_band_melgan,
val,/lambda/nfs/algovirginia/workspace/DeepfakeDetectionRenewed/data/wavefake/generated_audio/common_voices_prompts_from_conformer_fastspeech2_pwg_ljspeech/gen_166.wav,1,common_voices_prompts_from_conformer_fastspeech2_pwg_ljspeech,
val,__hf__,0,librispeech,21882
val,/lambda/nfs/algovirginia/workspace/DeepfakeDetectionRenewed/data/vcc2020/audio/T21/task1/team21_intra-TEM2_SEF1_E30005.wav,1,VCC2020_T21,
val,/lambda/nfs/algovirginia/workspace/DeepfakeDetectionRenewed/data/wavefake/generated_audio/ljspeech_hifiGAN/LJ004-0146_generated.wav,1,ljspeech_hifiGAN,
val,__hf__,0,librispeech,1911
val,__hf__,0,librispeech,2915
val,/lambda/nfs/algovirginia/workspace/DeepfakeDetectionRenewed/data/wavefake/generated_audio/common_voices_prompts_from_conformer_fastspeech2_pwg_ljspeech/gen_12781.wav,1,common_voices_prompts_from_conformer_fastspeech2_pwg_ljspeech,
val,__hf__,0,librispeech,15193
val,/lambda/nfs/algovirginia/workspace/DeepfakeDetectionRenewed/data/wavefake/generated_audio/ljspeech_melgan_large/LJ002-0091_gen.wav,1,ljspeech_melgan_large,
val,/lambda/nfs/algovirginia/workspace/DeepfakeDetectionRenewed/data/vcc2020/audio/T21/task1/team21_intra-TEF1_SEF2_E30004.wav,1,VCC2020_T21,
val,/lambda/nfs/algovirginia/workspace/DeepfakeDetectionRenewed/data/vcc2020/audio/T10/task1/team10_intra-TEM2_SEF2_E30004.wav,1,VCC2020_T10,
val,__hf__,0,librispeech,20794
val,__hf__,0,librispeech,366
val,/lambda/nfs/algovirginia/workspace/DeepfakeDetectionRenewed/data/vcc2020/audio/T19/task1/team19_intra-TEM2_SEF2_E30005.wav,1,VCC2020_T19,
val,/lambda/nfs/algovirginia/workspace/DeepfakeDetectionRenewed/data/vcc2020/audio/T17/task1/team17_intra-TEF2_SEM2_E30002.wav,1,VCC2020_T17,
val,__hf__,0,librispeech,8007
val,__hf__,0,librispeech,16138
val,__hf__,0,librispeech,11424
val,/lambda/nfs/algovirginia/workspace/DeepfakeDetectionRenewed/data/wavefake/generated_audio/ljspeech_parallel_wavegan/LJ016-0167_gen.wav,1,ljspeech_parallel_wavegan,
val,__hf__,0,librispeech,1358
val,/lambda/nfs/algovirginia/workspace/DeepfakeDetectionRenewed/data/wavefake/generated_audio/ljspeech_waveglow/LJ021-0006.wav,1,ljspeech_waveglow,
val,__hf__,0,librispeech,10380
val,__hf__,0,librispeech,12402
val,/lambda/nfs/algovirginia/workspace/DeepfakeDetectionRenewed/data/vcc2020/audio/T12/task1/team12_intra-TEM1_SEF1_E30001.wav,1,VCC2020_T12,
val,__hf__,0,librispeech,21197
val,__hf__,0,librispeech,28235
val,/lambda/nfs/algovirginia/workspace/DeepfakeDetectionRenewed/data/wavefake/generated_audio/ljspeech_full_band_melgan/LJ028-0327_gen.wav,1,ljspeech_full_band_melgan,
val,/lambda/nfs/algovirginia/workspace/DeepfakeDetectionRenewed/data/wavefake/generated_audio/ljspeech_waveglow/LJ016-0102.wav,1,ljspeech_waveglow,
val,__hf__,0,librispeech,18264
val,__hf__,0,librispeech,252
val,__hf__,0,librispeech,17807
val,/lambda/nfs/algovirginia/workspace/DeepfakeDetectionRenewed/data/wavefake/generated_audio/ljspeech_melgan/LJ006-0182_gen.wav,1,ljspeech_melgan,
val,__hf__,0,librispeech,7618
val,__hf__,0,librispeech,14468
val,__hf__,0,librispeech,4222
val,__hf__,0,librispeech,19900
val,__hf__,0,librispeech,13952
val,/lambda/nfs/algovirginia/workspace/DeepfakeDetectionRenewed/data/vcc2020/audio/T26/task1/team26_intra-TEF1_SEM2_E30004.wav,1,VCC2020_T26,
val,/lambda/nfs/algovirginia/workspace/DeepfakeDetectionRenewed/data/vcc2020/audio/T25/task1/team25_intra-TEF1_SEM2_E30003.wav,1,VCC2020_T25,
val,/lambda/nfs/algovirginia/workspace/DeepfakeDetectionRenewed/data/vcc2020/audio/T16/task1/team16_intra-TEM2_SEM1_E30001.wav,1,VCC2020_T16,
val,/lambda/nfs/algovirginia/workspace/DeepfakeDetectionRenewed/data/vcc2020/audio/T23/task1/team23_intra-TEF2_SEF2_E30005.wav,1,VCC2020_T23,
val,/lambda/nfs/algovirginia/workspace/DeepfakeDetectionRenewed/data/wavefake/generated_audio/common_voices_prompts_from_conformer_fastspeech2_pwg_ljspeech/gen_6594.wav,1,common_voices_prompts_from_conformer_fastspeech2_pwg_ljspeech,
val,/lambda/nfs/algovirginia/workspace/DeepfakeDetectionRenewed/data/wavefake/generated_audio/ljspeech_melgan/LJ027-0040_gen.wav,1,ljspeech_melgan,
val,/lambda/nfs/algovirginia/workspace/DeepfakeDetectionRenewed/data/vcc2020/audio/T31/task1/team31_intra-TEM2_SEM1_E30004.wav,1,VCC2020_T31,
val,/lambda/nfs/algovirginia/workspace/DeepfakeDetectionRenewed/data/wavefake/generated_audio/common_voices_prompts_from_conformer_fastspeech2_pwg_ljspeech/gen_7972.wav,1,common_voices_prompts_from_conformer_fastspeech2_pwg_ljspeech,
val,__hf__,0,librispeech,3255
val,/lambda/nfs/algovirginia/workspace/DeepfakeDetectionRenewed/data/vcc2020/audio/T01/task1/team01_intra-TEF1_SEF2_E30002.wav,1,VCC2020_T01,
val,__hf__,0,librispeech,16992
val,/lambda/nfs/algovirginia/workspace/DeepfakeDetectionRenewed/data/vcc2020/audio/T03/task1/team03_intra-TEM2_SEF1_E30002.wav,1,VCC2020_T03,
val,__hf__,0,librispeech,3686
val,__hf__,0,librispeech,24452
val,__hf__,0,librispeech,4494
val,__hf__,0,librispeech,28464
val,__hf__,0,librispeech,16430
val,__hf__,0,librispeech,27680
val,__hf__,0,librispeech,20949
val,/lambda/nfs/algovirginia/workspace/DeepfakeDetectionRenewed/data/wavefake/generated_audio/common_voices_prompts_from_conformer_fastspeech2_pwg_ljspeech/gen_2990.wav,1,common_voices_prompts_from_conformer_fastspeech2_pwg_ljspeech,
val,__hf__,0,librispeech,15509
val,__hf__,0,librispeech,17852
val,/lambda/nfs/algovirginia/workspace/DeepfakeDetectionRenewed/data/wavefake/generated_audio/common_voices_prompts_from_conformer_fastspeech2_pwg_ljspeech/gen_13144.wav,1,common_voices_prompts_from_conformer_fastspeech2_pwg_ljspeech,
val,/lambda/nfs/algovirginia/workspace/DeepfakeDetectionRenewed/data/wavefake/generated_audio/ljspeech_waveglow/LJ015-0009.wav,1,ljspeech_waveglow,
val,__hf__,0,librispeech,15684
val,__hf__,0,librispeech,8937
val,__hf__,0,librispeech,20315
val,/lambda/nfs/algovirginia/workspace/DeepfakeDetectionRenewed/data/wavefake/generated_audio/ljspeech_waveglow/LJ029-0052.wav,1,ljspeech_waveglow,
val,/lambda/nfs/algovirginia/workspace/DeepfakeDetectionRenewed/data/vcc2020/audio/T23/task1/team23_intra-TEM2_SEF1_E30001.wav,1,VCC2020_T23,
val,/lambda/nfs/algovirginia/workspace/DeepfakeDetectionRenewed/data/wavefake/generated_audio/common_voices_prompts_from_conformer_fastspeech2_pwg_ljspeech/gen_687.wav,1,common_voices_prompts_from_conformer_fastspeech2_pwg_ljspeech,
val,__hf__,0,librispeech,11828
val,/lambda/nfs/algovirginia/workspace/DeepfakeDetectionRenewed/data/wavefake/generated_audio/common_voices_prompts_from_conformer_fastspeech2_pwg_ljspeech/gen_3131.wav,1,common_voices_prompts_from_conformer_fastspeech2_pwg_ljspeech,
val,__hf__,0,librispeech,16926
val,/lambda/nfs/algovirginia/workspace/DeepfakeDetectionRenewed/data/vcc2020/audio/T22/task1/team22_intra-TEM1_SEF1_E30003.wav,1,VCC2020_T22,
val,__hf__,0,librispeech,16890
val,/lambda/nfs/algovirginia/workspace/DeepfakeDetectionRenewed/data/vcc2020/audio/T27/task1/team27_intra-TEM1_SEM1_E30003.wav,1,VCC2020_T27,
val,__hf__,0,librispeech,14052
val,/lambda/nfs/algovirginia/workspace/DeepfakeDetectionRenewed/data/wavefake/generated_audio/common_voices_prompts_from_conformer_fastspeech2_pwg_ljspeech/gen_2562.wav,1,common_voices_prompts_from_conformer_fastspeech2_pwg_ljspeech,
val,__hf__,0,librispeech,7795
val,__hf__,0,librispeech,5031
val,/lambda/nfs/algovirginia/workspace/DeepfakeDetectionRenewed/data/vcc2020/audio/T18/task1/team18_intra-TEF2_SEF1_E30002.wav,1,VCC2020_T18,
val,__hf__,0,librispeech,22591
val,__hf__,0,librispeech,6520
val,/lambda/nfs/algovirginia/workspace/DeepfakeDetectionRenewed/data/wavefake/generated_audio/ljspeech_multi_band_melgan/LJ043-0116_gen.wav,1,ljspeech_multi_band_melgan,
val,__hf__,0,librispeech,23955
val,__hf__,0,librispeech,24759
val,/lambda/nfs/algovirginia/workspace/DeepfakeDetectionRenewed/data/vcc2020/audio/T23/task1/team23_intra-TEM1_SEM1_E30003.wav,1,VCC2020_T23,
val,/lambda/nfs/algovirginia/workspace/DeepfakeDetectionRenewed/data/vcc2020/audio/T02/task1/team02_intra-TEF2_SEF2_E30003.wav,1,VCC2020_T02,
val,__hf__,0,librispeech,11648
val,/lambda/nfs/algovirginia/workspace/DeepfakeDetectionRenewed/data/wavefake/generated_audio/ljspeech_full_band_melgan/LJ044-0033_gen.wav,1,ljspeech_full_band_melgan,
val,/lambda/nfs/algovirginia/workspace/DeepfakeDetectionRenewed/data/wavefake/generated_audio/ljspeech_melgan_large/LJ049-0120_gen.wav,1,ljspeech_melgan_large,
val,/lambda/nfs/algovirginia/workspace/DeepfakeDetectionRenewed/data/vcc2020/audio/T23/task1/team23_intra-TEM2_SEF1_E30002.wav,1,VCC2020_T23,
val,/lambda/nfs/algovirginia/workspace/DeepfakeDetectionRenewed/data/wavefake/generated_audio/ljspeech_parallel_wavegan/LJ035-0075_gen.wav,1,ljspeech_parallel_wavegan,
val,/lambda/nfs/algovirginia/workspace/DeepfakeDetectionRenewed/data/vcc2020/audio/T19/task1/team19_intra-TEF2_SEM2_E30001.wav,1,VCC2020_T19,
val,/lambda/nfs/algovirginia/workspace/DeepfakeDetectionRenewed/data/wavefake/generated_audio/ljspeech_waveglow/LJ011-0131.wav,1,ljspeech_waveglow,
val,/lambda/nfs/algovirginia/workspace/DeepfakeDetectionRenewed/data/wavefake/generated_audio/ljspeech_full_band_melgan/LJ003-0316_gen.wav,1,ljspeech_full_band_melgan,
val,__hf__,0,librispeech,4514
val,__hf__,0,librispeech,10365
val,/lambda/nfs/algovirginia/workspace/DeepfakeDetectionRenewed/data/vcc2020/audio/T24/task1/team24_intra-TEF1_SEM2_E30005.wav,1,VCC2020_T24,
val,/lambda/nfs/algovirginia/workspace/DeepfakeDetectionRenewed/data/vcc2020/audio/T27/task1/team27_intra-TEF2_SEM1_E30001.wav,1,VCC2020_T27,
val,__hf__,0,librispeech,25726
val,/lambda/nfs/algovirginia/workspace/DeepfakeDetectionRenewed/data/vcc2020/audio/T16/task1/team16_intra-TEM2_SEM2_E30004.wav,1,VCC2020_T16,
val,__hf__,0,librispeech,256
val,__hf__,0,librispeech,22946
val,__hf__,0,librispeech,27437
val,/lambda/nfs/algovirginia/workspace/DeepfakeDetectionRenewed/data/wavefake/generated_audio/ljspeech_waveglow/LJ050-0275.wav,1,ljspeech_waveglow,
val,/lambda/nfs/algovirginia/workspace/DeepfakeDetectionRenewed/data/vcc2020/audio/T23/task1/team23_intra-TEM1_SEF2_E30003.wav,1,VCC2020_T23,
val,/lambda/nfs/algovirginia/workspace/DeepfakeDetectionRenewed/data/vcc2020/audio/T01/task1/team01_intra-TEF2_SEF1_E30005.wav,1,VCC2020_T01,
val,/lambda/nfs/algovirginia/workspace/DeepfakeDetectionRenewed/data/vcc2020/audio/T30/task1/team30_intra-TEF1_SEF2_E30002.wav,1,VCC2020_T30,
val,__hf__,0,librispeech,15457
val,__hf__,0,librispeech,9083
val,__hf__,0,librispeech,14550
val,/lambda/nfs/algovirginia/workspace/DeepfakeDetectionRenewed/data/wavefake/generated_audio/ljspeech_waveglow/LJ046-0180.wav,1,ljspeech_waveglow,
val,/lambda/nfs/algovirginia/workspace/DeepfakeDetectionRenewed/data/wavefake/generated_audio/ljspeech_waveglow/LJ031-0028.wav,1,ljspeech_waveglow,
val,__hf__,0,librispeech,19793
val,__hf__,0,librispeech,18502
val,__hf__,0,librispeech,9714
val,/lambda/nfs/algovirginia/workspace/DeepfakeDetectionRenewed/data/vcc2020/audio/T27/task1/team27_intra-TEM2_SEF2_E30003.wav,1,VCC2020_T27,
val,/lambda/nfs/algovirginia/workspace/DeepfakeDetectionRenewed/data/wavefake/generated_audio/ljspeech_waveglow/LJ050-0004.wav,1,ljspeech_waveglow,
val,__hf__,0,librispeech,27267
val,__hf__,0,librispeech,26690
val,/lambda/nfs/algovirginia/workspace/DeepfakeDetectionRenewed/data/vcc2020/audio/T10/task1/team10_intra-TEF1_SEF2_E30002.wav,1,VCC2020_T10,
val,__hf__,0,librispeech,19791
val,/lambda/nfs/algovirginia/workspace/DeepfakeDetectionRenewed/data/wavefake/generated_audio/ljspeech_parallel_wavegan/LJ018-0333_gen.wav,1,ljspeech_parallel_wavegan,
val,__hf__,0,librispeech,19913
val,/lambda/nfs/algovirginia/workspace/DeepfakeDetectionRenewed/data/wavefake/generated_audio/common_voices_prompts_from_conformer_fastspeech2_pwg_ljspeech/gen_16048.wav,1,common_voices_prompts_from_conformer_fastspeech2_pwg_ljspeech,
val,/lambda/nfs/algovirginia/workspace/DeepfakeDetectionRenewed/data/vcc2020/audio/T19/task1/team19_intra-TEM1_SEF1_E30002.wav,1,VCC2020_T19,
val,/lambda/nfs/algovirginia/workspace/DeepfakeDetectionRenewed/data/wavefake/generated_audio/ljspeech_multi_band_melgan/LJ019-0367_gen.wav,1,ljspeech_multi_band_melgan,
val,__hf__,0,librispeech,23077
val,/lambda/nfs/algovirginia/workspace/DeepfakeDetectionRenewed/data/vcc2020/audio/T28/task1/team28_intra-TEM2_SEF2_E30003.wav,1,VCC2020_T28,
val,__hf__,0,librispeech,27219
val,/lambda/nfs/algovirginia/workspace/DeepfakeDetectionRenewed/data/wavefake/generated_audio/ljspeech_parallel_wavegan/LJ034-0105_gen.wav,1,ljspeech_parallel_wavegan,
val,__hf__,0,librispeech,11210
val,/lambda/nfs/algovirginia/workspace/DeepfakeDetectionRenewed/data/vcc2020/audio/T04/task1/team04_intra-TEF1_SEM2_E30001.wav,1,VCC2020_T04,
val,/lambda/nfs/algovirginia/workspace/DeepfakeDetectionRenewed/data/wavefake/generated_audio/ljspeech_hifiGAN/LJ030-0230_generated.wav,1,ljspeech_hifiGAN,
val,/lambda/nfs/algovirginia/workspace/DeepfakeDetectionRenewed/data/wavefake/generated_audio/ljspeech_waveglow/LJ008-0307.wav,1,ljspeech_waveglow,
val,/lambda/nfs/algovirginia/workspace/DeepfakeDetectionRenewed/data/wavefake/generated_audio/common_voices_prompts_from_conformer_fastspeech2_pwg_ljspeech/gen_8292.wav,1,common_voices_prompts_from_conformer_fastspeech2_pwg_ljspeech,
val,__hf__,0,librispeech,18732
val,__hf__,0,librispeech,18805
val,__hf__,0,librispeech,23808
val,__hf__,0,librispeech,8416
val,/lambda/nfs/algovirginia/workspace/DeepfakeDetectionRenewed/data/vcc2020/audio/T21/task1/team21_intra-TEM1_SEF2_E30001.wav,1,VCC2020_T21,
val,__hf__,0,librispeech,15709
val,__hf__,0,librispeech,5015
val,__hf__,0,librispeech,10829
val,__hf__,0,librispeech,818
val,/lambda/nfs/algovirginia/workspace/DeepfakeDetectionRenewed/data/vcc2020/audio/T20/task1/team20_intra-TEM2_SEM2_E30002.wav,1,VCC2020_T20,
val,/lambda/nfs/algovirginia/workspace/DeepfakeDetectionRenewed/data/wavefake/generated_audio/ljspeech_full_band_melgan/LJ016-0089_gen.wav,1,ljspeech_full_band_melgan,
val,/lambda/nfs/algovirginia/workspace/DeepfakeDetectionRenewed/data/vcc2020/audio/T13/task1/team13_intra-TEM1_SEF1_E30002.wav,1,VCC2020_T13,
val,/lambda/nfs/algovirginia/workspace/DeepfakeDetectionRenewed/data/vcc2020/audio/T22/task1/team22_intra-TEM2_SEM2_E30001.wav,1,VCC2020_T22,
val,__hf__,0,librispeech,18946
val,__hf__,0,librispeech,9709
val,/lambda/nfs/algovirginia/workspace/DeepfakeDetectionRenewed/data/vcc2020/audio/T03/task1/team03_intra-TEF1_SEM2_E30004.wav,1,VCC2020_T03,
val,__hf__,0,librispeech,26009
val,__hf__,0,librispeech,17531
val,__hf__,0,librispeech,8096
val,/lambda/nfs/algovirginia/workspace/DeepfakeDetectionRenewed/data/vcc2020/audio/T02/task1/team02_intra-TEM2_SEM2_E30001.wav,1,VCC2020_T02,
val,__hf__,0,librispeech,28196
val,__hf__,0,librispeech,22685
val,/lambda/nfs/algovirginia/workspace/DeepfakeDetectionRenewed/data/vcc2020/audio/T07/task1/team07_intra-TEF1_SEF2_E30002.wav,1,VCC2020_T07,
val,/lambda/nfs/algovirginia/workspace/DeepfakeDetectionRenewed/data/vcc2020/audio/T25/task1/team25_intra-TEF1_SEF1_E30001.wav,1,VCC2020_T25,
val,/lambda/nfs/algovirginia/workspace/DeepfakeDetectionRenewed/data/vcc2020/audio/T30/task1/team30_intra-TEM2_SEM2_E30002.wav,1,VCC2020_T30,
val,/lambda/nfs/algovirginia/workspace/DeepfakeDetectionRenewed/data/wavefake/generated_audio/ljspeech_waveglow/LJ009-0191.wav,1,ljspeech_waveglow,
val,__hf__,0,librispeech,2335
val,__hf__,0,librispeech,5768
val,/lambda/nfs/algovirginia/workspace/DeepfakeDetectionRenewed/data/wavefake/generated_audio/ljspeech_parallel_wavegan/LJ030-0058_gen.wav,1,ljspeech_parallel_wavegan,
val,/lambda/nfs/algovirginia/workspace/DeepfakeDetectionRenewed/data/wavefake/generated_audio/common_voices_prompts_from_conformer_fastspeech2_pwg_ljspeech/gen_3316.wav,1,common_voices_prompts_from_conformer_fastspeech2_pwg_ljspeech,
val,/lambda/nfs/algovirginia/workspace/DeepfakeDetectionRenewed/data/vcc2020/audio/T26/task1/team26_intra-TEM2_SEF1_E30001.wav,1,VCC2020_T26,
val,/lambda/nfs/algovirginia/workspace/DeepfakeDetectionRenewed/data/wavefake/generated_audio/ljspeech_hifiGAN/LJ047-0030_generated.wav,1,ljspeech_hifiGAN,
val,/lambda/nfs/algovirginia/workspace/DeepfakeDetectionRenewed/data/wavefake/generated_audio/ljspeech_melgan/LJ018-0126_gen.wav,1,ljspeech_melgan,
val,__hf__,0,librispeech,11
val,__hf__,0,librispeech,16475
val,__hf__,0,librispeech,764
val,__hf__,0,librispeech,9862
val,__hf__,0,librispeech,9921
val,__hf__,0,librispeech,10851
val,/lambda/nfs/algovirginia/workspace/DeepfakeDetectionRenewed/data/wavefake/generated_audio/ljspeech_full_band_melgan/LJ016-0257_gen.wav,1,ljspeech_full_band_melgan,
val,/lambda/nfs/algovirginia/workspace/DeepfakeDetectionRenewed/data/wavefake/generated_audio/ljspeech_waveglow/LJ045-0131.wav,1,ljspeech_waveglow,
val,__hf__,0,librispeech,23832
val,__hf__,0,librispeech,13755
val,__hf__,0,librispeech,1415
val,/lambda/nfs/algovirginia/workspace/DeepfakeDetectionRenewed/data/wavefake/generated_audio/ljspeech_multi_band_melgan/LJ020-0043_gen.wav,1,ljspeech_multi_band_melgan,
val,/lambda/nfs/algovirginia/workspace/DeepfakeDetectionRenewed/data/wavefake/generated_audio/common_voices_prompts_from_conformer_fastspeech2_pwg_ljspeech/gen_15224.wav,1,common_voices_prompts_from_conformer_fastspeech2_pwg_ljspeech,
val,/lambda/nfs/algovirginia/workspace/DeepfakeDetectionRenewed/data/vcc2020/audio/T04/task1/team04_intra-TEM1_SEF1_E30004.wav,1,VCC2020_T04,
val,__hf__,0,librispeech,3213
val,__hf__,0,librispeech,7222
val,__hf__,0,librispeech,13698
val,__hf__,0,librispeech,8955
val,__hf__,0,librispeech,23348
val,/lambda/nfs/algovirginia/workspace/DeepfakeDetectionRenewed/data/vcc2020/audio/T11/task1/team11_intra-TEM2_SEF2_E30004.wav,1,VCC2020_T11,
val,/lambda/nfs/algovirginia/workspace/DeepfakeDetectionRenewed/data/vcc2020/audio/T13/task1/team13_intra-TEF1_SEF2_E30002.wav,1,VCC2020_T13,
val,/lambda/nfs/algovirginia/workspace/DeepfakeDetectionRenewed/data/wavefake/generated_audio/ljspeech_multi_band_melgan/LJ002-0046_gen.wav,1,ljspeech_multi_band_melgan,
val,/lambda/nfs/algovirginia/workspace/DeepfakeDetectionRenewed/data/vcc2020/audio/T04/task1/team04_intra-TEM1_SEF2_E30001.wav,1,VCC2020_T04,
val,/lambda/nfs/algovirginia/workspace/DeepfakeDetectionRenewed/data/wavefake/generated_audio/ljspeech_melgan/LJ012-0231_gen.wav,1,ljspeech_melgan,
val,/lambda/nfs/algovirginia/workspace/DeepfakeDetectionRenewed/data/wavefake/generated_audio/ljspeech_parallel_wavegan/LJ046-0069_gen.wav,1,ljspeech_parallel_wavegan,
val,/lambda/nfs/algovirginia/workspace/DeepfakeDetectionRenewed/data/wavefake/generated_audio/common_voices_prompts_from_conformer_fastspeech2_pwg_ljspeech/gen_15316.wav,1,common_voices_prompts_from_conformer_fastspeech2_pwg_ljspeech,
val,__hf__,0,librispeech,2317
val,__hf__,0,librispeech,4292
val,/lambda/nfs/algovirginia/workspace/DeepfakeDetectionRenewed/data/wavefake/generated_audio/ljspeech_multi_band_melgan/LJ015-0290_gen.wav,1,ljspeech_multi_band_melgan,
val,/lambda/nfs/algovirginia/workspace/DeepfakeDetectionRenewed/data/vcc2020/audio/T09/task1/team09_intra-TEM2_SEM2_E30005.wav,1,VCC2020_T09,
val,__hf__,0,librispeech,17940
val,__hf__,0,librispeech,22841
val,__hf__,0,librispeech,15944
val,/lambda/nfs/algovirginia/workspace/DeepfakeDetectionRenewed/data/wavefake/generated_audio/common_voices_prompts_from_conformer_fastspeech2_pwg_ljspeech/gen_15032.wav,1,common_voices_prompts_from_conformer_fastspeech2_pwg_ljspeech,
val,__hf__,0,librispeech,4199
val,__hf__,0,librispeech,16068
val,/lambda/nfs/algovirginia/workspace/DeepfakeDetectionRenewed/data/vcc2020/audio/T01/task1/team01_intra-TEM1_SEM2_E30002.wav,1,VCC2020_T01,
val,__hf__,0,librispeech,26034
val,/lambda/nfs/algovirginia/workspace/DeepfakeDetectionRenewed/data/vcc2020/audio/T10/task1/team10_intra-TEF2_SEM2_E30005.wav,1,VCC2020_T10,
val,__hf__,0,librispeech,17213
val,/lambda/nfs/algovirginia/workspace/DeepfakeDetectionRenewed/data/vcc2020/audio/T23/task1/team23_intra-TEM1_SEM2_E30002.wav,1,VCC2020_T23,
val,__hf__,0,librispeech,8471
val,__hf__,0,librispeech,25107
val,__hf__,0,librispeech,4881
val,/lambda/nfs/algovirginia/workspace/DeepfakeDetectionRenewed/data/vcc2020/audio/T06/task1/team06_intra-TEM1_SEF1_E30002.wav,1,VCC2020_T06,
val,/lambda/nfs/algovirginia/workspace/DeepfakeDetectionRenewed/data/vcc2020/audio/T28/task1/team28_intra-TEM2_SEM1_E30002.wav,1,VCC2020_T28,
val,__hf__,0,librispeech,11994
val,/lambda/nfs/algovirginia/workspace/DeepfakeDetectionRenewed/data/wavefake/generated_audio/ljspeech_melgan_large/LJ017-0153_gen.wav,1,ljspeech_melgan_large,
val,/lambda/nfs/algovirginia/workspace/DeepfakeDetectionRenewed/data/wavefake/generated_audio/ljspeech_melgan_large/LJ028-0098_gen.wav,1,ljspeech_melgan_large,
val,__hf__,0,librispeech,19868
val,/lambda/nfs/algovirginia/workspace/DeepfakeDetectionRenewed/data/vcc2020/audio/T30/task1/team30_intra-TEM2_SEM1_E30005.wav,1,VCC2020_T30,
val,__hf__,0,librispeech,5720
val,/lambda/nfs/algovirginia/workspace/DeepfakeDetectionRenewed/data/wavefake/generated_audio/common_voices_prompts_from_conformer_fastspeech2_pwg_ljspeech/gen_15460.wav,1,common_voices_prompts_from_conformer_fastspeech2_pwg_ljspeech,
val,__hf__,0,librispeech,16613
val,/lambda/nfs/algovirginia/workspace/DeepfakeDetectionRenewed/data/wavefake/generated_audio/ljspeech_parallel_wavegan/LJ012-0004_gen.wav,1,ljspeech_parallel_wavegan,
val,/lambda/nfs/algovirginia/workspace/DeepfakeDetectionRenewed/data/wavefake/generated_audio/common_voices_prompts_from_conformer_fastspeech2_pwg_ljspeech/gen_4826.wav,1,common_voices_prompts_from_conformer_fastspeech2_pwg_ljspeech,
val,__hf__,0,librispeech,7077
val,/lambda/nfs/algovirginia/workspace/DeepfakeDetectionRenewed/data/wavefake/generated_audio/ljspeech_full_band_melgan/LJ032-0128_gen.wav,1,ljspeech_full_band_melgan,
val,/lambda/nfs/algovirginia/workspace/DeepfakeDetectionRenewed/data/wavefake/generated_audio/ljspeech_parallel_wavegan/LJ015-0068_gen.wav,1,ljspeech_parallel_wavegan,
val,__hf__,0,librispeech,14797
val,__hf__,0,librispeech,9190
val,/lambda/nfs/algovirginia/workspace/DeepfakeDetectionRenewed/data/wavefake/generated_audio/ljspeech_melgan/LJ038-0231_gen.wav,1,ljspeech_melgan,
val,__hf__,0,librispeech,4202
val,/lambda/nfs/algovirginia/workspace/DeepfakeDetectionRenewed/data/vcc2020/audio/T08/task1/team08_intra-TEF2_SEM2_E30004.wav,1,VCC2020_T08,
val,/lambda/nfs/algovirginia/workspace/DeepfakeDetectionRenewed/data/vcc2020/audio/T03/task1/team03_intra-TEF1_SEF1_E30005.wav,1,VCC2020_T03,
val,/lambda/nfs/algovirginia/workspace/DeepfakeDetectionRenewed/data/vcc2020/audio/T09/task1/team09_intra-TEM2_SEM1_E30005.wav,1,VCC2020_T09,
val,__hf__,0,librispeech,1542
val,__hf__,0,librispeech,26564
val,/lambda/nfs/algovirginia/workspace/DeepfakeDetectionRenewed/data/wavefake/generated_audio/ljspeech_full_band_melgan/LJ046-0002_gen.wav,1,ljspeech_full_band_melgan,
val,/lambda/nfs/algovirginia/workspace/DeepfakeDetectionRenewed/data/vcc2020/audio/T27/task1/team27_intra-TEF1_SEM2_E30003.wav,1,VCC2020_T27,
val,__hf__,0,librispeech,26333
val,__hf__,0,librispeech,9981
val,/lambda/nfs/algovirginia/workspace/DeepfakeDetectionRenewed/data/vcc2020/audio/T03/task1/team03_intra-TEF1_SEF2_E30003.wav,1,VCC2020_T03,
val,/lambda/nfs/algovirginia/workspace/DeepfakeDetectionRenewed/data/vcc2020/audio/T29/task1/team29_intra-TEF2_SEM2_E30001.wav,1,VCC2020_T29,
val,/lambda/nfs/algovirginia/workspace/DeepfakeDetectionRenewed/data/vcc2020/audio/T23/task1/team23_intra-TEM1_SEM2_E30004.wav,1,VCC2020_T23,
val,__hf__,0,librispeech,27330
val,__hf__,0,librispeech,19369
val,__hf__,0,librispeech,15234
val,/lambda/nfs/algovirginia/workspace/DeepfakeDetectionRenewed/data/wavefake/generated_audio/ljspeech_parallel_wavegan/LJ041-0008_gen.wav,1,ljspeech_parallel_wavegan,
val,/lambda/nfs/algovirginia/workspace/DeepfakeDetectionRenewed/data/wavefake/generated_audio/common_voices_prompts_from_conformer_fastspeech2_pwg_ljspeech/gen_12355.wav,1,common_voices_prompts_from_conformer_fastspeech2_pwg_ljspeech,
val,__hf__,0,librispeech,21008
val,__hf__,0,librispeech,13903
val,__hf__,0,librispeech,7265
val,__hf__,0,librispeech,2593
val,__hf__,0,librispeech,6066
val,/lambda/nfs/algovirginia/workspace/DeepfakeDetectionRenewed/data/wavefake/generated_audio/ljspeech_multi_band_melgan/LJ028-0388_gen.wav,1,ljspeech_multi_band_melgan,
val,/lambda/nfs/algovirginia/workspace/DeepfakeDetectionRenewed/data/vcc2020/audio/T02/task1/team02_intra-TEM2_SEF1_E30002.wav,1,VCC2020_T02,
val,/lambda/nfs/algovirginia/workspace/DeepfakeDetectionRenewed/data/wavefake/generated_audio/ljspeech_multi_band_melgan/LJ038-0220_gen.wav,1,ljspeech_multi_band_melgan,
val,__hf__,0,librispeech,16971
val,__hf__,0,librispeech,14721
val,/lambda/nfs/algovirginia/workspace/DeepfakeDetectionRenewed/data/vcc2020/audio/T30/task1/team30_intra-TEF1_SEF2_E30003.wav,1,VCC2020_T30,
val,__hf__,0,librispeech,11875
val,__hf__,0,librispeech,2177
val,/lambda/nfs/algovirginia/workspace/DeepfakeDetectionRenewed/data/vcc2020/audio/T20/task1/team20_intra-TEM2_SEF1_E30005.wav,1,VCC2020_T20,
val,__hf__,0,librispeech,904
val,/lambda/nfs/algovirginia/workspace/DeepfakeDetectionRenewed/data/vcc2020/audio/T33/task1/team33_intra-TEM1_SEM2_E30005.wav,1,VCC2020_T33,
val,__hf__,0,librispeech,25219
val,__hf__,0,librispeech,3690
val,/lambda/nfs/algovirginia/workspace/DeepfakeDetectionRenewed/data/vcc2020/audio/T10/task1/team10_intra-TEF2_SEF1_E30004.wav,1,VCC2020_T10,
val,__hf__,0,librispeech,1627
val,/lambda/nfs/algovirginia/workspace/DeepfakeDetectionRenewed/data/wavefake/generated_audio/ljspeech_multi_band_melgan/LJ004-0175_gen.wav,1,ljspeech_multi_band_melgan,
val,/lambda/nfs/algovirginia/workspace/DeepfakeDetectionRenewed/data/vcc2020/audio/T20/task1/team20_intra-TEF1_SEM1_E30001.wav,1,VCC2020_T20,
val,__hf__,0,librispeech,24338
val,__hf__,0,librispeech,9017
val,/lambda/nfs/algovirginia/workspace/DeepfakeDetectionRenewed/data/vcc2020/audio/T30/task1/team30_intra-TEF2_SEF2_E30003.wav,1,VCC2020_T30,
val,/lambda/nfs/algovirginia/workspace/DeepfakeDetectionRenewed/data/wavefake/generated_audio/ljspeech_parallel_wavegan/LJ016-0439_gen.wav,1,ljspeech_parallel_wavegan,
val,/lambda/nfs/algovirginia/workspace/DeepfakeDetectionRenewed/data/wavefake/generated_audio/ljspeech_multi_band_melgan/LJ035-0039_gen.wav,1,ljspeech_multi_band_melgan,
val,__hf__,0,librispeech,11133
val,__hf__,0,librispeech,4322
val,__hf__,0,librispeech,26178
val,__hf__,0,librispeech,23663
val,__hf__,0,librispeech,14670
val,/lambda/nfs/algovirginia/workspace/DeepfakeDetectionRenewed/data/vcc2020/audio/T27/task1/team27_intra-TEF1_SEF1_E30004.wav,1,VCC2020_T27,
val,/lambda/nfs/algovirginia/workspace/DeepfakeDetectionRenewed/data/wavefake/generated_audio/ljspeech_waveglow/LJ017-0061.wav,1,ljspeech_waveglow,
val,__hf__,0,librispeech,8875
val,__hf__,0,librispeech,13822
val,/lambda/nfs/algovirginia/workspace/DeepfakeDetectionRenewed/data/vcc2020/audio/T29/task1/team29_intra-TEM2_SEM1_E30005.wav,1,VCC2020_T29,
val,__hf__,0,librispeech,897
val,/lambda/nfs/algovirginia/workspace/DeepfakeDetectionRenewed/data/vcc2020/audio/T18/task1/team18_intra-TEM1_SEF1_E30001.wav,1,VCC2020_T18,
val,/lambda/nfs/algovirginia/workspace/DeepfakeDetectionRenewed/data/wavefake/generated_audio/common_voices_prompts_from_conformer_fastspeech2_pwg_ljspeech/gen_11922.wav,1,common_voices_prompts_from_conformer_fastspeech2_pwg_ljspeech,
val,__hf__,0,librispeech,24054
val,/lambda/nfs/algovirginia/workspace/DeepfakeDetectionRenewed/data/wavefake/generated_audio/ljspeech_full_band_melgan/LJ009-0274_gen.wav,1,ljspeech_full_band_melgan,
val,/lambda/nfs/algovirginia/workspace/DeepfakeDetectionRenewed/data/wavefake/generated_audio/ljspeech_hifiGAN/LJ007-0237_generated.wav,1,ljspeech_hifiGAN,
val,__hf__,0,librispeech,6337
val,/lambda/nfs/algovirginia/workspace/DeepfakeDetectionRenewed/data/wavefake/generated_audio/common_voices_prompts_from_conformer_fastspeech2_pwg_ljspeech/gen_15676.wav,1,common_voices_prompts_from_conformer_fastspeech2_pwg_ljspeech,
val,/lambda/nfs/algovirginia/workspace/DeepfakeDetectionRenewed/data/wavefake/generated_audio/common_voices_prompts_from_conformer_fastspeech2_pwg_ljspeech/gen_8546.wav,1,common_voices_prompts_from_conformer_fastspeech2_pwg_ljspeech,
val,/lambda/nfs/algovirginia/workspace/DeepfakeDetectionRenewed/data/wavefake/generated_audio/ljspeech_waveglow/LJ007-0109.wav,1,ljspeech_waveglow,
val,/lambda/nfs/algovirginia/workspace/DeepfakeDetectionRenewed/data/vcc2020/audio/T09/task1/team09_intra-TEM2_SEM2_E30004.wav,1,VCC2020_T09,
val,/lambda/nfs/algovirginia/workspace/DeepfakeDetectionRenewed/data/vcc2020/audio/T11/task1/team11_intra-TEF2_SEM1_E30003.wav,1,VCC2020_T11,
val,__hf__,0,librispeech,18054
val,/lambda/nfs/algovirginia/workspace/DeepfakeDetectionRenewed/data/wavefake/generated_audio/ljspeech_parallel_wavegan/LJ044-0076_gen.wav,1,ljspeech_parallel_wavegan,
val,__hf__,0,librispeech,26399
val,/lambda/nfs/algovirginia/workspace/DeepfakeDetectionRenewed/data/vcc2020/audio/T25/task1/team25_intra-TEM1_SEM2_E30001.wav,1,VCC2020_T25,
val,/lambda/nfs/algovirginia/workspace/DeepfakeDetectionRenewed/data/vcc2020/audio/T11/task1/team11_intra-TEF2_SEF2_E30001.wav,1,VCC2020_T11,
val,/lambda/nfs/algovirginia/workspace/DeepfakeDetectionRenewed/data/vcc2020/audio/T12/task1/team12_intra-TEF1_SEF1_E30003.wav,1,VCC2020_T12,
val,__hf__,0,librispeech,53
val,/lambda/nfs/algovirginia/workspace/DeepfakeDetectionRenewed/data/wavefake/generated_audio/ljspeech_full_band_melgan/LJ012-0031_gen.wav,1,ljspeech_full_band_melgan,
val,/lambda/nfs/algovirginia/workspace/DeepfakeDetectionRenewed/data/vcc2020/audio/T25/task1/team25_intra-TEF2_SEF2_E30001.wav,1,VCC2020_T25,
val,__hf__,0,librispeech,18082
val,/lambda/nfs/algovirginia/workspace/DeepfakeDetectionRenewed/data/vcc2020/audio/T06/task1/team06_intra-TEF1_SEM2_E30004.wav,1,VCC2020_T06,
val,/lambda/nfs/algovirginia/workspace/DeepfakeDetectionRenewed/data/vcc2020/audio/T28/task1/team28_intra-TEF2_SEM1_E30005.wav,1,VCC2020_T28,
val,/lambda/nfs/algovirginia/workspace/DeepfakeDetectionRenewed/data/wavefake/generated_audio/ljspeech_hifiGAN/LJ007-0044_generated.wav,1,ljspeech_hifiGAN,
val,/lambda/nfs/algovirginia/workspace/DeepfakeDetectionRenewed/data/vcc2020/audio/T33/task1/team33_intra-TEF2_SEF1_E30003.wav,1,VCC2020_T33,
val,/lambda/nfs/algovirginia/workspace/DeepfakeDetectionRenewed/data/wavefake/generated_audio/ljspeech_parallel_wavegan/LJ042-0166_gen.wav,1,ljspeech_parallel_wavegan,
val,__hf__,0,librispeech,11271
val,/lambda/nfs/algovirginia/workspace/DeepfakeDetectionRenewed/data/vcc2020/audio/T08/task1/team08_intra-TEM2_SEM2_E30004.wav,1,VCC2020_T08,
val,__hf__,0,librispeech,22795
val,__hf__,0,librispeech,19939
val,__hf__,0,librispeech,13445
val,__hf__,0,librispeech,16647
val,__hf__,0,librispeech,27396
val,/lambda/nfs/algovirginia/workspace/DeepfakeDetectionRenewed/data/vcc2020/audio/T26/task1/team26_intra-TEM1_SEM2_E30005.wav,1,VCC2020_T26,
val,/lambda/nfs/algovirginia/workspace/DeepfakeDetectionRenewed/data/vcc2020/audio/T25/task1/team25_intra-TEF2_SEF2_E30003.wav,1,VCC2020_T25,
val,/lambda/nfs/algovirginia/workspace/DeepfakeDetectionRenewed/data/wavefake/generated_audio/ljspeech_multi_band_melgan/LJ044-0110_gen.wav,1,ljspeech_multi_band_melgan,
val,/lambda/nfs/algovirginia/workspace/DeepfakeDetectionRenewed/data/vcc2020/audio/T33/task1/team33_intra-TEF1_SEM1_E30002.wav,1,VCC2020_T33,
val,/lambda/nfs/algovirginia/workspace/DeepfakeDetectionRenewed/data/wavefake/generated_audio/ljspeech_multi_band_melgan/LJ027-0070_gen.wav,1,ljspeech_multi_band_melgan,
val,/lambda/nfs/algovirginia/workspace/DeepfakeDetectionRenewed/data/vcc2020/audio/T06/task1/team06_intra-TEM2_SEF2_E30003.wav,1,VCC2020_T06,
val,__hf__,0,librispeech,12758
val,__hf__,0,librispeech,506
val,/lambda/nfs/algovirginia/workspace/DeepfakeDetectionRenewed/data/wavefake/generated_audio/common_voices_prompts_from_conformer_fastspeech2_pwg_ljspeech/gen_10195.wav,1,common_voices_prompts_from_conformer_fastspeech2_pwg_ljspeech,
val,__hf__,0,librispeech,352
val,/lambda/nfs/algovirginia/workspace/DeepfakeDetectionRenewed/data/wavefake/generated_audio/ljspeech_parallel_wavegan/LJ019-0329_gen.wav,1,ljspeech_parallel_wavegan,
val,/lambda/nfs/algovirginia/workspace/DeepfakeDetectionRenewed/data/vcc2020/audio/T31/task1/team31_intra-TEF1_SEM1_E30005.wav,1,VCC2020_T31,
val,/lambda/nfs/algovirginia/workspace/DeepfakeDetectionRenewed/data/vcc2020/audio/T08/task1/team08_intra-TEF1_SEM2_E30002.wav,1,VCC2020_T08,
val,/lambda/nfs/algovirginia/workspace/DeepfakeDetectionRenewed/data/wavefake/generated_audio/ljspeech_full_band_melgan/LJ013-0185_gen.wav,1,ljspeech_full_band_melgan,
val,/lambda/nfs/algovirginia/workspace/DeepfakeDetectionRenewed/data/wavefake/generated_audio/ljspeech_full_band_melgan/LJ042-0155_gen.wav,1,ljspeech_full_band_melgan,
val,__hf__,0,librispeech,24870
val,__hf__,0,librispeech,305
val,__hf__,0,librispeech,16022
val,__hf__,0,librispeech,28149
val,/lambda/nfs/algovirginia/workspace/DeepfakeDetectionRenewed/data/vcc2020/audio/T09/task1/team09_intra-TEF1_SEF2_E30003.wav,1,VCC2020_T09,
val,__hf__,0,librispeech,8108
val,__hf__,0,librispeech,28387
val,/lambda/nfs/algovirginia/workspace/DeepfakeDetectionRenewed/data/vcc2020/audio/T29/task1/team29_intra-TEM1_SEM2_E30004.wav,1,VCC2020_T29,
val,__hf__,0,librispeech,14929
val,/lambda/nfs/algovirginia/workspace/DeepfakeDetectionRenewed/data/wavefake/generated_audio/ljspeech_waveglow/LJ048-0042.wav,1,ljspeech_waveglow,
val,/lambda/nfs/algovirginia/workspace/DeepfakeDetectionRenewed/data/vcc2020/audio/T33/task1/team33_intra-TEM2_SEF1_E30001.wav,1,VCC2020_T33,
val,/lambda/nfs/algovirginia/workspace/DeepfakeDetectionRenewed/data/wavefake/generated_audio/ljspeech_melgan_large/LJ015-0274_gen.wav,1,ljspeech_melgan_large,
val,__hf__,0,librispeech,23229
val,__hf__,0,librispeech,26888
val,/lambda/nfs/algovirginia/workspace/DeepfakeDetectionRenewed/data/vcc2020/audio/T31/task1/team31_intra-TEF1_SEF2_E30003.wav,1,VCC2020_T31,
val,__hf__,0,librispeech,15747
val,__hf__,0,librispeech,22494
val,/lambda/nfs/algovirginia/workspace/DeepfakeDetectionRenewed/data/vcc2020/audio/T30/task1/team30_intra-TEM2_SEF1_E30003.wav,1,VCC2020_T30,
val,__hf__,0,librispeech,5428
val,__hf__,0,librispeech,9467
val,__hf__,0,librispeech,12521
val,__hf__,0,librispeech,27159
val,__hf__,0,librispeech,10287
val,__hf__,0,librispeech,17874
val,/lambda/nfs/algovirginia/workspace/DeepfakeDetectionRenewed/data/vcc2020/audio/T06/task1/team06_intra-TEM1_SEF2_E30002.wav,1,VCC2020_T06,
val,__hf__,0,librispeech,11082
val,/lambda/nfs/algovirginia/workspace/DeepfakeDetectionRenewed/data/vcc2020/audio/T33/task1/team33_intra-TEF1_SEM1_E30005.wav,1,VCC2020_T33,
val,/lambda/nfs/algovirginia/workspace/DeepfakeDetectionRenewed/data/wavefake/generated_audio/ljspeech_multi_band_melgan/LJ012-0235_gen.wav,1,ljspeech_multi_band_melgan,
val,__hf__,0,librispeech,9520
val,/lambda/nfs/algovirginia/workspace/DeepfakeDetectionRenewed/data/vcc2020/audio/T14/task1/team14_intra-TEM2_SEM2_E30002.wav,1,VCC2020_T14,
val,__hf__,0,librispeech,4368
val,/lambda/nfs/algovirginia/workspace/DeepfakeDetectionRenewed/data/wavefake/generated_audio/ljspeech_hifiGAN/LJ031-0125_generated.wav,1,ljspeech_hifiGAN,
val,/lambda/nfs/algovirginia/workspace/DeepfakeDetectionRenewed/data/vcc2020/audio/T18/task1/team18_intra-TEF2_SEM1_E30003.wav,1,VCC2020_T18,
val,__hf__,0,librispeech,5775
val,/lambda/nfs/algovirginia/workspace/DeepfakeDetectionRenewed/data/vcc2020/audio/T33/task1/team33_intra-TEM2_SEF2_E30001.wav,1,VCC2020_T33,
val,__hf__,0,librispeech,4895
val,/lambda/nfs/algovirginia/workspace/DeepfakeDetectionRenewed/data/wavefake/generated_audio/ljspeech_melgan_large/LJ035-0175_gen.wav,1,ljspeech_melgan_large,
val,__hf__,0,librispeech,5557
val,/lambda/nfs/algovirginia/workspace/DeepfakeDetectionRenewed/data/vcc2020/audio/T26/task1/team26_intra-TEM1_SEF1_E30002.wav,1,VCC2020_T26,
val,__hf__,0,librispeech,25525
val,__hf__,0,librispeech,3788
val,/lambda/nfs/algovirginia/workspace/DeepfakeDetectionRenewed/data/wavefake/generated_audio/ljspeech_melgan/LJ021-0197_gen.wav,1,ljspeech_melgan,
val,__hf__,0,librispeech,2055
val,/lambda/nfs/algovirginia/workspace/DeepfakeDetectionRenewed/data/wavefake/generated_audio/ljspeech_multi_band_melgan/LJ008-0034_gen.wav,1,ljspeech_multi_band_melgan,
val,__hf__,0,librispeech,27248
val,/lambda/nfs/algovirginia/workspace/DeepfakeDetectionRenewed/data/wavefake/generated_audio/ljspeech_melgan_large/LJ001-0035_gen.wav,1,ljspeech_melgan_large,
val,/lambda/nfs/algovirginia/workspace/DeepfakeDetectionRenewed/data/vcc2020/audio/T04/task1/team04_intra-TEM2_SEF1_E30004.wav,1,VCC2020_T04,
val,__hf__,0,librispeech,15274
val,__hf__,0,librispeech,27678
val,/lambda/nfs/algovirginia/workspace/DeepfakeDetectionRenewed/data/wavefake/generated_audio/ljspeech_waveglow/LJ013-0204.wav,1,ljspeech_waveglow,
val,/lambda/nfs/algovirginia/workspace/DeepfakeDetectionRenewed/data/vcc2020/audio/T24/task1/team24_intra-TEF2_SEF2_E30004.wav,1,VCC2020_T24,
val,__hf__,0,librispeech,17189
val,/lambda/nfs/algovirginia/workspace/DeepfakeDetectionRenewed/data/vcc2020/audio/T13/task1/team13_intra-TEF1_SEM2_E30005.wav,1,VCC2020_T13,
val,__hf__,0,librispeech,10641
val,/lambda/nfs/algovirginia/workspace/DeepfakeDetectionRenewed/data/vcc2020/audio/T12/task1/team12_intra-TEM2_SEM1_E30004.wav,1,VCC2020_T12,
val,__hf__,0,librispeech,17000
val,/lambda/nfs/algovirginia/workspace/DeepfakeDetectionRenewed/data/wavefake/generated_audio/ljspeech_hifiGAN/LJ040-0014_generated.wav,1,ljspeech_hifiGAN,
val,__hf__,0,librispeech,92
val,/lambda/nfs/algovirginia/workspace/DeepfakeDetectionRenewed/data/wavefake/generated_audio/ljspeech_waveglow/LJ038-0252.wav,1,ljspeech_waveglow,
val,/lambda/nfs/algovirginia/workspace/DeepfakeDetectionRenewed/data/vcc2020/audio/T22/task1/team22_intra-TEF2_SEM1_E30005.wav,1,VCC2020_T22,
val,__hf__,0,librispeech,13973
val,__hf__,0,librispeech,17225
val,/lambda/nfs/algovirginia/workspace/DeepfakeDetectionRenewed/data/wavefake/generated_audio/ljspeech_melgan/LJ019-0155_gen.wav,1,ljspeech_melgan,
val,/lambda/nfs/algovirginia/workspace/DeepfakeDetectionRenewed/data/wavefake/generated_audio/ljspeech_parallel_wavegan/LJ032-0258_gen.wav,1,ljspeech_parallel_wavegan,
val,__hf__,0,librispeech,18189
val,/lambda/nfs/algovirginia/workspace/DeepfakeDetectionRenewed/data/wavefake/generated_audio/ljspeech_waveglow/LJ009-0245.wav,1,ljspeech_waveglow,
val,/lambda/nfs/algovirginia/workspace/DeepfakeDetectionRenewed/data/wavefake/generated_audio/ljspeech_hifiGAN/LJ040-0076_generated.wav,1,ljspeech_hifiGAN,
val,__hf__,0,librispeech,10562
val,/lambda/nfs/algovirginia/workspace/DeepfakeDetectionRenewed/data/wavefake/generated_audio/common_voices_prompts_from_conformer_fastspeech2_pwg_ljspeech/gen_6400.wav,1,common_voices_prompts_from_conformer_fastspeech2_pwg_ljspeech,
val,__hf__,0,librispeech,13264
val,/lambda/nfs/algovirginia/workspace/DeepfakeDetectionRenewed/data/wavefake/generated_audio/common_voices_prompts_from_conformer_fastspeech2_pwg_ljspeech/gen_4293.wav,1,common_voices_prompts_from_conformer_fastspeech2_pwg_ljspeech,
val,/lambda/nfs/algovirginia/workspace/DeepfakeDetectionRenewed/data/vcc2020/audio/T32/task1/team32_intra-TEF1_SEM2_E30002.wav,1,VCC2020_T32,
val,/lambda/nfs/algovirginia/workspace/DeepfakeDetectionRenewed/data/wavefake/generated_audio/ljspeech_full_band_melgan/LJ009-0211_gen.wav,1,ljspeech_full_band_melgan,
val,__hf__,0,librispeech,27191
val,__hf__,0,librispeech,6469
val,__hf__,0,librispeech,19775
val,__hf__,0,librispeech,23816
val,/lambda/nfs/algovirginia/workspace/DeepfakeDetectionRenewed/data/vcc2020/audio/T29/task1/team29_intra-TEM2_SEF1_E30004.wav,1,VCC2020_T29,
val,__hf__,0,librispeech,9443
val,__hf__,0,librispeech,11209
val,__hf__,0,librispeech,25934
val,__hf__,0,librispeech,7992
val,/lambda/nfs/algovirginia/workspace/DeepfakeDetectionRenewed/data/vcc2020/audio/T09/task1/team09_intra-TEM2_SEM2_E30002.wav,1,VCC2020_T09,
val,/lambda/nfs/algovirginia/workspace/DeepfakeDetectionRenewed/data/vcc2020/audio/T29/task1/team29_intra-TEM1_SEF2_E30001.wav,1,VCC2020_T29,
val,__hf__,0,librispeech,9013
val,__hf__,0,librispeech,21214
val,__hf__,0,librispeech,18925
val,__hf__,0,librispeech,20658
val,/lambda/nfs/algovirginia/workspace/DeepfakeDetectionRenewed/data/vcc2020/audio/T21/task1/team21_intra-TEM1_SEM2_E30003.wav,1,VCC2020_T21,
val,/lambda/nfs/algovirginia/workspace/DeepfakeDetectionRenewed/data/wavefake/generated_audio/ljspeech_multi_band_melgan/LJ048-0045_gen.wav,1,ljspeech_multi_band_melgan,
val,__hf__,0,librispeech,13221
val,__hf__,0,librispeech,12718
val,/lambda/nfs/algovirginia/workspace/DeepfakeDetectionRenewed/data/vcc2020/audio/T20/task1/team20_intra-TEM1_SEM1_E30004.wav,1,VCC2020_T20,
val,__hf__,0,librispeech,18218
val,__hf__,0,librispeech,20305
val,/lambda/nfs/algovirginia/workspace/DeepfakeDetectionRenewed/data/vcc2020/audio/T32/task1/team32_intra-TEF2_SEF1_E30003.wav,1,VCC2020_T32,
val,__hf__,0,librispeech,332
val,/lambda/nfs/algovirginia/workspace/DeepfakeDetectionRenewed/data/wavefake/generated_audio/ljspeech_multi_band_melgan/LJ008-0170_gen.wav,1,ljspeech_multi_band_melgan,
val,__hf__,0,librispeech,1732
val,/lambda/nfs/algovirginia/workspace/DeepfakeDetectionRenewed/data/vcc2020/audio/T18/task1/team18_intra-TEF2_SEF2_E30002.wav,1,VCC2020_T18,
val,/lambda/nfs/algovirginia/workspace/DeepfakeDetectionRenewed/data/wavefake/generated_audio/ljspeech_waveglow/LJ042-0209.wav,1,ljspeech_waveglow,
val,__hf__,0,librispeech,5307
val,__hf__,0,librispeech,12067
val,/lambda/nfs/algovirginia/workspace/DeepfakeDetectionRenewed/data/vcc2020/audio/T13/task1/team13_intra-TEF1_SEM2_E30001.wav,1,VCC2020_T13,
val,__hf__,0,librispeech,7348
val,__hf__,0,librispeech,16935
val,__hf__,0,librispeech,2419
val,__hf__,0,librispeech,13736
val,/lambda/nfs/algovirginia/workspace/DeepfakeDetectionRenewed/data/vcc2020/audio/T21/task1/team21_intra-TEM2_SEF2_E30003.wav,1,VCC2020_T21,
val,/lambda/nfs/algovirginia/workspace/DeepfakeDetectionRenewed/data/vcc2020/audio/T03/task1/team03_intra-TEM1_SEF2_E30001.wav,1,VCC2020_T03,
val,/lambda/nfs/algovirginia/workspace/DeepfakeDetectionRenewed/data/wavefake/generated_audio/ljspeech_melgan_large/LJ022-0072_gen.wav,1,ljspeech_melgan_large,
val,__hf__,0,librispeech,20890
val,__hf__,0,librispeech,12444
val,__hf__,0,librispeech,6012
val,/lambda/nfs/algovirginia/workspace/DeepfakeDetectionRenewed/data/wavefake/generated_audio/ljspeech_melgan_large/LJ011-0279_gen.wav,1,ljspeech_melgan_large,
val,__hf__,0,librispeech,24946
val,__hf__,0,librispeech,16864
val,/lambda/nfs/algovirginia/workspace/DeepfakeDetectionRenewed/data/vcc2020/audio/T32/task1/team32_intra-TEF1_SEF2_E30001.wav,1,VCC2020_T32,
val,__hf__,0,librispeech,27269
val,__hf__,0,librispeech,8148
val,__hf__,0,librispeech,20966
val,__hf__,0,librispeech,3075
val,/lambda/nfs/algovirginia/workspace/DeepfakeDetectionRenewed/data/vcc2020/audio/T27/task1/team27_intra-TEM2_SEM2_E30005.wav,1,VCC2020_T27,
val,/lambda/nfs/algovirginia/workspace/DeepfakeDetectionRenewed/data/wavefake/generated_audio/ljspeech_hifiGAN/LJ010-0263_generated.wav,1,ljspeech_hifiGAN,
val,/lambda/nfs/algovirginia/workspace/DeepfakeDetectionRenewed/data/vcc2020/audio/T28/task1/team28_intra-TEF1_SEM2_E30004.wav,1,VCC2020_T28,
val,__hf__,0,librispeech,2661
val,/lambda/nfs/algovirginia/workspace/DeepfakeDetectionRenewed/data/wavefake/generated_audio/ljspeech_full_band_melgan/LJ019-0302_gen.wav,1,ljspeech_full_band_melgan,
val,/lambda/nfs/algovirginia/workspace/DeepfakeDetectionRenewed/data/vcc2020/audio/T20/task1/team20_intra-TEF1_SEF1_E30001.wav,1,VCC2020_T20,
val,__hf__,0,librispeech,7340
val,__hf__,0,librispeech,5772
val,/lambda/nfs/algovirginia/workspace/DeepfakeDetectionRenewed/data/wavefake/generated_audio/ljspeech_waveglow/LJ002-0002.wav,1,ljspeech_waveglow,
val,__hf__,0,librispeech,1327
val,__hf__,0,librispeech,22444
val,/lambda/nfs/algovirginia/workspace/DeepfakeDetectionRenewed/data/wavefake/generated_audio/common_voices_prompts_from_conformer_fastspeech2_pwg_ljspeech/gen_5590.wav,1,common_voices_prompts_from_conformer_fastspeech2_pwg_ljspeech,
val,/lambda/nfs/algovirginia/workspace/DeepfakeDetectionRenewed/data/vcc2020/audio/T10/task1/team10_intra-TEM1_SEM1_E30004.wav,1,VCC2020_T10,
val,/lambda/nfs/algovirginia/workspace/DeepfakeDetectionRenewed/data/wavefake/generated_audio/ljspeech_multi_band_melgan/LJ050-0058_gen.wav,1,ljspeech_multi_band_melgan,
val,/lambda/nfs/algovirginia/workspace/DeepfakeDetectionRenewed/data/wavefake/generated_audio/ljspeech_waveglow/LJ002-0338.wav,1,ljspeech_waveglow,
val,__hf__,0,librispeech,23263
val,/lambda/nfs/algovirginia/workspace/DeepfakeDetectionRenewed/data/vcc2020/audio/T09/task1/team09_intra-TEF2_SEM1_E30004.wav,1,VCC2020_T09,
val,__hf__,0,librispeech,15073
val,__hf__,0,librispeech,200
val,/lambda/nfs/algovirginia/workspace/DeepfakeDetectionRenewed/data/wavefake/generated_audio/common_voices_prompts_from_conformer_fastspeech2_pwg_ljspeech/gen_2667.wav,1,common_voices_prompts_from_conformer_fastspeech2_pwg_ljspeech,
val,__hf__,0,librispeech,28301
val,/lambda/nfs/algovirginia/workspace/DeepfakeDetectionRenewed/data/vcc2020/audio/T01/task1/team01_intra-TEF2_SEF2_E30001.wav,1,VCC2020_T01,
val,__hf__,0,librispeech,6722
val,__hf__,0,librispeech,21305
val,/lambda/nfs/algovirginia/workspace/DeepfakeDetectionRenewed/data/vcc2020/audio/T17/task1/team17_intra-TEF1_SEF1_E30003.wav,1,VCC2020_T17,
val,__hf__,0,librispeech,25276
val,/lambda/nfs/algovirginia/workspace/DeepfakeDetectionRenewed/data/wavefake/generated_audio/ljspeech_multi_band_melgan/LJ039-0168_gen.wav,1,ljspeech_multi_band_melgan,
val,/lambda/nfs/algovirginia/workspace/DeepfakeDetectionRenewed/data/vcc2020/audio/T20/task1/team20_intra-TEM1_SEM1_E30001.wav,1,VCC2020_T20,
val,/lambda/nfs/algovirginia/workspace/DeepfakeDetectionRenewed/data/vcc2020/audio/T32/task1/team32_intra-TEM2_SEM2_E30002.wav,1,VCC2020_T32,
val,__hf__,0,librispeech,17836
val,__hf__,0,librispeech,5217
val,__hf__,0,librispeech,15355
val,/lambda/nfs/algovirginia/workspace/DeepfakeDetectionRenewed/data/vcc2020/audio/T20/task1/team20_intra-TEM2_SEM1_E30001.wav,1,VCC2020_T20,
val,/lambda/nfs/algovirginia/workspace/DeepfakeDetectionRenewed/data/wavefake/generated_audio/ljspeech_waveglow/LJ014-0201.wav,1,ljspeech_waveglow,
val,/lambda/nfs/algovirginia/workspace/DeepfakeDetectionRenewed/data/wavefake/generated_audio/ljspeech_hifiGAN/LJ016-0172_generated.wav,1,ljspeech_hifiGAN,
val,__hf__,0,librispeech,26786
val,__hf__,0,librispeech,3597
val,/lambda/nfs/algovirginia/workspace/DeepfakeDetectionRenewed/data/vcc2020/audio/T22/task1/team22_intra-TEF2_SEM1_E30002.wav,1,VCC2020_T22,
val,/lambda/nfs/algovirginia/workspace/DeepfakeDetectionRenewed/data/vcc2020/audio/T19/task1/team19_intra-TEF2_SEM1_E30001.wav,1,VCC2020_T19,
val,__hf__,0,librispeech,3425
val,__hf__,0,librispeech,26080
val,/lambda/nfs/algovirginia/workspace/DeepfakeDetectionRenewed/data/vcc2020/audio/T23/task1/team23_intra-TEF2_SEF1_E30005.wav,1,VCC2020_T23,
val,__hf__,0,librispeech,2689
val,__hf__,0,librispeech,23915
val,/lambda/nfs/algovirginia/workspace/DeepfakeDetectionRenewed/data/vcc2020/audio/T14/task1/team14_intra-TEF2_SEF1_E30002.wav,1,VCC2020_T14,
val,__hf__,0,librispeech,27827
val,__hf__,0,librispeech,5965
val,__hf__,0,librispeech,15081
val,/lambda/nfs/algovirginia/workspace/DeepfakeDetectionRenewed/data/vcc2020/audio/T29/task1/team29_intra-TEF2_SEF2_E30004.wav,1,VCC2020_T29,
val,__hf__,0,librispeech,20365
val,/lambda/nfs/algovirginia/workspace/DeepfakeDetectionRenewed/data/vcc2020/audio/T31/task1/team31_intra-TEF1_SEM1_E30001.wav,1,VCC2020_T31,
val,__hf__,0,librispeech,4817
val,__hf__,0,librispeech,5421
val,__hf__,0,librispeech,11337
val,/lambda/nfs/algovirginia/workspace/DeepfakeDetectionRenewed/data/wavefake/generated_audio/ljspeech_hifiGAN/LJ028-0153_generated.wav,1,ljspeech_hifiGAN,
val,__hf__,0,librispeech,511
val,__hf__,0,librispeech,2474
val,__hf__,0,librispeech,20359
val,/lambda/nfs/algovirginia/workspace/DeepfakeDetectionRenewed/data/wavefake/generated_audio/common_voices_prompts_from_conformer_fastspeech2_pwg_ljspeech/gen_300.wav,1,common_voices_prompts_from_conformer_fastspeech2_pwg_ljspeech,
val,__hf__,0,librispeech,5375
val,/lambda/nfs/algovirginia/workspace/DeepfakeDetectionRenewed/data/vcc2020/audio/T03/task1/team03_intra-TEM2_SEM1_E30005.wav,1,VCC2020_T03,
val,__hf__,0,librispeech,23551
val,/lambda/nfs/algovirginia/workspace/DeepfakeDetectionRenewed/data/wavefake/generated_audio/ljspeech_melgan_large/LJ032-0131_gen.wav,1,ljspeech_melgan_large,
val,__hf__,0,librispeech,14270
val,__hf__,0,librispeech,5904
val,/lambda/nfs/algovirginia/workspace/DeepfakeDetectionRenewed/data/vcc2020/audio/T28/task1/team28_intra-TEM1_SEF1_E30001.wav,1,VCC2020_T28,
val,/lambda/nfs/algovirginia/workspace/DeepfakeDetectionRenewed/data/wavefake/generated_audio/ljspeech_waveglow/LJ004-0200.wav,1,ljspeech_waveglow,
val,/lambda/nfs/algovirginia/workspace/DeepfakeDetectionRenewed/data/vcc2020/audio/T30/task1/team30_intra-TEM1_SEF1_E30003.wav,1,VCC2020_T30,
val,__hf__,0,librispeech,12277
val,/lambda/nfs/algovirginia/workspace/DeepfakeDetectionRenewed/data/vcc2020/audio/T30/task1/team30_intra-TEM1_SEF2_E30001.wav,1,VCC2020_T30,
val,__hf__,0,librispeech,3654
val,/lambda/nfs/algovirginia/workspace/DeepfakeDetectionRenewed/data/wavefake/generated_audio/ljspeech_waveglow/LJ003-0165.wav,1,ljspeech_waveglow,
val,/lambda/nfs/algovirginia/workspace/DeepfakeDetectionRenewed/data/vcc2020/audio/T16/task1/team16_intra-TEF2_SEM1_E30002.wav,1,VCC2020_T16,
val,/lambda/nfs/algovirginia/workspace/DeepfakeDetectionRenewed/data/wavefake/generated_audio/common_voices_prompts_from_conformer_fastspeech2_pwg_ljspeech/gen_3332.wav,1,common_voices_prompts_from_conformer_fastspeech2_pwg_ljspeech,
val,__hf__,0,librispeech,15652
val,__hf__,0,librispeech,16745
val,__hf__,0,librispeech,19383
val,__hf__,0,librispeech,14017
val,/lambda/nfs/algovirginia/workspace/DeepfakeDetectionRenewed/data/wavefake/generated_audio/ljspeech_waveglow/LJ045-0047.wav,1,ljspeech_waveglow,
val,/lambda/nfs/algovirginia/workspace/DeepfakeDetectionRenewed/data/wavefake/generated_audio/ljspeech_hifiGAN/LJ016-0075_generated.wav,1,ljspeech_hifiGAN,
val,__hf__,0,librispeech,11006
val,/lambda/nfs/algovirginia/workspace/DeepfakeDetectionRenewed/data/wavefake/generated_audio/ljspeech_melgan_large/LJ032-0175_gen.wav,1,ljspeech_melgan_large,
val,/lambda/nfs/algovirginia/workspace/DeepfakeDetectionRenewed/data/vcc2020/audio/T29/task1/team29_intra-TEM2_SEF1_E30002.wav,1,VCC2020_T29,
val,__hf__,0,librispeech,23585
val,/lambda/nfs/algovirginia/workspace/DeepfakeDetectionRenewed/data/vcc2020/audio/T03/task1/team03_intra-TEM1_SEF2_E30005.wav,1,VCC2020_T03,
val,/lambda/nfs/algovirginia/workspace/DeepfakeDetectionRenewed/data/vcc2020/audio/T14/task1/team14_intra-TEF1_SEF2_E30005.wav,1,VCC2020_T14,
val,/lambda/nfs/algovirginia/workspace/DeepfakeDetectionRenewed/data/wavefake/generated_audio/ljspeech_hifiGAN/LJ026-0023_generated.wav,1,ljspeech_hifiGAN,
val,__hf__,0,librispeech,5863
val,__hf__,0,librispeech,5651
val,/lambda/nfs/algovirginia/workspace/DeepfakeDetectionRenewed/data/vcc2020/audio/T07/task1/team07_intra-TEM1_SEM1_E30001.wav,1,VCC2020_T07,
val,__hf__,0,librispeech,19853
val,/lambda/nfs/algovirginia/workspace/DeepfakeDetectionRenewed/data/vcc2020/audio/T28/task1/team28_intra-TEF1_SEM1_E30003.wav,1,VCC2020_T28,
val,/lambda/nfs/algovirginia/workspace/DeepfakeDetectionRenewed/data/vcc2020/audio/T29/task1/team29_intra-TEM2_SEM2_E30005.wav,1,VCC2020_T29,
val,__hf__,0,librispeech,21687
val,__hf__,0,librispeech,23221
val,__hf__,0,librispeech,5503
val,/lambda/nfs/algovirginia/workspace/DeepfakeDetectionRenewed/data/wavefake/generated_audio/common_voices_prompts_from_conformer_fastspeech2_pwg_ljspeech/gen_12735.wav,1,common_voices_prompts_from_conformer_fastspeech2_pwg_ljspeech,
val,/lambda/nfs/algovirginia/workspace/DeepfakeDetectionRenewed/data/wavefake/generated_audio/ljspeech_multi_band_melgan/LJ028-0180_gen.wav,1,ljspeech_multi_band_melgan,
val,/lambda/nfs/algovirginia/workspace/DeepfakeDetectionRenewed/data/wavefake/generated_audio/ljspeech_melgan_large/LJ046-0239_gen.wav,1,ljspeech_melgan_large,
val,__hf__,0,librispeech,22112
val,__hf__,0,librispeech,10936
val,/lambda/nfs/algovirginia/workspace/DeepfakeDetectionRenewed/data/wavefake/generated_audio/ljspeech_parallel_wavegan/LJ017-0241_gen.wav,1,ljspeech_parallel_wavegan,
val,/lambda/nfs/algovirginia/workspace/DeepfakeDetectionRenewed/data/vcc2020/audio/T02/task1/team02_intra-TEF1_SEM2_E30004.wav,1,VCC2020_T02,
val,/lambda/nfs/algovirginia/workspace/DeepfakeDetectionRenewed/data/wavefake/generated_audio/ljspeech_melgan/LJ025-0154_gen.wav,1,ljspeech_melgan,
val,/lambda/nfs/algovirginia/workspace/DeepfakeDetectionRenewed/data/wavefake/generated_audio/ljspeech_multi_band_melgan/LJ010-0291_gen.wav,1,ljspeech_multi_band_melgan,
val,/lambda/nfs/algovirginia/workspace/DeepfakeDetectionRenewed/data/vcc2020/audio/T18/task1/team18_intra-TEM1_SEF2_E30004.wav,1,VCC2020_T18,
val,__hf__,0,librispeech,14747
val,__hf__,0,librispeech,13759
val,__hf__,0,librispeech,3052
val,__hf__,0,librispeech,369
val,/lambda/nfs/algovirginia/workspace/DeepfakeDetectionRenewed/data/wavefake/generated_audio/common_voices_prompts_from_conformer_fastspeech2_pwg_ljspeech/gen_2657.wav,1,common_voices_prompts_from_conformer_fastspeech2_pwg_ljspeech,
val,__hf__,0,librispeech,11020
val,__hf__,0,librispeech,22298
val,__hf__,0,librispeech,11368
val,__hf__,0,librispeech,13278
val,/lambda/nfs/algovirginia/workspace/DeepfakeDetectionRenewed/data/vcc2020/audio/T07/task1/team07_intra-TEM2_SEF1_E30001.wav,1,VCC2020_T07,
val,__hf__,0,librispeech,22019
val,/lambda/nfs/algovirginia/workspace/DeepfakeDetectionRenewed/data/vcc2020/audio/T32/task1/team32_intra-TEF1_SEM2_E30005.wav,1,VCC2020_T32,
val,/lambda/nfs/algovirginia/workspace/DeepfakeDetectionRenewed/data/wavefake/generated_audio/ljspeech_multi_band_melgan/LJ001-0158_gen.wav,1,ljspeech_multi_band_melgan,
val,__hf__,0,librispeech,12907
val,__hf__,0,librispeech,25798
val,/lambda/nfs/algovirginia/workspace/DeepfakeDetectionRenewed/data/vcc2020/audio/T14/task1/team14_intra-TEF2_SEM1_E30003.wav,1,VCC2020_T14,
val,__hf__,0,librispeech,12725
val,/lambda/nfs/algovirginia/workspace/DeepfakeDetectionRenewed/data/vcc2020/audio/T24/task1/team24_intra-TEM2_SEF2_E30002.wav,1,VCC2020_T24,
val,/lambda/nfs/algovirginia/workspace/DeepfakeDetectionRenewed/data/vcc2020/audio/T30/task1/team30_intra-TEF1_SEM1_E30002.wav,1,VCC2020_T30,
val,/lambda/nfs/algovirginia/workspace/DeepfakeDetectionRenewed/data/vcc2020/audio/T08/task1/team08_intra-TEF2_SEF2_E30005.wav,1,VCC2020_T08,
val,__hf__,0,librispeech,1719
val,__hf__,0,librispeech,2080
val,__hf__,0,librispeech,28049
val,/lambda/nfs/algovirginia/workspace/DeepfakeDetectionRenewed/data/wavefake/generated_audio/ljspeech_parallel_wavegan/LJ004-0228_gen.wav,1,ljspeech_parallel_wavegan,
val,__hf__,0,librispeech,14116
val,__hf__,0,librispeech,3454
val,__hf__,0,librispeech,4000
val,/lambda/nfs/algovirginia/workspace/DeepfakeDetectionRenewed/data/wavefake/generated_audio/common_voices_prompts_from_conformer_fastspeech2_pwg_ljspeech/gen_5793.wav,1,common_voices_prompts_from_conformer_fastspeech2_pwg_ljspeech,
val,__hf__,0,librispeech,6531
val,__hf__,0,librispeech,15496
val,/lambda/nfs/algovirginia/workspace/DeepfakeDetectionRenewed/data/vcc2020/audio/T24/task1/team24_intra-TEM1_SEF1_E30005.wav,1,VCC2020_T24,
val,/lambda/nfs/algovirginia/workspace/DeepfakeDetectionRenewed/data/vcc2020/audio/T30/task1/team30_intra-TEM1_SEF1_E30002.wav,1,VCC2020_T30,
val,__hf__,0,librispeech,22995
val,__hf__,0,librispeech,11835
val,__hf__,0,librispeech,2632
val,/lambda/nfs/algovirginia/workspace/DeepfakeDetectionRenewed/data/wavefake/generated_audio/ljspeech_waveglow/LJ031-0089.wav,1,ljspeech_waveglow,
val,__hf__,0,librispeech,10091
val,/lambda/nfs/algovirginia/workspace/DeepfakeDetectionRenewed/data/wavefake/generated_audio/ljspeech_hifiGAN/LJ001-0164_generated.wav,1,ljspeech_hifiGAN,
val,/lambda/nfs/algovirginia/workspace/DeepfakeDetectionRenewed/data/wavefake/generated_audio/ljspeech_melgan/LJ038-0146_gen.wav,1,ljspeech_melgan,
val,__hf__,0,librispeech,21050
val,__hf__,0,librispeech,20041
val,__hf__,0,librispeech,5422
val,__hf__,0,librispeech,6788
val,/lambda/nfs/algovirginia/workspace/DeepfakeDetectionRenewed/data/vcc2020/audio/T17/task1/team17_intra-TEF1_SEM1_E30001.wav,1,VCC2020_T17,
val,__hf__,0,librispeech,26895
val,__hf__,0,librispeech,28186
val,__hf__,0,librispeech,20905
val,__hf__,0,librispeech,18406
val,__hf__,0,librispeech,20619
val,/lambda/nfs/algovirginia/workspace/DeepfakeDetectionRenewed/data/vcc2020/audio/T19/task1/team19_intra-TEM1_SEM2_E30002.wav,1,VCC2020_T19,
val,__hf__,0,librispeech,23488
val,/lambda/nfs/algovirginia/workspace/DeepfakeDetectionRenewed/data/vcc2020/audio/T13/task1/team13_intra-TEM1_SEF1_E30001.wav,1,VCC2020_T13,
val,__hf__,0,librispeech,23960
val,__hf__,0,librispeech,9450
val,__hf__,0,librispeech,11533
val,/lambda/nfs/algovirginia/workspace/DeepfakeDetectionRenewed/data/wavefake/generated_audio/common_voices_prompts_from_conformer_fastspeech2_pwg_ljspeech/gen_13622.wav,1,common_voices_prompts_from_conformer_fastspeech2_pwg_ljspeech,
val,/lambda/nfs/algovirginia/workspace/DeepfakeDetectionRenewed/data/wavefake/generated_audio/ljspeech_full_band_melgan/LJ046-0204_gen.wav,1,ljspeech_full_band_melgan,
val,/lambda/nfs/algovirginia/workspace/DeepfakeDetectionRenewed/data/vcc2020/audio/T26/task1/team26_intra-TEM2_SEM2_E30002.wav,1,VCC2020_T26,
val,__hf__,0,librispeech,887
val,/lambda/nfs/algovirginia/workspace/DeepfakeDetectionRenewed/data/wavefake/generated_audio/ljspeech_parallel_wavegan/LJ016-0151_gen.wav,1,ljspeech_parallel_wavegan,
val,__hf__,0,librispeech,25917
val,/lambda/nfs/algovirginia/workspace/DeepfakeDetectionRenewed/data/wavefake/generated_audio/ljspeech_melgan/LJ043-0129_gen.wav,1,ljspeech_melgan,
val,__hf__,0,librispeech,4978
val,/lambda/nfs/algovirginia/workspace/DeepfakeDetectionRenewed/data/wavefake/generated_audio/ljspeech_full_band_melgan/LJ025-0015_gen.wav,1,ljspeech_full_band_melgan,
val,__hf__,0,librispeech,4945
val,__hf__,0,librispeech,15269
val,/lambda/nfs/algovirginia/workspace/DeepfakeDetectionRenewed/data/vcc2020/audio/T23/task1/team23_intra-TEF2_SEF1_E30004.wav,1,VCC2020_T23,
val,/lambda/nfs/algovirginia/workspace/DeepfakeDetectionRenewed/data/wavefake/generated_audio/ljspeech_waveglow/LJ046-0149.wav,1,ljspeech_waveglow,
val,/lambda/nfs/algovirginia/workspace/DeepfakeDetectionRenewed/data/vcc2020/audio/T28/task1/team28_intra-TEM1_SEF1_E30005.wav,1,VCC2020_T28,
val,__hf__,0,librispeech,23911
val,/lambda/nfs/algovirginia/workspace/DeepfakeDetectionRenewed/data/vcc2020/audio/T08/task1/team08_intra-TEM1_SEF2_E30004.wav,1,VCC2020_T08,
val,__hf__,0,librispeech,21998
val,__hf__,0,librispeech,15728
val,/lambda/nfs/algovirginia/workspace/DeepfakeDetectionRenewed/data/vcc2020/audio/T23/task1/team23_intra-TEM1_SEM1_E30002.wav,1,VCC2020_T23,
val,__hf__,0,librispeech,124
val,/lambda/nfs/algovirginia/workspace/DeepfakeDetectionRenewed/data/wavefake/generated_audio/ljspeech_full_band_melgan/LJ007-0095_gen.wav,1,ljspeech_full_band_melgan,
val,/lambda/nfs/algovirginia/workspace/DeepfakeDetectionRenewed/data/vcc2020/audio/T28/task1/team28_intra-TEM1_SEM2_E30001.wav,1,VCC2020_T28,
val,/lambda/nfs/algovirginia/workspace/DeepfakeDetectionRenewed/data/wavefake/generated_audio/common_voices_prompts_from_conformer_fastspeech2_pwg_ljspeech/gen_6154.wav,1,common_voices_prompts_from_conformer_fastspeech2_pwg_ljspeech,
val,/lambda/nfs/algovirginia/workspace/DeepfakeDetectionRenewed/data/wavefake/generated_audio/ljspeech_multi_band_melgan/LJ003-0132_gen.wav,1,ljspeech_multi_band_melgan,
val,__hf__,0,librispeech,111
val,__hf__,0,librispeech,3643
val,__hf__,0,librispeech,15403
val,/lambda/nfs/algovirginia/workspace/DeepfakeDetectionRenewed/data/wavefake/generated_audio/ljspeech_waveglow/LJ041-0183.wav,1,ljspeech_waveglow,
val,__hf__,0,librispeech,1554
val,/lambda/nfs/algovirginia/workspace/DeepfakeDetectionRenewed/data/vcc2020/audio/T32/task1/team32_intra-TEM1_SEF1_E30005.wav,1,VCC2020_T32,
val,/lambda/nfs/algovirginia/workspace/DeepfakeDetectionRenewed/data/wavefake/generated_audio/common_voices_prompts_from_conformer_fastspeech2_pwg_ljspeech/gen_6274.wav,1,common_voices_prompts_from_conformer_fastspeech2_pwg_ljspeech,
val,/lambda/nfs/algovirginia/workspace/DeepfakeDetectionRenewed/data/vcc2020/audio/T25/task1/team25_intra-TEF2_SEM1_E30001.wav,1,VCC2020_T25,
val,/lambda/nfs/algovirginia/workspace/DeepfakeDetectionRenewed/data/wavefake/generated_audio/ljspeech_melgan_large/LJ012-0240_gen.wav,1,ljspeech_melgan_large,
val,__hf__,0,librispeech,6636
val,__hf__,0,librispeech,14868
val,/lambda/nfs/algovirginia/workspace/DeepfakeDetectionRenewed/data/vcc2020/audio/T09/task1/team09_intra-TEF2_SEF1_E30004.wav,1,VCC2020_T09,
val,__hf__,0,librispeech,28390
val,__hf__,0,librispeech,15792
val,/lambda/nfs/algovirginia/workspace/DeepfakeDetectionRenewed/data/vcc2020/audio/T02/task1/team02_intra-TEM2_SEF2_E30005.wav,1,VCC2020_T02,
val,/lambda/nfs/algovirginia/workspace/DeepfakeDetectionRenewed/data/wavefake/generated_audio/ljspeech_melgan/LJ032-0038_gen.wav,1,ljspeech_melgan,
val,/lambda/nfs/algovirginia/workspace/DeepfakeDetectionRenewed/data/vcc2020/audio/T32/task1/team32_intra-TEM2_SEF2_E30002.wav,1,VCC2020_T32,
val,/lambda/nfs/algovirginia/workspace/DeepfakeDetectionRenewed/data/vcc2020/audio/T27/task1/team27_intra-TEF2_SEM1_E30004.wav,1,VCC2020_T27,
val,__hf__,0,librispeech,22453
val,__hf__,0,librispeech,15844
val,__hf__,0,librispeech,19612
val,/lambda/nfs/algovirginia/workspace/DeepfakeDetectionRenewed/data/vcc2020/audio/T26/task1/team26_intra-TEM2_SEM1_E30004.wav,1,VCC2020_T26,
val,/lambda/nfs/algovirginia/workspace/DeepfakeDetectionRenewed/data/wavefake/generated_audio/common_voices_prompts_from_conformer_fastspeech2_pwg_ljspeech/gen_10270.wav,1,common_voices_prompts_from_conformer_fastspeech2_pwg_ljspeech,
val,/lambda/nfs/algovirginia/workspace/DeepfakeDetectionRenewed/data/vcc2020/audio/T30/task1/team30_intra-TEF1_SEM2_E30001.wav,1,VCC2020_T30,
val,__hf__,0,librispeech,22120
val,__hf__,0,librispeech,3257
val,__hf__,0,librispeech,16484
val,/lambda/nfs/algovirginia/workspace/DeepfakeDetectionRenewed/data/wavefake/generated_audio/ljspeech_multi_band_melgan/LJ047-0206_gen.wav,1,ljspeech_multi_band_melgan,
val,/lambda/nfs/algovirginia/workspace/DeepfakeDetectionRenewed/data/vcc2020/audio/T27/task1/team27_intra-TEF1_SEM1_E30005.wav,1,VCC2020_T27,
val,__hf__,0,librispeech,1686
val,__hf__,0,librispeech,21930
val,/lambda/nfs/algovirginia/workspace/DeepfakeDetectionRenewed/data/wavefake/generated_audio/ljspeech_melgan_large/LJ028-0493_gen.wav,1,ljspeech_melgan_large,
val,/lambda/nfs/algovirginia/workspace/DeepfakeDetectionRenewed/data/wavefake/generated_audio/ljspeech_parallel_wavegan/LJ016-0210_gen.wav,1,ljspeech_parallel_wavegan,
val,/lambda/nfs/algovirginia/workspace/DeepfakeDetectionRenewed/data/vcc2020/audio/T12/task1/team12_intra-TEM2_SEF2_E30003.wav,1,VCC2020_T12,
val,/lambda/nfs/algovirginia/workspace/DeepfakeDetectionRenewed/data/wavefake/generated_audio/ljspeech_parallel_wavegan/LJ036-0051_gen.wav,1,ljspeech_parallel_wavegan,
val,__hf__,0,librispeech,8231
val,/lambda/nfs/algovirginia/workspace/DeepfakeDetectionRenewed/data/vcc2020/audio/T13/task1/team13_intra-TEM2_SEF2_E30004.wav,1,VCC2020_T13,
val,__hf__,0,librispeech,6713
val,__hf__,0,librispeech,21786
val,__hf__,0,librispeech,19241
val,/lambda/nfs/algovirginia/workspace/DeepfakeDetectionRenewed/data/vcc2020/audio/T12/task1/team12_intra-TEF2_SEF1_E30003.wav,1,VCC2020_T12,
val,__hf__,0,librispeech,13315
val,/lambda/nfs/algovirginia/workspace/DeepfakeDetectionRenewed/data/vcc2020/audio/T04/task1/team04_intra-TEF1_SEM2_E30002.wav,1,VCC2020_T04,
val,__hf__,0,librispeech,2267
val,/lambda/nfs/algovirginia/workspace/DeepfakeDetectionRenewed/data/wavefake/generated_audio/ljspeech_parallel_wavegan/LJ006-0189_gen.wav,1,ljspeech_parallel_wavegan,
val,__hf__,0,librispeech,28085
val,/lambda/nfs/algovirginia/workspace/DeepfakeDetectionRenewed/data/vcc2020/audio/T11/task1/team11_intra-TEF2_SEM1_E30004.wav,1,VCC2020_T11,
val,/lambda/nfs/algovirginia/workspace/DeepfakeDetectionRenewed/data/vcc2020/audio/T23/task1/team23_intra-TEF2_SEM2_E30004.wav,1,VCC2020_T23,
val,/lambda/nfs/algovirginia/workspace/DeepfakeDetectionRenewed/data/vcc2020/audio/T16/task1/team16_intra-TEF2_SEF1_E30003.wav,1,VCC2020_T16,
val,/lambda/nfs/algovirginia/workspace/DeepfakeDetectionRenewed/data/vcc2020/audio/T27/task1/team27_intra-TEF2_SEM2_E30004.wav,1,VCC2020_T27,
val,/lambda/nfs/algovirginia/workspace/DeepfakeDetectionRenewed/data/vcc2020/audio/T21/task1/team21_intra-TEF1_SEF2_E30001.wav,1,VCC2020_T21,
val,/lambda/nfs/algovirginia/workspace/DeepfakeDetectionRenewed/data/wavefake/generated_audio/ljspeech_waveglow/LJ002-0266.wav,1,ljspeech_waveglow,
val,__hf__,0,librispeech,19838
val,__hf__,0,librispeech,8830
val,__hf__,0,librispeech,20096
val,/lambda/nfs/algovirginia/workspace/DeepfakeDetectionRenewed/data/vcc2020/audio/T07/task1/team07_intra-TEM1_SEF2_E30005.wav,1,VCC2020_T07,
val,/lambda/nfs/algovirginia/workspace/DeepfakeDetectionRenewed/data/wavefake/generated_audio/ljspeech_melgan/LJ028-0108_gen.wav,1,ljspeech_melgan,
val,/lambda/nfs/algovirginia/workspace/DeepfakeDetectionRenewed/data/wavefake/generated_audio/ljspeech_melgan/LJ008-0225_gen.wav,1,ljspeech_melgan,
val,__hf__,0,librispeech,12568
val,/lambda/nfs/algovirginia/workspace/DeepfakeDetectionRenewed/data/vcc2020/audio/T07/task1/team07_intra-TEF1_SEF2_E30003.wav,1,VCC2020_T07,
val,__hf__,0,librispeech,6734
val,/lambda/nfs/algovirginia/workspace/DeepfakeDetectionRenewed/data/vcc2020/audio/T17/task1/team17_intra-TEM2_SEM2_E30005.wav,1,VCC2020_T17,
val,__hf__,0,librispeech,2540
val,/lambda/nfs/algovirginia/workspace/DeepfakeDetectionRenewed/data/vcc2020/audio/T16/task1/team16_intra-TEF1_SEF1_E30003.wav,1,VCC2020_T16,
val,/lambda/nfs/algovirginia/workspace/DeepfakeDetectionRenewed/data/wavefake/generated_audio/ljspeech_multi_band_melgan/LJ050-0125_gen.wav,1,ljspeech_multi_band_melgan,
val,/lambda/nfs/algovirginia/workspace/DeepfakeDetectionRenewed/data/wavefake/generated_audio/ljspeech_waveglow/LJ031-0191.wav,1,ljspeech_waveglow,
val,__hf__,0,librispeech,16061
val,/lambda/nfs/algovirginia/workspace/DeepfakeDetectionRenewed/data/vcc2020/audio/T27/task1/team27_intra-TEM1_SEM2_E30001.wav,1,VCC2020_T27,
val,/lambda/nfs/algovirginia/workspace/DeepfakeDetectionRenewed/data/wavefake/generated_audio/ljspeech_parallel_wavegan/LJ002-0244_gen.wav,1,ljspeech_parallel_wavegan,
val,__hf__,0,librispeech,20612
val,/lambda/nfs/algovirginia/workspace/DeepfakeDetectionRenewed/data/vcc2020/audio/T25/task1/team25_intra-TEF2_SEF2_E30002.wav,1,VCC2020_T25,
val,__hf__,0,librispeech,20791
val,/lambda/nfs/algovirginia/workspace/DeepfakeDetectionRenewed/data/wavefake/generated_audio/common_voices_prompts_from_conformer_fastspeech2_pwg_ljspeech/gen_14613.wav,1,common_voices_prompts_from_conformer_fastspeech2_pwg_ljspeech,
val,/lambda/nfs/algovirginia/workspace/DeepfakeDetectionRenewed/data/vcc2020/audio/T25/task1/team25_intra-TEM1_SEM1_E30003.wav,1,VCC2020_T25,
val,__hf__,0,librispeech,24479
val,__hf__,0,librispeech,1969
val,/lambda/nfs/algovirginia/workspace/DeepfakeDetectionRenewed/data/wavefake/generated_audio/ljspeech_melgan_large/LJ030-0154_gen.wav,1,ljspeech_melgan_large,
val,__hf__,0,librispeech,11785
val,/lambda/nfs/algovirginia/workspace/DeepfakeDetectionRenewed/data/wavefake/generated_audio/common_voices_prompts_from_conformer_fastspeech2_pwg_ljspeech/gen_745.wav,1,common_voices_prompts_from_conformer_fastspeech2_pwg_ljspeech,
val,__hf__,0,librispeech,4831
val,__hf__,0,librispeech,2900
val,__hf__,0,librispeech,13032
val,/lambda/nfs/algovirginia/workspace/DeepfakeDetectionRenewed/data/vcc2020/audio/T18/task1/team18_intra-TEF1_SEF2_E30003.wav,1,VCC2020_T18,
val,/lambda/nfs/algovirginia/workspace/DeepfakeDetectionRenewed/data/wavefake/generated_audio/ljspeech_hifiGAN/LJ019-0106_generated.wav,1,ljspeech_hifiGAN,
val,__hf__,0,librispeech,4401
val,/lambda/nfs/algovirginia/workspace/DeepfakeDetectionRenewed/data/vcc2020/audio/T23/task1/team23_intra-TEF1_SEF2_E30003.wav,1,VCC2020_T23,
val,/lambda/nfs/algovirginia/workspace/DeepfakeDetectionRenewed/data/wavefake/generated_audio/ljspeech_waveglow/LJ006-0042.wav,1,ljspeech_waveglow,
val,__hf__,0,librispeech,1744
val,/lambda/nfs/algovirginia/workspace/DeepfakeDetectionRenewed/data/vcc2020/audio/T16/task1/team16_intra-TEM1_SEM2_E30004.wav,1,VCC2020_T16,
val,__hf__,0,librispeech,11402
val,/lambda/nfs/algovirginia/workspace/DeepfakeDetectionRenewed/data/vcc2020/audio/T17/task1/team17_intra-TEM1_SEM2_E30005.wav,1,VCC2020_T17,
val,__hf__,0,librispeech,6138
val,/lambda/nfs/algovirginia/workspace/DeepfakeDetectionRenewed/data/wavefake/generated_audio/ljspeech_waveglow/LJ021-0164.wav,1,ljspeech_waveglow,
val,/lambda/nfs/algovirginia/workspace/DeepfakeDetectionRenewed/data/wavefake/generated_audio/ljspeech_melgan/LJ047-0075_gen.wav,1,ljspeech_melgan,
val,/lambda/nfs/algovirginia/workspace/DeepfakeDetectionRenewed/data/wavefake/generated_audio/ljspeech_full_band_melgan/LJ047-0151_gen.wav,1,ljspeech_full_band_melgan,
val,/lambda/nfs/algovirginia/workspace/DeepfakeDetectionRenewed/data/wavefake/generated_audio/ljspeech_hifiGAN/LJ019-0190_generated.wav,1,ljspeech_hifiGAN,
val,__hf__,0,librispeech,17062
val,/lambda/nfs/algovirginia/workspace/DeepfakeDetectionRenewed/data/wavefake/generated_audio/common_voices_prompts_from_conformer_fastspeech2_pwg_ljspeech/gen_10568.wav,1,common_voices_prompts_from_conformer_fastspeech2_pwg_ljspeech,
val,__hf__,0,librispeech,26261
val,__hf__,0,librispeech,18158
val,__hf__,0,librispeech,4935
val,/lambda/nfs/algovirginia/workspace/DeepfakeDetectionRenewed/data/wavefake/generated_audio/ljspeech_hifiGAN/LJ034-0060_generated.wav,1,ljspeech_hifiGAN,
val,__hf__,0,librispeech,27235
val,__hf__,0,librispeech,25441
val,__hf__,0,librispeech,15970
val,__hf__,0,librispeech,22750
val,/lambda/nfs/algovirginia/workspace/DeepfakeDetectionRenewed/data/vcc2020/audio/T30/task1/team30_intra-TEM2_SEF2_E30001.wav,1,VCC2020_T30,
val,/lambda/nfs/algovirginia/workspace/DeepfakeDetectionRenewed/data/vcc2020/audio/T23/task1/team23_intra-TEF1_SEF1_E30002.wav,1,VCC2020_T23,
val,__hf__,0,librispeech,2192
val,/lambda/nfs/algovirginia/workspace/DeepfakeDetectionRenewed/data/vcc2020/audio/T10/task1/team10_intra-TEF1_SEM1_E30005.wav,1,VCC2020_T10,
val,/lambda/nfs/algovirginia/workspace/DeepfakeDetectionRenewed/data/wavefake/generated_audio/common_voices_prompts_from_conformer_fastspeech2_pwg_ljspeech/gen_8369.wav,1,common_voices_prompts_from_conformer_fastspeech2_pwg_ljspeech,
val,/lambda/nfs/algovirginia/workspace/DeepfakeDetectionRenewed/data/vcc2020/audio/T14/task1/team14_intra-TEF1_SEF1_E30001.wav,1,VCC2020_T14,
val,/lambda/nfs/algovirginia/workspace/DeepfakeDetectionRenewed/data/vcc2020/audio/T03/task1/team03_intra-TEF1_SEM1_E30003.wav,1,VCC2020_T03,
val,__hf__,0,librispeech,18777
val,/lambda/nfs/algovirginia/workspace/DeepfakeDetectionRenewed/data/vcc2020/audio/T04/task1/team04_intra-TEF1_SEF1_E30003.wav,1,VCC2020_T04,
val,/lambda/nfs/algovirginia/workspace/DeepfakeDetectionRenewed/data/wavefake/generated_audio/ljspeech_melgan_large/LJ028-0448_gen.wav,1,ljspeech_melgan_large,
val,/lambda/nfs/algovirginia/workspace/DeepfakeDetectionRenewed/data/vcc2020/audio/T19/task1/team19_intra-TEF1_SEM1_E30003.wav,1,VCC2020_T19,
val,__hf__,0,librispeech,12176
val,__hf__,0,librispeech,4884
val,__hf__,0,librispeech,21929
val,__hf__,0,librispeech,11915
val,__hf__,0,librispeech,4687
val,/lambda/nfs/algovirginia/workspace/DeepfakeDetectionRenewed/data/vcc2020/audio/T04/task1/team04_intra-TEF2_SEF1_E30004.wav,1,VCC2020_T04,
val,__hf__,0,librispeech,21508
val,/lambda/nfs/algovirginia/workspace/DeepfakeDetectionRenewed/data/vcc2020/audio/T19/task1/team19_intra-TEM1_SEF1_E30003.wav,1,VCC2020_T19,
val,__hf__,0,librispeech,3511
val,/lambda/nfs/algovirginia/workspace/DeepfakeDetectionRenewed/data/vcc2020/audio/T13/task1/team13_intra-TEM2_SEM1_E30002.wav,1,VCC2020_T13,
val,/lambda/nfs/algovirginia/workspace/DeepfakeDetectionRenewed/data/wavefake/generated_audio/ljspeech_full_band_melgan/LJ044-0088_gen.wav,1,ljspeech_full_band_melgan,
val,__hf__,0,librispeech,13876
val,__hf__,0,librispeech,12350
val,__hf__,0,librispeech,12114
val,__hf__,0,librispeech,1881
val,__hf__,0,librispeech,25166
val,/lambda/nfs/algovirginia/workspace/DeepfakeDetectionRenewed/data/wavefake/generated_audio/ljspeech_parallel_wavegan/LJ028-0334_gen.wav,1,ljspeech_parallel_wavegan,
val,__hf__,0,librispeech,21071
val,__hf__,0,librispeech,384
val,__hf__,0,librispeech,329
val,/lambda/nfs/algovirginia/workspace/DeepfakeDetectionRenewed/data/wavefake/generated_audio/ljspeech_hifiGAN/LJ035-0034_generated.wav,1,ljspeech_hifiGAN,
val,/lambda/nfs/algovirginia/workspace/DeepfakeDetectionRenewed/data/wavefake/generated_audio/ljspeech_melgan_large/LJ015-0024_gen.wav,1,ljspeech_melgan_large,
val,/lambda/nfs/algovirginia/workspace/DeepfakeDetectionRenewed/data/wavefake/generated_audio/ljspeech_full_band_melgan/LJ005-0243_gen.wav,1,ljspeech_full_band_melgan,
val,/lambda/nfs/algovirginia/workspace/DeepfakeDetectionRenewed/data/vcc2020/audio/T01/task1/team01_intra-TEM2_SEM2_E30002.wav,1,VCC2020_T01,
val,__hf__,0,librispeech,21711
val,/lambda/nfs/algovirginia/workspace/DeepfakeDetectionRenewed/data/wavefake/generated_audio/ljspeech_waveglow/LJ045-0079.wav,1,ljspeech_waveglow,
val,__hf__,0,librispeech,6977
val,__hf__,0,librispeech,6613
val,/lambda/nfs/algovirginia/workspace/DeepfakeDetectionRenewed/data/wavefake/generated_audio/ljspeech_multi_band_melgan/LJ035-0066_gen.wav,1,ljspeech_multi_band_melgan,
val,/lambda/nfs/algovirginia/workspace/DeepfakeDetectionRenewed/data/wavefake/generated_audio/common_voices_prompts_from_conformer_fastspeech2_pwg_ljspeech/gen_12866.wav,1,common_voices_prompts_from_conformer_fastspeech2_pwg_ljspeech,
val,__hf__,0,librispeech,3496
val,/lambda/nfs/algovirginia/workspace/DeepfakeDetectionRenewed/data/wavefake/generated_audio/ljspeech_melgan_large/LJ050-0224_gen.wav,1,ljspeech_melgan_large,
val,/lambda/nfs/algovirginia/workspace/DeepfakeDetectionRenewed/data/vcc2020/audio/T16/task1/team16_intra-TEF1_SEF1_E30004.wav,1,VCC2020_T16,
val,/lambda/nfs/algovirginia/workspace/DeepfakeDetectionRenewed/data/wavefake/generated_audio/common_voices_prompts_from_conformer_fastspeech2_pwg_ljspeech/gen_14356.wav,1,common_voices_prompts_from_conformer_fastspeech2_pwg_ljspeech,
val,/lambda/nfs/algovirginia/workspace/DeepfakeDetectionRenewed/data/vcc2020/audio/T09/task1/team09_intra-TEF2_SEF2_E30004.wav,1,VCC2020_T09,
val,/lambda/nfs/algovirginia/workspace/DeepfakeDetectionRenewed/data/wavefake/generated_audio/ljspeech_hifiGAN/LJ035-0138_generated.wav,1,ljspeech_hifiGAN,
val,/lambda/nfs/algovirginia/workspace/DeepfakeDetectionRenewed/data/wavefake/generated_audio/ljspeech_waveglow/LJ030-0191.wav,1,ljspeech_waveglow,
val,__hf__,0,librispeech,5059
val,/lambda/nfs/algovirginia/workspace/DeepfakeDetectionRenewed/data/wavefake/generated_audio/ljspeech_parallel_wavegan/LJ028-0399_gen.wav,1,ljspeech_parallel_wavegan,
val,/lambda/nfs/algovirginia/workspace/DeepfakeDetectionRenewed/data/vcc2020/audio/T25/task1/team25_intra-TEM1_SEF2_E30001.wav,1,VCC2020_T25,
val,__hf__,0,librispeech,25507
val,/lambda/nfs/algovirginia/workspace/DeepfakeDetectionRenewed/data/wavefake/generated_audio/ljspeech_melgan_large/LJ003-0182_gen.wav,1,ljspeech_melgan_large,
val,/lambda/nfs/algovirginia/workspace/DeepfakeDetectionRenewed/data/vcc2020/audio/T01/task1/team01_intra-TEM2_SEM1_E30001.wav,1,VCC2020_T01,
val,__hf__,0,librispeech,24242
val,__hf__,0,librispeech,18393
val,/lambda/nfs/algovirginia/workspace/DeepfakeDetectionRenewed/data/vcc2020/audio/T17/task1/team17_intra-TEM1_SEF1_E30004.wav,1,VCC2020_T17,
val,__hf__,0,librispeech,22204
val,__hf__,0,librispeech,22039
val,__hf__,0,librispeech,24093
val,/lambda/nfs/algovirginia/workspace/DeepfakeDetectionRenewed/data/wavefake/generated_audio/ljspeech_full_band_melgan/LJ045-0155_gen.wav,1,ljspeech_full_band_melgan,
val,/lambda/nfs/algovirginia/workspace/DeepfakeDetectionRenewed/data/wavefake/generated_audio/ljspeech_melgan/LJ012-0014_gen.wav,1,ljspeech_melgan,
val,__hf__,0,librispeech,17698
val,/lambda/nfs/algovirginia/workspace/DeepfakeDetectionRenewed/data/wavefake/generated_audio/ljspeech_melgan/LJ050-0044_gen.wav,1,ljspeech_melgan,
val,__hf__,0,librispeech,8003
val,/lambda/nfs/algovirginia/workspace/DeepfakeDetectionRenewed/data/vcc2020/audio/T18/task1/team18_intra-TEF1_SEF2_E30002.wav,1,VCC2020_T18,
val,/lambda/nfs/algovirginia/workspace/DeepfakeDetectionRenewed/data/wavefake/generated_audio/common_voices_prompts_from_conformer_fastspeech2_pwg_ljspeech/gen_8569.wav,1,common_voices_prompts_from_conformer_fastspeech2_pwg_ljspeech,
val,/lambda/nfs/algovirginia/workspace/DeepfakeDetectionRenewed/data/wavefake/generated_audio/common_voices_prompts_from_conformer_fastspeech2_pwg_ljspeech/gen_4345.wav,1,common_voices_prompts_from_conformer_fastspeech2_pwg_ljspeech,
val,__hf__,0,librispeech,1031
val,__hf__,0,librispeech,16116
val,/lambda/nfs/algovirginia/workspace/DeepfakeDetectionRenewed/data/wavefake/generated_audio/ljspeech_hifiGAN/LJ041-0008_generated.wav,1,ljspeech_hifiGAN,
val,__hf__,0,librispeech,12031
val,__hf__,0,librispeech,11516
val,/lambda/nfs/algovirginia/workspace/DeepfakeDetectionRenewed/data/wavefake/generated_audio/ljspeech_waveglow/LJ013-0108.wav,1,ljspeech_waveglow,
val,/lambda/nfs/algovirginia/workspace/DeepfakeDetectionRenewed/data/wavefake/generated_audio/ljspeech_multi_band_melgan/LJ009-0301_gen.wav,1,ljspeech_multi_band_melgan,
val,/lambda/nfs/algovirginia/workspace/DeepfakeDetectionRenewed/data/vcc2020/audio/T19/task1/team19_intra-TEM1_SEF2_E30002.wav,1,VCC2020_T19,
val,__hf__,0,librispeech,21237
val,__hf__,0,librispeech,2747
val,__hf__,0,librispeech,16331
val,/lambda/nfs/algovirginia/workspace/DeepfakeDetectionRenewed/data/vcc2020/audio/T10/task1/team10_intra-TEF1_SEF2_E30005.wav,1,VCC2020_T10,
val,__hf__,0,librispeech,8089
val,__hf__,0,librispeech,21794
val,/lambda/nfs/algovirginia/workspace/DeepfakeDetectionRenewed/data/wavefake/generated_audio/ljspeech_waveglow/LJ016-0246.wav,1,ljspeech_waveglow,
val,/lambda/nfs/algovirginia/workspace/DeepfakeDetectionRenewed/data/wavefake/generated_audio/ljspeech_melgan/LJ018-0023_gen.wav,1,ljspeech_melgan,
val,/lambda/nfs/algovirginia/workspace/DeepfakeDetectionRenewed/data/vcc2020/audio/T31/task1/team31_intra-TEF2_SEF1_E30005.wav,1,VCC2020_T31,
val,__hf__,0,librispeech,8573
val,/lambda/nfs/algovirginia/workspace/DeepfakeDetectionRenewed/data/vcc2020/audio/T21/task1/team21_intra-TEF2_SEM2_E30002.wav,1,VCC2020_T21,
val,__hf__,0,librispeech,10337
val,__hf__,0,librispeech,19164
val,/lambda/nfs/algovirginia/workspace/DeepfakeDetectionRenewed/data/vcc2020/audio/T18/task1/team18_intra-TEF2_SEM2_E30003.wav,1,VCC2020_T18,
val,/lambda/nfs/algovirginia/workspace/DeepfakeDetectionRenewed/data/vcc2020/audio/T10/task1/team10_intra-TEF1_SEF1_E30001.wav,1,VCC2020_T10,
val,/lambda/nfs/algovirginia/workspace/DeepfakeDetectionRenewed/data/vcc2020/audio/T30/task1/team30_intra-TEF2_SEF1_E30002.wav,1,VCC2020_T30,
val,/lambda/nfs/algovirginia/workspace/DeepfakeDetectionRenewed/data/vcc2020/audio/T28/task1/team28_intra-TEM2_SEM1_E30005.wav,1,VCC2020_T28,
val,__hf__,0,librispeech,14776
val,/lambda/nfs/algovirginia/workspace/DeepfakeDetectionRenewed/data/wavefake/generated_audio/ljspeech_hifiGAN/LJ043-0118_generated.wav,1,ljspeech_hifiGAN,
val,__hf__,0,librispeech,22116
val,__hf__,0,librispeech,3758
val,/lambda/nfs/algovirginia/workspace/DeepfakeDetectionRenewed/data/wavefake/generated_audio/common_voices_prompts_from_conformer_fastspeech2_pwg_ljspeech/gen_7854.wav,1,common_voices_prompts_from_conformer_fastspeech2_pwg_ljspeech,
val,__hf__,0,librispeech,7380
val,/lambda/nfs/algovirginia/workspace/DeepfakeDetectionRenewed/data/wavefake/generated_audio/ljspeech_hifiGAN/LJ013-0176_generated.wav,1,ljspeech_hifiGAN,
val,__hf__,0,librispeech,7237
val,__hf__,0,librispeech,23480
val,__hf__,0,librispeech,12266
val,__hf__,0,librispeech,13256
val,__hf__,0,librispeech,12183
val,__hf__,0,librispeech,5330
val,__hf__,0,librispeech,2938
val,__hf__,0,librispeech,27029
val,/lambda/nfs/algovirginia/workspace/DeepfakeDetectionRenewed/data/wavefake/generated_audio/ljspeech_parallel_wavegan/LJ036-0116_gen.wav,1,ljspeech_parallel_wavegan,
val,__hf__,0,librispeech,23285
val,__hf__,0,librispeech,10482
val,/lambda/nfs/algovirginia/workspace/DeepfakeDetectionRenewed/data/wavefake/generated_audio/ljspeech_hifiGAN/LJ037-0168_generated.wav,1,ljspeech_hifiGAN,
val,__hf__,0,librispeech,6517
val,__hf__,0,librispeech,11751
val,/lambda/nfs/algovirginia/workspace/DeepfakeDetectionRenewed/data/wavefake/generated_audio/ljspeech_multi_band_melgan/LJ042-0233_gen.wav,1,ljspeech_multi_band_melgan,
val,/lambda/nfs/algovirginia/workspace/DeepfakeDetectionRenewed/data/vcc2020/audio/T25/task1/team25_intra-TEF1_SEF1_E30002.wav,1,VCC2020_T25,
val,__hf__,0,librispeech,24647
val,/lambda/nfs/algovirginia/workspace/DeepfakeDetectionRenewed/data/wavefake/generated_audio/ljspeech_waveglow/LJ021-0027.wav,1,ljspeech_waveglow,
val,__hf__,0,librispeech,28233
val,/lambda/nfs/algovirginia/workspace/DeepfakeDetectionRenewed/data/vcc2020/audio/T02/task1/team02_intra-TEM1_SEF2_E30005.wav,1,VCC2020_T02,
val,/lambda/nfs/algovirginia/workspace/DeepfakeDetectionRenewed/data/wavefake/generated_audio/ljspeech_multi_band_melgan/LJ010-0230_gen.wav,1,ljspeech_multi_band_melgan,
val,/lambda/nfs/algovirginia/workspace/DeepfakeDetectionRenewed/data/wavefake/generated_audio/ljspeech_melgan/LJ009-0143_gen.wav,1,ljspeech_melgan,
val,/lambda/nfs/algovirginia/workspace/DeepfakeDetectionRenewed/data/vcc2020/audio/T19/task1/team19_intra-TEM1_SEF2_E30004.wav,1,VCC2020_T19,
val,/lambda/nfs/algovirginia/workspace/DeepfakeDetectionRenewed/data/vcc2020/audio/T32/task1/team32_intra-TEF1_SEF1_E30004.wav,1,VCC2020_T32,
val,__hf__,0,librispeech,5516
val,/lambda/nfs/algovirginia/workspace/DeepfakeDetectionRenewed/data/vcc2020/audio/T25/task1/team25_intra-TEM1_SEM1_E30001.wav,1,VCC2020_T25,
val,__hf__,0,librispeech,12690
val,__hf__,0,librispeech,15161
val,__hf__,0,librispeech,19095
val,/lambda/nfs/algovirginia/workspace/DeepfakeDetectionRenewed/data/wavefake/generated_audio/ljspeech_hifiGAN/LJ003-0002_generated.wav,1,ljspeech_hifiGAN,
val,/lambda/nfs/algovirginia/workspace/DeepfakeDetectionRenewed/data/wavefake/generated_audio/ljspeech_hifiGAN/LJ015-0124_generated.wav,1,ljspeech_hifiGAN,
val,/lambda/nfs/algovirginia/workspace/DeepfakeDetectionRenewed/data/wavefake/generated_audio/common_voices_prompts_from_conformer_fastspeech2_pwg_ljspeech/gen_6171.wav,1,common_voices_prompts_from_conformer_fastspeech2_pwg_ljspeech,
val,__hf__,0,librispeech,8898
val,__hf__,0,librispeech,21471
val,__hf__,0,librispeech,23295
val,/lambda/nfs/algovirginia/workspace/DeepfakeDetectionRenewed/data/wavefake/generated_audio/ljspeech_parallel_wavegan/LJ030-0026_gen.wav,1,ljspeech_parallel_wavegan,
val,/lambda/nfs/algovirginia/workspace/DeepfakeDetectionRenewed/data/vcc2020/audio/T06/task1/team06_intra-TEM1_SEM2_E30005.wav,1,VCC2020_T06,
val,__hf__,0,librispeech,2078
val,/lambda/nfs/algovirginia/workspace/DeepfakeDetectionRenewed/data/vcc2020/audio/T22/task1/team22_intra-TEM1_SEF2_E30004.wav,1,VCC2020_T22,
val,/lambda/nfs/algovirginia/workspace/DeepfakeDetectionRenewed/data/wavefake/generated_audio/ljspeech_waveglow/LJ032-0033.wav,1,ljspeech_waveglow,
val,__hf__,0,librispeech,110
val,__hf__,0,librispeech,26516
val,__hf__,0,librispeech,2648
val,/lambda/nfs/algovirginia/workspace/DeepfakeDetectionRenewed/data/vcc2020/audio/T06/task1/team06_intra-TEF1_SEF1_E30003.wav,1,VCC2020_T06,
val,/lambda/nfs/algovirginia/workspace/DeepfakeDetectionRenewed/data/vcc2020/audio/T01/task1/team01_intra-TEF2_SEM1_E30003.wav,1,VCC2020_T01,
val,__hf__,0,librispeech,12707
val,/lambda/nfs/algovirginia/workspace/DeepfakeDetectionRenewed/data/wavefake/generated_audio/ljspeech_hifiGAN/LJ045-0004_generated.wav,1,ljspeech_hifiGAN,
val,__hf__,0,librispeech,8100
val,__hf__,0,librispeech,27368
val,__hf__,0,librispeech,8752
val,/lambda/nfs/algovirginia/workspace/DeepfakeDetectionRenewed/data/vcc2020/audio/T19/task1/team19_intra-TEF1_SEM2_E30004.wav,1,VCC2020_T19,
val,__hf__,0,librispeech,3959
val,/lambda/nfs/algovirginia/workspace/DeepfakeDetectionRenewed/data/vcc2020/audio/T31/task1/team31_intra-TEM2_SEF1_E30003.wav,1,VCC2020_T31,
val,/lambda/nfs/algovirginia/workspace/DeepfakeDetectionRenewed/data/wavefake/generated_audio/ljspeech_full_band_melgan/LJ021-0054_gen.wav,1,ljspeech_full_band_melgan,
val,__hf__,0,librispeech,20634
val,/lambda/nfs/algovirginia/workspace/DeepfakeDetectionRenewed/data/wavefake/generated_audio/ljspeech_multi_band_melgan/LJ028-0359_gen.wav,1,ljspeech_multi_band_melgan,
val,/lambda/nfs/algovirginia/workspace/DeepfakeDetectionRenewed/data/vcc2020/audio/T02/task1/team02_intra-TEM1_SEM1_E30005.wav,1,VCC2020_T02,
val,/lambda/nfs/algovirginia/workspace/DeepfakeDetectionRenewed/data/vcc2020/audio/T04/task1/team04_intra-TEF2_SEM2_E30001.wav,1,VCC2020_T04,
val,__hf__,0,librispeech,14218
val,__hf__,0,librispeech,7638
val,__hf__,0,librispeech,5800
val,/lambda/nfs/algovirginia/workspace/DeepfakeDetectionRenewed/data/wavefake/generated_audio/ljspeech_multi_band_melgan/LJ038-0060_gen.wav,1,ljspeech_multi_band_melgan,
val,__hf__,0,librispeech,12143
val,__hf__,0,librispeech,10833
val,/lambda/nfs/algovirginia/workspace/DeepfakeDetectionRenewed/data/wavefake/generated_audio/ljspeech_hifiGAN/LJ043-0060_generated.wav,1,ljspeech_hifiGAN,
val,__hf__,0,librispeech,18237
val,/lambda/nfs/algovirginia/workspace/DeepfakeDetectionRenewed/data/wavefake/generated_audio/ljspeech_melgan/LJ043-0076_gen.wav,1,ljspeech_melgan,
val,__hf__,0,librispeech,20621
val,/lambda/nfs/algovirginia/workspace/DeepfakeDetectionRenewed/data/wavefake/generated_audio/ljspeech_hifiGAN/LJ023-0028_generated.wav,1,ljspeech_hifiGAN,
val,/lambda/nfs/algovirginia/workspace/DeepfakeDetectionRenewed/data/wavefake/generated_audio/ljspeech_full_band_melgan/LJ036-0098_gen.wav,1,ljspeech_full_band_melgan,
val,/lambda/nfs/algovirginia/workspace/DeepfakeDetectionRenewed/data/vcc2020/audio/T19/task1/team19_intra-TEF1_SEM2_E30005.wav,1,VCC2020_T19,
val,__hf__,0,librispeech,9238
val,/lambda/nfs/algovirginia/workspace/DeepfakeDetectionRenewed/data/wavefake/generated_audio/ljspeech_waveglow/LJ010-0020.wav,1,ljspeech_waveglow,
val,__hf__,0,librispeech,10904
val,__hf__,0,librispeech,709
val,/lambda/nfs/algovirginia/workspace/DeepfakeDetectionRenewed/data/vcc2020/audio/T24/task1/team24_intra-TEM1_SEM2_E30005.wav,1,VCC2020_T24,
val,/lambda/nfs/algovirginia/workspace/DeepfakeDetectionRenewed/data/vcc2020/audio/T07/task1/team07_intra-TEF2_SEM2_E30004.wav,1,VCC2020_T07,
val,__hf__,0,librispeech,24520
val,__hf__,0,librispeech,10156
val,__hf__,0,librispeech,4783
val,__hf__,0,librispeech,14978
val,/lambda/nfs/algovirginia/workspace/DeepfakeDetectionRenewed/data/vcc2020/audio/T10/task1/team10_intra-TEM2_SEM2_E30005.wav,1,VCC2020_T10,
val,/lambda/nfs/algovirginia/workspace/DeepfakeDetectionRenewed/data/vcc2020/audio/T19/task1/team19_intra-TEF1_SEM2_E30001.wav,1,VCC2020_T19,
val,__hf__,0,librispeech,25066
val,__hf__,0,librispeech,4144
val,__hf__,0,librispeech,21736
val,/lambda/nfs/algovirginia/workspace/DeepfakeDetectionRenewed/data/wavefake/generated_audio/ljspeech_full_band_melgan/LJ022-0202_gen.wav,1,ljspeech_full_band_melgan,
val,__hf__,0,librispeech,22141
val,__hf__,0,librispeech,14603
val,/lambda/nfs/algovirginia/workspace/DeepfakeDetectionRenewed/data/vcc2020/audio/T22/task1/team22_intra-TEM1_SEM2_E30001.wav,1,VCC2020_T22,
val,/lambda/nfs/algovirginia/workspace/DeepfakeDetectionRenewed/data/vcc2020/audio/T07/task1/team07_intra-TEM2_SEM2_E30001.wav,1,VCC2020_T07,
val,__hf__,0,librispeech,15940
val,__hf__,0,librispeech,11832
val,/lambda/nfs/algovirginia/workspace/DeepfakeDetectionRenewed/data/vcc2020/audio/T24/task1/team24_intra-TEM2_SEM2_E30002.wav,1,VCC2020_T24,
val,__hf__,0,librispeech,11373
val,/lambda/nfs/algovirginia/workspace/DeepfakeDetectionRenewed/data/vcc2020/audio/T11/task1/team11_intra-TEF2_SEF2_E30003.wav,1,VCC2020_T11,
val,/lambda/nfs/algovirginia/workspace/DeepfakeDetectionRenewed/data/wavefake/generated_audio/ljspeech_hifiGAN/LJ028-0508_generated.wav,1,ljspeech_hifiGAN,
val,/lambda/nfs/algovirginia/workspace/DeepfakeDetectionRenewed/data/wavefake/generated_audio/ljspeech_full_band_melgan/LJ032-0178_gen.wav,1,ljspeech_full_band_melgan,
val,__hf__,0,librispeech,24200
val,__hf__,0,librispeech,8693
val,__hf__,0,librispeech,1773
val,/lambda/nfs/algovirginia/workspace/DeepfakeDetectionRenewed/data/wavefake/generated_audio/ljspeech_full_band_melgan/LJ041-0177_gen.wav,1,ljspeech_full_band_melgan,
val,/lambda/nfs/algovirginia/workspace/DeepfakeDetectionRenewed/data/wavefake/generated_audio/ljspeech_full_band_melgan/LJ030-0018_gen.wav,1,ljspeech_full_band_melgan,
val,/lambda/nfs/algovirginia/workspace/DeepfakeDetectionRenewed/data/vcc2020/audio/T17/task1/team17_intra-TEM2_SEF1_E30004.wav,1,VCC2020_T17,
val,/lambda/nfs/algovirginia/workspace/DeepfakeDetectionRenewed/data/vcc2020/audio/T08/task1/team08_intra-TEM1_SEM2_E30002.wav,1,VCC2020_T08,
val,__hf__,0,librispeech,24146
val,/lambda/nfs/algovirginia/workspace/DeepfakeDetectionRenewed/data/vcc2020/audio/T06/task1/team06_intra-TEF2_SEF1_E30003.wav,1,VCC2020_T06,
val,__hf__,0,librispeech,11048
val,/lambda/nfs/algovirginia/workspace/DeepfakeDetectionRenewed/data/vcc2020/audio/T03/task1/team03_intra-TEF1_SEM2_E30003.wav,1,VCC2020_T03,
val,__hf__,0,librispeech,2685
val,__hf__,0,librispeech,15039
val,__hf__,0,librispeech,16937
val,__hf__,0,librispeech,20376
val,__hf__,0,librispeech,2998
val,/lambda/nfs/algovirginia/workspace/DeepfakeDetectionRenewed/data/wavefake/generated_audio/common_voices_prompts_from_conformer_fastspeech2_pwg_ljspeech/gen_9130.wav,1,common_voices_prompts_from_conformer_fastspeech2_pwg_ljspeech,
val,/lambda/nfs/algovirginia/workspace/DeepfakeDetectionRenewed/data/vcc2020/audio/T26/task1/team26_intra-TEM1_SEF2_E30002.wav,1,VCC2020_T26,
val,__hf__,0,librispeech,27338
val,/lambda/nfs/algovirginia/workspace/DeepfakeDetectionRenewed/data/vcc2020/audio/T21/task1/team21_intra-TEF2_SEM1_E30002.wav,1,VCC2020_T21,
val,/lambda/nfs/algovirginia/workspace/DeepfakeDetectionRenewed/data/wavefake/generated_audio/ljspeech_multi_band_melgan/LJ046-0207_gen.wav,1,ljspeech_multi_band_melgan,
val,__hf__,0,librispeech,19435
val,/lambda/nfs/algovirginia/workspace/DeepfakeDetectionRenewed/data/wavefake/generated_audio/ljspeech_multi_band_melgan/LJ028-0374_gen.wav,1,ljspeech_multi_band_melgan,
val,/lambda/nfs/algovirginia/workspace/DeepfakeDetectionRenewed/data/vcc2020/audio/T27/task1/team27_intra-TEM2_SEM1_E30005.wav,1,VCC2020_T27,
val,__hf__,0,librispeech,12355
val,__hf__,0,librispeech,23581
val,/lambda/nfs/algovirginia/workspace/DeepfakeDetectionRenewed/data/vcc2020/audio/T07/task1/team07_intra-TEM1_SEM1_E30005.wav,1,VCC2020_T07,
val,/lambda/nfs/algovirginia/workspace/DeepfakeDetectionRenewed/data/wavefake/generated_audio/ljspeech_waveglow/LJ050-0042.wav,1,ljspeech_waveglow,
val,__hf__,0,librispeech,3562
val,/lambda/nfs/algovirginia/workspace/DeepfakeDetectionRenewed/data/wavefake/generated_audio/common_voices_prompts_from_conformer_fastspeech2_pwg_ljspeech/gen_3272.wav,1,common_voices_prompts_from_conformer_fastspeech2_pwg_ljspeech,
val,/lambda/nfs/algovirginia/workspace/DeepfakeDetectionRenewed/data/wavefake/generated_audio/ljspeech_melgan/LJ012-0261_gen.wav,1,ljspeech_melgan,
val,__hf__,0,librispeech,21742
val,__hf__,0,librispeech,142
val,/lambda/nfs/algovirginia/workspace/DeepfakeDetectionRenewed/data/vcc2020/audio/T07/task1/team07_intra-TEF2_SEF1_E30002.wav,1,VCC2020_T07,
val,/lambda/nfs/algovirginia/workspace/DeepfakeDetectionRenewed/data/vcc2020/audio/T19/task1/team19_intra-TEF1_SEF1_E30003.wav,1,VCC2020_T19,
val,__hf__,0,librispeech,18253
val,__hf__,0,librispeech,6214
val,__hf__,0,librispeech,20762
val,__hf__,0,librispeech,13128
val,/lambda/nfs/algovirginia/workspace/DeepfakeDetectionRenewed/data/wavefake/generated_audio/ljspeech_full_band_melgan/LJ029-0107_gen.wav,1,ljspeech_full_band_melgan,
val,__hf__,0,librispeech,1671
val,/lambda/nfs/algovirginia/workspace/DeepfakeDetectionRenewed/data/wavefake/generated_audio/ljspeech_hifiGAN/LJ039-0072_generated.wav,1,ljspeech_hifiGAN,
val,/lambda/nfs/algovirginia/workspace/DeepfakeDetectionRenewed/data/vcc2020/audio/T07/task1/team07_intra-TEM2_SEM2_E30002.wav,1,VCC2020_T07,
val,/lambda/nfs/algovirginia/workspace/DeepfakeDetectionRenewed/data/vcc2020/audio/T24/task1/team24_intra-TEF2_SEM1_E30002.wav,1,VCC2020_T24,
val,__hf__,0,librispeech,22288
val,/lambda/nfs/algovirginia/workspace/DeepfakeDetectionRenewed/data/wavefake/generated_audio/ljspeech_full_band_melgan/LJ006-0146_gen.wav,1,ljspeech_full_band_melgan,
val,__hf__,0,librispeech,5054
val,__hf__,0,librispeech,3211
val,/lambda/nfs/algovirginia/workspace/DeepfakeDetectionRenewed/data/wavefake/generated_audio/ljspeech_full_band_melgan/LJ028-0168_gen.wav,1,ljspeech_full_band_melgan,
val,__hf__,0,librispeech,15617
val,/lambda/nfs/algovirginia/workspace/DeepfakeDetectionRenewed/data/wavefake/generated_audio/ljspeech_parallel_wavegan/LJ035-0141_gen.wav,1,ljspeech_parallel_wavegan,
val,/lambda/nfs/algovirginia/workspace/DeepfakeDetectionRenewed/data/vcc2020/audio/T16/task1/team16_intra-TEF2_SEF2_E30004.wav,1,VCC2020_T16,
val,__hf__,0,librispeech,22064
val,__hf__,0,librispeech,9176
val,__hf__,0,librispeech,4550
val,__hf__,0,librispeech,23535
val,__hf__,0,librispeech,10039
val,__hf__,0,librispeech,7540
val,/lambda/nfs/algovirginia/workspace/DeepfakeDetectionRenewed/data/vcc2020/audio/T16/task1/team16_intra-TEF1_SEM2_E30004.wav,1,VCC2020_T16,
val,/lambda/nfs/algovirginia/workspace/DeepfakeDetectionRenewed/data/wavefake/generated_audio/common_voices_prompts_from_conformer_fastspeech2_pwg_ljspeech/gen_229.wav,1,common_voices_prompts_from_conformer_fastspeech2_pwg_ljspeech,
val,__hf__,0,librispeech,6224
val,/lambda/nfs/algovirginia/workspace/DeepfakeDetectionRenewed/data/vcc2020/audio/T13/task1/team13_intra-TEM1_SEM1_E30002.wav,1,VCC2020_T13,
val,/lambda/nfs/algovirginia/workspace/DeepfakeDetectionRenewed/data/vcc2020/audio/T01/task1/team01_intra-TEF1_SEM2_E30001.wav,1,VCC2020_T01,
val,/lambda/nfs/algovirginia/workspace/DeepfakeDetectionRenewed/data/vcc2020/audio/T04/task1/team04_intra-TEM2_SEM1_E30002.wav,1,VCC2020_T04,
val,__hf__,0,librispeech,19021
val,__hf__,0,librispeech,13804
val,/lambda/nfs/algovirginia/workspace/DeepfakeDetectionRenewed/data/vcc2020/audio/T22/task1/team22_intra-TEF1_SEF1_E30004.wav,1,VCC2020_T22,
val,__hf__,0,librispeech,2565
val,/lambda/nfs/algovirginia/workspace/DeepfakeDetectionRenewed/data/wavefake/generated_audio/ljspeech_hifiGAN/LJ049-0146_generated.wav,1,ljspeech_hifiGAN,
val,/lambda/nfs/algovirginia/workspace/DeepfakeDetectionRenewed/data/wavefake/generated_audio/ljspeech_hifiGAN/LJ031-0121_generated.wav,1,ljspeech_hifiGAN,
val,/lambda/nfs/algovirginia/workspace/DeepfakeDetectionRenewed/data/wavefake/generated_audio/ljspeech_hifiGAN/LJ046-0015_generated.wav,1,ljspeech_hifiGAN,
val,__hf__,0,librispeech,22684
val,__hf__,0,librispeech,9516
val,__hf__,0,librispeech,4837
val,/lambda/nfs/algovirginia/workspace/DeepfakeDetectionRenewed/data/vcc2020/audio/T14/task1/team14_intra-TEF2_SEM1_E30005.wav,1,VCC2020_T14,
val,__hf__,0,librispeech,10383
val,__hf__,0,librispeech,9342
val,__hf__,0,librispeech,4530
val,/lambda/nfs/algovirginia/workspace/DeepfakeDetectionRenewed/data/vcc2020/audio/T16/task1/team16_intra-TEF1_SEM1_E30001.wav,1,VCC2020_T16,
val,__hf__,0,librispeech,11765
val,/lambda/nfs/algovirginia/workspace/DeepfakeDetectionRenewed/data/wavefake/generated_audio/ljspeech_hifiGAN/LJ028-0047_generated.wav,1,ljspeech_hifiGAN,
val,/lambda/nfs/algovirginia/workspace/DeepfakeDetectionRenewed/data/wavefake/generated_audio/common_voices_prompts_from_conformer_fastspeech2_pwg_ljspeech/gen_8982.wav,1,common_voices_prompts_from_conformer_fastspeech2_pwg_ljspeech,
val,/lambda/nfs/algovirginia/workspace/DeepfakeDetectionRenewed/data/wavefake/generated_audio/ljspeech_melgan/LJ028-0468_gen.wav,1,ljspeech_melgan,
val,__hf__,0,librispeech,1817
val,__hf__,0,librispeech,8021
val,/lambda/nfs/algovirginia/workspace/DeepfakeDetectionRenewed/data/vcc2020/audio/T07/task1/team07_intra-TEM1_SEM2_E30005.wav,1,VCC2020_T07,
val,/lambda/nfs/algovirginia/workspace/DeepfakeDetectionRenewed/data/vcc2020/audio/T32/task1/team32_intra-TEF1_SEM1_E30002.wav,1,VCC2020_T32,
val,__hf__,0,librispeech,16057
val,/lambda/nfs/algovirginia/workspace/DeepfakeDetectionRenewed/data/vcc2020/audio/T19/task1/team19_intra-TEF2_SEM1_E30005.wav,1,VCC2020_T19,
val,/lambda/nfs/algovirginia/workspace/DeepfakeDetectionRenewed/data/vcc2020/audio/T08/task1/team08_intra-TEM2_SEF2_E30001.wav,1,VCC2020_T08,
val,__hf__,0,librispeech,20464
val,__hf__,0,librispeech,15998
val,/lambda/nfs/algovirginia/workspace/DeepfakeDetectionRenewed/data/vcc2020/audio/T17/task1/team17_intra-TEF1_SEF2_E30004.wav,1,VCC2020_T17,
val,/lambda/nfs/algovirginia/workspace/DeepfakeDetectionRenewed/data/vcc2020/audio/T13/task1/team13_intra-TEM2_SEF1_E30002.wav,1,VCC2020_T13,
val,/lambda/nfs/algovirginia/workspace/DeepfakeDetectionRenewed/data/vcc2020/audio/T31/task1/team31_intra-TEM2_SEF1_E30001.wav,1,VCC2020_T31,
val,/lambda/nfs/algovirginia/workspace/DeepfakeDetectionRenewed/data/vcc2020/audio/T19/task1/team19_intra-TEM1_SEM2_E30003.wav,1,VCC2020_T19,
val,/lambda/nfs/algovirginia/workspace/DeepfakeDetectionRenewed/data/vcc2020/audio/T29/task1/team29_intra-TEF2_SEF1_E30003.wav,1,VCC2020_T29,
val,/lambda/nfs/algovirginia/workspace/DeepfakeDetectionRenewed/data/wavefake/generated_audio/ljspeech_melgan/LJ005-0219_gen.wav,1,ljspeech_melgan,
val,/lambda/nfs/algovirginia/workspace/DeepfakeDetectionRenewed/data/wavefake/generated_audio/ljspeech_melgan/LJ011-0285_gen.wav,1,ljspeech_melgan,
val,__hf__,0,librispeech,5677
val,/lambda/nfs/algovirginia/workspace/DeepfakeDetectionRenewed/data/wavefake/generated_audio/ljspeech_parallel_wavegan/LJ018-0040_gen.wav,1,ljspeech_parallel_wavegan,
val,/lambda/nfs/algovirginia/workspace/DeepfakeDetectionRenewed/data/vcc2020/audio/T31/task1/team31_intra-TEM2_SEM2_E30003.wav,1,VCC2020_T31,
val,/lambda/nfs/algovirginia/workspace/DeepfakeDetectionRenewed/data/wavefake/generated_audio/common_voices_prompts_from_conformer_fastspeech2_pwg_ljspeech/gen_13909.wav,1,common_voices_prompts_from_conformer_fastspeech2_pwg_ljspeech,
val,__hf__,0,librispeech,5576
val,__hf__,0,librispeech,7919
val,/lambda/nfs/algovirginia/workspace/DeepfakeDetectionRenewed/data/wavefake/generated_audio/ljspeech_waveglow/LJ006-0065.wav,1,ljspeech_waveglow,
val,__hf__,0,librispeech,15262
val,/lambda/nfs/algovirginia/workspace/DeepfakeDetectionRenewed/data/wavefake/generated_audio/ljspeech_parallel_wavegan/LJ039-0225_gen.wav,1,ljspeech_parallel_wavegan,
val,__hf__,0,librispeech,16677
val,/lambda/nfs/algovirginia/workspace/DeepfakeDetectionRenewed/data/vcc2020/audio/T33/task1/team33_intra-TEF2_SEF2_E30002.wav,1,VCC2020_T33,
val,__hf__,0,librispeech,19804
val,__hf__,0,librispeech,3286
val,/lambda/nfs/algovirginia/workspace/DeepfakeDetectionRenewed/data/vcc2020/audio/T23/task1/team23_intra-TEM2_SEM1_E30005.wav,1,VCC2020_T23,
val,/lambda/nfs/algovirginia/workspace/DeepfakeDetectionRenewed/data/vcc2020/audio/T28/task1/team28_intra-TEF2_SEF2_E30001.wav,1,VCC2020_T28,
val,/lambda/nfs/algovirginia/workspace/DeepfakeDetectionRenewed/data/wavefake/generated_audio/ljspeech_multi_band_melgan/LJ033-0134_gen.wav,1,ljspeech_multi_band_melgan,
val,__hf__,0,librispeech,14316
val,__hf__,0,librispeech,9446
val,__hf__,0,librispeech,6854
val,/lambda/nfs/algovirginia/workspace/DeepfakeDetectionRenewed/data/wavefake/generated_audio/ljspeech_parallel_wavegan/LJ034-0056_gen.wav,1,ljspeech_parallel_wavegan,
val,/lambda/nfs/algovirginia/workspace/DeepfakeDetectionRenewed/data/wavefake/generated_audio/ljspeech_multi_band_melgan/LJ035-0171_gen.wav,1,ljspeech_multi_band_melgan,
val,__hf__,0,librispeech,22981
val,/lambda/nfs/algovirginia/workspace/DeepfakeDetectionRenewed/data/vcc2020/audio/T12/task1/team12_intra-TEM2_SEM1_E30001.wav,1,VCC2020_T12,
val,__hf__,0,librispeech,11154
val,__hf__,0,librispeech,24471
val,/lambda/nfs/algovirginia/workspace/DeepfakeDetectionRenewed/data/wavefake/generated_audio/ljspeech_melgan_large/LJ015-0094_gen.wav,1,ljspeech_melgan_large,
val,/lambda/nfs/algovirginia/workspace/DeepfakeDetectionRenewed/data/wavefake/generated_audio/ljspeech_melgan/LJ006-0099_gen.wav,1,ljspeech_melgan,
val,/lambda/nfs/algovirginia/workspace/DeepfakeDetectionRenewed/data/vcc2020/audio/T09/task1/team09_intra-TEM1_SEM1_E30002.wav,1,VCC2020_T09,
val,/lambda/nfs/algovirginia/workspace/DeepfakeDetectionRenewed/data/wavefake/generated_audio/ljspeech_hifiGAN/LJ044-0095_generated.wav,1,ljspeech_hifiGAN,
val,/lambda/nfs/algovirginia/workspace/DeepfakeDetectionRenewed/data/vcc2020/audio/T30/task1/team30_intra-TEF1_SEM1_E30001.wav,1,VCC2020_T30,
val,/lambda/nfs/algovirginia/workspace/DeepfakeDetectionRenewed/data/vcc2020/audio/T03/task1/team03_intra-TEF2_SEF2_E30002.wav,1,VCC2020_T03,
val,/lambda/nfs/algovirginia/workspace/DeepfakeDetectionRenewed/data/vcc2020/audio/T10/task1/team10_intra-TEF2_SEF2_E30004.wav,1,VCC2020_T10,
val,/lambda/nfs/algovirginia/workspace/DeepfakeDetectionRenewed/data/vcc2020/audio/T08/task1/team08_intra-TEM2_SEM1_E30002.wav,1,VCC2020_T08,
val,/lambda/nfs/algovirginia/workspace/DeepfakeDetectionRenewed/data/wavefake/generated_audio/ljspeech_multi_band_melgan/LJ029-0195_gen.wav,1,ljspeech_multi_band_melgan,
val,/lambda/nfs/algovirginia/workspace/DeepfakeDetectionRenewed/data/wavefake/generated_audio/ljspeech_melgan/LJ050-0054_gen.wav,1,ljspeech_melgan,
val,/lambda/nfs/algovirginia/workspace/DeepfakeDetectionRenewed/data/vcc2020/audio/T27/task1/team27_intra-TEM2_SEF2_E30005.wav,1,VCC2020_T27,
val,__hf__,0,librispeech,18459
val,__hf__,0,librispeech,10683
val,__hf__,0,librispeech,9157
val,__hf__,0,librispeech,27470
val,/lambda/nfs/algovirginia/workspace/DeepfakeDetectionRenewed/data/wavefake/generated_audio/common_voices_prompts_from_conformer_fastspeech2_pwg_ljspeech/gen_7298.wav,1,common_voices_prompts_from_conformer_fastspeech2_pwg_ljspeech,
val,/lambda/nfs/algovirginia/workspace/DeepfakeDetectionRenewed/data/vcc2020/audio/T31/task1/team31_intra-TEF1_SEF1_E30005.wav,1,VCC2020_T31,
val,__hf__,0,librispeech,3737
val,/lambda/nfs/algovirginia/workspace/DeepfakeDetectionRenewed/data/wavefake/generated_audio/common_voices_prompts_from_conformer_fastspeech2_pwg_ljspeech/gen_14537.wav,1,common_voices_prompts_from_conformer_fastspeech2_pwg_ljspeech,
val,/lambda/nfs/algovirginia/workspace/DeepfakeDetectionRenewed/data/vcc2020/audio/T26/task1/team26_intra-TEM2_SEF2_E30005.wav,1,VCC2020_T26,
val,/lambda/nfs/algovirginia/workspace/DeepfakeDetectionRenewed/data/vcc2020/audio/T13/task1/team13_intra-TEM2_SEF2_E30001.wav,1,VCC2020_T13,
val,/lambda/nfs/algovirginia/workspace/DeepfakeDetectionRenewed/data/vcc2020/audio/T12/task1/team12_intra-TEM1_SEF1_E30002.wav,1,VCC2020_T12,
val,__hf__,0,librispeech,20694
val,__hf__,0,librispeech,16548
val,__hf__,0,librispeech,6070
val,/lambda/nfs/algovirginia/workspace/DeepfakeDetectionRenewed/data/vcc2020/audio/T17/task1/team17_intra-TEF1_SEM2_E30002.wav,1,VCC2020_T17,
val,/lambda/nfs/algovirginia/workspace/DeepfakeDetectionRenewed/data/vcc2020/audio/T11/task1/team11_intra-TEM2_SEF1_E30001.wav,1,VCC2020_T11,
val,/lambda/nfs/algovirginia/workspace/DeepfakeDetectionRenewed/data/wavefake/generated_audio/ljspeech_hifiGAN/LJ040-0097_generated.wav,1,ljspeech_hifiGAN,
val,__hf__,0,librispeech,6424
val,__hf__,0,librispeech,1263
val,__hf__,0,librispeech,18609
val,/lambda/nfs/algovirginia/workspace/DeepfakeDetectionRenewed/data/vcc2020/audio/T08/task1/team08_intra-TEF1_SEF1_E30001.wav,1,VCC2020_T08,
val,/lambda/nfs/algovirginia/workspace/DeepfakeDetectionRenewed/data/vcc2020/audio/T16/task1/team16_intra-TEF2_SEF1_E30004.wav,1,VCC2020_T16,
val,/lambda/nfs/algovirginia/workspace/DeepfakeDetectionRenewed/data/vcc2020/audio/T09/task1/team09_intra-TEF1_SEF1_E30003.wav,1,VCC2020_T09,
val,/lambda/nfs/algovirginia/workspace/DeepfakeDetectionRenewed/data/vcc2020/audio/T25/task1/team25_intra-TEF2_SEM2_E30005.wav,1,VCC2020_T25,
val,__hf__,0,librispeech,4626
val,__hf__,0,librispeech,10182
val,/lambda/nfs/algovirginia/workspace/DeepfakeDetectionRenewed/data/vcc2020/audio/T03/task1/team03_intra-TEM1_SEF1_E30004.wav,1,VCC2020_T03,
val,__hf__,0,librispeech,21100
val,__hf__,0,librispeech,28200
val,/lambda/nfs/algovirginia/workspace/DeepfakeDetectionRenewed/data/vcc2020/audio/T18/task1/team18_intra-TEM1_SEM2_E30004.wav,1,VCC2020_T18,
val,/lambda/nfs/algovirginia/workspace/DeepfakeDetectionRenewed/data/vcc2020/audio/T31/task1/team31_intra-TEM2_SEF2_E30003.wav,1,VCC2020_T31,
val,/lambda/nfs/algovirginia/workspace/DeepfakeDetectionRenewed/data/wavefake/generated_audio/ljspeech_waveglow/LJ009-0063.wav,1,ljspeech_waveglow,
val,/lambda/nfs/algovirginia/workspace/DeepfakeDetectionRenewed/data/vcc2020/audio/T33/task1/team33_intra-TEF2_SEM2_E30002.wav,1,VCC2020_T33,
val,__hf__,0,librispeech,596
val,__hf__,0,librispeech,22248
val,__hf__,0,librispeech,3598
val,/lambda/nfs/algovirginia/workspace/DeepfakeDetectionRenewed/data/wavefake/generated_audio/ljspeech_hifiGAN/LJ044-0139_generated.wav,1,ljspeech_hifiGAN,
val,/lambda/nfs/algovirginia/workspace/DeepfakeDetectionRenewed/data/wavefake/generated_audio/ljspeech_melgan/LJ032-0064_gen.wav,1,ljspeech_melgan,
val,__hf__,0,librispeech,7777
val,__hf__,0,librispeech,7156
val,/lambda/nfs/algovirginia/workspace/DeepfakeDetectionRenewed/data/vcc2020/audio/T04/task1/team04_intra-TEF1_SEM1_E30005.wav,1,VCC2020_T04,
val,__hf__,0,librispeech,11631
val,/lambda/nfs/algovirginia/workspace/DeepfakeDetectionRenewed/data/vcc2020/audio/T24/task1/team24_intra-TEM2_SEF2_E30001.wav,1,VCC2020_T24,
val,/lambda/nfs/algovirginia/workspace/DeepfakeDetectionRenewed/data/vcc2020/audio/T21/task1/team21_intra-TEF1_SEM1_E30003.wav,1,VCC2020_T21,
val,__hf__,0,librispeech,24843
val,/lambda/nfs/algovirginia/workspace/DeepfakeDetectionRenewed/data/vcc2020/audio/T21/task1/team21_intra-TEF1_SEM2_E30001.wav,1,VCC2020_T21,
val,__hf__,0,librispeech,11871
val,__hf__,0,librispeech,2067
val,__hf__,0,librispeech,1469
val,__hf__,0,librispeech,12435
val,__hf__,0,librispeech,8008
val,__hf__,0,librispeech,5337
val,/lambda/nfs/algovirginia/workspace/DeepfakeDetectionRenewed/data/vcc2020/audio/T11/task1/team11_intra-TEM2_SEM2_E30003.wav,1,VCC2020_T11,
val,/lambda/nfs/algovirginia/workspace/DeepfakeDetectionRenewed/data/wavefake/generated_audio/ljspeech_full_band_melgan/LJ002-0338_gen.wav,1,ljspeech_full_band_melgan,
val,/lambda/nfs/algovirginia/workspace/DeepfakeDetectionRenewed/data/vcc2020/audio/T28/task1/team28_intra-TEF2_SEM2_E30001.wav,1,VCC2020_T28,
val,__hf__,0,librispeech,6311
val,/lambda/nfs/algovirginia/workspace/DeepfakeDetectionRenewed/data/wavefake/generated_audio/ljspeech_multi_band_melgan/LJ050-0081_gen.wav,1,ljspeech_multi_band_melgan,
val,__hf__,0,librispeech,15029
val,__hf__,0,librispeech,6279
val,__hf__,0,librispeech,11268
val,__hf__,0,librispeech,12450
val,/lambda/nfs/algovirginia/workspace/DeepfakeDetectionRenewed/data/vcc2020/audio/T17/task1/team17_intra-TEM1_SEM2_E30004.wav,1,VCC2020_T17,
val,__hf__,0,librispeech,966
val,/lambda/nfs/algovirginia/workspace/DeepfakeDetectionRenewed/data/vcc2020/audio/T31/task1/team31_intra-TEF1_SEM1_E30004.wav,1,VCC2020_T31,
val,__hf__,0,librispeech,25872
val,__hf__,0,librispeech,4634
val,__hf__,0,librispeech,15884
val,/lambda/nfs/algovirginia/workspace/DeepfakeDetectionRenewed/data/wavefake/generated_audio/ljspeech_hifiGAN/LJ046-0119_generated.wav,1,ljspeech_hifiGAN,
val,__hf__,0,librispeech,18977
val,/lambda/nfs/algovirginia/workspace/DeepfakeDetectionRenewed/data/vcc2020/audio/T28/task1/team28_intra-TEM2_SEF2_E30004.wav,1,VCC2020_T28,
val,/lambda/nfs/algovirginia/workspace/DeepfakeDetectionRenewed/data/vcc2020/audio/T27/task1/team27_intra-TEF2_SEF2_E30004.wav,1,VCC2020_T27,
val,/lambda/nfs/algovirginia/workspace/DeepfakeDetectionRenewed/data/vcc2020/audio/T13/task1/team13_intra-TEM1_SEM2_E30002.wav,1,VCC2020_T13,
val,/lambda/nfs/algovirginia/workspace/DeepfakeDetectionRenewed/data/vcc2020/audio/T23/task1/team23_intra-TEF1_SEF2_E30004.wav,1,VCC2020_T23,
val,/lambda/nfs/algovirginia/workspace/DeepfakeDetectionRenewed/data/wavefake/generated_audio/ljspeech_melgan/LJ033-0115_gen.wav,1,ljspeech_melgan,
val,__hf__,0,librispeech,17958
val,/lambda/nfs/algovirginia/workspace/DeepfakeDetectionRenewed/data/wavefake/generated_audio/ljspeech_multi_band_melgan/LJ046-0078_gen.wav,1,ljspeech_multi_band_melgan,
val,__hf__,0,librispeech,11168
val,__hf__,0,librispeech,16449
val,__hf__,0,librispeech,15816
val,/lambda/nfs/algovirginia/workspace/DeepfakeDetectionRenewed/data/vcc2020/audio/T19/task1/team19_intra-TEF2_SEM1_E30002.wav,1,VCC2020_T19,
val,/lambda/nfs/algovirginia/workspace/DeepfakeDetectionRenewed/data/wavefake/generated_audio/ljspeech_hifiGAN/LJ047-0162_generated.wav,1,ljspeech_hifiGAN,
val,__hf__,0,librispeech,14143
val,/lambda/nfs/algovirginia/workspace/DeepfakeDetectionRenewed/data/wavefake/generated_audio/common_voices_prompts_from_conformer_fastspeech2_pwg_ljspeech/gen_11467.wav,1,common_voices_prompts_from_conformer_fastspeech2_pwg_ljspeech,
val,/lambda/nfs/algovirginia/workspace/DeepfakeDetectionRenewed/data/vcc2020/audio/T12/task1/team12_intra-TEF2_SEM2_E30002.wav,1,VCC2020_T12,
val,__hf__,0,librispeech,25335
val,__hf__,0,librispeech,25794
val,__hf__,0,librispeech,21341
val,/lambda/nfs/algovirginia/workspace/DeepfakeDetectionRenewed/data/vcc2020/audio/T03/task1/team03_intra-TEF2_SEM2_E30003.wav,1,VCC2020_T03,
val,/lambda/nfs/algovirginia/workspace/DeepfakeDetectionRenewed/data/vcc2020/audio/T17/task1/team17_intra-TEM2_SEF1_E30003.wav,1,VCC2020_T17,
val,__hf__,0,librispeech,27657
val,__hf__,0,librispeech,24706
val,/lambda/nfs/algovirginia/workspace/DeepfakeDetectionRenewed/data/vcc2020/audio/T06/task1/team06_intra-TEF2_SEM1_E30003.wav,1,VCC2020_T06,
val,/lambda/nfs/algovirginia/workspace/DeepfakeDetectionRenewed/data/wavefake/generated_audio/ljspeech_multi_band_melgan/LJ044-0164_gen.wav,1,ljspeech_multi_band_melgan,
val,__hf__,0,librispeech,26026
val,/lambda/nfs/algovirginia/workspace/DeepfakeDetectionRenewed/data/vcc2020/audio/T12/task1/team12_intra-TEF1_SEF1_E30005.wav,1,VCC2020_T12,
val,/lambda/nfs/algovirginia/workspace/DeepfakeDetectionRenewed/data/wavefake/generated_audio/ljspeech_multi_band_melgan/LJ010-0233_gen.wav,1,ljspeech_multi_band_melgan,
val,/lambda/nfs/algovirginia/workspace/DeepfakeDetectionRenewed/data/vcc2020/audio/T04/task1/team04_intra-TEF1_SEF1_E30005.wav,1,VCC2020_T04,
val,__hf__,0,librispeech,25845
val,/lambda/nfs/algovirginia/workspace/DeepfakeDetectionRenewed/data/vcc2020/audio/T24/task1/team24_intra-TEF1_SEM1_E30004.wav,1,VCC2020_T24,
val,__hf__,0,librispeech,15113
val,/lambda/nfs/algovirginia/workspace/DeepfakeDetectionRenewed/data/vcc2020/audio/T08/task1/team08_intra-TEM1_SEF1_E30002.wav,1,VCC2020_T08,
val,__hf__,0,librispeech,27030
val,__hf__,0,librispeech,13877
val,__hf__,0,librispeech,6267
val,/lambda/nfs/algovirginia/workspace/DeepfakeDetectionRenewed/data/wavefake/generated_audio/common_voices_prompts_from_conformer_fastspeech2_pwg_ljspeech/gen_12800.wav,1,common_voices_prompts_from_conformer_fastspeech2_pwg_ljspeech,
val,__hf__,0,librispeech,15772
val,/lambda/nfs/algovirginia/workspace/DeepfakeDetectionRenewed/data/wavefake/generated_audio/ljspeech_waveglow/LJ001-0028.wav,1,ljspeech_waveglow,
val,/lambda/nfs/algovirginia/workspace/DeepfakeDetectionRenewed/data/vcc2020/audio/T21/task1/team21_intra-TEF1_SEF2_E30003.wav,1,VCC2020_T21,
val,__hf__,0,librispeech,20302
val,__hf__,0,librispeech,24517
val,__hf__,0,librispeech,26407
val,__hf__,0,librispeech,14557
val,/lambda/nfs/algovirginia/workspace/DeepfakeDetectionRenewed/data/wavefake/generated_audio/ljspeech_melgan_large/LJ028-0299_gen.wav,1,ljspeech_melgan_large,
val,/lambda/nfs/algovirginia/workspace/DeepfakeDetectionRenewed/data/wavefake/generated_audio/ljspeech_multi_band_melgan/LJ012-0106_gen.wav,1,ljspeech_multi_band_melgan,
val,/lambda/nfs/algovirginia/workspace/DeepfakeDetectionRenewed/data/wavefake/generated_audio/ljspeech_melgan_large/LJ029-0027_gen.wav,1,ljspeech_melgan_large,
val,/lambda/nfs/algovirginia/workspace/DeepfakeDetectionRenewed/data/vcc2020/audio/T32/task1/team32_intra-TEF1_SEF2_E30004.wav,1,VCC2020_T32,
val,__hf__,0,librispeech,24645
val,__hf__,0,librispeech,27260
val,/lambda/nfs/algovirginia/workspace/DeepfakeDetectionRenewed/data/vcc2020/audio/T28/task1/team28_intra-TEF1_SEF1_E30002.wav,1,VCC2020_T28,
val,/lambda/nfs/algovirginia/workspace/DeepfakeDetectionRenewed/data/wavefake/generated_audio/ljspeech_multi_band_melgan/LJ010-0041_gen.wav,1,ljspeech_multi_band_melgan,
val,__hf__,0,librispeech,22607
val,/lambda/nfs/algovirginia/workspace/DeepfakeDetectionRenewed/data/vcc2020/audio/T12/task1/team12_intra-TEM2_SEM1_E30005.wav,1,VCC2020_T12,
val,__hf__,0,librispeech,13564
val,/lambda/nfs/algovirginia/workspace/DeepfakeDetectionRenewed/data/vcc2020/audio/T24/task1/team24_intra-TEF1_SEM1_E30002.wav,1,VCC2020_T24,
val,/lambda/nfs/algovirginia/workspace/DeepfakeDetectionRenewed/data/vcc2020/audio/T10/task1/team10_intra-TEF1_SEM1_E30003.wav,1,VCC2020_T10,
val,/lambda/nfs/algovirginia/workspace/DeepfakeDetectionRenewed/data/wavefake/generated_audio/ljspeech_hifiGAN/LJ002-0205_generated.wav,1,ljspeech_hifiGAN,
val,__hf__,0,librispeech,27220
val,__hf__,0,librispeech,12073
val,/lambda/nfs/algovirginia/workspace/DeepfakeDetectionRenewed/data/vcc2020/audio/T29/task1/team29_intra-TEM2_SEM1_E30002.wav,1,VCC2020_T29,
val,__hf__,0,librispeech,4190
val,/lambda/nfs/algovirginia/workspace/DeepfakeDetectionRenewed/data/wavefake/generated_audio/ljspeech_full_band_melgan/LJ047-0007_gen.wav,1,ljspeech_full_band_melgan,
val,/lambda/nfs/algovirginia/workspace/DeepfakeDetectionRenewed/data/wavefake/generated_audio/ljspeech_waveglow/LJ045-0102.wav,1,ljspeech_waveglow,
val,__hf__,0,librispeech,22600
val,/lambda/nfs/algovirginia/workspace/DeepfakeDetectionRenewed/data/vcc2020/audio/T24/task1/team24_intra-TEM1_SEM1_E30002.wav,1,VCC2020_T24,
val,__hf__,0,librispeech,24398
val,__hf__,0,librispeech,25540
val,__hf__,0,librispeech,2994
val,__hf__,0,librispeech,18703
val,/lambda/nfs/algovirginia/workspace/DeepfakeDetectionRenewed/data/vcc2020/audio/T16/task1/team16_intra-TEM2_SEF2_E30003.wav,1,VCC2020_T16,
val,__hf__,0,librispeech,18948
val,/lambda/nfs/algovirginia/workspace/DeepfakeDetectionRenewed/data/vcc2020/audio/T19/task1/team19_intra-TEF1_SEF2_E30005.wav,1,VCC2020_T19,
val,/lambda/nfs/algovirginia/workspace/DeepfakeDetectionRenewed/data/wavefake/generated_audio/common_voices_prompts_from_conformer_fastspeech2_pwg_ljspeech/gen_7474.wav,1,common_voices_prompts_from_conformer_fastspeech2_pwg_ljspeech,
val,/lambda/nfs/algovirginia/workspace/DeepfakeDetectionRenewed/data/vcc2020/audio/T21/task1/team21_intra-TEF1_SEM2_E30002.wav,1,VCC2020_T21,
val,/lambda/nfs/algovirginia/workspace/DeepfakeDetectionRenewed/data/wavefake/generated_audio/ljspeech_hifiGAN/LJ042-0151_generated.wav,1,ljspeech_hifiGAN,
val,/lambda/nfs/algovirginia/workspace/DeepfakeDetectionRenewed/data/vcc2020/audio/T09/task1/team09_intra-TEF1_SEF2_E30002.wav,1,VCC2020_T09,
val,__hf__,0,librispeech,21184
val,__hf__,0,librispeech,23640
val,/lambda/nfs/algovirginia/workspace/DeepfakeDetectionRenewed/data/vcc2020/audio/T32/task1/team32_intra-TEF1_SEF2_E30003.wav,1,VCC2020_T32,
val,/lambda/nfs/algovirginia/workspace/DeepfakeDetectionRenewed/data/wavefake/generated_audio/ljspeech_melgan/LJ030-0031_gen.wav,1,ljspeech_melgan,
val,__hf__,0,librispeech,11148
val,/lambda/nfs/algovirginia/workspace/DeepfakeDetectionRenewed/data/vcc2020/audio/T22/task1/team22_intra-TEF2_SEM2_E30004.wav,1,VCC2020_T22,
val,__hf__,0,librispeech,6625
val,/lambda/nfs/algovirginia/workspace/DeepfakeDetectionRenewed/data/wavefake/generated_audio/ljspeech_parallel_wavegan/LJ016-0199_gen.wav,1,ljspeech_parallel_wavegan,
val,/lambda/nfs/algovirginia/workspace/DeepfakeDetectionRenewed/data/wavefake/generated_audio/ljspeech_waveglow/LJ028-0222.wav,1,ljspeech_waveglow,
val,__hf__,0,librispeech,11009
val,__hf__,0,librispeech,1158
val,__hf__,0,librispeech,4619
val,__hf__,0,librispeech,9338
val,/lambda/nfs/algovirginia/workspace/DeepfakeDetectionRenewed/data/wavefake/generated_audio/ljspeech_multi_band_melgan/LJ023-0104_gen.wav,1,ljspeech_multi_band_melgan,
val,/lambda/nfs/algovirginia/workspace/DeepfakeDetectionRenewed/data/vcc2020/audio/T12/task1/team12_intra-TEM2_SEM2_E30003.wav,1,VCC2020_T12,
val,__hf__,0,librispeech,25891
val,__hf__,0,librispeech,7511
val,/lambda/nfs/algovirginia/workspace/DeepfakeDetectionRenewed/data/wavefake/generated_audio/ljspeech_hifiGAN/LJ033-0117_generated.wav,1,ljspeech_hifiGAN,
val,/lambda/nfs/algovirginia/workspace/DeepfakeDetectionRenewed/data/wavefake/generated_audio/ljspeech_parallel_wavegan/LJ015-0049_gen.wav,1,ljspeech_parallel_wavegan,
val,__hf__,0,librispeech,1372
val,/lambda/nfs/algovirginia/workspace/DeepfakeDetectionRenewed/data/wavefake/generated_audio/ljspeech_parallel_wavegan/LJ038-0257_gen.wav,1,ljspeech_parallel_wavegan,
val,/lambda/nfs/algovirginia/workspace/DeepfakeDetectionRenewed/data/wavefake/generated_audio/ljspeech_multi_band_melgan/LJ004-0050_gen.wav,1,ljspeech_multi_band_melgan,
val,/lambda/nfs/algovirginia/workspace/DeepfakeDetectionRenewed/data/wavefake/generated_audio/ljspeech_multi_band_melgan/LJ029-0027_gen.wav,1,ljspeech_multi_band_melgan,
val,__hf__,0,librispeech,5166
val,/lambda/nfs/algovirginia/workspace/DeepfakeDetectionRenewed/data/vcc2020/audio/T23/task1/team23_intra-TEF1_SEM2_E30002.wav,1,VCC2020_T23,
val,__hf__,0,librispeech,3931
val,__hf__,0,librispeech,319
val,__hf__,0,librispeech,18505
val,__hf__,0,librispeech,26468
val,/lambda/nfs/algovirginia/workspace/DeepfakeDetectionRenewed/data/wavefake/generated_audio/ljspeech_parallel_wavegan/LJ024-0088_gen.wav,1,ljspeech_parallel_wavegan,
val,/lambda/nfs/algovirginia/workspace/DeepfakeDetectionRenewed/data/vcc2020/audio/T31/task1/team31_intra-TEM1_SEF2_E30005.wav,1,VCC2020_T31,
val,__hf__,0,librispeech,18205
val,/lambda/nfs/algovirginia/workspace/DeepfakeDetectionRenewed/data/vcc2020/audio/T10/task1/team10_intra-TEM2_SEF1_E30002.wav,1,VCC2020_T10,
val,__hf__,0,librispeech,21731
val,/lambda/nfs/algovirginia/workspace/DeepfakeDetectionRenewed/data/wavefake/generated_audio/ljspeech_parallel_wavegan/LJ028-0082_gen.wav,1,ljspeech_parallel_wavegan,
val,__hf__,0,librispeech,4567
val,/lambda/nfs/algovirginia/workspace/DeepfakeDetectionRenewed/data/vcc2020/audio/T31/task1/team31_intra-TEF1_SEM1_E30002.wav,1,VCC2020_T31,
val,/lambda/nfs/algovirginia/workspace/DeepfakeDetectionRenewed/data/vcc2020/audio/T07/task1/team07_intra-TEF1_SEM1_E30003.wav,1,VCC2020_T07,
val,__hf__,0,librispeech,10474
val,__hf__,0,librispeech,21068
val,__hf__,0,librispeech,18959
val,/lambda/nfs/algovirginia/workspace/DeepfakeDetectionRenewed/data/vcc2020/audio/T03/task1/team03_intra-TEM2_SEF2_E30001.wav,1,VCC2020_T03,
val,/lambda/nfs/algovirginia/workspace/DeepfakeDetectionRenewed/data/vcc2020/audio/T13/task1/team13_intra-TEF2_SEF1_E30002.wav,1,VCC2020_T13,
val,__hf__,0,librispeech,24465
val,__hf__,0,librispeech,10217
val,__hf__,0,librispeech,21943
val,/lambda/nfs/algovirginia/workspace/DeepfakeDetectionRenewed/data/vcc2020/audio/T26/task1/team26_intra-TEF1_SEF2_E30002.wav,1,VCC2020_T26,
val,__hf__,0,librispeech,28486
val,__hf__,0,librispeech,1164
val,/lambda/nfs/algovirginia/workspace/DeepfakeDetectionRenewed/data/vcc2020/audio/T02/task1/team02_intra-TEM1_SEM2_E30001.wav,1,VCC2020_T02,
val,__hf__,0,librispeech,26254
val,/lambda/nfs/algovirginia/workspace/DeepfakeDetectionRenewed/data/vcc2020/audio/T06/task1/team06_intra-TEF2_SEF2_E30003.wav,1,VCC2020_T06,
val,/lambda/nfs/algovirginia/workspace/DeepfakeDetectionRenewed/data/wavefake/generated_audio/ljspeech_full_band_melgan/LJ038-0028_gen.wav,1,ljspeech_full_band_melgan,
val,/lambda/nfs/algovirginia/workspace/DeepfakeDetectionRenewed/data/wavefake/generated_audio/ljspeech_hifiGAN/LJ008-0009_generated.wav,1,ljspeech_hifiGAN,
val,__hf__,0,librispeech,28027
val,/lambda/nfs/algovirginia/workspace/DeepfakeDetectionRenewed/data/wavefake/generated_audio/ljspeech_multi_band_melgan/LJ015-0144_gen.wav,1,ljspeech_multi_band_melgan,
val,__hf__,0,librispeech,24559
val,/lambda/nfs/algovirginia/workspace/DeepfakeDetectionRenewed/data/vcc2020/audio/T20/task1/team20_intra-TEF2_SEM1_E30001.wav,1,VCC2020_T20,
val,__hf__,0,librispeech,28129
val,__hf__,0,librispeech,18411
val,__hf__,0,librispeech,19207
val,/lambda/nfs/algovirginia/workspace/DeepfakeDetectionRenewed/data/wavefake/generated_audio/ljspeech_waveglow/LJ016-0105.wav,1,ljspeech_waveglow,
val,/lambda/nfs/algovirginia/workspace/DeepfakeDetectionRenewed/data/wavefake/generated_audio/common_voices_prompts_from_conformer_fastspeech2_pwg_ljspeech/gen_770.wav,1,common_voices_prompts_from_conformer_fastspeech2_pwg_ljspeech,
val,__hf__,0,librispeech,1400
val,/lambda/nfs/algovirginia/workspace/DeepfakeDetectionRenewed/data/vcc2020/audio/T22/task1/team22_intra-TEF2_SEM1_E30004.wav,1,VCC2020_T22,
val,/lambda/nfs/algovirginia/workspace/DeepfakeDetectionRenewed/data/vcc2020/audio/T11/task1/team11_intra-TEF2_SEF1_E30002.wav,1,VCC2020_T11,
val,__hf__,0,librispeech,27013
val,__hf__,0,librispeech,19930
val,__hf__,0,librispeech,15759
val,/lambda/nfs/algovirginia/workspace/DeepfakeDetectionRenewed/data/wavefake/generated_audio/ljspeech_full_band_melgan/LJ034-0018_gen.wav,1,ljspeech_full_band_melgan,
val,/lambda/nfs/algovirginia/workspace/DeepfakeDetectionRenewed/data/wavefake/generated_audio/ljspeech_parallel_wavegan/LJ050-0063_gen.wav,1,ljspeech_parallel_wavegan,
val,/lambda/nfs/algovirginia/workspace/DeepfakeDetectionRenewed/data/wavefake/generated_audio/common_voices_prompts_from_conformer_fastspeech2_pwg_ljspeech/gen_11583.wav,1,common_voices_prompts_from_conformer_fastspeech2_pwg_ljspeech,
val,__hf__,0,librispeech,7017
val,/lambda/nfs/algovirginia/workspace/DeepfakeDetectionRenewed/data/vcc2020/audio/T04/task1/team04_intra-TEF2_SEM2_E30003.wav,1,VCC2020_T04,
val,__hf__,0,librispeech,25168
val,/lambda/nfs/algovirginia/workspace/DeepfakeDetectionRenewed/data/wavefake/generated_audio/ljspeech_multi_band_melgan/LJ011-0127_gen.wav,1,ljspeech_multi_band_melgan,
val,/lambda/nfs/algovirginia/workspace/DeepfakeDetectionRenewed/data/wavefake/generated_audio/ljspeech_melgan/LJ009-0053_gen.wav,1,ljspeech_melgan,
val,__hf__,0,librispeech,314
val,__hf__,0,librispeech,12260
val,/lambda/nfs/algovirginia/workspace/DeepfakeDetectionRenewed/data/wavefake/generated_audio/ljspeech_full_band_melgan/LJ012-0269_gen.wav,1,ljspeech_full_band_melgan,
val,__hf__,0,librispeech,24295
val,/lambda/nfs/algovirginia/workspace/DeepfakeDetectionRenewed/data/vcc2020/audio/T12/task1/team12_intra-TEM2_SEF1_E30003.wav,1,VCC2020_T12,
val,__hf__,0,librispeech,4437
val,/lambda/nfs/algovirginia/workspace/DeepfakeDetectionRenewed/data/vcc2020/audio/T24/task1/team24_intra-TEM2_SEF1_E30001.wav,1,VCC2020_T24,
val,/lambda/nfs/algovirginia/workspace/DeepfakeDetectionRenewed/data/vcc2020/audio/T25/task1/team25_intra-TEF1_SEM1_E30001.wav,1,VCC2020_T25,
val,__hf__,0,librispeech,19817
val,__hf__,0,librispeech,19611
val,__hf__,0,librispeech,25413
val,/lambda/nfs/algovirginia/workspace/DeepfakeDetectionRenewed/data/vcc2020/audio/T23/task1/team23_intra-TEM1_SEF1_E30001.wav,1,VCC2020_T23,
val,__hf__,0,librispeech,14605
val,/lambda/nfs/algovirginia/workspace/DeepfakeDetectionRenewed/data/vcc2020/audio/T29/task1/team29_intra-TEM1_SEM2_E30003.wav,1,VCC2020_T29,
val,/lambda/nfs/algovirginia/workspace/DeepfakeDetectionRenewed/data/vcc2020/audio/T03/task1/team03_intra-TEM1_SEF1_E30001.wav,1,VCC2020_T03,
val,__hf__,0,librispeech,22734
val,__hf__,0,librispeech,13900
val,/lambda/nfs/algovirginia/workspace/DeepfakeDetectionRenewed/data/vcc2020/audio/T01/task1/team01_intra-TEM1_SEF1_E30004.wav,1,VCC2020_T01,
val,/lambda/nfs/algovirginia/workspace/DeepfakeDetectionRenewed/data/vcc2020/audio/T20/task1/team20_intra-TEM1_SEF1_E30004.wav,1,VCC2020_T20,
val,__hf__,0,librispeech,10371
val,__hf__,0,librispeech,17746
val,/lambda/nfs/algovirginia/workspace/DeepfakeDetectionRenewed/data/wavefake/generated_audio/ljspeech_waveglow/LJ042-0184.wav,1,ljspeech_waveglow,
val,__hf__,0,librispeech,3928
val,__hf__,0,librispeech,3732
val,__hf__,0,librispeech,11150
val,__hf__,0,librispeech,12976
val,__hf__,0,librispeech,8261
val,/lambda/nfs/algovirginia/workspace/DeepfakeDetectionRenewed/data/wavefake/generated_audio/ljspeech_melgan_large/LJ003-0014_gen.wav,1,ljspeech_melgan_large,
val,/lambda/nfs/algovirginia/workspace/DeepfakeDetectionRenewed/data/wavefake/generated_audio/ljspeech_melgan_large/LJ002-0273_gen.wav,1,ljspeech_melgan_large,
val,__hf__,0,librispeech,13079
val,/lambda/nfs/algovirginia/workspace/DeepfakeDetectionRenewed/data/wavefake/generated_audio/ljspeech_hifiGAN/LJ002-0052_generated.wav,1,ljspeech_hifiGAN,
val,__hf__,0,librispeech,4452
val,/lambda/nfs/algovirginia/workspace/DeepfakeDetectionRenewed/data/vcc2020/audio/T24/task1/team24_intra-TEM1_SEF1_E30004.wav,1,VCC2020_T24,
val,/lambda/nfs/algovirginia/workspace/DeepfakeDetectionRenewed/data/wavefake/generated_audio/ljspeech_waveglow/LJ005-0184.wav,1,ljspeech_waveglow,
val,/lambda/nfs/algovirginia/workspace/DeepfakeDetectionRenewed/data/vcc2020/audio/T16/task1/team16_intra-TEF1_SEF2_E30001.wav,1,VCC2020_T16,
val,/lambda/nfs/algovirginia/workspace/DeepfakeDetectionRenewed/data/vcc2020/audio/T20/task1/team20_intra-TEM2_SEM1_E30005.wav,1,VCC2020_T20,
val,/lambda/nfs/algovirginia/workspace/DeepfakeDetectionRenewed/data/vcc2020/audio/T09/task1/team09_intra-TEM1_SEF1_E30004.wav,1,VCC2020_T09,
val,/lambda/nfs/algovirginia/workspace/DeepfakeDetectionRenewed/data/vcc2020/audio/T14/task1/team14_intra-TEF1_SEM2_E30001.wav,1,VCC2020_T14,
val,/lambda/nfs/algovirginia/workspace/DeepfakeDetectionRenewed/data/wavefake/generated_audio/common_voices_prompts_from_conformer_fastspeech2_pwg_ljspeech/gen_11951.wav,1,common_voices_prompts_from_conformer_fastspeech2_pwg_ljspeech,
val,/lambda/nfs/algovirginia/workspace/DeepfakeDetectionRenewed/data/wavefake/generated_audio/common_voices_prompts_from_conformer_fastspeech2_pwg_ljspeech/gen_15869.wav,1,common_voices_prompts_from_conformer_fastspeech2_pwg_ljspeech,
val,/lambda/nfs/algovirginia/workspace/DeepfakeDetectionRenewed/data/vcc2020/audio/T03/task1/team03_intra-TEM1_SEM2_E30001.wav,1,VCC2020_T03,
val,__hf__,0,librispeech,18093
val,/lambda/nfs/algovirginia/workspace/DeepfakeDetectionRenewed/data/wavefake/generated_audio/ljspeech_melgan_large/LJ009-0273_gen.wav,1,ljspeech_melgan_large,
val,/lambda/nfs/algovirginia/workspace/DeepfakeDetectionRenewed/data/wavefake/generated_audio/ljspeech_full_band_melgan/LJ044-0198_gen.wav,1,ljspeech_full_band_melgan,
val,/lambda/nfs/algovirginia/workspace/DeepfakeDetectionRenewed/data/wavefake/generated_audio/ljspeech_melgan/LJ005-0229_gen.wav,1,ljspeech_melgan,
val,__hf__,0,librispeech,9948
val,/lambda/nfs/algovirginia/workspace/DeepfakeDetectionRenewed/data/vcc2020/audio/T02/task1/team02_intra-TEF2_SEM2_E30005.wav,1,VCC2020_T02,
val,__hf__,0,librispeech,28105
val,/lambda/nfs/algovirginia/workspace/DeepfakeDetectionRenewed/data/vcc2020/audio/T09/task1/team09_intra-TEM2_SEM1_E30003.wav,1,VCC2020_T09,
val,__hf__,0,librispeech,15523
val,__hf__,0,librispeech,5224
val,__hf__,0,librispeech,3639
val,__hf__,0,librispeech,11817
val,/lambda/nfs/algovirginia/workspace/DeepfakeDetectionRenewed/data/wavefake/generated_audio/ljspeech_hifiGAN/LJ024-0028_generated.wav,1,ljspeech_hifiGAN,
val,/lambda/nfs/algovirginia/workspace/DeepfakeDetectionRenewed/data/vcc2020/audio/T01/task1/team01_intra-TEF2_SEF1_E30001.wav,1,VCC2020_T01,
val,__hf__,0,librispeech,2841
val,/lambda/nfs/algovirginia/workspace/DeepfakeDetectionRenewed/data/vcc2020/audio/T10/task1/team10_intra-TEF2_SEM1_E30003.wav,1,VCC2020_T10,
val,/lambda/nfs/algovirginia/workspace/DeepfakeDetectionRenewed/data/wavefake/generated_audio/ljspeech_multi_band_melgan/LJ005-0167_gen.wav,1,ljspeech_multi_band_melgan,
val,/lambda/nfs/algovirginia/workspace/DeepfakeDetectionRenewed/data/wavefake/generated_audio/ljspeech_full_band_melgan/LJ006-0197_gen.wav,1,ljspeech_full_band_melgan,
val,__hf__,0,librispeech,12729
val,__hf__,0,librispeech,13465
val,__hf__,0,librispeech,4893
val,/lambda/nfs/algovirginia/workspace/DeepfakeDetectionRenewed/data/wavefake/generated_audio/ljspeech_multi_band_melgan/LJ011-0271_gen.wav,1,ljspeech_multi_band_melgan,
val,/lambda/nfs/algovirginia/workspace/DeepfakeDetectionRenewed/data/wavefake/generated_audio/ljspeech_parallel_wavegan/LJ022-0188_gen.wav,1,ljspeech_parallel_wavegan,
val,__hf__,0,librispeech,17115
val,__hf__,0,librispeech,1609
val,__hf__,0,librispeech,3563
val,/lambda/nfs/algovirginia/workspace/DeepfakeDetectionRenewed/data/wavefake/generated_audio/common_voices_prompts_from_conformer_fastspeech2_pwg_ljspeech/gen_12088.wav,1,common_voices_prompts_from_conformer_fastspeech2_pwg_ljspeech,
val,__hf__,0,librispeech,19087
val,__hf__,0,librispeech,17230
val,/lambda/nfs/algovirginia/workspace/DeepfakeDetectionRenewed/data/wavefake/generated_audio/common_voices_prompts_from_conformer_fastspeech2_pwg_ljspeech/gen_4404.wav,1,common_voices_prompts_from_conformer_fastspeech2_pwg_ljspeech,
val,__hf__,0,librispeech,21678
val,/lambda/nfs/algovirginia/workspace/DeepfakeDetectionRenewed/data/vcc2020/audio/T03/task1/team03_intra-TEM1_SEF1_E30005.wav,1,VCC2020_T03,
val,__hf__,0,librispeech,18122
val,__hf__,0,librispeech,26710
val,/lambda/nfs/algovirginia/workspace/DeepfakeDetectionRenewed/data/wavefake/generated_audio/ljspeech_hifiGAN/LJ036-0116_generated.wav,1,ljspeech_hifiGAN,
val,/lambda/nfs/algovirginia/workspace/DeepfakeDetectionRenewed/data/wavefake/generated_audio/ljspeech_waveglow/LJ021-0003.wav,1,ljspeech_waveglow,
val,/lambda/nfs/algovirginia/workspace/DeepfakeDetectionRenewed/data/vcc2020/audio/T20/task1/team20_intra-TEM2_SEM2_E30001.wav,1,VCC2020_T20,
val,__hf__,0,librispeech,3338
val,__hf__,0,librispeech,15836
val,__hf__,0,librispeech,22786
val,/lambda/nfs/algovirginia/workspace/DeepfakeDetectionRenewed/data/vcc2020/audio/T13/task1/team13_intra-TEF1_SEM2_E30004.wav,1,VCC2020_T13,
val,__hf__,0,librispeech,10843
val,__hf__,0,librispeech,9233
val,__hf__,0,librispeech,7724
val,__hf__,0,librispeech,26565
val,__hf__,0,librispeech,6629
val,__hf__,0,librispeech,551
val,/lambda/nfs/algovirginia/workspace/DeepfakeDetectionRenewed/data/vcc2020/audio/T25/task1/team25_intra-TEM1_SEF1_E30005.wav,1,VCC2020_T25,
val,__hf__,0,librispeech,18823
val,__hf__,0,librispeech,17029
val,__hf__,0,librispeech,23679
val,/lambda/nfs/algovirginia/workspace/DeepfakeDetectionRenewed/data/vcc2020/audio/T18/task1/team18_intra-TEM2_SEF2_E30002.wav,1,VCC2020_T18,
val,__hf__,0,librispeech,490
val,__hf__,0,librispeech,2292
val,__hf__,0,librispeech,13558
val,/lambda/nfs/algovirginia/workspace/DeepfakeDetectionRenewed/data/wavefake/generated_audio/ljspeech_full_band_melgan/LJ041-0173_gen.wav,1,ljspeech_full_band_melgan,
val,/lambda/nfs/algovirginia/workspace/DeepfakeDetectionRenewed/data/vcc2020/audio/T07/task1/team07_intra-TEF2_SEM1_E30002.wav,1,VCC2020_T07,
val,__hf__,0,librispeech,11430
val,__hf__,0,librispeech,26939
val,/lambda/nfs/algovirginia/workspace/DeepfakeDetectionRenewed/data/wavefake/generated_audio/ljspeech_hifiGAN/LJ018-0205_generated.wav,1,ljspeech_hifiGAN,
val,/lambda/nfs/algovirginia/workspace/DeepfakeDetectionRenewed/data/wavefake/generated_audio/ljspeech_full_band_melgan/LJ006-0156_gen.wav,1,ljspeech_full_band_melgan,
val,/lambda/nfs/algovirginia/workspace/DeepfakeDetectionRenewed/data/vcc2020/audio/T28/task1/team28_intra-TEM1_SEM1_E30003.wav,1,VCC2020_T28,
val,__hf__,0,librispeech,25222
val,/lambda/nfs/algovirginia/workspace/DeepfakeDetectionRenewed/data/wavefake/generated_audio/ljspeech_full_band_melgan/LJ001-0004_gen.wav,1,ljspeech_full_band_melgan,
val,__hf__,0,librispeech,22358
val,__hf__,0,librispeech,1021
val,__hf__,0,librispeech,1891
val,__hf__,0,librispeech,21484
val,/lambda/nfs/algovirginia/workspace/DeepfakeDetectionRenewed/data/vcc2020/audio/T16/task1/team16_intra-TEF1_SEF1_E30005.wav,1,VCC2020_T16,
val,__hf__,0,librispeech,4925
val,__hf__,0,librispeech,2923
val,__hf__,0,librispeech,11190
val,/lambda/nfs/algovirginia/workspace/DeepfakeDetectionRenewed/data/wavefake/generated_audio/ljspeech_full_band_melgan/LJ027-0168_gen.wav,1,ljspeech_full_band_melgan,
val,__hf__,0,librispeech,19778
val,__hf__,0,librispeech,7782
val,__hf__,0,librispeech,25933
val,__hf__,0,librispeech,25362
val,__hf__,0,librispeech,26089
val,__hf__,0,librispeech,4126
val,__hf__,0,librispeech,20025
val,__hf__,0,librispeech,3414
val,__hf__,0,librispeech,580
val,__hf__,0,librispeech,16440
val,/lambda/nfs/algovirginia/workspace/DeepfakeDetectionRenewed/data/vcc2020/audio/T26/task1/team26_intra-TEF1_SEM2_E30001.wav,1,VCC2020_T26,
val,/lambda/nfs/algovirginia/workspace/DeepfakeDetectionRenewed/data/wavefake/generated_audio/ljspeech_waveglow/LJ012-0150.wav,1,ljspeech_waveglow,
val,__hf__,0,librispeech,8466
val,__hf__,0,librispeech,8884
val,__hf__,0,librispeech,15806
val,/lambda/nfs/algovirginia/workspace/DeepfakeDetectionRenewed/data/wavefake/generated_audio/common_voices_prompts_from_conformer_fastspeech2_pwg_ljspeech/gen_9975.wav,1,common_voices_prompts_from_conformer_fastspeech2_pwg_ljspeech,
val,/lambda/nfs/algovirginia/workspace/DeepfakeDetectionRenewed/data/vcc2020/audio/T04/task1/team04_intra-TEM2_SEF2_E30002.wav,1,VCC2020_T04,
val,/lambda/nfs/algovirginia/workspace/DeepfakeDetectionRenewed/data/wavefake/generated_audio/ljspeech_multi_band_melgan/LJ037-0141_gen.wav,1,ljspeech_multi_band_melgan,
val,__hf__,0,librispeech,11021
val,__hf__,0,librispeech,6514
val,__hf__,0,librispeech,26872
val,/lambda/nfs/algovirginia/workspace/DeepfakeDetectionRenewed/data/wavefake/generated_audio/ljspeech_full_band_melgan/LJ030-0229_gen.wav,1,ljspeech_full_band_melgan,
val,__hf__,0,librispeech,3237
val,/lambda/nfs/algovirginia/workspace/DeepfakeDetectionRenewed/data/vcc2020/audio/T17/task1/team17_intra-TEF1_SEF2_E30005.wav,1,VCC2020_T17,
val,__hf__,0,librispeech,17777
val,__hf__,0,librispeech,11113
val,__hf__,0,librispeech,18398
val,/lambda/nfs/algovirginia/workspace/DeepfakeDetectionRenewed/data/vcc2020/audio/T06/task1/team06_intra-TEM1_SEM1_E30005.wav,1,VCC2020_T06,
val,/lambda/nfs/algovirginia/workspace/DeepfakeDetectionRenewed/data/wavefake/generated_audio/common_voices_prompts_from_conformer_fastspeech2_pwg_ljspeech/gen_6225.wav,1,common_voices_prompts_from_conformer_fastspeech2_pwg_ljspeech,
val,__hf__,0,librispeech,12301
val,/lambda/nfs/algovirginia/workspace/DeepfakeDetectionRenewed/data/wavefake/generated_audio/common_voices_prompts_from_conformer_fastspeech2_pwg_ljspeech/gen_10283.wav,1,common_voices_prompts_from_conformer_fastspeech2_pwg_ljspeech,
val,/lambda/nfs/algovirginia/workspace/DeepfakeDetectionRenewed/data/wavefake/generated_audio/ljspeech_parallel_wavegan/LJ008-0054_gen.wav,1,ljspeech_parallel_wavegan,
val,__hf__,0,librispeech,3740
val,__hf__,0,librispeech,12392
val,/lambda/nfs/algovirginia/workspace/DeepfakeDetectionRenewed/data/vcc2020/audio/T07/task1/team07_intra-TEF1_SEM2_E30003.wav,1,VCC2020_T07,
val,__hf__,0,librispeech,11070
val,/lambda/nfs/algovirginia/workspace/DeepfakeDetectionRenewed/data/wavefake/generated_audio/ljspeech_waveglow/LJ040-0188.wav,1,ljspeech_waveglow,
val,__hf__,0,librispeech,22862
val,/lambda/nfs/algovirginia/workspace/DeepfakeDetectionRenewed/data/vcc2020/audio/T21/task1/team21_intra-TEM2_SEM1_E30003.wav,1,VCC2020_T21,
val,/lambda/nfs/algovirginia/workspace/DeepfakeDetectionRenewed/data/wavefake/generated_audio/common_voices_prompts_from_conformer_fastspeech2_pwg_ljspeech/gen_6952.wav,1,common_voices_prompts_from_conformer_fastspeech2_pwg_ljspeech,
val,/lambda/nfs/algovirginia/workspace/DeepfakeDetectionRenewed/data/wavefake/generated_audio/ljspeech_melgan_large/LJ003-0049_gen.wav,1,ljspeech_melgan_large,
val,__hf__,0,librispeech,18761
val,/lambda/nfs/algovirginia/workspace/DeepfakeDetectionRenewed/data/wavefake/generated_audio/common_voices_prompts_from_conformer_fastspeech2_pwg_ljspeech/gen_10681.wav,1,common_voices_prompts_from_conformer_fastspeech2_pwg_ljspeech,
val,__hf__,0,librispeech,8530
val,__hf__,0,librispeech,3101
val,__hf__,0,librispeech,143
val,__hf__,0,librispeech,20743
val,__hf__,0,librispeech,13559
val,__hf__,0,librispeech,14688
val,/lambda/nfs/algovirginia/workspace/DeepfakeDetectionRenewed/data/wavefake/generated_audio/ljspeech_parallel_wavegan/LJ031-0124_gen.wav,1,ljspeech_parallel_wavegan,
val,/lambda/nfs/algovirginia/workspace/DeepfakeDetectionRenewed/data/wavefake/generated_audio/ljspeech_melgan/LJ004-0151_gen.wav,1,ljspeech_melgan,
val,/lambda/nfs/algovirginia/workspace/DeepfakeDetectionRenewed/data/vcc2020/audio/T27/task1/team27_intra-TEF2_SEF1_E30005.wav,1,VCC2020_T27,
val,/lambda/nfs/algovirginia/workspace/DeepfakeDetectionRenewed/data/vcc2020/audio/T13/task1/team13_intra-TEF1_SEF2_E30005.wav,1,VCC2020_T13,
val,/lambda/nfs/algovirginia/workspace/DeepfakeDetectionRenewed/data/vcc2020/audio/T23/task1/team23_intra-TEF2_SEF1_E30001.wav,1,VCC2020_T23,
val,__hf__,0,librispeech,16071
val,/lambda/nfs/algovirginia/workspace/DeepfakeDetectionRenewed/data/wavefake/generated_audio/ljspeech_parallel_wavegan/LJ008-0284_gen.wav,1,ljspeech_parallel_wavegan,
val,__hf__,0,librispeech,19693
val,__hf__,0,librispeech,8166
val,__hf__,0,librispeech,10765
val,/lambda/nfs/algovirginia/workspace/DeepfakeDetectionRenewed/data/vcc2020/audio/T24/task1/team24_intra-TEM2_SEM2_E30004.wav,1,VCC2020_T24,
val,__hf__,0,librispeech,27124
val,/lambda/nfs/algovirginia/workspace/DeepfakeDetectionRenewed/data/wavefake/generated_audio/ljspeech_hifiGAN/LJ028-0323_generated.wav,1,ljspeech_hifiGAN,
val,__hf__,0,librispeech,5037
val,__hf__,0,librispeech,1506
val,/lambda/nfs/algovirginia/workspace/DeepfakeDetectionRenewed/data/vcc2020/audio/T06/task1/team06_intra-TEF2_SEM1_E30001.wav,1,VCC2020_T06,
val,/lambda/nfs/algovirginia/workspace/DeepfakeDetectionRenewed/data/vcc2020/audio/T14/task1/team14_intra-TEF2_SEF2_E30001.wav,1,VCC2020_T14,
val,__hf__,0,librispeech,26409
val,__hf__,0,librispeech,12959
val,/lambda/nfs/algovirginia/workspace/DeepfakeDetectionRenewed/data/vcc2020/audio/T31/task1/team31_intra-TEF1_SEF1_E30003.wav,1,VCC2020_T31,
val,/lambda/nfs/algovirginia/workspace/DeepfakeDetectionRenewed/data/wavefake/generated_audio/ljspeech_full_band_melgan/LJ035-0111_gen.wav,1,ljspeech_full_band_melgan,
val,/lambda/nfs/algovirginia/workspace/DeepfakeDetectionRenewed/data/vcc2020/audio/T31/task1/team31_intra-TEM2_SEM2_E30004.wav,1,VCC2020_T31,
val,__hf__,0,librispeech,5923
val,__hf__,0,librispeech,24304
val,/lambda/nfs/algovirginia/workspace/DeepfakeDetectionRenewed/data/wavefake/generated_audio/ljspeech_melgan/LJ030-0038_gen.wav,1,ljspeech_melgan,
val,/lambda/nfs/algovirginia/workspace/DeepfakeDetectionRenewed/data/vcc2020/audio/T16/task1/team16_intra-TEM2_SEF2_E30004.wav,1,VCC2020_T16,
val,__hf__,0,librispeech,12842
val,__hf__,0,librispeech,18904
val,/lambda/nfs/algovirginia/workspace/DeepfakeDetectionRenewed/data/wavefake/generated_audio/ljspeech_waveglow/LJ014-0309.wav,1,ljspeech_waveglow,
val,/lambda/nfs/algovirginia/workspace/DeepfakeDetectionRenewed/data/vcc2020/audio/T33/task1/team33_intra-TEM1_SEM1_E30003.wav,1,VCC2020_T33,
val,__hf__,0,librispeech,18714
val,/lambda/nfs/algovirginia/workspace/DeepfakeDetectionRenewed/data/vcc2020/audio/T14/task1/team14_intra-TEF1_SEM2_E30004.wav,1,VCC2020_T14,
val,/lambda/nfs/algovirginia/workspace/DeepfakeDetectionRenewed/data/wavefake/generated_audio/ljspeech_melgan_large/LJ040-0095_gen.wav,1,ljspeech_melgan_large,
val,__hf__,0,librispeech,826
val,/lambda/nfs/algovirginia/workspace/DeepfakeDetectionRenewed/data/wavefake/generated_audio/ljspeech_multi_band_melgan/LJ019-0067_gen.wav,1,ljspeech_multi_band_melgan,
val,__hf__,0,librispeech,18115
val,__hf__,0,librispeech,5363
val,__hf__,0,librispeech,22461
val,__hf__,0,librispeech,6674
val,/lambda/nfs/algovirginia/workspace/DeepfakeDetectionRenewed/data/vcc2020/audio/T07/task1/team07_intra-TEM2_SEM2_E30003.wav,1,VCC2020_T07,
val,/lambda/nfs/algovirginia/workspace/DeepfakeDetectionRenewed/data/vcc2020/audio/T13/task1/team13_intra-TEF1_SEM1_E30004.wav,1,VCC2020_T13,
val,/lambda/nfs/algovirginia/workspace/DeepfakeDetectionRenewed/data/vcc2020/audio/T07/task1/team07_intra-TEF2_SEM2_E30003.wav,1,VCC2020_T07,
val,__hf__,0,librispeech,19752
val,/lambda/nfs/algovirginia/workspace/DeepfakeDetectionRenewed/data/vcc2020/audio/T27/task1/team27_intra-TEF1_SEF2_E30004.wav,1,VCC2020_T27,
val,__hf__,0,librispeech,21051
val,__hf__,0,librispeech,17641
val,/lambda/nfs/algovirginia/workspace/DeepfakeDetectionRenewed/data/vcc2020/audio/T32/task1/team32_intra-TEM1_SEF2_E30005.wav,1,VCC2020_T32,
val,/lambda/nfs/algovirginia/workspace/DeepfakeDetectionRenewed/data/vcc2020/audio/T03/task1/team03_intra-TEM2_SEM1_E30004.wav,1,VCC2020_T03,
val,/lambda/nfs/algovirginia/workspace/DeepfakeDetectionRenewed/data/vcc2020/audio/T29/task1/team29_intra-TEM1_SEF1_E30005.wav,1,VCC2020_T29,
val,/lambda/nfs/algovirginia/workspace/DeepfakeDetectionRenewed/data/vcc2020/audio/T22/task1/team22_intra-TEM2_SEF2_E30003.wav,1,VCC2020_T22,
val,/lambda/nfs/algovirginia/workspace/DeepfakeDetectionRenewed/data/wavefake/generated_audio/common_voices_prompts_from_conformer_fastspeech2_pwg_ljspeech/gen_12118.wav,1,common_voices_prompts_from_conformer_fastspeech2_pwg_ljspeech,
val,__hf__,0,librispeech,22980
val,__hf__,0,librispeech,26488
val,__hf__,0,librispeech,11360
val,__hf__,0,librispeech,1017
val,__hf__,0,librispeech,12241
val,/lambda/nfs/algovirginia/workspace/DeepfakeDetectionRenewed/data/vcc2020/audio/T28/task1/team28_intra-TEF2_SEF1_E30005.wav,1,VCC2020_T28,
val,/lambda/nfs/algovirginia/workspace/DeepfakeDetectionRenewed/data/vcc2020/audio/T22/task1/team22_intra-TEM2_SEM1_E30003.wav,1,VCC2020_T22,
val,__hf__,0,librispeech,17668
val,/lambda/nfs/algovirginia/workspace/DeepfakeDetectionRenewed/data/wavefake/generated_audio/ljspeech_parallel_wavegan/LJ017-0026_gen.wav,1,ljspeech_parallel_wavegan,
val,/lambda/nfs/algovirginia/workspace/DeepfakeDetectionRenewed/data/vcc2020/audio/T33/task1/team33_intra-TEF2_SEF1_E30005.wav,1,VCC2020_T33,
val,__hf__,0,librispeech,5824
val,__hf__,0,librispeech,7742
val,/lambda/nfs/algovirginia/workspace/DeepfakeDetectionRenewed/data/vcc2020/audio/T33/task1/team33_intra-TEM1_SEM1_E30004.wav,1,VCC2020_T33,
val,__hf__,0,librispeech,3978
val,/lambda/nfs/algovirginia/workspace/DeepfakeDetectionRenewed/data/vcc2020/audio/T18/task1/team18_intra-TEF1_SEM1_E30005.wav,1,VCC2020_T18,
val,/lambda/nfs/algovirginia/workspace/DeepfakeDetectionRenewed/data/vcc2020/audio/T12/task1/team12_intra-TEF1_SEM2_E30005.wav,1,VCC2020_T12,
val,/lambda/nfs/algovirginia/workspace/DeepfakeDetectionRenewed/data/wavefake/generated_audio/ljspeech_full_band_melgan/LJ003-0280_gen.wav,1,ljspeech_full_band_melgan,
val,/lambda/nfs/algovirginia/workspace/DeepfakeDetectionRenewed/data/wavefake/generated_audio/ljspeech_full_band_melgan/LJ017-0130_gen.wav,1,ljspeech_full_band_melgan,
val,__hf__,0,librispeech,25744
val,/lambda/nfs/algovirginia/workspace/DeepfakeDetectionRenewed/data/vcc2020/audio/T01/task1/team01_intra-TEM2_SEF2_E30005.wav,1,VCC2020_T01,
val,/lambda/nfs/algovirginia/workspace/DeepfakeDetectionRenewed/data/wavefake/generated_audio/ljspeech_hifiGAN/LJ041-0037_generated.wav,1,ljspeech_hifiGAN,
val,/lambda/nfs/algovirginia/workspace/DeepfakeDetectionRenewed/data/vcc2020/audio/T17/task1/team17_intra-TEM2_SEF2_E30003.wav,1,VCC2020_T17,
val,/lambda/nfs/algovirginia/workspace/DeepfakeDetectionRenewed/data/vcc2020/audio/T18/task1/team18_intra-TEF1_SEM2_E30004.wav,1,VCC2020_T18,
val,__hf__,0,librispeech,7375
val,/lambda/nfs/algovirginia/workspace/DeepfakeDetectionRenewed/data/wavefake/generated_audio/common_voices_prompts_from_conformer_fastspeech2_pwg_ljspeech/gen_10804.wav,1,common_voices_prompts_from_conformer_fastspeech2_pwg_ljspeech,
val,/lambda/nfs/algovirginia/workspace/DeepfakeDetectionRenewed/data/wavefake/generated_audio/ljspeech_parallel_wavegan/LJ031-0102_gen.wav,1,ljspeech_parallel_wavegan,
val,__hf__,0,librispeech,24230
val,__hf__,0,librispeech,18833
val,/lambda/nfs/algovirginia/workspace/DeepfakeDetectionRenewed/data/wavefake/generated_audio/ljspeech_hifiGAN/LJ018-0300_generated.wav,1,ljspeech_hifiGAN,
val,/lambda/nfs/algovirginia/workspace/DeepfakeDetectionRenewed/data/wavefake/generated_audio/ljspeech_parallel_wavegan/LJ015-0006_gen.wav,1,ljspeech_parallel_wavegan,
val,/lambda/nfs/algovirginia/workspace/DeepfakeDetectionRenewed/data/wavefake/generated_audio/ljspeech_parallel_wavegan/LJ006-0045_gen.wav,1,ljspeech_parallel_wavegan,
val,__hf__,0,librispeech,1097
val,__hf__,0,librispeech,14475
val,/lambda/nfs/algovirginia/workspace/DeepfakeDetectionRenewed/data/wavefake/generated_audio/ljspeech_multi_band_melgan/LJ016-0239_gen.wav,1,ljspeech_multi_band_melgan,
val,__hf__,0,librispeech,22893
val,/lambda/nfs/algovirginia/workspace/DeepfakeDetectionRenewed/data/vcc2020/audio/T07/task1/team07_intra-TEM2_SEF1_E30004.wav,1,VCC2020_T07,
val,__hf__,0,librispeech,6860
val,__hf__,0,librispeech,18683
val,/lambda/nfs/algovirginia/workspace/DeepfakeDetectionRenewed/data/vcc2020/audio/T14/task1/team14_intra-TEM1_SEF1_E30005.wav,1,VCC2020_T14,
val,/lambda/nfs/algovirginia/workspace/DeepfakeDetectionRenewed/data/vcc2020/audio/T29/task1/team29_intra-TEM2_SEF2_E30003.wav,1,VCC2020_T29,
val,/lambda/nfs/algovirginia/workspace/DeepfakeDetectionRenewed/data/vcc2020/audio/T12/task1/team12_intra-TEF1_SEM1_E30005.wav,1,VCC2020_T12,
val,/lambda/nfs/algovirginia/workspace/DeepfakeDetectionRenewed/data/vcc2020/audio/T13/task1/team13_intra-TEF2_SEF1_E30003.wav,1,VCC2020_T13,
val,/lambda/nfs/algovirginia/workspace/DeepfakeDetectionRenewed/data/wavefake/generated_audio/ljspeech_multi_band_melgan/LJ008-0245_gen.wav,1,ljspeech_multi_band_melgan,
val,__hf__,0,librispeech,18876
val,__hf__,0,librispeech,2509
val,__hf__,0,librispeech,25452
val,/lambda/nfs/algovirginia/workspace/DeepfakeDetectionRenewed/data/wavefake/generated_audio/common_voices_prompts_from_conformer_fastspeech2_pwg_ljspeech/gen_9045.wav,1,common_voices_prompts_from_conformer_fastspeech2_pwg_ljspeech,
val,/lambda/nfs/algovirginia/workspace/DeepfakeDetectionRenewed/data/wavefake/generated_audio/ljspeech_multi_band_melgan/LJ011-0250_gen.wav,1,ljspeech_multi_band_melgan,
val,/lambda/nfs/algovirginia/workspace/DeepfakeDetectionRenewed/data/vcc2020/audio/T12/task1/team12_intra-TEM1_SEF1_E30004.wav,1,VCC2020_T12,
val,__hf__,0,librispeech,176
val,/lambda/nfs/algovirginia/workspace/DeepfakeDetectionRenewed/data/wavefake/generated_audio/common_voices_prompts_from_conformer_fastspeech2_pwg_ljspeech/gen_1529.wav,1,common_voices_prompts_from_conformer_fastspeech2_pwg_ljspeech,
val,/lambda/nfs/algovirginia/workspace/DeepfakeDetectionRenewed/data/wavefake/generated_audio/common_voices_prompts_from_conformer_fastspeech2_pwg_ljspeech/gen_11489.wav,1,common_voices_prompts_from_conformer_fastspeech2_pwg_ljspeech,
val,__hf__,0,librispeech,26898
val,/lambda/nfs/algovirginia/workspace/DeepfakeDetectionRenewed/data/wavefake/generated_audio/ljspeech_hifiGAN/LJ028-0380_generated.wav,1,ljspeech_hifiGAN,
val,/lambda/nfs/algovirginia/workspace/DeepfakeDetectionRenewed/data/wavefake/generated_audio/ljspeech_full_band_melgan/LJ021-0164_gen.wav,1,ljspeech_full_band_melgan,
val,__hf__,0,librispeech,9405
val,/lambda/nfs/algovirginia/workspace/DeepfakeDetectionRenewed/data/vcc2020/audio/T33/task1/team33_intra-TEF1_SEF1_E30003.wav,1,VCC2020_T33,
val,__hf__,0,librispeech,11933
val,__hf__,0,librispeech,13326
val,__hf__,0,librispeech,5042
val,__hf__,0,librispeech,21518
val,__hf__,0,librispeech,5416
val,__hf__,0,librispeech,19488
val,/lambda/nfs/algovirginia/workspace/DeepfakeDetectionRenewed/data/vcc2020/audio/T21/task1/team21_intra-TEF1_SEM1_E30002.wav,1,VCC2020_T21,
val,/lambda/nfs/algovirginia/workspace/DeepfakeDetectionRenewed/data/vcc2020/audio/T29/task1/team29_intra-TEM2_SEF2_E30002.wav,1,VCC2020_T29,
val,/lambda/nfs/algovirginia/workspace/DeepfakeDetectionRenewed/data/wavefake/generated_audio/common_voices_prompts_from_conformer_fastspeech2_pwg_ljspeech/gen_11085.wav,1,common_voices_prompts_from_conformer_fastspeech2_pwg_ljspeech,
val,__hf__,0,librispeech,23452
val,__hf__,0,librispeech,25458
val,/lambda/nfs/algovirginia/workspace/DeepfakeDetectionRenewed/data/wavefake/generated_audio/ljspeech_full_band_melgan/LJ049-0143_gen.wav,1,ljspeech_full_band_melgan,
val,/lambda/nfs/algovirginia/workspace/DeepfakeDetectionRenewed/data/vcc2020/audio/T17/task1/team17_intra-TEF2_SEF1_E30001.wav,1,VCC2020_T17,
val,/lambda/nfs/algovirginia/workspace/DeepfakeDetectionRenewed/data/wavefake/generated_audio/ljspeech_waveglow/LJ040-0153.wav,1,ljspeech_waveglow,
val,/lambda/nfs/algovirginia/workspace/DeepfakeDetectionRenewed/data/wavefake/generated_audio/ljspeech_parallel_wavegan/LJ010-0031_gen.wav,1,ljspeech_parallel_wavegan,
val,__hf__,0,librispeech,18597
val,/lambda/nfs/algovirginia/workspace/DeepfakeDetectionRenewed/data/vcc2020/audio/T24/task1/team24_intra-TEF2_SEF2_E30005.wav,1,VCC2020_T24,
val,__hf__,0,librispeech,2511
val,__hf__,0,librispeech,14875
val,/lambda/nfs/algovirginia/workspace/DeepfakeDetectionRenewed/data/vcc2020/audio/T17/task1/team17_intra-TEF2_SEM2_E30001.wav,1,VCC2020_T17,
val,/lambda/nfs/algovirginia/workspace/DeepfakeDetectionRenewed/data/wavefake/generated_audio/ljspeech_full_band_melgan/LJ037-0150_gen.wav,1,ljspeech_full_band_melgan,
val,__hf__,0,librispeech,4562
val,__hf__,0,librispeech,26871
val,/lambda/nfs/algovirginia/workspace/DeepfakeDetectionRenewed/data/vcc2020/audio/T24/task1/team24_intra-TEM2_SEM1_E30001.wav,1,VCC2020_T24,
val,/lambda/nfs/algovirginia/workspace/DeepfakeDetectionRenewed/data/wavefake/generated_audio/ljspeech_melgan/LJ022-0011_gen.wav,1,ljspeech_melgan,
val,__hf__,0,librispeech,7486
val,__hf__,0,librispeech,16488
val,__hf__,0,librispeech,22071
val,/lambda/nfs/algovirginia/workspace/DeepfakeDetectionRenewed/data/wavefake/generated_audio/ljspeech_parallel_wavegan/LJ042-0167_gen.wav,1,ljspeech_parallel_wavegan,
val,/lambda/nfs/algovirginia/workspace/DeepfakeDetectionRenewed/data/wavefake/generated_audio/ljspeech_waveglow/LJ004-0136.wav,1,ljspeech_waveglow,
val,__hf__,0,librispeech,26556
val,__hf__,0,librispeech,3515
val,/lambda/nfs/algovirginia/workspace/DeepfakeDetectionRenewed/data/wavefake/generated_audio/ljspeech_full_band_melgan/LJ050-0138_gen.wav,1,ljspeech_full_band_melgan,
val,/lambda/nfs/algovirginia/workspace/DeepfakeDetectionRenewed/data/vcc2020/audio/T29/task1/team29_intra-TEF1_SEF2_E30003.wav,1,VCC2020_T29,
val,/lambda/nfs/algovirginia/workspace/DeepfakeDetectionRenewed/data/wavefake/generated_audio/common_voices_prompts_from_conformer_fastspeech2_pwg_ljspeech/gen_2992.wav,1,common_voices_prompts_from_conformer_fastspeech2_pwg_ljspeech,
val,/lambda/nfs/algovirginia/workspace/DeepfakeDetectionRenewed/data/vcc2020/audio/T11/task1/team11_intra-TEF1_SEM2_E30003.wav,1,VCC2020_T11,
val,/lambda/nfs/algovirginia/workspace/DeepfakeDetectionRenewed/data/vcc2020/audio/T20/task1/team20_intra-TEM1_SEF1_E30001.wav,1,VCC2020_T20,
val,__hf__,0,librispeech,4618
val,__hf__,0,librispeech,3134
val,/lambda/nfs/algovirginia/workspace/DeepfakeDetectionRenewed/data/vcc2020/audio/T27/task1/team27_intra-TEM2_SEF1_E30003.wav,1,VCC2020_T27,
val,__hf__,0,librispeech,12984
val,__hf__,0,librispeech,9909
val,/lambda/nfs/algovirginia/workspace/DeepfakeDetectionRenewed/data/wavefake/generated_audio/ljspeech_full_band_melgan/LJ008-0122_gen.wav,1,ljspeech_full_band_melgan,
val,__hf__,0,librispeech,5855
val,__hf__,0,librispeech,3016
val,/lambda/nfs/algovirginia/workspace/DeepfakeDetectionRenewed/data/vcc2020/audio/T04/task1/team04_intra-TEF1_SEF2_E30002.wav,1,VCC2020_T04,
val,__hf__,0,librispeech,4597
val,__hf__,0,librispeech,22068
val,__hf__,0,librispeech,22604
val,__hf__,0,librispeech,8090
val,__hf__,0,librispeech,2387
val,__hf__,0,librispeech,9196
val,/lambda/nfs/algovirginia/workspace/DeepfakeDetectionRenewed/data/wavefake/generated_audio/common_voices_prompts_from_conformer_fastspeech2_pwg_ljspeech/gen_12448.wav,1,common_voices_prompts_from_conformer_fastspeech2_pwg_ljspeech,
val,__hf__,0,librispeech,16699
val,/lambda/nfs/algovirginia/workspace/DeepfakeDetectionRenewed/data/wavefake/generated_audio/ljspeech_waveglow/LJ029-0116.wav,1,ljspeech_waveglow,
val,/lambda/nfs/algovirginia/workspace/DeepfakeDetectionRenewed/data/wavefake/generated_audio/ljspeech_multi_band_melgan/LJ029-0174_gen.wav,1,ljspeech_multi_band_melgan,
val,__hf__,0,librispeech,7924
val,__hf__,0,librispeech,16882
val,/lambda/nfs/algovirginia/workspace/DeepfakeDetectionRenewed/data/wavefake/generated_audio/ljspeech_waveglow/LJ011-0170.wav,1,ljspeech_waveglow,
val,/lambda/nfs/algovirginia/workspace/DeepfakeDetectionRenewed/data/vcc2020/audio/T27/task1/team27_intra-TEM2_SEM1_E30002.wav,1,VCC2020_T27,
val,/lambda/nfs/algovirginia/workspace/DeepfakeDetectionRenewed/data/wavefake/generated_audio/ljspeech_parallel_wavegan/LJ019-0110_gen.wav,1,ljspeech_parallel_wavegan,
val,__hf__,0,librispeech,7807
val,__hf__,0,librispeech,28323
val,/lambda/nfs/algovirginia/workspace/DeepfakeDetectionRenewed/data/vcc2020/audio/T24/task1/team24_intra-TEM2_SEF1_E30004.wav,1,VCC2020_T24,
val,__hf__,0,librispeech,21073
val,__hf__,0,librispeech,25367
val,__hf__,0,librispeech,7798
val,__hf__,0,librispeech,16675
val,__hf__,0,librispeech,20244
val,__hf__,0,librispeech,8020
val,__hf__,0,librispeech,20844
val,__hf__,0,librispeech,1304
val,__hf__,0,librispeech,13365
val,__hf__,0,librispeech,14501
val,__hf__,0,librispeech,4749
val,/lambda/nfs/algovirginia/workspace/DeepfakeDetectionRenewed/data/vcc2020/audio/T08/task1/team08_intra-TEM2_SEM2_E30001.wav,1,VCC2020_T08,
val,__hf__,0,librispeech,17536
val,__hf__,0,librispeech,2768
val,/lambda/nfs/algovirginia/workspace/DeepfakeDetectionRenewed/data/wavefake/generated_audio/ljspeech_melgan/LJ044-0225_gen.wav,1,ljspeech_melgan,
val,__hf__,0,librispeech,16115
val,/lambda/nfs/algovirginia/workspace/DeepfakeDetectionRenewed/data/vcc2020/audio/T09/task1/team09_intra-TEM1_SEF1_E30003.wav,1,VCC2020_T09,
val,/lambda/nfs/algovirginia/workspace/DeepfakeDetectionRenewed/data/wavefake/generated_audio/ljspeech_full_band_melgan/LJ008-0097_gen.wav,1,ljspeech_full_band_melgan,
val,/lambda/nfs/algovirginia/workspace/DeepfakeDetectionRenewed/data/wavefake/generated_audio/ljspeech_melgan/LJ010-0136_gen.wav,1,ljspeech_melgan,
val,__hf__,0,librispeech,8584
val,/lambda/nfs/algovirginia/workspace/DeepfakeDetectionRenewed/data/wavefake/generated_audio/ljspeech_full_band_melgan/LJ010-0115_gen.wav,1,ljspeech_full_band_melgan,
val,__hf__,0,librispeech,25657
val,__hf__,0,librispeech,12674
val,__hf__,0,librispeech,15192
val,/lambda/nfs/algovirginia/workspace/DeepfakeDetectionRenewed/data/wavefake/generated_audio/common_voices_prompts_from_conformer_fastspeech2_pwg_ljspeech/gen_6049.wav,1,common_voices_prompts_from_conformer_fastspeech2_pwg_ljspeech,
val,/lambda/nfs/algovirginia/workspace/DeepfakeDetectionRenewed/data/wavefake/generated_audio/ljspeech_full_band_melgan/LJ010-0126_gen.wav,1,ljspeech_full_band_melgan,
val,/lambda/nfs/algovirginia/workspace/DeepfakeDetectionRenewed/data/wavefake/generated_audio/ljspeech_hifiGAN/LJ015-0177_generated.wav,1,ljspeech_hifiGAN,
val,__hf__,0,librispeech,19559
val,/lambda/nfs/algovirginia/workspace/DeepfakeDetectionRenewed/data/wavefake/generated_audio/ljspeech_waveglow/LJ019-0131.wav,1,ljspeech_waveglow,
val,__hf__,0,librispeech,19541
val,/lambda/nfs/algovirginia/workspace/DeepfakeDetectionRenewed/data/wavefake/generated_audio/ljspeech_melgan/LJ028-0271_gen.wav,1,ljspeech_melgan,
val,/lambda/nfs/algovirginia/workspace/DeepfakeDetectionRenewed/data/vcc2020/audio/T24/task1/team24_intra-TEF1_SEF1_E30005.wav,1,VCC2020_T24,
val,/lambda/nfs/algovirginia/workspace/DeepfakeDetectionRenewed/data/wavefake/generated_audio/ljspeech_full_band_melgan/LJ005-0140_gen.wav,1,ljspeech_full_band_melgan,
val,/lambda/nfs/algovirginia/workspace/DeepfakeDetectionRenewed/data/wavefake/generated_audio/ljspeech_hifiGAN/LJ010-0030_generated.wav,1,ljspeech_hifiGAN,
val,__hf__,0,librispeech,20685
val,/lambda/nfs/algovirginia/workspace/DeepfakeDetectionRenewed/data/wavefake/generated_audio/ljspeech_full_band_melgan/LJ013-0153_gen.wav,1,ljspeech_full_band_melgan,
val,__hf__,0,librispeech,14012
val,/lambda/nfs/algovirginia/workspace/DeepfakeDetectionRenewed/data/vcc2020/audio/T02/task1/team02_intra-TEF1_SEM2_E30002.wav,1,VCC2020_T02,
val,/lambda/nfs/algovirginia/workspace/DeepfakeDetectionRenewed/data/vcc2020/audio/T30/task1/team30_intra-TEF1_SEF1_E30005.wav,1,VCC2020_T30,
val,__hf__,0,librispeech,25007
val,__hf__,0,librispeech,14329
val,__hf__,0,librispeech,6547
val,/lambda/nfs/algovirginia/workspace/DeepfakeDetectionRenewed/data/wavefake/generated_audio/ljspeech_melgan_large/LJ016-0007_gen.wav,1,ljspeech_melgan_large,
val,/lambda/nfs/algovirginia/workspace/DeepfakeDetectionRenewed/data/vcc2020/audio/T26/task1/team26_intra-TEF2_SEM1_E30004.wav,1,VCC2020_T26,
val,__hf__,0,librispeech,18508
val,/lambda/nfs/algovirginia/workspace/DeepfakeDetectionRenewed/data/vcc2020/audio/T20/task1/team20_intra-TEM1_SEF1_E30002.wav,1,VCC2020_T20,
val,/lambda/nfs/algovirginia/workspace/DeepfakeDetectionRenewed/data/vcc2020/audio/T10/task1/team10_intra-TEF1_SEF1_E30005.wav,1,VCC2020_T10,
val,/lambda/nfs/algovirginia/workspace/DeepfakeDetectionRenewed/data/wavefake/generated_audio/ljspeech_multi_band_melgan/LJ037-0265_gen.wav,1,ljspeech_multi_band_melgan,
val,/lambda/nfs/algovirginia/workspace/DeepfakeDetectionRenewed/data/wavefake/generated_audio/ljspeech_melgan/LJ016-0134_gen.wav,1,ljspeech_melgan,
val,/lambda/nfs/algovirginia/workspace/DeepfakeDetectionRenewed/data/vcc2020/audio/T25/task1/team25_intra-TEM2_SEM1_E30003.wav,1,VCC2020_T25,
val,/lambda/nfs/algovirginia/workspace/DeepfakeDetectionRenewed/data/wavefake/generated_audio/ljspeech_hifiGAN/LJ001-0033_generated.wav,1,ljspeech_hifiGAN,
val,/lambda/nfs/algovirginia/workspace/DeepfakeDetectionRenewed/data/wavefake/generated_audio/common_voices_prompts_from_conformer_fastspeech2_pwg_ljspeech/gen_12864.wav,1,common_voices_prompts_from_conformer_fastspeech2_pwg_ljspeech,
val,/lambda/nfs/algovirginia/workspace/DeepfakeDetectionRenewed/data/wavefake/generated_audio/ljspeech_full_band_melgan/LJ009-0170_gen.wav,1,ljspeech_full_band_melgan,
val,/lambda/nfs/algovirginia/workspace/DeepfakeDetectionRenewed/data/wavefake/generated_audio/ljspeech_full_band_melgan/LJ014-0161_gen.wav,1,ljspeech_full_band_melgan,
val,/lambda/nfs/algovirginia/workspace/DeepfakeDetectionRenewed/data/vcc2020/audio/T11/task1/team11_intra-TEM1_SEM2_E30002.wav,1,VCC2020_T11,
val,/lambda/nfs/algovirginia/workspace/DeepfakeDetectionRenewed/data/wavefake/generated_audio/ljspeech_full_band_melgan/LJ019-0276_gen.wav,1,ljspeech_full_band_melgan,
val,/lambda/nfs/algovirginia/workspace/DeepfakeDetectionRenewed/data/vcc2020/audio/T29/task1/team29_intra-TEM1_SEM1_E30004.wav,1,VCC2020_T29,
val,__hf__,0,librispeech,19187
val,/lambda/nfs/algovirginia/workspace/DeepfakeDetectionRenewed/data/vcc2020/audio/T13/task1/team13_intra-TEF2_SEF2_E30003.wav,1,VCC2020_T13,
val,__hf__,0,librispeech,27105
val,__hf__,0,librispeech,20225
val,/lambda/nfs/algovirginia/workspace/DeepfakeDetectionRenewed/data/wavefake/generated_audio/ljspeech_waveglow/LJ028-0100.wav,1,ljspeech_waveglow,
val,/lambda/nfs/algovirginia/workspace/DeepfakeDetectionRenewed/data/vcc2020/audio/T33/task1/team33_intra-TEF2_SEM2_E30005.wav,1,VCC2020_T33,
val,__hf__,0,librispeech,13400
val,/lambda/nfs/algovirginia/workspace/DeepfakeDetectionRenewed/data/vcc2020/audio/T18/task1/team18_intra-TEF2_SEM1_E30004.wav,1,VCC2020_T18,
val,__hf__,0,librispeech,5305
val,__hf__,0,librispeech,17596
val,/lambda/nfs/algovirginia/workspace/DeepfakeDetectionRenewed/data/vcc2020/audio/T06/task1/team06_intra-TEF1_SEF1_E30002.wav,1,VCC2020_T06,
val,/lambda/nfs/algovirginia/workspace/DeepfakeDetectionRenewed/data/wavefake/generated_audio/common_voices_prompts_from_conformer_fastspeech2_pwg_ljspeech/gen_8776.wav,1,common_voices_prompts_from_conformer_fastspeech2_pwg_ljspeech,
val,/lambda/nfs/algovirginia/workspace/DeepfakeDetectionRenewed/data/vcc2020/audio/T26/task1/team26_intra-TEF1_SEM1_E30005.wav,1,VCC2020_T26,
val,/lambda/nfs/algovirginia/workspace/DeepfakeDetectionRenewed/data/wavefake/generated_audio/common_voices_prompts_from_conformer_fastspeech2_pwg_ljspeech/gen_9360.wav,1,common_voices_prompts_from_conformer_fastspeech2_pwg_ljspeech,
val,/lambda/nfs/algovirginia/workspace/DeepfakeDetectionRenewed/data/vcc2020/audio/T22/task1/team22_intra-TEM1_SEM2_E30003.wav,1,VCC2020_T22,
val,__hf__,0,librispeech,24790
val,__hf__,0,librispeech,26779
val,/lambda/nfs/algovirginia/workspace/DeepfakeDetectionRenewed/data/wavefake/generated_audio/ljspeech_melgan_large/LJ019-0367_gen.wav,1,ljspeech_melgan_large,
val,/lambda/nfs/algovirginia/workspace/DeepfakeDetectionRenewed/data/vcc2020/audio/T07/task1/team07_intra-TEF1_SEM2_E30002.wav,1,VCC2020_T07,
val,__hf__,0,librispeech,5064
val,__hf__,0,librispeech,4420
val,/lambda/nfs/algovirginia/workspace/DeepfakeDetectionRenewed/data/wavefake/generated_audio/ljspeech_melgan/LJ006-0264_gen.wav,1,ljspeech_melgan,
val,__hf__,0,librispeech,3432
val,__hf__,0,librispeech,14811
val,/lambda/nfs/algovirginia/workspace/DeepfakeDetectionRenewed/data/vcc2020/audio/T29/task1/team29_intra-TEF2_SEM2_E30003.wav,1,VCC2020_T29,
val,__hf__,0,librispeech,26058
val,/lambda/nfs/algovirginia/workspace/DeepfakeDetectionRenewed/data/wavefake/generated_audio/common_voices_prompts_from_conformer_fastspeech2_pwg_ljspeech/gen_8926.wav,1,common_voices_prompts_from_conformer_fastspeech2_pwg_ljspeech,
val,/lambda/nfs/algovirginia/workspace/DeepfakeDetectionRenewed/data/vcc2020/audio/T21/task1/team21_intra-TEF1_SEF1_E30003.wav,1,VCC2020_T21,
val,/lambda/nfs/algovirginia/workspace/DeepfakeDetectionRenewed/data/wavefake/generated_audio/ljspeech_melgan/LJ030-0162_gen.wav,1,ljspeech_melgan,
val,/lambda/nfs/algovirginia/workspace/DeepfakeDetectionRenewed/data/vcc2020/audio/T24/task1/team24_intra-TEF2_SEF1_E30004.wav,1,VCC2020_T24,
val,__hf__,0,librispeech,21926
val,__hf__,0,librispeech,5915
val,/lambda/nfs/algovirginia/workspace/DeepfakeDetectionRenewed/data/wavefake/generated_audio/ljspeech_multi_band_melgan/LJ042-0156_gen.wav,1,ljspeech_multi_band_melgan,
val,/lambda/nfs/algovirginia/workspace/DeepfakeDetectionRenewed/data/wavefake/generated_audio/ljspeech_multi_band_melgan/LJ007-0022_gen.wav,1,ljspeech_multi_band_melgan,
val,__hf__,0,librispeech,25138
val,/lambda/nfs/algovirginia/workspace/DeepfakeDetectionRenewed/data/wavefake/generated_audio/ljspeech_waveglow/LJ021-0043.wav,1,ljspeech_waveglow,
val,__hf__,0,librispeech,6116
val,/lambda/nfs/algovirginia/workspace/DeepfakeDetectionRenewed/data/wavefake/generated_audio/ljspeech_full_band_melgan/LJ047-0153_gen.wav,1,ljspeech_full_band_melgan,
val,/lambda/nfs/algovirginia/workspace/DeepfakeDetectionRenewed/data/vcc2020/audio/T19/task1/team19_intra-TEM2_SEF1_E30003.wav,1,VCC2020_T19,
val,__hf__,0,librispeech,18008
val,__hf__,0,librispeech,23990
val,/lambda/nfs/algovirginia/workspace/DeepfakeDetectionRenewed/data/wavefake/generated_audio/ljspeech_melgan/LJ030-0220_gen.wav,1,ljspeech_melgan,
val,/lambda/nfs/algovirginia/workspace/DeepfakeDetectionRenewed/data/wavefake/generated_audio/ljspeech_hifiGAN/LJ026-0161_generated.wav,1,ljspeech_hifiGAN,
val,/lambda/nfs/algovirginia/workspace/DeepfakeDetectionRenewed/data/vcc2020/audio/T31/task1/team31_intra-TEF2_SEM1_E30002.wav,1,VCC2020_T31,
val,/lambda/nfs/algovirginia/workspace/DeepfakeDetectionRenewed/data/vcc2020/audio/T24/task1/team24_intra-TEM2_SEF1_E30003.wav,1,VCC2020_T24,
val,/lambda/nfs/algovirginia/workspace/DeepfakeDetectionRenewed/data/vcc2020/audio/T03/task1/team03_intra-TEF2_SEM1_E30005.wav,1,VCC2020_T03,
val,__hf__,0,librispeech,591
val,/lambda/nfs/algovirginia/workspace/DeepfakeDetectionRenewed/data/wavefake/generated_audio/ljspeech_waveglow/LJ019-0128.wav,1,ljspeech_waveglow,
val,__hf__,0,librispeech,27494
val,__hf__,0,librispeech,17240
val,/lambda/nfs/algovirginia/workspace/DeepfakeDetectionRenewed/data/vcc2020/audio/T28/task1/team28_intra-TEF1_SEF1_E30004.wav,1,VCC2020_T28,
val,__hf__,0,librispeech,4745
val,__hf__,0,librispeech,9752
val,__hf__,0,librispeech,26708
val,__hf__,0,librispeech,12722
val,/lambda/nfs/algovirginia/workspace/DeepfakeDetectionRenewed/data/wavefake/generated_audio/ljspeech_hifiGAN/LJ048-0194_generated.wav,1,ljspeech_hifiGAN,
val,__hf__,0,librispeech,139
val,/lambda/nfs/algovirginia/workspace/DeepfakeDetectionRenewed/data/wavefake/generated_audio/ljspeech_waveglow/LJ016-0408.wav,1,ljspeech_waveglow,
val,/lambda/nfs/algovirginia/workspace/DeepfakeDetectionRenewed/data/vcc2020/audio/T10/task1/team10_intra-TEM2_SEM1_E30005.wav,1,VCC2020_T10,
val,/lambda/nfs/algovirginia/workspace/DeepfakeDetectionRenewed/data/wavefake/generated_audio/ljspeech_melgan/LJ032-0175_gen.wav,1,ljspeech_melgan,
val,__hf__,0,librispeech,7479
val,__hf__,0,librispeech,23532
val,__hf__,0,librispeech,10027
val,__hf__,0,librispeech,21201
val,/lambda/nfs/algovirginia/workspace/DeepfakeDetectionRenewed/data/vcc2020/audio/T28/task1/team28_intra-TEM1_SEM1_E30001.wav,1,VCC2020_T28,
val,/lambda/nfs/algovirginia/workspace/DeepfakeDetectionRenewed/data/vcc2020/audio/T14/task1/team14_intra-TEM1_SEM2_E30002.wav,1,VCC2020_T14,
val,__hf__,0,librispeech,20623
val,/lambda/nfs/algovirginia/workspace/DeepfakeDetectionRenewed/data/vcc2020/audio/T23/task1/team23_intra-TEM1_SEF2_E30004.wav,1,VCC2020_T23,
val,/lambda/nfs/algovirginia/workspace/DeepfakeDetectionRenewed/data/wavefake/generated_audio/common_voices_prompts_from_conformer_fastspeech2_pwg_ljspeech/gen_3551.wav,1,common_voices_prompts_from_conformer_fastspeech2_pwg_ljspeech,
val,/lambda/nfs/algovirginia/workspace/DeepfakeDetectionRenewed/data/vcc2020/audio/T33/task1/team33_intra-TEF1_SEM1_E30004.wav,1,VCC2020_T33,
val,__hf__,0,librispeech,188
val,__hf__,0,librispeech,15543
val,/lambda/nfs/algovirginia/workspace/DeepfakeDetectionRenewed/data/wavefake/generated_audio/common_voices_prompts_from_conformer_fastspeech2_pwg_ljspeech/gen_6703.wav,1,common_voices_prompts_from_conformer_fastspeech2_pwg_ljspeech,
val,/lambda/nfs/algovirginia/workspace/DeepfakeDetectionRenewed/data/wavefake/generated_audio/ljspeech_parallel_wavegan/LJ044-0166_gen.wav,1,ljspeech_parallel_wavegan,
val,__hf__,0,librispeech,9792
val,/lambda/nfs/algovirginia/workspace/DeepfakeDetectionRenewed/data/vcc2020/audio/T29/task1/team29_intra-TEF1_SEF2_E30005.wav,1,VCC2020_T29,
val,/lambda/nfs/algovirginia/workspace/DeepfakeDetectionRenewed/data/vcc2020/audio/T09/task1/team09_intra-TEF2_SEM1_E30001.wav,1,VCC2020_T09,
val,/lambda/nfs/algovirginia/workspace/DeepfakeDetectionRenewed/data/vcc2020/audio/T03/task1/team03_intra-TEM2_SEF1_E30003.wav,1,VCC2020_T03,
val,/lambda/nfs/algovirginia/workspace/DeepfakeDetectionRenewed/data/wavefake/generated_audio/ljspeech_hifiGAN/LJ035-0162_generated.wav,1,ljspeech_hifiGAN,
val,/lambda/nfs/algovirginia/workspace/DeepfakeDetectionRenewed/data/vcc2020/audio/T14/task1/team14_intra-TEM1_SEM1_E30003.wav,1,VCC2020_T14,
val,/lambda/nfs/algovirginia/workspace/DeepfakeDetectionRenewed/data/vcc2020/audio/T26/task1/team26_intra-TEF1_SEM2_E30003.wav,1,VCC2020_T26,
val,__hf__,0,librispeech,10916
val,__hf__,0,librispeech,26754
val,/lambda/nfs/algovirginia/workspace/DeepfakeDetectionRenewed/data/vcc2020/audio/T19/task1/team19_intra-TEF2_SEF1_E30005.wav,1,VCC2020_T19,
val,/lambda/nfs/algovirginia/workspace/DeepfakeDetectionRenewed/data/wavefake/generated_audio/common_voices_prompts_from_conformer_fastspeech2_pwg_ljspeech/gen_7656.wav,1,common_voices_prompts_from_conformer_fastspeech2_pwg_ljspeech,
val,/lambda/nfs/algovirginia/workspace/DeepfakeDetectionRenewed/data/wavefake/generated_audio/ljspeech_melgan/LJ049-0140_gen.wav,1,ljspeech_melgan,
val,/lambda/nfs/algovirginia/workspace/DeepfakeDetectionRenewed/data/wavefake/generated_audio/ljspeech_parallel_wavegan/LJ037-0003_gen.wav,1,ljspeech_parallel_wavegan,
val,/lambda/nfs/algovirginia/workspace/DeepfakeDetectionRenewed/data/vcc2020/audio/T11/task1/team11_intra-TEM1_SEM1_E30005.wav,1,VCC2020_T11,
val,__hf__,0,librispeech,24854
val,/lambda/nfs/algovirginia/workspace/DeepfakeDetectionRenewed/data/wavefake/generated_audio/ljspeech_hifiGAN/LJ036-0125_generated.wav,1,ljspeech_hifiGAN,
val,__hf__,0,librispeech,17298
val,__hf__,0,librispeech,26992
val,__hf__,0,librispeech,26415
val,__hf__,0,librispeech,3916
val,__hf__,0,librispeech,20112
val,/lambda/nfs/algovirginia/workspace/DeepfakeDetectionRenewed/data/wavefake/generated_audio/ljspeech_hifiGAN/LJ012-0274_generated.wav,1,ljspeech_hifiGAN,
val,/lambda/nfs/algovirginia/workspace/DeepfakeDetectionRenewed/data/wavefake/generated_audio/ljspeech_hifiGAN/LJ039-0193_generated.wav,1,ljspeech_hifiGAN,
val,/lambda/nfs/algovirginia/workspace/DeepfakeDetectionRenewed/data/wavefake/generated_audio/ljspeech_melgan/LJ038-0113_gen.wav,1,ljspeech_melgan,
val,__hf__,0,librispeech,22214
val,/lambda/nfs/algovirginia/workspace/DeepfakeDetectionRenewed/data/vcc2020/audio/T25/task1/team25_intra-TEM2_SEF1_E30005.wav,1,VCC2020_T25,
val,/lambda/nfs/algovirginia/workspace/DeepfakeDetectionRenewed/data/wavefake/generated_audio/ljspeech_hifiGAN/LJ028-0008_generated.wav,1,ljspeech_hifiGAN,
val,/lambda/nfs/algovirginia/workspace/DeepfakeDetectionRenewed/data/vcc2020/audio/T04/task1/team04_intra-TEF1_SEM1_E30003.wav,1,VCC2020_T04,
val,__hf__,0,librispeech,3018
val,/lambda/nfs/algovirginia/workspace/DeepfakeDetectionRenewed/data/wavefake/generated_audio/ljspeech_full_band_melgan/LJ003-0178_gen.wav,1,ljspeech_full_band_melgan,
val,__hf__,0,librispeech,21265
val,__hf__,0,librispeech,25613
val,/lambda/nfs/algovirginia/workspace/DeepfakeDetectionRenewed/data/vcc2020/audio/T07/task1/team07_intra-TEF2_SEM1_E30003.wav,1,VCC2020_T07,
val,/lambda/nfs/algovirginia/workspace/DeepfakeDetectionRenewed/data/wavefake/generated_audio/common_voices_prompts_from_conformer_fastspeech2_pwg_ljspeech/gen_2154.wav,1,common_voices_prompts_from_conformer_fastspeech2_pwg_ljspeech,
val,/lambda/nfs/algovirginia/workspace/DeepfakeDetectionRenewed/data/vcc2020/audio/T02/task1/team02_intra-TEM1_SEM1_E30003.wav,1,VCC2020_T02,
val,/lambda/nfs/algovirginia/workspace/DeepfakeDetectionRenewed/data/vcc2020/audio/T21/task1/team21_intra-TEM1_SEM2_E30001.wav,1,VCC2020_T21,
val,/lambda/nfs/algovirginia/workspace/DeepfakeDetectionRenewed/data/vcc2020/audio/T18/task1/team18_intra-TEM1_SEM2_E30002.wav,1,VCC2020_T18,
val,/lambda/nfs/algovirginia/workspace/DeepfakeDetectionRenewed/data/vcc2020/audio/T14/task1/team14_intra-TEM2_SEF1_E30003.wav,1,VCC2020_T14,
val,/lambda/nfs/algovirginia/workspace/DeepfakeDetectionRenewed/data/vcc2020/audio/T18/task1/team18_intra-TEF1_SEM1_E30001.wav,1,VCC2020_T18,
val,/lambda/nfs/algovirginia/workspace/DeepfakeDetectionRenewed/data/wavefake/generated_audio/ljspeech_melgan_large/LJ042-0140_gen.wav,1,ljspeech_melgan_large,
val,/lambda/nfs/algovirginia/workspace/DeepfakeDetectionRenewed/data/wavefake/generated_audio/ljspeech_waveglow/LJ006-0210.wav,1,ljspeech_waveglow,
val,/lambda/nfs/algovirginia/workspace/DeepfakeDetectionRenewed/data/vcc2020/audio/T06/task1/team06_intra-TEF2_SEF1_E30004.wav,1,VCC2020_T06,
val,/lambda/nfs/algovirginia/workspace/DeepfakeDetectionRenewed/data/wavefake/generated_audio/ljspeech_full_band_melgan/LJ041-0079_gen.wav,1,ljspeech_full_band_melgan,
val,/lambda/nfs/algovirginia/workspace/DeepfakeDetectionRenewed/data/vcc2020/audio/T27/task1/team27_intra-TEF2_SEM1_E30005.wav,1,VCC2020_T27,
val,__hf__,0,librispeech,22355
val,/lambda/nfs/algovirginia/workspace/DeepfakeDetectionRenewed/data/wavefake/generated_audio/ljspeech_multi_band_melgan/LJ002-0177_gen.wav,1,ljspeech_multi_band_melgan,
val,/lambda/nfs/algovirginia/workspace/DeepfakeDetectionRenewed/data/vcc2020/audio/T01/task1/team01_intra-TEF1_SEM2_E30005.wav,1,VCC2020_T01,
val,__hf__,0,librispeech,14618
val,__hf__,0,librispeech,11083
val,__hf__,0,librispeech,14528
val,__hf__,0,librispeech,10323
val,/lambda/nfs/algovirginia/workspace/DeepfakeDetectionRenewed/data/wavefake/generated_audio/ljspeech_parallel_wavegan/LJ042-0186_gen.wav,1,ljspeech_parallel_wavegan,
val,__hf__,0,librispeech,10402
val,/lambda/nfs/algovirginia/workspace/DeepfakeDetectionRenewed/data/vcc2020/audio/T17/task1/team17_intra-TEF2_SEF2_E30004.wav,1,VCC2020_T17,
val,/lambda/nfs/algovirginia/workspace/DeepfakeDetectionRenewed/data/vcc2020/audio/T04/task1/team04_intra-TEF1_SEM2_E30005.wav,1,VCC2020_T04,
val,/lambda/nfs/algovirginia/workspace/DeepfakeDetectionRenewed/data/wavefake/generated_audio/common_voices_prompts_from_conformer_fastspeech2_pwg_ljspeech/gen_10020.wav,1,common_voices_prompts_from_conformer_fastspeech2_pwg_ljspeech,
val,/lambda/nfs/algovirginia/workspace/DeepfakeDetectionRenewed/data/wavefake/generated_audio/ljspeech_parallel_wavegan/LJ008-0235_gen.wav,1,ljspeech_parallel_wavegan,
val,/lambda/nfs/algovirginia/workspace/DeepfakeDetectionRenewed/data/vcc2020/audio/T19/task1/team19_intra-TEM2_SEM2_E30002.wav,1,VCC2020_T19,
val,__hf__,0,librispeech,4582
val,/lambda/nfs/algovirginia/workspace/DeepfakeDetectionRenewed/data/vcc2020/audio/T27/task1/team27_intra-TEM1_SEF2_E30001.wav,1,VCC2020_T27,
val,/lambda/nfs/algovirginia/workspace/DeepfakeDetectionRenewed/data/vcc2020/audio/T16/task1/team16_intra-TEF1_SEF2_E30003.wav,1,VCC2020_T16,
val,/lambda/nfs/algovirginia/workspace/DeepfakeDetectionRenewed/data/wavefake/generated_audio/ljspeech_melgan_large/LJ003-0051_gen.wav,1,ljspeech_melgan_large,
val,__hf__,0,librispeech,25449
val,__hf__,0,librispeech,5486
val,__hf__,0,librispeech,6764
val,/lambda/nfs/algovirginia/workspace/DeepfakeDetectionRenewed/data/vcc2020/audio/T04/task1/team04_intra-TEM1_SEM2_E30005.wav,1,VCC2020_T04,
val,__hf__,0,librispeech,2339
val,/lambda/nfs/algovirginia/workspace/DeepfakeDetectionRenewed/data/vcc2020/audio/T20/task1/team20_intra-TEF1_SEF2_E30004.wav,1,VCC2020_T20,
val,/lambda/nfs/algovirginia/workspace/DeepfakeDetectionRenewed/data/wavefake/generated_audio/ljspeech_hifiGAN/LJ032-0231_generated.wav,1,ljspeech_hifiGAN,
val,/lambda/nfs/algovirginia/workspace/DeepfakeDetectionRenewed/data/vcc2020/audio/T20/task1/team20_intra-TEF1_SEF1_E30002.wav,1,VCC2020_T20,
val,/lambda/nfs/algovirginia/workspace/DeepfakeDetectionRenewed/data/vcc2020/audio/T16/task1/team16_intra-TEM1_SEF2_E30004.wav,1,VCC2020_T16,
val,__hf__,0,librispeech,16370
val,/lambda/nfs/algovirginia/workspace/DeepfakeDetectionRenewed/data/wavefake/generated_audio/common_voices_prompts_from_conformer_fastspeech2_pwg_ljspeech/gen_8040.wav,1,common_voices_prompts_from_conformer_fastspeech2_pwg_ljspeech,
val,/lambda/nfs/algovirginia/workspace/DeepfakeDetectionRenewed/data/wavefake/generated_audio/ljspeech_hifiGAN/LJ038-0293_generated.wav,1,ljspeech_hifiGAN,
val,__hf__,0,librispeech,18385
val,__hf__,0,librispeech,6850
val,/lambda/nfs/algovirginia/workspace/DeepfakeDetectionRenewed/data/vcc2020/audio/T03/task1/team03_intra-TEM1_SEM2_E30002.wav,1,VCC2020_T03,
val,/lambda/nfs/algovirginia/workspace/DeepfakeDetectionRenewed/data/vcc2020/audio/T23/task1/team23_intra-TEM2_SEF2_E30001.wav,1,VCC2020_T23,
val,/lambda/nfs/algovirginia/workspace/DeepfakeDetectionRenewed/data/vcc2020/audio/T11/task1/team11_intra-TEM2_SEM2_E30004.wav,1,VCC2020_T11,
val,/lambda/nfs/algovirginia/workspace/DeepfakeDetectionRenewed/data/vcc2020/audio/T09/task1/team09_intra-TEF1_SEM1_E30004.wav,1,VCC2020_T09,
val,__hf__,0,librispeech,22631
val,/lambda/nfs/algovirginia/workspace/DeepfakeDetectionRenewed/data/vcc2020/audio/T13/task1/team13_intra-TEM2_SEM1_E30004.wav,1,VCC2020_T13,
val,/lambda/nfs/algovirginia/workspace/DeepfakeDetectionRenewed/data/vcc2020/audio/T30/task1/team30_intra-TEM1_SEF1_E30004.wav,1,VCC2020_T30,
val,/lambda/nfs/algovirginia/workspace/DeepfakeDetectionRenewed/data/wavefake/generated_audio/ljspeech_full_band_melgan/LJ018-0288_gen.wav,1,ljspeech_full_band_melgan,
val,__hf__,0,librispeech,11553
val,__hf__,0,librispeech,1559
val,__hf__,0,librispeech,12764
val,/lambda/nfs/algovirginia/workspace/DeepfakeDetectionRenewed/data/wavefake/generated_audio/ljspeech_multi_band_melgan/LJ039-0088_gen.wav,1,ljspeech_multi_band_melgan,
val,__hf__,0,librispeech,26952
val,__hf__,0,librispeech,16023
val,/lambda/nfs/algovirginia/workspace/DeepfakeDetectionRenewed/data/wavefake/generated_audio/common_voices_prompts_from_conformer_fastspeech2_pwg_ljspeech/gen_1073.wav,1,common_voices_prompts_from_conformer_fastspeech2_pwg_ljspeech,
val,__hf__,0,librispeech,15392
val,/lambda/nfs/algovirginia/workspace/DeepfakeDetectionRenewed/data/wavefake/generated_audio/ljspeech_parallel_wavegan/LJ007-0053_gen.wav,1,ljspeech_parallel_wavegan,
val,__hf__,0,librispeech,789
val,/lambda/nfs/algovirginia/workspace/DeepfakeDetectionRenewed/data/vcc2020/audio/T01/task1/team01_intra-TEF2_SEM1_E30002.wav,1,VCC2020_T01,
val,__hf__,0,librispeech,25809
val,__hf__,0,librispeech,25144
val,__hf__,0,librispeech,26366
val,__hf__,0,librispeech,5850
val,/lambda/nfs/algovirginia/workspace/DeepfakeDetectionRenewed/data/vcc2020/audio/T21/task1/team21_intra-TEF2_SEF1_E30002.wav,1,VCC2020_T21,
val,__hf__,0,librispeech,20577
val,/lambda/nfs/algovirginia/workspace/DeepfakeDetectionRenewed/data/vcc2020/audio/T28/task1/team28_intra-TEF1_SEF2_E30002.wav,1,VCC2020_T28,
val,__hf__,0,librispeech,5961
val,__hf__,0,librispeech,24807
val,__hf__,0,librispeech,3362
val,__hf__,0,librispeech,14962
val,/lambda/nfs/algovirginia/workspace/DeepfakeDetectionRenewed/data/wavefake/generated_audio/ljspeech_hifiGAN/LJ032-0118_generated.wav,1,ljspeech_hifiGAN,
val,/lambda/nfs/algovirginia/workspace/DeepfakeDetectionRenewed/data/vcc2020/audio/T29/task1/team29_intra-TEF2_SEF1_E30001.wav,1,VCC2020_T29,
val,/lambda/nfs/algovirginia/workspace/DeepfakeDetectionRenewed/data/vcc2020/audio/T20/task1/team20_intra-TEF2_SEF2_E30001.wav,1,VCC2020_T20,
val,/lambda/nfs/algovirginia/workspace/DeepfakeDetectionRenewed/data/vcc2020/audio/T07/task1/team07_intra-TEF2_SEM1_E30001.wav,1,VCC2020_T07,
val,/lambda/nfs/algovirginia/workspace/DeepfakeDetectionRenewed/data/wavefake/generated_audio/ljspeech_waveglow/LJ034-0077.wav,1,ljspeech_waveglow,
val,__hf__,0,librispeech,13653
val,__hf__,0,librispeech,4889
val,/lambda/nfs/algovirginia/workspace/DeepfakeDetectionRenewed/data/vcc2020/audio/T19/task1/team19_intra-TEM1_SEM1_E30005.wav,1,VCC2020_T19,
val,__hf__,0,librispeech,17878
val,/lambda/nfs/algovirginia/workspace/DeepfakeDetectionRenewed/data/vcc2020/audio/T08/task1/team08_intra-TEF2_SEF1_E30005.wav,1,VCC2020_T08,
val,__hf__,0,librispeech,22437
val,__hf__,0,librispeech,25685
val,__hf__,0,librispeech,20324
val,__hf__,0,librispeech,21512
val,/lambda/nfs/algovirginia/workspace/DeepfakeDetectionRenewed/data/wavefake/generated_audio/ljspeech_hifiGAN/LJ007-0083_generated.wav,1,ljspeech_hifiGAN,
val,/lambda/nfs/algovirginia/workspace/DeepfakeDetectionRenewed/data/vcc2020/audio/T33/task1/team33_intra-TEM1_SEF1_E30005.wav,1,VCC2020_T33,
val,/lambda/nfs/algovirginia/workspace/DeepfakeDetectionRenewed/data/vcc2020/audio/T19/task1/team19_intra-TEM2_SEM1_E30001.wav,1,VCC2020_T19,
val,/lambda/nfs/algovirginia/workspace/DeepfakeDetectionRenewed/data/wavefake/generated_audio/common_voices_prompts_from_conformer_fastspeech2_pwg_ljspeech/gen_3402.wav,1,common_voices_prompts_from_conformer_fastspeech2_pwg_ljspeech,
val,__hf__,0,librispeech,15705
val,__hf__,0,librispeech,25004
val,/lambda/nfs/algovirginia/workspace/DeepfakeDetectionRenewed/data/vcc2020/audio/T21/task1/team21_intra-TEM2_SEF1_E30003.wav,1,VCC2020_T21,
val,/lambda/nfs/algovirginia/workspace/DeepfakeDetectionRenewed/data/wavefake/generated_audio/ljspeech_multi_band_melgan/LJ039-0236_gen.wav,1,ljspeech_multi_band_melgan,
val,__hf__,0,librispeech,22831
val,/lambda/nfs/algovirginia/workspace/DeepfakeDetectionRenewed/data/vcc2020/audio/T29/task1/team29_intra-TEM2_SEM2_E30002.wav,1,VCC2020_T29,
val,__hf__,0,librispeech,3889
val,__hf__,0,librispeech,28247
val,/lambda/nfs/algovirginia/workspace/DeepfakeDetectionRenewed/data/wavefake/generated_audio/common_voices_prompts_from_conformer_fastspeech2_pwg_ljspeech/gen_12550.wav,1,common_voices_prompts_from_conformer_fastspeech2_pwg_ljspeech,
val,/lambda/nfs/algovirginia/workspace/DeepfakeDetectionRenewed/data/wavefake/generated_audio/common_voices_prompts_from_conformer_fastspeech2_pwg_ljspeech/gen_3418.wav,1,common_voices_prompts_from_conformer_fastspeech2_pwg_ljspeech,
val,/lambda/nfs/algovirginia/workspace/DeepfakeDetectionRenewed/data/vcc2020/audio/T17/task1/team17_intra-TEF2_SEM1_E30003.wav,1,VCC2020_T17,
val,/lambda/nfs/algovirginia/workspace/DeepfakeDetectionRenewed/data/wavefake/generated_audio/common_voices_prompts_from_conformer_fastspeech2_pwg_ljspeech/gen_14211.wav,1,common_voices_prompts_from_conformer_fastspeech2_pwg_ljspeech,
val,/lambda/nfs/algovirginia/workspace/DeepfakeDetectionRenewed/data/vcc2020/audio/T24/task1/team24_intra-TEF2_SEM1_E30005.wav,1,VCC2020_T24,
val,/lambda/nfs/algovirginia/workspace/DeepfakeDetectionRenewed/data/vcc2020/audio/T09/task1/team09_intra-TEM1_SEM1_E30001.wav,1,VCC2020_T09,
val,__hf__,0,librispeech,11859
val,/lambda/nfs/algovirginia/workspace/DeepfakeDetectionRenewed/data/vcc2020/audio/T08/task1/team08_intra-TEM1_SEM1_E30002.wav,1,VCC2020_T08,
val,/lambda/nfs/algovirginia/workspace/DeepfakeDetectionRenewed/data/wavefake/generated_audio/common_voices_prompts_from_conformer_fastspeech2_pwg_ljspeech/gen_12705.wav,1,common_voices_prompts_from_conformer_fastspeech2_pwg_ljspeech,
val,/lambda/nfs/algovirginia/workspace/DeepfakeDetectionRenewed/data/vcc2020/audio/T13/task1/team13_intra-TEF1_SEM2_E30002.wav,1,VCC2020_T13,
val,__hf__,0,librispeech,19101
val,__hf__,0,librispeech,5607
val,__hf__,0,librispeech,12097
val,__hf__,0,librispeech,5390
val,__hf__,0,librispeech,23696
val,/lambda/nfs/algovirginia/workspace/DeepfakeDetectionRenewed/data/wavefake/generated_audio/ljspeech_waveglow/LJ007-0181.wav,1,ljspeech_waveglow,
val,__hf__,0,librispeech,13261
val,__hf__,0,librispeech,18467
val,__hf__,0,librispeech,13022
val,/lambda/nfs/algovirginia/workspace/DeepfakeDetectionRenewed/data/wavefake/generated_audio/ljspeech_parallel_wavegan/LJ004-0110_gen.wav,1,ljspeech_parallel_wavegan,
val,/lambda/nfs/algovirginia/workspace/DeepfakeDetectionRenewed/data/vcc2020/audio/T27/task1/team27_intra-TEF1_SEM1_E30002.wav,1,VCC2020_T27,
val,/lambda/nfs/algovirginia/workspace/DeepfakeDetectionRenewed/data/wavefake/generated_audio/common_voices_prompts_from_conformer_fastspeech2_pwg_ljspeech/gen_871.wav,1,common_voices_prompts_from_conformer_fastspeech2_pwg_ljspeech,
val,__hf__,0,librispeech,27542
val,/lambda/nfs/algovirginia/workspace/DeepfakeDetectionRenewed/data/wavefake/generated_audio/ljspeech_multi_band_melgan/LJ049-0169_gen.wav,1,ljspeech_multi_band_melgan,
val,/lambda/nfs/algovirginia/workspace/DeepfakeDetectionRenewed/data/vcc2020/audio/T20/task1/team20_intra-TEM1_SEM1_E30003.wav,1,VCC2020_T20,
val,/lambda/nfs/algovirginia/workspace/DeepfakeDetectionRenewed/data/vcc2020/audio/T04/task1/team04_intra-TEM1_SEF2_E30002.wav,1,VCC2020_T04,
val,/lambda/nfs/algovirginia/workspace/DeepfakeDetectionRenewed/data/vcc2020/audio/T20/task1/team20_intra-TEF2_SEF2_E30003.wav,1,VCC2020_T20,
val,/lambda/nfs/algovirginia/workspace/DeepfakeDetectionRenewed/data/vcc2020/audio/T11/task1/team11_intra-TEF2_SEM2_E30005.wav,1,VCC2020_T11,
val,/lambda/nfs/algovirginia/workspace/DeepfakeDetectionRenewed/data/wavefake/generated_audio/ljspeech_hifiGAN/LJ008-0219_generated.wav,1,ljspeech_hifiGAN,
val,/lambda/nfs/algovirginia/workspace/DeepfakeDetectionRenewed/data/wavefake/generated_audio/ljspeech_melgan_large/LJ016-0303_gen.wav,1,ljspeech_melgan_large,
val,/lambda/nfs/algovirginia/workspace/DeepfakeDetectionRenewed/data/wavefake/generated_audio/ljspeech_hifiGAN/LJ047-0181_generated.wav,1,ljspeech_hifiGAN,
val,__hf__,0,librispeech,19974
val,__hf__,0,librispeech,9542
val,/lambda/nfs/algovirginia/workspace/DeepfakeDetectionRenewed/data/vcc2020/audio/T18/task1/team18_intra-TEM2_SEM2_E30003.wav,1,VCC2020_T18,
val,/lambda/nfs/algovirginia/workspace/DeepfakeDetectionRenewed/data/wavefake/generated_audio/ljspeech_multi_band_melgan/LJ009-0041_gen.wav,1,ljspeech_multi_band_melgan,
val,__hf__,0,librispeech,1942
val,__hf__,0,librispeech,7641
val,/lambda/nfs/algovirginia/workspace/DeepfakeDetectionRenewed/data/wavefake/generated_audio/ljspeech_full_band_melgan/LJ039-0060_gen.wav,1,ljspeech_full_band_melgan,
val,__hf__,0,librispeech,28299
val,__hf__,0,librispeech,13930
val,/lambda/nfs/algovirginia/workspace/DeepfakeDetectionRenewed/data/wavefake/generated_audio/ljspeech_multi_band_melgan/LJ042-0200_gen.wav,1,ljspeech_multi_band_melgan,
val,/lambda/nfs/algovirginia/workspace/DeepfakeDetectionRenewed/data/wavefake/generated_audio/ljspeech_waveglow/LJ040-0238.wav,1,ljspeech_waveglow,
val,/lambda/nfs/algovirginia/workspace/DeepfakeDetectionRenewed/data/vcc2020/audio/T29/task1/team29_intra-TEM2_SEF1_E30001.wav,1,VCC2020_T29,
val,__hf__,0,librispeech,27506
val,/lambda/nfs/algovirginia/workspace/DeepfakeDetectionRenewed/data/vcc2020/audio/T08/task1/team08_intra-TEM1_SEM1_E30001.wav,1,VCC2020_T08,
val,__hf__,0,librispeech,19212
val,/lambda/nfs/algovirginia/workspace/DeepfakeDetectionRenewed/data/vcc2020/audio/T30/task1/team30_intra-TEF1_SEM2_E30003.wav,1,VCC2020_T30,
val,/lambda/nfs/algovirginia/workspace/DeepfakeDetectionRenewed/data/vcc2020/audio/T08/task1/team08_intra-TEM1_SEF2_E30005.wav,1,VCC2020_T08,
val,__hf__,0,librispeech,15380
val,/lambda/nfs/algovirginia/workspace/DeepfakeDetectionRenewed/data/wavefake/generated_audio/common_voices_prompts_from_conformer_fastspeech2_pwg_ljspeech/gen_3783.wav,1,common_voices_prompts_from_conformer_fastspeech2_pwg_ljspeech,
val,/lambda/nfs/algovirginia/workspace/DeepfakeDetectionRenewed/data/wavefake/generated_audio/ljspeech_hifiGAN/LJ038-0289_generated.wav,1,ljspeech_hifiGAN,
val,/lambda/nfs/algovirginia/workspace/DeepfakeDetectionRenewed/data/wavefake/generated_audio/ljspeech_full_band_melgan/LJ013-0217_gen.wav,1,ljspeech_full_band_melgan,
val,/lambda/nfs/algovirginia/workspace/DeepfakeDetectionRenewed/data/vcc2020/audio/T02/task1/team02_intra-TEF1_SEF1_E30002.wav,1,VCC2020_T02,
val,__hf__,0,librispeech,2624
val,__hf__,0,librispeech,2278
val,__hf__,0,librispeech,2922
val,/lambda/nfs/algovirginia/workspace/DeepfakeDetectionRenewed/data/wavefake/generated_audio/ljspeech_multi_band_melgan/LJ025-0055_gen.wav,1,ljspeech_multi_band_melgan,
val,__hf__,0,librispeech,11407
val,__hf__,0,librispeech,1015
val,/lambda/nfs/algovirginia/workspace/DeepfakeDetectionRenewed/data/wavefake/generated_audio/ljspeech_full_band_melgan/LJ041-0180_gen.wav,1,ljspeech_full_band_melgan,
val,/lambda/nfs/algovirginia/workspace/DeepfakeDetectionRenewed/data/vcc2020/audio/T33/task1/team33_intra-TEF1_SEM2_E30002.wav,1,VCC2020_T33,
val,__hf__,0,librispeech,2723
val,__hf__,0,librispeech,11662
val,/lambda/nfs/algovirginia/workspace/DeepfakeDetectionRenewed/data/vcc2020/audio/T17/task1/team17_intra-TEF2_SEF2_E30003.wav,1,VCC2020_T17,
val,/lambda/nfs/algovirginia/workspace/DeepfakeDetectionRenewed/data/vcc2020/audio/T14/task1/team14_intra-TEF2_SEM1_E30001.wav,1,VCC2020_T14,
val,__hf__,0,librispeech,3618
val,/lambda/nfs/algovirginia/workspace/DeepfakeDetectionRenewed/data/vcc2020/audio/T03/task1/team03_intra-TEM1_SEM1_E30003.wav,1,VCC2020_T03,
val,__hf__,0,librispeech,17963
val,__hf__,0,librispeech,15824
val,/lambda/nfs/algovirginia/workspace/DeepfakeDetectionRenewed/data/wavefake/generated_audio/ljspeech_melgan_large/LJ018-0001_gen.wav,1,ljspeech_melgan_large,
val,/lambda/nfs/algovirginia/workspace/DeepfakeDetectionRenewed/data/vcc2020/audio/T17/task1/team17_intra-TEF1_SEM1_E30005.wav,1,VCC2020_T17,
val,__hf__,0,librispeech,2002
val,/lambda/nfs/algovirginia/workspace/DeepfakeDetectionRenewed/data/wavefake/generated_audio/ljspeech_waveglow/LJ040-0155.wav,1,ljspeech_waveglow,
val,/lambda/nfs/algovirginia/workspace/DeepfakeDetectionRenewed/data/wavefake/generated_audio/common_voices_prompts_from_conformer_fastspeech2_pwg_ljspeech/gen_401.wav,1,common_voices_prompts_from_conformer_fastspeech2_pwg_ljspeech,
val,__hf__,0,librispeech,28154
val,__hf__,0,librispeech,18797
val,__hf__,0,librispeech,5939
val,__hf__,0,librispeech,18471
val,/lambda/nfs/algovirginia/workspace/DeepfakeDetectionRenewed/data/wavefake/generated_audio/ljspeech_multi_band_melgan/LJ022-0144_gen.wav,1,ljspeech_multi_band_melgan,
val,__hf__,0,librispeech,6740
val,__hf__,0,librispeech,28428
val,__hf__,0,librispeech,27736
val,__hf__,0,librispeech,15414
