split,path,label,system_id,hf_idx
train,/lambda/nfs/algovirginia/workspace/DeepfakeDetectionRenewed/data/wavefake/generated_audio/ljspeech_full_band_melgan/LJ006-0061_gen.wav,1,ljspeech_full_band_melgan,
train,__hf__,0,librispeech,3950
train,__hf__,0,librispeech,9053
train,/lambda/nfs/algovirginia/workspace/DeepfakeDetectionRenewed/data/vcc2020/audio/T33/task1/team33_intra-TEF2_SEM2_E30001.wav,1,VCC2020_T33,
train,__hf__,0,librispeech,17891
train,__hf__,0,librispeech,16215
train,__hf__,0,librispeech,4263
train,__hf__,0,librispeech,6088
train,__hf__,0,librispeech,1961
train,__hf__,0,librispeech,25415
train,__hf__,0,librispeech,3216
train,/lambda/nfs/algovirginia/workspace/DeepfakeDetectionRenewed/data/wavefake/generated_audio/common_voices_prompts_from_conformer_fastspeech2_pwg_ljspeech/gen_4017.wav,1,common_voices_prompts_from_conformer_fastspeech2_pwg_ljspeech,
train,/lambda/nfs/algovirginia/workspace/DeepfakeDetectionRenewed/data/vcc2020/audio/T13/task1/team13_intra-TEM2_SEF1_E30005.wav,1,VCC2020_T13,
train,__hf__,0,librispeech,23036
train,__hf__,0,librispeech,4779
train,__hf__,0,librispeech,6847
train,/lambda/nfs/algovirginia/workspace/DeepfakeDetectionRenewed/data/vcc2020/audio/T19/task1/team19_intra-TEF2_SEF1_E30001.wav,1,VCC2020_T19,
train,/lambda/nfs/algovirginia/workspace/DeepfakeDetectionRenewed/data/vcc2020/audio/T25/task1/team25_intra-TEF2_SEM1_E30001.wav,1,VCC2020_T25,
train,__hf__,0,librispeech,24432
train,__hf__,0,librispeech,16909
train,/lambda/nfs/algovirginia/workspace/DeepfakeDetectionRenewed/data/wavefake/generated_audio/common_voices_prompts_from_conformer_fastspeech2_pwg_ljspeech/gen_4905.wav,1,common_voices_prompts_from_conformer_fastspeech2_pwg_ljspeech,
train,__hf__,0,librispeech,4271
train,__hf__,0,librispeech,11605
train,/lambda/nfs/algovirginia/workspace/DeepfakeDetectionRenewed/data/vcc2020/audio/T24/task1/team24_intra-TEF2_SEM2_E30004.wav,1,VCC2020_T24,
train,__hf__,0,librispeech,18213
train,__hf__,0,librispeech,2086
train,__hf__,0,librispeech,14540
train,/lambda/nfs/algovirginia/workspace/DeepfakeDetectionRenewed/data/wavefake/generated_audio/ljspeech_hifiGAN/LJ044-0226_generated.wav,1,ljspeech_hifiGAN,
train,__hf__,0,librispeech,3032
train,__hf__,0,librispeech,804
train,/lambda/nfs/algovirginia/workspace/DeepfakeDetectionRenewed/data/vcc2020/audio/T30/task1/team30_intra-TEF2_SEM1_E30003.wav,1,VCC2020_T30,
train,/lambda/nfs/algovirginia/workspace/DeepfakeDetectionRenewed/data/vcc2020/audio/T23/task1/team23_intra-TEM2_SEF2_E30005.wav,1,VCC2020_T23,
train,__hf__,0,librispeech,28141
train,__hf__,0,librispeech,14584
train,__hf__,0,librispeech,12283
train,__hf__,0,librispeech,23196
train,__hf__,0,librispeech,5197
train,__hf__,0,librispeech,7354
train,__hf__,0,librispeech,8108
train,/lambda/nfs/algovirginia/workspace/DeepfakeDetectionRenewed/data/wavefake/generated_audio/ljspeech_parallel_wavegan/LJ046-0220_gen.wav,1,ljspeech_parallel_wavegan,
train,/lambda/nfs/algovirginia/workspace/DeepfakeDetectionRenewed/data/vcc2020/audio/T06/task1/team06_intra-TEF1_SEF2_E30001.wav,1,VCC2020_T06,
train,__hf__,0,librispeech,16308
train,/lambda/nfs/algovirginia/workspace/DeepfakeDetectionRenewed/data/vcc2020/audio/T04/task1/team04_intra-TEF1_SEF2_E30002.wav,1,VCC2020_T04,
train,/lambda/nfs/algovirginia/workspace/DeepfakeDetectionRenewed/data/vcc2020/audio/T21/task1/team21_intra-TEM2_SEM2_E30003.wav,1,VCC2020_T21,
train,__hf__,0,librispeech,696
train,/lambda/nfs/algovirginia/workspace/DeepfakeDetectionRenewed/data/vcc2020/audio/T22/task1/team22_intra-TEM2_SEM2_E30005.wav,1,VCC2020_T22,
train,/lambda/nfs/algovirginia/workspace/DeepfakeDetectionRenewed/data/vcc2020/audio/T03/task1/team03_intra-TEF2_SEF1_E30002.wav,1,VCC2020_T03,
train,__hf__,0,librispeech,22946
train,__hf__,0,librispeech,20960
train,/lambda/nfs/algovirginia/workspace/DeepfakeDetectionRenewed/data/wavefake/generated_audio/common_voices_prompts_from_conformer_fastspeech2_pwg_ljspeech/gen_2525.wav,1,common_voices_prompts_from_conformer_fastspeech2_pwg_ljspeech,
train,__hf__,0,librispeech,18706
train,__hf__,0,librispeech,1501
train,__hf__,0,librispeech,3182
train,/lambda/nfs/algovirginia/workspace/DeepfakeDetectionRenewed/data/vcc2020/audio/T13/task1/team13_intra-TEF1_SEM1_E30002.wav,1,VCC2020_T13,
train,/lambda/nfs/algovirginia/workspace/DeepfakeDetectionRenewed/data/vcc2020/audio/T18/task1/team18_intra-TEM1_SEM2_E30002.wav,1,VCC2020_T18,
train,__hf__,0,librispeech,9565
train,__hf__,0,librispeech,26870
train,__hf__,0,librispeech,24272
train,/lambda/nfs/algovirginia/workspace/DeepfakeDetectionRenewed/data/vcc2020/audio/T04/task1/team04_intra-TEM2_SEM2_E30002.wav,1,VCC2020_T04,
train,__hf__,0,librispeech,4838
train,__hf__,0,librispeech,10572
train,__hf__,0,librispeech,14375
train,/lambda/nfs/algovirginia/workspace/DeepfakeDetectionRenewed/data/wavefake/generated_audio/ljspeech_parallel_wavegan/LJ009-0090_gen.wav,1,ljspeech_parallel_wavegan,
train,__hf__,0,librispeech,4733
train,/lambda/nfs/algovirginia/workspace/DeepfakeDetectionRenewed/data/vcc2020/audio/T22/task1/team22_intra-TEM2_SEM2_E30001.wav,1,VCC2020_T22,
train,__hf__,0,librispeech,26071
train,/lambda/nfs/algovirginia/workspace/DeepfakeDetectionRenewed/data/vcc2020/audio/T01/task1/team01_intra-TEM1_SEM2_E30003.wav,1,VCC2020_T01,
train,/lambda/nfs/algovirginia/workspace/DeepfakeDetectionRenewed/data/vcc2020/audio/T30/task1/team30_intra-TEM2_SEF1_E30001.wav,1,VCC2020_T30,
train,/lambda/nfs/algovirginia/workspace/DeepfakeDetectionRenewed/data/wavefake/generated_audio/common_voices_prompts_from_conformer_fastspeech2_pwg_ljspeech/gen_13750.wav,1,common_voices_prompts_from_conformer_fastspeech2_pwg_ljspeech,
train,__hf__,0,librispeech,24390
train,/lambda/nfs/algovirginia/workspace/DeepfakeDetectionRenewed/data/vcc2020/audio/T07/task1/team07_intra-TEM1_SEF2_E30003.wav,1,VCC2020_T07,
train,/lambda/nfs/algovirginia/workspace/DeepfakeDetectionRenewed/data/wavefake/generated_audio/ljspeech_full_band_melgan/LJ031-0081_gen.wav,1,ljspeech_full_band_melgan,
train,__hf__,0,librispeech,14382
train,__hf__,0,librispeech,16295
train,__hf__,0,librispeech,17583
train,__hf__,0,librispeech,11477
train,__hf__,0,librispeech,4721
train,__hf__,0,librispeech,15748
train,/lambda/nfs/algovirginia/workspace/DeepfakeDetectionRenewed/data/wavefake/generated_audio/ljspeech_parallel_wavegan/LJ047-0240_gen.wav,1,ljspeech_parallel_wavegan,
train,__hf__,0,librispeech,8719
train,__hf__,0,librispeech,20747
train,/lambda/nfs/algovirginia/workspace/DeepfakeDetectionRenewed/data/wavefake/generated_audio/ljspeech_full_band_melgan/LJ036-0181_gen.wav,1,ljspeech_full_band_melgan,
train,__hf__,0,librispeech,21675
train,/lambda/nfs/algovirginia/workspace/DeepfakeDetectionRenewed/data/wavefake/generated_audio/ljspeech_full_band_melgan/LJ039-0093_gen.wav,1,ljspeech_full_band_melgan,
train,__hf__,0,librispeech,12014
train,__hf__,0,librispeech,24205
train,__hf__,0,librispeech,19952
train,/lambda/nfs/algovirginia/workspace/DeepfakeDetectionRenewed/data/wavefake/generated_audio/common_voices_prompts_from_conformer_fastspeech2_pwg_ljspeech/gen_7632.wav,1,common_voices_prompts_from_conformer_fastspeech2_pwg_ljspeech,
train,/lambda/nfs/algovirginia/workspace/DeepfakeDetectionRenewed/data/vcc2020/audio/T17/task1/team17_intra-TEM1_SEM1_E30003.wav,1,VCC2020_T17,
train,__hf__,0,librispeech,27410
train,__hf__,0,librispeech,18964
train,/lambda/nfs/algovirginia/workspace/DeepfakeDetectionRenewed/data/vcc2020/audio/T30/task1/team30_intra-TEM1_SEF1_E30001.wav,1,VCC2020_T30,
train,/lambda/nfs/algovirginia/workspace/DeepfakeDetectionRenewed/data/wavefake/generated_audio/ljspeech_hifiGAN/LJ048-0279_generated.wav,1,ljspeech_hifiGAN,
train,__hf__,0,librispeech,4826
train,__hf__,0,librispeech,10796
train,/lambda/nfs/algovirginia/workspace/DeepfakeDetectionRenewed/data/wavefake/generated_audio/ljspeech_parallel_wavegan/LJ018-0232_gen.wav,1,ljspeech_parallel_wavegan,
train,/lambda/nfs/algovirginia/workspace/DeepfakeDetectionRenewed/data/wavefake/generated_audio/ljspeech_hifiGAN/LJ005-0004_generated.wav,1,ljspeech_hifiGAN,
train,__hf__,0,librispeech,21903
train,__hf__,0,librispeech,21720
train,/lambda/nfs/algovirginia/workspace/DeepfakeDetectionRenewed/data/vcc2020/audio/T07/task1/team07_intra-TEF2_SEM1_E30004.wav,1,VCC2020_T07,
train,/lambda/nfs/algovirginia/workspace/DeepfakeDetectionRenewed/data/wavefake/generated_audio/ljspeech_parallel_wavegan/LJ008-0097_gen.wav,1,ljspeech_parallel_wavegan,
train,__hf__,0,librispeech,18808
train,__hf__,0,librispeech,429
train,__hf__,0,librispeech,5418
train,/lambda/nfs/algovirginia/workspace/DeepfakeDetectionRenewed/data/wavefake/generated_audio/ljspeech_parallel_wavegan/LJ043-0107_gen.wav,1,ljspeech_parallel_wavegan,
train,__hf__,0,librispeech,3173
train,__hf__,0,librispeech,981
train,/lambda/nfs/algovirginia/workspace/DeepfakeDetectionRenewed/data/vcc2020/audio/T14/task1/team14_intra-TEF2_SEM2_E30001.wav,1,VCC2020_T14,
train,/lambda/nfs/algovirginia/workspace/DeepfakeDetectionRenewed/data/vcc2020/audio/T01/task1/team01_intra-TEF2_SEF1_E30003.wav,1,VCC2020_T01,
train,__hf__,0,librispeech,18218
train,/lambda/nfs/algovirginia/workspace/DeepfakeDetectionRenewed/data/wavefake/generated_audio/ljspeech_hifiGAN/LJ009-0226_generated.wav,1,ljspeech_hifiGAN,
train,__hf__,0,librispeech,930
train,/lambda/nfs/algovirginia/workspace/DeepfakeDetectionRenewed/data/wavefake/generated_audio/ljspeech_full_band_melgan/LJ048-0150_gen.wav,1,ljspeech_full_band_melgan,
train,/lambda/nfs/algovirginia/workspace/DeepfakeDetectionRenewed/data/vcc2020/audio/T28/task1/team28_intra-TEM2_SEM1_E30003.wav,1,VCC2020_T28,
train,__hf__,0,librispeech,12910
train,/lambda/nfs/algovirginia/workspace/DeepfakeDetectionRenewed/data/vcc2020/audio/T16/task1/team16_intra-TEF1_SEM1_E30004.wav,1,VCC2020_T16,
train,__hf__,0,librispeech,21409
train,/lambda/nfs/algovirginia/workspace/DeepfakeDetectionRenewed/data/wavefake/generated_audio/common_voices_prompts_from_conformer_fastspeech2_pwg_ljspeech/gen_9313.wav,1,common_voices_prompts_from_conformer_fastspeech2_pwg_ljspeech,
train,__hf__,0,librispeech,2721
train,/lambda/nfs/algovirginia/workspace/DeepfakeDetectionRenewed/data/wavefake/generated_audio/common_voices_prompts_from_conformer_fastspeech2_pwg_ljspeech/gen_5440.wav,1,common_voices_prompts_from_conformer_fastspeech2_pwg_ljspeech,
train,/lambda/nfs/algovirginia/workspace/DeepfakeDetectionRenewed/data/wavefake/generated_audio/common_voices_prompts_from_conformer_fastspeech2_pwg_ljspeech/gen_8102.wav,1,common_voices_prompts_from_conformer_fastspeech2_pwg_ljspeech,
train,/lambda/nfs/algovirginia/workspace/DeepfakeDetectionRenewed/data/vcc2020/audio/T26/task1/team26_intra-TEM2_SEF2_E30004.wav,1,VCC2020_T26,
train,/lambda/nfs/algovirginia/workspace/DeepfakeDetectionRenewed/data/vcc2020/audio/T31/task1/team31_intra-TEF1_SEM1_E30001.wav,1,VCC2020_T31,
train,/lambda/nfs/algovirginia/workspace/DeepfakeDetectionRenewed/data/wavefake/generated_audio/ljspeech_parallel_wavegan/LJ009-0196_gen.wav,1,ljspeech_parallel_wavegan,
train,/lambda/nfs/algovirginia/workspace/DeepfakeDetectionRenewed/data/vcc2020/audio/T07/task1/team07_intra-TEF2_SEM1_E30005.wav,1,VCC2020_T07,
train,/lambda/nfs/algovirginia/workspace/DeepfakeDetectionRenewed/data/wavefake/generated_audio/ljspeech_hifiGAN/LJ019-0278_generated.wav,1,ljspeech_hifiGAN,
train,__hf__,0,librispeech,5043
train,/lambda/nfs/algovirginia/workspace/DeepfakeDetectionRenewed/data/wavefake/generated_audio/ljspeech_full_band_melgan/LJ049-0124_gen.wav,1,ljspeech_full_band_melgan,
train,/lambda/nfs/algovirginia/workspace/DeepfakeDetectionRenewed/data/vcc2020/audio/T24/task1/team24_intra-TEF1_SEF2_E30003.wav,1,VCC2020_T24,
train,/lambda/nfs/algovirginia/workspace/DeepfakeDetectionRenewed/data/wavefake/generated_audio/ljspeech_full_band_melgan/LJ019-0038_gen.wav,1,ljspeech_full_band_melgan,
train,/lambda/nfs/algovirginia/workspace/DeepfakeDetectionRenewed/data/vcc2020/audio/T24/task1/team24_intra-TEM2_SEM2_E30001.wav,1,VCC2020_T24,
train,__hf__,0,librispeech,25210
train,/lambda/nfs/algovirginia/workspace/DeepfakeDetectionRenewed/data/wavefake/generated_audio/ljspeech_hifiGAN/LJ009-0088_generated.wav,1,ljspeech_hifiGAN,
train,/lambda/nfs/algovirginia/workspace/DeepfakeDetectionRenewed/data/wavefake/generated_audio/ljspeech_hifiGAN/LJ023-0017_generated.wav,1,ljspeech_hifiGAN,
train,/lambda/nfs/algovirginia/workspace/DeepfakeDetectionRenewed/data/wavefake/generated_audio/ljspeech_hifiGAN/LJ021-0025_generated.wav,1,ljspeech_hifiGAN,
train,/lambda/nfs/algovirginia/workspace/DeepfakeDetectionRenewed/data/vcc2020/audio/T17/task1/team17_intra-TEM1_SEM2_E30001.wav,1,VCC2020_T17,
train,__hf__,0,librispeech,15608
train,__hf__,0,librispeech,9027
train,__hf__,0,librispeech,21882
train,/lambda/nfs/algovirginia/workspace/DeepfakeDetectionRenewed/data/wavefake/generated_audio/ljspeech_parallel_wavegan/LJ014-0002_gen.wav,1,ljspeech_parallel_wavegan,
train,__hf__,0,librispeech,12988
train,/lambda/nfs/algovirginia/workspace/DeepfakeDetectionRenewed/data/vcc2020/audio/T08/task1/team08_intra-TEM1_SEF2_E30002.wav,1,VCC2020_T08,
train,/lambda/nfs/algovirginia/workspace/DeepfakeDetectionRenewed/data/vcc2020/audio/T11/task1/team11_intra-TEM2_SEM2_E30001.wav,1,VCC2020_T11,
train,/lambda/nfs/algovirginia/workspace/DeepfakeDetectionRenewed/data/vcc2020/audio/T02/task1/team02_intra-TEM2_SEF2_E30001.wav,1,VCC2020_T02,
train,__hf__,0,librispeech,17618
train,__hf__,0,librispeech,6531
train,__hf__,0,librispeech,2675
train,/lambda/nfs/algovirginia/workspace/DeepfakeDetectionRenewed/data/wavefake/generated_audio/ljspeech_hifiGAN/LJ042-0244_generated.wav,1,ljspeech_hifiGAN,
train,/lambda/nfs/algovirginia/workspace/DeepfakeDetectionRenewed/data/vcc2020/audio/T13/task1/team13_intra-TEF2_SEF2_E30004.wav,1,VCC2020_T13,
train,/lambda/nfs/algovirginia/workspace/DeepfakeDetectionRenewed/data/vcc2020/audio/T21/task1/team21_intra-TEM2_SEF1_E30002.wav,1,VCC2020_T21,
train,__hf__,0,librispeech,17822
train,__hf__,0,librispeech,5440
train,__hf__,0,librispeech,21676
train,__hf__,0,librispeech,9884
train,/lambda/nfs/algovirginia/workspace/DeepfakeDetectionRenewed/data/vcc2020/audio/T23/task1/team23_intra-TEM2_SEF2_E30002.wav,1,VCC2020_T23,
train,__hf__,0,librispeech,15358
train,/lambda/nfs/algovirginia/workspace/DeepfakeDetectionRenewed/data/vcc2020/audio/T22/task1/team22_intra-TEM2_SEM1_E30001.wav,1,VCC2020_T22,
train,__hf__,0,librispeech,19410
train,/lambda/nfs/algovirginia/workspace/DeepfakeDetectionRenewed/data/wavefake/generated_audio/ljspeech_hifiGAN/LJ007-0011_generated.wav,1,ljspeech_hifiGAN,
train,__hf__,0,librispeech,22118
train,/lambda/nfs/algovirginia/workspace/DeepfakeDetectionRenewed/data/vcc2020/audio/T27/task1/team27_intra-TEF2_SEM2_E30001.wav,1,VCC2020_T27,
train,/lambda/nfs/algovirginia/workspace/DeepfakeDetectionRenewed/data/vcc2020/audio/T12/task1/team12_intra-TEM2_SEF2_E30005.wav,1,VCC2020_T12,
train,/lambda/nfs/algovirginia/workspace/DeepfakeDetectionRenewed/data/vcc2020/audio/T17/task1/team17_intra-TEM1_SEF1_E30001.wav,1,VCC2020_T17,
train,__hf__,0,librispeech,12978
train,/lambda/nfs/algovirginia/workspace/DeepfakeDetectionRenewed/data/vcc2020/audio/T30/task1/team30_intra-TEM1_SEM1_E30004.wav,1,VCC2020_T30,
train,/lambda/nfs/algovirginia/workspace/DeepfakeDetectionRenewed/data/vcc2020/audio/T11/task1/team11_intra-TEF2_SEM2_E30003.wav,1,VCC2020_T11,
train,/lambda/nfs/algovirginia/workspace/DeepfakeDetectionRenewed/data/vcc2020/audio/T01/task1/team01_intra-TEM1_SEF2_E30003.wav,1,VCC2020_T01,
train,/lambda/nfs/algovirginia/workspace/DeepfakeDetectionRenewed/data/wavefake/generated_audio/common_voices_prompts_from_conformer_fastspeech2_pwg_ljspeech/gen_4728.wav,1,common_voices_prompts_from_conformer_fastspeech2_pwg_ljspeech,
train,/lambda/nfs/algovirginia/workspace/DeepfakeDetectionRenewed/data/vcc2020/audio/T04/task1/team04_intra-TEF2_SEF1_E30005.wav,1,VCC2020_T04,
train,/lambda/nfs/algovirginia/workspace/DeepfakeDetectionRenewed/data/vcc2020/audio/T01/task1/team01_intra-TEM2_SEM1_E30003.wav,1,VCC2020_T01,
train,__hf__,0,librispeech,7917
train,__hf__,0,librispeech,12885
train,/lambda/nfs/algovirginia/workspace/DeepfakeDetectionRenewed/data/vcc2020/audio/T10/task1/team10_intra-TEM1_SEM1_E30003.wav,1,VCC2020_T10,
train,__hf__,0,librispeech,17402
train,__hf__,0,librispeech,5846
train,/lambda/nfs/algovirginia/workspace/DeepfakeDetectionRenewed/data/vcc2020/audio/T25/task1/team25_intra-TEM1_SEF2_E30004.wav,1,VCC2020_T25,
train,/lambda/nfs/algovirginia/workspace/DeepfakeDetectionRenewed/data/wavefake/generated_audio/common_voices_prompts_from_conformer_fastspeech2_pwg_ljspeech/gen_538.wav,1,common_voices_prompts_from_conformer_fastspeech2_pwg_ljspeech,
train,/lambda/nfs/algovirginia/workspace/DeepfakeDetectionRenewed/data/wavefake/generated_audio/ljspeech_parallel_wavegan/LJ014-0189_gen.wav,1,ljspeech_parallel_wavegan,
train,/lambda/nfs/algovirginia/workspace/DeepfakeDetectionRenewed/data/vcc2020/audio/T23/task1/team23_intra-TEM1_SEF2_E30005.wav,1,VCC2020_T23,
train,__hf__,0,librispeech,4458
train,__hf__,0,librispeech,4240
train,__hf__,0,librispeech,20121
train,/lambda/nfs/algovirginia/workspace/DeepfakeDetectionRenewed/data/vcc2020/audio/T12/task1/team12_intra-TEM2_SEM2_E30002.wav,1,VCC2020_T12,
train,/lambda/nfs/algovirginia/workspace/DeepfakeDetectionRenewed/data/wavefake/generated_audio/ljspeech_hifiGAN/LJ041-0094_generated.wav,1,ljspeech_hifiGAN,
train,__hf__,0,librispeech,23262
train,/lambda/nfs/algovirginia/workspace/DeepfakeDetectionRenewed/data/wavefake/generated_audio/ljspeech_full_band_melgan/LJ047-0250_gen.wav,1,ljspeech_full_band_melgan,
train,/lambda/nfs/algovirginia/workspace/DeepfakeDetectionRenewed/data/vcc2020/audio/T02/task1/team02_intra-TEM1_SEM1_E30001.wav,1,VCC2020_T02,
train,/lambda/nfs/algovirginia/workspace/DeepfakeDetectionRenewed/data/wavefake/generated_audio/common_voices_prompts_from_conformer_fastspeech2_pwg_ljspeech/gen_13811.wav,1,common_voices_prompts_from_conformer_fastspeech2_pwg_ljspeech,
train,/lambda/nfs/algovirginia/workspace/DeepfakeDetectionRenewed/data/vcc2020/audio/T02/task1/team02_intra-TEF2_SEM2_E30003.wav,1,VCC2020_T02,
train,__hf__,0,librispeech,22227
train,__hf__,0,librispeech,7708
train,__hf__,0,librispeech,13853
train,/lambda/nfs/algovirginia/workspace/DeepfakeDetectionRenewed/data/wavefake/generated_audio/common_voices_prompts_from_conformer_fastspeech2_pwg_ljspeech/gen_468.wav,1,common_voices_prompts_from_conformer_fastspeech2_pwg_ljspeech,
train,/lambda/nfs/algovirginia/workspace/DeepfakeDetectionRenewed/data/wavefake/generated_audio/common_voices_prompts_from_conformer_fastspeech2_pwg_ljspeech/gen_14316.wav,1,common_voices_prompts_from_conformer_fastspeech2_pwg_ljspeech,
train,__hf__,0,librispeech,15499
train,__hf__,0,librispeech,20529
train,/lambda/nfs/algovirginia/workspace/DeepfakeDetectionRenewed/data/vcc2020/audio/T03/task1/team03_intra-TEF1_SEM1_E30002.wav,1,VCC2020_T03,
train,__hf__,0,librispeech,17604
train,/lambda/nfs/algovirginia/workspace/DeepfakeDetectionRenewed/data/vcc2020/audio/T14/task1/team14_intra-TEF2_SEF1_E30001.wav,1,VCC2020_T14,
train,/lambda/nfs/algovirginia/workspace/DeepfakeDetectionRenewed/data/vcc2020/audio/T18/task1/team18_intra-TEF2_SEF1_E30001.wav,1,VCC2020_T18,
train,/lambda/nfs/algovirginia/workspace/DeepfakeDetectionRenewed/data/wavefake/generated_audio/ljspeech_full_band_melgan/LJ048-0015_gen.wav,1,ljspeech_full_band_melgan,
train,__hf__,0,librispeech,6338
train,__hf__,0,librispeech,3315
train,__hf__,0,librispeech,8818
train,__hf__,0,librispeech,2254
train,__hf__,0,librispeech,10368
train,__hf__,0,librispeech,21740
train,__hf__,0,librispeech,9385
train,/lambda/nfs/algovirginia/workspace/DeepfakeDetectionRenewed/data/wavefake/generated_audio/ljspeech_parallel_wavegan/LJ007-0089_gen.wav,1,ljspeech_parallel_wavegan,
train,/lambda/nfs/algovirginia/workspace/DeepfakeDetectionRenewed/data/vcc2020/audio/T31/task1/team31_intra-TEF1_SEF1_E30003.wav,1,VCC2020_T31,
train,/lambda/nfs/algovirginia/workspace/DeepfakeDetectionRenewed/data/vcc2020/audio/T13/task1/team13_intra-TEM2_SEF2_E30003.wav,1,VCC2020_T13,
train,__hf__,0,librispeech,27952
train,__hf__,0,librispeech,13352
train,/lambda/nfs/algovirginia/workspace/DeepfakeDetectionRenewed/data/vcc2020/audio/T08/task1/team08_intra-TEM2_SEM1_E30003.wav,1,VCC2020_T08,
train,/lambda/nfs/algovirginia/workspace/DeepfakeDetectionRenewed/data/wavefake/generated_audio/ljspeech_parallel_wavegan/LJ015-0291_gen.wav,1,ljspeech_parallel_wavegan,
train,__hf__,0,librispeech,22470
train,/lambda/nfs/algovirginia/workspace/DeepfakeDetectionRenewed/data/vcc2020/audio/T07/task1/team07_intra-TEF2_SEF2_E30001.wav,1,VCC2020_T07,
train,/lambda/nfs/algovirginia/workspace/DeepfakeDetectionRenewed/data/vcc2020/audio/T33/task1/team33_intra-TEM2_SEM1_E30005.wav,1,VCC2020_T33,
train,__hf__,0,librispeech,8969
train,__hf__,0,librispeech,15151
train,/lambda/nfs/algovirginia/workspace/DeepfakeDetectionRenewed/data/vcc2020/audio/T29/task1/team29_intra-TEM2_SEM1_E30001.wav,1,VCC2020_T29,
train,/lambda/nfs/algovirginia/workspace/DeepfakeDetectionRenewed/data/vcc2020/audio/T01/task1/team01_intra-TEF1_SEM1_E30004.wav,1,VCC2020_T01,
train,/lambda/nfs/algovirginia/workspace/DeepfakeDetectionRenewed/data/vcc2020/audio/T29/task1/team29_intra-TEM2_SEM2_E30003.wav,1,VCC2020_T29,
train,/lambda/nfs/algovirginia/workspace/DeepfakeDetectionRenewed/data/vcc2020/audio/T29/task1/team29_intra-TEM2_SEM2_E30001.wav,1,VCC2020_T29,
train,/lambda/nfs/algovirginia/workspace/DeepfakeDetectionRenewed/data/wavefake/generated_audio/ljspeech_parallel_wavegan/LJ006-0136_gen.wav,1,ljspeech_parallel_wavegan,
train,__hf__,0,librispeech,20550
train,/lambda/nfs/algovirginia/workspace/DeepfakeDetectionRenewed/data/wavefake/generated_audio/ljspeech_full_band_melgan/LJ046-0229_gen.wav,1,ljspeech_full_band_melgan,
train,/lambda/nfs/algovirginia/workspace/DeepfakeDetectionRenewed/data/wavefake/generated_audio/ljspeech_full_band_melgan/LJ016-0385_gen.wav,1,ljspeech_full_band_melgan,
train,__hf__,0,librispeech,8788
train,__hf__,0,librispeech,16999
train,/lambda/nfs/algovirginia/workspace/DeepfakeDetectionRenewed/data/wavefake/generated_audio/ljspeech_parallel_wavegan/LJ008-0007_gen.wav,1,ljspeech_parallel_wavegan,
train,/lambda/nfs/algovirginia/workspace/DeepfakeDetectionRenewed/data/vcc2020/audio/T13/task1/team13_intra-TEF2_SEM1_E30003.wav,1,VCC2020_T13,
train,/lambda/nfs/algovirginia/workspace/DeepfakeDetectionRenewed/data/wavefake/generated_audio/ljspeech_parallel_wavegan/LJ001-0138_gen.wav,1,ljspeech_parallel_wavegan,
train,__hf__,0,librispeech,16679
train,__hf__,0,librispeech,4879
train,/lambda/nfs/algovirginia/workspace/DeepfakeDetectionRenewed/data/wavefake/generated_audio/common_voices_prompts_from_conformer_fastspeech2_pwg_ljspeech/gen_2774.wav,1,common_voices_prompts_from_conformer_fastspeech2_pwg_ljspeech,
train,/lambda/nfs/algovirginia/workspace/DeepfakeDetectionRenewed/data/vcc2020/audio/T10/task1/team10_intra-TEM2_SEF2_E30001.wav,1,VCC2020_T10,
train,/lambda/nfs/algovirginia/workspace/DeepfakeDetectionRenewed/data/vcc2020/audio/T11/task1/team11_intra-TEF2_SEM2_E30004.wav,1,VCC2020_T11,
train,/lambda/nfs/algovirginia/workspace/DeepfakeDetectionRenewed/data/vcc2020/audio/T25/task1/team25_intra-TEM1_SEM1_E30005.wav,1,VCC2020_T25,
train,/lambda/nfs/algovirginia/workspace/DeepfakeDetectionRenewed/data/vcc2020/audio/T24/task1/team24_intra-TEF1_SEM1_E30004.wav,1,VCC2020_T24,
train,/lambda/nfs/algovirginia/workspace/DeepfakeDetectionRenewed/data/vcc2020/audio/T01/task1/team01_intra-TEM2_SEM1_E30002.wav,1,VCC2020_T01,
train,__hf__,0,librispeech,17291
train,__hf__,0,librispeech,2121
train,__hf__,0,librispeech,18194
train,__hf__,0,librispeech,17643
train,/lambda/nfs/algovirginia/workspace/DeepfakeDetectionRenewed/data/vcc2020/audio/T22/task1/team22_intra-TEM1_SEM2_E30005.wav,1,VCC2020_T22,
train,__hf__,0,librispeech,26991
train,__hf__,0,librispeech,8257
train,__hf__,0,librispeech,12865
train,__hf__,0,librispeech,8951
train,__hf__,0,librispeech,3129
train,/lambda/nfs/algovirginia/workspace/DeepfakeDetectionRenewed/data/vcc2020/audio/T25/task1/team25_intra-TEM2_SEF1_E30005.wav,1,VCC2020_T25,
train,__hf__,0,librispeech,2128
train,/lambda/nfs/algovirginia/workspace/DeepfakeDetectionRenewed/data/vcc2020/audio/T13/task1/team13_intra-TEM2_SEF1_E30004.wav,1,VCC2020_T13,
train,__hf__,0,librispeech,7588
train,/lambda/nfs/algovirginia/workspace/DeepfakeDetectionRenewed/data/wavefake/generated_audio/ljspeech_full_band_melgan/LJ038-0016_gen.wav,1,ljspeech_full_band_melgan,
train,__hf__,0,librispeech,17516
train,/lambda/nfs/algovirginia/workspace/DeepfakeDetectionRenewed/data/vcc2020/audio/T07/task1/team07_intra-TEM1_SEM2_E30003.wav,1,VCC2020_T07,
train,__hf__,0,librispeech,25411
train,__hf__,0,librispeech,6179
train,__hf__,0,librispeech,22206
train,/lambda/nfs/algovirginia/workspace/DeepfakeDetectionRenewed/data/wavefake/generated_audio/common_voices_prompts_from_conformer_fastspeech2_pwg_ljspeech/gen_2367.wav,1,common_voices_prompts_from_conformer_fastspeech2_pwg_ljspeech,
train,__hf__,0,librispeech,26886
train,__hf__,0,librispeech,15351
train,__hf__,0,librispeech,22217
train,__hf__,0,librispeech,7064
train,/lambda/nfs/algovirginia/workspace/DeepfakeDetectionRenewed/data/wavefake/generated_audio/ljspeech_full_band_melgan/LJ049-0051_gen.wav,1,ljspeech_full_band_melgan,
train,/lambda/nfs/algovirginia/workspace/DeepfakeDetectionRenewed/data/wavefake/generated_audio/common_voices_prompts_from_conformer_fastspeech2_pwg_ljspeech/gen_10225.wav,1,common_voices_prompts_from_conformer_fastspeech2_pwg_ljspeech,
train,/lambda/nfs/algovirginia/workspace/DeepfakeDetectionRenewed/data/wavefake/generated_audio/common_voices_prompts_from_conformer_fastspeech2_pwg_ljspeech/gen_180.wav,1,common_voices_prompts_from_conformer_fastspeech2_pwg_ljspeech,
train,/lambda/nfs/algovirginia/workspace/DeepfakeDetectionRenewed/data/vcc2020/audio/T27/task1/team27_intra-TEM2_SEF2_E30005.wav,1,VCC2020_T27,
train,/lambda/nfs/algovirginia/workspace/DeepfakeDetectionRenewed/data/vcc2020/audio/T16/task1/team16_intra-TEF2_SEM2_E30003.wav,1,VCC2020_T16,
train,/lambda/nfs/algovirginia/workspace/DeepfakeDetectionRenewed/data/wavefake/generated_audio/ljspeech_hifiGAN/LJ028-0407_generated.wav,1,ljspeech_hifiGAN,
train,/lambda/nfs/algovirginia/workspace/DeepfakeDetectionRenewed/data/vcc2020/audio/T06/task1/team06_intra-TEF1_SEF2_E30003.wav,1,VCC2020_T06,
train,__hf__,0,librispeech,21872
train,/lambda/nfs/algovirginia/workspace/DeepfakeDetectionRenewed/data/vcc2020/audio/T11/task1/team11_intra-TEF1_SEM2_E30002.wav,1,VCC2020_T11,
train,/lambda/nfs/algovirginia/workspace/DeepfakeDetectionRenewed/data/vcc2020/audio/T23/task1/team23_intra-TEM1_SEM1_E30005.wav,1,VCC2020_T23,
train,__hf__,0,librispeech,19776
train,__hf__,0,librispeech,14806
train,/lambda/nfs/algovirginia/workspace/DeepfakeDetectionRenewed/data/vcc2020/audio/T04/task1/team04_intra-TEF2_SEM2_E30002.wav,1,VCC2020_T04,
train,__hf__,0,librispeech,22552
train,__hf__,0,librispeech,6471
train,__hf__,0,librispeech,21278
train,/lambda/nfs/algovirginia/workspace/DeepfakeDetectionRenewed/data/wavefake/generated_audio/ljspeech_hifiGAN/LJ008-0204_generated.wav,1,ljspeech_hifiGAN,
train,/lambda/nfs/algovirginia/workspace/DeepfakeDetectionRenewed/data/wavefake/generated_audio/ljspeech_full_band_melgan/LJ005-0107_gen.wav,1,ljspeech_full_band_melgan,
train,/lambda/nfs/algovirginia/workspace/DeepfakeDetectionRenewed/data/wavefake/generated_audio/ljspeech_parallel_wavegan/LJ011-0292_gen.wav,1,ljspeech_parallel_wavegan,
train,__hf__,0,librispeech,4656
train,__hf__,0,librispeech,21271
train,/lambda/nfs/algovirginia/workspace/DeepfakeDetectionRenewed/data/wavefake/generated_audio/ljspeech_full_band_melgan/LJ028-0100_gen.wav,1,ljspeech_full_band_melgan,
train,/lambda/nfs/algovirginia/workspace/DeepfakeDetectionRenewed/data/wavefake/generated_audio/ljspeech_hifiGAN/LJ019-0183_generated.wav,1,ljspeech_hifiGAN,
train,__hf__,0,librispeech,4977
train,__hf__,0,librispeech,224
train,__hf__,0,librispeech,7326
train,/lambda/nfs/algovirginia/workspace/DeepfakeDetectionRenewed/data/wavefake/generated_audio/ljspeech_full_band_melgan/LJ028-0249_gen.wav,1,ljspeech_full_band_melgan,
train,__hf__,0,librispeech,10059
train,__hf__,0,librispeech,19792
train,__hf__,0,librispeech,18069
train,/lambda/nfs/algovirginia/workspace/DeepfakeDetectionRenewed/data/wavefake/generated_audio/ljspeech_full_band_melgan/LJ040-0104_gen.wav,1,ljspeech_full_band_melgan,
train,/lambda/nfs/algovirginia/workspace/DeepfakeDetectionRenewed/data/wavefake/generated_audio/common_voices_prompts_from_conformer_fastspeech2_pwg_ljspeech/gen_3611.wav,1,common_voices_prompts_from_conformer_fastspeech2_pwg_ljspeech,
train,__hf__,0,librispeech,10831
train,/lambda/nfs/algovirginia/workspace/DeepfakeDetectionRenewed/data/vcc2020/audio/T21/task1/team21_intra-TEF1_SEM2_E30002.wav,1,VCC2020_T21,
train,/lambda/nfs/algovirginia/workspace/DeepfakeDetectionRenewed/data/wavefake/generated_audio/ljspeech_full_band_melgan/LJ016-0224_gen.wav,1,ljspeech_full_band_melgan,
train,__hf__,0,librispeech,3964
train,__hf__,0,librispeech,13682
train,__hf__,0,librispeech,20841
train,/lambda/nfs/algovirginia/workspace/DeepfakeDetectionRenewed/data/wavefake/generated_audio/ljspeech_parallel_wavegan/LJ035-0065_gen.wav,1,ljspeech_parallel_wavegan,
train,__hf__,0,librispeech,22571
train,__hf__,0,librispeech,15720
train,/lambda/nfs/algovirginia/workspace/DeepfakeDetectionRenewed/data/wavefake/generated_audio/common_voices_prompts_from_conformer_fastspeech2_pwg_ljspeech/gen_3985.wav,1,common_voices_prompts_from_conformer_fastspeech2_pwg_ljspeech,
train,/lambda/nfs/algovirginia/workspace/DeepfakeDetectionRenewed/data/wavefake/generated_audio/common_voices_prompts_from_conformer_fastspeech2_pwg_ljspeech/gen_10886.wav,1,common_voices_prompts_from_conformer_fastspeech2_pwg_ljspeech,
train,/lambda/nfs/algovirginia/workspace/DeepfakeDetectionRenewed/data/wavefake/generated_audio/common_voices_prompts_from_conformer_fastspeech2_pwg_ljspeech/gen_9151.wav,1,common_voices_prompts_from_conformer_fastspeech2_pwg_ljspeech,
train,/lambda/nfs/algovirginia/workspace/DeepfakeDetectionRenewed/data/vcc2020/audio/T28/task1/team28_intra-TEM1_SEF2_E30005.wav,1,VCC2020_T28,
train,__hf__,0,librispeech,17125
train,__hf__,0,librispeech,10114
train,/lambda/nfs/algovirginia/workspace/DeepfakeDetectionRenewed/data/wavefake/generated_audio/common_voices_prompts_from_conformer_fastspeech2_pwg_ljspeech/gen_4840.wav,1,common_voices_prompts_from_conformer_fastspeech2_pwg_ljspeech,
train,__hf__,0,librispeech,90
train,/lambda/nfs/algovirginia/workspace/DeepfakeDetectionRenewed/data/vcc2020/audio/T28/task1/team28_intra-TEF2_SEF2_E30005.wav,1,VCC2020_T28,
train,/lambda/nfs/algovirginia/workspace/DeepfakeDetectionRenewed/data/wavefake/generated_audio/ljspeech_hifiGAN/LJ015-0058_generated.wav,1,ljspeech_hifiGAN,
train,__hf__,0,librispeech,20563
train,__hf__,0,librispeech,8660
train,__hf__,0,librispeech,11706
train,/lambda/nfs/algovirginia/workspace/DeepfakeDetectionRenewed/data/vcc2020/audio/T14/task1/team14_intra-TEM1_SEF1_E30002.wav,1,VCC2020_T14,
train,__hf__,0,librispeech,16081
train,__hf__,0,librispeech,21384
train,/lambda/nfs/algovirginia/workspace/DeepfakeDetectionRenewed/data/vcc2020/audio/T26/task1/team26_intra-TEF1_SEM2_E30001.wav,1,VCC2020_T26,
train,/lambda/nfs/algovirginia/workspace/DeepfakeDetectionRenewed/data/wavefake/generated_audio/ljspeech_parallel_wavegan/LJ033-0010_gen.wav,1,ljspeech_parallel_wavegan,
train,/lambda/nfs/algovirginia/workspace/DeepfakeDetectionRenewed/data/wavefake/generated_audio/ljspeech_hifiGAN/LJ029-0044_generated.wav,1,ljspeech_hifiGAN,
train,__hf__,0,librispeech,1995
train,__hf__,0,librispeech,19243
train,/lambda/nfs/algovirginia/workspace/DeepfakeDetectionRenewed/data/vcc2020/audio/T13/task1/team13_intra-TEM2_SEM2_E30004.wav,1,VCC2020_T13,
train,__hf__,0,librispeech,17802
train,__hf__,0,librispeech,1220
train,/lambda/nfs/algovirginia/workspace/DeepfakeDetectionRenewed/data/vcc2020/audio/T19/task1/team19_intra-TEM2_SEM1_E30002.wav,1,VCC2020_T19,
train,__hf__,0,librispeech,11141
train,__hf__,0,librispeech,23321
train,/lambda/nfs/algovirginia/workspace/DeepfakeDetectionRenewed/data/vcc2020/audio/T16/task1/team16_intra-TEM1_SEM1_E30005.wav,1,VCC2020_T16,
train,/lambda/nfs/algovirginia/workspace/DeepfakeDetectionRenewed/data/wavefake/generated_audio/ljspeech_hifiGAN/LJ049-0185_generated.wav,1,ljspeech_hifiGAN,
train,__hf__,0,librispeech,20302
train,__hf__,0,librispeech,27839
train,/lambda/nfs/algovirginia/workspace/DeepfakeDetectionRenewed/data/wavefake/generated_audio/ljspeech_hifiGAN/LJ039-0188_generated.wav,1,ljspeech_hifiGAN,
train,__hf__,0,librispeech,26950
train,/lambda/nfs/algovirginia/workspace/DeepfakeDetectionRenewed/data/wavefake/generated_audio/ljspeech_parallel_wavegan/LJ038-0051_gen.wav,1,ljspeech_parallel_wavegan,
train,/lambda/nfs/algovirginia/workspace/DeepfakeDetectionRenewed/data/wavefake/generated_audio/common_voices_prompts_from_conformer_fastspeech2_pwg_ljspeech/gen_14844.wav,1,common_voices_prompts_from_conformer_fastspeech2_pwg_ljspeech,
train,/lambda/nfs/algovirginia/workspace/DeepfakeDetectionRenewed/data/vcc2020/audio/T10/task1/team10_intra-TEF1_SEF2_E30004.wav,1,VCC2020_T10,
train,__hf__,0,librispeech,2577
train,__hf__,0,librispeech,9792
train,/lambda/nfs/algovirginia/workspace/DeepfakeDetectionRenewed/data/wavefake/generated_audio/ljspeech_parallel_wavegan/LJ016-0021_gen.wav,1,ljspeech_parallel_wavegan,
train,/lambda/nfs/algovirginia/workspace/DeepfakeDetectionRenewed/data/wavefake/generated_audio/ljspeech_full_band_melgan/LJ008-0276_gen.wav,1,ljspeech_full_band_melgan,
train,/lambda/nfs/algovirginia/workspace/DeepfakeDetectionRenewed/data/vcc2020/audio/T11/task1/team11_intra-TEM2_SEF2_E30003.wav,1,VCC2020_T11,
train,/lambda/nfs/algovirginia/workspace/DeepfakeDetectionRenewed/data/wavefake/generated_audio/ljspeech_parallel_wavegan/LJ018-0078_gen.wav,1,ljspeech_parallel_wavegan,
train,__hf__,0,librispeech,27587
train,/lambda/nfs/algovirginia/workspace/DeepfakeDetectionRenewed/data/wavefake/generated_audio/common_voices_prompts_from_conformer_fastspeech2_pwg_ljspeech/gen_7946.wav,1,common_voices_prompts_from_conformer_fastspeech2_pwg_ljspeech,
train,__hf__,0,librispeech,17007
train,__hf__,0,librispeech,15472
train,/lambda/nfs/algovirginia/workspace/DeepfakeDetectionRenewed/data/vcc2020/audio/T23/task1/team23_intra-TEM2_SEM2_E30001.wav,1,VCC2020_T23,
train,/lambda/nfs/algovirginia/workspace/DeepfakeDetectionRenewed/data/wavefake/generated_audio/ljspeech_parallel_wavegan/LJ034-0110_gen.wav,1,ljspeech_parallel_wavegan,
train,__hf__,0,librispeech,17092
train,__hf__,0,librispeech,19246
train,__hf__,0,librispeech,11596
train,__hf__,0,librispeech,3012
train,__hf__,0,librispeech,8747
train,__hf__,0,librispeech,11709
train,__hf__,0,librispeech,7793
train,/lambda/nfs/algovirginia/workspace/DeepfakeDetectionRenewed/data/wavefake/generated_audio/ljspeech_full_band_melgan/LJ017-0149_gen.wav,1,ljspeech_full_band_melgan,
train,/lambda/nfs/algovirginia/workspace/DeepfakeDetectionRenewed/data/vcc2020/audio/T31/task1/team31_intra-TEM1_SEF2_E30004.wav,1,VCC2020_T31,
train,/lambda/nfs/algovirginia/workspace/DeepfakeDetectionRenewed/data/vcc2020/audio/T09/task1/team09_intra-TEM1_SEM1_E30001.wav,1,VCC2020_T09,
train,/lambda/nfs/algovirginia/workspace/DeepfakeDetectionRenewed/data/wavefake/generated_audio/ljspeech_parallel_wavegan/LJ009-0270_gen.wav,1,ljspeech_parallel_wavegan,
train,__hf__,0,librispeech,5111
train,/lambda/nfs/algovirginia/workspace/DeepfakeDetectionRenewed/data/vcc2020/audio/T22/task1/team22_intra-TEF2_SEF2_E30004.wav,1,VCC2020_T22,
train,__hf__,0,librispeech,24500
train,/lambda/nfs/algovirginia/workspace/DeepfakeDetectionRenewed/data/vcc2020/audio/T22/task1/team22_intra-TEF2_SEF1_E30001.wav,1,VCC2020_T22,
train,__hf__,0,librispeech,7879
train,/lambda/nfs/algovirginia/workspace/DeepfakeDetectionRenewed/data/wavefake/generated_audio/common_voices_prompts_from_conformer_fastspeech2_pwg_ljspeech/gen_13038.wav,1,common_voices_prompts_from_conformer_fastspeech2_pwg_ljspeech,
train,/lambda/nfs/algovirginia/workspace/DeepfakeDetectionRenewed/data/wavefake/generated_audio/ljspeech_parallel_wavegan/LJ040-0120_gen.wav,1,ljspeech_parallel_wavegan,
train,/lambda/nfs/algovirginia/workspace/DeepfakeDetectionRenewed/data/vcc2020/audio/T32/task1/team32_intra-TEM1_SEM1_E30005.wav,1,VCC2020_T32,
train,/lambda/nfs/algovirginia/workspace/DeepfakeDetectionRenewed/data/vcc2020/audio/T19/task1/team19_intra-TEM1_SEF2_E30001.wav,1,VCC2020_T19,
train,/lambda/nfs/algovirginia/workspace/DeepfakeDetectionRenewed/data/vcc2020/audio/T18/task1/team18_intra-TEF1_SEM2_E30004.wav,1,VCC2020_T18,
train,__hf__,0,librispeech,4013
train,/lambda/nfs/algovirginia/workspace/DeepfakeDetectionRenewed/data/vcc2020/audio/T06/task1/team06_intra-TEM1_SEM1_E30005.wav,1,VCC2020_T06,
train,__hf__,0,librispeech,640
train,/lambda/nfs/algovirginia/workspace/DeepfakeDetectionRenewed/data/wavefake/generated_audio/common_voices_prompts_from_conformer_fastspeech2_pwg_ljspeech/gen_15161.wav,1,common_voices_prompts_from_conformer_fastspeech2_pwg_ljspeech,
train,__hf__,0,librispeech,9094
train,/lambda/nfs/algovirginia/workspace/DeepfakeDetectionRenewed/data/vcc2020/audio/T14/task1/team14_intra-TEF1_SEM2_E30001.wav,1,VCC2020_T14,
train,/lambda/nfs/algovirginia/workspace/DeepfakeDetectionRenewed/data/wavefake/generated_audio/common_voices_prompts_from_conformer_fastspeech2_pwg_ljspeech/gen_12012.wav,1,common_voices_prompts_from_conformer_fastspeech2_pwg_ljspeech,
train,/lambda/nfs/algovirginia/workspace/DeepfakeDetectionRenewed/data/vcc2020/audio/T20/task1/team20_intra-TEM2_SEF2_E30001.wav,1,VCC2020_T20,
train,__hf__,0,librispeech,8971
train,__hf__,0,librispeech,5448
train,__hf__,0,librispeech,17421
train,__hf__,0,librispeech,11790
train,__hf__,0,librispeech,27424
train,/lambda/nfs/algovirginia/workspace/DeepfakeDetectionRenewed/data/wavefake/generated_audio/ljspeech_full_band_melgan/LJ044-0207_gen.wav,1,ljspeech_full_band_melgan,
train,/lambda/nfs/algovirginia/workspace/DeepfakeDetectionRenewed/data/wavefake/generated_audio/ljspeech_hifiGAN/LJ018-0043_generated.wav,1,ljspeech_hifiGAN,
train,__hf__,0,librispeech,8648
train,/lambda/nfs/algovirginia/workspace/DeepfakeDetectionRenewed/data/vcc2020/audio/T16/task1/team16_intra-TEM1_SEF2_E30001.wav,1,VCC2020_T16,
train,__hf__,0,librispeech,21107
train,__hf__,0,librispeech,5746
train,/lambda/nfs/algovirginia/workspace/DeepfakeDetectionRenewed/data/wavefake/generated_audio/ljspeech_parallel_wavegan/LJ015-0029_gen.wav,1,ljspeech_parallel_wavegan,
train,__hf__,0,librispeech,6281
train,__hf__,0,librispeech,20891
train,__hf__,0,librispeech,6066
train,__hf__,0,librispeech,20114
train,/lambda/nfs/algovirginia/workspace/DeepfakeDetectionRenewed/data/vcc2020/audio/T19/task1/team19_intra-TEF1_SEF1_E30002.wav,1,VCC2020_T19,
train,__hf__,0,librispeech,173
train,/lambda/nfs/algovirginia/workspace/DeepfakeDetectionRenewed/data/wavefake/generated_audio/common_voices_prompts_from_conformer_fastspeech2_pwg_ljspeech/gen_6372.wav,1,common_voices_prompts_from_conformer_fastspeech2_pwg_ljspeech,
train,/lambda/nfs/algovirginia/workspace/DeepfakeDetectionRenewed/data/wavefake/generated_audio/ljspeech_hifiGAN/LJ046-0033_generated.wav,1,ljspeech_hifiGAN,
train,__hf__,0,librispeech,6842
train,__hf__,0,librispeech,25623
train,__hf__,0,librispeech,25661
train,/lambda/nfs/algovirginia/workspace/DeepfakeDetectionRenewed/data/wavefake/generated_audio/ljspeech_parallel_wavegan/LJ004-0104_gen.wav,1,ljspeech_parallel_wavegan,
train,/lambda/nfs/algovirginia/workspace/DeepfakeDetectionRenewed/data/wavefake/generated_audio/ljspeech_parallel_wavegan/LJ050-0246_gen.wav,1,ljspeech_parallel_wavegan,
train,__hf__,0,librispeech,7441
train,/lambda/nfs/algovirginia/workspace/DeepfakeDetectionRenewed/data/wavefake/generated_audio/ljspeech_parallel_wavegan/LJ034-0088_gen.wav,1,ljspeech_parallel_wavegan,
train,__hf__,0,librispeech,12785
train,/lambda/nfs/algovirginia/workspace/DeepfakeDetectionRenewed/data/wavefake/generated_audio/common_voices_prompts_from_conformer_fastspeech2_pwg_ljspeech/gen_12955.wav,1,common_voices_prompts_from_conformer_fastspeech2_pwg_ljspeech,
train,/lambda/nfs/algovirginia/workspace/DeepfakeDetectionRenewed/data/wavefake/generated_audio/ljspeech_full_band_melgan/LJ015-0249_gen.wav,1,ljspeech_full_band_melgan,
train,__hf__,0,librispeech,23899
train,/lambda/nfs/algovirginia/workspace/DeepfakeDetectionRenewed/data/wavefake/generated_audio/ljspeech_parallel_wavegan/LJ013-0214_gen.wav,1,ljspeech_parallel_wavegan,
train,__hf__,0,librispeech,12300
train,__hf__,0,librispeech,18231
train,__hf__,0,librispeech,18338
train,/lambda/nfs/algovirginia/workspace/DeepfakeDetectionRenewed/data/vcc2020/audio/T33/task1/team33_intra-TEM2_SEM1_E30001.wav,1,VCC2020_T33,
train,__hf__,0,librispeech,20638
train,/lambda/nfs/algovirginia/workspace/DeepfakeDetectionRenewed/data/wavefake/generated_audio/common_voices_prompts_from_conformer_fastspeech2_pwg_ljspeech/gen_11616.wav,1,common_voices_prompts_from_conformer_fastspeech2_pwg_ljspeech,
train,__hf__,0,librispeech,15329
train,/lambda/nfs/algovirginia/workspace/DeepfakeDetectionRenewed/data/wavefake/generated_audio/ljspeech_parallel_wavegan/LJ029-0210_gen.wav,1,ljspeech_parallel_wavegan,
train,__hf__,0,librispeech,3801
train,__hf__,0,librispeech,17405
train,__hf__,0,librispeech,25181
train,/lambda/nfs/algovirginia/workspace/DeepfakeDetectionRenewed/data/wavefake/generated_audio/ljspeech_hifiGAN/LJ036-0108_generated.wav,1,ljspeech_hifiGAN,
train,/lambda/nfs/algovirginia/workspace/DeepfakeDetectionRenewed/data/wavefake/generated_audio/common_voices_prompts_from_conformer_fastspeech2_pwg_ljspeech/gen_6364.wav,1,common_voices_prompts_from_conformer_fastspeech2_pwg_ljspeech,
train,/lambda/nfs/algovirginia/workspace/DeepfakeDetectionRenewed/data/wavefake/generated_audio/ljspeech_parallel_wavegan/LJ048-0277_gen.wav,1,ljspeech_parallel_wavegan,
train,__hf__,0,librispeech,6690
train,/lambda/nfs/algovirginia/workspace/DeepfakeDetectionRenewed/data/vcc2020/audio/T07/task1/team07_intra-TEF1_SEF1_E30004.wav,1,VCC2020_T07,
train,__hf__,0,librispeech,15149
train,/lambda/nfs/algovirginia/workspace/DeepfakeDetectionRenewed/data/wavefake/generated_audio/ljspeech_full_band_melgan/LJ042-0236_gen.wav,1,ljspeech_full_band_melgan,
train,/lambda/nfs/algovirginia/workspace/DeepfakeDetectionRenewed/data/wavefake/generated_audio/ljspeech_hifiGAN/LJ018-0083_generated.wav,1,ljspeech_hifiGAN,
train,__hf__,0,librispeech,4617
train,/lambda/nfs/algovirginia/workspace/DeepfakeDetectionRenewed/data/vcc2020/audio/T08/task1/team08_intra-TEF2_SEF2_E30002.wav,1,VCC2020_T08,
train,__hf__,0,librispeech,3286
train,__hf__,0,librispeech,17158
train,/lambda/nfs/algovirginia/workspace/DeepfakeDetectionRenewed/data/wavefake/generated_audio/common_voices_prompts_from_conformer_fastspeech2_pwg_ljspeech/gen_14072.wav,1,common_voices_prompts_from_conformer_fastspeech2_pwg_ljspeech,
train,__hf__,0,librispeech,22527
train,/lambda/nfs/algovirginia/workspace/DeepfakeDetectionRenewed/data/vcc2020/audio/T22/task1/team22_intra-TEF2_SEM2_E30004.wav,1,VCC2020_T22,
train,/lambda/nfs/algovirginia/workspace/DeepfakeDetectionRenewed/data/vcc2020/audio/T33/task1/team33_intra-TEF2_SEF2_E30001.wav,1,VCC2020_T33,
train,/lambda/nfs/algovirginia/workspace/DeepfakeDetectionRenewed/data/wavefake/generated_audio/ljspeech_hifiGAN/LJ019-0247_generated.wav,1,ljspeech_hifiGAN,
train,/lambda/nfs/algovirginia/workspace/DeepfakeDetectionRenewed/data/wavefake/generated_audio/common_voices_prompts_from_conformer_fastspeech2_pwg_ljspeech/gen_8892.wav,1,common_voices_prompts_from_conformer_fastspeech2_pwg_ljspeech,
train,__hf__,0,librispeech,19211
train,/lambda/nfs/algovirginia/workspace/DeepfakeDetectionRenewed/data/wavefake/generated_audio/common_voices_prompts_from_conformer_fastspeech2_pwg_ljspeech/gen_15050.wav,1,common_voices_prompts_from_conformer_fastspeech2_pwg_ljspeech,
train,/lambda/nfs/algovirginia/workspace/DeepfakeDetectionRenewed/data/wavefake/generated_audio/ljspeech_hifiGAN/LJ018-0213_generated.wav,1,ljspeech_hifiGAN,
train,__hf__,0,librispeech,10950
train,__hf__,0,librispeech,13180
train,/lambda/nfs/algovirginia/workspace/DeepfakeDetectionRenewed/data/vcc2020/audio/T23/task1/team23_intra-TEM2_SEM1_E30001.wav,1,VCC2020_T23,
train,/lambda/nfs/algovirginia/workspace/DeepfakeDetectionRenewed/data/vcc2020/audio/T04/task1/team04_intra-TEM1_SEM2_E30003.wav,1,VCC2020_T04,
train,__hf__,0,librispeech,13703
train,/lambda/nfs/algovirginia/workspace/DeepfakeDetectionRenewed/data/wavefake/generated_audio/ljspeech_parallel_wavegan/LJ030-0206_gen.wav,1,ljspeech_parallel_wavegan,
train,/lambda/nfs/algovirginia/workspace/DeepfakeDetectionRenewed/data/wavefake/generated_audio/ljspeech_hifiGAN/LJ043-0074_generated.wav,1,ljspeech_hifiGAN,
train,__hf__,0,librispeech,19471
train,__hf__,0,librispeech,11655
train,__hf__,0,librispeech,19959
train,__hf__,0,librispeech,651
train,/lambda/nfs/algovirginia/workspace/DeepfakeDetectionRenewed/data/vcc2020/audio/T22/task1/team22_intra-TEM2_SEM2_E30004.wav,1,VCC2020_T22,
train,__hf__,0,librispeech,25289
train,__hf__,0,librispeech,26313
train,__hf__,0,librispeech,18057
train,__hf__,0,librispeech,19426
train,__hf__,0,librispeech,15230
train,/lambda/nfs/algovirginia/workspace/DeepfakeDetectionRenewed/data/vcc2020/audio/T23/task1/team23_intra-TEF2_SEM2_E30002.wav,1,VCC2020_T23,
train,/lambda/nfs/algovirginia/workspace/DeepfakeDetectionRenewed/data/vcc2020/audio/T16/task1/team16_intra-TEF2_SEF2_E30003.wav,1,VCC2020_T16,
train,/lambda/nfs/algovirginia/workspace/DeepfakeDetectionRenewed/data/vcc2020/audio/T27/task1/team27_intra-TEM2_SEM2_E30004.wav,1,VCC2020_T27,
train,__hf__,0,librispeech,9830
train,__hf__,0,librispeech,19996
train,__hf__,0,librispeech,17219
train,/lambda/nfs/algovirginia/workspace/DeepfakeDetectionRenewed/data/vcc2020/audio/T28/task1/team28_intra-TEF1_SEF2_E30001.wav,1,VCC2020_T28,
train,/lambda/nfs/algovirginia/workspace/DeepfakeDetectionRenewed/data/vcc2020/audio/T09/task1/team09_intra-TEM2_SEF2_E30001.wav,1,VCC2020_T09,
train,/lambda/nfs/algovirginia/workspace/DeepfakeDetectionRenewed/data/vcc2020/audio/T25/task1/team25_intra-TEM1_SEM2_E30003.wav,1,VCC2020_T25,
train,__hf__,0,librispeech,23638
train,__hf__,0,librispeech,11418
train,/lambda/nfs/algovirginia/workspace/DeepfakeDetectionRenewed/data/vcc2020/audio/T20/task1/team20_intra-TEF1_SEM1_E30002.wav,1,VCC2020_T20,
train,__hf__,0,librispeech,16869
train,__hf__,0,librispeech,7320
train,/lambda/nfs/algovirginia/workspace/DeepfakeDetectionRenewed/data/vcc2020/audio/T29/task1/team29_intra-TEF2_SEF2_E30004.wav,1,VCC2020_T29,
train,__hf__,0,librispeech,10753
train,__hf__,0,librispeech,16278
train,/lambda/nfs/algovirginia/workspace/DeepfakeDetectionRenewed/data/vcc2020/audio/T27/task1/team27_intra-TEM2_SEF1_E30004.wav,1,VCC2020_T27,
train,/lambda/nfs/algovirginia/workspace/DeepfakeDetectionRenewed/data/wavefake/generated_audio/ljspeech_full_band_melgan/LJ010-0270_gen.wav,1,ljspeech_full_band_melgan,
train,__hf__,0,librispeech,25132
train,__hf__,0,librispeech,8581
train,__hf__,0,librispeech,12398
train,/lambda/nfs/algovirginia/workspace/DeepfakeDetectionRenewed/data/wavefake/generated_audio/ljspeech_full_band_melgan/LJ010-0028_gen.wav,1,ljspeech_full_band_melgan,
train,__hf__,0,librispeech,27739
train,__hf__,0,librispeech,244
train,/lambda/nfs/algovirginia/workspace/DeepfakeDetectionRenewed/data/wavefake/generated_audio/ljspeech_parallel_wavegan/LJ031-0046_gen.wav,1,ljspeech_parallel_wavegan,
train,/lambda/nfs/algovirginia/workspace/DeepfakeDetectionRenewed/data/vcc2020/audio/T22/task1/team22_intra-TEF2_SEM1_E30004.wav,1,VCC2020_T22,
train,/lambda/nfs/algovirginia/workspace/DeepfakeDetectionRenewed/data/wavefake/generated_audio/ljspeech_full_band_melgan/LJ018-0124_gen.wav,1,ljspeech_full_band_melgan,
train,__hf__,0,librispeech,20599
train,/lambda/nfs/algovirginia/workspace/DeepfakeDetectionRenewed/data/vcc2020/audio/T07/task1/team07_intra-TEM2_SEF1_E30005.wav,1,VCC2020_T07,
train,__hf__,0,librispeech,16064
train,__hf__,0,librispeech,15026
train,/lambda/nfs/algovirginia/workspace/DeepfakeDetectionRenewed/data/wavefake/generated_audio/ljspeech_parallel_wavegan/LJ017-0149_gen.wav,1,ljspeech_parallel_wavegan,
train,__hf__,0,librispeech,18005
train,/lambda/nfs/algovirginia/workspace/DeepfakeDetectionRenewed/data/vcc2020/audio/T08/task1/team08_intra-TEF1_SEM1_E30002.wav,1,VCC2020_T08,
train,__hf__,0,librispeech,28009
train,/lambda/nfs/algovirginia/workspace/DeepfakeDetectionRenewed/data/vcc2020/audio/T06/task1/team06_intra-TEM1_SEF2_E30004.wav,1,VCC2020_T06,
train,/lambda/nfs/algovirginia/workspace/DeepfakeDetectionRenewed/data/vcc2020/audio/T14/task1/team14_intra-TEF1_SEM1_E30003.wav,1,VCC2020_T14,
train,/lambda/nfs/algovirginia/workspace/DeepfakeDetectionRenewed/data/wavefake/generated_audio/ljspeech_hifiGAN/LJ017-0235_generated.wav,1,ljspeech_hifiGAN,
train,__hf__,0,librispeech,19898
train,__hf__,0,librispeech,20423
train,/lambda/nfs/algovirginia/workspace/DeepfakeDetectionRenewed/data/vcc2020/audio/T27/task1/team27_intra-TEF2_SEM1_E30003.wav,1,VCC2020_T27,
train,/lambda/nfs/algovirginia/workspace/DeepfakeDetectionRenewed/data/vcc2020/audio/T30/task1/team30_intra-TEF2_SEM2_E30001.wav,1,VCC2020_T30,
train,__hf__,0,librispeech,13099
train,__hf__,0,librispeech,12673
train,__hf__,0,librispeech,11239
train,__hf__,0,librispeech,4557
train,__hf__,0,librispeech,24354
train,/lambda/nfs/algovirginia/workspace/DeepfakeDetectionRenewed/data/wavefake/generated_audio/ljspeech_hifiGAN/LJ030-0215_generated.wav,1,ljspeech_hifiGAN,
train,__hf__,0,librispeech,18313
train,__hf__,0,librispeech,2448
train,/lambda/nfs/algovirginia/workspace/DeepfakeDetectionRenewed/data/wavefake/generated_audio/ljspeech_parallel_wavegan/LJ048-0152_gen.wav,1,ljspeech_parallel_wavegan,
train,/lambda/nfs/algovirginia/workspace/DeepfakeDetectionRenewed/data/vcc2020/audio/T19/task1/team19_intra-TEM1_SEF1_E30005.wav,1,VCC2020_T19,
train,__hf__,0,librispeech,10599
train,/lambda/nfs/algovirginia/workspace/DeepfakeDetectionRenewed/data/wavefake/generated_audio/ljspeech_full_band_melgan/LJ035-0008_gen.wav,1,ljspeech_full_band_melgan,
train,/lambda/nfs/algovirginia/workspace/DeepfakeDetectionRenewed/data/vcc2020/audio/T12/task1/team12_intra-TEM1_SEM2_E30005.wav,1,VCC2020_T12,
train,__hf__,0,librispeech,15066
train,/lambda/nfs/algovirginia/workspace/DeepfakeDetectionRenewed/data/vcc2020/audio/T12/task1/team12_intra-TEM2_SEM1_E30004.wav,1,VCC2020_T12,
train,/lambda/nfs/algovirginia/workspace/DeepfakeDetectionRenewed/data/wavefake/generated_audio/ljspeech_hifiGAN/LJ001-0074_generated.wav,1,ljspeech_hifiGAN,
train,/lambda/nfs/algovirginia/workspace/DeepfakeDetectionRenewed/data/vcc2020/audio/T19/task1/team19_intra-TEM2_SEM1_E30001.wav,1,VCC2020_T19,
train,__hf__,0,librispeech,5439
train,__hf__,0,librispeech,28503
train,/lambda/nfs/algovirginia/workspace/DeepfakeDetectionRenewed/data/vcc2020/audio/T20/task1/team20_intra-TEF2_SEM1_E30002.wav,1,VCC2020_T20,
train,__hf__,0,librispeech,5519
train,/lambda/nfs/algovirginia/workspace/DeepfakeDetectionRenewed/data/wavefake/generated_audio/ljspeech_parallel_wavegan/LJ032-0222_gen.wav,1,ljspeech_parallel_wavegan,
train,/lambda/nfs/algovirginia/workspace/DeepfakeDetectionRenewed/data/wavefake/generated_audio/ljspeech_hifiGAN/LJ015-0096_generated.wav,1,ljspeech_hifiGAN,
train,__hf__,0,librispeech,15370
train,__hf__,0,librispeech,13421
train,/lambda/nfs/algovirginia/workspace/DeepfakeDetectionRenewed/data/wavefake/generated_audio/ljspeech_full_band_melgan/LJ041-0080_gen.wav,1,ljspeech_full_band_melgan,
train,/lambda/nfs/algovirginia/workspace/DeepfakeDetectionRenewed/data/vcc2020/audio/T08/task1/team08_intra-TEF1_SEF1_E30004.wav,1,VCC2020_T08,
train,/lambda/nfs/algovirginia/workspace/DeepfakeDetectionRenewed/data/vcc2020/audio/T08/task1/team08_intra-TEM2_SEM1_E30001.wav,1,VCC2020_T08,
train,/lambda/nfs/algovirginia/workspace/DeepfakeDetectionRenewed/data/wavefake/generated_audio/common_voices_prompts_from_conformer_fastspeech2_pwg_ljspeech/gen_10651.wav,1,common_voices_prompts_from_conformer_fastspeech2_pwg_ljspeech,
train,/lambda/nfs/algovirginia/workspace/DeepfakeDetectionRenewed/data/wavefake/generated_audio/ljspeech_hifiGAN/LJ010-0151_generated.wav,1,ljspeech_hifiGAN,
train,/lambda/nfs/algovirginia/workspace/DeepfakeDetectionRenewed/data/vcc2020/audio/T31/task1/team31_intra-TEM1_SEM2_E30005.wav,1,VCC2020_T31,
train,__hf__,0,librispeech,25628
train,/lambda/nfs/algovirginia/workspace/DeepfakeDetectionRenewed/data/vcc2020/audio/T12/task1/team12_intra-TEM1_SEF2_E30005.wav,1,VCC2020_T12,
train,/lambda/nfs/algovirginia/workspace/DeepfakeDetectionRenewed/data/vcc2020/audio/T25/task1/team25_intra-TEF1_SEF1_E30003.wav,1,VCC2020_T25,
train,__hf__,0,librispeech,22569
train,__hf__,0,librispeech,4174
train,/lambda/nfs/algovirginia/workspace/DeepfakeDetectionRenewed/data/vcc2020/audio/T32/task1/team32_intra-TEM2_SEF1_E30005.wav,1,VCC2020_T32,
train,/lambda/nfs/algovirginia/workspace/DeepfakeDetectionRenewed/data/vcc2020/audio/T29/task1/team29_intra-TEM1_SEM2_E30002.wav,1,VCC2020_T29,
train,/lambda/nfs/algovirginia/workspace/DeepfakeDetectionRenewed/data/wavefake/generated_audio/ljspeech_hifiGAN/LJ036-0030_generated.wav,1,ljspeech_hifiGAN,
train,__hf__,0,librispeech,27713
train,__hf__,0,librispeech,27908
train,__hf__,0,librispeech,14334
train,__hf__,0,librispeech,26520
train,/lambda/nfs/algovirginia/workspace/DeepfakeDetectionRenewed/data/wavefake/generated_audio/ljspeech_full_band_melgan/LJ011-0025_gen.wav,1,ljspeech_full_band_melgan,
train,/lambda/nfs/algovirginia/workspace/DeepfakeDetectionRenewed/data/vcc2020/audio/T08/task1/team08_intra-TEM2_SEM1_E30004.wav,1,VCC2020_T08,
train,/lambda/nfs/algovirginia/workspace/DeepfakeDetectionRenewed/data/wavefake/generated_audio/common_voices_prompts_from_conformer_fastspeech2_pwg_ljspeech/gen_2151.wav,1,common_voices_prompts_from_conformer_fastspeech2_pwg_ljspeech,
train,__hf__,0,librispeech,20348
train,__hf__,0,librispeech,9276
train,/lambda/nfs/algovirginia/workspace/DeepfakeDetectionRenewed/data/vcc2020/audio/T06/task1/team06_intra-TEM1_SEF1_E30003.wav,1,VCC2020_T06,
train,/lambda/nfs/algovirginia/workspace/DeepfakeDetectionRenewed/data/wavefake/generated_audio/ljspeech_parallel_wavegan/LJ014-0004_gen.wav,1,ljspeech_parallel_wavegan,
train,/lambda/nfs/algovirginia/workspace/DeepfakeDetectionRenewed/data/wavefake/generated_audio/common_voices_prompts_from_conformer_fastspeech2_pwg_ljspeech/gen_12520.wav,1,common_voices_prompts_from_conformer_fastspeech2_pwg_ljspeech,
train,__hf__,0,librispeech,22814
train,/lambda/nfs/algovirginia/workspace/DeepfakeDetectionRenewed/data/wavefake/generated_audio/ljspeech_full_band_melgan/LJ037-0206_gen.wav,1,ljspeech_full_band_melgan,
train,__hf__,0,librispeech,23609
train,__hf__,0,librispeech,12920
train,__hf__,0,librispeech,18494
train,__hf__,0,librispeech,6508
train,__hf__,0,librispeech,23659
train,/lambda/nfs/algovirginia/workspace/DeepfakeDetectionRenewed/data/wavefake/generated_audio/ljspeech_full_band_melgan/LJ019-0006_gen.wav,1,ljspeech_full_band_melgan,
train,__hf__,0,librispeech,21804
train,__hf__,0,librispeech,11771
train,/lambda/nfs/algovirginia/workspace/DeepfakeDetectionRenewed/data/wavefake/generated_audio/ljspeech_parallel_wavegan/LJ004-0227_gen.wav,1,ljspeech_parallel_wavegan,
train,/lambda/nfs/algovirginia/workspace/DeepfakeDetectionRenewed/data/wavefake/generated_audio/common_voices_prompts_from_conformer_fastspeech2_pwg_ljspeech/gen_14593.wav,1,common_voices_prompts_from_conformer_fastspeech2_pwg_ljspeech,
train,/lambda/nfs/algovirginia/workspace/DeepfakeDetectionRenewed/data/wavefake/generated_audio/common_voices_prompts_from_conformer_fastspeech2_pwg_ljspeech/gen_6770.wav,1,common_voices_prompts_from_conformer_fastspeech2_pwg_ljspeech,
train,/lambda/nfs/algovirginia/workspace/DeepfakeDetectionRenewed/data/vcc2020/audio/T32/task1/team32_intra-TEM1_SEM1_E30003.wav,1,VCC2020_T32,
train,/lambda/nfs/algovirginia/workspace/DeepfakeDetectionRenewed/data/wavefake/generated_audio/ljspeech_hifiGAN/LJ018-0036_generated.wav,1,ljspeech_hifiGAN,
train,__hf__,0,librispeech,389
train,/lambda/nfs/algovirginia/workspace/DeepfakeDetectionRenewed/data/vcc2020/audio/T19/task1/team19_intra-TEF2_SEF2_E30003.wav,1,VCC2020_T19,
train,/lambda/nfs/algovirginia/workspace/DeepfakeDetectionRenewed/data/vcc2020/audio/T32/task1/team32_intra-TEM2_SEM2_E30002.wav,1,VCC2020_T32,
train,/lambda/nfs/algovirginia/workspace/DeepfakeDetectionRenewed/data/vcc2020/audio/T28/task1/team28_intra-TEM2_SEM1_E30005.wav,1,VCC2020_T28,
train,/lambda/nfs/algovirginia/workspace/DeepfakeDetectionRenewed/data/vcc2020/audio/T08/task1/team08_intra-TEF2_SEM1_E30005.wav,1,VCC2020_T08,
train,__hf__,0,librispeech,26871
train,__hf__,0,librispeech,399
train,/lambda/nfs/algovirginia/workspace/DeepfakeDetectionRenewed/data/wavefake/generated_audio/common_voices_prompts_from_conformer_fastspeech2_pwg_ljspeech/gen_3372.wav,1,common_voices_prompts_from_conformer_fastspeech2_pwg_ljspeech,
train,__hf__,0,librispeech,18885
train,__hf__,0,librispeech,6145
train,__hf__,0,librispeech,25359
train,__hf__,0,librispeech,11635
train,/lambda/nfs/algovirginia/workspace/DeepfakeDetectionRenewed/data/vcc2020/audio/T18/task1/team18_intra-TEF1_SEF1_E30005.wav,1,VCC2020_T18,
train,__hf__,0,librispeech,27677
train,/lambda/nfs/algovirginia/workspace/DeepfakeDetectionRenewed/data/vcc2020/audio/T33/task1/team33_intra-TEF1_SEF1_E30001.wav,1,VCC2020_T33,
train,__hf__,0,librispeech,257
train,__hf__,0,librispeech,16012
train,/lambda/nfs/algovirginia/workspace/DeepfakeDetectionRenewed/data/vcc2020/audio/T25/task1/team25_intra-TEM2_SEM1_E30004.wav,1,VCC2020_T25,
train,/lambda/nfs/algovirginia/workspace/DeepfakeDetectionRenewed/data/wavefake/generated_audio/ljspeech_full_band_melgan/LJ034-0026_gen.wav,1,ljspeech_full_band_melgan,
train,/lambda/nfs/algovirginia/workspace/DeepfakeDetectionRenewed/data/vcc2020/audio/T17/task1/team17_intra-TEF1_SEM1_E30001.wav,1,VCC2020_T17,
train,/lambda/nfs/algovirginia/workspace/DeepfakeDetectionRenewed/data/wavefake/generated_audio/common_voices_prompts_from_conformer_fastspeech2_pwg_ljspeech/gen_4416.wav,1,common_voices_prompts_from_conformer_fastspeech2_pwg_ljspeech,
train,__hf__,0,librispeech,20922
train,__hf__,0,librispeech,26469
train,__hf__,0,librispeech,5640
train,__hf__,0,librispeech,9887
train,__hf__,0,librispeech,25266
train,__hf__,0,librispeech,16359
train,__hf__,0,librispeech,12936
train,__hf__,0,librispeech,4214
train,/lambda/nfs/algovirginia/workspace/DeepfakeDetectionRenewed/data/wavefake/generated_audio/ljspeech_hifiGAN/LJ008-0242_generated.wav,1,ljspeech_hifiGAN,
train,__hf__,0,librispeech,10434
train,__hf__,0,librispeech,13843
train,__hf__,0,librispeech,26323
train,__hf__,0,librispeech,17266
train,__hf__,0,librispeech,894
train,__hf__,0,librispeech,11490
train,__hf__,0,librispeech,19424
train,/lambda/nfs/algovirginia/workspace/DeepfakeDetectionRenewed/data/wavefake/generated_audio/common_voices_prompts_from_conformer_fastspeech2_pwg_ljspeech/gen_5681.wav,1,common_voices_prompts_from_conformer_fastspeech2_pwg_ljspeech,
train,/lambda/nfs/algovirginia/workspace/DeepfakeDetectionRenewed/data/vcc2020/audio/T07/task1/team07_intra-TEF1_SEM2_E30004.wav,1,VCC2020_T07,
train,__hf__,0,librispeech,3675
train,__hf__,0,librispeech,6974
train,/lambda/nfs/algovirginia/workspace/DeepfakeDetectionRenewed/data/wavefake/generated_audio/common_voices_prompts_from_conformer_fastspeech2_pwg_ljspeech/gen_3245.wav,1,common_voices_prompts_from_conformer_fastspeech2_pwg_ljspeech,
train,/lambda/nfs/algovirginia/workspace/DeepfakeDetectionRenewed/data/vcc2020/audio/T20/task1/team20_intra-TEF1_SEF1_E30003.wav,1,VCC2020_T20,
train,/lambda/nfs/algovirginia/workspace/DeepfakeDetectionRenewed/data/wavefake/generated_audio/common_voices_prompts_from_conformer_fastspeech2_pwg_ljspeech/gen_4957.wav,1,common_voices_prompts_from_conformer_fastspeech2_pwg_ljspeech,
train,/lambda/nfs/algovirginia/workspace/DeepfakeDetectionRenewed/data/wavefake/generated_audio/ljspeech_hifiGAN/LJ034-0133_generated.wav,1,ljspeech_hifiGAN,
train,__hf__,0,librispeech,9253
train,/lambda/nfs/algovirginia/workspace/DeepfakeDetectionRenewed/data/wavefake/generated_audio/ljspeech_parallel_wavegan/LJ028-0515_gen.wav,1,ljspeech_parallel_wavegan,
train,/lambda/nfs/algovirginia/workspace/DeepfakeDetectionRenewed/data/vcc2020/audio/T32/task1/team32_intra-TEM2_SEF2_E30005.wav,1,VCC2020_T32,
train,__hf__,0,librispeech,28083
train,__hf__,0,librispeech,23632
train,__hf__,0,librispeech,13809
train,__hf__,0,librispeech,8460
train,__hf__,0,librispeech,7263
train,__hf__,0,librispeech,12236
train,__hf__,0,librispeech,25563
train,/lambda/nfs/algovirginia/workspace/DeepfakeDetectionRenewed/data/vcc2020/audio/T04/task1/team04_intra-TEM2_SEF1_E30002.wav,1,VCC2020_T04,
train,__hf__,0,librispeech,14975
train,__hf__,0,librispeech,26449
train,/lambda/nfs/algovirginia/workspace/DeepfakeDetectionRenewed/data/wavefake/generated_audio/ljspeech_hifiGAN/LJ028-0166_generated.wav,1,ljspeech_hifiGAN,
train,/lambda/nfs/algovirginia/workspace/DeepfakeDetectionRenewed/data/vcc2020/audio/T21/task1/team21_intra-TEM2_SEM2_E30001.wav,1,VCC2020_T21,
train,/lambda/nfs/algovirginia/workspace/DeepfakeDetectionRenewed/data/wavefake/generated_audio/ljspeech_hifiGAN/LJ048-0173_generated.wav,1,ljspeech_hifiGAN,
train,__hf__,0,librispeech,18936
train,__hf__,0,librispeech,12941
train,/lambda/nfs/algovirginia/workspace/DeepfakeDetectionRenewed/data/wavefake/generated_audio/ljspeech_parallel_wavegan/LJ012-0250_gen.wav,1,ljspeech_parallel_wavegan,
train,/lambda/nfs/algovirginia/workspace/DeepfakeDetectionRenewed/data/wavefake/generated_audio/ljspeech_full_band_melgan/LJ005-0038_gen.wav,1,ljspeech_full_band_melgan,
train,/lambda/nfs/algovirginia/workspace/DeepfakeDetectionRenewed/data/vcc2020/audio/T04/task1/team04_intra-TEM1_SEF1_E30001.wav,1,VCC2020_T04,
train,/lambda/nfs/algovirginia/workspace/DeepfakeDetectionRenewed/data/vcc2020/audio/T30/task1/team30_intra-TEF1_SEF2_E30005.wav,1,VCC2020_T30,
train,/lambda/nfs/algovirginia/workspace/DeepfakeDetectionRenewed/data/vcc2020/audio/T29/task1/team29_intra-TEM1_SEF2_E30001.wav,1,VCC2020_T29,
train,/lambda/nfs/algovirginia/workspace/DeepfakeDetectionRenewed/data/wavefake/generated_audio/ljspeech_full_band_melgan/LJ002-0181_gen.wav,1,ljspeech_full_band_melgan,
train,/lambda/nfs/algovirginia/workspace/DeepfakeDetectionRenewed/data/wavefake/generated_audio/common_voices_prompts_from_conformer_fastspeech2_pwg_ljspeech/gen_16031.wav,1,common_voices_prompts_from_conformer_fastspeech2_pwg_ljspeech,
train,__hf__,0,librispeech,26990
train,__hf__,0,librispeech,5693
train,/lambda/nfs/algovirginia/workspace/DeepfakeDetectionRenewed/data/wavefake/generated_audio/common_voices_prompts_from_conformer_fastspeech2_pwg_ljspeech/gen_12311.wav,1,common_voices_prompts_from_conformer_fastspeech2_pwg_ljspeech,
train,/lambda/nfs/algovirginia/workspace/DeepfakeDetectionRenewed/data/wavefake/generated_audio/ljspeech_hifiGAN/LJ008-0174_generated.wav,1,ljspeech_hifiGAN,
train,/lambda/nfs/algovirginia/workspace/DeepfakeDetectionRenewed/data/wavefake/generated_audio/ljspeech_full_band_melgan/LJ021-0008_gen.wav,1,ljspeech_full_band_melgan,
train,__hf__,0,librispeech,20720
train,/lambda/nfs/algovirginia/workspace/DeepfakeDetectionRenewed/data/wavefake/generated_audio/common_voices_prompts_from_conformer_fastspeech2_pwg_ljspeech/gen_5270.wav,1,common_voices_prompts_from_conformer_fastspeech2_pwg_ljspeech,
train,/lambda/nfs/algovirginia/workspace/DeepfakeDetectionRenewed/data/vcc2020/audio/T02/task1/team02_intra-TEM1_SEF2_E30001.wav,1,VCC2020_T02,
train,/lambda/nfs/algovirginia/workspace/DeepfakeDetectionRenewed/data/vcc2020/audio/T10/task1/team10_intra-TEM1_SEF2_E30001.wav,1,VCC2020_T10,
train,__hf__,0,librispeech,23649
train,__hf__,0,librispeech,27966
train,/lambda/nfs/algovirginia/workspace/DeepfakeDetectionRenewed/data/wavefake/generated_audio/common_voices_prompts_from_conformer_fastspeech2_pwg_ljspeech/gen_10348.wav,1,common_voices_prompts_from_conformer_fastspeech2_pwg_ljspeech,
train,__hf__,0,librispeech,25828
train,__hf__,0,librispeech,25773
train,__hf__,0,librispeech,1928
train,/lambda/nfs/algovirginia/workspace/DeepfakeDetectionRenewed/data/wavefake/generated_audio/ljspeech_parallel_wavegan/LJ049-0142_gen.wav,1,ljspeech_parallel_wavegan,
train,/lambda/nfs/algovirginia/workspace/DeepfakeDetectionRenewed/data/vcc2020/audio/T30/task1/team30_intra-TEM2_SEF2_E30004.wav,1,VCC2020_T30,
train,__hf__,0,librispeech,18078
train,__hf__,0,librispeech,12694
train,__hf__,0,librispeech,23665
train,/lambda/nfs/algovirginia/workspace/DeepfakeDetectionRenewed/data/vcc2020/audio/T16/task1/team16_intra-TEM1_SEF1_E30004.wav,1,VCC2020_T16,
train,__hf__,0,librispeech,14062
train,__hf__,0,librispeech,194
train,__hf__,0,librispeech,14418
train,__hf__,0,librispeech,24444
train,__hf__,0,librispeech,4808
train,__hf__,0,librispeech,862
train,/lambda/nfs/algovirginia/workspace/DeepfakeDetectionRenewed/data/vcc2020/audio/T10/task1/team10_intra-TEM1_SEM1_E30001.wav,1,VCC2020_T10,
train,/lambda/nfs/algovirginia/workspace/DeepfakeDetectionRenewed/data/vcc2020/audio/T17/task1/team17_intra-TEF2_SEM2_E30001.wav,1,VCC2020_T17,
train,/lambda/nfs/algovirginia/workspace/DeepfakeDetectionRenewed/data/wavefake/generated_audio/ljspeech_parallel_wavegan/LJ031-0104_gen.wav,1,ljspeech_parallel_wavegan,
train,__hf__,0,librispeech,16924
train,/lambda/nfs/algovirginia/workspace/DeepfakeDetectionRenewed/data/vcc2020/audio/T04/task1/team04_intra-TEM1_SEF2_E30003.wav,1,VCC2020_T04,
train,__hf__,0,librispeech,22469
train,__hf__,0,librispeech,2017
train,/lambda/nfs/algovirginia/workspace/DeepfakeDetectionRenewed/data/vcc2020/audio/T27/task1/team27_intra-TEM2_SEF2_E30003.wav,1,VCC2020_T27,
train,/lambda/nfs/algovirginia/workspace/DeepfakeDetectionRenewed/data/wavefake/generated_audio/ljspeech_hifiGAN/LJ034-0111_generated.wav,1,ljspeech_hifiGAN,
train,__hf__,0,librispeech,10136
train,/lambda/nfs/algovirginia/workspace/DeepfakeDetectionRenewed/data/wavefake/generated_audio/ljspeech_full_band_melgan/LJ003-0052_gen.wav,1,ljspeech_full_band_melgan,
train,__hf__,0,librispeech,1252
train,__hf__,0,librispeech,3909
train,/lambda/nfs/algovirginia/workspace/DeepfakeDetectionRenewed/data/wavefake/generated_audio/ljspeech_hifiGAN/LJ016-0170_generated.wav,1,ljspeech_hifiGAN,
train,/lambda/nfs/algovirginia/workspace/DeepfakeDetectionRenewed/data/wavefake/generated_audio/common_voices_prompts_from_conformer_fastspeech2_pwg_ljspeech/gen_4462.wav,1,common_voices_prompts_from_conformer_fastspeech2_pwg_ljspeech,
train,/lambda/nfs/algovirginia/workspace/DeepfakeDetectionRenewed/data/vcc2020/audio/T09/task1/team09_intra-TEM2_SEM1_E30004.wav,1,VCC2020_T09,
train,/lambda/nfs/algovirginia/workspace/DeepfakeDetectionRenewed/data/wavefake/generated_audio/ljspeech_parallel_wavegan/LJ029-0168_gen.wav,1,ljspeech_parallel_wavegan,
train,__hf__,0,librispeech,10563
train,/lambda/nfs/algovirginia/workspace/DeepfakeDetectionRenewed/data/wavefake/generated_audio/common_voices_prompts_from_conformer_fastspeech2_pwg_ljspeech/gen_3898.wav,1,common_voices_prompts_from_conformer_fastspeech2_pwg_ljspeech,
train,/lambda/nfs/algovirginia/workspace/DeepfakeDetectionRenewed/data/vcc2020/audio/T12/task1/team12_intra-TEF2_SEF2_E30005.wav,1,VCC2020_T12,
train,__hf__,0,librispeech,5402
train,__hf__,0,librispeech,21373
train,__hf__,0,librispeech,18068
train,__hf__,0,librispeech,27218
train,__hf__,0,librispeech,14168
train,__hf__,0,librispeech,25282
train,__hf__,0,librispeech,26097
train,/lambda/nfs/algovirginia/workspace/DeepfakeDetectionRenewed/data/wavefake/generated_audio/ljspeech_hifiGAN/LJ009-0169_generated.wav,1,ljspeech_hifiGAN,
train,__hf__,0,librispeech,6105
train,/lambda/nfs/algovirginia/workspace/DeepfakeDetectionRenewed/data/vcc2020/audio/T12/task1/team12_intra-TEM2_SEM1_E30001.wav,1,VCC2020_T12,
train,__hf__,0,librispeech,2819
train,/lambda/nfs/algovirginia/workspace/DeepfakeDetectionRenewed/data/vcc2020/audio/T14/task1/team14_intra-TEM2_SEM2_E30003.wav,1,VCC2020_T14,
train,/lambda/nfs/algovirginia/workspace/DeepfakeDetectionRenewed/data/wavefake/generated_audio/ljspeech_parallel_wavegan/LJ031-0111_gen.wav,1,ljspeech_parallel_wavegan,
train,__hf__,0,librispeech,3325
train,__hf__,0,librispeech,27646
train,__hf__,0,librispeech,8889
train,__hf__,0,librispeech,18690
train,/lambda/nfs/algovirginia/workspace/DeepfakeDetectionRenewed/data/wavefake/generated_audio/ljspeech_hifiGAN/LJ040-0070_generated.wav,1,ljspeech_hifiGAN,
train,__hf__,0,librispeech,16086
train,/lambda/nfs/algovirginia/workspace/DeepfakeDetectionRenewed/data/wavefake/generated_audio/ljspeech_hifiGAN/LJ005-0053_generated.wav,1,ljspeech_hifiGAN,
train,/lambda/nfs/algovirginia/workspace/DeepfakeDetectionRenewed/data/vcc2020/audio/T32/task1/team32_intra-TEM1_SEF2_E30003.wav,1,VCC2020_T32,
train,/lambda/nfs/algovirginia/workspace/DeepfakeDetectionRenewed/data/wavefake/generated_audio/ljspeech_hifiGAN/LJ001-0109_generated.wav,1,ljspeech_hifiGAN,
train,/lambda/nfs/algovirginia/workspace/DeepfakeDetectionRenewed/data/wavefake/generated_audio/ljspeech_parallel_wavegan/LJ045-0143_gen.wav,1,ljspeech_parallel_wavegan,
train,__hf__,0,librispeech,6641
train,/lambda/nfs/algovirginia/workspace/DeepfakeDetectionRenewed/data/wavefake/generated_audio/ljspeech_full_band_melgan/LJ042-0207_gen.wav,1,ljspeech_full_band_melgan,
train,/lambda/nfs/algovirginia/workspace/DeepfakeDetectionRenewed/data/wavefake/generated_audio/common_voices_prompts_from_conformer_fastspeech2_pwg_ljspeech/gen_9964.wav,1,common_voices_prompts_from_conformer_fastspeech2_pwg_ljspeech,
train,/lambda/nfs/algovirginia/workspace/DeepfakeDetectionRenewed/data/wavefake/generated_audio/ljspeech_full_band_melgan/LJ021-0128_gen.wav,1,ljspeech_full_band_melgan,
train,__hf__,0,librispeech,1206
train,/lambda/nfs/algovirginia/workspace/DeepfakeDetectionRenewed/data/wavefake/generated_audio/ljspeech_full_band_melgan/LJ004-0139_gen.wav,1,ljspeech_full_band_melgan,
train,/lambda/nfs/algovirginia/workspace/DeepfakeDetectionRenewed/data/wavefake/generated_audio/common_voices_prompts_from_conformer_fastspeech2_pwg_ljspeech/gen_14146.wav,1,common_voices_prompts_from_conformer_fastspeech2_pwg_ljspeech,
train,/lambda/nfs/algovirginia/workspace/DeepfakeDetectionRenewed/data/vcc2020/audio/T29/task1/team29_intra-TEF1_SEF2_E30002.wav,1,VCC2020_T29,
train,__hf__,0,librispeech,6058
train,/lambda/nfs/algovirginia/workspace/DeepfakeDetectionRenewed/data/vcc2020/audio/T04/task1/team04_intra-TEF2_SEF2_E30001.wav,1,VCC2020_T04,
train,/lambda/nfs/algovirginia/workspace/DeepfakeDetectionRenewed/data/vcc2020/audio/T03/task1/team03_intra-TEM1_SEM2_E30003.wav,1,VCC2020_T03,
train,/lambda/nfs/algovirginia/workspace/DeepfakeDetectionRenewed/data/wavefake/generated_audio/common_voices_prompts_from_conformer_fastspeech2_pwg_ljspeech/gen_9265.wav,1,common_voices_prompts_from_conformer_fastspeech2_pwg_ljspeech,
train,/lambda/nfs/algovirginia/workspace/DeepfakeDetectionRenewed/data/wavefake/generated_audio/ljspeech_parallel_wavegan/LJ045-0244_gen.wav,1,ljspeech_parallel_wavegan,
train,__hf__,0,librispeech,4306
train,__hf__,0,librispeech,20177
train,/lambda/nfs/algovirginia/workspace/DeepfakeDetectionRenewed/data/vcc2020/audio/T24/task1/team24_intra-TEM2_SEM1_E30003.wav,1,VCC2020_T24,
train,__hf__,0,librispeech,3462
train,__hf__,0,librispeech,13557
train,__hf__,0,librispeech,5458
train,/lambda/nfs/algovirginia/workspace/DeepfakeDetectionRenewed/data/wavefake/generated_audio/common_voices_prompts_from_conformer_fastspeech2_pwg_ljspeech/gen_15881.wav,1,common_voices_prompts_from_conformer_fastspeech2_pwg_ljspeech,
train,/lambda/nfs/algovirginia/workspace/DeepfakeDetectionRenewed/data/vcc2020/audio/T11/task1/team11_intra-TEF2_SEM1_E30003.wav,1,VCC2020_T11,
train,/lambda/nfs/algovirginia/workspace/DeepfakeDetectionRenewed/data/vcc2020/audio/T32/task1/team32_intra-TEM1_SEF1_E30005.wav,1,VCC2020_T32,
train,/lambda/nfs/algovirginia/workspace/DeepfakeDetectionRenewed/data/vcc2020/audio/T02/task1/team02_intra-TEM1_SEM1_E30005.wav,1,VCC2020_T02,
train,__hf__,0,librispeech,4920
train,/lambda/nfs/algovirginia/workspace/DeepfakeDetectionRenewed/data/vcc2020/audio/T11/task1/team11_intra-TEM1_SEF1_E30004.wav,1,VCC2020_T11,
train,__hf__,0,librispeech,25797
train,/lambda/nfs/algovirginia/workspace/DeepfakeDetectionRenewed/data/wavefake/generated_audio/ljspeech_hifiGAN/LJ037-0184_generated.wav,1,ljspeech_hifiGAN,
train,__hf__,0,librispeech,18876
train,/lambda/nfs/algovirginia/workspace/DeepfakeDetectionRenewed/data/vcc2020/audio/T22/task1/team22_intra-TEF1_SEM2_E30004.wav,1,VCC2020_T22,
train,__hf__,0,librispeech,19266
train,__hf__,0,librispeech,5707
train,/lambda/nfs/algovirginia/workspace/DeepfakeDetectionRenewed/data/vcc2020/audio/T25/task1/team25_intra-TEF2_SEF1_E30004.wav,1,VCC2020_T25,
train,/lambda/nfs/algovirginia/workspace/DeepfakeDetectionRenewed/data/wavefake/generated_audio/common_voices_prompts_from_conformer_fastspeech2_pwg_ljspeech/gen_6863.wav,1,common_voices_prompts_from_conformer_fastspeech2_pwg_ljspeech,
train,__hf__,0,librispeech,13523
train,/lambda/nfs/algovirginia/workspace/DeepfakeDetectionRenewed/data/vcc2020/audio/T19/task1/team19_intra-TEF2_SEM2_E30001.wav,1,VCC2020_T19,
train,__hf__,0,librispeech,23747
train,/lambda/nfs/algovirginia/workspace/DeepfakeDetectionRenewed/data/wavefake/generated_audio/ljspeech_full_band_melgan/LJ009-0278_gen.wav,1,ljspeech_full_band_melgan,
train,/lambda/nfs/algovirginia/workspace/DeepfakeDetectionRenewed/data/wavefake/generated_audio/ljspeech_parallel_wavegan/LJ039-0050_gen.wav,1,ljspeech_parallel_wavegan,
train,__hf__,0,librispeech,26353
train,/lambda/nfs/algovirginia/workspace/DeepfakeDetectionRenewed/data/vcc2020/audio/T03/task1/team03_intra-TEM1_SEF2_E30004.wav,1,VCC2020_T03,
train,/lambda/nfs/algovirginia/workspace/DeepfakeDetectionRenewed/data/wavefake/generated_audio/common_voices_prompts_from_conformer_fastspeech2_pwg_ljspeech/gen_3904.wav,1,common_voices_prompts_from_conformer_fastspeech2_pwg_ljspeech,
train,/lambda/nfs/algovirginia/workspace/DeepfakeDetectionRenewed/data/vcc2020/audio/T16/task1/team16_intra-TEF1_SEF2_E30003.wav,1,VCC2020_T16,
train,/lambda/nfs/algovirginia/workspace/DeepfakeDetectionRenewed/data/wavefake/generated_audio/ljspeech_full_band_melgan/LJ009-0216_gen.wav,1,ljspeech_full_band_melgan,
train,/lambda/nfs/algovirginia/workspace/DeepfakeDetectionRenewed/data/wavefake/generated_audio/common_voices_prompts_from_conformer_fastspeech2_pwg_ljspeech/gen_1240.wav,1,common_voices_prompts_from_conformer_fastspeech2_pwg_ljspeech,
train,__hf__,0,librispeech,21065
train,__hf__,0,librispeech,18905
train,__hf__,0,librispeech,8665
train,/lambda/nfs/algovirginia/workspace/DeepfakeDetectionRenewed/data/wavefake/generated_audio/ljspeech_hifiGAN/LJ011-0167_generated.wav,1,ljspeech_hifiGAN,
train,__hf__,0,librispeech,13503
train,__hf__,0,librispeech,18996
train,/lambda/nfs/algovirginia/workspace/DeepfakeDetectionRenewed/data/wavefake/generated_audio/ljspeech_hifiGAN/LJ016-0203_generated.wav,1,ljspeech_hifiGAN,
train,/lambda/nfs/algovirginia/workspace/DeepfakeDetectionRenewed/data/vcc2020/audio/T22/task1/team22_intra-TEM1_SEF1_E30003.wav,1,VCC2020_T22,
train,__hf__,0,librispeech,3845
train,/lambda/nfs/algovirginia/workspace/DeepfakeDetectionRenewed/data/vcc2020/audio/T01/task1/team01_intra-TEM2_SEM1_E30004.wav,1,VCC2020_T01,
train,/lambda/nfs/algovirginia/workspace/DeepfakeDetectionRenewed/data/vcc2020/audio/T19/task1/team19_intra-TEM1_SEM1_E30003.wav,1,VCC2020_T19,
train,__hf__,0,librispeech,9192
train,__hf__,0,librispeech,24106
train,__hf__,0,librispeech,11078
train,/lambda/nfs/algovirginia/workspace/DeepfakeDetectionRenewed/data/wavefake/generated_audio/ljspeech_full_band_melgan/LJ017-0117_gen.wav,1,ljspeech_full_band_melgan,
train,__hf__,0,librispeech,12968
train,__hf__,0,librispeech,12468
train,/lambda/nfs/algovirginia/workspace/DeepfakeDetectionRenewed/data/vcc2020/audio/T10/task1/team10_intra-TEF1_SEM2_E30002.wav,1,VCC2020_T10,
train,/lambda/nfs/algovirginia/workspace/DeepfakeDetectionRenewed/data/wavefake/generated_audio/ljspeech_full_band_melgan/LJ004-0008_gen.wav,1,ljspeech_full_band_melgan,
train,__hf__,0,librispeech,21890
train,__hf__,0,librispeech,4486
train,__hf__,0,librispeech,15457
train,/lambda/nfs/algovirginia/workspace/DeepfakeDetectionRenewed/data/wavefake/generated_audio/ljspeech_full_band_melgan/LJ048-0125_gen.wav,1,ljspeech_full_band_melgan,
train,__hf__,0,librispeech,21963
train,__hf__,0,librispeech,24361
train,__hf__,0,librispeech,675
train,__hf__,0,librispeech,13032
train,/lambda/nfs/algovirginia/workspace/DeepfakeDetectionRenewed/data/vcc2020/audio/T23/task1/team23_intra-TEF1_SEF1_E30003.wav,1,VCC2020_T23,
train,__hf__,0,librispeech,5732
train,__hf__,0,librispeech,17284
train,__hf__,0,librispeech,8258
train,/lambda/nfs/algovirginia/workspace/DeepfakeDetectionRenewed/data/vcc2020/audio/T20/task1/team20_intra-TEM2_SEF2_E30003.wav,1,VCC2020_T20,
train,__hf__,0,librispeech,18112
train,__hf__,0,librispeech,12487
train,/lambda/nfs/algovirginia/workspace/DeepfakeDetectionRenewed/data/wavefake/generated_audio/common_voices_prompts_from_conformer_fastspeech2_pwg_ljspeech/gen_11877.wav,1,common_voices_prompts_from_conformer_fastspeech2_pwg_ljspeech,
train,__hf__,0,librispeech,7259
train,/lambda/nfs/algovirginia/workspace/DeepfakeDetectionRenewed/data/vcc2020/audio/T25/task1/team25_intra-TEF1_SEM2_E30004.wav,1,VCC2020_T25,
train,__hf__,0,librispeech,13121
train,/lambda/nfs/algovirginia/workspace/DeepfakeDetectionRenewed/data/vcc2020/audio/T31/task1/team31_intra-TEM1_SEF1_E30004.wav,1,VCC2020_T31,
train,__hf__,0,librispeech,14225
train,__hf__,0,librispeech,9923
train,/lambda/nfs/algovirginia/workspace/DeepfakeDetectionRenewed/data/vcc2020/audio/T26/task1/team26_intra-TEF2_SEM1_E30001.wav,1,VCC2020_T26,
train,__hf__,0,librispeech,15088
train,__hf__,0,librispeech,8431
train,__hf__,0,librispeech,8060
train,__hf__,0,librispeech,491
train,/lambda/nfs/algovirginia/workspace/DeepfakeDetectionRenewed/data/vcc2020/audio/T06/task1/team06_intra-TEF1_SEM1_E30004.wav,1,VCC2020_T06,
train,/lambda/nfs/algovirginia/workspace/DeepfakeDetectionRenewed/data/wavefake/generated_audio/common_voices_prompts_from_conformer_fastspeech2_pwg_ljspeech/gen_8616.wav,1,common_voices_prompts_from_conformer_fastspeech2_pwg_ljspeech,
train,/lambda/nfs/algovirginia/workspace/DeepfakeDetectionRenewed/data/wavefake/generated_audio/common_voices_prompts_from_conformer_fastspeech2_pwg_ljspeech/gen_11731.wav,1,common_voices_prompts_from_conformer_fastspeech2_pwg_ljspeech,
train,__hf__,0,librispeech,20783
train,/lambda/nfs/algovirginia/workspace/DeepfakeDetectionRenewed/data/wavefake/generated_audio/ljspeech_hifiGAN/LJ018-0361_generated.wav,1,ljspeech_hifiGAN,
train,__hf__,0,librispeech,17395
train,/lambda/nfs/algovirginia/workspace/DeepfakeDetectionRenewed/data/vcc2020/audio/T31/task1/team31_intra-TEM2_SEF1_E30002.wav,1,VCC2020_T31,
train,/lambda/nfs/algovirginia/workspace/DeepfakeDetectionRenewed/data/vcc2020/audio/T22/task1/team22_intra-TEF1_SEF1_E30004.wav,1,VCC2020_T22,
train,__hf__,0,librispeech,21941
train,/lambda/nfs/algovirginia/workspace/DeepfakeDetectionRenewed/data/wavefake/generated_audio/common_voices_prompts_from_conformer_fastspeech2_pwg_ljspeech/gen_1282.wav,1,common_voices_prompts_from_conformer_fastspeech2_pwg_ljspeech,
train,/lambda/nfs/algovirginia/workspace/DeepfakeDetectionRenewed/data/wavefake/generated_audio/common_voices_prompts_from_conformer_fastspeech2_pwg_ljspeech/gen_6951.wav,1,common_voices_prompts_from_conformer_fastspeech2_pwg_ljspeech,
train,__hf__,0,librispeech,8045
train,/lambda/nfs/algovirginia/workspace/DeepfakeDetectionRenewed/data/vcc2020/audio/T14/task1/team14_intra-TEM1_SEF1_E30005.wav,1,VCC2020_T14,
train,/lambda/nfs/algovirginia/workspace/DeepfakeDetectionRenewed/data/vcc2020/audio/T02/task1/team02_intra-TEM1_SEF1_E30004.wav,1,VCC2020_T02,
train,/lambda/nfs/algovirginia/workspace/DeepfakeDetectionRenewed/data/wavefake/generated_audio/ljspeech_full_band_melgan/LJ047-0050_gen.wav,1,ljspeech_full_band_melgan,
train,__hf__,0,librispeech,22952
train,/lambda/nfs/algovirginia/workspace/DeepfakeDetectionRenewed/data/wavefake/generated_audio/ljspeech_hifiGAN/LJ028-0345_generated.wav,1,ljspeech_hifiGAN,
train,__hf__,0,librispeech,15905
train,__hf__,0,librispeech,1051
train,/lambda/nfs/algovirginia/workspace/DeepfakeDetectionRenewed/data/wavefake/generated_audio/ljspeech_hifiGAN/LJ014-0007_generated.wav,1,ljspeech_hifiGAN,
train,/lambda/nfs/algovirginia/workspace/DeepfakeDetectionRenewed/data/vcc2020/audio/T22/task1/team22_intra-TEF1_SEM1_E30001.wav,1,VCC2020_T22,
train,/lambda/nfs/algovirginia/workspace/DeepfakeDetectionRenewed/data/vcc2020/audio/T04/task1/team04_intra-TEM1_SEF1_E30003.wav,1,VCC2020_T04,
train,__hf__,0,librispeech,11382
train,/lambda/nfs/algovirginia/workspace/DeepfakeDetectionRenewed/data/vcc2020/audio/T03/task1/team03_intra-TEF2_SEM1_E30005.wav,1,VCC2020_T03,
train,/lambda/nfs/algovirginia/workspace/DeepfakeDetectionRenewed/data/vcc2020/audio/T12/task1/team12_intra-TEF2_SEF1_E30003.wav,1,VCC2020_T12,
train,/lambda/nfs/algovirginia/workspace/DeepfakeDetectionRenewed/data/vcc2020/audio/T01/task1/team01_intra-TEF1_SEF1_E30003.wav,1,VCC2020_T01,
train,/lambda/nfs/algovirginia/workspace/DeepfakeDetectionRenewed/data/vcc2020/audio/T11/task1/team11_intra-TEM1_SEM2_E30002.wav,1,VCC2020_T11,
train,__hf__,0,librispeech,2692
train,/lambda/nfs/algovirginia/workspace/DeepfakeDetectionRenewed/data/vcc2020/audio/T26/task1/team26_intra-TEF2_SEM1_E30005.wav,1,VCC2020_T26,
train,/lambda/nfs/algovirginia/workspace/DeepfakeDetectionRenewed/data/wavefake/generated_audio/common_voices_prompts_from_conformer_fastspeech2_pwg_ljspeech/gen_6520.wav,1,common_voices_prompts_from_conformer_fastspeech2_pwg_ljspeech,
train,__hf__,0,librispeech,8697
train,/lambda/nfs/algovirginia/workspace/DeepfakeDetectionRenewed/data/wavefake/generated_audio/common_voices_prompts_from_conformer_fastspeech2_pwg_ljspeech/gen_7488.wav,1,common_voices_prompts_from_conformer_fastspeech2_pwg_ljspeech,
train,/lambda/nfs/algovirginia/workspace/DeepfakeDetectionRenewed/data/vcc2020/audio/T19/task1/team19_intra-TEF1_SEM1_E30002.wav,1,VCC2020_T19,
train,/lambda/nfs/algovirginia/workspace/DeepfakeDetectionRenewed/data/wavefake/generated_audio/ljspeech_parallel_wavegan/LJ020-0079_gen.wav,1,ljspeech_parallel_wavegan,
train,__hf__,0,librispeech,22333
train,__hf__,0,librispeech,15549
train,__hf__,0,librispeech,17649
train,/lambda/nfs/algovirginia/workspace/DeepfakeDetectionRenewed/data/vcc2020/audio/T09/task1/team09_intra-TEM1_SEM1_E30004.wav,1,VCC2020_T09,
train,/lambda/nfs/algovirginia/workspace/DeepfakeDetectionRenewed/data/wavefake/generated_audio/ljspeech_parallel_wavegan/LJ039-0213_gen.wav,1,ljspeech_parallel_wavegan,
train,__hf__,0,librispeech,9106
train,/lambda/nfs/algovirginia/workspace/DeepfakeDetectionRenewed/data/wavefake/generated_audio/common_voices_prompts_from_conformer_fastspeech2_pwg_ljspeech/gen_10686.wav,1,common_voices_prompts_from_conformer_fastspeech2_pwg_ljspeech,
train,__hf__,0,librispeech,14087
train,__hf__,0,librispeech,20192
train,/lambda/nfs/algovirginia/workspace/DeepfakeDetectionRenewed/data/wavefake/generated_audio/ljspeech_full_band_melgan/LJ050-0133_gen.wav,1,ljspeech_full_band_melgan,
train,/lambda/nfs/algovirginia/workspace/DeepfakeDetectionRenewed/data/wavefake/generated_audio/ljspeech_hifiGAN/LJ015-0133_generated.wav,1,ljspeech_hifiGAN,
train,/lambda/nfs/algovirginia/workspace/DeepfakeDetectionRenewed/data/vcc2020/audio/T17/task1/team17_intra-TEF2_SEF1_E30002.wav,1,VCC2020_T17,
train,__hf__,0,librispeech,27025
train,/lambda/nfs/algovirginia/workspace/DeepfakeDetectionRenewed/data/vcc2020/audio/T29/task1/team29_intra-TEF1_SEM1_E30004.wav,1,VCC2020_T29,
train,__hf__,0,librispeech,10769
train,/lambda/nfs/algovirginia/workspace/DeepfakeDetectionRenewed/data/vcc2020/audio/T32/task1/team32_intra-TEM1_SEF1_E30003.wav,1,VCC2020_T32,
train,/lambda/nfs/algovirginia/workspace/DeepfakeDetectionRenewed/data/vcc2020/audio/T03/task1/team03_intra-TEM2_SEF2_E30003.wav,1,VCC2020_T03,
train,__hf__,0,librispeech,24928
train,__hf__,0,librispeech,21542
train,__hf__,0,librispeech,20849
train,/lambda/nfs/algovirginia/workspace/DeepfakeDetectionRenewed/data/wavefake/generated_audio/ljspeech_hifiGAN/LJ005-0148_generated.wav,1,ljspeech_hifiGAN,
train,__hf__,0,librispeech,28517
train,__hf__,0,librispeech,2283
train,__hf__,0,librispeech,3828
train,__hf__,0,librispeech,1177
train,/lambda/nfs/algovirginia/workspace/DeepfakeDetectionRenewed/data/vcc2020/audio/T27/task1/team27_intra-TEM2_SEM2_E30002.wav,1,VCC2020_T27,
train,__hf__,0,librispeech,2805
train,__hf__,0,librispeech,13408
train,/lambda/nfs/algovirginia/workspace/DeepfakeDetectionRenewed/data/wavefake/generated_audio/common_voices_prompts_from_conformer_fastspeech2_pwg_ljspeech/gen_3555.wav,1,common_voices_prompts_from_conformer_fastspeech2_pwg_ljspeech,
train,__hf__,0,librispeech,17964
train,__hf__,0,librispeech,8179
train,/lambda/nfs/algovirginia/workspace/DeepfakeDetectionRenewed/data/wavefake/generated_audio/common_voices_prompts_from_conformer_fastspeech2_pwg_ljspeech/gen_7862.wav,1,common_voices_prompts_from_conformer_fastspeech2_pwg_ljspeech,
train,__hf__,0,librispeech,22070
train,/lambda/nfs/algovirginia/workspace/DeepfakeDetectionRenewed/data/vcc2020/audio/T14/task1/team14_intra-TEM1_SEM1_E30001.wav,1,VCC2020_T14,
train,/lambda/nfs/algovirginia/workspace/DeepfakeDetectionRenewed/data/vcc2020/audio/T14/task1/team14_intra-TEF2_SEM1_E30005.wav,1,VCC2020_T14,
train,/lambda/nfs/algovirginia/workspace/DeepfakeDetectionRenewed/data/wavefake/generated_audio/ljspeech_hifiGAN/LJ023-0099_generated.wav,1,ljspeech_hifiGAN,
train,/lambda/nfs/algovirginia/workspace/DeepfakeDetectionRenewed/data/vcc2020/audio/T22/task1/team22_intra-TEF1_SEF1_E30003.wav,1,VCC2020_T22,
train,__hf__,0,librispeech,12217
train,__hf__,0,librispeech,24404
train,__hf__,0,librispeech,15544
train,__hf__,0,librispeech,9694
train,/lambda/nfs/algovirginia/workspace/DeepfakeDetectionRenewed/data/vcc2020/audio/T11/task1/team11_intra-TEF2_SEF2_E30005.wav,1,VCC2020_T11,
train,__hf__,0,librispeech,12097
train,__hf__,0,librispeech,14789
train,__hf__,0,librispeech,21524
train,/lambda/nfs/algovirginia/workspace/DeepfakeDetectionRenewed/data/wavefake/generated_audio/common_voices_prompts_from_conformer_fastspeech2_pwg_ljspeech/gen_5124.wav,1,common_voices_prompts_from_conformer_fastspeech2_pwg_ljspeech,
train,__hf__,0,librispeech,14103
train,__hf__,0,librispeech,8452
train,/lambda/nfs/algovirginia/workspace/DeepfakeDetectionRenewed/data/wavefake/generated_audio/ljspeech_parallel_wavegan/LJ050-0236_gen.wav,1,ljspeech_parallel_wavegan,
train,/lambda/nfs/algovirginia/workspace/DeepfakeDetectionRenewed/data/vcc2020/audio/T32/task1/team32_intra-TEM2_SEF2_E30004.wav,1,VCC2020_T32,
train,__hf__,0,librispeech,5136
train,__hf__,0,librispeech,17915
train,__hf__,0,librispeech,22058
train,__hf__,0,librispeech,27522
train,/lambda/nfs/algovirginia/workspace/DeepfakeDetectionRenewed/data/vcc2020/audio/T24/task1/team24_intra-TEF2_SEF2_E30004.wav,1,VCC2020_T24,
train,__hf__,0,librispeech,788
train,__hf__,0,librispeech,7216
train,/lambda/nfs/algovirginia/workspace/DeepfakeDetectionRenewed/data/vcc2020/audio/T03/task1/team03_intra-TEF2_SEM2_E30001.wav,1,VCC2020_T03,
train,__hf__,0,librispeech,6323
train,/lambda/nfs/algovirginia/workspace/DeepfakeDetectionRenewed/data/wavefake/generated_audio/ljspeech_parallel_wavegan/LJ034-0144_gen.wav,1,ljspeech_parallel_wavegan,
train,/lambda/nfs/algovirginia/workspace/DeepfakeDetectionRenewed/data/vcc2020/audio/T30/task1/team30_intra-TEF1_SEF1_E30002.wav,1,VCC2020_T30,
train,/lambda/nfs/algovirginia/workspace/DeepfakeDetectionRenewed/data/vcc2020/audio/T33/task1/team33_intra-TEM2_SEM2_E30003.wav,1,VCC2020_T33,
train,__hf__,0,librispeech,1367
train,/lambda/nfs/algovirginia/workspace/DeepfakeDetectionRenewed/data/wavefake/generated_audio/common_voices_prompts_from_conformer_fastspeech2_pwg_ljspeech/gen_1739.wav,1,common_voices_prompts_from_conformer_fastspeech2_pwg_ljspeech,
train,__hf__,0,librispeech,10642
train,/lambda/nfs/algovirginia/workspace/DeepfakeDetectionRenewed/data/wavefake/generated_audio/ljspeech_parallel_wavegan/LJ035-0057_gen.wav,1,ljspeech_parallel_wavegan,
train,__hf__,0,librispeech,16400
train,/lambda/nfs/algovirginia/workspace/DeepfakeDetectionRenewed/data/wavefake/generated_audio/ljspeech_parallel_wavegan/LJ001-0003_gen.wav,1,ljspeech_parallel_wavegan,
train,__hf__,0,librispeech,21652
train,__hf__,0,librispeech,3695
train,__hf__,0,librispeech,12389
train,__hf__,0,librispeech,23919
train,__hf__,0,librispeech,27888
train,/lambda/nfs/algovirginia/workspace/DeepfakeDetectionRenewed/data/wavefake/generated_audio/ljspeech_hifiGAN/LJ037-0148_generated.wav,1,ljspeech_hifiGAN,
train,__hf__,0,librispeech,6169
train,__hf__,0,librispeech,23131
train,/lambda/nfs/algovirginia/workspace/DeepfakeDetectionRenewed/data/wavefake/generated_audio/common_voices_prompts_from_conformer_fastspeech2_pwg_ljspeech/gen_10244.wav,1,common_voices_prompts_from_conformer_fastspeech2_pwg_ljspeech,
train,/lambda/nfs/algovirginia/workspace/DeepfakeDetectionRenewed/data/vcc2020/audio/T06/task1/team06_intra-TEF2_SEM2_E30002.wav,1,VCC2020_T06,
train,__hf__,0,librispeech,19948
train,__hf__,0,librispeech,3414
train,__hf__,0,librispeech,14969
train,__hf__,0,librispeech,20115
train,/lambda/nfs/algovirginia/workspace/DeepfakeDetectionRenewed/data/vcc2020/audio/T24/task1/team24_intra-TEF2_SEM2_E30001.wav,1,VCC2020_T24,
train,__hf__,0,librispeech,15316
train,/lambda/nfs/algovirginia/workspace/DeepfakeDetectionRenewed/data/vcc2020/audio/T10/task1/team10_intra-TEF2_SEM1_E30001.wav,1,VCC2020_T10,
train,__hf__,0,librispeech,10554
train,__hf__,0,librispeech,13913
train,/lambda/nfs/algovirginia/workspace/DeepfakeDetectionRenewed/data/vcc2020/audio/T33/task1/team33_intra-TEF1_SEM1_E30005.wav,1,VCC2020_T33,
train,__hf__,0,librispeech,16566
train,/lambda/nfs/algovirginia/workspace/DeepfakeDetectionRenewed/data/vcc2020/audio/T19/task1/team19_intra-TEF2_SEM1_E30003.wav,1,VCC2020_T19,
train,/lambda/nfs/algovirginia/workspace/DeepfakeDetectionRenewed/data/wavefake/generated_audio/common_voices_prompts_from_conformer_fastspeech2_pwg_ljspeech/gen_368.wav,1,common_voices_prompts_from_conformer_fastspeech2_pwg_ljspeech,
train,/lambda/nfs/algovirginia/workspace/DeepfakeDetectionRenewed/data/vcc2020/audio/T03/task1/team03_intra-TEF2_SEF2_E30004.wav,1,VCC2020_T03,
train,__hf__,0,librispeech,26439
train,/lambda/nfs/algovirginia/workspace/DeepfakeDetectionRenewed/data/wavefake/generated_audio/common_voices_prompts_from_conformer_fastspeech2_pwg_ljspeech/gen_10854.wav,1,common_voices_prompts_from_conformer_fastspeech2_pwg_ljspeech,
train,/lambda/nfs/algovirginia/workspace/DeepfakeDetectionRenewed/data/wavefake/generated_audio/ljspeech_parallel_wavegan/LJ039-0230_gen.wav,1,ljspeech_parallel_wavegan,
train,/lambda/nfs/algovirginia/workspace/DeepfakeDetectionRenewed/data/vcc2020/audio/T22/task1/team22_intra-TEM1_SEM2_E30003.wav,1,VCC2020_T22,
train,__hf__,0,librispeech,19592
train,__hf__,0,librispeech,27373
train,/lambda/nfs/algovirginia/workspace/DeepfakeDetectionRenewed/data/wavefake/generated_audio/ljspeech_parallel_wavegan/LJ023-0072_gen.wav,1,ljspeech_parallel_wavegan,
train,/lambda/nfs/algovirginia/workspace/DeepfakeDetectionRenewed/data/wavefake/generated_audio/ljspeech_parallel_wavegan/LJ038-0072_gen.wav,1,ljspeech_parallel_wavegan,
train,/lambda/nfs/algovirginia/workspace/DeepfakeDetectionRenewed/data/wavefake/generated_audio/common_voices_prompts_from_conformer_fastspeech2_pwg_ljspeech/gen_2832.wav,1,common_voices_prompts_from_conformer_fastspeech2_pwg_ljspeech,
train,/lambda/nfs/algovirginia/workspace/DeepfakeDetectionRenewed/data/vcc2020/audio/T09/task1/team09_intra-TEM2_SEF1_E30002.wav,1,VCC2020_T09,
train,__hf__,0,librispeech,26058
train,__hf__,0,librispeech,3068
train,__hf__,0,librispeech,17196
train,/lambda/nfs/algovirginia/workspace/DeepfakeDetectionRenewed/data/vcc2020/audio/T24/task1/team24_intra-TEF2_SEF1_E30005.wav,1,VCC2020_T24,
train,/lambda/nfs/algovirginia/workspace/DeepfakeDetectionRenewed/data/wavefake/generated_audio/ljspeech_full_band_melgan/LJ006-0012_gen.wav,1,ljspeech_full_band_melgan,
train,/lambda/nfs/algovirginia/workspace/DeepfakeDetectionRenewed/data/wavefake/generated_audio/ljspeech_parallel_wavegan/LJ049-0212_gen.wav,1,ljspeech_parallel_wavegan,
train,__hf__,0,librispeech,14457
train,__hf__,0,librispeech,11192
train,__hf__,0,librispeech,9979
train,__hf__,0,librispeech,1066
train,/lambda/nfs/algovirginia/workspace/DeepfakeDetectionRenewed/data/vcc2020/audio/T30/task1/team30_intra-TEF2_SEF1_E30001.wav,1,VCC2020_T30,
train,__hf__,0,librispeech,23898
train,__hf__,0,librispeech,9807
train,/lambda/nfs/algovirginia/workspace/DeepfakeDetectionRenewed/data/vcc2020/audio/T16/task1/team16_intra-TEM2_SEF2_E30005.wav,1,VCC2020_T16,
train,__hf__,0,librispeech,13037
train,/lambda/nfs/algovirginia/workspace/DeepfakeDetectionRenewed/data/vcc2020/audio/T18/task1/team18_intra-TEF2_SEM2_E30002.wav,1,VCC2020_T18,
train,/lambda/nfs/algovirginia/workspace/DeepfakeDetectionRenewed/data/vcc2020/audio/T02/task1/team02_intra-TEM2_SEF2_E30005.wav,1,VCC2020_T02,
train,/lambda/nfs/algovirginia/workspace/DeepfakeDetectionRenewed/data/vcc2020/audio/T20/task1/team20_intra-TEF2_SEF1_E30003.wav,1,VCC2020_T20,
train,/lambda/nfs/algovirginia/workspace/DeepfakeDetectionRenewed/data/wavefake/generated_audio/ljspeech_full_band_melgan/LJ017-0263_gen.wav,1,ljspeech_full_band_melgan,
train,/lambda/nfs/algovirginia/workspace/DeepfakeDetectionRenewed/data/wavefake/generated_audio/ljspeech_hifiGAN/LJ032-0045_generated.wav,1,ljspeech_hifiGAN,
train,__hf__,0,librispeech,17598
train,/lambda/nfs/algovirginia/workspace/DeepfakeDetectionRenewed/data/wavefake/generated_audio/ljspeech_full_band_melgan/LJ043-0166_gen.wav,1,ljspeech_full_band_melgan,
train,__hf__,0,librispeech,13939
train,__hf__,0,librispeech,25913
train,__hf__,0,librispeech,23585
train,/lambda/nfs/algovirginia/workspace/DeepfakeDetectionRenewed/data/wavefake/generated_audio/ljspeech_full_band_melgan/LJ045-0247_gen.wav,1,ljspeech_full_band_melgan,
train,__hf__,0,librispeech,24505
train,__hf__,0,librispeech,11349
train,/lambda/nfs/algovirginia/workspace/DeepfakeDetectionRenewed/data/wavefake/generated_audio/ljspeech_parallel_wavegan/LJ014-0134_gen.wav,1,ljspeech_parallel_wavegan,
train,__hf__,0,librispeech,2549
train,__hf__,0,librispeech,22464
train,/lambda/nfs/algovirginia/workspace/DeepfakeDetectionRenewed/data/wavefake/generated_audio/common_voices_prompts_from_conformer_fastspeech2_pwg_ljspeech/gen_2775.wav,1,common_voices_prompts_from_conformer_fastspeech2_pwg_ljspeech,
train,__hf__,0,librispeech,23688
train,__hf__,0,librispeech,18309
train,__hf__,0,librispeech,1709
train,__hf__,0,librispeech,1850
train,__hf__,0,librispeech,6037
train,__hf__,0,librispeech,502
train,/lambda/nfs/algovirginia/workspace/DeepfakeDetectionRenewed/data/vcc2020/audio/T17/task1/team17_intra-TEM2_SEF1_E30004.wav,1,VCC2020_T17,
train,/lambda/nfs/algovirginia/workspace/DeepfakeDetectionRenewed/data/wavefake/generated_audio/ljspeech_parallel_wavegan/LJ019-0121_gen.wav,1,ljspeech_parallel_wavegan,
train,/lambda/nfs/algovirginia/workspace/DeepfakeDetectionRenewed/data/wavefake/generated_audio/ljspeech_parallel_wavegan/LJ019-0368_gen.wav,1,ljspeech_parallel_wavegan,
train,__hf__,0,librispeech,22592
train,/lambda/nfs/algovirginia/workspace/DeepfakeDetectionRenewed/data/vcc2020/audio/T23/task1/team23_intra-TEM2_SEF1_E30001.wav,1,VCC2020_T23,
train,/lambda/nfs/algovirginia/workspace/DeepfakeDetectionRenewed/data/vcc2020/audio/T14/task1/team14_intra-TEF1_SEF2_E30004.wav,1,VCC2020_T14,
train,__hf__,0,librispeech,20982
train,__hf__,0,librispeech,1447
train,__hf__,0,librispeech,819
train,/lambda/nfs/algovirginia/workspace/DeepfakeDetectionRenewed/data/vcc2020/audio/T27/task1/team27_intra-TEF2_SEF1_E30004.wav,1,VCC2020_T27,
train,__hf__,0,librispeech,13815
train,/lambda/nfs/algovirginia/workspace/DeepfakeDetectionRenewed/data/vcc2020/audio/T02/task1/team02_intra-TEM2_SEM1_E30002.wav,1,VCC2020_T02,
train,/lambda/nfs/algovirginia/workspace/DeepfakeDetectionRenewed/data/vcc2020/audio/T03/task1/team03_intra-TEM1_SEM1_E30004.wav,1,VCC2020_T03,
train,__hf__,0,librispeech,7120
train,/lambda/nfs/algovirginia/workspace/DeepfakeDetectionRenewed/data/wavefake/generated_audio/ljspeech_hifiGAN/LJ016-0324_generated.wav,1,ljspeech_hifiGAN,
train,/lambda/nfs/algovirginia/workspace/DeepfakeDetectionRenewed/data/wavefake/generated_audio/ljspeech_parallel_wavegan/LJ017-0284_gen.wav,1,ljspeech_parallel_wavegan,
train,/lambda/nfs/algovirginia/workspace/DeepfakeDetectionRenewed/data/vcc2020/audio/T14/task1/team14_intra-TEF1_SEF2_E30005.wav,1,VCC2020_T14,
train,/lambda/nfs/algovirginia/workspace/DeepfakeDetectionRenewed/data/vcc2020/audio/T27/task1/team27_intra-TEF1_SEF2_E30004.wav,1,VCC2020_T27,
train,__hf__,0,librispeech,25728
train,__hf__,0,librispeech,20794
train,__hf__,0,librispeech,14776
train,/lambda/nfs/algovirginia/workspace/DeepfakeDetectionRenewed/data/wavefake/generated_audio/common_voices_prompts_from_conformer_fastspeech2_pwg_ljspeech/gen_3481.wav,1,common_voices_prompts_from_conformer_fastspeech2_pwg_ljspeech,
train,__hf__,0,librispeech,19166
train,/lambda/nfs/algovirginia/workspace/DeepfakeDetectionRenewed/data/wavefake/generated_audio/ljspeech_parallel_wavegan/LJ039-0059_gen.wav,1,ljspeech_parallel_wavegan,
train,/lambda/nfs/algovirginia/workspace/DeepfakeDetectionRenewed/data/wavefake/generated_audio/ljspeech_hifiGAN/LJ032-0033_generated.wav,1,ljspeech_hifiGAN,
train,/lambda/nfs/algovirginia/workspace/DeepfakeDetectionRenewed/data/vcc2020/audio/T06/task1/team06_intra-TEM1_SEM2_E30001.wav,1,VCC2020_T06,
train,__hf__,0,librispeech,20435
train,/lambda/nfs/algovirginia/workspace/DeepfakeDetectionRenewed/data/vcc2020/audio/T25/task1/team25_intra-TEM1_SEF2_E30002.wav,1,VCC2020_T25,
train,/lambda/nfs/algovirginia/workspace/DeepfakeDetectionRenewed/data/wavefake/generated_audio/ljspeech_hifiGAN/LJ002-0259_generated.wav,1,ljspeech_hifiGAN,
train,/lambda/nfs/algovirginia/workspace/DeepfakeDetectionRenewed/data/wavefake/generated_audio/common_voices_prompts_from_conformer_fastspeech2_pwg_ljspeech/gen_1042.wav,1,common_voices_prompts_from_conformer_fastspeech2_pwg_ljspeech,
train,/lambda/nfs/algovirginia/workspace/DeepfakeDetectionRenewed/data/vcc2020/audio/T27/task1/team27_intra-TEM1_SEF1_E30004.wav,1,VCC2020_T27,
train,/lambda/nfs/algovirginia/workspace/DeepfakeDetectionRenewed/data/wavefake/generated_audio/common_voices_prompts_from_conformer_fastspeech2_pwg_ljspeech/gen_3561.wav,1,common_voices_prompts_from_conformer_fastspeech2_pwg_ljspeech,
train,__hf__,0,librispeech,4144
train,/lambda/nfs/algovirginia/workspace/DeepfakeDetectionRenewed/data/vcc2020/audio/T02/task1/team02_intra-TEF1_SEM1_E30005.wav,1,VCC2020_T02,
train,__hf__,0,librispeech,15147
train,/lambda/nfs/algovirginia/workspace/DeepfakeDetectionRenewed/data/vcc2020/audio/T23/task1/team23_intra-TEF1_SEM2_E30004.wav,1,VCC2020_T23,
train,__hf__,0,librispeech,4320
train,__hf__,0,librispeech,28482
train,/lambda/nfs/algovirginia/workspace/DeepfakeDetectionRenewed/data/vcc2020/audio/T11/task1/team11_intra-TEM2_SEF1_E30005.wav,1,VCC2020_T11,
train,__hf__,0,librispeech,7537
train,__hf__,0,librispeech,12066
train,/lambda/nfs/algovirginia/workspace/DeepfakeDetectionRenewed/data/vcc2020/audio/T31/task1/team31_intra-TEF2_SEF2_E30002.wav,1,VCC2020_T31,
train,/lambda/nfs/algovirginia/workspace/DeepfakeDetectionRenewed/data/vcc2020/audio/T17/task1/team17_intra-TEM2_SEM2_E30005.wav,1,VCC2020_T17,
train,/lambda/nfs/algovirginia/workspace/DeepfakeDetectionRenewed/data/vcc2020/audio/T11/task1/team11_intra-TEF1_SEF2_E30005.wav,1,VCC2020_T11,
train,/lambda/nfs/algovirginia/workspace/DeepfakeDetectionRenewed/data/vcc2020/audio/T22/task1/team22_intra-TEF1_SEM1_E30003.wav,1,VCC2020_T22,
train,/lambda/nfs/algovirginia/workspace/DeepfakeDetectionRenewed/data/wavefake/generated_audio/common_voices_prompts_from_conformer_fastspeech2_pwg_ljspeech/gen_7242.wav,1,common_voices_prompts_from_conformer_fastspeech2_pwg_ljspeech,
train,__hf__,0,librispeech,12610
train,__hf__,0,librispeech,23439
train,/lambda/nfs/algovirginia/workspace/DeepfakeDetectionRenewed/data/wavefake/generated_audio/ljspeech_parallel_wavegan/LJ008-0236_gen.wav,1,ljspeech_parallel_wavegan,
train,/lambda/nfs/algovirginia/workspace/DeepfakeDetectionRenewed/data/wavefake/generated_audio/ljspeech_hifiGAN/LJ012-0250_generated.wav,1,ljspeech_hifiGAN,
train,/lambda/nfs/algovirginia/workspace/DeepfakeDetectionRenewed/data/vcc2020/audio/T28/task1/team28_intra-TEM2_SEM1_E30001.wav,1,VCC2020_T28,
train,__hf__,0,librispeech,19387
train,/lambda/nfs/algovirginia/workspace/DeepfakeDetectionRenewed/data/wavefake/generated_audio/ljspeech_hifiGAN/LJ024-0052_generated.wav,1,ljspeech_hifiGAN,
train,/lambda/nfs/algovirginia/workspace/DeepfakeDetectionRenewed/data/wavefake/generated_audio/ljspeech_hifiGAN/LJ045-0185_generated.wav,1,ljspeech_hifiGAN,
train,/lambda/nfs/algovirginia/workspace/DeepfakeDetectionRenewed/data/vcc2020/audio/T20/task1/team20_intra-TEF1_SEM1_E30003.wav,1,VCC2020_T20,
train,/lambda/nfs/algovirginia/workspace/DeepfakeDetectionRenewed/data/vcc2020/audio/T26/task1/team26_intra-TEM1_SEM2_E30003.wav,1,VCC2020_T26,
train,/lambda/nfs/algovirginia/workspace/DeepfakeDetectionRenewed/data/vcc2020/audio/T30/task1/team30_intra-TEM1_SEF2_E30003.wav,1,VCC2020_T30,
train,__hf__,0,librispeech,25567
train,__hf__,0,librispeech,4431
train,__hf__,0,librispeech,24387
train,/lambda/nfs/algovirginia/workspace/DeepfakeDetectionRenewed/data/vcc2020/audio/T04/task1/team04_intra-TEM1_SEM1_E30003.wav,1,VCC2020_T04,
train,__hf__,0,librispeech,22941
train,/lambda/nfs/algovirginia/workspace/DeepfakeDetectionRenewed/data/vcc2020/audio/T24/task1/team24_intra-TEF2_SEM1_E30001.wav,1,VCC2020_T24,
train,/lambda/nfs/algovirginia/workspace/DeepfakeDetectionRenewed/data/vcc2020/audio/T14/task1/team14_intra-TEM1_SEF2_E30002.wav,1,VCC2020_T14,
train,/lambda/nfs/algovirginia/workspace/DeepfakeDetectionRenewed/data/vcc2020/audio/T08/task1/team08_intra-TEF1_SEM2_E30001.wav,1,VCC2020_T08,
train,/lambda/nfs/algovirginia/workspace/DeepfakeDetectionRenewed/data/wavefake/generated_audio/ljspeech_parallel_wavegan/LJ044-0169_gen.wav,1,ljspeech_parallel_wavegan,
train,/lambda/nfs/algovirginia/workspace/DeepfakeDetectionRenewed/data/wavefake/generated_audio/ljspeech_parallel_wavegan/LJ016-0168_gen.wav,1,ljspeech_parallel_wavegan,
train,__hf__,0,librispeech,13402
train,__hf__,0,librispeech,27521
train,__hf__,0,librispeech,25093
train,/lambda/nfs/algovirginia/workspace/DeepfakeDetectionRenewed/data/vcc2020/audio/T20/task1/team20_intra-TEM1_SEF1_E30001.wav,1,VCC2020_T20,
train,__hf__,0,librispeech,22673
train,/lambda/nfs/algovirginia/workspace/DeepfakeDetectionRenewed/data/wavefake/generated_audio/ljspeech_parallel_wavegan/LJ016-0346_gen.wav,1,ljspeech_parallel_wavegan,
train,__hf__,0,librispeech,3117
train,__hf__,0,librispeech,16123
train,__hf__,0,librispeech,8531
train,__hf__,0,librispeech,19027
train,/lambda/nfs/algovirginia/workspace/DeepfakeDetectionRenewed/data/wavefake/generated_audio/common_voices_prompts_from_conformer_fastspeech2_pwg_ljspeech/gen_280.wav,1,common_voices_prompts_from_conformer_fastspeech2_pwg_ljspeech,
train,__hf__,0,librispeech,17202
train,__hf__,0,librispeech,8371
train,/lambda/nfs/algovirginia/workspace/DeepfakeDetectionRenewed/data/wavefake/generated_audio/ljspeech_full_band_melgan/LJ046-0199_gen.wav,1,ljspeech_full_band_melgan,
train,/lambda/nfs/algovirginia/workspace/DeepfakeDetectionRenewed/data/vcc2020/audio/T28/task1/team28_intra-TEF1_SEM2_E30005.wav,1,VCC2020_T28,
train,/lambda/nfs/algovirginia/workspace/DeepfakeDetectionRenewed/data/vcc2020/audio/T10/task1/team10_intra-TEM1_SEM2_E30001.wav,1,VCC2020_T10,
train,/lambda/nfs/algovirginia/workspace/DeepfakeDetectionRenewed/data/wavefake/generated_audio/ljspeech_parallel_wavegan/LJ007-0221_gen.wav,1,ljspeech_parallel_wavegan,
train,__hf__,0,librispeech,22567
train,/lambda/nfs/algovirginia/workspace/DeepfakeDetectionRenewed/data/wavefake/generated_audio/common_voices_prompts_from_conformer_fastspeech2_pwg_ljspeech/gen_11517.wav,1,common_voices_prompts_from_conformer_fastspeech2_pwg_ljspeech,
train,/lambda/nfs/algovirginia/workspace/DeepfakeDetectionRenewed/data/vcc2020/audio/T03/task1/team03_intra-TEM2_SEM2_E30003.wav,1,VCC2020_T03,
train,/lambda/nfs/algovirginia/workspace/DeepfakeDetectionRenewed/data/wavefake/generated_audio/common_voices_prompts_from_conformer_fastspeech2_pwg_ljspeech/gen_12709.wav,1,common_voices_prompts_from_conformer_fastspeech2_pwg_ljspeech,
train,__hf__,0,librispeech,17743
train,/lambda/nfs/algovirginia/workspace/DeepfakeDetectionRenewed/data/vcc2020/audio/T21/task1/team21_intra-TEF2_SEM2_E30003.wav,1,VCC2020_T21,
train,/lambda/nfs/algovirginia/workspace/DeepfakeDetectionRenewed/data/wavefake/generated_audio/ljspeech_parallel_wavegan/LJ008-0010_gen.wav,1,ljspeech_parallel_wavegan,
train,/lambda/nfs/algovirginia/workspace/DeepfakeDetectionRenewed/data/wavefake/generated_audio/ljspeech_parallel_wavegan/LJ003-0053_gen.wav,1,ljspeech_parallel_wavegan,
train,__hf__,0,librispeech,14386
train,__hf__,0,librispeech,14080
train,__hf__,0,librispeech,15591
train,/lambda/nfs/algovirginia/workspace/DeepfakeDetectionRenewed/data/wavefake/generated_audio/common_voices_prompts_from_conformer_fastspeech2_pwg_ljspeech/gen_1955.wav,1,common_voices_prompts_from_conformer_fastspeech2_pwg_ljspeech,
train,/lambda/nfs/algovirginia/workspace/DeepfakeDetectionRenewed/data/vcc2020/audio/T11/task1/team11_intra-TEM2_SEM2_E30004.wav,1,VCC2020_T11,
train,__hf__,0,librispeech,263
train,__hf__,0,librispeech,18514
train,__hf__,0,librispeech,11347
train,/lambda/nfs/algovirginia/workspace/DeepfakeDetectionRenewed/data/vcc2020/audio/T25/task1/team25_intra-TEF1_SEF2_E30005.wav,1,VCC2020_T25,
train,__hf__,0,librispeech,28025
train,__hf__,0,librispeech,11658
train,__hf__,0,librispeech,1118
train,/lambda/nfs/algovirginia/workspace/DeepfakeDetectionRenewed/data/wavefake/generated_audio/common_voices_prompts_from_conformer_fastspeech2_pwg_ljspeech/gen_11026.wav,1,common_voices_prompts_from_conformer_fastspeech2_pwg_ljspeech,
train,__hf__,0,librispeech,5471
train,/lambda/nfs/algovirginia/workspace/DeepfakeDetectionRenewed/data/vcc2020/audio/T10/task1/team10_intra-TEF2_SEF1_E30004.wav,1,VCC2020_T10,
train,__hf__,0,librispeech,24207
train,/lambda/nfs/algovirginia/workspace/DeepfakeDetectionRenewed/data/vcc2020/audio/T17/task1/team17_intra-TEF2_SEM2_E30002.wav,1,VCC2020_T17,
train,/lambda/nfs/algovirginia/workspace/DeepfakeDetectionRenewed/data/wavefake/generated_audio/common_voices_prompts_from_conformer_fastspeech2_pwg_ljspeech/gen_10534.wav,1,common_voices_prompts_from_conformer_fastspeech2_pwg_ljspeech,
train,/lambda/nfs/algovirginia/workspace/DeepfakeDetectionRenewed/data/wavefake/generated_audio/ljspeech_parallel_wavegan/LJ006-0282_gen.wav,1,ljspeech_parallel_wavegan,
train,__hf__,0,librispeech,22776
train,/lambda/nfs/algovirginia/workspace/DeepfakeDetectionRenewed/data/vcc2020/audio/T22/task1/team22_intra-TEF2_SEF2_E30002.wav,1,VCC2020_T22,
train,__hf__,0,librispeech,24124
train,__hf__,0,librispeech,28123
train,__hf__,0,librispeech,12028
train,__hf__,0,librispeech,25487
train,__hf__,0,librispeech,16401
train,__hf__,0,librispeech,6673
train,/lambda/nfs/algovirginia/workspace/DeepfakeDetectionRenewed/data/vcc2020/audio/T18/task1/team18_intra-TEM1_SEF1_E30003.wav,1,VCC2020_T18,
train,__hf__,0,librispeech,18785
train,__hf__,0,librispeech,5935
train,/lambda/nfs/algovirginia/workspace/DeepfakeDetectionRenewed/data/wavefake/generated_audio/ljspeech_full_band_melgan/LJ022-0011_gen.wav,1,ljspeech_full_band_melgan,
train,/lambda/nfs/algovirginia/workspace/DeepfakeDetectionRenewed/data/vcc2020/audio/T03/task1/team03_intra-TEF2_SEM2_E30005.wav,1,VCC2020_T03,
train,/lambda/nfs/algovirginia/workspace/DeepfakeDetectionRenewed/data/wavefake/generated_audio/ljspeech_parallel_wavegan/LJ017-0091_gen.wav,1,ljspeech_parallel_wavegan,
train,__hf__,0,librispeech,1117
train,__hf__,0,librispeech,7659
train,__hf__,0,librispeech,14787
train,/lambda/nfs/algovirginia/workspace/DeepfakeDetectionRenewed/data/vcc2020/audio/T28/task1/team28_intra-TEF1_SEM2_E30001.wav,1,VCC2020_T28,
train,__hf__,0,librispeech,9534
train,__hf__,0,librispeech,24326
train,/lambda/nfs/algovirginia/workspace/DeepfakeDetectionRenewed/data/wavefake/generated_audio/common_voices_prompts_from_conformer_fastspeech2_pwg_ljspeech/gen_8193.wav,1,common_voices_prompts_from_conformer_fastspeech2_pwg_ljspeech,
train,__hf__,0,librispeech,2178
train,/lambda/nfs/algovirginia/workspace/DeepfakeDetectionRenewed/data/vcc2020/audio/T27/task1/team27_intra-TEM2_SEM1_E30001.wav,1,VCC2020_T27,
train,__hf__,0,librispeech,25040
train,/lambda/nfs/algovirginia/workspace/DeepfakeDetectionRenewed/data/vcc2020/audio/T20/task1/team20_intra-TEF2_SEF1_E30002.wav,1,VCC2020_T20,
train,__hf__,0,librispeech,14688
train,/lambda/nfs/algovirginia/workspace/DeepfakeDetectionRenewed/data/vcc2020/audio/T33/task1/team33_intra-TEM1_SEF2_E30004.wav,1,VCC2020_T33,
train,__hf__,0,librispeech,17065
train,__hf__,0,librispeech,14317
train,/lambda/nfs/algovirginia/workspace/DeepfakeDetectionRenewed/data/vcc2020/audio/T12/task1/team12_intra-TEM2_SEM2_E30005.wav,1,VCC2020_T12,
train,__hf__,0,librispeech,25590
train,/lambda/nfs/algovirginia/workspace/DeepfakeDetectionRenewed/data/wavefake/generated_audio/common_voices_prompts_from_conformer_fastspeech2_pwg_ljspeech/gen_4270.wav,1,common_voices_prompts_from_conformer_fastspeech2_pwg_ljspeech,
train,__hf__,0,librispeech,6780
train,__hf__,0,librispeech,13298
train,/lambda/nfs/algovirginia/workspace/DeepfakeDetectionRenewed/data/wavefake/generated_audio/common_voices_prompts_from_conformer_fastspeech2_pwg_ljspeech/gen_5095.wav,1,common_voices_prompts_from_conformer_fastspeech2_pwg_ljspeech,
train,__hf__,0,librispeech,5080
train,/lambda/nfs/algovirginia/workspace/DeepfakeDetectionRenewed/data/wavefake/generated_audio/ljspeech_parallel_wavegan/LJ043-0006_gen.wav,1,ljspeech_parallel_wavegan,
train,/lambda/nfs/algovirginia/workspace/DeepfakeDetectionRenewed/data/vcc2020/audio/T21/task1/team21_intra-TEF2_SEM2_E30004.wav,1,VCC2020_T21,
train,/lambda/nfs/algovirginia/workspace/DeepfakeDetectionRenewed/data/vcc2020/audio/T01/task1/team01_intra-TEF2_SEF2_E30003.wav,1,VCC2020_T01,
train,__hf__,0,librispeech,25834
train,__hf__,0,librispeech,8076
train,__hf__,0,librispeech,4459
train,__hf__,0,librispeech,9277
train,/lambda/nfs/algovirginia/workspace/DeepfakeDetectionRenewed/data/vcc2020/audio/T27/task1/team27_intra-TEF2_SEF2_E30002.wav,1,VCC2020_T27,
train,__hf__,0,librispeech,16749
train,/lambda/nfs/algovirginia/workspace/DeepfakeDetectionRenewed/data/vcc2020/audio/T14/task1/team14_intra-TEF1_SEF1_E30005.wav,1,VCC2020_T14,
train,__hf__,0,librispeech,4464
train,__hf__,0,librispeech,23485
train,/lambda/nfs/algovirginia/workspace/DeepfakeDetectionRenewed/data/vcc2020/audio/T33/task1/team33_intra-TEF1_SEF1_E30004.wav,1,VCC2020_T33,
train,/lambda/nfs/algovirginia/workspace/DeepfakeDetectionRenewed/data/wavefake/generated_audio/ljspeech_parallel_wavegan/LJ010-0277_gen.wav,1,ljspeech_parallel_wavegan,
train,__hf__,0,librispeech,7791
train,__hf__,0,librispeech,13397
train,/lambda/nfs/algovirginia/workspace/DeepfakeDetectionRenewed/data/vcc2020/audio/T22/task1/team22_intra-TEM2_SEF2_E30005.wav,1,VCC2020_T22,
train,/lambda/nfs/algovirginia/workspace/DeepfakeDetectionRenewed/data/vcc2020/audio/T09/task1/team09_intra-TEF2_SEF1_E30005.wav,1,VCC2020_T09,
train,__hf__,0,librispeech,8032
train,__hf__,0,librispeech,2859
train,/lambda/nfs/algovirginia/workspace/DeepfakeDetectionRenewed/data/vcc2020/audio/T26/task1/team26_intra-TEF2_SEF2_E30005.wav,1,VCC2020_T26,
train,__hf__,0,librispeech,26403
train,__hf__,0,librispeech,20627
train,__hf__,0,librispeech,5755
train,/lambda/nfs/algovirginia/workspace/DeepfakeDetectionRenewed/data/vcc2020/audio/T31/task1/team31_intra-TEF2_SEM2_E30004.wav,1,VCC2020_T31,
train,/lambda/nfs/algovirginia/workspace/DeepfakeDetectionRenewed/data/wavefake/generated_audio/ljspeech_hifiGAN/LJ010-0305_generated.wav,1,ljspeech_hifiGAN,
train,/lambda/nfs/algovirginia/workspace/DeepfakeDetectionRenewed/data/wavefake/generated_audio/ljspeech_full_band_melgan/LJ034-0019_gen.wav,1,ljspeech_full_band_melgan,
train,__hf__,0,librispeech,27573
train,/lambda/nfs/algovirginia/workspace/DeepfakeDetectionRenewed/data/vcc2020/audio/T12/task1/team12_intra-TEF1_SEM2_E30002.wav,1,VCC2020_T12,
train,/lambda/nfs/algovirginia/workspace/DeepfakeDetectionRenewed/data/wavefake/generated_audio/ljspeech_hifiGAN/LJ023-0100_generated.wav,1,ljspeech_hifiGAN,
train,__hf__,0,librispeech,1924
train,/lambda/nfs/algovirginia/workspace/DeepfakeDetectionRenewed/data/vcc2020/audio/T04/task1/team04_intra-TEF2_SEM1_E30002.wav,1,VCC2020_T04,
train,__hf__,0,librispeech,6653
train,/lambda/nfs/algovirginia/workspace/DeepfakeDetectionRenewed/data/vcc2020/audio/T09/task1/team09_intra-TEM1_SEM1_E30002.wav,1,VCC2020_T09,
train,/lambda/nfs/algovirginia/workspace/DeepfakeDetectionRenewed/data/vcc2020/audio/T19/task1/team19_intra-TEM1_SEM1_E30005.wav,1,VCC2020_T19,
train,/lambda/nfs/algovirginia/workspace/DeepfakeDetectionRenewed/data/wavefake/generated_audio/common_voices_prompts_from_conformer_fastspeech2_pwg_ljspeech/gen_3925.wav,1,common_voices_prompts_from_conformer_fastspeech2_pwg_ljspeech,
train,/lambda/nfs/algovirginia/workspace/DeepfakeDetectionRenewed/data/vcc2020/audio/T01/task1/team01_intra-TEM2_SEM2_E30004.wav,1,VCC2020_T01,
train,/lambda/nfs/algovirginia/workspace/DeepfakeDetectionRenewed/data/wavefake/generated_audio/ljspeech_full_band_melgan/LJ007-0014_gen.wav,1,ljspeech_full_band_melgan,
train,__hf__,0,librispeech,16737
train,__hf__,0,librispeech,23056
train,/lambda/nfs/algovirginia/workspace/DeepfakeDetectionRenewed/data/wavefake/generated_audio/ljspeech_hifiGAN/LJ048-0230_generated.wav,1,ljspeech_hifiGAN,
train,__hf__,0,librispeech,26608
train,__hf__,0,librispeech,16975
train,__hf__,0,librispeech,13351
train,/lambda/nfs/algovirginia/workspace/DeepfakeDetectionRenewed/data/vcc2020/audio/T21/task1/team21_intra-TEM2_SEM2_E30004.wav,1,VCC2020_T21,
train,/lambda/nfs/algovirginia/workspace/DeepfakeDetectionRenewed/data/vcc2020/audio/T14/task1/team14_intra-TEM1_SEF1_E30001.wav,1,VCC2020_T14,
train,__hf__,0,librispeech,23870
train,/lambda/nfs/algovirginia/workspace/DeepfakeDetectionRenewed/data/wavefake/generated_audio/common_voices_prompts_from_conformer_fastspeech2_pwg_ljspeech/gen_14520.wav,1,common_voices_prompts_from_conformer_fastspeech2_pwg_ljspeech,
train,__hf__,0,librispeech,16217
train,/lambda/nfs/algovirginia/workspace/DeepfakeDetectionRenewed/data/vcc2020/audio/T06/task1/team06_intra-TEF1_SEM1_E30003.wav,1,VCC2020_T06,
train,__hf__,0,librispeech,20365
train,__hf__,0,librispeech,26849
train,/lambda/nfs/algovirginia/workspace/DeepfakeDetectionRenewed/data/vcc2020/audio/T32/task1/team32_intra-TEF1_SEF2_E30005.wav,1,VCC2020_T32,
train,__hf__,0,librispeech,19419
train,/lambda/nfs/algovirginia/workspace/DeepfakeDetectionRenewed/data/vcc2020/audio/T19/task1/team19_intra-TEF1_SEF1_E30004.wav,1,VCC2020_T19,
train,/lambda/nfs/algovirginia/workspace/DeepfakeDetectionRenewed/data/wavefake/generated_audio/common_voices_prompts_from_conformer_fastspeech2_pwg_ljspeech/gen_2461.wav,1,common_voices_prompts_from_conformer_fastspeech2_pwg_ljspeech,
train,__hf__,0,librispeech,11451
train,__hf__,0,librispeech,4106
train,/lambda/nfs/algovirginia/workspace/DeepfakeDetectionRenewed/data/vcc2020/audio/T13/task1/team13_intra-TEM1_SEF1_E30005.wav,1,VCC2020_T13,
train,__hf__,0,librispeech,1456
train,/lambda/nfs/algovirginia/workspace/DeepfakeDetectionRenewed/data/vcc2020/audio/T19/task1/team19_intra-TEF1_SEF2_E30005.wav,1,VCC2020_T19,
train,/lambda/nfs/algovirginia/workspace/DeepfakeDetectionRenewed/data/wavefake/generated_audio/ljspeech_full_band_melgan/LJ038-0117_gen.wav,1,ljspeech_full_band_melgan,
train,__hf__,0,librispeech,23216
train,/lambda/nfs/algovirginia/workspace/DeepfakeDetectionRenewed/data/wavefake/generated_audio/ljspeech_parallel_wavegan/LJ021-0088_gen.wav,1,ljspeech_parallel_wavegan,
train,__hf__,0,librispeech,17887
train,__hf__,0,librispeech,9266
train,/lambda/nfs/algovirginia/workspace/DeepfakeDetectionRenewed/data/vcc2020/audio/T26/task1/team26_intra-TEF2_SEF1_E30005.wav,1,VCC2020_T26,
train,/lambda/nfs/algovirginia/workspace/DeepfakeDetectionRenewed/data/vcc2020/audio/T32/task1/team32_intra-TEF2_SEM2_E30002.wav,1,VCC2020_T32,
train,/lambda/nfs/algovirginia/workspace/DeepfakeDetectionRenewed/data/wavefake/generated_audio/ljspeech_full_band_melgan/LJ039-0084_gen.wav,1,ljspeech_full_band_melgan,
train,__hf__,0,librispeech,19774
train,/lambda/nfs/algovirginia/workspace/DeepfakeDetectionRenewed/data/wavefake/generated_audio/ljspeech_parallel_wavegan/LJ029-0151_gen.wav,1,ljspeech_parallel_wavegan,
train,__hf__,0,librispeech,2335
train,/lambda/nfs/algovirginia/workspace/DeepfakeDetectionRenewed/data/wavefake/generated_audio/ljspeech_parallel_wavegan/LJ008-0240_gen.wav,1,ljspeech_parallel_wavegan,
train,__hf__,0,librispeech,23627
train,/lambda/nfs/algovirginia/workspace/DeepfakeDetectionRenewed/data/wavefake/generated_audio/ljspeech_parallel_wavegan/LJ003-0348_gen.wav,1,ljspeech_parallel_wavegan,
train,/lambda/nfs/algovirginia/workspace/DeepfakeDetectionRenewed/data/wavefake/generated_audio/common_voices_prompts_from_conformer_fastspeech2_pwg_ljspeech/gen_8294.wav,1,common_voices_prompts_from_conformer_fastspeech2_pwg_ljspeech,
train,__hf__,0,librispeech,26575
train,/lambda/nfs/algovirginia/workspace/DeepfakeDetectionRenewed/data/wavefake/generated_audio/common_voices_prompts_from_conformer_fastspeech2_pwg_ljspeech/gen_4508.wav,1,common_voices_prompts_from_conformer_fastspeech2_pwg_ljspeech,
train,/lambda/nfs/algovirginia/workspace/DeepfakeDetectionRenewed/data/vcc2020/audio/T13/task1/team13_intra-TEM2_SEF2_E30005.wav,1,VCC2020_T13,
train,__hf__,0,librispeech,4391
train,/lambda/nfs/algovirginia/workspace/DeepfakeDetectionRenewed/data/wavefake/generated_audio/ljspeech_parallel_wavegan/LJ044-0152_gen.wav,1,ljspeech_parallel_wavegan,
train,/lambda/nfs/algovirginia/workspace/DeepfakeDetectionRenewed/data/vcc2020/audio/T12/task1/team12_intra-TEF2_SEF1_E30004.wav,1,VCC2020_T12,
train,/lambda/nfs/algovirginia/workspace/DeepfakeDetectionRenewed/data/wavefake/generated_audio/ljspeech_hifiGAN/LJ003-0063_generated.wav,1,ljspeech_hifiGAN,
train,__hf__,0,librispeech,25281
train,/lambda/nfs/algovirginia/workspace/DeepfakeDetectionRenewed/data/vcc2020/audio/T23/task1/team23_intra-TEF1_SEF2_E30003.wav,1,VCC2020_T23,
train,__hf__,0,librispeech,11184
train,/lambda/nfs/algovirginia/workspace/DeepfakeDetectionRenewed/data/wavefake/generated_audio/common_voices_prompts_from_conformer_fastspeech2_pwg_ljspeech/gen_11033.wav,1,common_voices_prompts_from_conformer_fastspeech2_pwg_ljspeech,
train,__hf__,0,librispeech,23985
train,/lambda/nfs/algovirginia/workspace/DeepfakeDetectionRenewed/data/vcc2020/audio/T16/task1/team16_intra-TEF2_SEM1_E30003.wav,1,VCC2020_T16,
train,/lambda/nfs/algovirginia/workspace/DeepfakeDetectionRenewed/data/wavefake/generated_audio/common_voices_prompts_from_conformer_fastspeech2_pwg_ljspeech/gen_3601.wav,1,common_voices_prompts_from_conformer_fastspeech2_pwg_ljspeech,
train,/lambda/nfs/algovirginia/workspace/DeepfakeDetectionRenewed/data/wavefake/generated_audio/ljspeech_full_band_melgan/LJ047-0063_gen.wav,1,ljspeech_full_band_melgan,
train,__hf__,0,librispeech,9193
train,/lambda/nfs/algovirginia/workspace/DeepfakeDetectionRenewed/data/wavefake/generated_audio/common_voices_prompts_from_conformer_fastspeech2_pwg_ljspeech/gen_7683.wav,1,common_voices_prompts_from_conformer_fastspeech2_pwg_ljspeech,
train,/lambda/nfs/algovirginia/workspace/DeepfakeDetectionRenewed/data/vcc2020/audio/T24/task1/team24_intra-TEM1_SEM1_E30001.wav,1,VCC2020_T24,
train,/lambda/nfs/algovirginia/workspace/DeepfakeDetectionRenewed/data/wavefake/generated_audio/ljspeech_hifiGAN/LJ016-0283_generated.wav,1,ljspeech_hifiGAN,
train,__hf__,0,librispeech,5758
train,__hf__,0,librispeech,8901
train,__hf__,0,librispeech,9241
train,__hf__,0,librispeech,18246
train,/lambda/nfs/algovirginia/workspace/DeepfakeDetectionRenewed/data/vcc2020/audio/T11/task1/team11_intra-TEM1_SEF2_E30001.wav,1,VCC2020_T11,
train,__hf__,0,librispeech,8125
train,__hf__,0,librispeech,24025
train,/lambda/nfs/algovirginia/workspace/DeepfakeDetectionRenewed/data/wavefake/generated_audio/ljspeech_parallel_wavegan/LJ028-0479_gen.wav,1,ljspeech_parallel_wavegan,
train,__hf__,0,librispeech,5902
train,__hf__,0,librispeech,26826
train,__hf__,0,librispeech,8849
train,/lambda/nfs/algovirginia/workspace/DeepfakeDetectionRenewed/data/wavefake/generated_audio/ljspeech_hifiGAN/LJ039-0128_generated.wav,1,ljspeech_hifiGAN,
train,/lambda/nfs/algovirginia/workspace/DeepfakeDetectionRenewed/data/vcc2020/audio/T29/task1/team29_intra-TEM1_SEF1_E30004.wav,1,VCC2020_T29,
train,/lambda/nfs/algovirginia/workspace/DeepfakeDetectionRenewed/data/vcc2020/audio/T18/task1/team18_intra-TEM2_SEM2_E30005.wav,1,VCC2020_T18,
train,/lambda/nfs/algovirginia/workspace/DeepfakeDetectionRenewed/data/wavefake/generated_audio/ljspeech_parallel_wavegan/LJ006-0223_gen.wav,1,ljspeech_parallel_wavegan,
train,__hf__,0,librispeech,20506
train,/lambda/nfs/algovirginia/workspace/DeepfakeDetectionRenewed/data/wavefake/generated_audio/ljspeech_hifiGAN/LJ036-0123_generated.wav,1,ljspeech_hifiGAN,
train,__hf__,0,librispeech,9699
train,__hf__,0,librispeech,5335
train,/lambda/nfs/algovirginia/workspace/DeepfakeDetectionRenewed/data/wavefake/generated_audio/ljspeech_hifiGAN/LJ014-0286_generated.wav,1,ljspeech_hifiGAN,
train,/lambda/nfs/algovirginia/workspace/DeepfakeDetectionRenewed/data/vcc2020/audio/T22/task1/team22_intra-TEF1_SEF1_E30005.wav,1,VCC2020_T22,
train,__hf__,0,librispeech,3830
train,__hf__,0,librispeech,5323
train,__hf__,0,librispeech,18178
train,/lambda/nfs/algovirginia/workspace/DeepfakeDetectionRenewed/data/vcc2020/audio/T29/task1/team29_intra-TEF1_SEF1_E30002.wav,1,VCC2020_T29,
train,/lambda/nfs/algovirginia/workspace/DeepfakeDetectionRenewed/data/wavefake/generated_audio/common_voices_prompts_from_conformer_fastspeech2_pwg_ljspeech/gen_13907.wav,1,common_voices_prompts_from_conformer_fastspeech2_pwg_ljspeech,
train,/lambda/nfs/algovirginia/workspace/DeepfakeDetectionRenewed/data/wavefake/generated_audio/common_voices_prompts_from_conformer_fastspeech2_pwg_ljspeech/gen_8430.wav,1,common_voices_prompts_from_conformer_fastspeech2_pwg_ljspeech,
train,/lambda/nfs/algovirginia/workspace/DeepfakeDetectionRenewed/data/vcc2020/audio/T29/task1/team29_intra-TEF1_SEM2_E30005.wav,1,VCC2020_T29,
train,__hf__,0,librispeech,781
train,/lambda/nfs/algovirginia/workspace/DeepfakeDetectionRenewed/data/wavefake/generated_audio/ljspeech_full_band_melgan/LJ004-0250_gen.wav,1,ljspeech_full_band_melgan,
train,__hf__,0,librispeech,11182
train,/lambda/nfs/algovirginia/workspace/DeepfakeDetectionRenewed/data/wavefake/generated_audio/ljspeech_full_band_melgan/LJ019-0348_gen.wav,1,ljspeech_full_band_melgan,
train,/lambda/nfs/algovirginia/workspace/DeepfakeDetectionRenewed/data/wavefake/generated_audio/common_voices_prompts_from_conformer_fastspeech2_pwg_ljspeech/gen_3416.wav,1,common_voices_prompts_from_conformer_fastspeech2_pwg_ljspeech,
train,/lambda/nfs/algovirginia/workspace/DeepfakeDetectionRenewed/data/vcc2020/audio/T30/task1/team30_intra-TEM2_SEF2_E30005.wav,1,VCC2020_T30,
train,__hf__,0,librispeech,17081
train,__hf__,0,librispeech,3522
train,/lambda/nfs/algovirginia/workspace/DeepfakeDetectionRenewed/data/vcc2020/audio/T04/task1/team04_intra-TEF1_SEM1_E30004.wav,1,VCC2020_T04,
train,/lambda/nfs/algovirginia/workspace/DeepfakeDetectionRenewed/data/vcc2020/audio/T12/task1/team12_intra-TEM2_SEM2_E30004.wav,1,VCC2020_T12,
train,__hf__,0,librispeech,8590
train,__hf__,0,librispeech,5031
train,/lambda/nfs/algovirginia/workspace/DeepfakeDetectionRenewed/data/vcc2020/audio/T33/task1/team33_intra-TEM1_SEF2_E30002.wav,1,VCC2020_T33,
train,__hf__,0,librispeech,10216
train,/lambda/nfs/algovirginia/workspace/DeepfakeDetectionRenewed/data/wavefake/generated_audio/ljspeech_hifiGAN/LJ025-0027_generated.wav,1,ljspeech_hifiGAN,
train,/lambda/nfs/algovirginia/workspace/DeepfakeDetectionRenewed/data/vcc2020/audio/T24/task1/team24_intra-TEF2_SEM2_E30003.wav,1,VCC2020_T24,
train,__hf__,0,librispeech,9393
train,/lambda/nfs/algovirginia/workspace/DeepfakeDetectionRenewed/data/wavefake/generated_audio/common_voices_prompts_from_conformer_fastspeech2_pwg_ljspeech/gen_6878.wav,1,common_voices_prompts_from_conformer_fastspeech2_pwg_ljspeech,
train,/lambda/nfs/algovirginia/workspace/DeepfakeDetectionRenewed/data/wavefake/generated_audio/ljspeech_full_band_melgan/LJ010-0312_gen.wav,1,ljspeech_full_band_melgan,
train,/lambda/nfs/algovirginia/workspace/DeepfakeDetectionRenewed/data/vcc2020/audio/T30/task1/team30_intra-TEM2_SEM1_E30004.wav,1,VCC2020_T30,
train,__hf__,0,librispeech,19121
train,/lambda/nfs/algovirginia/workspace/DeepfakeDetectionRenewed/data/vcc2020/audio/T24/task1/team24_intra-TEF1_SEF2_E30001.wav,1,VCC2020_T24,
train,__hf__,0,librispeech,6545
train,/lambda/nfs/algovirginia/workspace/DeepfakeDetectionRenewed/data/wavefake/generated_audio/common_voices_prompts_from_conformer_fastspeech2_pwg_ljspeech/gen_4453.wav,1,common_voices_prompts_from_conformer_fastspeech2_pwg_ljspeech,
train,__hf__,0,librispeech,22736
train,__hf__,0,librispeech,2455
train,/lambda/nfs/algovirginia/workspace/DeepfakeDetectionRenewed/data/wavefake/generated_audio/ljspeech_full_band_melgan/LJ050-0224_gen.wav,1,ljspeech_full_band_melgan,
train,/lambda/nfs/algovirginia/workspace/DeepfakeDetectionRenewed/data/vcc2020/audio/T19/task1/team19_intra-TEF1_SEF2_E30002.wav,1,VCC2020_T19,
train,__hf__,0,librispeech,20813
train,/lambda/nfs/algovirginia/workspace/DeepfakeDetectionRenewed/data/wavefake/generated_audio/ljspeech_full_band_melgan/LJ018-0307_gen.wav,1,ljspeech_full_band_melgan,
train,__hf__,0,librispeech,11887
train,__hf__,0,librispeech,22602
train,/lambda/nfs/algovirginia/workspace/DeepfakeDetectionRenewed/data/vcc2020/audio/T12/task1/team12_intra-TEF2_SEF1_E30002.wav,1,VCC2020_T12,
train,/lambda/nfs/algovirginia/workspace/DeepfakeDetectionRenewed/data/vcc2020/audio/T24/task1/team24_intra-TEF2_SEM1_E30004.wav,1,VCC2020_T24,
train,/lambda/nfs/algovirginia/workspace/DeepfakeDetectionRenewed/data/vcc2020/audio/T28/task1/team28_intra-TEM2_SEF2_E30001.wav,1,VCC2020_T28,
train,__hf__,0,librispeech,22654
train,/lambda/nfs/algovirginia/workspace/DeepfakeDetectionRenewed/data/vcc2020/audio/T21/task1/team21_intra-TEF1_SEF2_E30004.wav,1,VCC2020_T21,
train,__hf__,0,librispeech,3680
train,__hf__,0,librispeech,130
train,__hf__,0,librispeech,4790
train,__hf__,0,librispeech,19485
train,/lambda/nfs/algovirginia/workspace/DeepfakeDetectionRenewed/data/wavefake/generated_audio/common_voices_prompts_from_conformer_fastspeech2_pwg_ljspeech/gen_3831.wav,1,common_voices_prompts_from_conformer_fastspeech2_pwg_ljspeech,
train,/lambda/nfs/algovirginia/workspace/DeepfakeDetectionRenewed/data/vcc2020/audio/T25/task1/team25_intra-TEM1_SEM2_E30001.wav,1,VCC2020_T25,
train,__hf__,0,librispeech,21965
train,/lambda/nfs/algovirginia/workspace/DeepfakeDetectionRenewed/data/wavefake/generated_audio/ljspeech_hifiGAN/LJ035-0086_generated.wav,1,ljspeech_hifiGAN,
train,__hf__,0,librispeech,25568
train,__hf__,0,librispeech,8302
train,/lambda/nfs/algovirginia/workspace/DeepfakeDetectionRenewed/data/wavefake/generated_audio/common_voices_prompts_from_conformer_fastspeech2_pwg_ljspeech/gen_9259.wav,1,common_voices_prompts_from_conformer_fastspeech2_pwg_ljspeech,
train,__hf__,0,librispeech,12003
train,__hf__,0,librispeech,25856
train,/lambda/nfs/algovirginia/workspace/DeepfakeDetectionRenewed/data/vcc2020/audio/T13/task1/team13_intra-TEF1_SEM2_E30001.wav,1,VCC2020_T13,
train,__hf__,0,librispeech,22681
train,__hf__,0,librispeech,7504
train,__hf__,0,librispeech,27943
train,__hf__,0,librispeech,8635
train,__hf__,0,librispeech,12499
train,__hf__,0,librispeech,8203
train,/lambda/nfs/algovirginia/workspace/DeepfakeDetectionRenewed/data/wavefake/generated_audio/ljspeech_hifiGAN/LJ034-0010_generated.wav,1,ljspeech_hifiGAN,
train,__hf__,0,librispeech,18390
train,/lambda/nfs/algovirginia/workspace/DeepfakeDetectionRenewed/data/vcc2020/audio/T17/task1/team17_intra-TEF2_SEM2_E30004.wav,1,VCC2020_T17,
train,__hf__,0,librispeech,18570
train,__hf__,0,librispeech,6089
train,__hf__,0,librispeech,10218
train,/lambda/nfs/algovirginia/workspace/DeepfakeDetectionRenewed/data/vcc2020/audio/T25/task1/team25_intra-TEM1_SEM1_E30001.wav,1,VCC2020_T25,
train,/lambda/nfs/algovirginia/workspace/DeepfakeDetectionRenewed/data/vcc2020/audio/T06/task1/team06_intra-TEF2_SEF1_E30001.wav,1,VCC2020_T06,
train,__hf__,0,librispeech,26010
train,__hf__,0,librispeech,4035
train,/lambda/nfs/algovirginia/workspace/DeepfakeDetectionRenewed/data/wavefake/generated_audio/ljspeech_full_band_melgan/LJ044-0076_gen.wav,1,ljspeech_full_band_melgan,
train,__hf__,0,librispeech,8407
train,__hf__,0,librispeech,23356
train,/lambda/nfs/algovirginia/workspace/DeepfakeDetectionRenewed/data/wavefake/generated_audio/ljspeech_full_band_melgan/LJ041-0125_gen.wav,1,ljspeech_full_band_melgan,
train,__hf__,0,librispeech,24359
train,__hf__,0,librispeech,786
train,/lambda/nfs/algovirginia/workspace/DeepfakeDetectionRenewed/data/wavefake/generated_audio/ljspeech_parallel_wavegan/LJ044-0136_gen.wav,1,ljspeech_parallel_wavegan,
train,__hf__,0,librispeech,22617
train,__hf__,0,librispeech,1571
train,__hf__,0,librispeech,297
train,/lambda/nfs/algovirginia/workspace/DeepfakeDetectionRenewed/data/vcc2020/audio/T23/task1/team23_intra-TEF2_SEM1_E30003.wav,1,VCC2020_T23,
train,/lambda/nfs/algovirginia/workspace/DeepfakeDetectionRenewed/data/vcc2020/audio/T31/task1/team31_intra-TEM1_SEF2_E30003.wav,1,VCC2020_T31,
train,/lambda/nfs/algovirginia/workspace/DeepfakeDetectionRenewed/data/vcc2020/audio/T09/task1/team09_intra-TEF1_SEM2_E30004.wav,1,VCC2020_T09,
train,__hf__,0,librispeech,6274
train,__hf__,0,librispeech,28249
train,/lambda/nfs/algovirginia/workspace/DeepfakeDetectionRenewed/data/vcc2020/audio/T07/task1/team07_intra-TEM2_SEM1_E30001.wav,1,VCC2020_T07,
train,/lambda/nfs/algovirginia/workspace/DeepfakeDetectionRenewed/data/wavefake/generated_audio/common_voices_prompts_from_conformer_fastspeech2_pwg_ljspeech/gen_10983.wav,1,common_voices_prompts_from_conformer_fastspeech2_pwg_ljspeech,
train,/lambda/nfs/algovirginia/workspace/DeepfakeDetectionRenewed/data/wavefake/generated_audio/ljspeech_hifiGAN/LJ012-0164_generated.wav,1,ljspeech_hifiGAN,
train,__hf__,0,librispeech,2209
train,__hf__,0,librispeech,27388
train,/lambda/nfs/algovirginia/workspace/DeepfakeDetectionRenewed/data/vcc2020/audio/T10/task1/team10_intra-TEM1_SEF2_E30003.wav,1,VCC2020_T10,
train,/lambda/nfs/algovirginia/workspace/DeepfakeDetectionRenewed/data/wavefake/generated_audio/common_voices_prompts_from_conformer_fastspeech2_pwg_ljspeech/gen_11276.wav,1,common_voices_prompts_from_conformer_fastspeech2_pwg_ljspeech,
train,/lambda/nfs/algovirginia/workspace/DeepfakeDetectionRenewed/data/vcc2020/audio/T22/task1/team22_intra-TEM2_SEM1_E30003.wav,1,VCC2020_T22,
train,/lambda/nfs/algovirginia/workspace/DeepfakeDetectionRenewed/data/wavefake/generated_audio/common_voices_prompts_from_conformer_fastspeech2_pwg_ljspeech/gen_9380.wav,1,common_voices_prompts_from_conformer_fastspeech2_pwg_ljspeech,
train,__hf__,0,librispeech,5998
train,__hf__,0,librispeech,11893
train,/lambda/nfs/algovirginia/workspace/DeepfakeDetectionRenewed/data/vcc2020/audio/T33/task1/team33_intra-TEM1_SEF1_E30004.wav,1,VCC2020_T33,
train,__hf__,0,librispeech,10944
train,/lambda/nfs/algovirginia/workspace/DeepfakeDetectionRenewed/data/wavefake/generated_audio/ljspeech_full_band_melgan/LJ050-0081_gen.wav,1,ljspeech_full_band_melgan,
train,__hf__,0,librispeech,1917
train,__hf__,0,librispeech,4687
train,__hf__,0,librispeech,21244
train,/lambda/nfs/algovirginia/workspace/DeepfakeDetectionRenewed/data/wavefake/generated_audio/ljspeech_parallel_wavegan/LJ014-0039_gen.wav,1,ljspeech_parallel_wavegan,
train,__hf__,0,librispeech,20693
train,/lambda/nfs/algovirginia/workspace/DeepfakeDetectionRenewed/data/vcc2020/audio/T13/task1/team13_intra-TEF2_SEM2_E30004.wav,1,VCC2020_T13,
train,/lambda/nfs/algovirginia/workspace/DeepfakeDetectionRenewed/data/wavefake/generated_audio/ljspeech_full_band_melgan/LJ045-0004_gen.wav,1,ljspeech_full_band_melgan,
train,__hf__,0,librispeech,2653
train,/lambda/nfs/algovirginia/workspace/DeepfakeDetectionRenewed/data/wavefake/generated_audio/ljspeech_full_band_melgan/LJ027-0028_gen.wav,1,ljspeech_full_band_melgan,
train,__hf__,0,librispeech,18607
train,__hf__,0,librispeech,7552
train,/lambda/nfs/algovirginia/workspace/DeepfakeDetectionRenewed/data/vcc2020/audio/T01/task1/team01_intra-TEM1_SEF1_E30003.wav,1,VCC2020_T01,
train,/lambda/nfs/algovirginia/workspace/DeepfakeDetectionRenewed/data/wavefake/generated_audio/ljspeech_full_band_melgan/LJ036-0085_gen.wav,1,ljspeech_full_band_melgan,
train,__hf__,0,librispeech,26672
train,/lambda/nfs/algovirginia/workspace/DeepfakeDetectionRenewed/data/vcc2020/audio/T08/task1/team08_intra-TEM2_SEM1_E30005.wav,1,VCC2020_T08,
train,/lambda/nfs/algovirginia/workspace/DeepfakeDetectionRenewed/data/vcc2020/audio/T28/task1/team28_intra-TEM1_SEF2_E30004.wav,1,VCC2020_T28,
train,__hf__,0,librispeech,15556
train,__hf__,0,librispeech,6628
train,__hf__,0,librispeech,3793
train,__hf__,0,librispeech,21050
train,__hf__,0,librispeech,12143
train,/lambda/nfs/algovirginia/workspace/DeepfakeDetectionRenewed/data/vcc2020/audio/T22/task1/team22_intra-TEF1_SEF1_E30002.wav,1,VCC2020_T22,
train,/lambda/nfs/algovirginia/workspace/DeepfakeDetectionRenewed/data/wavefake/generated_audio/ljspeech_parallel_wavegan/LJ010-0267_gen.wav,1,ljspeech_parallel_wavegan,
train,/lambda/nfs/algovirginia/workspace/DeepfakeDetectionRenewed/data/vcc2020/audio/T20/task1/team20_intra-TEF1_SEF1_E30001.wav,1,VCC2020_T20,
train,__hf__,0,librispeech,14083
train,/lambda/nfs/algovirginia/workspace/DeepfakeDetectionRenewed/data/wavefake/generated_audio/ljspeech_parallel_wavegan/LJ037-0116_gen.wav,1,ljspeech_parallel_wavegan,
train,__hf__,0,librispeech,20621
train,__hf__,0,librispeech,21030
train,__hf__,0,librispeech,19297
train,__hf__,0,librispeech,9261
train,__hf__,0,librispeech,9256
train,__hf__,0,librispeech,10314
train,__hf__,0,librispeech,9026
train,/lambda/nfs/algovirginia/workspace/DeepfakeDetectionRenewed/data/vcc2020/audio/T29/task1/team29_intra-TEF1_SEM2_E30001.wav,1,VCC2020_T29,
train,__hf__,0,librispeech,22167
train,/lambda/nfs/algovirginia/workspace/DeepfakeDetectionRenewed/data/vcc2020/audio/T31/task1/team31_intra-TEM1_SEM1_E30005.wav,1,VCC2020_T31,
train,/lambda/nfs/algovirginia/workspace/DeepfakeDetectionRenewed/data/vcc2020/audio/T10/task1/team10_intra-TEF2_SEF2_E30001.wav,1,VCC2020_T10,
train,__hf__,0,librispeech,27644
train,/lambda/nfs/algovirginia/workspace/DeepfakeDetectionRenewed/data/wavefake/generated_audio/common_voices_prompts_from_conformer_fastspeech2_pwg_ljspeech/gen_8814.wav,1,common_voices_prompts_from_conformer_fastspeech2_pwg_ljspeech,
train,/lambda/nfs/algovirginia/workspace/DeepfakeDetectionRenewed/data/wavefake/generated_audio/common_voices_prompts_from_conformer_fastspeech2_pwg_ljspeech/gen_14098.wav,1,common_voices_prompts_from_conformer_fastspeech2_pwg_ljspeech,
train,/lambda/nfs/algovirginia/workspace/DeepfakeDetectionRenewed/data/vcc2020/audio/T14/task1/team14_intra-TEM1_SEM1_E30005.wav,1,VCC2020_T14,
train,__hf__,0,librispeech,19723
train,__hf__,0,librispeech,20528
train,__hf__,0,librispeech,8236
train,__hf__,0,librispeech,23780
train,/lambda/nfs/algovirginia/workspace/DeepfakeDetectionRenewed/data/wavefake/generated_audio/ljspeech_hifiGAN/LJ036-0126_generated.wav,1,ljspeech_hifiGAN,
train,/lambda/nfs/algovirginia/workspace/DeepfakeDetectionRenewed/data/vcc2020/audio/T06/task1/team06_intra-TEM1_SEF1_E30001.wav,1,VCC2020_T06,
train,/lambda/nfs/algovirginia/workspace/DeepfakeDetectionRenewed/data/vcc2020/audio/T06/task1/team06_intra-TEM1_SEF2_E30005.wav,1,VCC2020_T06,
train,/lambda/nfs/algovirginia/workspace/DeepfakeDetectionRenewed/data/wavefake/generated_audio/common_voices_prompts_from_conformer_fastspeech2_pwg_ljspeech/gen_10016.wav,1,common_voices_prompts_from_conformer_fastspeech2_pwg_ljspeech,
train,__hf__,0,librispeech,10144
train,__hf__,0,librispeech,4853
train,/lambda/nfs/algovirginia/workspace/DeepfakeDetectionRenewed/data/wavefake/generated_audio/common_voices_prompts_from_conformer_fastspeech2_pwg_ljspeech/gen_14911.wav,1,common_voices_prompts_from_conformer_fastspeech2_pwg_ljspeech,
train,__hf__,0,librispeech,27580
train,/lambda/nfs/algovirginia/workspace/DeepfakeDetectionRenewed/data/wavefake/generated_audio/ljspeech_full_band_melgan/LJ036-0051_gen.wav,1,ljspeech_full_band_melgan,
train,__hf__,0,librispeech,4321
train,__hf__,0,librispeech,9683
train,/lambda/nfs/algovirginia/workspace/DeepfakeDetectionRenewed/data/vcc2020/audio/T31/task1/team31_intra-TEM1_SEF2_E30001.wav,1,VCC2020_T31,
train,__hf__,0,librispeech,3321
train,__hf__,0,librispeech,5554
train,/lambda/nfs/algovirginia/workspace/DeepfakeDetectionRenewed/data/vcc2020/audio/T06/task1/team06_intra-TEF2_SEM1_E30003.wav,1,VCC2020_T06,
train,__hf__,0,librispeech,17411
train,/lambda/nfs/algovirginia/workspace/DeepfakeDetectionRenewed/data/wavefake/generated_audio/common_voices_prompts_from_conformer_fastspeech2_pwg_ljspeech/gen_9979.wav,1,common_voices_prompts_from_conformer_fastspeech2_pwg_ljspeech,
train,__hf__,0,librispeech,6334
train,/lambda/nfs/algovirginia/workspace/DeepfakeDetectionRenewed/data/wavefake/generated_audio/common_voices_prompts_from_conformer_fastspeech2_pwg_ljspeech/gen_4729.wav,1,common_voices_prompts_from_conformer_fastspeech2_pwg_ljspeech,
train,__hf__,0,librispeech,5619
train,__hf__,0,librispeech,22238
train,__hf__,0,librispeech,13671
train,__hf__,0,librispeech,7586
train,/lambda/nfs/algovirginia/workspace/DeepfakeDetectionRenewed/data/vcc2020/audio/T33/task1/team33_intra-TEF2_SEM1_E30003.wav,1,VCC2020_T33,
train,/lambda/nfs/algovirginia/workspace/DeepfakeDetectionRenewed/data/vcc2020/audio/T26/task1/team26_intra-TEM1_SEM1_E30004.wav,1,VCC2020_T26,
train,/lambda/nfs/algovirginia/workspace/DeepfakeDetectionRenewed/data/wavefake/generated_audio/common_voices_prompts_from_conformer_fastspeech2_pwg_ljspeech/gen_7348.wav,1,common_voices_prompts_from_conformer_fastspeech2_pwg_ljspeech,
train,/lambda/nfs/algovirginia/workspace/DeepfakeDetectionRenewed/data/wavefake/generated_audio/ljspeech_parallel_wavegan/LJ013-0027_gen.wav,1,ljspeech_parallel_wavegan,
train,__hf__,0,librispeech,26877
train,__hf__,0,librispeech,28443
train,/lambda/nfs/algovirginia/workspace/DeepfakeDetectionRenewed/data/vcc2020/audio/T19/task1/team19_intra-TEF1_SEM1_E30004.wav,1,VCC2020_T19,
train,__hf__,0,librispeech,15122
train,__hf__,0,librispeech,24826
train,__hf__,0,librispeech,26919
train,__hf__,0,librispeech,4530
train,/lambda/nfs/algovirginia/workspace/DeepfakeDetectionRenewed/data/wavefake/generated_audio/ljspeech_hifiGAN/LJ033-0200_generated.wav,1,ljspeech_hifiGAN,
train,__hf__,0,librispeech,9275
train,/lambda/nfs/algovirginia/workspace/DeepfakeDetectionRenewed/data/vcc2020/audio/T28/task1/team28_intra-TEM1_SEM2_E30003.wav,1,VCC2020_T28,
train,__hf__,0,librispeech,1959
train,/lambda/nfs/algovirginia/workspace/DeepfakeDetectionRenewed/data/wavefake/generated_audio/ljspeech_full_band_melgan/LJ019-0366_gen.wav,1,ljspeech_full_band_melgan,
train,/lambda/nfs/algovirginia/workspace/DeepfakeDetectionRenewed/data/vcc2020/audio/T30/task1/team30_intra-TEF2_SEF2_E30001.wav,1,VCC2020_T30,
train,__hf__,0,librispeech,8486
train,/lambda/nfs/algovirginia/workspace/DeepfakeDetectionRenewed/data/vcc2020/audio/T12/task1/team12_intra-TEF2_SEM1_E30001.wav,1,VCC2020_T12,
train,__hf__,0,librispeech,9990
train,/lambda/nfs/algovirginia/workspace/DeepfakeDetectionRenewed/data/wavefake/generated_audio/ljspeech_hifiGAN/LJ028-0458_generated.wav,1,ljspeech_hifiGAN,
train,/lambda/nfs/algovirginia/workspace/DeepfakeDetectionRenewed/data/wavefake/generated_audio/common_voices_prompts_from_conformer_fastspeech2_pwg_ljspeech/gen_10846.wav,1,common_voices_prompts_from_conformer_fastspeech2_pwg_ljspeech,
train,/lambda/nfs/algovirginia/workspace/DeepfakeDetectionRenewed/data/vcc2020/audio/T21/task1/team21_intra-TEM2_SEF2_E30004.wav,1,VCC2020_T21,
train,/lambda/nfs/algovirginia/workspace/DeepfakeDetectionRenewed/data/wavefake/generated_audio/ljspeech_parallel_wavegan/LJ016-0041_gen.wav,1,ljspeech_parallel_wavegan,
train,/lambda/nfs/algovirginia/workspace/DeepfakeDetectionRenewed/data/vcc2020/audio/T27/task1/team27_intra-TEF1_SEM2_E30001.wav,1,VCC2020_T27,
train,__hf__,0,librispeech,16427
train,__hf__,0,librispeech,2408
train,/lambda/nfs/algovirginia/workspace/DeepfakeDetectionRenewed/data/vcc2020/audio/T02/task1/team02_intra-TEF1_SEF1_E30002.wav,1,VCC2020_T02,
train,/lambda/nfs/algovirginia/workspace/DeepfakeDetectionRenewed/data/wavefake/generated_audio/ljspeech_parallel_wavegan/LJ035-0137_gen.wav,1,ljspeech_parallel_wavegan,
train,__hf__,0,librispeech,7828
train,/lambda/nfs/algovirginia/workspace/DeepfakeDetectionRenewed/data/vcc2020/audio/T18/task1/team18_intra-TEF2_SEF2_E30003.wav,1,VCC2020_T18,
train,__hf__,0,librispeech,2786
train,__hf__,0,librispeech,3839
train,/lambda/nfs/algovirginia/workspace/DeepfakeDetectionRenewed/data/wavefake/generated_audio/ljspeech_hifiGAN/LJ003-0347_generated.wav,1,ljspeech_hifiGAN,
train,__hf__,0,librispeech,23685
train,/lambda/nfs/algovirginia/workspace/DeepfakeDetectionRenewed/data/vcc2020/audio/T04/task1/team04_intra-TEM1_SEM1_E30002.wav,1,VCC2020_T04,
train,/lambda/nfs/algovirginia/workspace/DeepfakeDetectionRenewed/data/wavefake/generated_audio/ljspeech_parallel_wavegan/LJ038-0216_gen.wav,1,ljspeech_parallel_wavegan,
train,__hf__,0,librispeech,6768
train,/lambda/nfs/algovirginia/workspace/DeepfakeDetectionRenewed/data/wavefake/generated_audio/common_voices_prompts_from_conformer_fastspeech2_pwg_ljspeech/gen_12735.wav,1,common_voices_prompts_from_conformer_fastspeech2_pwg_ljspeech,
train,/lambda/nfs/algovirginia/workspace/DeepfakeDetectionRenewed/data/wavefake/generated_audio/common_voices_prompts_from_conformer_fastspeech2_pwg_ljspeech/gen_2659.wav,1,common_voices_prompts_from_conformer_fastspeech2_pwg_ljspeech,
train,/lambda/nfs/algovirginia/workspace/DeepfakeDetectionRenewed/data/wavefake/generated_audio/ljspeech_parallel_wavegan/LJ001-0176_gen.wav,1,ljspeech_parallel_wavegan,
train,/lambda/nfs/algovirginia/workspace/DeepfakeDetectionRenewed/data/vcc2020/audio/T23/task1/team23_intra-TEF2_SEF2_E30004.wav,1,VCC2020_T23,
train,/lambda/nfs/algovirginia/workspace/DeepfakeDetectionRenewed/data/vcc2020/audio/T01/task1/team01_intra-TEF2_SEF1_E30002.wav,1,VCC2020_T01,
train,/lambda/nfs/algovirginia/workspace/DeepfakeDetectionRenewed/data/vcc2020/audio/T22/task1/team22_intra-TEM2_SEF2_E30002.wav,1,VCC2020_T22,
train,/lambda/nfs/algovirginia/workspace/DeepfakeDetectionRenewed/data/vcc2020/audio/T32/task1/team32_intra-TEM1_SEM1_E30002.wav,1,VCC2020_T32,
train,/lambda/nfs/algovirginia/workspace/DeepfakeDetectionRenewed/data/vcc2020/audio/T32/task1/team32_intra-TEF2_SEF2_E30001.wav,1,VCC2020_T32,
train,/lambda/nfs/algovirginia/workspace/DeepfakeDetectionRenewed/data/vcc2020/audio/T13/task1/team13_intra-TEM1_SEF2_E30004.wav,1,VCC2020_T13,
train,__hf__,0,librispeech,17673
train,__hf__,0,librispeech,25283
train,__hf__,0,librispeech,20087
train,__hf__,0,librispeech,14585
train,/lambda/nfs/algovirginia/workspace/DeepfakeDetectionRenewed/data/wavefake/generated_audio/ljspeech_parallel_wavegan/LJ048-0073_gen.wav,1,ljspeech_parallel_wavegan,
train,__hf__,0,librispeech,18342
train,/lambda/nfs/algovirginia/workspace/DeepfakeDetectionRenewed/data/wavefake/generated_audio/common_voices_prompts_from_conformer_fastspeech2_pwg_ljspeech/gen_3169.wav,1,common_voices_prompts_from_conformer_fastspeech2_pwg_ljspeech,
train,/lambda/nfs/algovirginia/workspace/DeepfakeDetectionRenewed/data/vcc2020/audio/T01/task1/team01_intra-TEM1_SEF1_E30005.wav,1,VCC2020_T01,
train,__hf__,0,librispeech,9330
train,/lambda/nfs/algovirginia/workspace/DeepfakeDetectionRenewed/data/wavefake/generated_audio/ljspeech_parallel_wavegan/LJ039-0163_gen.wav,1,ljspeech_parallel_wavegan,
train,__hf__,0,librispeech,979
train,__hf__,0,librispeech,7351
train,__hf__,0,librispeech,23714
train,/lambda/nfs/algovirginia/workspace/DeepfakeDetectionRenewed/data/vcc2020/audio/T04/task1/team04_intra-TEF2_SEM2_E30005.wav,1,VCC2020_T04,
train,__hf__,0,librispeech,13973
train,__hf__,0,librispeech,16569
train,__hf__,0,librispeech,3161
train,/lambda/nfs/algovirginia/workspace/DeepfakeDetectionRenewed/data/wavefake/generated_audio/ljspeech_full_band_melgan/LJ002-0004_gen.wav,1,ljspeech_full_band_melgan,
train,__hf__,0,librispeech,21386
train,/lambda/nfs/algovirginia/workspace/DeepfakeDetectionRenewed/data/vcc2020/audio/T26/task1/team26_intra-TEM2_SEF1_E30005.wav,1,VCC2020_T26,
train,/lambda/nfs/algovirginia/workspace/DeepfakeDetectionRenewed/data/wavefake/generated_audio/common_voices_prompts_from_conformer_fastspeech2_pwg_ljspeech/gen_15257.wav,1,common_voices_prompts_from_conformer_fastspeech2_pwg_ljspeech,
train,__hf__,0,librispeech,23848
train,__hf__,0,librispeech,27268
train,__hf__,0,librispeech,2045
train,/lambda/nfs/algovirginia/workspace/DeepfakeDetectionRenewed/data/wavefake/generated_audio/ljspeech_hifiGAN/LJ048-0100_generated.wav,1,ljspeech_hifiGAN,
train,/lambda/nfs/algovirginia/workspace/DeepfakeDetectionRenewed/data/vcc2020/audio/T31/task1/team31_intra-TEM2_SEF1_E30004.wav,1,VCC2020_T31,
train,/lambda/nfs/algovirginia/workspace/DeepfakeDetectionRenewed/data/vcc2020/audio/T22/task1/team22_intra-TEM2_SEF1_E30005.wav,1,VCC2020_T22,
train,__hf__,0,librispeech,13197
train,__hf__,0,librispeech,27741
train,__hf__,0,librispeech,24729
train,/lambda/nfs/algovirginia/workspace/DeepfakeDetectionRenewed/data/vcc2020/audio/T03/task1/team03_intra-TEF1_SEF2_E30002.wav,1,VCC2020_T03,
train,__hf__,0,librispeech,25463
train,/lambda/nfs/algovirginia/workspace/DeepfakeDetectionRenewed/data/wavefake/generated_audio/ljspeech_parallel_wavegan/LJ013-0219_gen.wav,1,ljspeech_parallel_wavegan,
train,/lambda/nfs/algovirginia/workspace/DeepfakeDetectionRenewed/data/vcc2020/audio/T02/task1/team02_intra-TEF2_SEM2_E30004.wav,1,VCC2020_T02,
train,__hf__,0,librispeech,11397
train,__hf__,0,librispeech,2762
train,/lambda/nfs/algovirginia/workspace/DeepfakeDetectionRenewed/data/wavefake/generated_audio/common_voices_prompts_from_conformer_fastspeech2_pwg_ljspeech/gen_8591.wav,1,common_voices_prompts_from_conformer_fastspeech2_pwg_ljspeech,
train,/lambda/nfs/algovirginia/workspace/DeepfakeDetectionRenewed/data/vcc2020/audio/T30/task1/team30_intra-TEM1_SEM2_E30004.wav,1,VCC2020_T30,
train,/lambda/nfs/algovirginia/workspace/DeepfakeDetectionRenewed/data/wavefake/generated_audio/ljspeech_full_band_melgan/LJ033-0024_gen.wav,1,ljspeech_full_band_melgan,
train,__hf__,0,librispeech,12726
train,__hf__,0,librispeech,14745
train,__hf__,0,librispeech,8124
train,__hf__,0,librispeech,7195
train,__hf__,0,librispeech,21873
train,__hf__,0,librispeech,7799
train,/lambda/nfs/algovirginia/workspace/DeepfakeDetectionRenewed/data/wavefake/generated_audio/ljspeech_parallel_wavegan/LJ003-0174_gen.wav,1,ljspeech_parallel_wavegan,
train,/lambda/nfs/algovirginia/workspace/DeepfakeDetectionRenewed/data/wavefake/generated_audio/ljspeech_full_band_melgan/LJ036-0156_gen.wav,1,ljspeech_full_band_melgan,
train,/lambda/nfs/algovirginia/workspace/DeepfakeDetectionRenewed/data/vcc2020/audio/T33/task1/team33_intra-TEF2_SEF1_E30002.wav,1,VCC2020_T33,
train,/lambda/nfs/algovirginia/workspace/DeepfakeDetectionRenewed/data/vcc2020/audio/T08/task1/team08_intra-TEM1_SEF2_E30001.wav,1,VCC2020_T08,
train,/lambda/nfs/algovirginia/workspace/DeepfakeDetectionRenewed/data/wavefake/generated_audio/common_voices_prompts_from_conformer_fastspeech2_pwg_ljspeech/gen_580.wav,1,common_voices_prompts_from_conformer_fastspeech2_pwg_ljspeech,
train,/lambda/nfs/algovirginia/workspace/DeepfakeDetectionRenewed/data/vcc2020/audio/T30/task1/team30_intra-TEF2_SEF2_E30003.wav,1,VCC2020_T30,
train,/lambda/nfs/algovirginia/workspace/DeepfakeDetectionRenewed/data/vcc2020/audio/T14/task1/team14_intra-TEM2_SEM1_E30002.wav,1,VCC2020_T14,
train,__hf__,0,librispeech,10503
train,/lambda/nfs/algovirginia/workspace/DeepfakeDetectionRenewed/data/vcc2020/audio/T01/task1/team01_intra-TEF2_SEM2_E30002.wav,1,VCC2020_T01,
train,__hf__,0,librispeech,24579
train,/lambda/nfs/algovirginia/workspace/DeepfakeDetectionRenewed/data/wavefake/generated_audio/ljspeech_parallel_wavegan/LJ021-0086_gen.wav,1,ljspeech_parallel_wavegan,
train,__hf__,0,librispeech,8079
train,/lambda/nfs/algovirginia/workspace/DeepfakeDetectionRenewed/data/wavefake/generated_audio/ljspeech_full_band_melgan/LJ044-0005_gen.wav,1,ljspeech_full_band_melgan,
train,/lambda/nfs/algovirginia/workspace/DeepfakeDetectionRenewed/data/wavefake/generated_audio/ljspeech_hifiGAN/LJ018-0159_generated.wav,1,ljspeech_hifiGAN,
train,__hf__,0,librispeech,28384
train,/lambda/nfs/algovirginia/workspace/DeepfakeDetectionRenewed/data/vcc2020/audio/T28/task1/team28_intra-TEF1_SEM2_E30004.wav,1,VCC2020_T28,
train,/lambda/nfs/algovirginia/workspace/DeepfakeDetectionRenewed/data/vcc2020/audio/T09/task1/team09_intra-TEF1_SEM1_E30004.wav,1,VCC2020_T09,
train,__hf__,0,librispeech,23920
train,__hf__,0,librispeech,20553
train,__hf__,0,librispeech,26525
train,__hf__,0,librispeech,9705
train,/lambda/nfs/algovirginia/workspace/DeepfakeDetectionRenewed/data/wavefake/generated_audio/ljspeech_hifiGAN/LJ013-0103_generated.wav,1,ljspeech_hifiGAN,
train,/lambda/nfs/algovirginia/workspace/DeepfakeDetectionRenewed/data/vcc2020/audio/T06/task1/team06_intra-TEM2_SEF2_E30003.wav,1,VCC2020_T06,
train,__hf__,0,librispeech,4184
train,__hf__,0,librispeech,20333
train,/lambda/nfs/algovirginia/workspace/DeepfakeDetectionRenewed/data/wavefake/generated_audio/ljspeech_full_band_melgan/LJ028-0439_gen.wav,1,ljspeech_full_band_melgan,
train,__hf__,0,librispeech,7673
train,__hf__,0,librispeech,13478
train,/lambda/nfs/algovirginia/workspace/DeepfakeDetectionRenewed/data/vcc2020/audio/T25/task1/team25_intra-TEM2_SEM2_E30001.wav,1,VCC2020_T25,
train,__hf__,0,librispeech,12369
train,__hf__,0,librispeech,411
train,__hf__,0,librispeech,5804
train,__hf__,0,librispeech,18312
train,__hf__,0,librispeech,20005
train,/lambda/nfs/algovirginia/workspace/DeepfakeDetectionRenewed/data/vcc2020/audio/T30/task1/team30_intra-TEM2_SEM1_E30005.wav,1,VCC2020_T30,
train,__hf__,0,librispeech,23406
train,/lambda/nfs/algovirginia/workspace/DeepfakeDetectionRenewed/data/vcc2020/audio/T32/task1/team32_intra-TEM2_SEM1_E30005.wav,1,VCC2020_T32,
train,__hf__,0,librispeech,15703
train,/lambda/nfs/algovirginia/workspace/DeepfakeDetectionRenewed/data/vcc2020/audio/T21/task1/team21_intra-TEF1_SEM1_E30001.wav,1,VCC2020_T21,
train,__hf__,0,librispeech,7940
train,__hf__,0,librispeech,16860
train,__hf__,0,librispeech,18398
train,__hf__,0,librispeech,21274
train,__hf__,0,librispeech,1561
train,__hf__,0,librispeech,9548
train,__hf__,0,librispeech,4845
train,/lambda/nfs/algovirginia/workspace/DeepfakeDetectionRenewed/data/wavefake/generated_audio/ljspeech_hifiGAN/LJ040-0049_generated.wav,1,ljspeech_hifiGAN,
train,/lambda/nfs/algovirginia/workspace/DeepfakeDetectionRenewed/data/wavefake/generated_audio/ljspeech_hifiGAN/LJ037-0048_generated.wav,1,ljspeech_hifiGAN,
train,/lambda/nfs/algovirginia/workspace/DeepfakeDetectionRenewed/data/wavefake/generated_audio/ljspeech_hifiGAN/LJ045-0240_generated.wav,1,ljspeech_hifiGAN,
train,__hf__,0,librispeech,4119
train,__hf__,0,librispeech,21013
train,/lambda/nfs/algovirginia/workspace/DeepfakeDetectionRenewed/data/wavefake/generated_audio/ljspeech_hifiGAN/LJ025-0167_generated.wav,1,ljspeech_hifiGAN,
train,/lambda/nfs/algovirginia/workspace/DeepfakeDetectionRenewed/data/vcc2020/audio/T17/task1/team17_intra-TEM2_SEF1_E30003.wav,1,VCC2020_T17,
train,/lambda/nfs/algovirginia/workspace/DeepfakeDetectionRenewed/data/wavefake/generated_audio/ljspeech_parallel_wavegan/LJ004-0009_gen.wav,1,ljspeech_parallel_wavegan,
train,/lambda/nfs/algovirginia/workspace/DeepfakeDetectionRenewed/data/vcc2020/audio/T28/task1/team28_intra-TEF2_SEM2_E30005.wav,1,VCC2020_T28,
train,/lambda/nfs/algovirginia/workspace/DeepfakeDetectionRenewed/data/wavefake/generated_audio/ljspeech_hifiGAN/LJ009-0260_generated.wav,1,ljspeech_hifiGAN,
train,/lambda/nfs/algovirginia/workspace/DeepfakeDetectionRenewed/data/vcc2020/audio/T23/task1/team23_intra-TEF2_SEM1_E30002.wav,1,VCC2020_T23,
train,__hf__,0,librispeech,11998
train,/lambda/nfs/algovirginia/workspace/DeepfakeDetectionRenewed/data/vcc2020/audio/T06/task1/team06_intra-TEF2_SEF1_E30004.wav,1,VCC2020_T06,
train,__hf__,0,librispeech,18292
train,__hf__,0,librispeech,1443
train,__hf__,0,librispeech,13178
train,__hf__,0,librispeech,22794
train,/lambda/nfs/algovirginia/workspace/DeepfakeDetectionRenewed/data/wavefake/generated_audio/ljspeech_hifiGAN/LJ002-0244_generated.wav,1,ljspeech_hifiGAN,
train,__hf__,0,librispeech,3336
train,/lambda/nfs/algovirginia/workspace/DeepfakeDetectionRenewed/data/vcc2020/audio/T24/task1/team24_intra-TEM2_SEM2_E30003.wav,1,VCC2020_T24,
train,/lambda/nfs/algovirginia/workspace/DeepfakeDetectionRenewed/data/wavefake/generated_audio/ljspeech_hifiGAN/LJ008-0092_generated.wav,1,ljspeech_hifiGAN,
train,__hf__,0,librispeech,4792
train,/lambda/nfs/algovirginia/workspace/DeepfakeDetectionRenewed/data/wavefake/generated_audio/ljspeech_hifiGAN/LJ035-0191_generated.wav,1,ljspeech_hifiGAN,
train,__hf__,0,librispeech,13932
train,/lambda/nfs/algovirginia/workspace/DeepfakeDetectionRenewed/data/wavefake/generated_audio/common_voices_prompts_from_conformer_fastspeech2_pwg_ljspeech/gen_5142.wav,1,common_voices_prompts_from_conformer_fastspeech2_pwg_ljspeech,
train,/lambda/nfs/algovirginia/workspace/DeepfakeDetectionRenewed/data/wavefake/generated_audio/ljspeech_hifiGAN/LJ028-0466_generated.wav,1,ljspeech_hifiGAN,
train,/lambda/nfs/algovirginia/workspace/DeepfakeDetectionRenewed/data/vcc2020/audio/T07/task1/team07_intra-TEF1_SEF1_E30001.wav,1,VCC2020_T07,
train,__hf__,0,librispeech,27606
train,/lambda/nfs/algovirginia/workspace/DeepfakeDetectionRenewed/data/vcc2020/audio/T06/task1/team06_intra-TEM1_SEM2_E30004.wav,1,VCC2020_T06,
train,__hf__,0,librispeech,22492
train,/lambda/nfs/algovirginia/workspace/DeepfakeDetectionRenewed/data/vcc2020/audio/T16/task1/team16_intra-TEF1_SEM2_E30002.wav,1,VCC2020_T16,
train,/lambda/nfs/algovirginia/workspace/DeepfakeDetectionRenewed/data/vcc2020/audio/T29/task1/team29_intra-TEM1_SEM2_E30003.wav,1,VCC2020_T29,
train,/lambda/nfs/algovirginia/workspace/DeepfakeDetectionRenewed/data/vcc2020/audio/T18/task1/team18_intra-TEM1_SEF2_E30005.wav,1,VCC2020_T18,
train,__hf__,0,librispeech,3089
train,/lambda/nfs/algovirginia/workspace/DeepfakeDetectionRenewed/data/wavefake/generated_audio/ljspeech_parallel_wavegan/LJ009-0050_gen.wav,1,ljspeech_parallel_wavegan,
train,__hf__,0,librispeech,15853
train,__hf__,0,librispeech,2302
train,/lambda/nfs/algovirginia/workspace/DeepfakeDetectionRenewed/data/wavefake/generated_audio/ljspeech_hifiGAN/LJ030-0037_generated.wav,1,ljspeech_hifiGAN,
train,__hf__,0,librispeech,28010
train,__hf__,0,librispeech,21027
train,/lambda/nfs/algovirginia/workspace/DeepfakeDetectionRenewed/data/vcc2020/audio/T21/task1/team21_intra-TEF2_SEF1_E30001.wav,1,VCC2020_T21,
train,__hf__,0,librispeech,7617
train,/lambda/nfs/algovirginia/workspace/DeepfakeDetectionRenewed/data/vcc2020/audio/T22/task1/team22_intra-TEM1_SEM1_E30005.wav,1,VCC2020_T22,
train,/lambda/nfs/algovirginia/workspace/DeepfakeDetectionRenewed/data/vcc2020/audio/T11/task1/team11_intra-TEF1_SEF1_E30002.wav,1,VCC2020_T11,
train,__hf__,0,librispeech,11874
train,/lambda/nfs/algovirginia/workspace/DeepfakeDetectionRenewed/data/wavefake/generated_audio/ljspeech_hifiGAN/LJ006-0233_generated.wav,1,ljspeech_hifiGAN,
train,/lambda/nfs/algovirginia/workspace/DeepfakeDetectionRenewed/data/vcc2020/audio/T02/task1/team02_intra-TEM2_SEF2_E30002.wav,1,VCC2020_T02,
train,__hf__,0,librispeech,15437
train,/lambda/nfs/algovirginia/workspace/DeepfakeDetectionRenewed/data/wavefake/generated_audio/common_voices_prompts_from_conformer_fastspeech2_pwg_ljspeech/gen_806.wav,1,common_voices_prompts_from_conformer_fastspeech2_pwg_ljspeech,
train,__hf__,0,librispeech,1272
train,__hf__,0,librispeech,2825
train,/lambda/nfs/algovirginia/workspace/DeepfakeDetectionRenewed/data/vcc2020/audio/T25/task1/team25_intra-TEM1_SEF2_E30003.wav,1,VCC2020_T25,
train,/lambda/nfs/algovirginia/workspace/DeepfakeDetectionRenewed/data/vcc2020/audio/T11/task1/team11_intra-TEM1_SEM2_E30003.wav,1,VCC2020_T11,
train,/lambda/nfs/algovirginia/workspace/DeepfakeDetectionRenewed/data/vcc2020/audio/T31/task1/team31_intra-TEF1_SEM2_E30004.wav,1,VCC2020_T31,
train,/lambda/nfs/algovirginia/workspace/DeepfakeDetectionRenewed/data/wavefake/generated_audio/ljspeech_full_band_melgan/LJ009-0116_gen.wav,1,ljspeech_full_band_melgan,
train,__hf__,0,librispeech,12115
train,__hf__,0,librispeech,18243
train,/lambda/nfs/algovirginia/workspace/DeepfakeDetectionRenewed/data/vcc2020/audio/T16/task1/team16_intra-TEM2_SEF1_E30004.wav,1,VCC2020_T16,
train,__hf__,0,librispeech,17488
train,__hf__,0,librispeech,26569
train,__hf__,0,librispeech,26471
train,__hf__,0,librispeech,7672
train,/lambda/nfs/algovirginia/workspace/DeepfakeDetectionRenewed/data/wavefake/generated_audio/common_voices_prompts_from_conformer_fastspeech2_pwg_ljspeech/gen_12828.wav,1,common_voices_prompts_from_conformer_fastspeech2_pwg_ljspeech,
train,/lambda/nfs/algovirginia/workspace/DeepfakeDetectionRenewed/data/wavefake/generated_audio/common_voices_prompts_from_conformer_fastspeech2_pwg_ljspeech/gen_8550.wav,1,common_voices_prompts_from_conformer_fastspeech2_pwg_ljspeech,
train,/lambda/nfs/algovirginia/workspace/DeepfakeDetectionRenewed/data/wavefake/generated_audio/ljspeech_hifiGAN/LJ019-0074_generated.wav,1,ljspeech_hifiGAN,
train,/lambda/nfs/algovirginia/workspace/DeepfakeDetectionRenewed/data/wavefake/generated_audio/ljspeech_parallel_wavegan/LJ008-0082_gen.wav,1,ljspeech_parallel_wavegan,
train,/lambda/nfs/algovirginia/workspace/DeepfakeDetectionRenewed/data/wavefake/generated_audio/ljspeech_parallel_wavegan/LJ035-0030_gen.wav,1,ljspeech_parallel_wavegan,
train,__hf__,0,librispeech,10684
train,/lambda/nfs/algovirginia/workspace/DeepfakeDetectionRenewed/data/wavefake/generated_audio/ljspeech_hifiGAN/LJ010-0207_generated.wav,1,ljspeech_hifiGAN,
train,__hf__,0,librispeech,20421
train,__hf__,0,librispeech,12793
train,/lambda/nfs/algovirginia/workspace/DeepfakeDetectionRenewed/data/vcc2020/audio/T19/task1/team19_intra-TEM1_SEM2_E30001.wav,1,VCC2020_T19,
train,/lambda/nfs/algovirginia/workspace/DeepfakeDetectionRenewed/data/wavefake/generated_audio/ljspeech_parallel_wavegan/LJ041-0082_gen.wav,1,ljspeech_parallel_wavegan,
train,__hf__,0,librispeech,18331
train,/lambda/nfs/algovirginia/workspace/DeepfakeDetectionRenewed/data/wavefake/generated_audio/ljspeech_parallel_wavegan/LJ004-0045_gen.wav,1,ljspeech_parallel_wavegan,
train,__hf__,0,librispeech,18533
train,__hf__,0,librispeech,25704
train,/lambda/nfs/algovirginia/workspace/DeepfakeDetectionRenewed/data/vcc2020/audio/T14/task1/team14_intra-TEM2_SEF1_E30002.wav,1,VCC2020_T14,
train,__hf__,0,librispeech,15761
train,/lambda/nfs/algovirginia/workspace/DeepfakeDetectionRenewed/data/vcc2020/audio/T21/task1/team21_intra-TEF1_SEM2_E30001.wav,1,VCC2020_T21,
train,/lambda/nfs/algovirginia/workspace/DeepfakeDetectionRenewed/data/vcc2020/audio/T30/task1/team30_intra-TEF2_SEM2_E30002.wav,1,VCC2020_T30,
train,/lambda/nfs/algovirginia/workspace/DeepfakeDetectionRenewed/data/wavefake/generated_audio/ljspeech_parallel_wavegan/LJ004-0211_gen.wav,1,ljspeech_parallel_wavegan,
train,/lambda/nfs/algovirginia/workspace/DeepfakeDetectionRenewed/data/vcc2020/audio/T01/task1/team01_intra-TEF2_SEM2_E30005.wav,1,VCC2020_T01,
train,__hf__,0,librispeech,17975
train,__hf__,0,librispeech,25315
train,__hf__,0,librispeech,19055
train,__hf__,0,librispeech,8784
train,/lambda/nfs/algovirginia/workspace/DeepfakeDetectionRenewed/data/wavefake/generated_audio/ljspeech_parallel_wavegan/LJ021-0037_gen.wav,1,ljspeech_parallel_wavegan,
train,__hf__,0,librispeech,28041
train,__hf__,0,librispeech,24768
train,__hf__,0,librispeech,22777
train,__hf__,0,librispeech,27781
train,/lambda/nfs/algovirginia/workspace/DeepfakeDetectionRenewed/data/wavefake/generated_audio/ljspeech_hifiGAN/LJ010-0125_generated.wav,1,ljspeech_hifiGAN,
train,/lambda/nfs/algovirginia/workspace/DeepfakeDetectionRenewed/data/vcc2020/audio/T22/task1/team22_intra-TEM2_SEF2_E30003.wav,1,VCC2020_T22,
train,__hf__,0,librispeech,17985
train,/lambda/nfs/algovirginia/workspace/DeepfakeDetectionRenewed/data/wavefake/generated_audio/ljspeech_full_band_melgan/LJ038-0285_gen.wav,1,ljspeech_full_band_melgan,
train,__hf__,0,librispeech,19368
train,/lambda/nfs/algovirginia/workspace/DeepfakeDetectionRenewed/data/vcc2020/audio/T26/task1/team26_intra-TEM1_SEM2_E30002.wav,1,VCC2020_T26,
train,__hf__,0,librispeech,18169
train,/lambda/nfs/algovirginia/workspace/DeepfakeDetectionRenewed/data/vcc2020/audio/T21/task1/team21_intra-TEM2_SEF2_E30001.wav,1,VCC2020_T21,
train,__hf__,0,librispeech,7335
train,__hf__,0,librispeech,8920
train,/lambda/nfs/algovirginia/workspace/DeepfakeDetectionRenewed/data/vcc2020/audio/T08/task1/team08_intra-TEF2_SEF2_E30004.wav,1,VCC2020_T08,
train,__hf__,0,librispeech,14785
train,__hf__,0,librispeech,27630
train,__hf__,0,librispeech,23437
train,__hf__,0,librispeech,18105
train,/lambda/nfs/algovirginia/workspace/DeepfakeDetectionRenewed/data/vcc2020/audio/T22/task1/team22_intra-TEF2_SEM1_E30003.wav,1,VCC2020_T22,
train,__hf__,0,librispeech,2386
train,__hf__,0,librispeech,7906
train,/lambda/nfs/algovirginia/workspace/DeepfakeDetectionRenewed/data/vcc2020/audio/T13/task1/team13_intra-TEF1_SEM2_E30003.wav,1,VCC2020_T13,
train,__hf__,0,librispeech,15673
train,__hf__,0,librispeech,13934
train,__hf__,0,librispeech,25273
train,/lambda/nfs/algovirginia/workspace/DeepfakeDetectionRenewed/data/vcc2020/audio/T20/task1/team20_intra-TEF1_SEF1_E30004.wav,1,VCC2020_T20,
train,__hf__,0,librispeech,20022
train,/lambda/nfs/algovirginia/workspace/DeepfakeDetectionRenewed/data/wavefake/generated_audio/common_voices_prompts_from_conformer_fastspeech2_pwg_ljspeech/gen_11046.wav,1,common_voices_prompts_from_conformer_fastspeech2_pwg_ljspeech,
train,/lambda/nfs/algovirginia/workspace/DeepfakeDetectionRenewed/data/wavefake/generated_audio/common_voices_prompts_from_conformer_fastspeech2_pwg_ljspeech/gen_11440.wav,1,common_voices_prompts_from_conformer_fastspeech2_pwg_ljspeech,
train,/lambda/nfs/algovirginia/workspace/DeepfakeDetectionRenewed/data/vcc2020/audio/T30/task1/team30_intra-TEM1_SEM1_E30005.wav,1,VCC2020_T30,
train,/lambda/nfs/algovirginia/workspace/DeepfakeDetectionRenewed/data/wavefake/generated_audio/ljspeech_parallel_wavegan/LJ017-0023_gen.wav,1,ljspeech_parallel_wavegan,
train,__hf__,0,librispeech,16635
train,__hf__,0,librispeech,13388
train,__hf__,0,librispeech,18465
train,/lambda/nfs/algovirginia/workspace/DeepfakeDetectionRenewed/data/wavefake/generated_audio/common_voices_prompts_from_conformer_fastspeech2_pwg_ljspeech/gen_5430.wav,1,common_voices_prompts_from_conformer_fastspeech2_pwg_ljspeech,
train,__hf__,0,librispeech,22768
train,__hf__,0,librispeech,986
train,__hf__,0,librispeech,6908
train,__hf__,0,librispeech,15821
train,/lambda/nfs/algovirginia/workspace/DeepfakeDetectionRenewed/data/vcc2020/audio/T20/task1/team20_intra-TEM2_SEF1_E30004.wav,1,VCC2020_T20,
train,/lambda/nfs/algovirginia/workspace/DeepfakeDetectionRenewed/data/vcc2020/audio/T32/task1/team32_intra-TEM2_SEF2_E30002.wav,1,VCC2020_T32,
train,__hf__,0,librispeech,9161
train,/lambda/nfs/algovirginia/workspace/DeepfakeDetectionRenewed/data/vcc2020/audio/T32/task1/team32_intra-TEF2_SEF2_E30003.wav,1,VCC2020_T32,
train,/lambda/nfs/algovirginia/workspace/DeepfakeDetectionRenewed/data/vcc2020/audio/T11/task1/team11_intra-TEF1_SEF2_E30004.wav,1,VCC2020_T11,
train,/lambda/nfs/algovirginia/workspace/DeepfakeDetectionRenewed/data/wavefake/generated_audio/common_voices_prompts_from_conformer_fastspeech2_pwg_ljspeech/gen_12698.wav,1,common_voices_prompts_from_conformer_fastspeech2_pwg_ljspeech,
train,__hf__,0,librispeech,18654
train,/lambda/nfs/algovirginia/workspace/DeepfakeDetectionRenewed/data/wavefake/generated_audio/ljspeech_parallel_wavegan/LJ036-0142_gen.wav,1,ljspeech_parallel_wavegan,
train,/lambda/nfs/algovirginia/workspace/DeepfakeDetectionRenewed/data/wavefake/generated_audio/ljspeech_full_band_melgan/LJ048-0263_gen.wav,1,ljspeech_full_band_melgan,
train,__hf__,0,librispeech,16671
train,/lambda/nfs/algovirginia/workspace/DeepfakeDetectionRenewed/data/wavefake/generated_audio/ljspeech_parallel_wavegan/LJ028-0514_gen.wav,1,ljspeech_parallel_wavegan,
train,__hf__,0,librispeech,27615
train,/lambda/nfs/algovirginia/workspace/DeepfakeDetectionRenewed/data/wavefake/generated_audio/ljspeech_full_band_melgan/LJ021-0206_gen.wav,1,ljspeech_full_band_melgan,
train,/lambda/nfs/algovirginia/workspace/DeepfakeDetectionRenewed/data/vcc2020/audio/T09/task1/team09_intra-TEM2_SEM2_E30001.wav,1,VCC2020_T09,
train,__hf__,0,librispeech,9503
train,/lambda/nfs/algovirginia/workspace/DeepfakeDetectionRenewed/data/vcc2020/audio/T14/task1/team14_intra-TEF1_SEF2_E30001.wav,1,VCC2020_T14,
train,/lambda/nfs/algovirginia/workspace/DeepfakeDetectionRenewed/data/wavefake/generated_audio/ljspeech_hifiGAN/LJ018-0318_generated.wav,1,ljspeech_hifiGAN,
train,__hf__,0,librispeech,16205
train,/lambda/nfs/algovirginia/workspace/DeepfakeDetectionRenewed/data/wavefake/generated_audio/ljspeech_hifiGAN/LJ040-0229_generated.wav,1,ljspeech_hifiGAN,
train,__hf__,0,librispeech,9186
train,__hf__,0,librispeech,22073
train,__hf__,0,librispeech,27848
train,__hf__,0,librispeech,12489
train,/lambda/nfs/algovirginia/workspace/DeepfakeDetectionRenewed/data/wavefake/generated_audio/ljspeech_parallel_wavegan/LJ015-0075_gen.wav,1,ljspeech_parallel_wavegan,
train,/lambda/nfs/algovirginia/workspace/DeepfakeDetectionRenewed/data/wavefake/generated_audio/ljspeech_hifiGAN/LJ028-0139_generated.wav,1,ljspeech_hifiGAN,
train,__hf__,0,librispeech,10104
train,/lambda/nfs/algovirginia/workspace/DeepfakeDetectionRenewed/data/wavefake/generated_audio/ljspeech_hifiGAN/LJ011-0014_generated.wav,1,ljspeech_hifiGAN,
train,__hf__,0,librispeech,8518
train,__hf__,0,librispeech,3720
train,__hf__,0,librispeech,19090
train,/lambda/nfs/algovirginia/workspace/DeepfakeDetectionRenewed/data/wavefake/generated_audio/ljspeech_parallel_wavegan/LJ008-0213_gen.wav,1,ljspeech_parallel_wavegan,
train,__hf__,0,librispeech,3778
train,__hf__,0,librispeech,26201
train,__hf__,0,librispeech,27343
train,__hf__,0,librispeech,9811
train,__hf__,0,librispeech,8643
train,/lambda/nfs/algovirginia/workspace/DeepfakeDetectionRenewed/data/vcc2020/audio/T23/task1/team23_intra-TEF1_SEF2_E30005.wav,1,VCC2020_T23,
train,__hf__,0,librispeech,7083
train,__hf__,0,librispeech,12318
train,/lambda/nfs/algovirginia/workspace/DeepfakeDetectionRenewed/data/vcc2020/audio/T07/task1/team07_intra-TEF2_SEM2_E30001.wav,1,VCC2020_T07,
train,/lambda/nfs/algovirginia/workspace/DeepfakeDetectionRenewed/data/vcc2020/audio/T23/task1/team23_intra-TEM2_SEF1_E30002.wav,1,VCC2020_T23,
train,/lambda/nfs/algovirginia/workspace/DeepfakeDetectionRenewed/data/vcc2020/audio/T07/task1/team07_intra-TEM2_SEM1_E30004.wav,1,VCC2020_T07,
train,__hf__,0,librispeech,20695
train,/lambda/nfs/algovirginia/workspace/DeepfakeDetectionRenewed/data/wavefake/generated_audio/common_voices_prompts_from_conformer_fastspeech2_pwg_ljspeech/gen_4764.wav,1,common_voices_prompts_from_conformer_fastspeech2_pwg_ljspeech,
train,__hf__,0,librispeech,13234
train,/lambda/nfs/algovirginia/workspace/DeepfakeDetectionRenewed/data/wavefake/generated_audio/common_voices_prompts_from_conformer_fastspeech2_pwg_ljspeech/gen_709.wav,1,common_voices_prompts_from_conformer_fastspeech2_pwg_ljspeech,
train,/lambda/nfs/algovirginia/workspace/DeepfakeDetectionRenewed/data/vcc2020/audio/T23/task1/team23_intra-TEM2_SEM1_E30004.wav,1,VCC2020_T23,
train,/lambda/nfs/algovirginia/workspace/DeepfakeDetectionRenewed/data/wavefake/generated_audio/ljspeech_hifiGAN/LJ043-0019_generated.wav,1,ljspeech_hifiGAN,
train,__hf__,0,librispeech,8868
train,/lambda/nfs/algovirginia/workspace/DeepfakeDetectionRenewed/data/wavefake/generated_audio/ljspeech_full_band_melgan/LJ044-0037_gen.wav,1,ljspeech_full_band_melgan,
train,/lambda/nfs/algovirginia/workspace/DeepfakeDetectionRenewed/data/vcc2020/audio/T02/task1/team02_intra-TEF2_SEM2_E30002.wav,1,VCC2020_T02,
train,__hf__,0,librispeech,11101
train,__hf__,0,librispeech,15156
train,/lambda/nfs/algovirginia/workspace/DeepfakeDetectionRenewed/data/wavefake/generated_audio/ljspeech_hifiGAN/LJ033-0067_generated.wav,1,ljspeech_hifiGAN,
train,__hf__,0,librispeech,16404
train,__hf__,0,librispeech,23586
train,__hf__,0,librispeech,27708
train,/lambda/nfs/algovirginia/workspace/DeepfakeDetectionRenewed/data/wavefake/generated_audio/common_voices_prompts_from_conformer_fastspeech2_pwg_ljspeech/gen_14509.wav,1,common_voices_prompts_from_conformer_fastspeech2_pwg_ljspeech,
train,__hf__,0,librispeech,22511
train,__hf__,0,librispeech,13525
train,__hf__,0,librispeech,20449
train,__hf__,0,librispeech,19186
train,/lambda/nfs/algovirginia/workspace/DeepfakeDetectionRenewed/data/vcc2020/audio/T14/task1/team14_intra-TEM2_SEM1_E30004.wav,1,VCC2020_T14,
train,/lambda/nfs/algovirginia/workspace/DeepfakeDetectionRenewed/data/wavefake/generated_audio/ljspeech_parallel_wavegan/LJ021-0129_gen.wav,1,ljspeech_parallel_wavegan,
train,__hf__,0,librispeech,15779
train,__hf__,0,librispeech,2345
train,/lambda/nfs/algovirginia/workspace/DeepfakeDetectionRenewed/data/wavefake/generated_audio/ljspeech_hifiGAN/LJ012-0048_generated.wav,1,ljspeech_hifiGAN,
train,/lambda/nfs/algovirginia/workspace/DeepfakeDetectionRenewed/data/vcc2020/audio/T27/task1/team27_intra-TEF1_SEM1_E30001.wav,1,VCC2020_T27,
train,/lambda/nfs/algovirginia/workspace/DeepfakeDetectionRenewed/data/vcc2020/audio/T27/task1/team27_intra-TEM1_SEF1_E30002.wav,1,VCC2020_T27,
train,__hf__,0,librispeech,18101
train,__hf__,0,librispeech,21608
train,/lambda/nfs/algovirginia/workspace/DeepfakeDetectionRenewed/data/vcc2020/audio/T13/task1/team13_intra-TEF2_SEF2_E30003.wav,1,VCC2020_T13,
train,/lambda/nfs/algovirginia/workspace/DeepfakeDetectionRenewed/data/vcc2020/audio/T29/task1/team29_intra-TEF1_SEM1_E30005.wav,1,VCC2020_T29,
train,__hf__,0,librispeech,10719
train,/lambda/nfs/algovirginia/workspace/DeepfakeDetectionRenewed/data/wavefake/generated_audio/ljspeech_hifiGAN/LJ002-0202_generated.wav,1,ljspeech_hifiGAN,
train,__hf__,0,librispeech,28157
train,/lambda/nfs/algovirginia/workspace/DeepfakeDetectionRenewed/data/wavefake/generated_audio/ljspeech_full_band_melgan/LJ014-0010_gen.wav,1,ljspeech_full_band_melgan,
train,/lambda/nfs/algovirginia/workspace/DeepfakeDetectionRenewed/data/wavefake/generated_audio/common_voices_prompts_from_conformer_fastspeech2_pwg_ljspeech/gen_15247.wav,1,common_voices_prompts_from_conformer_fastspeech2_pwg_ljspeech,
train,/lambda/nfs/algovirginia/workspace/DeepfakeDetectionRenewed/data/wavefake/generated_audio/common_voices_prompts_from_conformer_fastspeech2_pwg_ljspeech/gen_12891.wav,1,common_voices_prompts_from_conformer_fastspeech2_pwg_ljspeech,
train,/lambda/nfs/algovirginia/workspace/DeepfakeDetectionRenewed/data/vcc2020/audio/T33/task1/team33_intra-TEM1_SEM1_E30005.wav,1,VCC2020_T33,
train,/lambda/nfs/algovirginia/workspace/DeepfakeDetectionRenewed/data/vcc2020/audio/T23/task1/team23_intra-TEM1_SEM2_E30003.wav,1,VCC2020_T23,
train,/lambda/nfs/algovirginia/workspace/DeepfakeDetectionRenewed/data/vcc2020/audio/T29/task1/team29_intra-TEF2_SEM1_E30004.wav,1,VCC2020_T29,
train,__hf__,0,librispeech,16746
train,/lambda/nfs/algovirginia/workspace/DeepfakeDetectionRenewed/data/wavefake/generated_audio/common_voices_prompts_from_conformer_fastspeech2_pwg_ljspeech/gen_14877.wav,1,common_voices_prompts_from_conformer_fastspeech2_pwg_ljspeech,
train,__hf__,0,librispeech,23840
train,__hf__,0,librispeech,20173
train,/lambda/nfs/algovirginia/workspace/DeepfakeDetectionRenewed/data/vcc2020/audio/T09/task1/team09_intra-TEF2_SEM2_E30004.wav,1,VCC2020_T09,
train,/lambda/nfs/algovirginia/workspace/DeepfakeDetectionRenewed/data/vcc2020/audio/T22/task1/team22_intra-TEF1_SEF2_E30004.wav,1,VCC2020_T22,
train,__hf__,0,librispeech,6802
train,__hf__,0,librispeech,13552
train,/lambda/nfs/algovirginia/workspace/DeepfakeDetectionRenewed/data/wavefake/generated_audio/ljspeech_hifiGAN/LJ001-0147_generated.wav,1,ljspeech_hifiGAN,
train,__hf__,0,librispeech,6784
train,__hf__,0,librispeech,359
train,__hf__,0,librispeech,12551
train,__hf__,0,librispeech,28096
train,/lambda/nfs/algovirginia/workspace/DeepfakeDetectionRenewed/data/vcc2020/audio/T08/task1/team08_intra-TEM1_SEM2_E30001.wav,1,VCC2020_T08,
train,/lambda/nfs/algovirginia/workspace/DeepfakeDetectionRenewed/data/wavefake/generated_audio/common_voices_prompts_from_conformer_fastspeech2_pwg_ljspeech/gen_10618.wav,1,common_voices_prompts_from_conformer_fastspeech2_pwg_ljspeech,
train,/lambda/nfs/algovirginia/workspace/DeepfakeDetectionRenewed/data/vcc2020/audio/T24/task1/team24_intra-TEM1_SEF2_E30005.wav,1,VCC2020_T24,
train,__hf__,0,librispeech,23414
train,__hf__,0,librispeech,15634
train,/lambda/nfs/algovirginia/workspace/DeepfakeDetectionRenewed/data/wavefake/generated_audio/ljspeech_hifiGAN/LJ007-0194_generated.wav,1,ljspeech_hifiGAN,
train,__hf__,0,librispeech,18418
train,__hf__,0,librispeech,18760
train,__hf__,0,librispeech,13861
train,__hf__,0,librispeech,15908
train,__hf__,0,librispeech,26647
train,/lambda/nfs/algovirginia/workspace/DeepfakeDetectionRenewed/data/wavefake/generated_audio/ljspeech_parallel_wavegan/LJ023-0004_gen.wav,1,ljspeech_parallel_wavegan,
train,/lambda/nfs/algovirginia/workspace/DeepfakeDetectionRenewed/data/vcc2020/audio/T19/task1/team19_intra-TEM2_SEM2_E30002.wav,1,VCC2020_T19,
train,__hf__,0,librispeech,2269
train,/lambda/nfs/algovirginia/workspace/DeepfakeDetectionRenewed/data/wavefake/generated_audio/ljspeech_full_band_melgan/LJ001-0018_gen.wav,1,ljspeech_full_band_melgan,
train,/lambda/nfs/algovirginia/workspace/DeepfakeDetectionRenewed/data/vcc2020/audio/T09/task1/team09_intra-TEF2_SEM1_E30001.wav,1,VCC2020_T09,
train,/lambda/nfs/algovirginia/workspace/DeepfakeDetectionRenewed/data/wavefake/generated_audio/ljspeech_parallel_wavegan/LJ033-0109_gen.wav,1,ljspeech_parallel_wavegan,
train,/lambda/nfs/algovirginia/workspace/DeepfakeDetectionRenewed/data/wavefake/generated_audio/common_voices_prompts_from_conformer_fastspeech2_pwg_ljspeech/gen_12872.wav,1,common_voices_prompts_from_conformer_fastspeech2_pwg_ljspeech,
train,/lambda/nfs/algovirginia/workspace/DeepfakeDetectionRenewed/data/vcc2020/audio/T17/task1/team17_intra-TEM1_SEF1_E30004.wav,1,VCC2020_T17,
train,__hf__,0,librispeech,12471
train,__hf__,0,librispeech,10422
train,__hf__,0,librispeech,13816
train,__hf__,0,librispeech,18900
train,__hf__,0,librispeech,4669
train,/lambda/nfs/algovirginia/workspace/DeepfakeDetectionRenewed/data/vcc2020/audio/T28/task1/team28_intra-TEF1_SEM1_E30003.wav,1,VCC2020_T28,
train,/lambda/nfs/algovirginia/workspace/DeepfakeDetectionRenewed/data/wavefake/generated_audio/ljspeech_full_band_melgan/LJ007-0092_gen.wav,1,ljspeech_full_band_melgan,
train,__hf__,0,librispeech,1542
train,__hf__,0,librispeech,24662
train,/lambda/nfs/algovirginia/workspace/DeepfakeDetectionRenewed/data/wavefake/generated_audio/ljspeech_full_band_melgan/LJ003-0208_gen.wav,1,ljspeech_full_band_melgan,
train,/lambda/nfs/algovirginia/workspace/DeepfakeDetectionRenewed/data/wavefake/generated_audio/ljspeech_hifiGAN/LJ005-0260_generated.wav,1,ljspeech_hifiGAN,
train,/lambda/nfs/algovirginia/workspace/DeepfakeDetectionRenewed/data/vcc2020/audio/T03/task1/team03_intra-TEF1_SEM1_E30005.wav,1,VCC2020_T03,
train,__hf__,0,librispeech,22284
train,__hf__,0,librispeech,23198
train,/lambda/nfs/algovirginia/workspace/DeepfakeDetectionRenewed/data/wavefake/generated_audio/ljspeech_hifiGAN/LJ032-0004_generated.wav,1,ljspeech_hifiGAN,
train,/lambda/nfs/algovirginia/workspace/DeepfakeDetectionRenewed/data/wavefake/generated_audio/common_voices_prompts_from_conformer_fastspeech2_pwg_ljspeech/gen_3853.wav,1,common_voices_prompts_from_conformer_fastspeech2_pwg_ljspeech,
train,/lambda/nfs/algovirginia/workspace/DeepfakeDetectionRenewed/data/vcc2020/audio/T22/task1/team22_intra-TEF1_SEM2_E30005.wav,1,VCC2020_T22,
train,/lambda/nfs/algovirginia/workspace/DeepfakeDetectionRenewed/data/vcc2020/audio/T12/task1/team12_intra-TEM2_SEM2_E30003.wav,1,VCC2020_T12,
train,__hf__,0,librispeech,4022
train,__hf__,0,librispeech,11445
train,__hf__,0,librispeech,18255
train,__hf__,0,librispeech,22038
train,/lambda/nfs/algovirginia/workspace/DeepfakeDetectionRenewed/data/vcc2020/audio/T19/task1/team19_intra-TEM2_SEF1_E30002.wav,1,VCC2020_T19,
train,/lambda/nfs/algovirginia/workspace/DeepfakeDetectionRenewed/data/vcc2020/audio/T16/task1/team16_intra-TEM1_SEF2_E30003.wav,1,VCC2020_T16,
train,/lambda/nfs/algovirginia/workspace/DeepfakeDetectionRenewed/data/vcc2020/audio/T23/task1/team23_intra-TEF1_SEM1_E30004.wav,1,VCC2020_T23,
train,__hf__,0,librispeech,19697
train,/lambda/nfs/algovirginia/workspace/DeepfakeDetectionRenewed/data/wavefake/generated_audio/ljspeech_hifiGAN/LJ008-0192_generated.wav,1,ljspeech_hifiGAN,
train,/lambda/nfs/algovirginia/workspace/DeepfakeDetectionRenewed/data/vcc2020/audio/T03/task1/team03_intra-TEM2_SEM2_E30002.wav,1,VCC2020_T03,
train,__hf__,0,librispeech,20527
train,__hf__,0,librispeech,14970
train,/lambda/nfs/algovirginia/workspace/DeepfakeDetectionRenewed/data/vcc2020/audio/T12/task1/team12_intra-TEF1_SEF2_E30001.wav,1,VCC2020_T12,
train,/lambda/nfs/algovirginia/workspace/DeepfakeDetectionRenewed/data/wavefake/generated_audio/common_voices_prompts_from_conformer_fastspeech2_pwg_ljspeech/gen_10197.wav,1,common_voices_prompts_from_conformer_fastspeech2_pwg_ljspeech,
train,__hf__,0,librispeech,19002
train,/lambda/nfs/algovirginia/workspace/DeepfakeDetectionRenewed/data/vcc2020/audio/T16/task1/team16_intra-TEF1_SEM1_E30002.wav,1,VCC2020_T16,
train,/lambda/nfs/algovirginia/workspace/DeepfakeDetectionRenewed/data/wavefake/generated_audio/ljspeech_hifiGAN/LJ038-0129_generated.wav,1,ljspeech_hifiGAN,
train,/lambda/nfs/algovirginia/workspace/DeepfakeDetectionRenewed/data/vcc2020/audio/T09/task1/team09_intra-TEF1_SEF1_E30004.wav,1,VCC2020_T09,
train,__hf__,0,librispeech,3274
train,/lambda/nfs/algovirginia/workspace/DeepfakeDetectionRenewed/data/wavefake/generated_audio/ljspeech_parallel_wavegan/LJ018-0066_gen.wav,1,ljspeech_parallel_wavegan,
train,__hf__,0,librispeech,25673
train,__hf__,0,librispeech,9864
train,/lambda/nfs/algovirginia/workspace/DeepfakeDetectionRenewed/data/wavefake/generated_audio/ljspeech_parallel_wavegan/LJ026-0138_gen.wav,1,ljspeech_parallel_wavegan,
train,__hf__,0,librispeech,21318
train,__hf__,0,librispeech,2357
train,__hf__,0,librispeech,16775
train,/lambda/nfs/algovirginia/workspace/DeepfakeDetectionRenewed/data/vcc2020/audio/T26/task1/team26_intra-TEM1_SEF2_E30004.wav,1,VCC2020_T26,
train,__hf__,0,librispeech,27698
train,__hf__,0,librispeech,1817
train,/lambda/nfs/algovirginia/workspace/DeepfakeDetectionRenewed/data/wavefake/generated_audio/common_voices_prompts_from_conformer_fastspeech2_pwg_ljspeech/gen_15176.wav,1,common_voices_prompts_from_conformer_fastspeech2_pwg_ljspeech,
train,__hf__,0,librispeech,11931
train,/lambda/nfs/algovirginia/workspace/DeepfakeDetectionRenewed/data/vcc2020/audio/T08/task1/team08_intra-TEF1_SEM1_E30004.wav,1,VCC2020_T08,
train,__hf__,0,librispeech,3943
train,/lambda/nfs/algovirginia/workspace/DeepfakeDetectionRenewed/data/wavefake/generated_audio/ljspeech_full_band_melgan/LJ014-0094_gen.wav,1,ljspeech_full_band_melgan,
train,/lambda/nfs/algovirginia/workspace/DeepfakeDetectionRenewed/data/vcc2020/audio/T27/task1/team27_intra-TEF2_SEM1_E30002.wav,1,VCC2020_T27,
train,/lambda/nfs/algovirginia/workspace/DeepfakeDetectionRenewed/data/wavefake/generated_audio/ljspeech_hifiGAN/LJ037-0119_generated.wav,1,ljspeech_hifiGAN,
train,/lambda/nfs/algovirginia/workspace/DeepfakeDetectionRenewed/data/vcc2020/audio/T32/task1/team32_intra-TEM1_SEM2_E30005.wav,1,VCC2020_T32,
train,__hf__,0,librispeech,22848
train,/lambda/nfs/algovirginia/workspace/DeepfakeDetectionRenewed/data/wavefake/generated_audio/common_voices_prompts_from_conformer_fastspeech2_pwg_ljspeech/gen_7974.wav,1,common_voices_prompts_from_conformer_fastspeech2_pwg_ljspeech,
train,/lambda/nfs/algovirginia/workspace/DeepfakeDetectionRenewed/data/wavefake/generated_audio/ljspeech_hifiGAN/LJ047-0119_generated.wav,1,ljspeech_hifiGAN,
train,/lambda/nfs/algovirginia/workspace/DeepfakeDetectionRenewed/data/vcc2020/audio/T16/task1/team16_intra-TEM2_SEF2_E30004.wav,1,VCC2020_T16,
train,/lambda/nfs/algovirginia/workspace/DeepfakeDetectionRenewed/data/vcc2020/audio/T18/task1/team18_intra-TEM1_SEM1_E30003.wav,1,VCC2020_T18,
train,__hf__,0,librispeech,9406
train,__hf__,0,librispeech,5391
train,/lambda/nfs/algovirginia/workspace/DeepfakeDetectionRenewed/data/vcc2020/audio/T32/task1/team32_intra-TEM2_SEM1_E30002.wav,1,VCC2020_T32,
train,__hf__,0,librispeech,19543
train,/lambda/nfs/algovirginia/workspace/DeepfakeDetectionRenewed/data/vcc2020/audio/T22/task1/team22_intra-TEM2_SEM2_E30003.wav,1,VCC2020_T22,
train,__hf__,0,librispeech,25089
train,/lambda/nfs/algovirginia/workspace/DeepfakeDetectionRenewed/data/vcc2020/audio/T25/task1/team25_intra-TEM1_SEM2_E30005.wav,1,VCC2020_T25,
train,__hf__,0,librispeech,17717
train,__hf__,0,librispeech,9862
train,__hf__,0,librispeech,11699
train,/lambda/nfs/algovirginia/workspace/DeepfakeDetectionRenewed/data/wavefake/generated_audio/ljspeech_parallel_wavegan/LJ019-0300_gen.wav,1,ljspeech_parallel_wavegan,
train,/lambda/nfs/algovirginia/workspace/DeepfakeDetectionRenewed/data/wavefake/generated_audio/ljspeech_parallel_wavegan/LJ006-0277_gen.wav,1,ljspeech_parallel_wavegan,
train,/lambda/nfs/algovirginia/workspace/DeepfakeDetectionRenewed/data/wavefake/generated_audio/ljspeech_full_band_melgan/LJ033-0104_gen.wav,1,ljspeech_full_band_melgan,
train,__hf__,0,librispeech,9065
train,__hf__,0,librispeech,24297
train,/lambda/nfs/algovirginia/workspace/DeepfakeDetectionRenewed/data/wavefake/generated_audio/ljspeech_hifiGAN/LJ018-0312_generated.wav,1,ljspeech_hifiGAN,
train,__hf__,0,librispeech,21658
train,/lambda/nfs/algovirginia/workspace/DeepfakeDetectionRenewed/data/wavefake/generated_audio/ljspeech_parallel_wavegan/LJ039-0129_gen.wav,1,ljspeech_parallel_wavegan,
train,__hf__,0,librispeech,4822
train,/lambda/nfs/algovirginia/workspace/DeepfakeDetectionRenewed/data/wavefake/generated_audio/common_voices_prompts_from_conformer_fastspeech2_pwg_ljspeech/gen_1404.wav,1,common_voices_prompts_from_conformer_fastspeech2_pwg_ljspeech,
train,__hf__,0,librispeech,6611
train,/lambda/nfs/algovirginia/workspace/DeepfakeDetectionRenewed/data/vcc2020/audio/T18/task1/team18_intra-TEM2_SEF2_E30005.wav,1,VCC2020_T18,
train,/lambda/nfs/algovirginia/workspace/DeepfakeDetectionRenewed/data/wavefake/generated_audio/ljspeech_hifiGAN/LJ045-0141_generated.wav,1,ljspeech_hifiGAN,
train,/lambda/nfs/algovirginia/workspace/DeepfakeDetectionRenewed/data/wavefake/generated_audio/ljspeech_hifiGAN/LJ022-0150_generated.wav,1,ljspeech_hifiGAN,
train,__hf__,0,librispeech,12474
train,/lambda/nfs/algovirginia/workspace/DeepfakeDetectionRenewed/data/wavefake/generated_audio/ljspeech_full_band_melgan/LJ010-0008_gen.wav,1,ljspeech_full_band_melgan,
train,__hf__,0,librispeech,24788
train,__hf__,0,librispeech,5353
train,__hf__,0,librispeech,2151
train,__hf__,0,librispeech,6975
train,__hf__,0,librispeech,11826
train,__hf__,0,librispeech,14774
train,/lambda/nfs/algovirginia/workspace/DeepfakeDetectionRenewed/data/wavefake/generated_audio/ljspeech_hifiGAN/LJ013-0201_generated.wav,1,ljspeech_hifiGAN,
train,/lambda/nfs/algovirginia/workspace/DeepfakeDetectionRenewed/data/wavefake/generated_audio/ljspeech_full_band_melgan/LJ018-0355_gen.wav,1,ljspeech_full_band_melgan,
train,__hf__,0,librispeech,14142
train,__hf__,0,librispeech,28341
train,__hf__,0,librispeech,9005
train,__hf__,0,librispeech,19894
train,__hf__,0,librispeech,25893
train,__hf__,0,librispeech,2
train,/lambda/nfs/algovirginia/workspace/DeepfakeDetectionRenewed/data/vcc2020/audio/T06/task1/team06_intra-TEM2_SEF1_E30002.wav,1,VCC2020_T06,
train,/lambda/nfs/algovirginia/workspace/DeepfakeDetectionRenewed/data/vcc2020/audio/T14/task1/team14_intra-TEF2_SEM2_E30004.wav,1,VCC2020_T14,
train,__hf__,0,librispeech,5663
train,/lambda/nfs/algovirginia/workspace/DeepfakeDetectionRenewed/data/vcc2020/audio/T13/task1/team13_intra-TEF2_SEF2_E30005.wav,1,VCC2020_T13,
train,__hf__,0,librispeech,9291
train,/lambda/nfs/algovirginia/workspace/DeepfakeDetectionRenewed/data/vcc2020/audio/T06/task1/team06_intra-TEM1_SEF1_E30005.wav,1,VCC2020_T06,
train,__hf__,0,librispeech,28056
train,/lambda/nfs/algovirginia/workspace/DeepfakeDetectionRenewed/data/vcc2020/audio/T33/task1/team33_intra-TEF1_SEM2_E30003.wav,1,VCC2020_T33,
train,/lambda/nfs/algovirginia/workspace/DeepfakeDetectionRenewed/data/wavefake/generated_audio/ljspeech_parallel_wavegan/LJ035-0044_gen.wav,1,ljspeech_parallel_wavegan,
train,__hf__,0,librispeech,10896
train,/lambda/nfs/algovirginia/workspace/DeepfakeDetectionRenewed/data/vcc2020/audio/T25/task1/team25_intra-TEF1_SEM1_E30001.wav,1,VCC2020_T25,
train,/lambda/nfs/algovirginia/workspace/DeepfakeDetectionRenewed/data/wavefake/generated_audio/common_voices_prompts_from_conformer_fastspeech2_pwg_ljspeech/gen_8516.wav,1,common_voices_prompts_from_conformer_fastspeech2_pwg_ljspeech,
train,__hf__,0,librispeech,24158
train,/lambda/nfs/algovirginia/workspace/DeepfakeDetectionRenewed/data/wavefake/generated_audio/ljspeech_hifiGAN/LJ039-0132_generated.wav,1,ljspeech_hifiGAN,
train,/lambda/nfs/algovirginia/workspace/DeepfakeDetectionRenewed/data/vcc2020/audio/T11/task1/team11_intra-TEM2_SEF1_E30002.wav,1,VCC2020_T11,
train,__hf__,0,librispeech,28369
train,__hf__,0,librispeech,21541
train,__hf__,0,librispeech,3878
train,__hf__,0,librispeech,21353
train,__hf__,0,librispeech,19638
train,/lambda/nfs/algovirginia/workspace/DeepfakeDetectionRenewed/data/wavefake/generated_audio/ljspeech_hifiGAN/LJ011-0165_generated.wav,1,ljspeech_hifiGAN,
train,__hf__,0,librispeech,2797
train,__hf__,0,librispeech,8978
train,/lambda/nfs/algovirginia/workspace/DeepfakeDetectionRenewed/data/vcc2020/audio/T10/task1/team10_intra-TEF1_SEM1_E30001.wav,1,VCC2020_T10,
train,/lambda/nfs/algovirginia/workspace/DeepfakeDetectionRenewed/data/vcc2020/audio/T12/task1/team12_intra-TEF1_SEF2_E30005.wav,1,VCC2020_T12,
train,__hf__,0,librispeech,2372
train,__hf__,0,librispeech,23901
train,__hf__,0,librispeech,7854
train,__hf__,0,librispeech,23206
train,/lambda/nfs/algovirginia/workspace/DeepfakeDetectionRenewed/data/wavefake/generated_audio/ljspeech_parallel_wavegan/LJ001-0144_gen.wav,1,ljspeech_parallel_wavegan,
train,/lambda/nfs/algovirginia/workspace/DeepfakeDetectionRenewed/data/wavefake/generated_audio/common_voices_prompts_from_conformer_fastspeech2_pwg_ljspeech/gen_5721.wav,1,common_voices_prompts_from_conformer_fastspeech2_pwg_ljspeech,
train,__hf__,0,librispeech,9575
train,/lambda/nfs/algovirginia/workspace/DeepfakeDetectionRenewed/data/wavefake/generated_audio/ljspeech_hifiGAN/LJ031-0077_generated.wav,1,ljspeech_hifiGAN,
train,/lambda/nfs/algovirginia/workspace/DeepfakeDetectionRenewed/data/wavefake/generated_audio/common_voices_prompts_from_conformer_fastspeech2_pwg_ljspeech/gen_1145.wav,1,common_voices_prompts_from_conformer_fastspeech2_pwg_ljspeech,
train,/lambda/nfs/algovirginia/workspace/DeepfakeDetectionRenewed/data/vcc2020/audio/T27/task1/team27_intra-TEM2_SEM1_E30004.wav,1,VCC2020_T27,
train,/lambda/nfs/algovirginia/workspace/DeepfakeDetectionRenewed/data/vcc2020/audio/T17/task1/team17_intra-TEF1_SEF2_E30003.wav,1,VCC2020_T17,
train,/lambda/nfs/algovirginia/workspace/DeepfakeDetectionRenewed/data/wavefake/generated_audio/ljspeech_parallel_wavegan/LJ028-0042_gen.wav,1,ljspeech_parallel_wavegan,
train,/lambda/nfs/algovirginia/workspace/DeepfakeDetectionRenewed/data/vcc2020/audio/T02/task1/team02_intra-TEM1_SEF1_E30005.wav,1,VCC2020_T02,
train,/lambda/nfs/algovirginia/workspace/DeepfakeDetectionRenewed/data/vcc2020/audio/T14/task1/team14_intra-TEM1_SEM2_E30004.wav,1,VCC2020_T14,
train,__hf__,0,librispeech,11727
train,__hf__,0,librispeech,4354
train,__hf__,0,librispeech,11795
train,__hf__,0,librispeech,1721
train,/lambda/nfs/algovirginia/workspace/DeepfakeDetectionRenewed/data/vcc2020/audio/T10/task1/team10_intra-TEF1_SEM2_E30005.wav,1,VCC2020_T10,
train,__hf__,0,librispeech,24997
train,/lambda/nfs/algovirginia/workspace/DeepfakeDetectionRenewed/data/vcc2020/audio/T03/task1/team03_intra-TEF1_SEM2_E30001.wav,1,VCC2020_T03,
train,/lambda/nfs/algovirginia/workspace/DeepfakeDetectionRenewed/data/vcc2020/audio/T11/task1/team11_intra-TEM1_SEF1_E30005.wav,1,VCC2020_T11,
train,/lambda/nfs/algovirginia/workspace/DeepfakeDetectionRenewed/data/vcc2020/audio/T28/task1/team28_intra-TEF1_SEF2_E30003.wav,1,VCC2020_T28,
train,/lambda/nfs/algovirginia/workspace/DeepfakeDetectionRenewed/data/vcc2020/audio/T21/task1/team21_intra-TEF2_SEM1_E30004.wav,1,VCC2020_T21,
train,__hf__,0,librispeech,2253
train,/lambda/nfs/algovirginia/workspace/DeepfakeDetectionRenewed/data/vcc2020/audio/T01/task1/team01_intra-TEM1_SEM2_E30001.wav,1,VCC2020_T01,
train,/lambda/nfs/algovirginia/workspace/DeepfakeDetectionRenewed/data/wavefake/generated_audio/ljspeech_hifiGAN/LJ014-0062_generated.wav,1,ljspeech_hifiGAN,
train,/lambda/nfs/algovirginia/workspace/DeepfakeDetectionRenewed/data/vcc2020/audio/T01/task1/team01_intra-TEM1_SEF2_E30001.wav,1,VCC2020_T01,
train,__hf__,0,librispeech,12965
train,__hf__,0,librispeech,17418
train,/lambda/nfs/algovirginia/workspace/DeepfakeDetectionRenewed/data/vcc2020/audio/T24/task1/team24_intra-TEF1_SEF1_E30005.wav,1,VCC2020_T24,
train,__hf__,0,librispeech,6084
train,/lambda/nfs/algovirginia/workspace/DeepfakeDetectionRenewed/data/vcc2020/audio/T16/task1/team16_intra-TEF1_SEF2_E30004.wav,1,VCC2020_T16,
train,/lambda/nfs/algovirginia/workspace/DeepfakeDetectionRenewed/data/vcc2020/audio/T09/task1/team09_intra-TEF1_SEF1_E30005.wav,1,VCC2020_T09,
train,/lambda/nfs/algovirginia/workspace/DeepfakeDetectionRenewed/data/wavefake/generated_audio/ljspeech_hifiGAN/LJ008-0089_generated.wav,1,ljspeech_hifiGAN,
train,__hf__,0,librispeech,22844
train,__hf__,0,librispeech,19987
train,__hf__,0,librispeech,2803
train,/lambda/nfs/algovirginia/workspace/DeepfakeDetectionRenewed/data/vcc2020/audio/T07/task1/team07_intra-TEM1_SEF2_E30001.wav,1,VCC2020_T07,
train,__hf__,0,librispeech,4754
train,/lambda/nfs/algovirginia/workspace/DeepfakeDetectionRenewed/data/vcc2020/audio/T19/task1/team19_intra-TEM1_SEF2_E30003.wav,1,VCC2020_T19,
train,/lambda/nfs/algovirginia/workspace/DeepfakeDetectionRenewed/data/wavefake/generated_audio/ljspeech_full_band_melgan/LJ032-0165_gen.wav,1,ljspeech_full_band_melgan,
train,/lambda/nfs/algovirginia/workspace/DeepfakeDetectionRenewed/data/wavefake/generated_audio/ljspeech_hifiGAN/LJ034-0104_generated.wav,1,ljspeech_hifiGAN,
train,/lambda/nfs/algovirginia/workspace/DeepfakeDetectionRenewed/data/vcc2020/audio/T28/task1/team28_intra-TEF2_SEM1_E30002.wav,1,VCC2020_T28,
train,/lambda/nfs/algovirginia/workspace/DeepfakeDetectionRenewed/data/wavefake/generated_audio/ljspeech_parallel_wavegan/LJ009-0158_gen.wav,1,ljspeech_parallel_wavegan,
train,__hf__,0,librispeech,23391
train,/lambda/nfs/algovirginia/workspace/DeepfakeDetectionRenewed/data/wavefake/generated_audio/ljspeech_parallel_wavegan/LJ008-0214_gen.wav,1,ljspeech_parallel_wavegan,
train,__hf__,0,librispeech,20160
train,/lambda/nfs/algovirginia/workspace/DeepfakeDetectionRenewed/data/vcc2020/audio/T03/task1/team03_intra-TEM2_SEM1_E30001.wav,1,VCC2020_T03,
train,__hf__,0,librispeech,8936
train,__hf__,0,librispeech,18899
train,__hf__,0,librispeech,8102
train,/lambda/nfs/algovirginia/workspace/DeepfakeDetectionRenewed/data/wavefake/generated_audio/common_voices_prompts_from_conformer_fastspeech2_pwg_ljspeech/gen_7101.wav,1,common_voices_prompts_from_conformer_fastspeech2_pwg_ljspeech,
train,__hf__,0,librispeech,1700
train,/lambda/nfs/algovirginia/workspace/DeepfakeDetectionRenewed/data/vcc2020/audio/T30/task1/team30_intra-TEF2_SEF2_E30002.wav,1,VCC2020_T30,
train,__hf__,0,librispeech,26291
train,__hf__,0,librispeech,14363
train,/lambda/nfs/algovirginia/workspace/DeepfakeDetectionRenewed/data/vcc2020/audio/T17/task1/team17_intra-TEF2_SEF1_E30001.wav,1,VCC2020_T17,
train,/lambda/nfs/algovirginia/workspace/DeepfakeDetectionRenewed/data/wavefake/generated_audio/ljspeech_full_band_melgan/LJ018-0340_gen.wav,1,ljspeech_full_band_melgan,
train,__hf__,0,librispeech,2088
train,__hf__,0,librispeech,18911
train,__hf__,0,librispeech,3619
train,/lambda/nfs/algovirginia/workspace/DeepfakeDetectionRenewed/data/wavefake/generated_audio/ljspeech_hifiGAN/LJ031-0079_generated.wav,1,ljspeech_hifiGAN,
train,/lambda/nfs/algovirginia/workspace/DeepfakeDetectionRenewed/data/vcc2020/audio/T03/task1/team03_intra-TEF2_SEM1_E30001.wav,1,VCC2020_T03,
train,__hf__,0,librispeech,12173
train,__hf__,0,librispeech,7826
train,/lambda/nfs/algovirginia/workspace/DeepfakeDetectionRenewed/data/vcc2020/audio/T25/task1/team25_intra-TEF2_SEF1_E30001.wav,1,VCC2020_T25,
train,__hf__,0,librispeech,21194
train,/lambda/nfs/algovirginia/workspace/DeepfakeDetectionRenewed/data/vcc2020/audio/T10/task1/team10_intra-TEM1_SEF1_E30005.wav,1,VCC2020_T10,
train,/lambda/nfs/algovirginia/workspace/DeepfakeDetectionRenewed/data/wavefake/generated_audio/common_voices_prompts_from_conformer_fastspeech2_pwg_ljspeech/gen_12427.wav,1,common_voices_prompts_from_conformer_fastspeech2_pwg_ljspeech,
train,__hf__,0,librispeech,22421
train,__hf__,0,librispeech,22428
train,__hf__,0,librispeech,13978
train,/lambda/nfs/algovirginia/workspace/DeepfakeDetectionRenewed/data/wavefake/generated_audio/ljspeech_hifiGAN/LJ033-0120_generated.wav,1,ljspeech_hifiGAN,
train,/lambda/nfs/algovirginia/workspace/DeepfakeDetectionRenewed/data/vcc2020/audio/T12/task1/team12_intra-TEM2_SEF1_E30004.wav,1,VCC2020_T12,
train,__hf__,0,librispeech,20746
train,__hf__,0,librispeech,26843
train,/lambda/nfs/algovirginia/workspace/DeepfakeDetectionRenewed/data/wavefake/generated_audio/ljspeech_hifiGAN/LJ003-0321_generated.wav,1,ljspeech_hifiGAN,
train,__hf__,0,librispeech,1284
train,__hf__,0,librispeech,17269
train,/lambda/nfs/algovirginia/workspace/DeepfakeDetectionRenewed/data/vcc2020/audio/T07/task1/team07_intra-TEM1_SEM1_E30002.wav,1,VCC2020_T07,
train,/lambda/nfs/algovirginia/workspace/DeepfakeDetectionRenewed/data/wavefake/generated_audio/common_voices_prompts_from_conformer_fastspeech2_pwg_ljspeech/gen_3337.wav,1,common_voices_prompts_from_conformer_fastspeech2_pwg_ljspeech,
train,/lambda/nfs/algovirginia/workspace/DeepfakeDetectionRenewed/data/wavefake/generated_audio/common_voices_prompts_from_conformer_fastspeech2_pwg_ljspeech/gen_7069.wav,1,common_voices_prompts_from_conformer_fastspeech2_pwg_ljspeech,
train,__hf__,0,librispeech,5828
train,__hf__,0,librispeech,19625
train,__hf__,0,librispeech,2646
train,__hf__,0,librispeech,25865
train,/lambda/nfs/algovirginia/workspace/DeepfakeDetectionRenewed/data/vcc2020/audio/T26/task1/team26_intra-TEM1_SEF1_E30003.wav,1,VCC2020_T26,
train,__hf__,0,librispeech,25220
train,/lambda/nfs/algovirginia/workspace/DeepfakeDetectionRenewed/data/vcc2020/audio/T02/task1/team02_intra-TEF2_SEM1_E30003.wav,1,VCC2020_T02,
train,__hf__,0,librispeech,4372
train,/lambda/nfs/algovirginia/workspace/DeepfakeDetectionRenewed/data/wavefake/generated_audio/ljspeech_parallel_wavegan/LJ039-0120_gen.wav,1,ljspeech_parallel_wavegan,
train,__hf__,0,librispeech,13558
train,__hf__,0,librispeech,3498
train,/lambda/nfs/algovirginia/workspace/DeepfakeDetectionRenewed/data/wavefake/generated_audio/ljspeech_parallel_wavegan/LJ046-0058_gen.wav,1,ljspeech_parallel_wavegan,
train,__hf__,0,librispeech,22103
train,/lambda/nfs/algovirginia/workspace/DeepfakeDetectionRenewed/data/vcc2020/audio/T16/task1/team16_intra-TEF2_SEF2_E30002.wav,1,VCC2020_T16,
train,__hf__,0,librispeech,6025
train,/lambda/nfs/algovirginia/workspace/DeepfakeDetectionRenewed/data/vcc2020/audio/T09/task1/team09_intra-TEF1_SEF2_E30005.wav,1,VCC2020_T09,
train,__hf__,0,librispeech,8814
train,__hf__,0,librispeech,15598
train,/lambda/nfs/algovirginia/workspace/DeepfakeDetectionRenewed/data/wavefake/generated_audio/common_voices_prompts_from_conformer_fastspeech2_pwg_ljspeech/gen_6817.wav,1,common_voices_prompts_from_conformer_fastspeech2_pwg_ljspeech,
train,/lambda/nfs/algovirginia/workspace/DeepfakeDetectionRenewed/data/vcc2020/audio/T14/task1/team14_intra-TEM2_SEF2_E30004.wav,1,VCC2020_T14,
train,/lambda/nfs/algovirginia/workspace/DeepfakeDetectionRenewed/data/vcc2020/audio/T20/task1/team20_intra-TEF2_SEF2_E30003.wav,1,VCC2020_T20,
train,/lambda/nfs/algovirginia/workspace/DeepfakeDetectionRenewed/data/vcc2020/audio/T20/task1/team20_intra-TEF1_SEF2_E30001.wav,1,VCC2020_T20,
train,/lambda/nfs/algovirginia/workspace/DeepfakeDetectionRenewed/data/vcc2020/audio/T09/task1/team09_intra-TEM1_SEM2_E30004.wav,1,VCC2020_T09,
train,__hf__,0,librispeech,15533
train,__hf__,0,librispeech,16274
train,__hf__,0,librispeech,4611
train,/lambda/nfs/algovirginia/workspace/DeepfakeDetectionRenewed/data/wavefake/generated_audio/ljspeech_hifiGAN/LJ003-0197_generated.wav,1,ljspeech_hifiGAN,
train,__hf__,0,librispeech,17111
train,__hf__,0,librispeech,17205
train,__hf__,0,librispeech,25351
train,/lambda/nfs/algovirginia/workspace/DeepfakeDetectionRenewed/data/wavefake/generated_audio/ljspeech_full_band_melgan/LJ039-0199_gen.wav,1,ljspeech_full_band_melgan,
train,__hf__,0,librispeech,23928
train,__hf__,0,librispeech,19108
train,/lambda/nfs/algovirginia/workspace/DeepfakeDetectionRenewed/data/wavefake/generated_audio/common_voices_prompts_from_conformer_fastspeech2_pwg_ljspeech/gen_14474.wav,1,common_voices_prompts_from_conformer_fastspeech2_pwg_ljspeech,
train,__hf__,0,librispeech,12465
train,__hf__,0,librispeech,686
train,/lambda/nfs/algovirginia/workspace/DeepfakeDetectionRenewed/data/wavefake/generated_audio/ljspeech_parallel_wavegan/LJ030-0180_gen.wav,1,ljspeech_parallel_wavegan,
train,/lambda/nfs/algovirginia/workspace/DeepfakeDetectionRenewed/data/vcc2020/audio/T21/task1/team21_intra-TEF1_SEF2_E30003.wav,1,VCC2020_T21,
train,/lambda/nfs/algovirginia/workspace/DeepfakeDetectionRenewed/data/wavefake/generated_audio/ljspeech_hifiGAN/LJ016-0149_generated.wav,1,ljspeech_hifiGAN,
train,__hf__,0,librispeech,14318
train,/lambda/nfs/algovirginia/workspace/DeepfakeDetectionRenewed/data/wavefake/generated_audio/ljspeech_full_band_melgan/LJ022-0161_gen.wav,1,ljspeech_full_band_melgan,
train,__hf__,0,librispeech,12786
train,__hf__,0,librispeech,6584
train,__hf__,0,librispeech,7816
train,__hf__,0,librispeech,8673
train,/lambda/nfs/algovirginia/workspace/DeepfakeDetectionRenewed/data/wavefake/generated_audio/common_voices_prompts_from_conformer_fastspeech2_pwg_ljspeech/gen_6557.wav,1,common_voices_prompts_from_conformer_fastspeech2_pwg_ljspeech,
train,__hf__,0,librispeech,18033
train,/lambda/nfs/algovirginia/workspace/DeepfakeDetectionRenewed/data/wavefake/generated_audio/common_voices_prompts_from_conformer_fastspeech2_pwg_ljspeech/gen_9955.wav,1,common_voices_prompts_from_conformer_fastspeech2_pwg_ljspeech,
train,/lambda/nfs/algovirginia/workspace/DeepfakeDetectionRenewed/data/wavefake/generated_audio/ljspeech_parallel_wavegan/LJ028-0303_gen.wav,1,ljspeech_parallel_wavegan,
train,/lambda/nfs/algovirginia/workspace/DeepfakeDetectionRenewed/data/vcc2020/audio/T26/task1/team26_intra-TEF1_SEM1_E30003.wav,1,VCC2020_T26,
train,__hf__,0,librispeech,6190
train,__hf__,0,librispeech,21521
train,/lambda/nfs/algovirginia/workspace/DeepfakeDetectionRenewed/data/wavefake/generated_audio/ljspeech_hifiGAN/LJ047-0200_generated.wav,1,ljspeech_hifiGAN,
train,/lambda/nfs/algovirginia/workspace/DeepfakeDetectionRenewed/data/wavefake/generated_audio/ljspeech_full_band_melgan/LJ028-0149_gen.wav,1,ljspeech_full_band_melgan,
train,__hf__,0,librispeech,5780
train,__hf__,0,librispeech,21549
train,__hf__,0,librispeech,2409
train,__hf__,0,librispeech,7307
train,/lambda/nfs/algovirginia/workspace/DeepfakeDetectionRenewed/data/wavefake/generated_audio/common_voices_prompts_from_conformer_fastspeech2_pwg_ljspeech/gen_6671.wav,1,common_voices_prompts_from_conformer_fastspeech2_pwg_ljspeech,
train,__hf__,0,librispeech,7361
train,__hf__,0,librispeech,13718
train,__hf__,0,librispeech,1729
train,/lambda/nfs/algovirginia/workspace/DeepfakeDetectionRenewed/data/vcc2020/audio/T10/task1/team10_intra-TEM2_SEM2_E30001.wav,1,VCC2020_T10,
train,/lambda/nfs/algovirginia/workspace/DeepfakeDetectionRenewed/data/wavefake/generated_audio/ljspeech_hifiGAN/LJ032-0053_generated.wav,1,ljspeech_hifiGAN,
train,__hf__,0,librispeech,3706
train,/lambda/nfs/algovirginia/workspace/DeepfakeDetectionRenewed/data/vcc2020/audio/T04/task1/team04_intra-TEM2_SEM1_E30005.wav,1,VCC2020_T04,
train,__hf__,0,librispeech,19566
train,__hf__,0,librispeech,4813
train,/lambda/nfs/algovirginia/workspace/DeepfakeDetectionRenewed/data/vcc2020/audio/T12/task1/team12_intra-TEM1_SEM1_E30005.wav,1,VCC2020_T12,
train,/lambda/nfs/algovirginia/workspace/DeepfakeDetectionRenewed/data/vcc2020/audio/T12/task1/team12_intra-TEM1_SEM1_E30001.wav,1,VCC2020_T12,
train,/lambda/nfs/algovirginia/workspace/DeepfakeDetectionRenewed/data/vcc2020/audio/T09/task1/team09_intra-TEF1_SEF1_E30003.wav,1,VCC2020_T09,
train,__hf__,0,librispeech,26407
train,__hf__,0,librispeech,20958
train,/lambda/nfs/algovirginia/workspace/DeepfakeDetectionRenewed/data/vcc2020/audio/T01/task1/team01_intra-TEM2_SEF1_E30005.wav,1,VCC2020_T01,
train,/lambda/nfs/algovirginia/workspace/DeepfakeDetectionRenewed/data/vcc2020/audio/T14/task1/team14_intra-TEM1_SEF1_E30004.wav,1,VCC2020_T14,
train,/lambda/nfs/algovirginia/workspace/DeepfakeDetectionRenewed/data/wavefake/generated_audio/ljspeech_parallel_wavegan/LJ014-0160_gen.wav,1,ljspeech_parallel_wavegan,
train,__hf__,0,librispeech,19251
train,/lambda/nfs/algovirginia/workspace/DeepfakeDetectionRenewed/data/wavefake/generated_audio/ljspeech_full_band_melgan/LJ008-0173_gen.wav,1,ljspeech_full_band_melgan,
train,/lambda/nfs/algovirginia/workspace/DeepfakeDetectionRenewed/data/vcc2020/audio/T26/task1/team26_intra-TEF2_SEF1_E30002.wav,1,VCC2020_T26,
train,__hf__,0,librispeech,14075
train,__hf__,0,librispeech,15126
train,__hf__,0,librispeech,10168
train,/lambda/nfs/algovirginia/workspace/DeepfakeDetectionRenewed/data/vcc2020/audio/T25/task1/team25_intra-TEM2_SEM2_E30002.wav,1,VCC2020_T25,
train,/lambda/nfs/algovirginia/workspace/DeepfakeDetectionRenewed/data/wavefake/generated_audio/common_voices_prompts_from_conformer_fastspeech2_pwg_ljspeech/gen_15940.wav,1,common_voices_prompts_from_conformer_fastspeech2_pwg_ljspeech,
train,/lambda/nfs/algovirginia/workspace/DeepfakeDetectionRenewed/data/vcc2020/audio/T17/task1/team17_intra-TEM1_SEF2_E30002.wav,1,VCC2020_T17,
train,__hf__,0,librispeech,5351
train,__hf__,0,librispeech,26234
train,/lambda/nfs/algovirginia/workspace/DeepfakeDetectionRenewed/data/vcc2020/audio/T11/task1/team11_intra-TEF1_SEM1_E30001.wav,1,VCC2020_T11,
train,__hf__,0,librispeech,14141
train,__hf__,0,librispeech,21069
train,__hf__,0,librispeech,16253
train,__hf__,0,librispeech,13342
train,__hf__,0,librispeech,10172
train,__hf__,0,librispeech,15015
train,/lambda/nfs/algovirginia/workspace/DeepfakeDetectionRenewed/data/vcc2020/audio/T17/task1/team17_intra-TEM2_SEM1_E30005.wav,1,VCC2020_T17,
train,/lambda/nfs/algovirginia/workspace/DeepfakeDetectionRenewed/data/wavefake/generated_audio/ljspeech_hifiGAN/LJ048-0208_generated.wav,1,ljspeech_hifiGAN,
train,__hf__,0,librispeech,23692
train,__hf__,0,librispeech,5920
train,__hf__,0,librispeech,3410
train,__hf__,0,librispeech,12503
train,/lambda/nfs/algovirginia/workspace/DeepfakeDetectionRenewed/data/wavefake/generated_audio/ljspeech_hifiGAN/LJ005-0296_generated.wav,1,ljspeech_hifiGAN,
train,__hf__,0,librispeech,10652
train,__hf__,0,librispeech,10293
train,/lambda/nfs/algovirginia/workspace/DeepfakeDetectionRenewed/data/vcc2020/audio/T13/task1/team13_intra-TEM2_SEM1_E30004.wav,1,VCC2020_T13,
train,__hf__,0,librispeech,6547
train,__hf__,0,librispeech,26834
train,/lambda/nfs/algovirginia/workspace/DeepfakeDetectionRenewed/data/wavefake/generated_audio/ljspeech_hifiGAN/LJ018-0343_generated.wav,1,ljspeech_hifiGAN,
train,__hf__,0,librispeech,20743
train,__hf__,0,librispeech,14994
train,__hf__,0,librispeech,20843
train,/lambda/nfs/algovirginia/workspace/DeepfakeDetectionRenewed/data/vcc2020/audio/T20/task1/team20_intra-TEM1_SEM2_E30002.wav,1,VCC2020_T20,
train,/lambda/nfs/algovirginia/workspace/DeepfakeDetectionRenewed/data/vcc2020/audio/T03/task1/team03_intra-TEM1_SEM1_E30003.wav,1,VCC2020_T03,
train,/lambda/nfs/algovirginia/workspace/DeepfakeDetectionRenewed/data/wavefake/generated_audio/ljspeech_parallel_wavegan/LJ013-0231_gen.wav,1,ljspeech_parallel_wavegan,
train,/lambda/nfs/algovirginia/workspace/DeepfakeDetectionRenewed/data/vcc2020/audio/T26/task1/team26_intra-TEM1_SEM2_E30001.wav,1,VCC2020_T26,
train,/lambda/nfs/algovirginia/workspace/DeepfakeDetectionRenewed/data/wavefake/generated_audio/ljspeech_parallel_wavegan/LJ003-0275_gen.wav,1,ljspeech_parallel_wavegan,
train,/lambda/nfs/algovirginia/workspace/DeepfakeDetectionRenewed/data/wavefake/generated_audio/ljspeech_parallel_wavegan/LJ032-0157_gen.wav,1,ljspeech_parallel_wavegan,
train,/lambda/nfs/algovirginia/workspace/DeepfakeDetectionRenewed/data/vcc2020/audio/T06/task1/team06_intra-TEM1_SEM1_E30001.wav,1,VCC2020_T06,
train,__hf__,0,librispeech,20832
train,/lambda/nfs/algovirginia/workspace/DeepfakeDetectionRenewed/data/wavefake/generated_audio/ljspeech_hifiGAN/LJ010-0039_generated.wav,1,ljspeech_hifiGAN,
train,/lambda/nfs/algovirginia/workspace/DeepfakeDetectionRenewed/data/wavefake/generated_audio/common_voices_prompts_from_conformer_fastspeech2_pwg_ljspeech/gen_10078.wav,1,common_voices_prompts_from_conformer_fastspeech2_pwg_ljspeech,
train,__hf__,0,librispeech,22243
train,/lambda/nfs/algovirginia/workspace/DeepfakeDetectionRenewed/data/wavefake/generated_audio/ljspeech_parallel_wavegan/LJ009-0100_gen.wav,1,ljspeech_parallel_wavegan,
train,/lambda/nfs/algovirginia/workspace/DeepfakeDetectionRenewed/data/wavefake/generated_audio/common_voices_prompts_from_conformer_fastspeech2_pwg_ljspeech/gen_5482.wav,1,common_voices_prompts_from_conformer_fastspeech2_pwg_ljspeech,
train,__hf__,0,librispeech,26243
train,/lambda/nfs/algovirginia/workspace/DeepfakeDetectionRenewed/data/wavefake/generated_audio/ljspeech_hifiGAN/LJ014-0192_generated.wav,1,ljspeech_hifiGAN,
train,__hf__,0,librispeech,12944
train,/lambda/nfs/algovirginia/workspace/DeepfakeDetectionRenewed/data/vcc2020/audio/T11/task1/team11_intra-TEM1_SEM2_E30005.wav,1,VCC2020_T11,
train,/lambda/nfs/algovirginia/workspace/DeepfakeDetectionRenewed/data/vcc2020/audio/T14/task1/team14_intra-TEF1_SEM1_E30001.wav,1,VCC2020_T14,
train,/lambda/nfs/algovirginia/workspace/DeepfakeDetectionRenewed/data/vcc2020/audio/T28/task1/team28_intra-TEF2_SEM2_E30003.wav,1,VCC2020_T28,
train,/lambda/nfs/algovirginia/workspace/DeepfakeDetectionRenewed/data/wavefake/generated_audio/ljspeech_parallel_wavegan/LJ024-0113_gen.wav,1,ljspeech_parallel_wavegan,
train,/lambda/nfs/algovirginia/workspace/DeepfakeDetectionRenewed/data/wavefake/generated_audio/ljspeech_full_band_melgan/LJ045-0040_gen.wav,1,ljspeech_full_band_melgan,
train,__hf__,0,librispeech,17213
train,/lambda/nfs/algovirginia/workspace/DeepfakeDetectionRenewed/data/vcc2020/audio/T29/task1/team29_intra-TEM2_SEM1_E30003.wav,1,VCC2020_T29,
train,/lambda/nfs/algovirginia/workspace/DeepfakeDetectionRenewed/data/wavefake/generated_audio/ljspeech_parallel_wavegan/LJ034-0123_gen.wav,1,ljspeech_parallel_wavegan,
train,/lambda/nfs/algovirginia/workspace/DeepfakeDetectionRenewed/data/vcc2020/audio/T28/task1/team28_intra-TEM2_SEF2_E30004.wav,1,VCC2020_T28,
train,/lambda/nfs/algovirginia/workspace/DeepfakeDetectionRenewed/data/wavefake/generated_audio/ljspeech_hifiGAN/LJ040-0087_generated.wav,1,ljspeech_hifiGAN,
train,__hf__,0,librispeech,9454
train,__hf__,0,librispeech,21417
train,/lambda/nfs/algovirginia/workspace/DeepfakeDetectionRenewed/data/vcc2020/audio/T30/task1/team30_intra-TEF1_SEM1_E30003.wav,1,VCC2020_T30,
train,/lambda/nfs/algovirginia/workspace/DeepfakeDetectionRenewed/data/wavefake/generated_audio/ljspeech_parallel_wavegan/LJ002-0097_gen.wav,1,ljspeech_parallel_wavegan,
train,__hf__,0,librispeech,17029
train,__hf__,0,librispeech,22264
train,/lambda/nfs/algovirginia/workspace/DeepfakeDetectionRenewed/data/vcc2020/audio/T01/task1/team01_intra-TEM1_SEM2_E30004.wav,1,VCC2020_T01,
train,__hf__,0,librispeech,12600
train,__hf__,0,librispeech,2776
train,/lambda/nfs/algovirginia/workspace/DeepfakeDetectionRenewed/data/wavefake/generated_audio/common_voices_prompts_from_conformer_fastspeech2_pwg_ljspeech/gen_4955.wav,1,common_voices_prompts_from_conformer_fastspeech2_pwg_ljspeech,
train,__hf__,0,librispeech,27547
train,__hf__,0,librispeech,15716
train,/lambda/nfs/algovirginia/workspace/DeepfakeDetectionRenewed/data/wavefake/generated_audio/ljspeech_hifiGAN/LJ050-0249_generated.wav,1,ljspeech_hifiGAN,
train,/lambda/nfs/algovirginia/workspace/DeepfakeDetectionRenewed/data/vcc2020/audio/T04/task1/team04_intra-TEM1_SEF2_E30005.wav,1,VCC2020_T04,
train,/lambda/nfs/algovirginia/workspace/DeepfakeDetectionRenewed/data/wavefake/generated_audio/ljspeech_parallel_wavegan/LJ003-0268_gen.wav,1,ljspeech_parallel_wavegan,
train,/lambda/nfs/algovirginia/workspace/DeepfakeDetectionRenewed/data/vcc2020/audio/T27/task1/team27_intra-TEM2_SEF1_E30002.wav,1,VCC2020_T27,
train,/lambda/nfs/algovirginia/workspace/DeepfakeDetectionRenewed/data/vcc2020/audio/T17/task1/team17_intra-TEM1_SEM1_E30004.wav,1,VCC2020_T17,
train,/lambda/nfs/algovirginia/workspace/DeepfakeDetectionRenewed/data/vcc2020/audio/T17/task1/team17_intra-TEF2_SEM1_E30002.wav,1,VCC2020_T17,
train,__hf__,0,librispeech,10305
train,__hf__,0,librispeech,27712
train,/lambda/nfs/algovirginia/workspace/DeepfakeDetectionRenewed/data/vcc2020/audio/T32/task1/team32_intra-TEF1_SEM1_E30002.wav,1,VCC2020_T32,
train,__hf__,0,librispeech,24793
train,__hf__,0,librispeech,14651
train,__hf__,0,librispeech,15248
train,__hf__,0,librispeech,21969
train,/lambda/nfs/algovirginia/workspace/DeepfakeDetectionRenewed/data/wavefake/generated_audio/common_voices_prompts_from_conformer_fastspeech2_pwg_ljspeech/gen_6145.wav,1,common_voices_prompts_from_conformer_fastspeech2_pwg_ljspeech,
train,__hf__,0,librispeech,6757
train,__hf__,0,librispeech,22882
train,__hf__,0,librispeech,24300
train,__hf__,0,librispeech,2699
train,__hf__,0,librispeech,5624
train,/lambda/nfs/algovirginia/workspace/DeepfakeDetectionRenewed/data/vcc2020/audio/T14/task1/team14_intra-TEM1_SEM2_E30003.wav,1,VCC2020_T14,
train,/lambda/nfs/algovirginia/workspace/DeepfakeDetectionRenewed/data/wavefake/generated_audio/ljspeech_full_band_melgan/LJ017-0169_gen.wav,1,ljspeech_full_band_melgan,
train,__hf__,0,librispeech,14517
train,__hf__,0,librispeech,2684
train,__hf__,0,librispeech,12434
train,__hf__,0,librispeech,25356
train,/lambda/nfs/algovirginia/workspace/DeepfakeDetectionRenewed/data/vcc2020/audio/T19/task1/team19_intra-TEM2_SEF2_E30002.wav,1,VCC2020_T19,
train,/lambda/nfs/algovirginia/workspace/DeepfakeDetectionRenewed/data/wavefake/generated_audio/common_voices_prompts_from_conformer_fastspeech2_pwg_ljspeech/gen_7688.wav,1,common_voices_prompts_from_conformer_fastspeech2_pwg_ljspeech,
train,__hf__,0,librispeech,6677
train,/lambda/nfs/algovirginia/workspace/DeepfakeDetectionRenewed/data/wavefake/generated_audio/ljspeech_parallel_wavegan/LJ032-0069_gen.wav,1,ljspeech_parallel_wavegan,
train,/lambda/nfs/algovirginia/workspace/DeepfakeDetectionRenewed/data/vcc2020/audio/T01/task1/team01_intra-TEM2_SEF2_E30004.wav,1,VCC2020_T01,
train,__hf__,0,librispeech,23057
train,__hf__,0,librispeech,1247
train,__hf__,0,librispeech,2621
train,/lambda/nfs/algovirginia/workspace/DeepfakeDetectionRenewed/data/vcc2020/audio/T06/task1/team06_intra-TEM2_SEM1_E30004.wav,1,VCC2020_T06,
train,__hf__,0,librispeech,24722
train,/lambda/nfs/algovirginia/workspace/DeepfakeDetectionRenewed/data/vcc2020/audio/T17/task1/team17_intra-TEM2_SEF2_E30005.wav,1,VCC2020_T17,
train,__hf__,0,librispeech,3059
train,/lambda/nfs/algovirginia/workspace/DeepfakeDetectionRenewed/data/wavefake/generated_audio/common_voices_prompts_from_conformer_fastspeech2_pwg_ljspeech/gen_2077.wav,1,common_voices_prompts_from_conformer_fastspeech2_pwg_ljspeech,
train,__hf__,0,librispeech,26001
train,/lambda/nfs/algovirginia/workspace/DeepfakeDetectionRenewed/data/wavefake/generated_audio/ljspeech_parallel_wavegan/LJ018-0212_gen.wav,1,ljspeech_parallel_wavegan,
train,/lambda/nfs/algovirginia/workspace/DeepfakeDetectionRenewed/data/wavefake/generated_audio/ljspeech_hifiGAN/LJ019-0024_generated.wav,1,ljspeech_hifiGAN,
train,/lambda/nfs/algovirginia/workspace/DeepfakeDetectionRenewed/data/wavefake/generated_audio/common_voices_prompts_from_conformer_fastspeech2_pwg_ljspeech/gen_12308.wav,1,common_voices_prompts_from_conformer_fastspeech2_pwg_ljspeech,
train,__hf__,0,librispeech,21535
train,/lambda/nfs/algovirginia/workspace/DeepfakeDetectionRenewed/data/wavefake/generated_audio/ljspeech_full_band_melgan/LJ037-0243_gen.wav,1,ljspeech_full_band_melgan,
train,/lambda/nfs/algovirginia/workspace/DeepfakeDetectionRenewed/data/wavefake/generated_audio/ljspeech_full_band_melgan/LJ044-0180_gen.wav,1,ljspeech_full_band_melgan,
train,__hf__,0,librispeech,17491
train,__hf__,0,librispeech,9736
train,/lambda/nfs/algovirginia/workspace/DeepfakeDetectionRenewed/data/wavefake/generated_audio/ljspeech_hifiGAN/LJ032-0154_generated.wav,1,ljspeech_hifiGAN,
train,/lambda/nfs/algovirginia/workspace/DeepfakeDetectionRenewed/data/wavefake/generated_audio/ljspeech_parallel_wavegan/LJ050-0218_gen.wav,1,ljspeech_parallel_wavegan,
train,/lambda/nfs/algovirginia/workspace/DeepfakeDetectionRenewed/data/wavefake/generated_audio/common_voices_prompts_from_conformer_fastspeech2_pwg_ljspeech/gen_1727.wav,1,common_voices_prompts_from_conformer_fastspeech2_pwg_ljspeech,
train,/lambda/nfs/algovirginia/workspace/DeepfakeDetectionRenewed/data/wavefake/generated_audio/ljspeech_parallel_wavegan/LJ015-0280_gen.wav,1,ljspeech_parallel_wavegan,
train,__hf__,0,librispeech,21208
train,__hf__,0,librispeech,3123
train,/lambda/nfs/algovirginia/workspace/DeepfakeDetectionRenewed/data/vcc2020/audio/T14/task1/team14_intra-TEM1_SEF1_E30003.wav,1,VCC2020_T14,
train,__hf__,0,librispeech,25859
train,/lambda/nfs/algovirginia/workspace/DeepfakeDetectionRenewed/data/vcc2020/audio/T10/task1/team10_intra-TEF2_SEM1_E30005.wav,1,VCC2020_T10,
train,/lambda/nfs/algovirginia/workspace/DeepfakeDetectionRenewed/data/vcc2020/audio/T12/task1/team12_intra-TEF2_SEM2_E30003.wav,1,VCC2020_T12,
train,/lambda/nfs/algovirginia/workspace/DeepfakeDetectionRenewed/data/vcc2020/audio/T13/task1/team13_intra-TEF1_SEM2_E30004.wav,1,VCC2020_T13,
train,/lambda/nfs/algovirginia/workspace/DeepfakeDetectionRenewed/data/vcc2020/audio/T01/task1/team01_intra-TEF2_SEF2_E30004.wav,1,VCC2020_T01,
train,__hf__,0,librispeech,2129
train,__hf__,0,librispeech,17994
train,__hf__,0,librispeech,9398
train,/lambda/nfs/algovirginia/workspace/DeepfakeDetectionRenewed/data/vcc2020/audio/T11/task1/team11_intra-TEM2_SEM2_E30003.wav,1,VCC2020_T11,
train,__hf__,0,librispeech,22603
train,/lambda/nfs/algovirginia/workspace/DeepfakeDetectionRenewed/data/wavefake/generated_audio/common_voices_prompts_from_conformer_fastspeech2_pwg_ljspeech/gen_1966.wav,1,common_voices_prompts_from_conformer_fastspeech2_pwg_ljspeech,
train,__hf__,0,librispeech,18402
train,/lambda/nfs/algovirginia/workspace/DeepfakeDetectionRenewed/data/wavefake/generated_audio/common_voices_prompts_from_conformer_fastspeech2_pwg_ljspeech/gen_9181.wav,1,common_voices_prompts_from_conformer_fastspeech2_pwg_ljspeech,
train,__hf__,0,librispeech,14100
train,/lambda/nfs/algovirginia/workspace/DeepfakeDetectionRenewed/data/vcc2020/audio/T13/task1/team13_intra-TEF1_SEF1_E30002.wav,1,VCC2020_T13,
train,/lambda/nfs/algovirginia/workspace/DeepfakeDetectionRenewed/data/wavefake/generated_audio/ljspeech_hifiGAN/LJ035-0188_generated.wav,1,ljspeech_hifiGAN,
train,/lambda/nfs/algovirginia/workspace/DeepfakeDetectionRenewed/data/wavefake/generated_audio/ljspeech_full_band_melgan/LJ016-0202_gen.wav,1,ljspeech_full_band_melgan,
train,/lambda/nfs/algovirginia/workspace/DeepfakeDetectionRenewed/data/wavefake/generated_audio/ljspeech_parallel_wavegan/LJ037-0136_gen.wav,1,ljspeech_parallel_wavegan,
train,__hf__,0,librispeech,143
train,__hf__,0,librispeech,15731
train,__hf__,0,librispeech,46
train,/lambda/nfs/algovirginia/workspace/DeepfakeDetectionRenewed/data/wavefake/generated_audio/ljspeech_parallel_wavegan/LJ017-0055_gen.wav,1,ljspeech_parallel_wavegan,
train,__hf__,0,librispeech,20025
train,/lambda/nfs/algovirginia/workspace/DeepfakeDetectionRenewed/data/vcc2020/audio/T30/task1/team30_intra-TEM1_SEF2_E30001.wav,1,VCC2020_T30,
train,__hf__,0,librispeech,26228
train,/lambda/nfs/algovirginia/workspace/DeepfakeDetectionRenewed/data/vcc2020/audio/T23/task1/team23_intra-TEM2_SEM2_E30004.wav,1,VCC2020_T23,
train,/lambda/nfs/algovirginia/workspace/DeepfakeDetectionRenewed/data/wavefake/generated_audio/ljspeech_full_band_melgan/LJ043-0045_gen.wav,1,ljspeech_full_band_melgan,
train,/lambda/nfs/algovirginia/workspace/DeepfakeDetectionRenewed/data/wavefake/generated_audio/ljspeech_hifiGAN/LJ040-0200_generated.wav,1,ljspeech_hifiGAN,
train,/lambda/nfs/algovirginia/workspace/DeepfakeDetectionRenewed/data/wavefake/generated_audio/ljspeech_hifiGAN/LJ048-0010_generated.wav,1,ljspeech_hifiGAN,
train,__hf__,0,librispeech,10560
train,/lambda/nfs/algovirginia/workspace/DeepfakeDetectionRenewed/data/vcc2020/audio/T12/task1/team12_intra-TEF2_SEM1_E30004.wav,1,VCC2020_T12,
train,__hf__,0,librispeech,9060
train,/lambda/nfs/algovirginia/workspace/DeepfakeDetectionRenewed/data/vcc2020/audio/T07/task1/team07_intra-TEF1_SEM1_E30004.wav,1,VCC2020_T07,
train,__hf__,0,librispeech,27014
train,__hf__,0,librispeech,23174
train,__hf__,0,librispeech,4734
train,__hf__,0,librispeech,1769
train,/lambda/nfs/algovirginia/workspace/DeepfakeDetectionRenewed/data/wavefake/generated_audio/common_voices_prompts_from_conformer_fastspeech2_pwg_ljspeech/gen_1391.wav,1,common_voices_prompts_from_conformer_fastspeech2_pwg_ljspeech,
train,/lambda/nfs/algovirginia/workspace/DeepfakeDetectionRenewed/data/wavefake/generated_audio/ljspeech_parallel_wavegan/LJ021-0204_gen.wav,1,ljspeech_parallel_wavegan,
train,__hf__,0,librispeech,4418
train,/lambda/nfs/algovirginia/workspace/DeepfakeDetectionRenewed/data/wavefake/generated_audio/common_voices_prompts_from_conformer_fastspeech2_pwg_ljspeech/gen_6040.wav,1,common_voices_prompts_from_conformer_fastspeech2_pwg_ljspeech,
train,__hf__,0,librispeech,1605
train,__hf__,0,librispeech,13416
train,__hf__,0,librispeech,20104
train,/lambda/nfs/algovirginia/workspace/DeepfakeDetectionRenewed/data/wavefake/generated_audio/ljspeech_hifiGAN/LJ028-0214_generated.wav,1,ljspeech_hifiGAN,
train,__hf__,0,librispeech,21772
train,__hf__,0,librispeech,25883
train,__hf__,0,librispeech,7550
train,/lambda/nfs/algovirginia/workspace/DeepfakeDetectionRenewed/data/vcc2020/audio/T31/task1/team31_intra-TEF1_SEF1_E30004.wav,1,VCC2020_T31,
train,/lambda/nfs/algovirginia/workspace/DeepfakeDetectionRenewed/data/vcc2020/audio/T20/task1/team20_intra-TEF2_SEM1_E30005.wav,1,VCC2020_T20,
train,/lambda/nfs/algovirginia/workspace/DeepfakeDetectionRenewed/data/wavefake/generated_audio/common_voices_prompts_from_conformer_fastspeech2_pwg_ljspeech/gen_3747.wav,1,common_voices_prompts_from_conformer_fastspeech2_pwg_ljspeech,
train,__hf__,0,librispeech,3429
train,/lambda/nfs/algovirginia/workspace/DeepfakeDetectionRenewed/data/wavefake/generated_audio/ljspeech_parallel_wavegan/LJ008-0075_gen.wav,1,ljspeech_parallel_wavegan,
train,__hf__,0,librispeech,2820
train,__hf__,0,librispeech,2706
train,__hf__,0,librispeech,18666
train,/lambda/nfs/algovirginia/workspace/DeepfakeDetectionRenewed/data/wavefake/generated_audio/common_voices_prompts_from_conformer_fastspeech2_pwg_ljspeech/gen_14912.wav,1,common_voices_prompts_from_conformer_fastspeech2_pwg_ljspeech,
train,/lambda/nfs/algovirginia/workspace/DeepfakeDetectionRenewed/data/vcc2020/audio/T01/task1/team01_intra-TEF2_SEM2_E30004.wav,1,VCC2020_T01,
train,__hf__,0,librispeech,11942
train,/lambda/nfs/algovirginia/workspace/DeepfakeDetectionRenewed/data/wavefake/generated_audio/common_voices_prompts_from_conformer_fastspeech2_pwg_ljspeech/gen_4493.wav,1,common_voices_prompts_from_conformer_fastspeech2_pwg_ljspeech,
train,/lambda/nfs/algovirginia/workspace/DeepfakeDetectionRenewed/data/wavefake/generated_audio/common_voices_prompts_from_conformer_fastspeech2_pwg_ljspeech/gen_13808.wav,1,common_voices_prompts_from_conformer_fastspeech2_pwg_ljspeech,
train,/lambda/nfs/algovirginia/workspace/DeepfakeDetectionRenewed/data/vcc2020/audio/T12/task1/team12_intra-TEF2_SEF2_E30003.wav,1,VCC2020_T12,
train,/lambda/nfs/algovirginia/workspace/DeepfakeDetectionRenewed/data/vcc2020/audio/T07/task1/team07_intra-TEM2_SEF1_E30002.wav,1,VCC2020_T07,
train,__hf__,0,librispeech,26197
train,/lambda/nfs/algovirginia/workspace/DeepfakeDetectionRenewed/data/vcc2020/audio/T17/task1/team17_intra-TEF1_SEF2_E30005.wav,1,VCC2020_T17,
train,__hf__,0,librispeech,4818
train,/lambda/nfs/algovirginia/workspace/DeepfakeDetectionRenewed/data/vcc2020/audio/T31/task1/team31_intra-TEM2_SEF2_E30002.wav,1,VCC2020_T31,
train,/lambda/nfs/algovirginia/workspace/DeepfakeDetectionRenewed/data/vcc2020/audio/T33/task1/team33_intra-TEM1_SEM2_E30004.wav,1,VCC2020_T33,
train,/lambda/nfs/algovirginia/workspace/DeepfakeDetectionRenewed/data/wavefake/generated_audio/ljspeech_full_band_melgan/LJ050-0178_gen.wav,1,ljspeech_full_band_melgan,
train,/lambda/nfs/algovirginia/workspace/DeepfakeDetectionRenewed/data/wavefake/generated_audio/ljspeech_hifiGAN/LJ011-0121_generated.wav,1,ljspeech_hifiGAN,
train,/lambda/nfs/algovirginia/workspace/DeepfakeDetectionRenewed/data/vcc2020/audio/T13/task1/team13_intra-TEM1_SEM1_E30001.wav,1,VCC2020_T13,
train,/lambda/nfs/algovirginia/workspace/DeepfakeDetectionRenewed/data/wavefake/generated_audio/ljspeech_full_band_melgan/LJ028-0233_gen.wav,1,ljspeech_full_band_melgan,
train,__hf__,0,librispeech,6128
train,__hf__,0,librispeech,2972
train,__hf__,0,librispeech,6735
train,/lambda/nfs/algovirginia/workspace/DeepfakeDetectionRenewed/data/vcc2020/audio/T13/task1/team13_intra-TEF2_SEF1_E30001.wav,1,VCC2020_T13,
train,__hf__,0,librispeech,18108
train,__hf__,0,librispeech,12792
train,__hf__,0,librispeech,9023
train,__hf__,0,librispeech,14921
train,__hf__,0,librispeech,9020
train,/lambda/nfs/algovirginia/workspace/DeepfakeDetectionRenewed/data/vcc2020/audio/T31/task1/team31_intra-TEF2_SEM2_E30003.wav,1,VCC2020_T31,
train,/lambda/nfs/algovirginia/workspace/DeepfakeDetectionRenewed/data/wavefake/generated_audio/ljspeech_full_band_melgan/LJ030-0051_gen.wav,1,ljspeech_full_band_melgan,
train,/lambda/nfs/algovirginia/workspace/DeepfakeDetectionRenewed/data/wavefake/generated_audio/common_voices_prompts_from_conformer_fastspeech2_pwg_ljspeech/gen_7157.wav,1,common_voices_prompts_from_conformer_fastspeech2_pwg_ljspeech,
train,__hf__,0,librispeech,28344
train,__hf__,0,librispeech,18795
train,__hf__,0,librispeech,13509
train,/lambda/nfs/algovirginia/workspace/DeepfakeDetectionRenewed/data/vcc2020/audio/T28/task1/team28_intra-TEF2_SEF2_E30004.wav,1,VCC2020_T28,
train,/lambda/nfs/algovirginia/workspace/DeepfakeDetectionRenewed/data/vcc2020/audio/T32/task1/team32_intra-TEF2_SEM2_E30001.wav,1,VCC2020_T32,
train,/lambda/nfs/algovirginia/workspace/DeepfakeDetectionRenewed/data/wavefake/generated_audio/ljspeech_full_band_melgan/LJ005-0096_gen.wav,1,ljspeech_full_band_melgan,
train,/lambda/nfs/algovirginia/workspace/DeepfakeDetectionRenewed/data/wavefake/generated_audio/common_voices_prompts_from_conformer_fastspeech2_pwg_ljspeech/gen_6704.wav,1,common_voices_prompts_from_conformer_fastspeech2_pwg_ljspeech,
train,__hf__,0,librispeech,13555
train,/lambda/nfs/algovirginia/workspace/DeepfakeDetectionRenewed/data/vcc2020/audio/T24/task1/team24_intra-TEM2_SEF1_E30001.wav,1,VCC2020_T24,
train,__hf__,0,librispeech,1772
train,__hf__,0,librispeech,25155
train,/lambda/nfs/algovirginia/workspace/DeepfakeDetectionRenewed/data/vcc2020/audio/T04/task1/team04_intra-TEM1_SEF1_E30005.wav,1,VCC2020_T04,
train,__hf__,0,librispeech,9228
train,/lambda/nfs/algovirginia/workspace/DeepfakeDetectionRenewed/data/wavefake/generated_audio/common_voices_prompts_from_conformer_fastspeech2_pwg_ljspeech/gen_13558.wav,1,common_voices_prompts_from_conformer_fastspeech2_pwg_ljspeech,
train,/lambda/nfs/algovirginia/workspace/DeepfakeDetectionRenewed/data/vcc2020/audio/T29/task1/team29_intra-TEM2_SEM1_E30004.wav,1,VCC2020_T29,
train,__hf__,0,librispeech,9332
train,__hf__,0,librispeech,10289
train,__hf__,0,librispeech,17878
train,__hf__,0,librispeech,1604
train,__hf__,0,librispeech,23705
train,/lambda/nfs/algovirginia/workspace/DeepfakeDetectionRenewed/data/wavefake/generated_audio/ljspeech_parallel_wavegan/LJ028-0121_gen.wav,1,ljspeech_parallel_wavegan,
train,/lambda/nfs/algovirginia/workspace/DeepfakeDetectionRenewed/data/wavefake/generated_audio/ljspeech_parallel_wavegan/LJ048-0146_gen.wav,1,ljspeech_parallel_wavegan,
train,/lambda/nfs/algovirginia/workspace/DeepfakeDetectionRenewed/data/wavefake/generated_audio/ljspeech_parallel_wavegan/LJ043-0187_gen.wav,1,ljspeech_parallel_wavegan,
train,/lambda/nfs/algovirginia/workspace/DeepfakeDetectionRenewed/data/wavefake/generated_audio/common_voices_prompts_from_conformer_fastspeech2_pwg_ljspeech/gen_10122.wav,1,common_voices_prompts_from_conformer_fastspeech2_pwg_ljspeech,
train,/lambda/nfs/algovirginia/workspace/DeepfakeDetectionRenewed/data/wavefake/generated_audio/ljspeech_hifiGAN/LJ022-0174_generated.wav,1,ljspeech_hifiGAN,
train,/lambda/nfs/algovirginia/workspace/DeepfakeDetectionRenewed/data/vcc2020/audio/T17/task1/team17_intra-TEM2_SEF1_E30002.wav,1,VCC2020_T17,
train,/lambda/nfs/algovirginia/workspace/DeepfakeDetectionRenewed/data/wavefake/generated_audio/ljspeech_hifiGAN/LJ035-0143_generated.wav,1,ljspeech_hifiGAN,
train,__hf__,0,librispeech,24179
train,/lambda/nfs/algovirginia/workspace/DeepfakeDetectionRenewed/data/vcc2020/audio/T14/task1/team14_intra-TEF1_SEM1_E30002.wav,1,VCC2020_T14,
train,/lambda/nfs/algovirginia/workspace/DeepfakeDetectionRenewed/data/wavefake/generated_audio/common_voices_prompts_from_conformer_fastspeech2_pwg_ljspeech/gen_9550.wav,1,common_voices_prompts_from_conformer_fastspeech2_pwg_ljspeech,
train,__hf__,0,librispeech,8729
train,/lambda/nfs/algovirginia/workspace/DeepfakeDetectionRenewed/data/wavefake/generated_audio/ljspeech_full_band_melgan/LJ042-0245_gen.wav,1,ljspeech_full_band_melgan,
train,/lambda/nfs/algovirginia/workspace/DeepfakeDetectionRenewed/data/wavefake/generated_audio/ljspeech_hifiGAN/LJ026-0129_generated.wav,1,ljspeech_hifiGAN,
train,__hf__,0,librispeech,9334
train,/lambda/nfs/algovirginia/workspace/DeepfakeDetectionRenewed/data/wavefake/generated_audio/ljspeech_parallel_wavegan/LJ009-0046_gen.wav,1,ljspeech_parallel_wavegan,
train,/lambda/nfs/algovirginia/workspace/DeepfakeDetectionRenewed/data/vcc2020/audio/T28/task1/team28_intra-TEM2_SEF1_E30002.wav,1,VCC2020_T28,
train,/lambda/nfs/algovirginia/workspace/DeepfakeDetectionRenewed/data/wavefake/generated_audio/ljspeech_hifiGAN/LJ003-0107_generated.wav,1,ljspeech_hifiGAN,
train,/lambda/nfs/algovirginia/workspace/DeepfakeDetectionRenewed/data/vcc2020/audio/T06/task1/team06_intra-TEM2_SEF1_E30005.wav,1,VCC2020_T06,
train,/lambda/nfs/algovirginia/workspace/DeepfakeDetectionRenewed/data/wavefake/generated_audio/ljspeech_full_band_melgan/LJ040-0153_gen.wav,1,ljspeech_full_band_melgan,
train,__hf__,0,librispeech,6578
train,__hf__,0,librispeech,13223
train,/lambda/nfs/algovirginia/workspace/DeepfakeDetectionRenewed/data/vcc2020/audio/T29/task1/team29_intra-TEM1_SEM1_E30001.wav,1,VCC2020_T29,
train,__hf__,0,librispeech,15210
train,/lambda/nfs/algovirginia/workspace/DeepfakeDetectionRenewed/data/wavefake/generated_audio/ljspeech_full_band_melgan/LJ016-0279_gen.wav,1,ljspeech_full_band_melgan,
train,/lambda/nfs/algovirginia/workspace/DeepfakeDetectionRenewed/data/wavefake/generated_audio/common_voices_prompts_from_conformer_fastspeech2_pwg_ljspeech/gen_851.wav,1,common_voices_prompts_from_conformer_fastspeech2_pwg_ljspeech,
train,__hf__,0,librispeech,28338
train,__hf__,0,librispeech,4519
train,/lambda/nfs/algovirginia/workspace/DeepfakeDetectionRenewed/data/vcc2020/audio/T30/task1/team30_intra-TEM1_SEF1_E30004.wav,1,VCC2020_T30,
train,__hf__,0,librispeech,9644
train,/lambda/nfs/algovirginia/workspace/DeepfakeDetectionRenewed/data/wavefake/generated_audio/ljspeech_hifiGAN/LJ044-0055_generated.wav,1,ljspeech_hifiGAN,
train,/lambda/nfs/algovirginia/workspace/DeepfakeDetectionRenewed/data/wavefake/generated_audio/ljspeech_hifiGAN/LJ049-0172_generated.wav,1,ljspeech_hifiGAN,
train,__hf__,0,librispeech,20685
train,/lambda/nfs/algovirginia/workspace/DeepfakeDetectionRenewed/data/wavefake/generated_audio/common_voices_prompts_from_conformer_fastspeech2_pwg_ljspeech/gen_11619.wav,1,common_voices_prompts_from_conformer_fastspeech2_pwg_ljspeech,
train,/lambda/nfs/algovirginia/workspace/DeepfakeDetectionRenewed/data/vcc2020/audio/T09/task1/team09_intra-TEF2_SEM2_E30005.wav,1,VCC2020_T09,
train,__hf__,0,librispeech,18117
train,/lambda/nfs/algovirginia/workspace/DeepfakeDetectionRenewed/data/wavefake/generated_audio/ljspeech_hifiGAN/LJ003-0281_generated.wav,1,ljspeech_hifiGAN,
train,/lambda/nfs/algovirginia/workspace/DeepfakeDetectionRenewed/data/vcc2020/audio/T18/task1/team18_intra-TEM1_SEF2_E30004.wav,1,VCC2020_T18,
train,/lambda/nfs/algovirginia/workspace/DeepfakeDetectionRenewed/data/wavefake/generated_audio/common_voices_prompts_from_conformer_fastspeech2_pwg_ljspeech/gen_4101.wav,1,common_voices_prompts_from_conformer_fastspeech2_pwg_ljspeech,
train,/lambda/nfs/algovirginia/workspace/DeepfakeDetectionRenewed/data/vcc2020/audio/T17/task1/team17_intra-TEM1_SEF2_E30005.wav,1,VCC2020_T17,
train,/lambda/nfs/algovirginia/workspace/DeepfakeDetectionRenewed/data/wavefake/generated_audio/common_voices_prompts_from_conformer_fastspeech2_pwg_ljspeech/gen_15808.wav,1,common_voices_prompts_from_conformer_fastspeech2_pwg_ljspeech,
train,/lambda/nfs/algovirginia/workspace/DeepfakeDetectionRenewed/data/vcc2020/audio/T16/task1/team16_intra-TEF1_SEM2_E30004.wav,1,VCC2020_T16,
train,/lambda/nfs/algovirginia/workspace/DeepfakeDetectionRenewed/data/wavefake/generated_audio/ljspeech_parallel_wavegan/LJ040-0051_gen.wav,1,ljspeech_parallel_wavegan,
train,__hf__,0,librispeech,8888
train,__hf__,0,librispeech,18749
train,__hf__,0,librispeech,5771
train,/lambda/nfs/algovirginia/workspace/DeepfakeDetectionRenewed/data/vcc2020/audio/T06/task1/team06_intra-TEF1_SEF2_E30005.wav,1,VCC2020_T06,
train,__hf__,0,librispeech,24690
train,__hf__,0,librispeech,12242
train,__hf__,0,librispeech,8950
train,__hf__,0,librispeech,26597
train,/lambda/nfs/algovirginia/workspace/DeepfakeDetectionRenewed/data/wavefake/generated_audio/common_voices_prompts_from_conformer_fastspeech2_pwg_ljspeech/gen_3194.wav,1,common_voices_prompts_from_conformer_fastspeech2_pwg_ljspeech,
train,__hf__,0,librispeech,2041
train,__hf__,0,librispeech,11197
train,/lambda/nfs/algovirginia/workspace/DeepfakeDetectionRenewed/data/wavefake/generated_audio/ljspeech_hifiGAN/LJ009-0221_generated.wav,1,ljspeech_hifiGAN,
train,/lambda/nfs/algovirginia/workspace/DeepfakeDetectionRenewed/data/wavefake/generated_audio/ljspeech_full_band_melgan/LJ017-0205_gen.wav,1,ljspeech_full_band_melgan,
train,__hf__,0,librispeech,19706
train,/lambda/nfs/algovirginia/workspace/DeepfakeDetectionRenewed/data/wavefake/generated_audio/ljspeech_hifiGAN/LJ009-0034_generated.wav,1,ljspeech_hifiGAN,
train,/lambda/nfs/algovirginia/workspace/DeepfakeDetectionRenewed/data/wavefake/generated_audio/ljspeech_full_band_melgan/LJ030-0157_gen.wav,1,ljspeech_full_band_melgan,
train,/lambda/nfs/algovirginia/workspace/DeepfakeDetectionRenewed/data/wavefake/generated_audio/ljspeech_full_band_melgan/LJ041-0156_gen.wav,1,ljspeech_full_band_melgan,
train,__hf__,0,librispeech,17661
train,/lambda/nfs/algovirginia/workspace/DeepfakeDetectionRenewed/data/wavefake/generated_audio/common_voices_prompts_from_conformer_fastspeech2_pwg_ljspeech/gen_14328.wav,1,common_voices_prompts_from_conformer_fastspeech2_pwg_ljspeech,
train,/lambda/nfs/algovirginia/workspace/DeepfakeDetectionRenewed/data/wavefake/generated_audio/common_voices_prompts_from_conformer_fastspeech2_pwg_ljspeech/gen_8733.wav,1,common_voices_prompts_from_conformer_fastspeech2_pwg_ljspeech,
train,/lambda/nfs/algovirginia/workspace/DeepfakeDetectionRenewed/data/wavefake/generated_audio/ljspeech_parallel_wavegan/LJ026-0057_gen.wav,1,ljspeech_parallel_wavegan,
train,/lambda/nfs/algovirginia/workspace/DeepfakeDetectionRenewed/data/vcc2020/audio/T28/task1/team28_intra-TEM1_SEF2_E30001.wav,1,VCC2020_T28,
train,/lambda/nfs/algovirginia/workspace/DeepfakeDetectionRenewed/data/wavefake/generated_audio/ljspeech_hifiGAN/LJ012-0119_generated.wav,1,ljspeech_hifiGAN,
train,__hf__,0,librispeech,13206
train,/lambda/nfs/algovirginia/workspace/DeepfakeDetectionRenewed/data/vcc2020/audio/T09/task1/team09_intra-TEF1_SEM2_E30003.wav,1,VCC2020_T09,
train,/lambda/nfs/algovirginia/workspace/DeepfakeDetectionRenewed/data/vcc2020/audio/T06/task1/team06_intra-TEM2_SEM2_E30001.wav,1,VCC2020_T06,
train,/lambda/nfs/algovirginia/workspace/DeepfakeDetectionRenewed/data/wavefake/generated_audio/ljspeech_hifiGAN/LJ049-0222_generated.wav,1,ljspeech_hifiGAN,
train,__hf__,0,librispeech,10080
train,/lambda/nfs/algovirginia/workspace/DeepfakeDetectionRenewed/data/vcc2020/audio/T20/task1/team20_intra-TEM1_SEM2_E30003.wav,1,VCC2020_T20,
train,__hf__,0,librispeech,11038
train,/lambda/nfs/algovirginia/workspace/DeepfakeDetectionRenewed/data/wavefake/generated_audio/ljspeech_hifiGAN/LJ009-0166_generated.wav,1,ljspeech_hifiGAN,
train,/lambda/nfs/algovirginia/workspace/DeepfakeDetectionRenewed/data/wavefake/generated_audio/ljspeech_full_band_melgan/LJ041-0169_gen.wav,1,ljspeech_full_band_melgan,
train,__hf__,0,librispeech,22651
train,__hf__,0,librispeech,1530
train,__hf__,0,librispeech,22905
train,__hf__,0,librispeech,6017
train,/lambda/nfs/algovirginia/workspace/DeepfakeDetectionRenewed/data/vcc2020/audio/T16/task1/team16_intra-TEM2_SEF1_E30002.wav,1,VCC2020_T16,
train,__hf__,0,librispeech,8605
train,/lambda/nfs/algovirginia/workspace/DeepfakeDetectionRenewed/data/vcc2020/audio/T09/task1/team09_intra-TEM2_SEM1_E30003.wav,1,VCC2020_T09,
train,/lambda/nfs/algovirginia/workspace/DeepfakeDetectionRenewed/data/wavefake/generated_audio/ljspeech_parallel_wavegan/LJ045-0189_gen.wav,1,ljspeech_parallel_wavegan,
train,/lambda/nfs/algovirginia/workspace/DeepfakeDetectionRenewed/data/vcc2020/audio/T31/task1/team31_intra-TEM1_SEF1_E30002.wav,1,VCC2020_T31,
train,/lambda/nfs/algovirginia/workspace/DeepfakeDetectionRenewed/data/wavefake/generated_audio/ljspeech_full_band_melgan/LJ005-0159_gen.wav,1,ljspeech_full_band_melgan,
train,__hf__,0,librispeech,18664
train,__hf__,0,librispeech,8560
train,/lambda/nfs/algovirginia/workspace/DeepfakeDetectionRenewed/data/vcc2020/audio/T18/task1/team18_intra-TEF1_SEM1_E30004.wav,1,VCC2020_T18,
train,__hf__,0,librispeech,705
train,/lambda/nfs/algovirginia/workspace/DeepfakeDetectionRenewed/data/wavefake/generated_audio/ljspeech_full_band_melgan/LJ034-0076_gen.wav,1,ljspeech_full_band_melgan,
train,/lambda/nfs/algovirginia/workspace/DeepfakeDetectionRenewed/data/vcc2020/audio/T08/task1/team08_intra-TEF2_SEF1_E30005.wav,1,VCC2020_T08,
train,__hf__,0,librispeech,6498
train,__hf__,0,librispeech,4867
train,__hf__,0,librispeech,15080
train,__hf__,0,librispeech,3602
train,/lambda/nfs/algovirginia/workspace/DeepfakeDetectionRenewed/data/vcc2020/audio/T17/task1/team17_intra-TEM2_SEM2_E30004.wav,1,VCC2020_T17,
train,__hf__,0,librispeech,4550
train,/lambda/nfs/algovirginia/workspace/DeepfakeDetectionRenewed/data/wavefake/generated_audio/common_voices_prompts_from_conformer_fastspeech2_pwg_ljspeech/gen_13591.wav,1,common_voices_prompts_from_conformer_fastspeech2_pwg_ljspeech,
train,__hf__,0,librispeech,10011
train,/lambda/nfs/algovirginia/workspace/DeepfakeDetectionRenewed/data/vcc2020/audio/T19/task1/team19_intra-TEM1_SEM2_E30005.wav,1,VCC2020_T19,
train,__hf__,0,librispeech,17904
train,/lambda/nfs/algovirginia/workspace/DeepfakeDetectionRenewed/data/wavefake/generated_audio/ljspeech_hifiGAN/LJ016-0079_generated.wav,1,ljspeech_hifiGAN,
train,__hf__,0,librispeech,12784
train,__hf__,0,librispeech,21427
train,/lambda/nfs/algovirginia/workspace/DeepfakeDetectionRenewed/data/vcc2020/audio/T17/task1/team17_intra-TEF2_SEM1_E30005.wav,1,VCC2020_T17,
train,__hf__,0,librispeech,6775
train,__hf__,0,librispeech,17011
train,/lambda/nfs/algovirginia/workspace/DeepfakeDetectionRenewed/data/wavefake/generated_audio/ljspeech_full_band_melgan/LJ032-0189_gen.wav,1,ljspeech_full_band_melgan,
train,/lambda/nfs/algovirginia/workspace/DeepfakeDetectionRenewed/data/vcc2020/audio/T29/task1/team29_intra-TEM2_SEF1_E30002.wav,1,VCC2020_T29,
train,/lambda/nfs/algovirginia/workspace/DeepfakeDetectionRenewed/data/vcc2020/audio/T32/task1/team32_intra-TEM2_SEM2_E30003.wav,1,VCC2020_T32,
train,__hf__,0,librispeech,8728
train,__hf__,0,librispeech,23425
train,/lambda/nfs/algovirginia/workspace/DeepfakeDetectionRenewed/data/vcc2020/audio/T03/task1/team03_intra-TEF2_SEM1_E30003.wav,1,VCC2020_T03,
train,/lambda/nfs/algovirginia/workspace/DeepfakeDetectionRenewed/data/wavefake/generated_audio/common_voices_prompts_from_conformer_fastspeech2_pwg_ljspeech/gen_6824.wav,1,common_voices_prompts_from_conformer_fastspeech2_pwg_ljspeech,
train,/lambda/nfs/algovirginia/workspace/DeepfakeDetectionRenewed/data/wavefake/generated_audio/common_voices_prompts_from_conformer_fastspeech2_pwg_ljspeech/gen_7605.wav,1,common_voices_prompts_from_conformer_fastspeech2_pwg_ljspeech,
train,/lambda/nfs/algovirginia/workspace/DeepfakeDetectionRenewed/data/wavefake/generated_audio/ljspeech_parallel_wavegan/LJ009-0255_gen.wav,1,ljspeech_parallel_wavegan,
train,__hf__,0,librispeech,18694
train,__hf__,0,librispeech,23295
train,/lambda/nfs/algovirginia/workspace/DeepfakeDetectionRenewed/data/wavefake/generated_audio/ljspeech_hifiGAN/LJ027-0100_generated.wav,1,ljspeech_hifiGAN,
train,__hf__,0,librispeech,19817
train,/lambda/nfs/algovirginia/workspace/DeepfakeDetectionRenewed/data/vcc2020/audio/T12/task1/team12_intra-TEM1_SEM2_E30003.wav,1,VCC2020_T12,
train,__hf__,0,librispeech,1072
train,/lambda/nfs/algovirginia/workspace/DeepfakeDetectionRenewed/data/vcc2020/audio/T06/task1/team06_intra-TEM2_SEM2_E30005.wav,1,VCC2020_T06,
train,/lambda/nfs/algovirginia/workspace/DeepfakeDetectionRenewed/data/wavefake/generated_audio/ljspeech_full_band_melgan/LJ045-0141_gen.wav,1,ljspeech_full_band_melgan,
train,/lambda/nfs/algovirginia/workspace/DeepfakeDetectionRenewed/data/wavefake/generated_audio/ljspeech_hifiGAN/LJ023-0090_generated.wav,1,ljspeech_hifiGAN,
train,/lambda/nfs/algovirginia/workspace/DeepfakeDetectionRenewed/data/wavefake/generated_audio/ljspeech_parallel_wavegan/LJ010-0221_gen.wav,1,ljspeech_parallel_wavegan,
train,__hf__,0,librispeech,7709
train,__hf__,0,librispeech,13226
train,__hf__,0,librispeech,3618
train,/lambda/nfs/algovirginia/workspace/DeepfakeDetectionRenewed/data/vcc2020/audio/T17/task1/team17_intra-TEF2_SEF1_E30005.wav,1,VCC2020_T17,
train,__hf__,0,librispeech,19944
train,__hf__,0,librispeech,8185
train,__hf__,0,librispeech,26254
train,__hf__,0,librispeech,5800
train,__hf__,0,librispeech,25923
train,/lambda/nfs/algovirginia/workspace/DeepfakeDetectionRenewed/data/wavefake/generated_audio/ljspeech_hifiGAN/LJ011-0145_generated.wav,1,ljspeech_hifiGAN,
train,__hf__,0,librispeech,6433
train,__hf__,0,librispeech,25918
train,/lambda/nfs/algovirginia/workspace/DeepfakeDetectionRenewed/data/vcc2020/audio/T31/task1/team31_intra-TEF2_SEM1_E30001.wav,1,VCC2020_T31,
train,__hf__,0,librispeech,23940
train,/lambda/nfs/algovirginia/workspace/DeepfakeDetectionRenewed/data/vcc2020/audio/T29/task1/team29_intra-TEM2_SEF2_E30003.wav,1,VCC2020_T29,
train,__hf__,0,librispeech,15079
train,/lambda/nfs/algovirginia/workspace/DeepfakeDetectionRenewed/data/vcc2020/audio/T16/task1/team16_intra-TEF2_SEF2_E30001.wav,1,VCC2020_T16,
train,/lambda/nfs/algovirginia/workspace/DeepfakeDetectionRenewed/data/vcc2020/audio/T28/task1/team28_intra-TEF2_SEM2_E30004.wav,1,VCC2020_T28,
train,/lambda/nfs/algovirginia/workspace/DeepfakeDetectionRenewed/data/wavefake/generated_audio/ljspeech_hifiGAN/LJ049-0120_generated.wav,1,ljspeech_hifiGAN,
train,/lambda/nfs/algovirginia/workspace/DeepfakeDetectionRenewed/data/wavefake/generated_audio/common_voices_prompts_from_conformer_fastspeech2_pwg_ljspeech/gen_14344.wav,1,common_voices_prompts_from_conformer_fastspeech2_pwg_ljspeech,
train,__hf__,0,librispeech,3796
train,/lambda/nfs/algovirginia/workspace/DeepfakeDetectionRenewed/data/vcc2020/audio/T13/task1/team13_intra-TEM1_SEM1_E30005.wav,1,VCC2020_T13,
train,/lambda/nfs/algovirginia/workspace/DeepfakeDetectionRenewed/data/vcc2020/audio/T23/task1/team23_intra-TEM1_SEF2_E30003.wav,1,VCC2020_T23,
train,__hf__,0,librispeech,1025
train,__hf__,0,librispeech,1945
train,__hf__,0,librispeech,21856
train,/lambda/nfs/algovirginia/workspace/DeepfakeDetectionRenewed/data/wavefake/generated_audio/ljspeech_full_band_melgan/LJ042-0238_gen.wav,1,ljspeech_full_band_melgan,
train,/lambda/nfs/algovirginia/workspace/DeepfakeDetectionRenewed/data/vcc2020/audio/T06/task1/team06_intra-TEM1_SEM2_E30005.wav,1,VCC2020_T06,
train,__hf__,0,librispeech,21575
train,/lambda/nfs/algovirginia/workspace/DeepfakeDetectionRenewed/data/wavefake/generated_audio/ljspeech_parallel_wavegan/LJ001-0171_gen.wav,1,ljspeech_parallel_wavegan,
train,__hf__,0,librispeech,5459
train,__hf__,0,librispeech,16962
train,/lambda/nfs/algovirginia/workspace/DeepfakeDetectionRenewed/data/wavefake/generated_audio/ljspeech_full_band_melgan/LJ047-0128_gen.wav,1,ljspeech_full_band_melgan,
train,/lambda/nfs/algovirginia/workspace/DeepfakeDetectionRenewed/data/wavefake/generated_audio/ljspeech_parallel_wavegan/LJ040-0220_gen.wav,1,ljspeech_parallel_wavegan,
train,__hf__,0,librispeech,23513
train,__hf__,0,librispeech,9901
train,/lambda/nfs/algovirginia/workspace/DeepfakeDetectionRenewed/data/vcc2020/audio/T07/task1/team07_intra-TEM1_SEF1_E30001.wav,1,VCC2020_T07,
train,/lambda/nfs/algovirginia/workspace/DeepfakeDetectionRenewed/data/vcc2020/audio/T31/task1/team31_intra-TEF2_SEM2_E30005.wav,1,VCC2020_T31,
train,/lambda/nfs/algovirginia/workspace/DeepfakeDetectionRenewed/data/wavefake/generated_audio/ljspeech_parallel_wavegan/LJ044-0105_gen.wav,1,ljspeech_parallel_wavegan,
train,__hf__,0,librispeech,24099
train,/lambda/nfs/algovirginia/workspace/DeepfakeDetectionRenewed/data/vcc2020/audio/T07/task1/team07_intra-TEF2_SEF1_E30003.wav,1,VCC2020_T07,
train,/lambda/nfs/algovirginia/workspace/DeepfakeDetectionRenewed/data/vcc2020/audio/T30/task1/team30_intra-TEF2_SEF2_E30005.wav,1,VCC2020_T30,
train,__hf__,0,librispeech,10602
train,/lambda/nfs/algovirginia/workspace/DeepfakeDetectionRenewed/data/wavefake/generated_audio/ljspeech_parallel_wavegan/LJ038-0161_gen.wav,1,ljspeech_parallel_wavegan,
train,/lambda/nfs/algovirginia/workspace/DeepfakeDetectionRenewed/data/wavefake/generated_audio/ljspeech_hifiGAN/LJ008-0278_generated.wav,1,ljspeech_hifiGAN,
train,__hf__,0,librispeech,27859
train,/lambda/nfs/algovirginia/workspace/DeepfakeDetectionRenewed/data/wavefake/generated_audio/ljspeech_full_band_melgan/LJ048-0032_gen.wav,1,ljspeech_full_band_melgan,
train,/lambda/nfs/algovirginia/workspace/DeepfakeDetectionRenewed/data/wavefake/generated_audio/ljspeech_parallel_wavegan/LJ015-0158_gen.wav,1,ljspeech_parallel_wavegan,
train,__hf__,0,librispeech,21294
train,__hf__,0,librispeech,21147
train,__hf__,0,librispeech,18151
train,__hf__,0,librispeech,8792
train,/lambda/nfs/algovirginia/workspace/DeepfakeDetectionRenewed/data/vcc2020/audio/T04/task1/team04_intra-TEM1_SEM2_E30001.wav,1,VCC2020_T04,
train,/lambda/nfs/algovirginia/workspace/DeepfakeDetectionRenewed/data/vcc2020/audio/T10/task1/team10_intra-TEM2_SEF2_E30003.wav,1,VCC2020_T10,
train,__hf__,0,librispeech,10062
train,__hf__,0,librispeech,11016
train,__hf__,0,librispeech,17237
train,__hf__,0,librispeech,20662
train,__hf__,0,librispeech,121
train,/lambda/nfs/algovirginia/workspace/DeepfakeDetectionRenewed/data/vcc2020/audio/T23/task1/team23_intra-TEM2_SEF2_E30003.wav,1,VCC2020_T23,
train,__hf__,0,librispeech,15220
train,__hf__,0,librispeech,17059
train,__hf__,0,librispeech,6652
train,/lambda/nfs/algovirginia/workspace/DeepfakeDetectionRenewed/data/wavefake/generated_audio/ljspeech_hifiGAN/LJ029-0094_generated.wav,1,ljspeech_hifiGAN,
train,__hf__,0,librispeech,8373
train,__hf__,0,librispeech,6722
train,/lambda/nfs/algovirginia/workspace/DeepfakeDetectionRenewed/data/vcc2020/audio/T13/task1/team13_intra-TEM1_SEF1_E30003.wav,1,VCC2020_T13,
train,__hf__,0,librispeech,16358
train,/lambda/nfs/algovirginia/workspace/DeepfakeDetectionRenewed/data/wavefake/generated_audio/ljspeech_hifiGAN/LJ031-0180_generated.wav,1,ljspeech_hifiGAN,
train,__hf__,0,librispeech,22669
train,__hf__,0,librispeech,9414
train,/lambda/nfs/algovirginia/workspace/DeepfakeDetectionRenewed/data/wavefake/generated_audio/ljspeech_hifiGAN/LJ049-0127_generated.wav,1,ljspeech_hifiGAN,
train,__hf__,0,librispeech,17528
train,__hf__,0,librispeech,3141
train,/lambda/nfs/algovirginia/workspace/DeepfakeDetectionRenewed/data/vcc2020/audio/T21/task1/team21_intra-TEM1_SEF1_E30004.wav,1,VCC2020_T21,
train,__hf__,0,librispeech,25294
train,/lambda/nfs/algovirginia/workspace/DeepfakeDetectionRenewed/data/vcc2020/audio/T31/task1/team31_intra-TEM2_SEM2_E30001.wav,1,VCC2020_T31,
train,/lambda/nfs/algovirginia/workspace/DeepfakeDetectionRenewed/data/vcc2020/audio/T28/task1/team28_intra-TEF1_SEF2_E30005.wav,1,VCC2020_T28,
train,/lambda/nfs/algovirginia/workspace/DeepfakeDetectionRenewed/data/vcc2020/audio/T03/task1/team03_intra-TEM1_SEM2_E30002.wav,1,VCC2020_T03,
train,__hf__,0,librispeech,13524
train,__hf__,0,librispeech,16954
train,__hf__,0,librispeech,15221
train,__hf__,0,librispeech,2947
train,__hf__,0,librispeech,22843
train,/lambda/nfs/algovirginia/workspace/DeepfakeDetectionRenewed/data/wavefake/generated_audio/ljspeech_hifiGAN/LJ030-0224_generated.wav,1,ljspeech_hifiGAN,
train,__hf__,0,librispeech,13964
train,/lambda/nfs/algovirginia/workspace/DeepfakeDetectionRenewed/data/vcc2020/audio/T25/task1/team25_intra-TEM1_SEF2_E30001.wav,1,VCC2020_T25,
train,/lambda/nfs/algovirginia/workspace/DeepfakeDetectionRenewed/data/vcc2020/audio/T01/task1/team01_intra-TEM2_SEM2_E30002.wav,1,VCC2020_T01,
train,/lambda/nfs/algovirginia/workspace/DeepfakeDetectionRenewed/data/vcc2020/audio/T12/task1/team12_intra-TEM2_SEF2_E30004.wav,1,VCC2020_T12,
train,__hf__,0,librispeech,10139
train,__hf__,0,librispeech,21773
train,/lambda/nfs/algovirginia/workspace/DeepfakeDetectionRenewed/data/wavefake/generated_audio/ljspeech_hifiGAN/LJ037-0133_generated.wav,1,ljspeech_hifiGAN,
train,/lambda/nfs/algovirginia/workspace/DeepfakeDetectionRenewed/data/vcc2020/audio/T13/task1/team13_intra-TEF2_SEF1_E30004.wav,1,VCC2020_T13,
train,__hf__,0,librispeech,1393
train,/lambda/nfs/algovirginia/workspace/DeepfakeDetectionRenewed/data/vcc2020/audio/T16/task1/team16_intra-TEM1_SEM2_E30001.wav,1,VCC2020_T16,
train,__hf__,0,librispeech,11784
train,/lambda/nfs/algovirginia/workspace/DeepfakeDetectionRenewed/data/wavefake/generated_audio/common_voices_prompts_from_conformer_fastspeech2_pwg_ljspeech/gen_9958.wav,1,common_voices_prompts_from_conformer_fastspeech2_pwg_ljspeech,
train,/lambda/nfs/algovirginia/workspace/DeepfakeDetectionRenewed/data/vcc2020/audio/T06/task1/team06_intra-TEF1_SEM2_E30002.wav,1,VCC2020_T06,
train,/lambda/nfs/algovirginia/workspace/DeepfakeDetectionRenewed/data/wavefake/generated_audio/common_voices_prompts_from_conformer_fastspeech2_pwg_ljspeech/gen_956.wav,1,common_voices_prompts_from_conformer_fastspeech2_pwg_ljspeech,
train,__hf__,0,librispeech,17751
train,/lambda/nfs/algovirginia/workspace/DeepfakeDetectionRenewed/data/wavefake/generated_audio/ljspeech_full_band_melgan/LJ003-0292_gen.wav,1,ljspeech_full_band_melgan,
train,/lambda/nfs/algovirginia/workspace/DeepfakeDetectionRenewed/data/wavefake/generated_audio/ljspeech_parallel_wavegan/LJ047-0202_gen.wav,1,ljspeech_parallel_wavegan,
train,__hf__,0,librispeech,7542
train,/lambda/nfs/algovirginia/workspace/DeepfakeDetectionRenewed/data/wavefake/generated_audio/common_voices_prompts_from_conformer_fastspeech2_pwg_ljspeech/gen_4547.wav,1,common_voices_prompts_from_conformer_fastspeech2_pwg_ljspeech,
train,/lambda/nfs/algovirginia/workspace/DeepfakeDetectionRenewed/data/wavefake/generated_audio/ljspeech_full_band_melgan/LJ046-0237_gen.wav,1,ljspeech_full_band_melgan,
train,/lambda/nfs/algovirginia/workspace/DeepfakeDetectionRenewed/data/wavefake/generated_audio/common_voices_prompts_from_conformer_fastspeech2_pwg_ljspeech/gen_7924.wav,1,common_voices_prompts_from_conformer_fastspeech2_pwg_ljspeech,
train,/lambda/nfs/algovirginia/workspace/DeepfakeDetectionRenewed/data/wavefake/generated_audio/ljspeech_hifiGAN/LJ037-0255_generated.wav,1,ljspeech_hifiGAN,
train,__hf__,0,librispeech,9031
train,/lambda/nfs/algovirginia/workspace/DeepfakeDetectionRenewed/data/vcc2020/audio/T08/task1/team08_intra-TEM1_SEM2_E30003.wav,1,VCC2020_T08,
train,/lambda/nfs/algovirginia/workspace/DeepfakeDetectionRenewed/data/wavefake/generated_audio/ljspeech_hifiGAN/LJ009-0109_generated.wav,1,ljspeech_hifiGAN,
train,__hf__,0,librispeech,9109
train,/lambda/nfs/algovirginia/workspace/DeepfakeDetectionRenewed/data/wavefake/generated_audio/ljspeech_hifiGAN/LJ005-0166_generated.wav,1,ljspeech_hifiGAN,
train,__hf__,0,librispeech,25902
train,__hf__,0,librispeech,228
train,/lambda/nfs/algovirginia/workspace/DeepfakeDetectionRenewed/data/wavefake/generated_audio/ljspeech_hifiGAN/LJ045-0126_generated.wav,1,ljspeech_hifiGAN,
train,/lambda/nfs/algovirginia/workspace/DeepfakeDetectionRenewed/data/wavefake/generated_audio/ljspeech_hifiGAN/LJ013-0219_generated.wav,1,ljspeech_hifiGAN,
train,__hf__,0,librispeech,19747
train,__hf__,0,librispeech,16017
train,__hf__,0,librispeech,26107
train,/lambda/nfs/algovirginia/workspace/DeepfakeDetectionRenewed/data/vcc2020/audio/T26/task1/team26_intra-TEM2_SEF1_E30001.wav,1,VCC2020_T26,
train,/lambda/nfs/algovirginia/workspace/DeepfakeDetectionRenewed/data/wavefake/generated_audio/common_voices_prompts_from_conformer_fastspeech2_pwg_ljspeech/gen_9230.wav,1,common_voices_prompts_from_conformer_fastspeech2_pwg_ljspeech,
train,__hf__,0,librispeech,19407
train,/lambda/nfs/algovirginia/workspace/DeepfakeDetectionRenewed/data/vcc2020/audio/T23/task1/team23_intra-TEM1_SEM2_E30005.wav,1,VCC2020_T23,
train,/lambda/nfs/algovirginia/workspace/DeepfakeDetectionRenewed/data/wavefake/generated_audio/ljspeech_full_band_melgan/LJ001-0033_gen.wav,1,ljspeech_full_band_melgan,
train,__hf__,0,librispeech,21711
train,/lambda/nfs/algovirginia/workspace/DeepfakeDetectionRenewed/data/vcc2020/audio/T24/task1/team24_intra-TEM1_SEM2_E30001.wav,1,VCC2020_T24,
train,__hf__,0,librispeech,26099
train,__hf__,0,librispeech,25595
train,/lambda/nfs/algovirginia/workspace/DeepfakeDetectionRenewed/data/wavefake/generated_audio/ljspeech_hifiGAN/LJ004-0212_generated.wav,1,ljspeech_hifiGAN,
train,__hf__,0,librispeech,4912
train,__hf__,0,librispeech,18201
train,__hf__,0,librispeech,11480
train,__hf__,0,librispeech,19400
train,__hf__,0,librispeech,28315
train,__hf__,0,librispeech,25863
train,__hf__,0,librispeech,3789
train,/lambda/nfs/algovirginia/workspace/DeepfakeDetectionRenewed/data/wavefake/generated_audio/common_voices_prompts_from_conformer_fastspeech2_pwg_ljspeech/gen_4628.wav,1,common_voices_prompts_from_conformer_fastspeech2_pwg_ljspeech,
train,__hf__,0,librispeech,13535
train,/lambda/nfs/algovirginia/workspace/DeepfakeDetectionRenewed/data/wavefake/generated_audio/ljspeech_parallel_wavegan/LJ043-0128_gen.wav,1,ljspeech_parallel_wavegan,
train,__hf__,0,librispeech,635
train,__hf__,0,librispeech,11440
train,__hf__,0,librispeech,8517
train,/lambda/nfs/algovirginia/workspace/DeepfakeDetectionRenewed/data/vcc2020/audio/T14/task1/team14_intra-TEF1_SEM1_E30005.wav,1,VCC2020_T14,
train,/lambda/nfs/algovirginia/workspace/DeepfakeDetectionRenewed/data/wavefake/generated_audio/ljspeech_parallel_wavegan/LJ045-0223_gen.wav,1,ljspeech_parallel_wavegan,
train,/lambda/nfs/algovirginia/workspace/DeepfakeDetectionRenewed/data/wavefake/generated_audio/common_voices_prompts_from_conformer_fastspeech2_pwg_ljspeech/gen_5190.wav,1,common_voices_prompts_from_conformer_fastspeech2_pwg_ljspeech,
train,/lambda/nfs/algovirginia/workspace/DeepfakeDetectionRenewed/data/vcc2020/audio/T17/task1/team17_intra-TEM2_SEM1_E30004.wav,1,VCC2020_T17,
train,__hf__,0,librispeech,4273
train,__hf__,0,librispeech,6183
train,/lambda/nfs/algovirginia/workspace/DeepfakeDetectionRenewed/data/wavefake/generated_audio/common_voices_prompts_from_conformer_fastspeech2_pwg_ljspeech/gen_9729.wav,1,common_voices_prompts_from_conformer_fastspeech2_pwg_ljspeech,
train,__hf__,0,librispeech,2401
train,/lambda/nfs/algovirginia/workspace/DeepfakeDetectionRenewed/data/wavefake/generated_audio/common_voices_prompts_from_conformer_fastspeech2_pwg_ljspeech/gen_8261.wav,1,common_voices_prompts_from_conformer_fastspeech2_pwg_ljspeech,
train,__hf__,0,librispeech,17847
train,/lambda/nfs/algovirginia/workspace/DeepfakeDetectionRenewed/data/vcc2020/audio/T33/task1/team33_intra-TEF1_SEF2_E30001.wav,1,VCC2020_T33,
train,/lambda/nfs/algovirginia/workspace/DeepfakeDetectionRenewed/data/vcc2020/audio/T10/task1/team10_intra-TEF2_SEM1_E30003.wav,1,VCC2020_T10,
train,__hf__,0,librispeech,7237
train,__hf__,0,librispeech,22193
train,/lambda/nfs/algovirginia/workspace/DeepfakeDetectionRenewed/data/vcc2020/audio/T20/task1/team20_intra-TEM2_SEF1_E30002.wav,1,VCC2020_T20,
train,__hf__,0,librispeech,16652
train,__hf__,0,librispeech,24772
train,/lambda/nfs/algovirginia/workspace/DeepfakeDetectionRenewed/data/vcc2020/audio/T01/task1/team01_intra-TEM2_SEF2_E30003.wav,1,VCC2020_T01,
train,__hf__,0,librispeech,11581
train,__hf__,0,librispeech,21374
train,__hf__,0,librispeech,11311
train,__hf__,0,librispeech,22769
train,/lambda/nfs/algovirginia/workspace/DeepfakeDetectionRenewed/data/vcc2020/audio/T19/task1/team19_intra-TEM1_SEM1_E30004.wav,1,VCC2020_T19,
train,/lambda/nfs/algovirginia/workspace/DeepfakeDetectionRenewed/data/vcc2020/audio/T27/task1/team27_intra-TEM1_SEF2_E30005.wav,1,VCC2020_T27,
train,/lambda/nfs/algovirginia/workspace/DeepfakeDetectionRenewed/data/wavefake/generated_audio/ljspeech_hifiGAN/LJ032-0183_generated.wav,1,ljspeech_hifiGAN,
train,__hf__,0,librispeech,25329
train,/lambda/nfs/algovirginia/workspace/DeepfakeDetectionRenewed/data/vcc2020/audio/T16/task1/team16_intra-TEM1_SEM2_E30005.wav,1,VCC2020_T16,
train,/lambda/nfs/algovirginia/workspace/DeepfakeDetectionRenewed/data/vcc2020/audio/T09/task1/team09_intra-TEF2_SEM1_E30002.wav,1,VCC2020_T09,
train,__hf__,0,librispeech,14455
train,__hf__,0,librispeech,22970
train,/lambda/nfs/algovirginia/workspace/DeepfakeDetectionRenewed/data/wavefake/generated_audio/ljspeech_hifiGAN/LJ044-0137_generated.wav,1,ljspeech_hifiGAN,
train,/lambda/nfs/algovirginia/workspace/DeepfakeDetectionRenewed/data/vcc2020/audio/T29/task1/team29_intra-TEM2_SEF2_E30004.wav,1,VCC2020_T29,
train,__hf__,0,librispeech,2034
train,__hf__,0,librispeech,21939
train,__hf__,0,librispeech,26905
train,__hf__,0,librispeech,3347
train,__hf__,0,librispeech,20462
train,__hf__,0,librispeech,22897
train,__hf__,0,librispeech,20652
train,__hf__,0,librispeech,14164
train,/lambda/nfs/algovirginia/workspace/DeepfakeDetectionRenewed/data/vcc2020/audio/T32/task1/team32_intra-TEM1_SEF2_E30004.wav,1,VCC2020_T32,
train,__hf__,0,librispeech,10423
train,__hf__,0,librispeech,3210
train,/lambda/nfs/algovirginia/workspace/DeepfakeDetectionRenewed/data/wavefake/generated_audio/common_voices_prompts_from_conformer_fastspeech2_pwg_ljspeech/gen_4219.wav,1,common_voices_prompts_from_conformer_fastspeech2_pwg_ljspeech,
train,__hf__,0,librispeech,15822
train,/lambda/nfs/algovirginia/workspace/DeepfakeDetectionRenewed/data/wavefake/generated_audio/ljspeech_parallel_wavegan/LJ011-0063_gen.wav,1,ljspeech_parallel_wavegan,
train,__hf__,0,librispeech,6272
train,__hf__,0,librispeech,16025
train,/lambda/nfs/algovirginia/workspace/DeepfakeDetectionRenewed/data/vcc2020/audio/T03/task1/team03_intra-TEM2_SEM2_E30004.wav,1,VCC2020_T03,
train,__hf__,0,librispeech,2123
train,/lambda/nfs/algovirginia/workspace/DeepfakeDetectionRenewed/data/wavefake/generated_audio/ljspeech_full_band_melgan/LJ018-0382_gen.wav,1,ljspeech_full_band_melgan,
train,/lambda/nfs/algovirginia/workspace/DeepfakeDetectionRenewed/data/vcc2020/audio/T19/task1/team19_intra-TEF2_SEF1_E30002.wav,1,VCC2020_T19,
train,__hf__,0,librispeech,7771
train,__hf__,0,librispeech,8259
train,__hf__,0,librispeech,13185
train,__hf__,0,librispeech,531
train,__hf__,0,librispeech,11571
train,__hf__,0,librispeech,18271
train,/lambda/nfs/algovirginia/workspace/DeepfakeDetectionRenewed/data/vcc2020/audio/T02/task1/team02_intra-TEM2_SEM2_E30004.wav,1,VCC2020_T02,
train,__hf__,0,librispeech,13562
train,/lambda/nfs/algovirginia/workspace/DeepfakeDetectionRenewed/data/wavefake/generated_audio/ljspeech_hifiGAN/LJ018-0054_generated.wav,1,ljspeech_hifiGAN,
train,/lambda/nfs/algovirginia/workspace/DeepfakeDetectionRenewed/data/wavefake/generated_audio/ljspeech_hifiGAN/LJ015-0059_generated.wav,1,ljspeech_hifiGAN,
train,__hf__,0,librispeech,28016
train,__hf__,0,librispeech,26174
train,/lambda/nfs/algovirginia/workspace/DeepfakeDetectionRenewed/data/vcc2020/audio/T13/task1/team13_intra-TEF2_SEF2_E30001.wav,1,VCC2020_T13,
train,__hf__,0,librispeech,11067
train,/lambda/nfs/algovirginia/workspace/DeepfakeDetectionRenewed/data/vcc2020/audio/T10/task1/team10_intra-TEF1_SEF1_E30002.wav,1,VCC2020_T10,
train,/lambda/nfs/algovirginia/workspace/DeepfakeDetectionRenewed/data/wavefake/generated_audio/ljspeech_full_band_melgan/LJ046-0241_gen.wav,1,ljspeech_full_band_melgan,
train,/lambda/nfs/algovirginia/workspace/DeepfakeDetectionRenewed/data/vcc2020/audio/T19/task1/team19_intra-TEM1_SEF2_E30002.wav,1,VCC2020_T19,
train,__hf__,0,librispeech,5893
train,/lambda/nfs/algovirginia/workspace/DeepfakeDetectionRenewed/data/wavefake/generated_audio/ljspeech_full_band_melgan/LJ028-0272_gen.wav,1,ljspeech_full_band_melgan,
train,__hf__,0,librispeech,4810
train,/lambda/nfs/algovirginia/workspace/DeepfakeDetectionRenewed/data/wavefake/generated_audio/common_voices_prompts_from_conformer_fastspeech2_pwg_ljspeech/gen_4625.wav,1,common_voices_prompts_from_conformer_fastspeech2_pwg_ljspeech,
train,/lambda/nfs/algovirginia/workspace/DeepfakeDetectionRenewed/data/wavefake/generated_audio/ljspeech_parallel_wavegan/LJ045-0124_gen.wav,1,ljspeech_parallel_wavegan,
train,/lambda/nfs/algovirginia/workspace/DeepfakeDetectionRenewed/data/vcc2020/audio/T24/task1/team24_intra-TEM1_SEF1_E30001.wav,1,VCC2020_T24,
train,/lambda/nfs/algovirginia/workspace/DeepfakeDetectionRenewed/data/vcc2020/audio/T08/task1/team08_intra-TEF2_SEM2_E30005.wav,1,VCC2020_T08,
train,/lambda/nfs/algovirginia/workspace/DeepfakeDetectionRenewed/data/vcc2020/audio/T28/task1/team28_intra-TEM2_SEM2_E30001.wav,1,VCC2020_T28,
train,/lambda/nfs/algovirginia/workspace/DeepfakeDetectionRenewed/data/wavefake/generated_audio/ljspeech_hifiGAN/LJ004-0124_generated.wav,1,ljspeech_hifiGAN,
train,/lambda/nfs/algovirginia/workspace/DeepfakeDetectionRenewed/data/vcc2020/audio/T16/task1/team16_intra-TEF1_SEF1_E30002.wav,1,VCC2020_T16,
train,/lambda/nfs/algovirginia/workspace/DeepfakeDetectionRenewed/data/vcc2020/audio/T10/task1/team10_intra-TEF1_SEF2_E30005.wav,1,VCC2020_T10,
train,__hf__,0,librispeech,8979
train,__hf__,0,librispeech,11567
train,/lambda/nfs/algovirginia/workspace/DeepfakeDetectionRenewed/data/vcc2020/audio/T01/task1/team01_intra-TEM1_SEM2_E30005.wav,1,VCC2020_T01,
train,__hf__,0,librispeech,12231
train,__hf__,0,librispeech,3461
train,/lambda/nfs/algovirginia/workspace/DeepfakeDetectionRenewed/data/wavefake/generated_audio/ljspeech_full_band_melgan/LJ038-0111_gen.wav,1,ljspeech_full_band_melgan,
train,__hf__,0,librispeech,6216
train,__hf__,0,librispeech,7213
train,__hf__,0,librispeech,10881
train,__hf__,0,librispeech,17511
train,/lambda/nfs/algovirginia/workspace/DeepfakeDetectionRenewed/data/wavefake/generated_audio/common_voices_prompts_from_conformer_fastspeech2_pwg_ljspeech/gen_14652.wav,1,common_voices_prompts_from_conformer_fastspeech2_pwg_ljspeech,
train,/lambda/nfs/algovirginia/workspace/DeepfakeDetectionRenewed/data/vcc2020/audio/T18/task1/team18_intra-TEF2_SEM1_E30004.wav,1,VCC2020_T18,
train,/lambda/nfs/algovirginia/workspace/DeepfakeDetectionRenewed/data/vcc2020/audio/T26/task1/team26_intra-TEM2_SEF1_E30002.wav,1,VCC2020_T26,
train,__hf__,0,librispeech,24488
train,__hf__,0,librispeech,20088
train,__hf__,0,librispeech,16380
train,__hf__,0,librispeech,21901
train,__hf__,0,librispeech,1603
train,__hf__,0,librispeech,11913
train,/lambda/nfs/algovirginia/workspace/DeepfakeDetectionRenewed/data/wavefake/generated_audio/ljspeech_hifiGAN/LJ003-0020_generated.wav,1,ljspeech_hifiGAN,
train,/lambda/nfs/algovirginia/workspace/DeepfakeDetectionRenewed/data/vcc2020/audio/T17/task1/team17_intra-TEF2_SEF2_E30005.wav,1,VCC2020_T17,
train,/lambda/nfs/algovirginia/workspace/DeepfakeDetectionRenewed/data/vcc2020/audio/T31/task1/team31_intra-TEF1_SEF2_E30002.wav,1,VCC2020_T31,
train,/lambda/nfs/algovirginia/workspace/DeepfakeDetectionRenewed/data/vcc2020/audio/T04/task1/team04_intra-TEF2_SEF2_E30005.wav,1,VCC2020_T04,
train,__hf__,0,librispeech,8564
train,/lambda/nfs/algovirginia/workspace/DeepfakeDetectionRenewed/data/vcc2020/audio/T23/task1/team23_intra-TEM1_SEM2_E30002.wav,1,VCC2020_T23,
train,/lambda/nfs/algovirginia/workspace/DeepfakeDetectionRenewed/data/vcc2020/audio/T14/task1/team14_intra-TEM2_SEF2_E30005.wav,1,VCC2020_T14,
train,__hf__,0,librispeech,11620
train,__hf__,0,librispeech,24252
train,__hf__,0,librispeech,972
train,__hf__,0,librispeech,2839
train,__hf__,0,librispeech,3829
train,__hf__,0,librispeech,7182
train,/lambda/nfs/algovirginia/workspace/DeepfakeDetectionRenewed/data/wavefake/generated_audio/ljspeech_hifiGAN/LJ038-0159_generated.wav,1,ljspeech_hifiGAN,
train,__hf__,0,librispeech,9782
train,__hf__,0,librispeech,4907
train,__hf__,0,librispeech,2720
train,__hf__,0,librispeech,24929
train,__hf__,0,librispeech,19342
train,/lambda/nfs/algovirginia/workspace/DeepfakeDetectionRenewed/data/wavefake/generated_audio/ljspeech_parallel_wavegan/LJ019-0007_gen.wav,1,ljspeech_parallel_wavegan,
train,__hf__,0,librispeech,14029
train,/lambda/nfs/algovirginia/workspace/DeepfakeDetectionRenewed/data/wavefake/generated_audio/ljspeech_full_band_melgan/LJ012-0268_gen.wav,1,ljspeech_full_band_melgan,
train,/lambda/nfs/algovirginia/workspace/DeepfakeDetectionRenewed/data/vcc2020/audio/T27/task1/team27_intra-TEM1_SEF1_E30001.wav,1,VCC2020_T27,
train,/lambda/nfs/algovirginia/workspace/DeepfakeDetectionRenewed/data/vcc2020/audio/T16/task1/team16_intra-TEM2_SEF1_E30001.wav,1,VCC2020_T16,
train,__hf__,0,librispeech,9436
train,/lambda/nfs/algovirginia/workspace/DeepfakeDetectionRenewed/data/vcc2020/audio/T18/task1/team18_intra-TEF1_SEM1_E30005.wav,1,VCC2020_T18,
train,__hf__,0,librispeech,1752
train,__hf__,0,librispeech,20349
train,/lambda/nfs/algovirginia/workspace/DeepfakeDetectionRenewed/data/vcc2020/audio/T20/task1/team20_intra-TEF1_SEF1_E30005.wav,1,VCC2020_T20,
train,/lambda/nfs/algovirginia/workspace/DeepfakeDetectionRenewed/data/vcc2020/audio/T01/task1/team01_intra-TEF1_SEF1_E30002.wav,1,VCC2020_T01,
train,/lambda/nfs/algovirginia/workspace/DeepfakeDetectionRenewed/data/vcc2020/audio/T17/task1/team17_intra-TEM2_SEF1_E30005.wav,1,VCC2020_T17,
train,__hf__,0,librispeech,2770
train,__hf__,0,librispeech,10672
train,/lambda/nfs/algovirginia/workspace/DeepfakeDetectionRenewed/data/wavefake/generated_audio/common_voices_prompts_from_conformer_fastspeech2_pwg_ljspeech/gen_7251.wav,1,common_voices_prompts_from_conformer_fastspeech2_pwg_ljspeech,
train,__hf__,0,librispeech,9002
train,__hf__,0,librispeech,9486
train,/lambda/nfs/algovirginia/workspace/DeepfakeDetectionRenewed/data/wavefake/generated_audio/ljspeech_full_band_melgan/LJ014-0162_gen.wav,1,ljspeech_full_band_melgan,
train,/lambda/nfs/algovirginia/workspace/DeepfakeDetectionRenewed/data/wavefake/generated_audio/ljspeech_full_band_melgan/LJ003-0307_gen.wav,1,ljspeech_full_band_melgan,
train,__hf__,0,librispeech,21796
train,/lambda/nfs/algovirginia/workspace/DeepfakeDetectionRenewed/data/wavefake/generated_audio/ljspeech_full_band_melgan/LJ018-0020_gen.wav,1,ljspeech_full_band_melgan,
train,__hf__,0,librispeech,3591
train,__hf__,0,librispeech,13549
train,/lambda/nfs/algovirginia/workspace/DeepfakeDetectionRenewed/data/wavefake/generated_audio/ljspeech_hifiGAN/LJ002-0239_generated.wav,1,ljspeech_hifiGAN,
train,__hf__,0,librispeech,25174
train,/lambda/nfs/algovirginia/workspace/DeepfakeDetectionRenewed/data/vcc2020/audio/T33/task1/team33_intra-TEM1_SEF1_E30005.wav,1,VCC2020_T33,
train,/lambda/nfs/algovirginia/workspace/DeepfakeDetectionRenewed/data/vcc2020/audio/T24/task1/team24_intra-TEF1_SEF1_E30003.wav,1,VCC2020_T24,
train,/lambda/nfs/algovirginia/workspace/DeepfakeDetectionRenewed/data/vcc2020/audio/T10/task1/team10_intra-TEF2_SEF2_E30005.wav,1,VCC2020_T10,
train,__hf__,0,librispeech,3718
train,__hf__,0,librispeech,1931
train,/lambda/nfs/algovirginia/workspace/DeepfakeDetectionRenewed/data/vcc2020/audio/T19/task1/team19_intra-TEF1_SEM1_E30005.wav,1,VCC2020_T19,
train,/lambda/nfs/algovirginia/workspace/DeepfakeDetectionRenewed/data/wavefake/generated_audio/ljspeech_parallel_wavegan/LJ048-0078_gen.wav,1,ljspeech_parallel_wavegan,
train,/lambda/nfs/algovirginia/workspace/DeepfakeDetectionRenewed/data/vcc2020/audio/T23/task1/team23_intra-TEF2_SEM2_E30005.wav,1,VCC2020_T23,
train,/lambda/nfs/algovirginia/workspace/DeepfakeDetectionRenewed/data/vcc2020/audio/T12/task1/team12_intra-TEM2_SEF1_E30001.wav,1,VCC2020_T12,
train,__hf__,0,librispeech,5039
train,__hf__,0,librispeech,1121
train,__hf__,0,librispeech,9519
train,__hf__,0,librispeech,14116
train,__hf__,0,librispeech,25880
train,__hf__,0,librispeech,14879
train,__hf__,0,librispeech,27561
train,__hf__,0,librispeech,9600
train,__hf__,0,librispeech,509
train,/lambda/nfs/algovirginia/workspace/DeepfakeDetectionRenewed/data/vcc2020/audio/T07/task1/team07_intra-TEM1_SEM2_E30004.wav,1,VCC2020_T07,
train,/lambda/nfs/algovirginia/workspace/DeepfakeDetectionRenewed/data/vcc2020/audio/T11/task1/team11_intra-TEM1_SEM1_E30001.wav,1,VCC2020_T11,
train,/lambda/nfs/algovirginia/workspace/DeepfakeDetectionRenewed/data/vcc2020/audio/T33/task1/team33_intra-TEM1_SEF1_E30001.wav,1,VCC2020_T33,
train,/lambda/nfs/algovirginia/workspace/DeepfakeDetectionRenewed/data/wavefake/generated_audio/ljspeech_hifiGAN/LJ002-0218_generated.wav,1,ljspeech_hifiGAN,
train,/lambda/nfs/algovirginia/workspace/DeepfakeDetectionRenewed/data/wavefake/generated_audio/ljspeech_full_band_melgan/LJ005-0236_gen.wav,1,ljspeech_full_band_melgan,
train,__hf__,0,librispeech,20106
train,/lambda/nfs/algovirginia/workspace/DeepfakeDetectionRenewed/data/wavefake/generated_audio/ljspeech_parallel_wavegan/LJ013-0220_gen.wav,1,ljspeech_parallel_wavegan,
train,/lambda/nfs/algovirginia/workspace/DeepfakeDetectionRenewed/data/vcc2020/audio/T12/task1/team12_intra-TEF2_SEM2_E30004.wav,1,VCC2020_T12,
train,/lambda/nfs/algovirginia/workspace/DeepfakeDetectionRenewed/data/wavefake/generated_audio/common_voices_prompts_from_conformer_fastspeech2_pwg_ljspeech/gen_13871.wav,1,common_voices_prompts_from_conformer_fastspeech2_pwg_ljspeech,
train,/lambda/nfs/algovirginia/workspace/DeepfakeDetectionRenewed/data/wavefake/generated_audio/ljspeech_parallel_wavegan/LJ016-0013_gen.wav,1,ljspeech_parallel_wavegan,
train,/lambda/nfs/algovirginia/workspace/DeepfakeDetectionRenewed/data/vcc2020/audio/T28/task1/team28_intra-TEF1_SEM1_E30005.wav,1,VCC2020_T28,
train,/lambda/nfs/algovirginia/workspace/DeepfakeDetectionRenewed/data/wavefake/generated_audio/common_voices_prompts_from_conformer_fastspeech2_pwg_ljspeech/gen_15919.wav,1,common_voices_prompts_from_conformer_fastspeech2_pwg_ljspeech,
train,/lambda/nfs/algovirginia/workspace/DeepfakeDetectionRenewed/data/wavefake/generated_audio/ljspeech_full_band_melgan/LJ006-0162_gen.wav,1,ljspeech_full_band_melgan,
train,__hf__,0,librispeech,513
train,__hf__,0,librispeech,5734
train,__hf__,0,librispeech,382
train,/lambda/nfs/algovirginia/workspace/DeepfakeDetectionRenewed/data/wavefake/generated_audio/ljspeech_full_band_melgan/LJ017-0252_gen.wav,1,ljspeech_full_band_melgan,
train,/lambda/nfs/algovirginia/workspace/DeepfakeDetectionRenewed/data/wavefake/generated_audio/common_voices_prompts_from_conformer_fastspeech2_pwg_ljspeech/gen_4401.wav,1,common_voices_prompts_from_conformer_fastspeech2_pwg_ljspeech,
train,__hf__,0,librispeech,22183
train,__hf__,0,librispeech,18216
train,__hf__,0,librispeech,14272
train,/lambda/nfs/algovirginia/workspace/DeepfakeDetectionRenewed/data/wavefake/generated_audio/common_voices_prompts_from_conformer_fastspeech2_pwg_ljspeech/gen_3132.wav,1,common_voices_prompts_from_conformer_fastspeech2_pwg_ljspeech,
train,__hf__,0,librispeech,9289
train,/lambda/nfs/algovirginia/workspace/DeepfakeDetectionRenewed/data/wavefake/generated_audio/common_voices_prompts_from_conformer_fastspeech2_pwg_ljspeech/gen_2688.wav,1,common_voices_prompts_from_conformer_fastspeech2_pwg_ljspeech,
train,__hf__,0,librispeech,3176
train,/lambda/nfs/algovirginia/workspace/DeepfakeDetectionRenewed/data/wavefake/generated_audio/ljspeech_full_band_melgan/LJ023-0101_gen.wav,1,ljspeech_full_band_melgan,
train,__hf__,0,librispeech,3186
train,__hf__,0,librispeech,21448
train,__hf__,0,librispeech,9387
train,/lambda/nfs/algovirginia/workspace/DeepfakeDetectionRenewed/data/vcc2020/audio/T14/task1/team14_intra-TEF1_SEM2_E30004.wav,1,VCC2020_T14,
train,__hf__,0,librispeech,22531
train,__hf__,0,librispeech,5432
train,__hf__,0,librispeech,21886
train,__hf__,0,librispeech,13284
train,/lambda/nfs/algovirginia/workspace/DeepfakeDetectionRenewed/data/wavefake/generated_audio/ljspeech_full_band_melgan/LJ029-0039_gen.wav,1,ljspeech_full_band_melgan,
train,/lambda/nfs/algovirginia/workspace/DeepfakeDetectionRenewed/data/wavefake/generated_audio/ljspeech_full_band_melgan/LJ045-0015_gen.wav,1,ljspeech_full_band_melgan,
train,/lambda/nfs/algovirginia/workspace/DeepfakeDetectionRenewed/data/wavefake/generated_audio/common_voices_prompts_from_conformer_fastspeech2_pwg_ljspeech/gen_2993.wav,1,common_voices_prompts_from_conformer_fastspeech2_pwg_ljspeech,
train,/lambda/nfs/algovirginia/workspace/DeepfakeDetectionRenewed/data/vcc2020/audio/T03/task1/team03_intra-TEM2_SEM2_E30001.wav,1,VCC2020_T03,
train,/lambda/nfs/algovirginia/workspace/DeepfakeDetectionRenewed/data/wavefake/generated_audio/ljspeech_full_band_melgan/LJ040-0072_gen.wav,1,ljspeech_full_band_melgan,
train,/lambda/nfs/algovirginia/workspace/DeepfakeDetectionRenewed/data/wavefake/generated_audio/common_voices_prompts_from_conformer_fastspeech2_pwg_ljspeech/gen_8505.wav,1,common_voices_prompts_from_conformer_fastspeech2_pwg_ljspeech,
train,/lambda/nfs/algovirginia/workspace/DeepfakeDetectionRenewed/data/vcc2020/audio/T02/task1/team02_intra-TEF2_SEF2_E30004.wav,1,VCC2020_T02,
train,/lambda/nfs/algovirginia/workspace/DeepfakeDetectionRenewed/data/vcc2020/audio/T30/task1/team30_intra-TEF2_SEM2_E30005.wav,1,VCC2020_T30,
train,/lambda/nfs/algovirginia/workspace/DeepfakeDetectionRenewed/data/vcc2020/audio/T03/task1/team03_intra-TEM1_SEM2_E30005.wav,1,VCC2020_T03,
train,__hf__,0,librispeech,4771
train,__hf__,0,librispeech,18993
train,/lambda/nfs/algovirginia/workspace/DeepfakeDetectionRenewed/data/wavefake/generated_audio/common_voices_prompts_from_conformer_fastspeech2_pwg_ljspeech/gen_7470.wav,1,common_voices_prompts_from_conformer_fastspeech2_pwg_ljspeech,
train,/lambda/nfs/algovirginia/workspace/DeepfakeDetectionRenewed/data/wavefake/generated_audio/ljspeech_parallel_wavegan/LJ027-0131_gen.wav,1,ljspeech_parallel_wavegan,
train,/lambda/nfs/algovirginia/workspace/DeepfakeDetectionRenewed/data/wavefake/generated_audio/common_voices_prompts_from_conformer_fastspeech2_pwg_ljspeech/gen_13351.wav,1,common_voices_prompts_from_conformer_fastspeech2_pwg_ljspeech,
train,__hf__,0,librispeech,7112
train,/lambda/nfs/algovirginia/workspace/DeepfakeDetectionRenewed/data/vcc2020/audio/T16/task1/team16_intra-TEF1_SEF1_E30001.wav,1,VCC2020_T16,
train,__hf__,0,librispeech,3102
train,/lambda/nfs/algovirginia/workspace/DeepfakeDetectionRenewed/data/vcc2020/audio/T04/task1/team04_intra-TEF2_SEM1_E30005.wav,1,VCC2020_T04,
train,__hf__,0,librispeech,7628
train,__hf__,0,librispeech,14613
train,__hf__,0,librispeech,11534
train,__hf__,0,librispeech,19534
train,/lambda/nfs/algovirginia/workspace/DeepfakeDetectionRenewed/data/vcc2020/audio/T32/task1/team32_intra-TEF1_SEM2_E30002.wav,1,VCC2020_T32,
train,__hf__,0,librispeech,2052
train,/lambda/nfs/algovirginia/workspace/DeepfakeDetectionRenewed/data/vcc2020/audio/T31/task1/team31_intra-TEM1_SEF2_E30002.wav,1,VCC2020_T31,
train,/lambda/nfs/algovirginia/workspace/DeepfakeDetectionRenewed/data/vcc2020/audio/T29/task1/team29_intra-TEM1_SEM1_E30003.wav,1,VCC2020_T29,
train,/lambda/nfs/algovirginia/workspace/DeepfakeDetectionRenewed/data/vcc2020/audio/T24/task1/team24_intra-TEF2_SEM2_E30002.wav,1,VCC2020_T24,
train,/lambda/nfs/algovirginia/workspace/DeepfakeDetectionRenewed/data/wavefake/generated_audio/ljspeech_full_band_melgan/LJ032-0217_gen.wav,1,ljspeech_full_band_melgan,
train,__hf__,0,librispeech,2553
train,__hf__,0,librispeech,11092
train,/lambda/nfs/algovirginia/workspace/DeepfakeDetectionRenewed/data/vcc2020/audio/T04/task1/team04_intra-TEF1_SEM1_E30001.wav,1,VCC2020_T04,
train,__hf__,0,librispeech,2697
train,__hf__,0,librispeech,27395
train,/lambda/nfs/algovirginia/workspace/DeepfakeDetectionRenewed/data/vcc2020/audio/T04/task1/team04_intra-TEF2_SEM1_E30004.wav,1,VCC2020_T04,
train,/lambda/nfs/algovirginia/workspace/DeepfakeDetectionRenewed/data/wavefake/generated_audio/ljspeech_hifiGAN/LJ029-0059_generated.wav,1,ljspeech_hifiGAN,
train,/lambda/nfs/algovirginia/workspace/DeepfakeDetectionRenewed/data/wavefake/generated_audio/ljspeech_parallel_wavegan/LJ016-0324_gen.wav,1,ljspeech_parallel_wavegan,
train,__hf__,0,librispeech,23287
train,/lambda/nfs/algovirginia/workspace/DeepfakeDetectionRenewed/data/vcc2020/audio/T07/task1/team07_intra-TEF2_SEM2_E30005.wav,1,VCC2020_T07,
train,/lambda/nfs/algovirginia/workspace/DeepfakeDetectionRenewed/data/vcc2020/audio/T13/task1/team13_intra-TEF1_SEF2_E30005.wav,1,VCC2020_T13,
train,__hf__,0,librispeech,3655
train,__hf__,0,librispeech,21789
train,/lambda/nfs/algovirginia/workspace/DeepfakeDetectionRenewed/data/wavefake/generated_audio/ljspeech_hifiGAN/LJ034-0148_generated.wav,1,ljspeech_hifiGAN,
train,/lambda/nfs/algovirginia/workspace/DeepfakeDetectionRenewed/data/vcc2020/audio/T19/task1/team19_intra-TEF1_SEM2_E30003.wav,1,VCC2020_T19,
train,__hf__,0,librispeech,2898
train,__hf__,0,librispeech,3441
train,__hf__,0,librispeech,4850
train,/lambda/nfs/algovirginia/workspace/DeepfakeDetectionRenewed/data/wavefake/generated_audio/ljspeech_hifiGAN/LJ038-0067_generated.wav,1,ljspeech_hifiGAN,
train,/lambda/nfs/algovirginia/workspace/DeepfakeDetectionRenewed/data/wavefake/generated_audio/ljspeech_full_band_melgan/LJ008-0189_gen.wav,1,ljspeech_full_band_melgan,
train,__hf__,0,librispeech,7524
train,/lambda/nfs/algovirginia/workspace/DeepfakeDetectionRenewed/data/vcc2020/audio/T31/task1/team31_intra-TEM1_SEM2_E30002.wav,1,VCC2020_T31,
train,__hf__,0,librispeech,10689
train,/lambda/nfs/algovirginia/workspace/DeepfakeDetectionRenewed/data/vcc2020/audio/T14/task1/team14_intra-TEF1_SEF2_E30002.wav,1,VCC2020_T14,
train,__hf__,0,librispeech,9299
train,__hf__,0,librispeech,4310
train,__hf__,0,librispeech,18829
train,/lambda/nfs/algovirginia/workspace/DeepfakeDetectionRenewed/data/wavefake/generated_audio/ljspeech_parallel_wavegan/LJ036-0049_gen.wav,1,ljspeech_parallel_wavegan,
train,/lambda/nfs/algovirginia/workspace/DeepfakeDetectionRenewed/data/wavefake/generated_audio/ljspeech_hifiGAN/LJ046-0189_generated.wav,1,ljspeech_hifiGAN,
train,/lambda/nfs/algovirginia/workspace/DeepfakeDetectionRenewed/data/vcc2020/audio/T32/task1/team32_intra-TEF2_SEM2_E30004.wav,1,VCC2020_T32,
train,/lambda/nfs/algovirginia/workspace/DeepfakeDetectionRenewed/data/vcc2020/audio/T25/task1/team25_intra-TEM2_SEF1_E30003.wav,1,VCC2020_T25,
train,/lambda/nfs/algovirginia/workspace/DeepfakeDetectionRenewed/data/wavefake/generated_audio/ljspeech_hifiGAN/LJ028-0502_generated.wav,1,ljspeech_hifiGAN,
train,__hf__,0,librispeech,27073
train,__hf__,0,librispeech,1889
train,/lambda/nfs/algovirginia/workspace/DeepfakeDetectionRenewed/data/vcc2020/audio/T10/task1/team10_intra-TEM2_SEF1_E30004.wav,1,VCC2020_T10,
train,/lambda/nfs/algovirginia/workspace/DeepfakeDetectionRenewed/data/vcc2020/audio/T09/task1/team09_intra-TEM1_SEM1_E30003.wav,1,VCC2020_T09,
train,/lambda/nfs/algovirginia/workspace/DeepfakeDetectionRenewed/data/vcc2020/audio/T16/task1/team16_intra-TEF2_SEM2_E30001.wav,1,VCC2020_T16,
train,/lambda/nfs/algovirginia/workspace/DeepfakeDetectionRenewed/data/vcc2020/audio/T26/task1/team26_intra-TEM2_SEM2_E30003.wav,1,VCC2020_T26,
train,/lambda/nfs/algovirginia/workspace/DeepfakeDetectionRenewed/data/wavefake/generated_audio/ljspeech_full_band_melgan/LJ007-0096_gen.wav,1,ljspeech_full_band_melgan,
train,__hf__,0,librispeech,27988
train,/lambda/nfs/algovirginia/workspace/DeepfakeDetectionRenewed/data/vcc2020/audio/T04/task1/team04_intra-TEM1_SEF2_E30001.wav,1,VCC2020_T04,
train,/lambda/nfs/algovirginia/workspace/DeepfakeDetectionRenewed/data/wavefake/generated_audio/ljspeech_parallel_wavegan/LJ006-0003_gen.wav,1,ljspeech_parallel_wavegan,
train,__hf__,0,librispeech,11749
train,/lambda/nfs/algovirginia/workspace/DeepfakeDetectionRenewed/data/vcc2020/audio/T29/task1/team29_intra-TEM1_SEF1_E30005.wav,1,VCC2020_T29,
train,__hf__,0,librispeech,5082
train,/lambda/nfs/algovirginia/workspace/DeepfakeDetectionRenewed/data/vcc2020/audio/T18/task1/team18_intra-TEF2_SEF2_E30002.wav,1,VCC2020_T18,
train,__hf__,0,librispeech,14232
train,__hf__,0,librispeech,4706
train,/lambda/nfs/algovirginia/workspace/DeepfakeDetectionRenewed/data/wavefake/generated_audio/common_voices_prompts_from_conformer_fastspeech2_pwg_ljspeech/gen_9422.wav,1,common_voices_prompts_from_conformer_fastspeech2_pwg_ljspeech,
train,/lambda/nfs/algovirginia/workspace/DeepfakeDetectionRenewed/data/vcc2020/audio/T26/task1/team26_intra-TEM2_SEM2_E30004.wav,1,VCC2020_T26,
train,__hf__,0,librispeech,9731
train,/lambda/nfs/algovirginia/workspace/DeepfakeDetectionRenewed/data/vcc2020/audio/T32/task1/team32_intra-TEM1_SEF1_E30004.wav,1,VCC2020_T32,
train,/lambda/nfs/algovirginia/workspace/DeepfakeDetectionRenewed/data/wavefake/generated_audio/ljspeech_full_band_melgan/LJ009-0012_gen.wav,1,ljspeech_full_band_melgan,
train,/lambda/nfs/algovirginia/workspace/DeepfakeDetectionRenewed/data/wavefake/generated_audio/ljspeech_hifiGAN/LJ016-0343_generated.wav,1,ljspeech_hifiGAN,
train,__hf__,0,librispeech,22141
train,__hf__,0,librispeech,21793
train,__hf__,0,librispeech,2132
train,__hf__,0,librispeech,27047
train,/lambda/nfs/algovirginia/workspace/DeepfakeDetectionRenewed/data/vcc2020/audio/T32/task1/team32_intra-TEF2_SEM1_E30002.wav,1,VCC2020_T32,
train,__hf__,0,librispeech,21578
train,__hf__,0,librispeech,25177
train,/lambda/nfs/algovirginia/workspace/DeepfakeDetectionRenewed/data/wavefake/generated_audio/common_voices_prompts_from_conformer_fastspeech2_pwg_ljspeech/gen_6027.wav,1,common_voices_prompts_from_conformer_fastspeech2_pwg_ljspeech,
train,__hf__,0,librispeech,16443
train,/lambda/nfs/algovirginia/workspace/DeepfakeDetectionRenewed/data/wavefake/generated_audio/ljspeech_full_band_melgan/LJ031-0132_gen.wav,1,ljspeech_full_band_melgan,
train,__hf__,0,librispeech,8789
train,/lambda/nfs/algovirginia/workspace/DeepfakeDetectionRenewed/data/vcc2020/audio/T30/task1/team30_intra-TEM1_SEF1_E30005.wav,1,VCC2020_T30,
train,/lambda/nfs/algovirginia/workspace/DeepfakeDetectionRenewed/data/vcc2020/audio/T25/task1/team25_intra-TEM2_SEF2_E30005.wav,1,VCC2020_T25,
train,/lambda/nfs/algovirginia/workspace/DeepfakeDetectionRenewed/data/wavefake/generated_audio/ljspeech_parallel_wavegan/LJ034-0079_gen.wav,1,ljspeech_parallel_wavegan,
train,/lambda/nfs/algovirginia/workspace/DeepfakeDetectionRenewed/data/wavefake/generated_audio/ljspeech_parallel_wavegan/LJ016-0134_gen.wav,1,ljspeech_parallel_wavegan,
train,__hf__,0,librispeech,8206
train,/lambda/nfs/algovirginia/workspace/DeepfakeDetectionRenewed/data/wavefake/generated_audio/common_voices_prompts_from_conformer_fastspeech2_pwg_ljspeech/gen_11866.wav,1,common_voices_prompts_from_conformer_fastspeech2_pwg_ljspeech,
train,/lambda/nfs/algovirginia/workspace/DeepfakeDetectionRenewed/data/wavefake/generated_audio/common_voices_prompts_from_conformer_fastspeech2_pwg_ljspeech/gen_15023.wav,1,common_voices_prompts_from_conformer_fastspeech2_pwg_ljspeech,
train,/lambda/nfs/algovirginia/workspace/DeepfakeDetectionRenewed/data/wavefake/generated_audio/ljspeech_full_band_melgan/LJ015-0199_gen.wav,1,ljspeech_full_band_melgan,
train,__hf__,0,librispeech,21220
train,__hf__,0,librispeech,27946
train,/lambda/nfs/algovirginia/workspace/DeepfakeDetectionRenewed/data/wavefake/generated_audio/ljspeech_parallel_wavegan/LJ031-0029_gen.wav,1,ljspeech_parallel_wavegan,
train,/lambda/nfs/algovirginia/workspace/DeepfakeDetectionRenewed/data/vcc2020/audio/T33/task1/team33_intra-TEF1_SEF2_E30002.wav,1,VCC2020_T33,
train,__hf__,0,librispeech,7962
train,__hf__,0,librispeech,13700
train,/lambda/nfs/algovirginia/workspace/DeepfakeDetectionRenewed/data/wavefake/generated_audio/common_voices_prompts_from_conformer_fastspeech2_pwg_ljspeech/gen_10316.wav,1,common_voices_prompts_from_conformer_fastspeech2_pwg_ljspeech,
train,/lambda/nfs/algovirginia/workspace/DeepfakeDetectionRenewed/data/wavefake/generated_audio/ljspeech_full_band_melgan/LJ038-0066_gen.wav,1,ljspeech_full_band_melgan,
train,/lambda/nfs/algovirginia/workspace/DeepfakeDetectionRenewed/data/vcc2020/audio/T24/task1/team24_intra-TEM1_SEF2_E30001.wav,1,VCC2020_T24,
train,/lambda/nfs/algovirginia/workspace/DeepfakeDetectionRenewed/data/wavefake/generated_audio/ljspeech_parallel_wavegan/LJ009-0124_gen.wav,1,ljspeech_parallel_wavegan,
train,/lambda/nfs/algovirginia/workspace/DeepfakeDetectionRenewed/data/vcc2020/audio/T06/task1/team06_intra-TEF2_SEF1_E30003.wav,1,VCC2020_T06,
train,__hf__,0,librispeech,17252
train,__hf__,0,librispeech,28001
train,__hf__,0,librispeech,17781
train,/lambda/nfs/algovirginia/workspace/DeepfakeDetectionRenewed/data/vcc2020/audio/T17/task1/team17_intra-TEM2_SEM2_E30003.wav,1,VCC2020_T17,
train,__hf__,0,librispeech,11211
train,__hf__,0,librispeech,21860
train,/lambda/nfs/algovirginia/workspace/DeepfakeDetectionRenewed/data/wavefake/generated_audio/ljspeech_hifiGAN/LJ030-0246_generated.wav,1,ljspeech_hifiGAN,
train,__hf__,0,librispeech,22835
train,/lambda/nfs/algovirginia/workspace/DeepfakeDetectionRenewed/data/vcc2020/audio/T21/task1/team21_intra-TEF2_SEF1_E30003.wav,1,VCC2020_T21,
train,__hf__,0,librispeech,20732
train,/lambda/nfs/algovirginia/workspace/DeepfakeDetectionRenewed/data/wavefake/generated_audio/ljspeech_hifiGAN/LJ024-0041_generated.wav,1,ljspeech_hifiGAN,
train,/lambda/nfs/algovirginia/workspace/DeepfakeDetectionRenewed/data/vcc2020/audio/T25/task1/team25_intra-TEF1_SEM2_E30003.wav,1,VCC2020_T25,
train,/lambda/nfs/algovirginia/workspace/DeepfakeDetectionRenewed/data/wavefake/generated_audio/common_voices_prompts_from_conformer_fastspeech2_pwg_ljspeech/gen_10663.wav,1,common_voices_prompts_from_conformer_fastspeech2_pwg_ljspeech,
train,__hf__,0,librispeech,8001
train,/lambda/nfs/algovirginia/workspace/DeepfakeDetectionRenewed/data/vcc2020/audio/T24/task1/team24_intra-TEF2_SEM2_E30005.wav,1,VCC2020_T24,
train,/lambda/nfs/algovirginia/workspace/DeepfakeDetectionRenewed/data/wavefake/generated_audio/ljspeech_full_band_melgan/LJ044-0183_gen.wav,1,ljspeech_full_band_melgan,
train,/lambda/nfs/algovirginia/workspace/DeepfakeDetectionRenewed/data/wavefake/generated_audio/common_voices_prompts_from_conformer_fastspeech2_pwg_ljspeech/gen_1583.wav,1,common_voices_prompts_from_conformer_fastspeech2_pwg_ljspeech,
train,/lambda/nfs/algovirginia/workspace/DeepfakeDetectionRenewed/data/vcc2020/audio/T13/task1/team13_intra-TEF2_SEF1_E30002.wav,1,VCC2020_T13,
train,/lambda/nfs/algovirginia/workspace/DeepfakeDetectionRenewed/data/wavefake/generated_audio/ljspeech_parallel_wavegan/LJ003-0293_gen.wav,1,ljspeech_parallel_wavegan,
train,/lambda/nfs/algovirginia/workspace/DeepfakeDetectionRenewed/data/wavefake/generated_audio/ljspeech_parallel_wavegan/LJ047-0132_gen.wav,1,ljspeech_parallel_wavegan,
train,__hf__,0,librispeech,5446
train,__hf__,0,librispeech,6785
train,/lambda/nfs/algovirginia/workspace/DeepfakeDetectionRenewed/data/vcc2020/audio/T32/task1/team32_intra-TEM2_SEM2_E30005.wav,1,VCC2020_T32,
train,/lambda/nfs/algovirginia/workspace/DeepfakeDetectionRenewed/data/vcc2020/audio/T02/task1/team02_intra-TEF1_SEM1_E30003.wav,1,VCC2020_T02,
train,__hf__,0,librispeech,22659
train,__hf__,0,librispeech,22967
train,__hf__,0,librispeech,13830
train,/lambda/nfs/algovirginia/workspace/DeepfakeDetectionRenewed/data/wavefake/generated_audio/common_voices_prompts_from_conformer_fastspeech2_pwg_ljspeech/gen_6291.wav,1,common_voices_prompts_from_conformer_fastspeech2_pwg_ljspeech,
train,__hf__,0,librispeech,9844
train,__hf__,0,librispeech,235
train,__hf__,0,librispeech,23914
train,__hf__,0,librispeech,20598
train,/lambda/nfs/algovirginia/workspace/DeepfakeDetectionRenewed/data/vcc2020/audio/T33/task1/team33_intra-TEF1_SEF1_E30002.wav,1,VCC2020_T33,
train,/lambda/nfs/algovirginia/workspace/DeepfakeDetectionRenewed/data/vcc2020/audio/T23/task1/team23_intra-TEM2_SEF1_E30005.wav,1,VCC2020_T23,
train,__hf__,0,librispeech,25551
train,/lambda/nfs/algovirginia/workspace/DeepfakeDetectionRenewed/data/vcc2020/audio/T33/task1/team33_intra-TEM1_SEF2_E30003.wav,1,VCC2020_T33,
train,/lambda/nfs/algovirginia/workspace/DeepfakeDetectionRenewed/data/vcc2020/audio/T09/task1/team09_intra-TEM1_SEF1_E30003.wav,1,VCC2020_T09,
train,__hf__,0,librispeech,23793
train,/lambda/nfs/algovirginia/workspace/DeepfakeDetectionRenewed/data/vcc2020/audio/T10/task1/team10_intra-TEF2_SEF1_E30001.wav,1,VCC2020_T10,
train,__hf__,0,librispeech,3366
train,/lambda/nfs/algovirginia/workspace/DeepfakeDetectionRenewed/data/wavefake/generated_audio/common_voices_prompts_from_conformer_fastspeech2_pwg_ljspeech/gen_10228.wav,1,common_voices_prompts_from_conformer_fastspeech2_pwg_ljspeech,
train,/lambda/nfs/algovirginia/workspace/DeepfakeDetectionRenewed/data/vcc2020/audio/T24/task1/team24_intra-TEM1_SEF2_E30004.wav,1,VCC2020_T24,
train,/lambda/nfs/algovirginia/workspace/DeepfakeDetectionRenewed/data/wavefake/generated_audio/ljspeech_parallel_wavegan/LJ002-0274_gen.wav,1,ljspeech_parallel_wavegan,
train,__hf__,0,librispeech,10485
train,__hf__,0,librispeech,6776
train,/lambda/nfs/algovirginia/workspace/DeepfakeDetectionRenewed/data/wavefake/generated_audio/ljspeech_parallel_wavegan/LJ031-0058_gen.wav,1,ljspeech_parallel_wavegan,
train,/lambda/nfs/algovirginia/workspace/DeepfakeDetectionRenewed/data/wavefake/generated_audio/common_voices_prompts_from_conformer_fastspeech2_pwg_ljspeech/gen_7922.wav,1,common_voices_prompts_from_conformer_fastspeech2_pwg_ljspeech,
train,/lambda/nfs/algovirginia/workspace/DeepfakeDetectionRenewed/data/vcc2020/audio/T32/task1/team32_intra-TEF1_SEM2_E30004.wav,1,VCC2020_T32,
train,__hf__,0,librispeech,26064
train,__hf__,0,librispeech,9395
train,/lambda/nfs/algovirginia/workspace/DeepfakeDetectionRenewed/data/wavefake/generated_audio/ljspeech_hifiGAN/LJ016-0112_generated.wav,1,ljspeech_hifiGAN,
train,/lambda/nfs/algovirginia/workspace/DeepfakeDetectionRenewed/data/vcc2020/audio/T24/task1/team24_intra-TEM2_SEF1_E30005.wav,1,VCC2020_T24,
train,/lambda/nfs/algovirginia/workspace/DeepfakeDetectionRenewed/data/vcc2020/audio/T09/task1/team09_intra-TEF1_SEM1_E30002.wav,1,VCC2020_T09,
train,__hf__,0,librispeech,3651
train,/lambda/nfs/algovirginia/workspace/DeepfakeDetectionRenewed/data/vcc2020/audio/T28/task1/team28_intra-TEM2_SEF2_E30005.wav,1,VCC2020_T28,
train,/lambda/nfs/algovirginia/workspace/DeepfakeDetectionRenewed/data/vcc2020/audio/T01/task1/team01_intra-TEF1_SEF2_E30001.wav,1,VCC2020_T01,
train,__hf__,0,librispeech,4974
train,__hf__,0,librispeech,6815
train,/lambda/nfs/algovirginia/workspace/DeepfakeDetectionRenewed/data/vcc2020/audio/T09/task1/team09_intra-TEF1_SEF1_E30001.wav,1,VCC2020_T09,
train,__hf__,0,librispeech,23655
train,__hf__,0,librispeech,16626
train,__hf__,0,librispeech,19484
train,__hf__,0,librispeech,28281
train,__hf__,0,librispeech,27382
train,__hf__,0,librispeech,1209
train,__hf__,0,librispeech,25574
train,/lambda/nfs/algovirginia/workspace/DeepfakeDetectionRenewed/data/wavefake/generated_audio/common_voices_prompts_from_conformer_fastspeech2_pwg_ljspeech/gen_5550.wav,1,common_voices_prompts_from_conformer_fastspeech2_pwg_ljspeech,
train,/lambda/nfs/algovirginia/workspace/DeepfakeDetectionRenewed/data/wavefake/generated_audio/common_voices_prompts_from_conformer_fastspeech2_pwg_ljspeech/gen_11176.wav,1,common_voices_prompts_from_conformer_fastspeech2_pwg_ljspeech,
train,__hf__,0,librispeech,12114
train,/lambda/nfs/algovirginia/workspace/DeepfakeDetectionRenewed/data/vcc2020/audio/T33/task1/team33_intra-TEF2_SEF1_E30005.wav,1,VCC2020_T33,
train,/lambda/nfs/algovirginia/workspace/DeepfakeDetectionRenewed/data/wavefake/generated_audio/ljspeech_full_band_melgan/LJ043-0153_gen.wav,1,ljspeech_full_band_melgan,
train,/lambda/nfs/algovirginia/workspace/DeepfakeDetectionRenewed/data/wavefake/generated_audio/common_voices_prompts_from_conformer_fastspeech2_pwg_ljspeech/gen_4339.wav,1,common_voices_prompts_from_conformer_fastspeech2_pwg_ljspeech,
train,__hf__,0,librispeech,12888
train,/lambda/nfs/algovirginia/workspace/DeepfakeDetectionRenewed/data/wavefake/generated_audio/ljspeech_full_band_melgan/LJ021-0113_gen.wav,1,ljspeech_full_band_melgan,
train,/lambda/nfs/algovirginia/workspace/DeepfakeDetectionRenewed/data/vcc2020/audio/T08/task1/team08_intra-TEM2_SEM2_E30005.wav,1,VCC2020_T08,
train,__hf__,0,librispeech,15504
train,__hf__,0,librispeech,27512
train,__hf__,0,librispeech,16673
train,__hf__,0,librispeech,12761
train,/lambda/nfs/algovirginia/workspace/DeepfakeDetectionRenewed/data/wavefake/generated_audio/ljspeech_hifiGAN/LJ020-0069_generated.wav,1,ljspeech_hifiGAN,
train,__hf__,0,librispeech,21236
train,/lambda/nfs/algovirginia/workspace/DeepfakeDetectionRenewed/data/vcc2020/audio/T11/task1/team11_intra-TEM1_SEM1_E30003.wav,1,VCC2020_T11,
train,__hf__,0,librispeech,18998
train,__hf__,0,librispeech,23716
train,/lambda/nfs/algovirginia/workspace/DeepfakeDetectionRenewed/data/wavefake/generated_audio/ljspeech_hifiGAN/LJ020-0072_generated.wav,1,ljspeech_hifiGAN,
train,__hf__,0,librispeech,16868
train,__hf__,0,librispeech,1467
train,/lambda/nfs/algovirginia/workspace/DeepfakeDetectionRenewed/data/wavefake/generated_audio/common_voices_prompts_from_conformer_fastspeech2_pwg_ljspeech/gen_9624.wav,1,common_voices_prompts_from_conformer_fastspeech2_pwg_ljspeech,
train,__hf__,0,librispeech,7225
train,__hf__,0,librispeech,22836
train,/lambda/nfs/algovirginia/workspace/DeepfakeDetectionRenewed/data/vcc2020/audio/T11/task1/team11_intra-TEF2_SEM1_E30001.wav,1,VCC2020_T11,
train,__hf__,0,librispeech,6647
train,__hf__,0,librispeech,19223
train,__hf__,0,librispeech,8924
train,__hf__,0,librispeech,2320
train,__hf__,0,librispeech,9405
train,__hf__,0,librispeech,16114
train,/lambda/nfs/algovirginia/workspace/DeepfakeDetectionRenewed/data/vcc2020/audio/T01/task1/team01_intra-TEM1_SEF1_E30002.wav,1,VCC2020_T01,
train,/lambda/nfs/algovirginia/workspace/DeepfakeDetectionRenewed/data/vcc2020/audio/T27/task1/team27_intra-TEF1_SEM1_E30005.wav,1,VCC2020_T27,
train,/lambda/nfs/algovirginia/workspace/DeepfakeDetectionRenewed/data/vcc2020/audio/T19/task1/team19_intra-TEF1_SEF1_E30005.wav,1,VCC2020_T19,
train,__hf__,0,librispeech,17899
train,__hf__,0,librispeech,20273
train,__hf__,0,librispeech,22701
train,__hf__,0,librispeech,20681
train,/lambda/nfs/algovirginia/workspace/DeepfakeDetectionRenewed/data/wavefake/generated_audio/ljspeech_hifiGAN/LJ020-0066_generated.wav,1,ljspeech_hifiGAN,
train,/lambda/nfs/algovirginia/workspace/DeepfakeDetectionRenewed/data/vcc2020/audio/T27/task1/team27_intra-TEM2_SEM2_E30003.wav,1,VCC2020_T27,
train,__hf__,0,librispeech,5092
train,/lambda/nfs/algovirginia/workspace/DeepfakeDetectionRenewed/data/wavefake/generated_audio/ljspeech_hifiGAN/LJ005-0042_generated.wav,1,ljspeech_hifiGAN,
train,__hf__,0,librispeech,3748
train,__hf__,0,librispeech,15117
train,__hf__,0,librispeech,20402
train,/lambda/nfs/algovirginia/workspace/DeepfakeDetectionRenewed/data/vcc2020/audio/T08/task1/team08_intra-TEM2_SEF1_E30001.wav,1,VCC2020_T08,
train,__hf__,0,librispeech,9497
train,/lambda/nfs/algovirginia/workspace/DeepfakeDetectionRenewed/data/wavefake/generated_audio/common_voices_prompts_from_conformer_fastspeech2_pwg_ljspeech/gen_3310.wav,1,common_voices_prompts_from_conformer_fastspeech2_pwg_ljspeech,
train,/lambda/nfs/algovirginia/workspace/DeepfakeDetectionRenewed/data/wavefake/generated_audio/ljspeech_full_band_melgan/LJ049-0226_gen.wav,1,ljspeech_full_band_melgan,
train,/lambda/nfs/algovirginia/workspace/DeepfakeDetectionRenewed/data/wavefake/generated_audio/ljspeech_parallel_wavegan/LJ029-0079_gen.wav,1,ljspeech_parallel_wavegan,
train,/lambda/nfs/algovirginia/workspace/DeepfakeDetectionRenewed/data/wavefake/generated_audio/common_voices_prompts_from_conformer_fastspeech2_pwg_ljspeech/gen_5312.wav,1,common_voices_prompts_from_conformer_fastspeech2_pwg_ljspeech,
train,__hf__,0,librispeech,17258
train,/lambda/nfs/algovirginia/workspace/DeepfakeDetectionRenewed/data/wavefake/generated_audio/common_voices_prompts_from_conformer_fastspeech2_pwg_ljspeech/gen_8274.wav,1,common_voices_prompts_from_conformer_fastspeech2_pwg_ljspeech,
train,/lambda/nfs/algovirginia/workspace/DeepfakeDetectionRenewed/data/wavefake/generated_audio/ljspeech_parallel_wavegan/LJ016-0300_gen.wav,1,ljspeech_parallel_wavegan,
train,/lambda/nfs/algovirginia/workspace/DeepfakeDetectionRenewed/data/vcc2020/audio/T26/task1/team26_intra-TEF2_SEM1_E30002.wav,1,VCC2020_T26,
train,__hf__,0,librispeech,6078
train,__hf__,0,librispeech,11717
train,/lambda/nfs/algovirginia/workspace/DeepfakeDetectionRenewed/data/wavefake/generated_audio/ljspeech_hifiGAN/LJ028-0510_generated.wav,1,ljspeech_hifiGAN,
train,/lambda/nfs/algovirginia/workspace/DeepfakeDetectionRenewed/data/wavefake/generated_audio/ljspeech_parallel_wavegan/LJ015-0011_gen.wav,1,ljspeech_parallel_wavegan,
train,/lambda/nfs/algovirginia/workspace/DeepfakeDetectionRenewed/data/vcc2020/audio/T11/task1/team11_intra-TEM2_SEM1_E30004.wav,1,VCC2020_T11,
train,__hf__,0,librispeech,13458
train,/lambda/nfs/algovirginia/workspace/DeepfakeDetectionRenewed/data/vcc2020/audio/T32/task1/team32_intra-TEM2_SEF1_E30002.wav,1,VCC2020_T32,
train,/lambda/nfs/algovirginia/workspace/DeepfakeDetectionRenewed/data/wavefake/generated_audio/common_voices_prompts_from_conformer_fastspeech2_pwg_ljspeech/gen_12968.wav,1,common_voices_prompts_from_conformer_fastspeech2_pwg_ljspeech,
train,/lambda/nfs/algovirginia/workspace/DeepfakeDetectionRenewed/data/wavefake/generated_audio/ljspeech_parallel_wavegan/LJ008-0059_gen.wav,1,ljspeech_parallel_wavegan,
train,__hf__,0,librispeech,1681
train,__hf__,0,librispeech,11275
train,/lambda/nfs/algovirginia/workspace/DeepfakeDetectionRenewed/data/vcc2020/audio/T07/task1/team07_intra-TEF1_SEM1_E30001.wav,1,VCC2020_T07,
train,__hf__,0,librispeech,20345
train,/lambda/nfs/algovirginia/workspace/DeepfakeDetectionRenewed/data/wavefake/generated_audio/ljspeech_full_band_melgan/LJ048-0119_gen.wav,1,ljspeech_full_band_melgan,
train,/lambda/nfs/algovirginia/workspace/DeepfakeDetectionRenewed/data/vcc2020/audio/T28/task1/team28_intra-TEF1_SEM2_E30003.wav,1,VCC2020_T28,
train,__hf__,0,librispeech,17690
train,__hf__,0,librispeech,6413
train,__hf__,0,librispeech,23597
train,__hf__,0,librispeech,5163
train,/lambda/nfs/algovirginia/workspace/DeepfakeDetectionRenewed/data/vcc2020/audio/T13/task1/team13_intra-TEF1_SEM1_E30004.wav,1,VCC2020_T13,
train,__hf__,0,librispeech,7254
train,__hf__,0,librispeech,4101
train,__hf__,0,librispeech,12611
train,/lambda/nfs/algovirginia/workspace/DeepfakeDetectionRenewed/data/vcc2020/audio/T07/task1/team07_intra-TEF2_SEF1_E30004.wav,1,VCC2020_T07,
train,/lambda/nfs/algovirginia/workspace/DeepfakeDetectionRenewed/data/wavefake/generated_audio/ljspeech_parallel_wavegan/LJ034-0055_gen.wav,1,ljspeech_parallel_wavegan,
train,/lambda/nfs/algovirginia/workspace/DeepfakeDetectionRenewed/data/wavefake/generated_audio/common_voices_prompts_from_conformer_fastspeech2_pwg_ljspeech/gen_8652.wav,1,common_voices_prompts_from_conformer_fastspeech2_pwg_ljspeech,
train,/lambda/nfs/algovirginia/workspace/DeepfakeDetectionRenewed/data/vcc2020/audio/T19/task1/team19_intra-TEM2_SEF2_E30003.wav,1,VCC2020_T19,
train,__hf__,0,librispeech,21463
train,/lambda/nfs/algovirginia/workspace/DeepfakeDetectionRenewed/data/wavefake/generated_audio/ljspeech_parallel_wavegan/LJ006-0293_gen.wav,1,ljspeech_parallel_wavegan,
train,/lambda/nfs/algovirginia/workspace/DeepfakeDetectionRenewed/data/vcc2020/audio/T31/task1/team31_intra-TEF2_SEF1_E30004.wav,1,VCC2020_T31,
train,/lambda/nfs/algovirginia/workspace/DeepfakeDetectionRenewed/data/vcc2020/audio/T22/task1/team22_intra-TEF2_SEM2_E30002.wav,1,VCC2020_T22,
train,/lambda/nfs/algovirginia/workspace/DeepfakeDetectionRenewed/data/vcc2020/audio/T17/task1/team17_intra-TEF2_SEM1_E30004.wav,1,VCC2020_T17,
train,__hf__,0,librispeech,27736
train,__hf__,0,librispeech,6075
train,__hf__,0,librispeech,21820
train,__hf__,0,librispeech,9359
train,/lambda/nfs/algovirginia/workspace/DeepfakeDetectionRenewed/data/wavefake/generated_audio/ljspeech_hifiGAN/LJ010-0317_generated.wav,1,ljspeech_hifiGAN,
train,__hf__,0,librispeech,17694
train,/lambda/nfs/algovirginia/workspace/DeepfakeDetectionRenewed/data/vcc2020/audio/T14/task1/team14_intra-TEF2_SEM2_E30002.wav,1,VCC2020_T14,
train,__hf__,0,librispeech,13667
train,__hf__,0,librispeech,9211
train,/lambda/nfs/algovirginia/workspace/DeepfakeDetectionRenewed/data/wavefake/generated_audio/common_voices_prompts_from_conformer_fastspeech2_pwg_ljspeech/gen_131.wav,1,common_voices_prompts_from_conformer_fastspeech2_pwg_ljspeech,
train,__hf__,0,librispeech,25026
train,/lambda/nfs/algovirginia/workspace/DeepfakeDetectionRenewed/data/wavefake/generated_audio/common_voices_prompts_from_conformer_fastspeech2_pwg_ljspeech/gen_2190.wav,1,common_voices_prompts_from_conformer_fastspeech2_pwg_ljspeech,
train,/lambda/nfs/algovirginia/workspace/DeepfakeDetectionRenewed/data/vcc2020/audio/T22/task1/team22_intra-TEM2_SEF2_E30004.wav,1,VCC2020_T22,
train,/lambda/nfs/algovirginia/workspace/DeepfakeDetectionRenewed/data/vcc2020/audio/T09/task1/team09_intra-TEM2_SEF1_E30001.wav,1,VCC2020_T09,
train,__hf__,0,librispeech,1733
train,/lambda/nfs/algovirginia/workspace/DeepfakeDetectionRenewed/data/wavefake/generated_audio/ljspeech_full_band_melgan/LJ037-0120_gen.wav,1,ljspeech_full_band_melgan,
train,__hf__,0,librispeech,20726
train,/lambda/nfs/algovirginia/workspace/DeepfakeDetectionRenewed/data/wavefake/generated_audio/ljspeech_parallel_wavegan/LJ018-0130_gen.wav,1,ljspeech_parallel_wavegan,
train,__hf__,0,librispeech,2802
train,__hf__,0,librispeech,27327
train,__hf__,0,librispeech,20367
train,__hf__,0,librispeech,24058
train,__hf__,0,librispeech,18775
train,/lambda/nfs/algovirginia/workspace/DeepfakeDetectionRenewed/data/vcc2020/audio/T08/task1/team08_intra-TEM1_SEF1_E30003.wav,1,VCC2020_T08,
train,__hf__,0,librispeech,15508
train,/lambda/nfs/algovirginia/workspace/DeepfakeDetectionRenewed/data/vcc2020/audio/T25/task1/team25_intra-TEF2_SEM1_E30005.wav,1,VCC2020_T25,
train,__hf__,0,librispeech,20530
train,__hf__,0,librispeech,15400
train,__hf__,0,librispeech,28073
train,__hf__,0,librispeech,28205
train,__hf__,0,librispeech,2955
train,/lambda/nfs/algovirginia/workspace/DeepfakeDetectionRenewed/data/vcc2020/audio/T21/task1/team21_intra-TEM2_SEM1_E30004.wav,1,VCC2020_T21,
train,__hf__,0,librispeech,16090
train,__hf__,0,librispeech,18043
train,__hf__,0,librispeech,5959
train,__hf__,0,librispeech,18260
train,/lambda/nfs/algovirginia/workspace/DeepfakeDetectionRenewed/data/wavefake/generated_audio/common_voices_prompts_from_conformer_fastspeech2_pwg_ljspeech/gen_193.wav,1,common_voices_prompts_from_conformer_fastspeech2_pwg_ljspeech,
train,/lambda/nfs/algovirginia/workspace/DeepfakeDetectionRenewed/data/wavefake/generated_audio/common_voices_prompts_from_conformer_fastspeech2_pwg_ljspeech/gen_1073.wav,1,common_voices_prompts_from_conformer_fastspeech2_pwg_ljspeech,
train,__hf__,0,librispeech,1952
train,/lambda/nfs/algovirginia/workspace/DeepfakeDetectionRenewed/data/vcc2020/audio/T10/task1/team10_intra-TEF2_SEF2_E30003.wav,1,VCC2020_T10,
train,__hf__,0,librispeech,25365
train,/lambda/nfs/algovirginia/workspace/DeepfakeDetectionRenewed/data/wavefake/generated_audio/ljspeech_full_band_melgan/LJ045-0049_gen.wav,1,ljspeech_full_band_melgan,
train,__hf__,0,librispeech,16599
train,__hf__,0,librispeech,1377
train,/lambda/nfs/algovirginia/workspace/DeepfakeDetectionRenewed/data/vcc2020/audio/T23/task1/team23_intra-TEF2_SEM2_E30003.wav,1,VCC2020_T23,
train,/lambda/nfs/algovirginia/workspace/DeepfakeDetectionRenewed/data/vcc2020/audio/T26/task1/team26_intra-TEF1_SEM2_E30002.wav,1,VCC2020_T26,
train,__hf__,0,librispeech,1891
train,/lambda/nfs/algovirginia/workspace/DeepfakeDetectionRenewed/data/vcc2020/audio/T14/task1/team14_intra-TEM1_SEF2_E30004.wav,1,VCC2020_T14,
train,__hf__,0,librispeech,16766
train,__hf__,0,librispeech,21311
train,__hf__,0,librispeech,20722
train,/lambda/nfs/algovirginia/workspace/DeepfakeDetectionRenewed/data/vcc2020/audio/T11/task1/team11_intra-TEF1_SEF1_E30001.wav,1,VCC2020_T11,
train,__hf__,0,librispeech,26101
train,__hf__,0,librispeech,9739
train,/lambda/nfs/algovirginia/workspace/DeepfakeDetectionRenewed/data/vcc2020/audio/T21/task1/team21_intra-TEM2_SEM1_E30003.wav,1,VCC2020_T21,
train,__hf__,0,librispeech,11454
train,__hf__,0,librispeech,21704
train,__hf__,0,librispeech,1104
train,/lambda/nfs/algovirginia/workspace/DeepfakeDetectionRenewed/data/vcc2020/audio/T25/task1/team25_intra-TEF1_SEF2_E30001.wav,1,VCC2020_T25,
train,/lambda/nfs/algovirginia/workspace/DeepfakeDetectionRenewed/data/wavefake/generated_audio/ljspeech_parallel_wavegan/LJ016-0361_gen.wav,1,ljspeech_parallel_wavegan,
train,__hf__,0,librispeech,639
train,__hf__,0,librispeech,15896
train,/lambda/nfs/algovirginia/workspace/DeepfakeDetectionRenewed/data/vcc2020/audio/T16/task1/team16_intra-TEF1_SEM1_E30005.wav,1,VCC2020_T16,
train,__hf__,0,librispeech,11734
train,/lambda/nfs/algovirginia/workspace/DeepfakeDetectionRenewed/data/vcc2020/audio/T01/task1/team01_intra-TEM2_SEF2_E30001.wav,1,VCC2020_T01,
train,/lambda/nfs/algovirginia/workspace/DeepfakeDetectionRenewed/data/wavefake/generated_audio/ljspeech_parallel_wavegan/LJ014-0278_gen.wav,1,ljspeech_parallel_wavegan,
train,__hf__,0,librispeech,4392
train,/lambda/nfs/algovirginia/workspace/DeepfakeDetectionRenewed/data/vcc2020/audio/T10/task1/team10_intra-TEF1_SEF1_E30005.wav,1,VCC2020_T10,
train,__hf__,0,librispeech,13518
train,/lambda/nfs/algovirginia/workspace/DeepfakeDetectionRenewed/data/vcc2020/audio/T08/task1/team08_intra-TEF1_SEF2_E30002.wav,1,VCC2020_T08,
train,/lambda/nfs/algovirginia/workspace/DeepfakeDetectionRenewed/data/wavefake/generated_audio/common_voices_prompts_from_conformer_fastspeech2_pwg_ljspeech/gen_645.wav,1,common_voices_prompts_from_conformer_fastspeech2_pwg_ljspeech,
train,/lambda/nfs/algovirginia/workspace/DeepfakeDetectionRenewed/data/vcc2020/audio/T07/task1/team07_intra-TEF1_SEF1_E30005.wav,1,VCC2020_T07,
train,__hf__,0,librispeech,18797
train,__hf__,0,librispeech,18906
train,__hf__,0,librispeech,446
train,/lambda/nfs/algovirginia/workspace/DeepfakeDetectionRenewed/data/vcc2020/audio/T30/task1/team30_intra-TEF1_SEM2_E30004.wav,1,VCC2020_T30,
train,/lambda/nfs/algovirginia/workspace/DeepfakeDetectionRenewed/data/vcc2020/audio/T22/task1/team22_intra-TEM1_SEM2_E30004.wav,1,VCC2020_T22,
train,__hf__,0,librispeech,4197
train,__hf__,0,librispeech,23795
train,/lambda/nfs/algovirginia/workspace/DeepfakeDetectionRenewed/data/wavefake/generated_audio/ljspeech_parallel_wavegan/LJ032-0117_gen.wav,1,ljspeech_parallel_wavegan,
train,/lambda/nfs/algovirginia/workspace/DeepfakeDetectionRenewed/data/wavefake/generated_audio/ljspeech_hifiGAN/LJ048-0111_generated.wav,1,ljspeech_hifiGAN,
train,__hf__,0,librispeech,20776
train,__hf__,0,librispeech,2272
train,__hf__,0,librispeech,6884
train,/lambda/nfs/algovirginia/workspace/DeepfakeDetectionRenewed/data/vcc2020/audio/T16/task1/team16_intra-TEF1_SEM1_E30003.wav,1,VCC2020_T16,
train,/lambda/nfs/algovirginia/workspace/DeepfakeDetectionRenewed/data/wavefake/generated_audio/ljspeech_parallel_wavegan/LJ011-0277_gen.wav,1,ljspeech_parallel_wavegan,
train,__hf__,0,librispeech,20919
train,/lambda/nfs/algovirginia/workspace/DeepfakeDetectionRenewed/data/wavefake/generated_audio/ljspeech_full_band_melgan/LJ008-0319_gen.wav,1,ljspeech_full_band_melgan,
train,/lambda/nfs/algovirginia/workspace/DeepfakeDetectionRenewed/data/wavefake/generated_audio/common_voices_prompts_from_conformer_fastspeech2_pwg_ljspeech/gen_15084.wav,1,common_voices_prompts_from_conformer_fastspeech2_pwg_ljspeech,
train,/lambda/nfs/algovirginia/workspace/DeepfakeDetectionRenewed/data/vcc2020/audio/T08/task1/team08_intra-TEF2_SEM1_E30002.wav,1,VCC2020_T08,
train,/lambda/nfs/algovirginia/workspace/DeepfakeDetectionRenewed/data/vcc2020/audio/T01/task1/team01_intra-TEM1_SEM1_E30004.wav,1,VCC2020_T01,
train,__hf__,0,librispeech,27310
train,__hf__,0,librispeech,9651
train,/lambda/nfs/algovirginia/workspace/DeepfakeDetectionRenewed/data/wavefake/generated_audio/ljspeech_full_band_melgan/LJ034-0171_gen.wav,1,ljspeech_full_band_melgan,
train,/lambda/nfs/algovirginia/workspace/DeepfakeDetectionRenewed/data/vcc2020/audio/T30/task1/team30_intra-TEM2_SEM1_E30003.wav,1,VCC2020_T30,
train,__hf__,0,librispeech,25814
train,__hf__,0,librispeech,9541
train,__hf__,0,librispeech,25626
train,__hf__,0,librispeech,5808
train,__hf__,0,librispeech,26326
train,__hf__,0,librispeech,14380
train,/lambda/nfs/algovirginia/workspace/DeepfakeDetectionRenewed/data/vcc2020/audio/T17/task1/team17_intra-TEM1_SEM2_E30004.wav,1,VCC2020_T17,
train,/lambda/nfs/algovirginia/workspace/DeepfakeDetectionRenewed/data/vcc2020/audio/T16/task1/team16_intra-TEF1_SEM2_E30001.wav,1,VCC2020_T16,
train,__hf__,0,librispeech,1461
train,/lambda/nfs/algovirginia/workspace/DeepfakeDetectionRenewed/data/wavefake/generated_audio/common_voices_prompts_from_conformer_fastspeech2_pwg_ljspeech/gen_5954.wav,1,common_voices_prompts_from_conformer_fastspeech2_pwg_ljspeech,
train,__hf__,0,librispeech,10032
train,__hf__,0,librispeech,19010
train,/lambda/nfs/algovirginia/workspace/DeepfakeDetectionRenewed/data/wavefake/generated_audio/ljspeech_hifiGAN/LJ019-0346_generated.wav,1,ljspeech_hifiGAN,
train,__hf__,0,librispeech,27209
train,__hf__,0,librispeech,8513
train,/lambda/nfs/algovirginia/workspace/DeepfakeDetectionRenewed/data/wavefake/generated_audio/ljspeech_hifiGAN/LJ047-0049_generated.wav,1,ljspeech_hifiGAN,
train,__hf__,0,librispeech,20148
train,/lambda/nfs/algovirginia/workspace/DeepfakeDetectionRenewed/data/vcc2020/audio/T28/task1/team28_intra-TEM1_SEF1_E30001.wav,1,VCC2020_T28,
train,/lambda/nfs/algovirginia/workspace/DeepfakeDetectionRenewed/data/wavefake/generated_audio/ljspeech_hifiGAN/LJ016-0352_generated.wav,1,ljspeech_hifiGAN,
train,/lambda/nfs/algovirginia/workspace/DeepfakeDetectionRenewed/data/vcc2020/audio/T09/task1/team09_intra-TEF2_SEF2_E30004.wav,1,VCC2020_T09,
train,/lambda/nfs/algovirginia/workspace/DeepfakeDetectionRenewed/data/wavefake/generated_audio/ljspeech_parallel_wavegan/LJ047-0182_gen.wav,1,ljspeech_parallel_wavegan,
train,/lambda/nfs/algovirginia/workspace/DeepfakeDetectionRenewed/data/vcc2020/audio/T18/task1/team18_intra-TEF1_SEF2_E30003.wav,1,VCC2020_T18,
train,__hf__,0,librispeech,18444
train,/lambda/nfs/algovirginia/workspace/DeepfakeDetectionRenewed/data/vcc2020/audio/T18/task1/team18_intra-TEM1_SEM2_E30003.wav,1,VCC2020_T18,
train,/lambda/nfs/algovirginia/workspace/DeepfakeDetectionRenewed/data/vcc2020/audio/T01/task1/team01_intra-TEM2_SEM2_E30001.wav,1,VCC2020_T01,
train,__hf__,0,librispeech,1001
train,__hf__,0,librispeech,20310
train,/lambda/nfs/algovirginia/workspace/DeepfakeDetectionRenewed/data/wavefake/generated_audio/ljspeech_hifiGAN/LJ006-0226_generated.wav,1,ljspeech_hifiGAN,
train,__hf__,0,librispeech,2266
train,/lambda/nfs/algovirginia/workspace/DeepfakeDetectionRenewed/data/wavefake/generated_audio/common_voices_prompts_from_conformer_fastspeech2_pwg_ljspeech/gen_13093.wav,1,common_voices_prompts_from_conformer_fastspeech2_pwg_ljspeech,
train,__hf__,0,librispeech,26372
train,__hf__,0,librispeech,17925
train,/lambda/nfs/algovirginia/workspace/DeepfakeDetectionRenewed/data/vcc2020/audio/T28/task1/team28_intra-TEF1_SEM2_E30002.wav,1,VCC2020_T28,
train,__hf__,0,librispeech,18798
train,/lambda/nfs/algovirginia/workspace/DeepfakeDetectionRenewed/data/wavefake/generated_audio/ljspeech_parallel_wavegan/LJ032-0197_gen.wav,1,ljspeech_parallel_wavegan,
train,/lambda/nfs/algovirginia/workspace/DeepfakeDetectionRenewed/data/vcc2020/audio/T13/task1/team13_intra-TEF1_SEM1_E30001.wav,1,VCC2020_T13,
train,/lambda/nfs/algovirginia/workspace/DeepfakeDetectionRenewed/data/wavefake/generated_audio/ljspeech_hifiGAN/LJ025-0146_generated.wav,1,ljspeech_hifiGAN,
train,/lambda/nfs/algovirginia/workspace/DeepfakeDetectionRenewed/data/vcc2020/audio/T04/task1/team04_intra-TEM1_SEM2_E30004.wav,1,VCC2020_T04,
train,__hf__,0,librispeech,68
train,/lambda/nfs/algovirginia/workspace/DeepfakeDetectionRenewed/data/vcc2020/audio/T30/task1/team30_intra-TEF1_SEM2_E30003.wav,1,VCC2020_T30,
train,/lambda/nfs/algovirginia/workspace/DeepfakeDetectionRenewed/data/wavefake/generated_audio/ljspeech_full_band_melgan/LJ041-0158_gen.wav,1,ljspeech_full_band_melgan,
train,__hf__,0,librispeech,22095
train,/lambda/nfs/algovirginia/workspace/DeepfakeDetectionRenewed/data/vcc2020/audio/T16/task1/team16_intra-TEM1_SEF1_E30005.wav,1,VCC2020_T16,
train,/lambda/nfs/algovirginia/workspace/DeepfakeDetectionRenewed/data/vcc2020/audio/T02/task1/team02_intra-TEM2_SEM2_E30001.wav,1,VCC2020_T02,
train,__hf__,0,librispeech,9401
train,__hf__,0,librispeech,14039
train,__hf__,0,librispeech,20728
train,/lambda/nfs/algovirginia/workspace/DeepfakeDetectionRenewed/data/wavefake/generated_audio/common_voices_prompts_from_conformer_fastspeech2_pwg_ljspeech/gen_3223.wav,1,common_voices_prompts_from_conformer_fastspeech2_pwg_ljspeech,
train,/lambda/nfs/algovirginia/workspace/DeepfakeDetectionRenewed/data/wavefake/generated_audio/ljspeech_parallel_wavegan/LJ036-0179_gen.wav,1,ljspeech_parallel_wavegan,
train,__hf__,0,librispeech,7806
train,__hf__,0,librispeech,27098
train,/lambda/nfs/algovirginia/workspace/DeepfakeDetectionRenewed/data/wavefake/generated_audio/ljspeech_hifiGAN/LJ037-0032_generated.wav,1,ljspeech_hifiGAN,
train,/lambda/nfs/algovirginia/workspace/DeepfakeDetectionRenewed/data/wavefake/generated_audio/ljspeech_full_band_melgan/LJ042-0070_gen.wav,1,ljspeech_full_band_melgan,
train,/lambda/nfs/algovirginia/workspace/DeepfakeDetectionRenewed/data/wavefake/generated_audio/ljspeech_parallel_wavegan/LJ017-0222_gen.wav,1,ljspeech_parallel_wavegan,
train,__hf__,0,librispeech,15055
train,/lambda/nfs/algovirginia/workspace/DeepfakeDetectionRenewed/data/vcc2020/audio/T02/task1/team02_intra-TEM2_SEM1_E30005.wav,1,VCC2020_T02,
train,__hf__,0,librispeech,25956
train,__hf__,0,librispeech,23654
train,/lambda/nfs/algovirginia/workspace/DeepfakeDetectionRenewed/data/vcc2020/audio/T24/task1/team24_intra-TEM1_SEM1_E30004.wav,1,VCC2020_T24,
train,/lambda/nfs/algovirginia/workspace/DeepfakeDetectionRenewed/data/wavefake/generated_audio/ljspeech_hifiGAN/LJ031-0179_generated.wav,1,ljspeech_hifiGAN,
train,/lambda/nfs/algovirginia/workspace/DeepfakeDetectionRenewed/data/wavefake/generated_audio/ljspeech_full_band_melgan/LJ005-0278_gen.wav,1,ljspeech_full_band_melgan,
train,__hf__,0,librispeech,5813
train,__hf__,0,librispeech,3965
train,/lambda/nfs/algovirginia/workspace/DeepfakeDetectionRenewed/data/vcc2020/audio/T20/task1/team20_intra-TEM2_SEM1_E30001.wav,1,VCC2020_T20,
train,__hf__,0,librispeech,27940
train,/lambda/nfs/algovirginia/workspace/DeepfakeDetectionRenewed/data/wavefake/generated_audio/common_voices_prompts_from_conformer_fastspeech2_pwg_ljspeech/gen_15106.wav,1,common_voices_prompts_from_conformer_fastspeech2_pwg_ljspeech,
train,__hf__,0,librispeech,4805
train,__hf__,0,librispeech,19015
train,/lambda/nfs/algovirginia/workspace/DeepfakeDetectionRenewed/data/vcc2020/audio/T01/task1/team01_intra-TEF1_SEF2_E30005.wav,1,VCC2020_T01,
train,__hf__,0,librispeech,24590
train,/lambda/nfs/algovirginia/workspace/DeepfakeDetectionRenewed/data/wavefake/generated_audio/common_voices_prompts_from_conformer_fastspeech2_pwg_ljspeech/gen_15836.wav,1,common_voices_prompts_from_conformer_fastspeech2_pwg_ljspeech,
train,__hf__,0,librispeech,9821
train,/lambda/nfs/algovirginia/workspace/DeepfakeDetectionRenewed/data/wavefake/generated_audio/ljspeech_parallel_wavegan/LJ008-0156_gen.wav,1,ljspeech_parallel_wavegan,
train,__hf__,0,librispeech,20170
train,/lambda/nfs/algovirginia/workspace/DeepfakeDetectionRenewed/data/vcc2020/audio/T32/task1/team32_intra-TEF2_SEM1_E30001.wav,1,VCC2020_T32,
train,__hf__,0,librispeech,13282
train,__hf__,0,librispeech,21512
train,/lambda/nfs/algovirginia/workspace/DeepfakeDetectionRenewed/data/wavefake/generated_audio/ljspeech_parallel_wavegan/LJ007-0045_gen.wav,1,ljspeech_parallel_wavegan,
train,/lambda/nfs/algovirginia/workspace/DeepfakeDetectionRenewed/data/vcc2020/audio/T10/task1/team10_intra-TEM1_SEF2_E30002.wav,1,VCC2020_T10,
train,__hf__,0,librispeech,9147
train,__hf__,0,librispeech,7960
train,__hf__,0,librispeech,9062
train,__hf__,0,librispeech,9610
train,/lambda/nfs/algovirginia/workspace/DeepfakeDetectionRenewed/data/wavefake/generated_audio/ljspeech_parallel_wavegan/LJ028-0359_gen.wav,1,ljspeech_parallel_wavegan,
train,/lambda/nfs/algovirginia/workspace/DeepfakeDetectionRenewed/data/wavefake/generated_audio/common_voices_prompts_from_conformer_fastspeech2_pwg_ljspeech/gen_12425.wav,1,common_voices_prompts_from_conformer_fastspeech2_pwg_ljspeech,
train,__hf__,0,librispeech,5483
train,/lambda/nfs/algovirginia/workspace/DeepfakeDetectionRenewed/data/vcc2020/audio/T06/task1/team06_intra-TEF2_SEF2_E30003.wav,1,VCC2020_T06,
train,__hf__,0,librispeech,23374
train,/lambda/nfs/algovirginia/workspace/DeepfakeDetectionRenewed/data/vcc2020/audio/T17/task1/team17_intra-TEF2_SEF2_E30001.wav,1,VCC2020_T17,
train,/lambda/nfs/algovirginia/workspace/DeepfakeDetectionRenewed/data/wavefake/generated_audio/ljspeech_hifiGAN/LJ016-0009_generated.wav,1,ljspeech_hifiGAN,
train,/lambda/nfs/algovirginia/workspace/DeepfakeDetectionRenewed/data/vcc2020/audio/T10/task1/team10_intra-TEM1_SEM2_E30004.wav,1,VCC2020_T10,
train,__hf__,0,librispeech,27626
train,/lambda/nfs/algovirginia/workspace/DeepfakeDetectionRenewed/data/wavefake/generated_audio/ljspeech_parallel_wavegan/LJ039-0086_gen.wav,1,ljspeech_parallel_wavegan,
train,__hf__,0,librispeech,5452
train,__hf__,0,librispeech,11062
train,__hf__,0,librispeech,11273
train,/lambda/nfs/algovirginia/workspace/DeepfakeDetectionRenewed/data/wavefake/generated_audio/ljspeech_hifiGAN/LJ002-0159_generated.wav,1,ljspeech_hifiGAN,
train,__hf__,0,librispeech,16388
train,__hf__,0,librispeech,9494
train,/lambda/nfs/algovirginia/workspace/DeepfakeDetectionRenewed/data/vcc2020/audio/T02/task1/team02_intra-TEF2_SEF1_E30003.wav,1,VCC2020_T02,
train,/lambda/nfs/algovirginia/workspace/DeepfakeDetectionRenewed/data/wavefake/generated_audio/common_voices_prompts_from_conformer_fastspeech2_pwg_ljspeech/gen_3585.wav,1,common_voices_prompts_from_conformer_fastspeech2_pwg_ljspeech,
train,__hf__,0,librispeech,14655
train,/lambda/nfs/algovirginia/workspace/DeepfakeDetectionRenewed/data/vcc2020/audio/T31/task1/team31_intra-TEM1_SEM2_E30003.wav,1,VCC2020_T31,
train,/lambda/nfs/algovirginia/workspace/DeepfakeDetectionRenewed/data/vcc2020/audio/T24/task1/team24_intra-TEM2_SEM2_E30002.wav,1,VCC2020_T24,
train,/lambda/nfs/algovirginia/workspace/DeepfakeDetectionRenewed/data/vcc2020/audio/T27/task1/team27_intra-TEM1_SEM1_E30005.wav,1,VCC2020_T27,
train,/lambda/nfs/algovirginia/workspace/DeepfakeDetectionRenewed/data/wavefake/generated_audio/ljspeech_full_band_melgan/LJ033-0189_gen.wav,1,ljspeech_full_band_melgan,
train,__hf__,0,librispeech,20489
train,__hf__,0,librispeech,4130
train,/lambda/nfs/algovirginia/workspace/DeepfakeDetectionRenewed/data/wavefake/generated_audio/ljspeech_hifiGAN/LJ001-0018_generated.wav,1,ljspeech_hifiGAN,
train,/lambda/nfs/algovirginia/workspace/DeepfakeDetectionRenewed/data/vcc2020/audio/T33/task1/team33_intra-TEM2_SEM2_E30005.wav,1,VCC2020_T33,
train,/lambda/nfs/algovirginia/workspace/DeepfakeDetectionRenewed/data/wavefake/generated_audio/ljspeech_full_band_melgan/LJ036-0179_gen.wav,1,ljspeech_full_band_melgan,
train,__hf__,0,librispeech,15780
train,/lambda/nfs/algovirginia/workspace/DeepfakeDetectionRenewed/data/vcc2020/audio/T23/task1/team23_intra-TEM2_SEM1_E30005.wav,1,VCC2020_T23,
train,__hf__,0,librispeech,22162
train,/lambda/nfs/algovirginia/workspace/DeepfakeDetectionRenewed/data/vcc2020/audio/T20/task1/team20_intra-TEF2_SEF1_E30004.wav,1,VCC2020_T20,
train,__hf__,0,librispeech,22473
train,__hf__,0,librispeech,8533
train,__hf__,0,librispeech,22410
train,__hf__,0,librispeech,13213
train,/lambda/nfs/algovirginia/workspace/DeepfakeDetectionRenewed/data/wavefake/generated_audio/ljspeech_hifiGAN/LJ003-0019_generated.wav,1,ljspeech_hifiGAN,
train,/lambda/nfs/algovirginia/workspace/DeepfakeDetectionRenewed/data/vcc2020/audio/T04/task1/team04_intra-TEF1_SEF1_E30005.wav,1,VCC2020_T04,
train,/lambda/nfs/algovirginia/workspace/DeepfakeDetectionRenewed/data/vcc2020/audio/T24/task1/team24_intra-TEF1_SEM1_E30003.wav,1,VCC2020_T24,
train,__hf__,0,librispeech,13635
train,/lambda/nfs/algovirginia/workspace/DeepfakeDetectionRenewed/data/wavefake/generated_audio/ljspeech_full_band_melgan/LJ006-0208_gen.wav,1,ljspeech_full_band_melgan,
train,/lambda/nfs/algovirginia/workspace/DeepfakeDetectionRenewed/data/wavefake/generated_audio/ljspeech_hifiGAN/LJ016-0259_generated.wav,1,ljspeech_hifiGAN,
train,__hf__,0,librispeech,27371
train,/lambda/nfs/algovirginia/workspace/DeepfakeDetectionRenewed/data/vcc2020/audio/T14/task1/team14_intra-TEF1_SEF1_E30002.wav,1,VCC2020_T14,
train,__hf__,0,librispeech,15695
train,/lambda/nfs/algovirginia/workspace/DeepfakeDetectionRenewed/data/vcc2020/audio/T11/task1/team11_intra-TEM1_SEF2_E30005.wav,1,VCC2020_T11,
train,__hf__,0,librispeech,17657
train,/lambda/nfs/algovirginia/workspace/DeepfakeDetectionRenewed/data/wavefake/generated_audio/ljspeech_full_band_melgan/LJ039-0154_gen.wav,1,ljspeech_full_band_melgan,
train,/lambda/nfs/algovirginia/workspace/DeepfakeDetectionRenewed/data/vcc2020/audio/T28/task1/team28_intra-TEM2_SEF1_E30005.wav,1,VCC2020_T28,
train,/lambda/nfs/algovirginia/workspace/DeepfakeDetectionRenewed/data/vcc2020/audio/T17/task1/team17_intra-TEF2_SEM2_E30005.wav,1,VCC2020_T17,
train,__hf__,0,librispeech,19520
train,/lambda/nfs/algovirginia/workspace/DeepfakeDetectionRenewed/data/wavefake/generated_audio/ljspeech_hifiGAN/LJ020-0004_generated.wav,1,ljspeech_hifiGAN,
train,__hf__,0,librispeech,6948
train,/lambda/nfs/algovirginia/workspace/DeepfakeDetectionRenewed/data/wavefake/generated_audio/ljspeech_parallel_wavegan/LJ003-0028_gen.wav,1,ljspeech_parallel_wavegan,
train,/lambda/nfs/algovirginia/workspace/DeepfakeDetectionRenewed/data/vcc2020/audio/T16/task1/team16_intra-TEM2_SEM2_E30004.wav,1,VCC2020_T16,
train,__hf__,0,librispeech,19968
train,__hf__,0,librispeech,26654
train,/lambda/nfs/algovirginia/workspace/DeepfakeDetectionRenewed/data/vcc2020/audio/T23/task1/team23_intra-TEM1_SEF1_E30003.wav,1,VCC2020_T23,
train,__hf__,0,librispeech,13731
train,__hf__,0,librispeech,28283
train,/lambda/nfs/algovirginia/workspace/DeepfakeDetectionRenewed/data/wavefake/generated_audio/common_voices_prompts_from_conformer_fastspeech2_pwg_ljspeech/gen_8902.wav,1,common_voices_prompts_from_conformer_fastspeech2_pwg_ljspeech,
train,__hf__,0,librispeech,16837
train,__hf__,0,librispeech,25905
train,__hf__,0,librispeech,11228
train,/lambda/nfs/algovirginia/workspace/DeepfakeDetectionRenewed/data/wavefake/generated_audio/ljspeech_full_band_melgan/LJ010-0248_gen.wav,1,ljspeech_full_band_melgan,
train,/lambda/nfs/algovirginia/workspace/DeepfakeDetectionRenewed/data/wavefake/generated_audio/ljspeech_full_band_melgan/LJ045-0041_gen.wav,1,ljspeech_full_band_melgan,
train,__hf__,0,librispeech,11036
train,__hf__,0,librispeech,15124
train,/lambda/nfs/algovirginia/workspace/DeepfakeDetectionRenewed/data/wavefake/generated_audio/ljspeech_hifiGAN/LJ019-0389_generated.wav,1,ljspeech_hifiGAN,
train,__hf__,0,librispeech,22842
train,__hf__,0,librispeech,5099
train,__hf__,0,librispeech,4961
train,/lambda/nfs/algovirginia/workspace/DeepfakeDetectionRenewed/data/wavefake/generated_audio/ljspeech_full_band_melgan/LJ018-0166_gen.wav,1,ljspeech_full_band_melgan,
train,__hf__,0,librispeech,1138
train,__hf__,0,librispeech,8476
train,/lambda/nfs/algovirginia/workspace/DeepfakeDetectionRenewed/data/vcc2020/audio/T19/task1/team19_intra-TEF2_SEM1_E30001.wav,1,VCC2020_T19,
train,/lambda/nfs/algovirginia/workspace/DeepfakeDetectionRenewed/data/wavefake/generated_audio/ljspeech_parallel_wavegan/LJ008-0118_gen.wav,1,ljspeech_parallel_wavegan,
train,/lambda/nfs/algovirginia/workspace/DeepfakeDetectionRenewed/data/vcc2020/audio/T07/task1/team07_intra-TEF2_SEM1_E30001.wav,1,VCC2020_T07,
train,__hf__,0,librispeech,4701
train,/lambda/nfs/algovirginia/workspace/DeepfakeDetectionRenewed/data/vcc2020/audio/T20/task1/team20_intra-TEF2_SEF1_E30005.wav,1,VCC2020_T20,
train,/lambda/nfs/algovirginia/workspace/DeepfakeDetectionRenewed/data/vcc2020/audio/T12/task1/team12_intra-TEM1_SEM2_E30001.wav,1,VCC2020_T12,
train,/lambda/nfs/algovirginia/workspace/DeepfakeDetectionRenewed/data/vcc2020/audio/T27/task1/team27_intra-TEF1_SEF1_E30002.wav,1,VCC2020_T27,
train,__hf__,0,librispeech,3418
train,/lambda/nfs/algovirginia/workspace/DeepfakeDetectionRenewed/data/wavefake/generated_audio/ljspeech_hifiGAN/LJ047-0196_generated.wav,1,ljspeech_hifiGAN,
train,__hf__,0,librispeech,4345
train,/lambda/nfs/algovirginia/workspace/DeepfakeDetectionRenewed/data/vcc2020/audio/T02/task1/team02_intra-TEF1_SEF2_E30002.wav,1,VCC2020_T02,
train,__hf__,0,librispeech,15689
train,__hf__,0,librispeech,18919
train,__hf__,0,librispeech,4748
train,/lambda/nfs/algovirginia/workspace/DeepfakeDetectionRenewed/data/vcc2020/audio/T33/task1/team33_intra-TEF2_SEM2_E30002.wav,1,VCC2020_T33,
train,/lambda/nfs/algovirginia/workspace/DeepfakeDetectionRenewed/data/wavefake/generated_audio/ljspeech_hifiGAN/LJ005-0234_generated.wav,1,ljspeech_hifiGAN,
train,__hf__,0,librispeech,20828
train,__hf__,0,librispeech,21850
train,/lambda/nfs/algovirginia/workspace/DeepfakeDetectionRenewed/data/vcc2020/audio/T23/task1/team23_intra-TEM2_SEM2_E30003.wav,1,VCC2020_T23,
train,/lambda/nfs/algovirginia/workspace/DeepfakeDetectionRenewed/data/wavefake/generated_audio/common_voices_prompts_from_conformer_fastspeech2_pwg_ljspeech/gen_10650.wav,1,common_voices_prompts_from_conformer_fastspeech2_pwg_ljspeech,
train,/lambda/nfs/algovirginia/workspace/DeepfakeDetectionRenewed/data/vcc2020/audio/T08/task1/team08_intra-TEM2_SEM2_E30004.wav,1,VCC2020_T08,
train,/lambda/nfs/algovirginia/workspace/DeepfakeDetectionRenewed/data/wavefake/generated_audio/common_voices_prompts_from_conformer_fastspeech2_pwg_ljspeech/gen_13914.wav,1,common_voices_prompts_from_conformer_fastspeech2_pwg_ljspeech,
train,/lambda/nfs/algovirginia/workspace/DeepfakeDetectionRenewed/data/vcc2020/audio/T33/task1/team33_intra-TEF1_SEM1_E30004.wav,1,VCC2020_T33,
train,__hf__,0,librispeech,11090
train,__hf__,0,librispeech,16439
train,__hf__,0,librispeech,1416
train,__hf__,0,librispeech,10658
train,/lambda/nfs/algovirginia/workspace/DeepfakeDetectionRenewed/data/vcc2020/audio/T11/task1/team11_intra-TEM2_SEF2_E30002.wav,1,VCC2020_T11,
train,/lambda/nfs/algovirginia/workspace/DeepfakeDetectionRenewed/data/vcc2020/audio/T12/task1/team12_intra-TEF1_SEF1_E30005.wav,1,VCC2020_T12,
train,/lambda/nfs/algovirginia/workspace/DeepfakeDetectionRenewed/data/vcc2020/audio/T31/task1/team31_intra-TEM1_SEF1_E30001.wav,1,VCC2020_T31,
train,/lambda/nfs/algovirginia/workspace/DeepfakeDetectionRenewed/data/vcc2020/audio/T25/task1/team25_intra-TEM2_SEM2_E30004.wav,1,VCC2020_T25,
train,__hf__,0,librispeech,21447
train,/lambda/nfs/algovirginia/workspace/DeepfakeDetectionRenewed/data/vcc2020/audio/T16/task1/team16_intra-TEF2_SEM1_E30001.wav,1,VCC2020_T16,
train,/lambda/nfs/algovirginia/workspace/DeepfakeDetectionRenewed/data/vcc2020/audio/T24/task1/team24_intra-TEM1_SEF1_E30003.wav,1,VCC2020_T24,
train,__hf__,0,librispeech,18758
train,/lambda/nfs/algovirginia/workspace/DeepfakeDetectionRenewed/data/vcc2020/audio/T31/task1/team31_intra-TEF1_SEM2_E30005.wav,1,VCC2020_T31,
train,__hf__,0,librispeech,28031
train,__hf__,0,librispeech,7070
train,/lambda/nfs/algovirginia/workspace/DeepfakeDetectionRenewed/data/wavefake/generated_audio/ljspeech_hifiGAN/LJ009-0044_generated.wav,1,ljspeech_hifiGAN,
train,/lambda/nfs/algovirginia/workspace/DeepfakeDetectionRenewed/data/vcc2020/audio/T23/task1/team23_intra-TEM1_SEF2_E30002.wav,1,VCC2020_T23,
train,/lambda/nfs/algovirginia/workspace/DeepfakeDetectionRenewed/data/wavefake/generated_audio/ljspeech_parallel_wavegan/LJ014-0178_gen.wav,1,ljspeech_parallel_wavegan,
train,/lambda/nfs/algovirginia/workspace/DeepfakeDetectionRenewed/data/vcc2020/audio/T18/task1/team18_intra-TEM2_SEF2_E30003.wav,1,VCC2020_T18,
train,/lambda/nfs/algovirginia/workspace/DeepfakeDetectionRenewed/data/wavefake/generated_audio/ljspeech_parallel_wavegan/LJ011-0042_gen.wav,1,ljspeech_parallel_wavegan,
train,__hf__,0,librispeech,14385
train,__hf__,0,librispeech,3756
train,/lambda/nfs/algovirginia/workspace/DeepfakeDetectionRenewed/data/wavefake/generated_audio/common_voices_prompts_from_conformer_fastspeech2_pwg_ljspeech/gen_170.wav,1,common_voices_prompts_from_conformer_fastspeech2_pwg_ljspeech,
train,__hf__,0,librispeech,10230
train,__hf__,0,librispeech,21653
train,__hf__,0,librispeech,10008
train,/lambda/nfs/algovirginia/workspace/DeepfakeDetectionRenewed/data/wavefake/generated_audio/ljspeech_full_band_melgan/LJ016-0037_gen.wav,1,ljspeech_full_band_melgan,
train,__hf__,0,librispeech,24290
train,__hf__,0,librispeech,23380
train,__hf__,0,librispeech,17230
train,__hf__,0,librispeech,2934
train,/lambda/nfs/algovirginia/workspace/DeepfakeDetectionRenewed/data/wavefake/generated_audio/ljspeech_parallel_wavegan/LJ018-0032_gen.wav,1,ljspeech_parallel_wavegan,
train,__hf__,0,librispeech,9419
train,__hf__,0,librispeech,7185
train,/lambda/nfs/algovirginia/workspace/DeepfakeDetectionRenewed/data/wavefake/generated_audio/ljspeech_parallel_wavegan/LJ028-0219_gen.wav,1,ljspeech_parallel_wavegan,
train,__hf__,0,librispeech,22320
train,/lambda/nfs/algovirginia/workspace/DeepfakeDetectionRenewed/data/wavefake/generated_audio/ljspeech_hifiGAN/LJ010-0135_generated.wav,1,ljspeech_hifiGAN,
train,__hf__,0,librispeech,6525
train,/lambda/nfs/algovirginia/workspace/DeepfakeDetectionRenewed/data/wavefake/generated_audio/common_voices_prompts_from_conformer_fastspeech2_pwg_ljspeech/gen_12823.wav,1,common_voices_prompts_from_conformer_fastspeech2_pwg_ljspeech,
train,/lambda/nfs/algovirginia/workspace/DeepfakeDetectionRenewed/data/vcc2020/audio/T14/task1/team14_intra-TEM2_SEF1_E30001.wav,1,VCC2020_T14,
train,__hf__,0,librispeech,6692
train,__hf__,0,librispeech,26518
train,__hf__,0,librispeech,11861
train,/lambda/nfs/algovirginia/workspace/DeepfakeDetectionRenewed/data/vcc2020/audio/T25/task1/team25_intra-TEM2_SEM2_E30005.wav,1,VCC2020_T25,
train,__hf__,0,librispeech,14618
train,__hf__,0,librispeech,3143
train,__hf__,0,librispeech,14604
train,/lambda/nfs/algovirginia/workspace/DeepfakeDetectionRenewed/data/wavefake/generated_audio/common_voices_prompts_from_conformer_fastspeech2_pwg_ljspeech/gen_120.wav,1,common_voices_prompts_from_conformer_fastspeech2_pwg_ljspeech,
train,__hf__,0,librispeech,13355
train,__hf__,0,librispeech,6000
train,__hf__,0,librispeech,4218
train,__hf__,0,librispeech,4461
train,/lambda/nfs/algovirginia/workspace/DeepfakeDetectionRenewed/data/wavefake/generated_audio/ljspeech_full_band_melgan/LJ021-0167_gen.wav,1,ljspeech_full_band_melgan,
train,__hf__,0,librispeech,15450
train,/lambda/nfs/algovirginia/workspace/DeepfakeDetectionRenewed/data/vcc2020/audio/T10/task1/team10_intra-TEF1_SEF1_E30004.wav,1,VCC2020_T10,
train,/lambda/nfs/algovirginia/workspace/DeepfakeDetectionRenewed/data/wavefake/generated_audio/common_voices_prompts_from_conformer_fastspeech2_pwg_ljspeech/gen_2495.wav,1,common_voices_prompts_from_conformer_fastspeech2_pwg_ljspeech,
train,__hf__,0,librispeech,20836
train,__hf__,0,librispeech,17014
train,__hf__,0,librispeech,10405
train,/lambda/nfs/algovirginia/workspace/DeepfakeDetectionRenewed/data/wavefake/generated_audio/ljspeech_full_band_melgan/LJ015-0181_gen.wav,1,ljspeech_full_band_melgan,
train,/lambda/nfs/algovirginia/workspace/DeepfakeDetectionRenewed/data/vcc2020/audio/T18/task1/team18_intra-TEM2_SEF1_E30003.wav,1,VCC2020_T18,
train,__hf__,0,librispeech,15772
train,__hf__,0,librispeech,21264
train,__hf__,0,librispeech,16898
train,/lambda/nfs/algovirginia/workspace/DeepfakeDetectionRenewed/data/vcc2020/audio/T28/task1/team28_intra-TEM2_SEF2_E30003.wav,1,VCC2020_T28,
train,__hf__,0,librispeech,18036
train,/lambda/nfs/algovirginia/workspace/DeepfakeDetectionRenewed/data/vcc2020/audio/T09/task1/team09_intra-TEF1_SEF2_E30003.wav,1,VCC2020_T09,
train,/lambda/nfs/algovirginia/workspace/DeepfakeDetectionRenewed/data/vcc2020/audio/T23/task1/team23_intra-TEF2_SEF1_E30004.wav,1,VCC2020_T23,
train,/lambda/nfs/algovirginia/workspace/DeepfakeDetectionRenewed/data/vcc2020/audio/T27/task1/team27_intra-TEF1_SEF1_E30004.wav,1,VCC2020_T27,
train,/lambda/nfs/algovirginia/workspace/DeepfakeDetectionRenewed/data/wavefake/generated_audio/ljspeech_hifiGAN/LJ011-0150_generated.wav,1,ljspeech_hifiGAN,
train,/lambda/nfs/algovirginia/workspace/DeepfakeDetectionRenewed/data/vcc2020/audio/T08/task1/team08_intra-TEF2_SEM1_E30001.wav,1,VCC2020_T08,
train,/lambda/nfs/algovirginia/workspace/DeepfakeDetectionRenewed/data/wavefake/generated_audio/ljspeech_full_band_melgan/LJ001-0130_gen.wav,1,ljspeech_full_band_melgan,
train,/lambda/nfs/algovirginia/workspace/DeepfakeDetectionRenewed/data/vcc2020/audio/T20/task1/team20_intra-TEM2_SEF2_E30005.wav,1,VCC2020_T20,
train,__hf__,0,librispeech,5675
train,__hf__,0,librispeech,23535
train,__hf__,0,librispeech,6627
train,/lambda/nfs/algovirginia/workspace/DeepfakeDetectionRenewed/data/vcc2020/audio/T25/task1/team25_intra-TEM1_SEF1_E30003.wav,1,VCC2020_T25,
train,/lambda/nfs/algovirginia/workspace/DeepfakeDetectionRenewed/data/wavefake/generated_audio/ljspeech_parallel_wavegan/LJ032-0235_gen.wav,1,ljspeech_parallel_wavegan,
train,__hf__,0,librispeech,12945
train,/lambda/nfs/algovirginia/workspace/DeepfakeDetectionRenewed/data/vcc2020/audio/T19/task1/team19_intra-TEM2_SEF1_E30003.wav,1,VCC2020_T19,
train,/lambda/nfs/algovirginia/workspace/DeepfakeDetectionRenewed/data/vcc2020/audio/T22/task1/team22_intra-TEF1_SEF2_E30005.wav,1,VCC2020_T22,
train,/lambda/nfs/algovirginia/workspace/DeepfakeDetectionRenewed/data/vcc2020/audio/T09/task1/team09_intra-TEF1_SEF2_E30002.wav,1,VCC2020_T09,
train,__hf__,0,librispeech,6046
train,/lambda/nfs/algovirginia/workspace/DeepfakeDetectionRenewed/data/vcc2020/audio/T30/task1/team30_intra-TEF1_SEF2_E30002.wav,1,VCC2020_T30,
train,/lambda/nfs/algovirginia/workspace/DeepfakeDetectionRenewed/data/wavefake/generated_audio/ljspeech_parallel_wavegan/LJ014-0101_gen.wav,1,ljspeech_parallel_wavegan,
train,__hf__,0,librispeech,54
train,/lambda/nfs/algovirginia/workspace/DeepfakeDetectionRenewed/data/vcc2020/audio/T19/task1/team19_intra-TEM1_SEM1_E30002.wav,1,VCC2020_T19,
train,__hf__,0,librispeech,13073
train,__hf__,0,librispeech,7680
train,/lambda/nfs/algovirginia/workspace/DeepfakeDetectionRenewed/data/vcc2020/audio/T18/task1/team18_intra-TEF2_SEM2_E30001.wav,1,VCC2020_T18,
train,__hf__,0,librispeech,21827
train,/lambda/nfs/algovirginia/workspace/DeepfakeDetectionRenewed/data/wavefake/generated_audio/ljspeech_full_band_melgan/LJ028-0237_gen.wav,1,ljspeech_full_band_melgan,
train,/lambda/nfs/algovirginia/workspace/DeepfakeDetectionRenewed/data/vcc2020/audio/T07/task1/team07_intra-TEM1_SEM1_E30003.wav,1,VCC2020_T07,
train,/lambda/nfs/algovirginia/workspace/DeepfakeDetectionRenewed/data/vcc2020/audio/T24/task1/team24_intra-TEF2_SEF1_E30002.wav,1,VCC2020_T24,
train,__hf__,0,librispeech,15078
train,/lambda/nfs/algovirginia/workspace/DeepfakeDetectionRenewed/data/wavefake/generated_audio/ljspeech_hifiGAN/LJ002-0066_generated.wav,1,ljspeech_hifiGAN,
train,/lambda/nfs/algovirginia/workspace/DeepfakeDetectionRenewed/data/vcc2020/audio/T01/task1/team01_intra-TEF2_SEM2_E30001.wav,1,VCC2020_T01,
train,/lambda/nfs/algovirginia/workspace/DeepfakeDetectionRenewed/data/vcc2020/audio/T02/task1/team02_intra-TEF1_SEF2_E30001.wav,1,VCC2020_T02,
train,/lambda/nfs/algovirginia/workspace/DeepfakeDetectionRenewed/data/wavefake/generated_audio/common_voices_prompts_from_conformer_fastspeech2_pwg_ljspeech/gen_14196.wav,1,common_voices_prompts_from_conformer_fastspeech2_pwg_ljspeech,
train,/lambda/nfs/algovirginia/workspace/DeepfakeDetectionRenewed/data/vcc2020/audio/T31/task1/team31_intra-TEF1_SEF2_E30001.wav,1,VCC2020_T31,
train,/lambda/nfs/algovirginia/workspace/DeepfakeDetectionRenewed/data/vcc2020/audio/T14/task1/team14_intra-TEF2_SEM2_E30003.wav,1,VCC2020_T14,
train,/lambda/nfs/algovirginia/workspace/DeepfakeDetectionRenewed/data/vcc2020/audio/T16/task1/team16_intra-TEM1_SEF1_E30003.wav,1,VCC2020_T16,
train,__hf__,0,librispeech,24803
train,__hf__,0,librispeech,24434
train,__hf__,0,librispeech,11081
train,__hf__,0,librispeech,20482
train,/lambda/nfs/algovirginia/workspace/DeepfakeDetectionRenewed/data/vcc2020/audio/T21/task1/team21_intra-TEM2_SEF2_E30005.wav,1,VCC2020_T21,
train,__hf__,0,librispeech,4506
train,/lambda/nfs/algovirginia/workspace/DeepfakeDetectionRenewed/data/wavefake/generated_audio/common_voices_prompts_from_conformer_fastspeech2_pwg_ljspeech/gen_8147.wav,1,common_voices_prompts_from_conformer_fastspeech2_pwg_ljspeech,
train,__hf__,0,librispeech,22482
train,/lambda/nfs/algovirginia/workspace/DeepfakeDetectionRenewed/data/wavefake/generated_audio/ljspeech_hifiGAN/LJ030-0235_generated.wav,1,ljspeech_hifiGAN,
train,/lambda/nfs/algovirginia/workspace/DeepfakeDetectionRenewed/data/vcc2020/audio/T20/task1/team20_intra-TEM1_SEM1_E30001.wav,1,VCC2020_T20,
train,__hf__,0,librispeech,7843
train,/lambda/nfs/algovirginia/workspace/DeepfakeDetectionRenewed/data/wavefake/generated_audio/ljspeech_parallel_wavegan/LJ004-0238_gen.wav,1,ljspeech_parallel_wavegan,
train,/lambda/nfs/algovirginia/workspace/DeepfakeDetectionRenewed/data/wavefake/generated_audio/ljspeech_parallel_wavegan/LJ008-0294_gen.wav,1,ljspeech_parallel_wavegan,
train,__hf__,0,librispeech,16601
train,/lambda/nfs/algovirginia/workspace/DeepfakeDetectionRenewed/data/vcc2020/audio/T11/task1/team11_intra-TEF2_SEM2_E30001.wav,1,VCC2020_T11,
train,__hf__,0,librispeech,16206
train,/lambda/nfs/algovirginia/workspace/DeepfakeDetectionRenewed/data/vcc2020/audio/T25/task1/team25_intra-TEM2_SEF1_E30002.wav,1,VCC2020_T25,
train,__hf__,0,librispeech,6956
train,__hf__,0,librispeech,18380
train,__hf__,0,librispeech,4841
train,__hf__,0,librispeech,10740
train,__hf__,0,librispeech,5006
train,/lambda/nfs/algovirginia/workspace/DeepfakeDetectionRenewed/data/vcc2020/audio/T13/task1/team13_intra-TEM1_SEF1_E30002.wav,1,VCC2020_T13,
train,/lambda/nfs/algovirginia/workspace/DeepfakeDetectionRenewed/data/vcc2020/audio/T23/task1/team23_intra-TEF1_SEM1_E30005.wav,1,VCC2020_T23,
train,__hf__,0,librispeech,518
train,__hf__,0,librispeech,550
train,/lambda/nfs/algovirginia/workspace/DeepfakeDetectionRenewed/data/vcc2020/audio/T07/task1/team07_intra-TEF1_SEF1_E30003.wav,1,VCC2020_T07,
train,/lambda/nfs/algovirginia/workspace/DeepfakeDetectionRenewed/data/wavefake/generated_audio/ljspeech_hifiGAN/LJ050-0014_generated.wav,1,ljspeech_hifiGAN,
train,/lambda/nfs/algovirginia/workspace/DeepfakeDetectionRenewed/data/vcc2020/audio/T14/task1/team14_intra-TEF1_SEM2_E30002.wav,1,VCC2020_T14,
train,/lambda/nfs/algovirginia/workspace/DeepfakeDetectionRenewed/data/wavefake/generated_audio/ljspeech_hifiGAN/LJ011-0224_generated.wav,1,ljspeech_hifiGAN,
train,__hf__,0,librispeech,22784
train,__hf__,0,librispeech,17518
train,/lambda/nfs/algovirginia/workspace/DeepfakeDetectionRenewed/data/wavefake/generated_audio/ljspeech_parallel_wavegan/LJ036-0010_gen.wav,1,ljspeech_parallel_wavegan,
train,__hf__,0,librispeech,26736
train,__hf__,0,librispeech,15246
train,__hf__,0,librispeech,17966
train,__hf__,0,librispeech,16478
train,__hf__,0,librispeech,25934
train,/lambda/nfs/algovirginia/workspace/DeepfakeDetectionRenewed/data/wavefake/generated_audio/common_voices_prompts_from_conformer_fastspeech2_pwg_ljspeech/gen_12492.wav,1,common_voices_prompts_from_conformer_fastspeech2_pwg_ljspeech,
train,__hf__,0,librispeech,733
train,__hf__,0,librispeech,24340
train,/lambda/nfs/algovirginia/workspace/DeepfakeDetectionRenewed/data/wavefake/generated_audio/ljspeech_full_band_melgan/LJ049-0048_gen.wav,1,ljspeech_full_band_melgan,
train,__hf__,0,librispeech,7763
train,/lambda/nfs/algovirginia/workspace/DeepfakeDetectionRenewed/data/wavefake/generated_audio/ljspeech_full_band_melgan/LJ024-0034_gen.wav,1,ljspeech_full_band_melgan,
train,/lambda/nfs/algovirginia/workspace/DeepfakeDetectionRenewed/data/wavefake/generated_audio/ljspeech_parallel_wavegan/LJ048-0174_gen.wav,1,ljspeech_parallel_wavegan,
train,__hf__,0,librispeech,9288
train,__hf__,0,librispeech,12848
train,/lambda/nfs/algovirginia/workspace/DeepfakeDetectionRenewed/data/wavefake/generated_audio/ljspeech_full_band_melgan/LJ028-0125_gen.wav,1,ljspeech_full_band_melgan,
train,__hf__,0,librispeech,3166
train,/lambda/nfs/algovirginia/workspace/DeepfakeDetectionRenewed/data/vcc2020/audio/T01/task1/team01_intra-TEF2_SEM1_E30003.wav,1,VCC2020_T01,
train,__hf__,0,librispeech,13631
train,__hf__,0,librispeech,20140
train,/lambda/nfs/algovirginia/workspace/DeepfakeDetectionRenewed/data/vcc2020/audio/T06/task1/team06_intra-TEF1_SEF1_E30004.wav,1,VCC2020_T06,
train,/lambda/nfs/algovirginia/workspace/DeepfakeDetectionRenewed/data/wavefake/generated_audio/ljspeech_hifiGAN/LJ046-0203_generated.wav,1,ljspeech_hifiGAN,
train,/lambda/nfs/algovirginia/workspace/DeepfakeDetectionRenewed/data/wavefake/generated_audio/ljspeech_hifiGAN/LJ016-0240_generated.wav,1,ljspeech_hifiGAN,
train,__hf__,0,librispeech,26040
train,__hf__,0,librispeech,26763
train,__hf__,0,librispeech,26590
train,/lambda/nfs/algovirginia/workspace/DeepfakeDetectionRenewed/data/vcc2020/audio/T29/task1/team29_intra-TEF2_SEM2_E30002.wav,1,VCC2020_T29,
train,__hf__,0,librispeech,25901
train,__hf__,0,librispeech,23347
train,__hf__,0,librispeech,10044
train,__hf__,0,librispeech,5653
train,__hf__,0,librispeech,9518
train,/lambda/nfs/algovirginia/workspace/DeepfakeDetectionRenewed/data/wavefake/generated_audio/ljspeech_hifiGAN/LJ050-0062_generated.wav,1,ljspeech_hifiGAN,
train,/lambda/nfs/algovirginia/workspace/DeepfakeDetectionRenewed/data/vcc2020/audio/T18/task1/team18_intra-TEF1_SEF1_E30002.wav,1,VCC2020_T18,
train,__hf__,0,librispeech,3371
train,__hf__,0,librispeech,27877
train,__hf__,0,librispeech,4626
train,__hf__,0,librispeech,17954
train,__hf__,0,librispeech,19440
train,__hf__,0,librispeech,9205
train,__hf__,0,librispeech,17770
train,__hf__,0,librispeech,28521
train,/lambda/nfs/algovirginia/workspace/DeepfakeDetectionRenewed/data/wavefake/generated_audio/ljspeech_hifiGAN/LJ028-0081_generated.wav,1,ljspeech_hifiGAN,
train,/lambda/nfs/algovirginia/workspace/DeepfakeDetectionRenewed/data/wavefake/generated_audio/ljspeech_full_band_melgan/LJ046-0165_gen.wav,1,ljspeech_full_band_melgan,
train,/lambda/nfs/algovirginia/workspace/DeepfakeDetectionRenewed/data/vcc2020/audio/T33/task1/team33_intra-TEM1_SEM1_E30004.wav,1,VCC2020_T33,
train,__hf__,0,librispeech,19144
train,__hf__,0,librispeech,27659
train,/lambda/nfs/algovirginia/workspace/DeepfakeDetectionRenewed/data/vcc2020/audio/T18/task1/team18_intra-TEF2_SEF2_E30004.wav,1,VCC2020_T18,
train,/lambda/nfs/algovirginia/workspace/DeepfakeDetectionRenewed/data/vcc2020/audio/T04/task1/team04_intra-TEM2_SEM2_E30001.wav,1,VCC2020_T04,
train,/lambda/nfs/algovirginia/workspace/DeepfakeDetectionRenewed/data/vcc2020/audio/T06/task1/team06_intra-TEM2_SEM1_E30001.wav,1,VCC2020_T06,
train,__hf__,0,librispeech,20427
train,/lambda/nfs/algovirginia/workspace/DeepfakeDetectionRenewed/data/vcc2020/audio/T29/task1/team29_intra-TEM1_SEF2_E30003.wav,1,VCC2020_T29,
train,__hf__,0,librispeech,20801
train,/lambda/nfs/algovirginia/workspace/DeepfakeDetectionRenewed/data/vcc2020/audio/T24/task1/team24_intra-TEF1_SEF2_E30002.wav,1,VCC2020_T24,
train,/lambda/nfs/algovirginia/workspace/DeepfakeDetectionRenewed/data/vcc2020/audio/T29/task1/team29_intra-TEF2_SEM1_E30001.wav,1,VCC2020_T29,
train,/lambda/nfs/algovirginia/workspace/DeepfakeDetectionRenewed/data/vcc2020/audio/T29/task1/team29_intra-TEM1_SEF2_E30002.wav,1,VCC2020_T29,
train,/lambda/nfs/algovirginia/workspace/DeepfakeDetectionRenewed/data/wavefake/generated_audio/common_voices_prompts_from_conformer_fastspeech2_pwg_ljspeech/gen_9867.wav,1,common_voices_prompts_from_conformer_fastspeech2_pwg_ljspeech,
train,/lambda/nfs/algovirginia/workspace/DeepfakeDetectionRenewed/data/vcc2020/audio/T25/task1/team25_intra-TEM2_SEF2_E30001.wav,1,VCC2020_T25,
train,__hf__,0,librispeech,16385
train,/lambda/nfs/algovirginia/workspace/DeepfakeDetectionRenewed/data/vcc2020/audio/T04/task1/team04_intra-TEM2_SEM2_E30005.wav,1,VCC2020_T04,
train,__hf__,0,librispeech,23949
train,__hf__,0,librispeech,12505
train,__hf__,0,librispeech,20939
train,__hf__,0,librispeech,8623
train,/lambda/nfs/algovirginia/workspace/DeepfakeDetectionRenewed/data/wavefake/generated_audio/ljspeech_full_band_melgan/LJ016-0284_gen.wav,1,ljspeech_full_band_melgan,
train,/lambda/nfs/algovirginia/workspace/DeepfakeDetectionRenewed/data/vcc2020/audio/T20/task1/team20_intra-TEF2_SEM2_E30001.wav,1,VCC2020_T20,
train,/lambda/nfs/algovirginia/workspace/DeepfakeDetectionRenewed/data/vcc2020/audio/T31/task1/team31_intra-TEF1_SEF2_E30004.wav,1,VCC2020_T31,
train,/lambda/nfs/algovirginia/workspace/DeepfakeDetectionRenewed/data/vcc2020/audio/T25/task1/team25_intra-TEM2_SEF2_E30002.wav,1,VCC2020_T25,
train,__hf__,0,librispeech,24873
train,/lambda/nfs/algovirginia/workspace/DeepfakeDetectionRenewed/data/vcc2020/audio/T03/task1/team03_intra-TEF1_SEM1_E30004.wav,1,VCC2020_T03,
train,__hf__,0,librispeech,3169
train,/lambda/nfs/algovirginia/workspace/DeepfakeDetectionRenewed/data/wavefake/generated_audio/ljspeech_parallel_wavegan/LJ017-0115_gen.wav,1,ljspeech_parallel_wavegan,
train,/lambda/nfs/algovirginia/workspace/DeepfakeDetectionRenewed/data/vcc2020/audio/T22/task1/team22_intra-TEF2_SEM1_E30001.wav,1,VCC2020_T22,
train,__hf__,0,librispeech,18576
train,__hf__,0,librispeech,2055
train,__hf__,0,librispeech,27690
train,/lambda/nfs/algovirginia/workspace/DeepfakeDetectionRenewed/data/vcc2020/audio/T31/task1/team31_intra-TEF1_SEF2_E30005.wav,1,VCC2020_T31,
train,/lambda/nfs/algovirginia/workspace/DeepfakeDetectionRenewed/data/wavefake/generated_audio/ljspeech_parallel_wavegan/LJ038-0284_gen.wav,1,ljspeech_parallel_wavegan,
train,/lambda/nfs/algovirginia/workspace/DeepfakeDetectionRenewed/data/wavefake/generated_audio/ljspeech_full_band_melgan/LJ042-0198_gen.wav,1,ljspeech_full_band_melgan,
train,__hf__,0,librispeech,17840
train,__hf__,0,librispeech,6728
train,/lambda/nfs/algovirginia/workspace/DeepfakeDetectionRenewed/data/vcc2020/audio/T18/task1/team18_intra-TEF2_SEM2_E30004.wav,1,VCC2020_T18,
train,__hf__,0,librispeech,26599
train,__hf__,0,librispeech,21509
train,__hf__,0,librispeech,11357
train,__hf__,0,librispeech,20071
train,/lambda/nfs/algovirginia/workspace/DeepfakeDetectionRenewed/data/vcc2020/audio/T28/task1/team28_intra-TEF1_SEF1_E30002.wav,1,VCC2020_T28,
train,__hf__,0,librispeech,18841
train,__hf__,0,librispeech,28343
train,/lambda/nfs/algovirginia/workspace/DeepfakeDetectionRenewed/data/wavefake/generated_audio/ljspeech_hifiGAN/LJ005-0133_generated.wav,1,ljspeech_hifiGAN,
train,__hf__,0,librispeech,27081
train,/lambda/nfs/algovirginia/workspace/DeepfakeDetectionRenewed/data/vcc2020/audio/T22/task1/team22_intra-TEF2_SEF1_E30002.wav,1,VCC2020_T22,
train,/lambda/nfs/algovirginia/workspace/DeepfakeDetectionRenewed/data/vcc2020/audio/T28/task1/team28_intra-TEF1_SEF2_E30004.wav,1,VCC2020_T28,
train,__hf__,0,librispeech,26552
train,__hf__,0,librispeech,24299
train,/lambda/nfs/algovirginia/workspace/DeepfakeDetectionRenewed/data/wavefake/generated_audio/common_voices_prompts_from_conformer_fastspeech2_pwg_ljspeech/gen_6822.wav,1,common_voices_prompts_from_conformer_fastspeech2_pwg_ljspeech,
train,/lambda/nfs/algovirginia/workspace/DeepfakeDetectionRenewed/data/wavefake/generated_audio/ljspeech_hifiGAN/LJ002-0031_generated.wav,1,ljspeech_hifiGAN,
train,__hf__,0,librispeech,26662
train,/lambda/nfs/algovirginia/workspace/DeepfakeDetectionRenewed/data/wavefake/generated_audio/ljspeech_full_band_melgan/LJ049-0128_gen.wav,1,ljspeech_full_band_melgan,
train,__hf__,0,librispeech,11757
train,/lambda/nfs/algovirginia/workspace/DeepfakeDetectionRenewed/data/vcc2020/audio/T11/task1/team11_intra-TEF1_SEM2_E30003.wav,1,VCC2020_T11,
train,__hf__,0,librispeech,10126
train,/lambda/nfs/algovirginia/workspace/DeepfakeDetectionRenewed/data/vcc2020/audio/T19/task1/team19_intra-TEF2_SEF1_E30004.wav,1,VCC2020_T19,
train,/lambda/nfs/algovirginia/workspace/DeepfakeDetectionRenewed/data/vcc2020/audio/T22/task1/team22_intra-TEF2_SEF1_E30005.wav,1,VCC2020_T22,
train,/lambda/nfs/algovirginia/workspace/DeepfakeDetectionRenewed/data/wavefake/generated_audio/common_voices_prompts_from_conformer_fastspeech2_pwg_ljspeech/gen_6782.wav,1,common_voices_prompts_from_conformer_fastspeech2_pwg_ljspeech,
train,__hf__,0,librispeech,9386
train,__hf__,0,librispeech,15614
train,/lambda/nfs/algovirginia/workspace/DeepfakeDetectionRenewed/data/vcc2020/audio/T07/task1/team07_intra-TEF1_SEM2_E30001.wav,1,VCC2020_T07,
train,/lambda/nfs/algovirginia/workspace/DeepfakeDetectionRenewed/data/vcc2020/audio/T20/task1/team20_intra-TEM1_SEM2_E30001.wav,1,VCC2020_T20,
train,__hf__,0,librispeech,14265
train,__hf__,0,librispeech,13638
train,/lambda/nfs/algovirginia/workspace/DeepfakeDetectionRenewed/data/wavefake/generated_audio/ljspeech_hifiGAN/LJ011-0176_generated.wav,1,ljspeech_hifiGAN,
train,__hf__,0,librispeech,27596
train,__hf__,0,librispeech,4849
train,/lambda/nfs/algovirginia/workspace/DeepfakeDetectionRenewed/data/vcc2020/audio/T02/task1/team02_intra-TEF2_SEM1_E30002.wav,1,VCC2020_T02,
train,__hf__,0,librispeech,26851
train,/lambda/nfs/algovirginia/workspace/DeepfakeDetectionRenewed/data/vcc2020/audio/T25/task1/team25_intra-TEF2_SEM2_E30005.wav,1,VCC2020_T25,
train,/lambda/nfs/algovirginia/workspace/DeepfakeDetectionRenewed/data/vcc2020/audio/T03/task1/team03_intra-TEM2_SEM2_E30005.wav,1,VCC2020_T03,
train,/lambda/nfs/algovirginia/workspace/DeepfakeDetectionRenewed/data/wavefake/generated_audio/ljspeech_full_band_melgan/LJ010-0290_gen.wav,1,ljspeech_full_band_melgan,
train,/lambda/nfs/algovirginia/workspace/DeepfakeDetectionRenewed/data/wavefake/generated_audio/ljspeech_hifiGAN/LJ007-0229_generated.wav,1,ljspeech_hifiGAN,
train,/lambda/nfs/algovirginia/workspace/DeepfakeDetectionRenewed/data/wavefake/generated_audio/common_voices_prompts_from_conformer_fastspeech2_pwg_ljspeech/gen_7966.wav,1,common_voices_prompts_from_conformer_fastspeech2_pwg_ljspeech,
train,__hf__,0,librispeech,25437
train,__hf__,0,librispeech,19755
train,/lambda/nfs/algovirginia/workspace/DeepfakeDetectionRenewed/data/vcc2020/audio/T20/task1/team20_intra-TEF1_SEM2_E30001.wav,1,VCC2020_T20,
train,/lambda/nfs/algovirginia/workspace/DeepfakeDetectionRenewed/data/vcc2020/audio/T09/task1/team09_intra-TEF1_SEM1_E30005.wav,1,VCC2020_T09,
train,__hf__,0,librispeech,11404
train,__hf__,0,librispeech,24049
train,__hf__,0,librispeech,23217
train,/lambda/nfs/algovirginia/workspace/DeepfakeDetectionRenewed/data/vcc2020/audio/T29/task1/team29_intra-TEM2_SEF2_E30005.wav,1,VCC2020_T29,
train,__hf__,0,librispeech,8417
train,/lambda/nfs/algovirginia/workspace/DeepfakeDetectionRenewed/data/wavefake/generated_audio/common_voices_prompts_from_conformer_fastspeech2_pwg_ljspeech/gen_13498.wav,1,common_voices_prompts_from_conformer_fastspeech2_pwg_ljspeech,
train,/lambda/nfs/algovirginia/workspace/DeepfakeDetectionRenewed/data/wavefake/generated_audio/ljspeech_hifiGAN/LJ001-0162_generated.wav,1,ljspeech_hifiGAN,
train,/lambda/nfs/algovirginia/workspace/DeepfakeDetectionRenewed/data/vcc2020/audio/T01/task1/team01_intra-TEF2_SEF2_E30002.wav,1,VCC2020_T01,
train,/lambda/nfs/algovirginia/workspace/DeepfakeDetectionRenewed/data/vcc2020/audio/T33/task1/team33_intra-TEF2_SEM1_E30005.wav,1,VCC2020_T33,
train,/lambda/nfs/algovirginia/workspace/DeepfakeDetectionRenewed/data/wavefake/generated_audio/common_voices_prompts_from_conformer_fastspeech2_pwg_ljspeech/gen_4096.wav,1,common_voices_prompts_from_conformer_fastspeech2_pwg_ljspeech,
train,__hf__,0,librispeech,14459
train,/lambda/nfs/algovirginia/workspace/DeepfakeDetectionRenewed/data/vcc2020/audio/T02/task1/team02_intra-TEM2_SEM2_E30005.wav,1,VCC2020_T02,
train,/lambda/nfs/algovirginia/workspace/DeepfakeDetectionRenewed/data/wavefake/generated_audio/ljspeech_full_band_melgan/LJ043-0177_gen.wav,1,ljspeech_full_band_melgan,
train,__hf__,0,librispeech,15034
train,__hf__,0,librispeech,10700
train,__hf__,0,librispeech,24248
train,/lambda/nfs/algovirginia/workspace/DeepfakeDetectionRenewed/data/vcc2020/audio/T14/task1/team14_intra-TEM2_SEF2_E30001.wav,1,VCC2020_T14,
train,__hf__,0,librispeech,6936
train,__hf__,0,librispeech,5345
train,__hf__,0,librispeech,15652
train,__hf__,0,librispeech,25675
train,__hf__,0,librispeech,27864
train,/lambda/nfs/algovirginia/workspace/DeepfakeDetectionRenewed/data/vcc2020/audio/T07/task1/team07_intra-TEM1_SEF2_E30004.wav,1,VCC2020_T07,
train,/lambda/nfs/algovirginia/workspace/DeepfakeDetectionRenewed/data/vcc2020/audio/T33/task1/team33_intra-TEM2_SEM1_E30004.wav,1,VCC2020_T33,
train,/lambda/nfs/algovirginia/workspace/DeepfakeDetectionRenewed/data/vcc2020/audio/T12/task1/team12_intra-TEF2_SEF1_E30001.wav,1,VCC2020_T12,
train,__hf__,0,librispeech,7922
train,__hf__,0,librispeech,6241
train,/lambda/nfs/algovirginia/workspace/DeepfakeDetectionRenewed/data/wavefake/generated_audio/common_voices_prompts_from_conformer_fastspeech2_pwg_ljspeech/gen_9255.wav,1,common_voices_prompts_from_conformer_fastspeech2_pwg_ljspeech,
train,__hf__,0,librispeech,8676
train,__hf__,0,librispeech,21097
train,__hf__,0,librispeech,24600
train,__hf__,0,librispeech,8960
train,__hf__,0,librispeech,20491
train,/lambda/nfs/algovirginia/workspace/DeepfakeDetectionRenewed/data/vcc2020/audio/T04/task1/team04_intra-TEM2_SEM2_E30004.wav,1,VCC2020_T04,
train,/lambda/nfs/algovirginia/workspace/DeepfakeDetectionRenewed/data/vcc2020/audio/T31/task1/team31_intra-TEF1_SEM2_E30001.wav,1,VCC2020_T31,
train,__hf__,0,librispeech,18903
train,/lambda/nfs/algovirginia/workspace/DeepfakeDetectionRenewed/data/vcc2020/audio/T29/task1/team29_intra-TEF1_SEM2_E30004.wav,1,VCC2020_T29,
train,__hf__,0,librispeech,23959
train,/lambda/nfs/algovirginia/workspace/DeepfakeDetectionRenewed/data/wavefake/generated_audio/ljspeech_hifiGAN/LJ003-0131_generated.wav,1,ljspeech_hifiGAN,
train,__hf__,0,librispeech,3165
train,/lambda/nfs/algovirginia/workspace/DeepfakeDetectionRenewed/data/wavefake/generated_audio/ljspeech_hifiGAN/LJ032-0127_generated.wav,1,ljspeech_hifiGAN,
train,__hf__,0,librispeech,22128
train,/lambda/nfs/algovirginia/workspace/DeepfakeDetectionRenewed/data/vcc2020/audio/T09/task1/team09_intra-TEM1_SEF2_E30003.wav,1,VCC2020_T09,
train,/lambda/nfs/algovirginia/workspace/DeepfakeDetectionRenewed/data/wavefake/generated_audio/ljspeech_full_band_melgan/LJ044-0125_gen.wav,1,ljspeech_full_band_melgan,
train,__hf__,0,librispeech,27982
train,__hf__,0,librispeech,18978
train,__hf__,0,librispeech,26587
train,__hf__,0,librispeech,7487
train,/lambda/nfs/algovirginia/workspace/DeepfakeDetectionRenewed/data/wavefake/generated_audio/common_voices_prompts_from_conformer_fastspeech2_pwg_ljspeech/gen_12776.wav,1,common_voices_prompts_from_conformer_fastspeech2_pwg_ljspeech,
train,__hf__,0,librispeech,6097
train,/lambda/nfs/algovirginia/workspace/DeepfakeDetectionRenewed/data/wavefake/generated_audio/common_voices_prompts_from_conformer_fastspeech2_pwg_ljspeech/gen_15441.wav,1,common_voices_prompts_from_conformer_fastspeech2_pwg_ljspeech,
train,/lambda/nfs/algovirginia/workspace/DeepfakeDetectionRenewed/data/vcc2020/audio/T11/task1/team11_intra-TEF2_SEF2_E30003.wav,1,VCC2020_T11,
train,__hf__,0,librispeech,20368
train,__hf__,0,librispeech,10240
train,__hf__,0,librispeech,1902
train,/lambda/nfs/algovirginia/workspace/DeepfakeDetectionRenewed/data/vcc2020/audio/T23/task1/team23_intra-TEF2_SEF1_E30003.wav,1,VCC2020_T23,
train,__hf__,0,librispeech,3857
train,/lambda/nfs/algovirginia/workspace/DeepfakeDetectionRenewed/data/wavefake/generated_audio/ljspeech_parallel_wavegan/LJ016-0301_gen.wav,1,ljspeech_parallel_wavegan,
train,/lambda/nfs/algovirginia/workspace/DeepfakeDetectionRenewed/data/wavefake/generated_audio/common_voices_prompts_from_conformer_fastspeech2_pwg_ljspeech/gen_14922.wav,1,common_voices_prompts_from_conformer_fastspeech2_pwg_ljspeech,
train,__hf__,0,librispeech,10759
train,/lambda/nfs/algovirginia/workspace/DeepfakeDetectionRenewed/data/wavefake/generated_audio/ljspeech_hifiGAN/LJ016-0255_generated.wav,1,ljspeech_hifiGAN,
train,/lambda/nfs/algovirginia/workspace/DeepfakeDetectionRenewed/data/wavefake/generated_audio/ljspeech_parallel_wavegan/LJ040-0040_gen.wav,1,ljspeech_parallel_wavegan,
train,/lambda/nfs/algovirginia/workspace/DeepfakeDetectionRenewed/data/vcc2020/audio/T26/task1/team26_intra-TEF1_SEF2_E30002.wav,1,VCC2020_T26,
train,/lambda/nfs/algovirginia/workspace/DeepfakeDetectionRenewed/data/vcc2020/audio/T07/task1/team07_intra-TEM2_SEM1_E30005.wav,1,VCC2020_T07,
train,__hf__,0,librispeech,21164
train,/lambda/nfs/algovirginia/workspace/DeepfakeDetectionRenewed/data/vcc2020/audio/T32/task1/team32_intra-TEF1_SEF1_E30004.wav,1,VCC2020_T32,
train,__hf__,0,librispeech,16694
train,__hf__,0,librispeech,4992
train,__hf__,0,librispeech,27803
train,__hf__,0,librispeech,6625
train,/lambda/nfs/algovirginia/workspace/DeepfakeDetectionRenewed/data/wavefake/generated_audio/ljspeech_parallel_wavegan/LJ050-0245_gen.wav,1,ljspeech_parallel_wavegan,
train,/lambda/nfs/algovirginia/workspace/DeepfakeDetectionRenewed/data/wavefake/generated_audio/ljspeech_parallel_wavegan/LJ011-0118_gen.wav,1,ljspeech_parallel_wavegan,
train,__hf__,0,librispeech,6666
train,/lambda/nfs/algovirginia/workspace/DeepfakeDetectionRenewed/data/vcc2020/audio/T04/task1/team04_intra-TEF1_SEF1_E30003.wav,1,VCC2020_T04,
train,/lambda/nfs/algovirginia/workspace/DeepfakeDetectionRenewed/data/vcc2020/audio/T06/task1/team06_intra-TEM2_SEF2_E30001.wav,1,VCC2020_T06,
train,__hf__,0,librispeech,1440
train,__hf__,0,librispeech,27841
train,/lambda/nfs/algovirginia/workspace/DeepfakeDetectionRenewed/data/vcc2020/audio/T32/task1/team32_intra-TEF1_SEM1_E30001.wav,1,VCC2020_T32,
train,/lambda/nfs/algovirginia/workspace/DeepfakeDetectionRenewed/data/wavefake/generated_audio/common_voices_prompts_from_conformer_fastspeech2_pwg_ljspeech/gen_12958.wav,1,common_voices_prompts_from_conformer_fastspeech2_pwg_ljspeech,
train,__hf__,0,librispeech,9388
train,__hf__,0,librispeech,18026
train,__hf__,0,librispeech,21152
train,/lambda/nfs/algovirginia/workspace/DeepfakeDetectionRenewed/data/vcc2020/audio/T31/task1/team31_intra-TEM1_SEM2_E30001.wav,1,VCC2020_T31,
train,__hf__,0,librispeech,11719
train,/lambda/nfs/algovirginia/workspace/DeepfakeDetectionRenewed/data/vcc2020/audio/T03/task1/team03_intra-TEM2_SEM1_E30003.wav,1,VCC2020_T03,
train,/lambda/nfs/algovirginia/workspace/DeepfakeDetectionRenewed/data/wavefake/generated_audio/common_voices_prompts_from_conformer_fastspeech2_pwg_ljspeech/gen_11700.wav,1,common_voices_prompts_from_conformer_fastspeech2_pwg_ljspeech,
train,__hf__,0,librispeech,23313
train,/lambda/nfs/algovirginia/workspace/DeepfakeDetectionRenewed/data/vcc2020/audio/T02/task1/team02_intra-TEM2_SEF2_E30003.wav,1,VCC2020_T02,
train,__hf__,0,librispeech,19897
train,__hf__,0,librispeech,8824
train,/lambda/nfs/algovirginia/workspace/DeepfakeDetectionRenewed/data/vcc2020/audio/T10/task1/team10_intra-TEF2_SEF1_E30003.wav,1,VCC2020_T10,
train,/lambda/nfs/algovirginia/workspace/DeepfakeDetectionRenewed/data/wavefake/generated_audio/ljspeech_hifiGAN/LJ015-0134_generated.wav,1,ljspeech_hifiGAN,
train,__hf__,0,librispeech,14865
train,/lambda/nfs/algovirginia/workspace/DeepfakeDetectionRenewed/data/wavefake/generated_audio/ljspeech_full_band_melgan/LJ013-0249_gen.wav,1,ljspeech_full_band_melgan,
train,__hf__,0,librispeech,3637
train,/lambda/nfs/algovirginia/workspace/DeepfakeDetectionRenewed/data/wavefake/generated_audio/ljspeech_full_band_melgan/LJ038-0303_gen.wav,1,ljspeech_full_band_melgan,
train,__hf__,0,librispeech,10001
train,__hf__,0,librispeech,11240
train,__hf__,0,librispeech,22033
train,__hf__,0,librispeech,8457
train,__hf__,0,librispeech,2610
train,/lambda/nfs/algovirginia/workspace/DeepfakeDetectionRenewed/data/wavefake/generated_audio/ljspeech_full_band_melgan/LJ011-0040_gen.wav,1,ljspeech_full_band_melgan,
train,__hf__,0,librispeech,24036
train,__hf__,0,librispeech,10153
train,/lambda/nfs/algovirginia/workspace/DeepfakeDetectionRenewed/data/vcc2020/audio/T13/task1/team13_intra-TEF2_SEM2_E30005.wav,1,VCC2020_T13,
train,__hf__,0,librispeech,6416
train,__hf__,0,librispeech,1382
train,/lambda/nfs/algovirginia/workspace/DeepfakeDetectionRenewed/data/wavefake/generated_audio/ljspeech_hifiGAN/LJ017-0177_generated.wav,1,ljspeech_hifiGAN,
train,__hf__,0,librispeech,4105
train,/lambda/nfs/algovirginia/workspace/DeepfakeDetectionRenewed/data/vcc2020/audio/T07/task1/team07_intra-TEM2_SEM1_E30003.wav,1,VCC2020_T07,
train,/lambda/nfs/algovirginia/workspace/DeepfakeDetectionRenewed/data/wavefake/generated_audio/ljspeech_parallel_wavegan/LJ004-0019_gen.wav,1,ljspeech_parallel_wavegan,
train,__hf__,0,librispeech,22292
train,__hf__,0,librispeech,27507
train,/lambda/nfs/algovirginia/workspace/DeepfakeDetectionRenewed/data/vcc2020/audio/T11/task1/team11_intra-TEF1_SEM2_E30001.wav,1,VCC2020_T11,
train,__hf__,0,librispeech,4262
train,__hf__,0,librispeech,13663
train,/lambda/nfs/algovirginia/workspace/DeepfakeDetectionRenewed/data/vcc2020/audio/T20/task1/team20_intra-TEM2_SEM2_E30002.wav,1,VCC2020_T20,
train,/lambda/nfs/algovirginia/workspace/DeepfakeDetectionRenewed/data/wavefake/generated_audio/ljspeech_hifiGAN/LJ023-0125_generated.wav,1,ljspeech_hifiGAN,
train,__hf__,0,librispeech,13392
train,/lambda/nfs/algovirginia/workspace/DeepfakeDetectionRenewed/data/wavefake/generated_audio/common_voices_prompts_from_conformer_fastspeech2_pwg_ljspeech/gen_11089.wav,1,common_voices_prompts_from_conformer_fastspeech2_pwg_ljspeech,
train,__hf__,0,librispeech,11439
train,/lambda/nfs/algovirginia/workspace/DeepfakeDetectionRenewed/data/wavefake/generated_audio/common_voices_prompts_from_conformer_fastspeech2_pwg_ljspeech/gen_3329.wav,1,common_voices_prompts_from_conformer_fastspeech2_pwg_ljspeech,
train,/lambda/nfs/algovirginia/workspace/DeepfakeDetectionRenewed/data/vcc2020/audio/T29/task1/team29_intra-TEM2_SEF1_E30003.wav,1,VCC2020_T29,
train,__hf__,0,librispeech,18055
train,/lambda/nfs/algovirginia/workspace/DeepfakeDetectionRenewed/data/wavefake/generated_audio/ljspeech_parallel_wavegan/LJ007-0224_gen.wav,1,ljspeech_parallel_wavegan,
train,/lambda/nfs/algovirginia/workspace/DeepfakeDetectionRenewed/data/vcc2020/audio/T29/task1/team29_intra-TEF1_SEM1_E30001.wav,1,VCC2020_T29,
train,__hf__,0,librispeech,26239
train,/lambda/nfs/algovirginia/workspace/DeepfakeDetectionRenewed/data/vcc2020/audio/T19/task1/team19_intra-TEM2_SEF1_E30004.wav,1,VCC2020_T19,
train,/lambda/nfs/algovirginia/workspace/DeepfakeDetectionRenewed/data/vcc2020/audio/T30/task1/team30_intra-TEF2_SEM2_E30003.wav,1,VCC2020_T30,
train,__hf__,0,librispeech,16504
train,/lambda/nfs/algovirginia/workspace/DeepfakeDetectionRenewed/data/wavefake/generated_audio/ljspeech_full_band_melgan/LJ008-0020_gen.wav,1,ljspeech_full_band_melgan,
train,__hf__,0,librispeech,9135
train,/lambda/nfs/algovirginia/workspace/DeepfakeDetectionRenewed/data/wavefake/generated_audio/ljspeech_hifiGAN/LJ048-0023_generated.wav,1,ljspeech_hifiGAN,
train,/lambda/nfs/algovirginia/workspace/DeepfakeDetectionRenewed/data/wavefake/generated_audio/common_voices_prompts_from_conformer_fastspeech2_pwg_ljspeech/gen_3516.wav,1,common_voices_prompts_from_conformer_fastspeech2_pwg_ljspeech,
train,/lambda/nfs/algovirginia/workspace/DeepfakeDetectionRenewed/data/wavefake/generated_audio/ljspeech_full_band_melgan/LJ032-0129_gen.wav,1,ljspeech_full_band_melgan,
train,__hf__,0,librispeech,17837
train,/lambda/nfs/algovirginia/workspace/DeepfakeDetectionRenewed/data/vcc2020/audio/T31/task1/team31_intra-TEM2_SEM2_E30002.wav,1,VCC2020_T31,
train,__hf__,0,librispeech,28067
train,/lambda/nfs/algovirginia/workspace/DeepfakeDetectionRenewed/data/wavefake/generated_audio/common_voices_prompts_from_conformer_fastspeech2_pwg_ljspeech/gen_7850.wav,1,common_voices_prompts_from_conformer_fastspeech2_pwg_ljspeech,
train,/lambda/nfs/algovirginia/workspace/DeepfakeDetectionRenewed/data/wavefake/generated_audio/ljspeech_full_band_melgan/LJ003-0183_gen.wav,1,ljspeech_full_band_melgan,
train,__hf__,0,librispeech,601
train,__hf__,0,librispeech,23261
train,/lambda/nfs/algovirginia/workspace/DeepfakeDetectionRenewed/data/vcc2020/audio/T16/task1/team16_intra-TEF1_SEF2_E30005.wav,1,VCC2020_T16,
train,__hf__,0,librispeech,26825
train,/lambda/nfs/algovirginia/workspace/DeepfakeDetectionRenewed/data/wavefake/generated_audio/ljspeech_full_band_melgan/LJ039-0225_gen.wav,1,ljspeech_full_band_melgan,
train,/lambda/nfs/algovirginia/workspace/DeepfakeDetectionRenewed/data/wavefake/generated_audio/ljspeech_parallel_wavegan/LJ003-0011_gen.wav,1,ljspeech_parallel_wavegan,
train,__hf__,0,librispeech,14330
train,/lambda/nfs/algovirginia/workspace/DeepfakeDetectionRenewed/data/vcc2020/audio/T28/task1/team28_intra-TEM1_SEM1_E30004.wav,1,VCC2020_T28,
train,/lambda/nfs/algovirginia/workspace/DeepfakeDetectionRenewed/data/vcc2020/audio/T17/task1/team17_intra-TEF1_SEM2_E30002.wav,1,VCC2020_T17,
train,/lambda/nfs/algovirginia/workspace/DeepfakeDetectionRenewed/data/vcc2020/audio/T33/task1/team33_intra-TEM1_SEM2_E30001.wav,1,VCC2020_T33,
train,__hf__,0,librispeech,9709
train,__hf__,0,librispeech,17120
train,__hf__,0,librispeech,13542
train,__hf__,0,librispeech,1510
train,__hf__,0,librispeech,4394
train,/lambda/nfs/algovirginia/workspace/DeepfakeDetectionRenewed/data/vcc2020/audio/T25/task1/team25_intra-TEM1_SEF1_E30004.wav,1,VCC2020_T25,
train,/lambda/nfs/algovirginia/workspace/DeepfakeDetectionRenewed/data/wavefake/generated_audio/ljspeech_full_band_melgan/LJ039-0162_gen.wav,1,ljspeech_full_band_melgan,
train,__hf__,0,librispeech,21875
train,__hf__,0,librispeech,9093
train,__hf__,0,librispeech,22729
train,__hf__,0,librispeech,12364
train,/lambda/nfs/algovirginia/workspace/DeepfakeDetectionRenewed/data/vcc2020/audio/T12/task1/team12_intra-TEM1_SEM1_E30004.wav,1,VCC2020_T12,
train,/lambda/nfs/algovirginia/workspace/DeepfakeDetectionRenewed/data/wavefake/generated_audio/common_voices_prompts_from_conformer_fastspeech2_pwg_ljspeech/gen_3603.wav,1,common_voices_prompts_from_conformer_fastspeech2_pwg_ljspeech,
train,__hf__,0,librispeech,10060
train,__hf__,0,librispeech,10912
train,/lambda/nfs/algovirginia/workspace/DeepfakeDetectionRenewed/data/wavefake/generated_audio/ljspeech_hifiGAN/LJ042-0082_generated.wav,1,ljspeech_hifiGAN,
train,/lambda/nfs/algovirginia/workspace/DeepfakeDetectionRenewed/data/vcc2020/audio/T24/task1/team24_intra-TEM1_SEF1_E30002.wav,1,VCC2020_T24,
train,__hf__,0,librispeech,11056
train,__hf__,0,librispeech,3187
train,__hf__,0,librispeech,14996
train,/lambda/nfs/algovirginia/workspace/DeepfakeDetectionRenewed/data/vcc2020/audio/T08/task1/team08_intra-TEM1_SEF1_E30001.wav,1,VCC2020_T08,
train,__hf__,0,librispeech,26345
train,__hf__,0,librispeech,15792
train,__hf__,0,librispeech,1068
train,/lambda/nfs/algovirginia/workspace/DeepfakeDetectionRenewed/data/wavefake/generated_audio/ljspeech_hifiGAN/LJ022-0071_generated.wav,1,ljspeech_hifiGAN,
train,/lambda/nfs/algovirginia/workspace/DeepfakeDetectionRenewed/data/vcc2020/audio/T33/task1/team33_intra-TEF1_SEM2_E30001.wav,1,VCC2020_T33,
train,/lambda/nfs/algovirginia/workspace/DeepfakeDetectionRenewed/data/wavefake/generated_audio/common_voices_prompts_from_conformer_fastspeech2_pwg_ljspeech/gen_10768.wav,1,common_voices_prompts_from_conformer_fastspeech2_pwg_ljspeech,
train,/lambda/nfs/algovirginia/workspace/DeepfakeDetectionRenewed/data/wavefake/generated_audio/ljspeech_parallel_wavegan/LJ004-0225_gen.wav,1,ljspeech_parallel_wavegan,
train,/lambda/nfs/algovirginia/workspace/DeepfakeDetectionRenewed/data/vcc2020/audio/T26/task1/team26_intra-TEF2_SEF1_E30004.wav,1,VCC2020_T26,
train,__hf__,0,librispeech,6650
train,__hf__,0,librispeech,15093
train,__hf__,0,librispeech,28106
train,__hf__,0,librispeech,12562
train,__hf__,0,librispeech,8200
train,/lambda/nfs/algovirginia/workspace/DeepfakeDetectionRenewed/data/vcc2020/audio/T12/task1/team12_intra-TEF1_SEF1_E30004.wav,1,VCC2020_T12,
train,/lambda/nfs/algovirginia/workspace/DeepfakeDetectionRenewed/data/vcc2020/audio/T03/task1/team03_intra-TEM1_SEF1_E30004.wav,1,VCC2020_T03,
train,__hf__,0,librispeech,14193
train,/lambda/nfs/algovirginia/workspace/DeepfakeDetectionRenewed/data/wavefake/generated_audio/common_voices_prompts_from_conformer_fastspeech2_pwg_ljspeech/gen_2785.wav,1,common_voices_prompts_from_conformer_fastspeech2_pwg_ljspeech,
train,/lambda/nfs/algovirginia/workspace/DeepfakeDetectionRenewed/data/wavefake/generated_audio/ljspeech_full_band_melgan/LJ002-0287_gen.wav,1,ljspeech_full_band_melgan,
train,__hf__,0,librispeech,15206
train,/lambda/nfs/algovirginia/workspace/DeepfakeDetectionRenewed/data/vcc2020/audio/T25/task1/team25_intra-TEF1_SEF2_E30002.wav,1,VCC2020_T25,
train,__hf__,0,librispeech,3496
train,/lambda/nfs/algovirginia/workspace/DeepfakeDetectionRenewed/data/vcc2020/audio/T09/task1/team09_intra-TEM1_SEF1_E30005.wav,1,VCC2020_T09,
train,__hf__,0,librispeech,9910
train,__hf__,0,librispeech,23496
train,/lambda/nfs/algovirginia/workspace/DeepfakeDetectionRenewed/data/vcc2020/audio/T31/task1/team31_intra-TEM1_SEM1_E30003.wav,1,VCC2020_T31,
train,__hf__,0,librispeech,20447
train,__hf__,0,librispeech,3910
train,/lambda/nfs/algovirginia/workspace/DeepfakeDetectionRenewed/data/vcc2020/audio/T29/task1/team29_intra-TEM2_SEM1_E30002.wav,1,VCC2020_T29,
train,__hf__,0,librispeech,23185
train,/lambda/nfs/algovirginia/workspace/DeepfakeDetectionRenewed/data/wavefake/generated_audio/ljspeech_hifiGAN/LJ014-0121_generated.wav,1,ljspeech_hifiGAN,
train,__hf__,0,librispeech,16496
train,/lambda/nfs/algovirginia/workspace/DeepfakeDetectionRenewed/data/wavefake/generated_audio/ljspeech_parallel_wavegan/LJ039-0070_gen.wav,1,ljspeech_parallel_wavegan,
train,__hf__,0,librispeech,5249
train,/lambda/nfs/algovirginia/workspace/DeepfakeDetectionRenewed/data/wavefake/generated_audio/common_voices_prompts_from_conformer_fastspeech2_pwg_ljspeech/gen_9845.wav,1,common_voices_prompts_from_conformer_fastspeech2_pwg_ljspeech,
train,/lambda/nfs/algovirginia/workspace/DeepfakeDetectionRenewed/data/wavefake/generated_audio/common_voices_prompts_from_conformer_fastspeech2_pwg_ljspeech/gen_2694.wav,1,common_voices_prompts_from_conformer_fastspeech2_pwg_ljspeech,
train,/lambda/nfs/algovirginia/workspace/DeepfakeDetectionRenewed/data/wavefake/generated_audio/ljspeech_parallel_wavegan/LJ025-0028_gen.wav,1,ljspeech_parallel_wavegan,
train,/lambda/nfs/algovirginia/workspace/DeepfakeDetectionRenewed/data/wavefake/generated_audio/ljspeech_full_band_melgan/LJ034-0082_gen.wav,1,ljspeech_full_band_melgan,
train,/lambda/nfs/algovirginia/workspace/DeepfakeDetectionRenewed/data/vcc2020/audio/T01/task1/team01_intra-TEM2_SEM1_E30001.wav,1,VCC2020_T01,
train,__hf__,0,librispeech,22670
train,/lambda/nfs/algovirginia/workspace/DeepfakeDetectionRenewed/data/vcc2020/audio/T22/task1/team22_intra-TEF2_SEF2_E30005.wav,1,VCC2020_T22,
train,__hf__,0,librispeech,5805
train,__hf__,0,librispeech,2939
train,/lambda/nfs/algovirginia/workspace/DeepfakeDetectionRenewed/data/wavefake/generated_audio/ljspeech_parallel_wavegan/LJ012-0205_gen.wav,1,ljspeech_parallel_wavegan,
train,__hf__,0,librispeech,7686
train,__hf__,0,librispeech,803
train,/lambda/nfs/algovirginia/workspace/DeepfakeDetectionRenewed/data/vcc2020/audio/T09/task1/team09_intra-TEM1_SEM1_E30005.wav,1,VCC2020_T09,
train,__hf__,0,librispeech,15623
train,__hf__,0,librispeech,3261
train,__hf__,0,librispeech,25662
train,__hf__,0,librispeech,25051
train,__hf__,0,librispeech,6848
train,/lambda/nfs/algovirginia/workspace/DeepfakeDetectionRenewed/data/vcc2020/audio/T20/task1/team20_intra-TEM1_SEF1_E30003.wav,1,VCC2020_T20,
train,/lambda/nfs/algovirginia/workspace/DeepfakeDetectionRenewed/data/vcc2020/audio/T02/task1/team02_intra-TEF1_SEF1_E30001.wav,1,VCC2020_T02,
train,/lambda/nfs/algovirginia/workspace/DeepfakeDetectionRenewed/data/wavefake/generated_audio/ljspeech_parallel_wavegan/LJ031-0142_gen.wav,1,ljspeech_parallel_wavegan,
train,__hf__,0,librispeech,16422
train,__hf__,0,librispeech,9437
train,__hf__,0,librispeech,4864
train,/lambda/nfs/algovirginia/workspace/DeepfakeDetectionRenewed/data/wavefake/generated_audio/ljspeech_full_band_melgan/LJ045-0167_gen.wav,1,ljspeech_full_band_melgan,
train,__hf__,0,librispeech,25516
train,/lambda/nfs/algovirginia/workspace/DeepfakeDetectionRenewed/data/vcc2020/audio/T25/task1/team25_intra-TEM2_SEF1_E30004.wav,1,VCC2020_T25,
train,/lambda/nfs/algovirginia/workspace/DeepfakeDetectionRenewed/data/vcc2020/audio/T04/task1/team04_intra-TEM1_SEF2_E30004.wav,1,VCC2020_T04,
train,/lambda/nfs/algovirginia/workspace/DeepfakeDetectionRenewed/data/vcc2020/audio/T18/task1/team18_intra-TEF1_SEF2_E30002.wav,1,VCC2020_T18,
train,__hf__,0,librispeech,11258
train,__hf__,0,librispeech,4109
train,__hf__,0,librispeech,11461
train,/lambda/nfs/algovirginia/workspace/DeepfakeDetectionRenewed/data/wavefake/generated_audio/ljspeech_hifiGAN/LJ046-0014_generated.wav,1,ljspeech_hifiGAN,
train,__hf__,0,librispeech,27764
train,/lambda/nfs/algovirginia/workspace/DeepfakeDetectionRenewed/data/wavefake/generated_audio/common_voices_prompts_from_conformer_fastspeech2_pwg_ljspeech/gen_6798.wav,1,common_voices_prompts_from_conformer_fastspeech2_pwg_ljspeech,
train,/lambda/nfs/algovirginia/workspace/DeepfakeDetectionRenewed/data/vcc2020/audio/T30/task1/team30_intra-TEF2_SEM1_E30002.wav,1,VCC2020_T30,
train,/lambda/nfs/algovirginia/workspace/DeepfakeDetectionRenewed/data/vcc2020/audio/T25/task1/team25_intra-TEM1_SEF1_E30005.wav,1,VCC2020_T25,
train,__hf__,0,librispeech,7236
train,/lambda/nfs/algovirginia/workspace/DeepfakeDetectionRenewed/data/vcc2020/audio/T25/task1/team25_intra-TEF1_SEF1_E30001.wav,1,VCC2020_T25,
train,__hf__,0,librispeech,1037
train,/lambda/nfs/algovirginia/workspace/DeepfakeDetectionRenewed/data/wavefake/generated_audio/ljspeech_parallel_wavegan/LJ041-0068_gen.wav,1,ljspeech_parallel_wavegan,
train,/lambda/nfs/algovirginia/workspace/DeepfakeDetectionRenewed/data/wavefake/generated_audio/common_voices_prompts_from_conformer_fastspeech2_pwg_ljspeech/gen_13764.wav,1,common_voices_prompts_from_conformer_fastspeech2_pwg_ljspeech,
train,__hf__,0,librispeech,24059
train,/lambda/nfs/algovirginia/workspace/DeepfakeDetectionRenewed/data/vcc2020/audio/T13/task1/team13_intra-TEF1_SEF1_E30004.wav,1,VCC2020_T13,
train,/lambda/nfs/algovirginia/workspace/DeepfakeDetectionRenewed/data/vcc2020/audio/T17/task1/team17_intra-TEM2_SEM2_E30002.wav,1,VCC2020_T17,
train,/lambda/nfs/algovirginia/workspace/DeepfakeDetectionRenewed/data/wavefake/generated_audio/ljspeech_hifiGAN/LJ038-0267_generated.wav,1,ljspeech_hifiGAN,
train,__hf__,0,librispeech,8296
train,/lambda/nfs/algovirginia/workspace/DeepfakeDetectionRenewed/data/vcc2020/audio/T13/task1/team13_intra-TEF2_SEF1_E30005.wav,1,VCC2020_T13,
train,/lambda/nfs/algovirginia/workspace/DeepfakeDetectionRenewed/data/vcc2020/audio/T25/task1/team25_intra-TEF2_SEF2_E30002.wav,1,VCC2020_T25,
train,/lambda/nfs/algovirginia/workspace/DeepfakeDetectionRenewed/data/vcc2020/audio/T12/task1/team12_intra-TEM1_SEM1_E30002.wav,1,VCC2020_T12,
train,__hf__,0,librispeech,27718
train,__hf__,0,librispeech,11350
train,/lambda/nfs/algovirginia/workspace/DeepfakeDetectionRenewed/data/vcc2020/audio/T11/task1/team11_intra-TEF1_SEM2_E30005.wav,1,VCC2020_T11,
train,/lambda/nfs/algovirginia/workspace/DeepfakeDetectionRenewed/data/wavefake/generated_audio/ljspeech_hifiGAN/LJ018-0096_generated.wav,1,ljspeech_hifiGAN,
train,__hf__,0,librispeech,10860
train,/lambda/nfs/algovirginia/workspace/DeepfakeDetectionRenewed/data/vcc2020/audio/T17/task1/team17_intra-TEM2_SEM1_E30002.wav,1,VCC2020_T17,
train,__hf__,0,librispeech,24982
train,/lambda/nfs/algovirginia/workspace/DeepfakeDetectionRenewed/data/wavefake/generated_audio/ljspeech_hifiGAN/LJ002-0152_generated.wav,1,ljspeech_hifiGAN,
train,/lambda/nfs/algovirginia/workspace/DeepfakeDetectionRenewed/data/vcc2020/audio/T01/task1/team01_intra-TEF1_SEF1_E30005.wav,1,VCC2020_T01,
train,__hf__,0,librispeech,6856
train,/lambda/nfs/algovirginia/workspace/DeepfakeDetectionRenewed/data/wavefake/generated_audio/common_voices_prompts_from_conformer_fastspeech2_pwg_ljspeech/gen_11594.wav,1,common_voices_prompts_from_conformer_fastspeech2_pwg_ljspeech,
train,/lambda/nfs/algovirginia/workspace/DeepfakeDetectionRenewed/data/wavefake/generated_audio/ljspeech_full_band_melgan/LJ015-0185_gen.wav,1,ljspeech_full_band_melgan,
train,/lambda/nfs/algovirginia/workspace/DeepfakeDetectionRenewed/data/vcc2020/audio/T27/task1/team27_intra-TEM1_SEF1_E30005.wav,1,VCC2020_T27,
train,__hf__,0,librispeech,17774
train,__hf__,0,librispeech,26137
train,__hf__,0,librispeech,938
train,__hf__,0,librispeech,843
train,__hf__,0,librispeech,6861
train,__hf__,0,librispeech,3329
train,__hf__,0,librispeech,12317
train,/lambda/nfs/algovirginia/workspace/DeepfakeDetectionRenewed/data/vcc2020/audio/T07/task1/team07_intra-TEM1_SEF1_E30004.wav,1,VCC2020_T07,
train,__hf__,0,librispeech,11744
train,/lambda/nfs/algovirginia/workspace/DeepfakeDetectionRenewed/data/vcc2020/audio/T13/task1/team13_intra-TEF1_SEF2_E30002.wav,1,VCC2020_T13,
train,/lambda/nfs/algovirginia/workspace/DeepfakeDetectionRenewed/data/wavefake/generated_audio/ljspeech_hifiGAN/LJ023-0022_generated.wav,1,ljspeech_hifiGAN,
train,__hf__,0,librispeech,9630
train,__hf__,0,librispeech,18135
train,/lambda/nfs/algovirginia/workspace/DeepfakeDetectionRenewed/data/wavefake/generated_audio/ljspeech_parallel_wavegan/LJ046-0245_gen.wav,1,ljspeech_parallel_wavegan,
train,__hf__,0,librispeech,8122
train,__hf__,0,librispeech,14866
train,__hf__,0,librispeech,7387
train,__hf__,0,librispeech,4648
train,__hf__,0,librispeech,21868
train,__hf__,0,librispeech,24441
train,__hf__,0,librispeech,3753
train,/lambda/nfs/algovirginia/workspace/DeepfakeDetectionRenewed/data/vcc2020/audio/T26/task1/team26_intra-TEF1_SEM2_E30005.wav,1,VCC2020_T26,
train,/lambda/nfs/algovirginia/workspace/DeepfakeDetectionRenewed/data/vcc2020/audio/T01/task1/team01_intra-TEF1_SEM1_E30001.wav,1,VCC2020_T01,
train,__hf__,0,librispeech,23531
train,/lambda/nfs/algovirginia/workspace/DeepfakeDetectionRenewed/data/vcc2020/audio/T25/task1/team25_intra-TEF1_SEF2_E30003.wav,1,VCC2020_T25,
train,/lambda/nfs/algovirginia/workspace/DeepfakeDetectionRenewed/data/wavefake/generated_audio/common_voices_prompts_from_conformer_fastspeech2_pwg_ljspeech/gen_14391.wav,1,common_voices_prompts_from_conformer_fastspeech2_pwg_ljspeech,
train,__hf__,0,librispeech,20328
train,__hf__,0,librispeech,1123
train,/lambda/nfs/algovirginia/workspace/DeepfakeDetectionRenewed/data/wavefake/generated_audio/common_voices_prompts_from_conformer_fastspeech2_pwg_ljspeech/gen_14711.wav,1,common_voices_prompts_from_conformer_fastspeech2_pwg_ljspeech,
train,__hf__,0,librispeech,20880
train,__hf__,0,librispeech,7499
train,/lambda/nfs/algovirginia/workspace/DeepfakeDetectionRenewed/data/wavefake/generated_audio/ljspeech_hifiGAN/LJ028-0188_generated.wav,1,ljspeech_hifiGAN,
train,__hf__,0,librispeech,15553
train,/lambda/nfs/algovirginia/workspace/DeepfakeDetectionRenewed/data/vcc2020/audio/T31/task1/team31_intra-TEM1_SEF2_E30005.wav,1,VCC2020_T31,
train,/lambda/nfs/algovirginia/workspace/DeepfakeDetectionRenewed/data/vcc2020/audio/T18/task1/team18_intra-TEM2_SEF2_E30001.wav,1,VCC2020_T18,
train,__hf__,0,librispeech,7792
train,__hf__,0,librispeech,607
train,/lambda/nfs/algovirginia/workspace/DeepfakeDetectionRenewed/data/vcc2020/audio/T11/task1/team11_intra-TEF1_SEM1_E30005.wav,1,VCC2020_T11,
train,__hf__,0,librispeech,5617
train,__hf__,0,librispeech,12751
train,__hf__,0,librispeech,2428
train,__hf__,0,librispeech,18437
train,/lambda/nfs/algovirginia/workspace/DeepfakeDetectionRenewed/data/wavefake/generated_audio/ljspeech_hifiGAN/LJ010-0035_generated.wav,1,ljspeech_hifiGAN,
train,/lambda/nfs/algovirginia/workspace/DeepfakeDetectionRenewed/data/wavefake/generated_audio/ljspeech_hifiGAN/LJ023-0006_generated.wav,1,ljspeech_hifiGAN,
train,/lambda/nfs/algovirginia/workspace/DeepfakeDetectionRenewed/data/vcc2020/audio/T14/task1/team14_intra-TEM2_SEM1_E30001.wav,1,VCC2020_T14,
train,__hf__,0,librispeech,30
train,__hf__,0,librispeech,3625
train,__hf__,0,librispeech,2518
train,__hf__,0,librispeech,17601
train,__hf__,0,librispeech,5660
train,__hf__,0,librispeech,19074
train,/lambda/nfs/algovirginia/workspace/DeepfakeDetectionRenewed/data/wavefake/generated_audio/ljspeech_hifiGAN/LJ031-0016_generated.wav,1,ljspeech_hifiGAN,
train,__hf__,0,librispeech,7026
train,/lambda/nfs/algovirginia/workspace/DeepfakeDetectionRenewed/data/vcc2020/audio/T29/task1/team29_intra-TEF1_SEM2_E30002.wav,1,VCC2020_T29,
train,__hf__,0,librispeech,27419
train,/lambda/nfs/algovirginia/workspace/DeepfakeDetectionRenewed/data/wavefake/generated_audio/common_voices_prompts_from_conformer_fastspeech2_pwg_ljspeech/gen_2159.wav,1,common_voices_prompts_from_conformer_fastspeech2_pwg_ljspeech,
train,/lambda/nfs/algovirginia/workspace/DeepfakeDetectionRenewed/data/wavefake/generated_audio/ljspeech_full_band_melgan/LJ010-0189_gen.wav,1,ljspeech_full_band_melgan,
train,/lambda/nfs/algovirginia/workspace/DeepfakeDetectionRenewed/data/wavefake/generated_audio/ljspeech_parallel_wavegan/LJ026-0105_gen.wav,1,ljspeech_parallel_wavegan,
train,/lambda/nfs/algovirginia/workspace/DeepfakeDetectionRenewed/data/vcc2020/audio/T31/task1/team31_intra-TEF1_SEM2_E30002.wav,1,VCC2020_T31,
train,__hf__,0,librispeech,11020
train,__hf__,0,librispeech,22256
train,/lambda/nfs/algovirginia/workspace/DeepfakeDetectionRenewed/data/vcc2020/audio/T01/task1/team01_intra-TEF1_SEM2_E30005.wav,1,VCC2020_T01,
train,__hf__,0,librispeech,9746
train,/lambda/nfs/algovirginia/workspace/DeepfakeDetectionRenewed/data/wavefake/generated_audio/ljspeech_hifiGAN/LJ012-0040_generated.wav,1,ljspeech_hifiGAN,
train,__hf__,0,librispeech,9594
train,/lambda/nfs/algovirginia/workspace/DeepfakeDetectionRenewed/data/vcc2020/audio/T33/task1/team33_intra-TEF2_SEF1_E30001.wav,1,VCC2020_T33,
train,/lambda/nfs/algovirginia/workspace/DeepfakeDetectionRenewed/data/wavefake/generated_audio/ljspeech_full_band_melgan/LJ008-0127_gen.wav,1,ljspeech_full_band_melgan,
train,/lambda/nfs/algovirginia/workspace/DeepfakeDetectionRenewed/data/vcc2020/audio/T02/task1/team02_intra-TEF1_SEF1_E30004.wav,1,VCC2020_T02,
train,__hf__,0,librispeech,26396
train,__hf__,0,librispeech,9130
train,__hf__,0,librispeech,19469
train,__hf__,0,librispeech,14632
train,__hf__,0,librispeech,24956
train,/lambda/nfs/algovirginia/workspace/DeepfakeDetectionRenewed/data/vcc2020/audio/T20/task1/team20_intra-TEM2_SEM1_E30004.wav,1,VCC2020_T20,
train,__hf__,0,librispeech,4544
train,/lambda/nfs/algovirginia/workspace/DeepfakeDetectionRenewed/data/wavefake/generated_audio/ljspeech_full_band_melgan/LJ031-0176_gen.wav,1,ljspeech_full_band_melgan,
train,/lambda/nfs/algovirginia/workspace/DeepfakeDetectionRenewed/data/wavefake/generated_audio/ljspeech_hifiGAN/LJ029-0157_generated.wav,1,ljspeech_hifiGAN,
train,__hf__,0,librispeech,24111
train,/lambda/nfs/algovirginia/workspace/DeepfakeDetectionRenewed/data/wavefake/generated_audio/common_voices_prompts_from_conformer_fastspeech2_pwg_ljspeech/gen_4883.wav,1,common_voices_prompts_from_conformer_fastspeech2_pwg_ljspeech,
train,/lambda/nfs/algovirginia/workspace/DeepfakeDetectionRenewed/data/wavefake/generated_audio/ljspeech_parallel_wavegan/LJ032-0223_gen.wav,1,ljspeech_parallel_wavegan,
train,__hf__,0,librispeech,25127
train,__hf__,0,librispeech,1033
train,/lambda/nfs/algovirginia/workspace/DeepfakeDetectionRenewed/data/wavefake/generated_audio/ljspeech_parallel_wavegan/LJ012-0229_gen.wav,1,ljspeech_parallel_wavegan,
train,__hf__,0,librispeech,17346
train,/lambda/nfs/algovirginia/workspace/DeepfakeDetectionRenewed/data/vcc2020/audio/T19/task1/team19_intra-TEM2_SEM2_E30003.wav,1,VCC2020_T19,
train,/lambda/nfs/algovirginia/workspace/DeepfakeDetectionRenewed/data/vcc2020/audio/T25/task1/team25_intra-TEF1_SEM1_E30002.wav,1,VCC2020_T25,
train,__hf__,0,librispeech,15017
train,__hf__,0,librispeech,17287
train,__hf__,0,librispeech,27528
train,/lambda/nfs/algovirginia/workspace/DeepfakeDetectionRenewed/data/vcc2020/audio/T07/task1/team07_intra-TEF2_SEF2_E30002.wav,1,VCC2020_T07,
train,__hf__,0,librispeech,25489
train,/lambda/nfs/algovirginia/workspace/DeepfakeDetectionRenewed/data/wavefake/generated_audio/ljspeech_hifiGAN/LJ014-0258_generated.wav,1,ljspeech_hifiGAN,
train,/lambda/nfs/algovirginia/workspace/DeepfakeDetectionRenewed/data/vcc2020/audio/T18/task1/team18_intra-TEM2_SEM2_E30004.wav,1,VCC2020_T18,
train,/lambda/nfs/algovirginia/workspace/DeepfakeDetectionRenewed/data/wavefake/generated_audio/ljspeech_full_band_melgan/LJ011-0091_gen.wav,1,ljspeech_full_band_melgan,
train,/lambda/nfs/algovirginia/workspace/DeepfakeDetectionRenewed/data/vcc2020/audio/T28/task1/team28_intra-TEM2_SEM2_E30002.wav,1,VCC2020_T28,
train,__hf__,0,librispeech,22040
train,/lambda/nfs/algovirginia/workspace/DeepfakeDetectionRenewed/data/vcc2020/audio/T13/task1/team13_intra-TEM1_SEF1_E30004.wav,1,VCC2020_T13,
train,__hf__,0,librispeech,27610
train,/lambda/nfs/algovirginia/workspace/DeepfakeDetectionRenewed/data/wavefake/generated_audio/ljspeech_hifiGAN/LJ040-0099_generated.wav,1,ljspeech_hifiGAN,
train,/lambda/nfs/algovirginia/workspace/DeepfakeDetectionRenewed/data/vcc2020/audio/T04/task1/team04_intra-TEF1_SEF1_E30004.wav,1,VCC2020_T04,
train,/lambda/nfs/algovirginia/workspace/DeepfakeDetectionRenewed/data/vcc2020/audio/T11/task1/team11_intra-TEM2_SEF1_E30003.wav,1,VCC2020_T11,
train,/lambda/nfs/algovirginia/workspace/DeepfakeDetectionRenewed/data/vcc2020/audio/T13/task1/team13_intra-TEF2_SEM2_E30001.wav,1,VCC2020_T13,
train,/lambda/nfs/algovirginia/workspace/DeepfakeDetectionRenewed/data/vcc2020/audio/T10/task1/team10_intra-TEF1_SEM2_E30004.wav,1,VCC2020_T10,
train,/lambda/nfs/algovirginia/workspace/DeepfakeDetectionRenewed/data/vcc2020/audio/T26/task1/team26_intra-TEF2_SEM2_E30003.wav,1,VCC2020_T26,
train,__hf__,0,librispeech,21272
train,/lambda/nfs/algovirginia/workspace/DeepfakeDetectionRenewed/data/vcc2020/audio/T27/task1/team27_intra-TEM2_SEM2_E30005.wav,1,VCC2020_T27,
train,__hf__,0,librispeech,9157
train,__hf__,0,librispeech,24551
train,/lambda/nfs/algovirginia/workspace/DeepfakeDetectionRenewed/data/vcc2020/audio/T18/task1/team18_intra-TEF1_SEM1_E30003.wav,1,VCC2020_T18,
train,/lambda/nfs/algovirginia/workspace/DeepfakeDetectionRenewed/data/wavefake/generated_audio/ljspeech_parallel_wavegan/LJ031-0097_gen.wav,1,ljspeech_parallel_wavegan,
train,__hf__,0,librispeech,23533
train,__hf__,0,librispeech,18678
train,/lambda/nfs/algovirginia/workspace/DeepfakeDetectionRenewed/data/vcc2020/audio/T14/task1/team14_intra-TEM2_SEF1_E30004.wav,1,VCC2020_T14,
train,__hf__,0,librispeech,24506
train,/lambda/nfs/algovirginia/workspace/DeepfakeDetectionRenewed/data/vcc2020/audio/T29/task1/team29_intra-TEF1_SEF1_E30001.wav,1,VCC2020_T29,
train,/lambda/nfs/algovirginia/workspace/DeepfakeDetectionRenewed/data/vcc2020/audio/T14/task1/team14_intra-TEF2_SEM1_E30001.wav,1,VCC2020_T14,
train,/lambda/nfs/algovirginia/workspace/DeepfakeDetectionRenewed/data/vcc2020/audio/T31/task1/team31_intra-TEM1_SEM1_E30004.wav,1,VCC2020_T31,
train,__hf__,0,librispeech,2507
train,__hf__,0,librispeech,25988
train,__hf__,0,librispeech,8895
train,/lambda/nfs/algovirginia/workspace/DeepfakeDetectionRenewed/data/vcc2020/audio/T19/task1/team19_intra-TEM2_SEM2_E30001.wav,1,VCC2020_T19,
train,__hf__,0,librispeech,4173
train,__hf__,0,librispeech,6143
train,/lambda/nfs/algovirginia/workspace/DeepfakeDetectionRenewed/data/vcc2020/audio/T04/task1/team04_intra-TEM2_SEF1_E30004.wav,1,VCC2020_T04,
train,__hf__,0,librispeech,6230
train,__hf__,0,librispeech,3682
train,__hf__,0,librispeech,16535
train,/lambda/nfs/algovirginia/workspace/DeepfakeDetectionRenewed/data/wavefake/generated_audio/ljspeech_full_band_melgan/LJ046-0070_gen.wav,1,ljspeech_full_band_melgan,
train,__hf__,0,librispeech,12862
train,/lambda/nfs/algovirginia/workspace/DeepfakeDetectionRenewed/data/wavefake/generated_audio/ljspeech_parallel_wavegan/LJ032-0130_gen.wav,1,ljspeech_parallel_wavegan,
train,__hf__,0,librispeech,18259
train,__hf__,0,librispeech,21175
train,__hf__,0,librispeech,15983
train,/lambda/nfs/algovirginia/workspace/DeepfakeDetectionRenewed/data/wavefake/generated_audio/ljspeech_hifiGAN/LJ017-0150_generated.wav,1,ljspeech_hifiGAN,
train,/lambda/nfs/algovirginia/workspace/DeepfakeDetectionRenewed/data/vcc2020/audio/T14/task1/team14_intra-TEF2_SEM1_E30002.wav,1,VCC2020_T14,
train,__hf__,0,librispeech,1741
train,__hf__,0,librispeech,14339
train,/lambda/nfs/algovirginia/workspace/DeepfakeDetectionRenewed/data/wavefake/generated_audio/ljspeech_hifiGAN/LJ046-0139_generated.wav,1,ljspeech_hifiGAN,
train,/lambda/nfs/algovirginia/workspace/DeepfakeDetectionRenewed/data/wavefake/generated_audio/ljspeech_parallel_wavegan/LJ017-0016_gen.wav,1,ljspeech_parallel_wavegan,
train,/lambda/nfs/algovirginia/workspace/DeepfakeDetectionRenewed/data/wavefake/generated_audio/ljspeech_full_band_melgan/LJ014-0089_gen.wav,1,ljspeech_full_band_melgan,
train,/lambda/nfs/algovirginia/workspace/DeepfakeDetectionRenewed/data/vcc2020/audio/T20/task1/team20_intra-TEF2_SEM2_E30004.wav,1,VCC2020_T20,
train,__hf__,0,librispeech,7240
train,__hf__,0,librispeech,25954
train,/lambda/nfs/algovirginia/workspace/DeepfakeDetectionRenewed/data/wavefake/generated_audio/ljspeech_full_band_melgan/LJ046-0218_gen.wav,1,ljspeech_full_band_melgan,
train,__hf__,0,librispeech,7084
train,__hf__,0,librispeech,10973
train,/lambda/nfs/algovirginia/workspace/DeepfakeDetectionRenewed/data/wavefake/generated_audio/ljspeech_parallel_wavegan/LJ028-0362_gen.wav,1,ljspeech_parallel_wavegan,
train,__hf__,0,librispeech,17410
train,__hf__,0,librispeech,22888
train,/lambda/nfs/algovirginia/workspace/DeepfakeDetectionRenewed/data/vcc2020/audio/T29/task1/team29_intra-TEM1_SEM2_E30004.wav,1,VCC2020_T29,
train,__hf__,0,librispeech,5371
train,/lambda/nfs/algovirginia/workspace/DeepfakeDetectionRenewed/data/wavefake/generated_audio/common_voices_prompts_from_conformer_fastspeech2_pwg_ljspeech/gen_13947.wav,1,common_voices_prompts_from_conformer_fastspeech2_pwg_ljspeech,
train,__hf__,0,librispeech,25000
train,__hf__,0,librispeech,24353
train,/lambda/nfs/algovirginia/workspace/DeepfakeDetectionRenewed/data/wavefake/generated_audio/ljspeech_parallel_wavegan/LJ007-0176_gen.wav,1,ljspeech_parallel_wavegan,
train,/lambda/nfs/algovirginia/workspace/DeepfakeDetectionRenewed/data/wavefake/generated_audio/ljspeech_parallel_wavegan/LJ003-0227_gen.wav,1,ljspeech_parallel_wavegan,
train,/lambda/nfs/algovirginia/workspace/DeepfakeDetectionRenewed/data/vcc2020/audio/T20/task1/team20_intra-TEF1_SEF2_E30005.wav,1,VCC2020_T20,
train,__hf__,0,librispeech,7378
train,__hf__,0,librispeech,12522
train,__hf__,0,librispeech,27605
train,__hf__,0,librispeech,9174
train,/lambda/nfs/algovirginia/workspace/DeepfakeDetectionRenewed/data/wavefake/generated_audio/ljspeech_hifiGAN/LJ016-0221_generated.wav,1,ljspeech_hifiGAN,
train,__hf__,0,librispeech,15174
train,__hf__,0,librispeech,26949
train,__hf__,0,librispeech,16383
train,/lambda/nfs/algovirginia/workspace/DeepfakeDetectionRenewed/data/wavefake/generated_audio/ljspeech_hifiGAN/LJ032-0231_generated.wav,1,ljspeech_hifiGAN,
train,__hf__,0,librispeech,11142
train,/lambda/nfs/algovirginia/workspace/DeepfakeDetectionRenewed/data/wavefake/generated_audio/ljspeech_hifiGAN/LJ046-0152_generated.wav,1,ljspeech_hifiGAN,
train,/lambda/nfs/algovirginia/workspace/DeepfakeDetectionRenewed/data/wavefake/generated_audio/ljspeech_parallel_wavegan/LJ042-0052_gen.wav,1,ljspeech_parallel_wavegan,
train,__hf__,0,librispeech,3021
train,/lambda/nfs/algovirginia/workspace/DeepfakeDetectionRenewed/data/wavefake/generated_audio/ljspeech_full_band_melgan/LJ027-0152_gen.wav,1,ljspeech_full_band_melgan,
train,/lambda/nfs/algovirginia/workspace/DeepfakeDetectionRenewed/data/vcc2020/audio/T02/task1/team02_intra-TEF2_SEM2_E30001.wav,1,VCC2020_T02,
train,/lambda/nfs/algovirginia/workspace/DeepfakeDetectionRenewed/data/vcc2020/audio/T02/task1/team02_intra-TEM2_SEM1_E30003.wav,1,VCC2020_T02,
train,__hf__,0,librispeech,25407
train,/lambda/nfs/algovirginia/workspace/DeepfakeDetectionRenewed/data/vcc2020/audio/T14/task1/team14_intra-TEM1_SEM2_E30001.wav,1,VCC2020_T14,
train,/lambda/nfs/algovirginia/workspace/DeepfakeDetectionRenewed/data/wavefake/generated_audio/ljspeech_parallel_wavegan/LJ005-0093_gen.wav,1,ljspeech_parallel_wavegan,
train,/lambda/nfs/algovirginia/workspace/DeepfakeDetectionRenewed/data/wavefake/generated_audio/ljspeech_full_band_melgan/LJ008-0231_gen.wav,1,ljspeech_full_band_melgan,
train,__hf__,0,librispeech,21551
train,__hf__,0,librispeech,17046
train,__hf__,0,librispeech,27865
train,__hf__,0,librispeech,17086
train,/lambda/nfs/algovirginia/workspace/DeepfakeDetectionRenewed/data/wavefake/generated_audio/ljspeech_full_band_melgan/LJ016-0192_gen.wav,1,ljspeech_full_band_melgan,
train,__hf__,0,librispeech,10194
train,/lambda/nfs/algovirginia/workspace/DeepfakeDetectionRenewed/data/wavefake/generated_audio/ljspeech_hifiGAN/LJ019-0292_generated.wav,1,ljspeech_hifiGAN,
train,/lambda/nfs/algovirginia/workspace/DeepfakeDetectionRenewed/data/vcc2020/audio/T07/task1/team07_intra-TEF2_SEF2_E30004.wav,1,VCC2020_T07,
train,__hf__,0,librispeech,14429
train,__hf__,0,librispeech,14570
train,__hf__,0,librispeech,11664
train,__hf__,0,librispeech,4292
train,__hf__,0,librispeech,28386
train,__hf__,0,librispeech,22048
train,/lambda/nfs/algovirginia/workspace/DeepfakeDetectionRenewed/data/vcc2020/audio/T02/task1/team02_intra-TEF2_SEF1_E30002.wav,1,VCC2020_T02,
train,__hf__,0,librispeech,8106
train,__hf__,0,librispeech,18642
train,/lambda/nfs/algovirginia/workspace/DeepfakeDetectionRenewed/data/wavefake/generated_audio/ljspeech_parallel_wavegan/LJ008-0022_gen.wav,1,ljspeech_parallel_wavegan,
train,__hf__,0,librispeech,17368
train,__hf__,0,librispeech,25501
train,__hf__,0,librispeech,4556
train,__hf__,0,librispeech,13536
train,/lambda/nfs/algovirginia/workspace/DeepfakeDetectionRenewed/data/wavefake/generated_audio/ljspeech_hifiGAN/LJ002-0189_generated.wav,1,ljspeech_hifiGAN,
train,/lambda/nfs/algovirginia/workspace/DeepfakeDetectionRenewed/data/vcc2020/audio/T32/task1/team32_intra-TEF1_SEF2_E30003.wav,1,VCC2020_T32,
train,/lambda/nfs/algovirginia/workspace/DeepfakeDetectionRenewed/data/vcc2020/audio/T07/task1/team07_intra-TEM2_SEF1_E30004.wav,1,VCC2020_T07,
train,__hf__,0,librispeech,1971
train,/lambda/nfs/algovirginia/workspace/DeepfakeDetectionRenewed/data/wavefake/generated_audio/common_voices_prompts_from_conformer_fastspeech2_pwg_ljspeech/gen_1630.wav,1,common_voices_prompts_from_conformer_fastspeech2_pwg_ljspeech,
train,__hf__,0,librispeech,4830
train,__hf__,0,librispeech,26521
train,/lambda/nfs/algovirginia/workspace/DeepfakeDetectionRenewed/data/vcc2020/audio/T03/task1/team03_intra-TEF2_SEM1_E30002.wav,1,VCC2020_T03,
train,__hf__,0,librispeech,27464
train,__hf__,0,librispeech,3474
train,/lambda/nfs/algovirginia/workspace/DeepfakeDetectionRenewed/data/vcc2020/audio/T16/task1/team16_intra-TEM2_SEM2_E30005.wav,1,VCC2020_T16,
train,/lambda/nfs/algovirginia/workspace/DeepfakeDetectionRenewed/data/wavefake/generated_audio/ljspeech_hifiGAN/LJ005-0282_generated.wav,1,ljspeech_hifiGAN,
train,__hf__,0,librispeech,10762
train,__hf__,0,librispeech,1796
train,/lambda/nfs/algovirginia/workspace/DeepfakeDetectionRenewed/data/vcc2020/audio/T09/task1/team09_intra-TEM1_SEF2_E30004.wav,1,VCC2020_T09,
train,/lambda/nfs/algovirginia/workspace/DeepfakeDetectionRenewed/data/vcc2020/audio/T27/task1/team27_intra-TEM2_SEF2_E30001.wav,1,VCC2020_T27,
train,/lambda/nfs/algovirginia/workspace/DeepfakeDetectionRenewed/data/wavefake/generated_audio/ljspeech_parallel_wavegan/LJ003-0146_gen.wav,1,ljspeech_parallel_wavegan,
train,/lambda/nfs/algovirginia/workspace/DeepfakeDetectionRenewed/data/wavefake/generated_audio/ljspeech_full_band_melgan/LJ022-0014_gen.wav,1,ljspeech_full_band_melgan,
train,__hf__,0,librispeech,26490
train,/lambda/nfs/algovirginia/workspace/DeepfakeDetectionRenewed/data/vcc2020/audio/T12/task1/team12_intra-TEF1_SEM2_E30003.wav,1,VCC2020_T12,
train,__hf__,0,librispeech,20458
train,__hf__,0,librispeech,21605
train,__hf__,0,librispeech,1128
train,__hf__,0,librispeech,9842
train,__hf__,0,librispeech,5897
train,/lambda/nfs/algovirginia/workspace/DeepfakeDetectionRenewed/data/vcc2020/audio/T30/task1/team30_intra-TEF2_SEM1_E30005.wav,1,VCC2020_T30,
train,__hf__,0,librispeech,24531
train,__hf__,0,librispeech,4526
train,__hf__,0,librispeech,19125
train,/lambda/nfs/algovirginia/workspace/DeepfakeDetectionRenewed/data/wavefake/generated_audio/ljspeech_parallel_wavegan/LJ029-0117_gen.wav,1,ljspeech_parallel_wavegan,
train,/lambda/nfs/algovirginia/workspace/DeepfakeDetectionRenewed/data/wavefake/generated_audio/ljspeech_parallel_wavegan/LJ003-0101_gen.wav,1,ljspeech_parallel_wavegan,
train,__hf__,0,librispeech,15628
train,__hf__,0,librispeech,26063
train,/lambda/nfs/algovirginia/workspace/DeepfakeDetectionRenewed/data/vcc2020/audio/T31/task1/team31_intra-TEM2_SEM1_E30001.wav,1,VCC2020_T31,
train,__hf__,0,librispeech,14315
train,/lambda/nfs/algovirginia/workspace/DeepfakeDetectionRenewed/data/vcc2020/audio/T03/task1/team03_intra-TEM2_SEF1_E30002.wav,1,VCC2020_T03,
train,/lambda/nfs/algovirginia/workspace/DeepfakeDetectionRenewed/data/vcc2020/audio/T08/task1/team08_intra-TEF2_SEM1_E30004.wav,1,VCC2020_T08,
train,/lambda/nfs/algovirginia/workspace/DeepfakeDetectionRenewed/data/vcc2020/audio/T01/task1/team01_intra-TEF1_SEM1_E30002.wav,1,VCC2020_T01,
train,/lambda/nfs/algovirginia/workspace/DeepfakeDetectionRenewed/data/vcc2020/audio/T11/task1/team11_intra-TEF1_SEM2_E30004.wav,1,VCC2020_T11,
train,/lambda/nfs/algovirginia/workspace/DeepfakeDetectionRenewed/data/vcc2020/audio/T21/task1/team21_intra-TEM2_SEM2_E30005.wav,1,VCC2020_T21,
train,/lambda/nfs/algovirginia/workspace/DeepfakeDetectionRenewed/data/wavefake/generated_audio/ljspeech_full_band_melgan/LJ006-0135_gen.wav,1,ljspeech_full_band_melgan,
train,/lambda/nfs/algovirginia/workspace/DeepfakeDetectionRenewed/data/wavefake/generated_audio/common_voices_prompts_from_conformer_fastspeech2_pwg_ljspeech/gen_1091.wav,1,common_voices_prompts_from_conformer_fastspeech2_pwg_ljspeech,
train,/lambda/nfs/algovirginia/workspace/DeepfakeDetectionRenewed/data/vcc2020/audio/T17/task1/team17_intra-TEF2_SEF2_E30003.wav,1,VCC2020_T17,
train,__hf__,0,librispeech,27599
train,__hf__,0,librispeech,19255
train,/lambda/nfs/algovirginia/workspace/DeepfakeDetectionRenewed/data/wavefake/generated_audio/common_voices_prompts_from_conformer_fastspeech2_pwg_ljspeech/gen_13850.wav,1,common_voices_prompts_from_conformer_fastspeech2_pwg_ljspeech,
train,__hf__,0,librispeech,470
train,__hf__,0,librispeech,3930
train,__hf__,0,librispeech,5490
train,__hf__,0,librispeech,22954
train,__hf__,0,librispeech,7449
train,__hf__,0,librispeech,2623
train,/lambda/nfs/algovirginia/workspace/DeepfakeDetectionRenewed/data/vcc2020/audio/T30/task1/team30_intra-TEM2_SEM1_E30001.wav,1,VCC2020_T30,
train,/lambda/nfs/algovirginia/workspace/DeepfakeDetectionRenewed/data/wavefake/generated_audio/common_voices_prompts_from_conformer_fastspeech2_pwg_ljspeech/gen_887.wav,1,common_voices_prompts_from_conformer_fastspeech2_pwg_ljspeech,
train,__hf__,0,librispeech,5201
train,/lambda/nfs/algovirginia/workspace/DeepfakeDetectionRenewed/data/wavefake/generated_audio/ljspeech_hifiGAN/LJ016-0065_generated.wav,1,ljspeech_hifiGAN,
train,/lambda/nfs/algovirginia/workspace/DeepfakeDetectionRenewed/data/wavefake/generated_audio/ljspeech_full_band_melgan/LJ039-0174_gen.wav,1,ljspeech_full_band_melgan,
train,/lambda/nfs/algovirginia/workspace/DeepfakeDetectionRenewed/data/vcc2020/audio/T24/task1/team24_intra-TEF2_SEF1_E30004.wav,1,VCC2020_T24,
train,__hf__,0,librispeech,17895
train,__hf__,0,librispeech,28081
train,__hf__,0,librispeech,18894
train,__hf__,0,librispeech,25432
train,__hf__,0,librispeech,14444
train,__hf__,0,librispeech,14949
train,/lambda/nfs/algovirginia/workspace/DeepfakeDetectionRenewed/data/vcc2020/audio/T04/task1/team04_intra-TEF2_SEF1_E30004.wav,1,VCC2020_T04,
train,__hf__,0,librispeech,824
train,/lambda/nfs/algovirginia/workspace/DeepfakeDetectionRenewed/data/wavefake/generated_audio/ljspeech_hifiGAN/LJ002-0227_generated.wav,1,ljspeech_hifiGAN,
train,/lambda/nfs/algovirginia/workspace/DeepfakeDetectionRenewed/data/wavefake/generated_audio/common_voices_prompts_from_conformer_fastspeech2_pwg_ljspeech/gen_4514.wav,1,common_voices_prompts_from_conformer_fastspeech2_pwg_ljspeech,
train,__hf__,0,librispeech,14738
train,__hf__,0,librispeech,15613
train,__hf__,0,librispeech,5393
train,/lambda/nfs/algovirginia/workspace/DeepfakeDetectionRenewed/data/vcc2020/audio/T17/task1/team17_intra-TEF1_SEM2_E30001.wav,1,VCC2020_T17,
train,/lambda/nfs/algovirginia/workspace/DeepfakeDetectionRenewed/data/vcc2020/audio/T20/task1/team20_intra-TEM2_SEF2_E30002.wav,1,VCC2020_T20,
train,/lambda/nfs/algovirginia/workspace/DeepfakeDetectionRenewed/data/vcc2020/audio/T33/task1/team33_intra-TEF2_SEF1_E30003.wav,1,VCC2020_T33,
train,/lambda/nfs/algovirginia/workspace/DeepfakeDetectionRenewed/data/vcc2020/audio/T23/task1/team23_intra-TEF2_SEF1_E30001.wav,1,VCC2020_T23,
train,/lambda/nfs/algovirginia/workspace/DeepfakeDetectionRenewed/data/vcc2020/audio/T19/task1/team19_intra-TEM2_SEM1_E30004.wav,1,VCC2020_T19,
train,__hf__,0,librispeech,8681
train,__hf__,0,librispeech,8756
train,/lambda/nfs/algovirginia/workspace/DeepfakeDetectionRenewed/data/wavefake/generated_audio/ljspeech_hifiGAN/LJ031-0188_generated.wav,1,ljspeech_hifiGAN,
train,__hf__,0,librispeech,1867
train,__hf__,0,librispeech,22191
train,/lambda/nfs/algovirginia/workspace/DeepfakeDetectionRenewed/data/vcc2020/audio/T26/task1/team26_intra-TEM2_SEF2_E30001.wav,1,VCC2020_T26,
train,__hf__,0,librispeech,5585
train,/lambda/nfs/algovirginia/workspace/DeepfakeDetectionRenewed/data/wavefake/generated_audio/common_voices_prompts_from_conformer_fastspeech2_pwg_ljspeech/gen_2608.wav,1,common_voices_prompts_from_conformer_fastspeech2_pwg_ljspeech,
train,/lambda/nfs/algovirginia/workspace/DeepfakeDetectionRenewed/data/vcc2020/audio/T23/task1/team23_intra-TEM2_SEM2_E30002.wav,1,VCC2020_T23,
train,__hf__,0,librispeech,21421
train,/lambda/nfs/algovirginia/workspace/DeepfakeDetectionRenewed/data/vcc2020/audio/T13/task1/team13_intra-TEM1_SEM2_E30003.wav,1,VCC2020_T13,
train,__hf__,0,librispeech,5987
train,__hf__,0,librispeech,24924
train,/lambda/nfs/algovirginia/workspace/DeepfakeDetectionRenewed/data/vcc2020/audio/T17/task1/team17_intra-TEM1_SEM1_E30005.wav,1,VCC2020_T17,
train,/lambda/nfs/algovirginia/workspace/DeepfakeDetectionRenewed/data/vcc2020/audio/T21/task1/team21_intra-TEF2_SEM2_E30001.wav,1,VCC2020_T21,
train,/lambda/nfs/algovirginia/workspace/DeepfakeDetectionRenewed/data/wavefake/generated_audio/common_voices_prompts_from_conformer_fastspeech2_pwg_ljspeech/gen_773.wav,1,common_voices_prompts_from_conformer_fastspeech2_pwg_ljspeech,
train,__hf__,0,librispeech,7364
train,/lambda/nfs/algovirginia/workspace/DeepfakeDetectionRenewed/data/wavefake/generated_audio/ljspeech_parallel_wavegan/LJ028-0480_gen.wav,1,ljspeech_parallel_wavegan,
train,__hf__,0,librispeech,4490
train,/lambda/nfs/algovirginia/workspace/DeepfakeDetectionRenewed/data/vcc2020/audio/T08/task1/team08_intra-TEM1_SEF1_E30002.wav,1,VCC2020_T08,
train,__hf__,0,librispeech,11707
train,/lambda/nfs/algovirginia/workspace/DeepfakeDetectionRenewed/data/wavefake/generated_audio/common_voices_prompts_from_conformer_fastspeech2_pwg_ljspeech/gen_7484.wav,1,common_voices_prompts_from_conformer_fastspeech2_pwg_ljspeech,
train,__hf__,0,librispeech,22157
train,/lambda/nfs/algovirginia/workspace/DeepfakeDetectionRenewed/data/vcc2020/audio/T07/task1/team07_intra-TEF1_SEM2_E30002.wav,1,VCC2020_T07,
train,/lambda/nfs/algovirginia/workspace/DeepfakeDetectionRenewed/data/vcc2020/audio/T18/task1/team18_intra-TEM1_SEM1_E30001.wav,1,VCC2020_T18,
train,/lambda/nfs/algovirginia/workspace/DeepfakeDetectionRenewed/data/vcc2020/audio/T22/task1/team22_intra-TEM1_SEF1_E30002.wav,1,VCC2020_T22,
train,__hf__,0,librispeech,15243
train,__hf__,0,librispeech,28334
train,/lambda/nfs/algovirginia/workspace/DeepfakeDetectionRenewed/data/wavefake/generated_audio/ljspeech_parallel_wavegan/LJ046-0233_gen.wav,1,ljspeech_parallel_wavegan,
train,__hf__,0,librispeech,18225
train,__hf__,0,librispeech,4711
train,__hf__,0,librispeech,15074
train,__hf__,0,librispeech,23661
train,__hf__,0,librispeech,22615
train,__hf__,0,librispeech,13367
train,/lambda/nfs/algovirginia/workspace/DeepfakeDetectionRenewed/data/wavefake/generated_audio/ljspeech_hifiGAN/LJ011-0215_generated.wav,1,ljspeech_hifiGAN,
train,__hf__,0,librispeech,21576
train,__hf__,0,librispeech,27972
train,/lambda/nfs/algovirginia/workspace/DeepfakeDetectionRenewed/data/vcc2020/audio/T26/task1/team26_intra-TEM1_SEM1_E30005.wav,1,VCC2020_T26,
train,/lambda/nfs/algovirginia/workspace/DeepfakeDetectionRenewed/data/vcc2020/audio/T10/task1/team10_intra-TEF2_SEF2_E30002.wav,1,VCC2020_T10,
train,/lambda/nfs/algovirginia/workspace/DeepfakeDetectionRenewed/data/vcc2020/audio/T32/task1/team32_intra-TEF1_SEF2_E30002.wav,1,VCC2020_T32,
train,/lambda/nfs/algovirginia/workspace/DeepfakeDetectionRenewed/data/wavefake/generated_audio/common_voices_prompts_from_conformer_fastspeech2_pwg_ljspeech/gen_528.wav,1,common_voices_prompts_from_conformer_fastspeech2_pwg_ljspeech,
train,__hf__,0,librispeech,11643
train,/lambda/nfs/algovirginia/workspace/DeepfakeDetectionRenewed/data/wavefake/generated_audio/ljspeech_hifiGAN/LJ012-0210_generated.wav,1,ljspeech_hifiGAN,
train,/lambda/nfs/algovirginia/workspace/DeepfakeDetectionRenewed/data/wavefake/generated_audio/ljspeech_hifiGAN/LJ043-0129_generated.wav,1,ljspeech_hifiGAN,
train,/lambda/nfs/algovirginia/workspace/DeepfakeDetectionRenewed/data/wavefake/generated_audio/common_voices_prompts_from_conformer_fastspeech2_pwg_ljspeech/gen_713.wav,1,common_voices_prompts_from_conformer_fastspeech2_pwg_ljspeech,
train,__hf__,0,librispeech,18440
train,__hf__,0,librispeech,18818
train,/lambda/nfs/algovirginia/workspace/DeepfakeDetectionRenewed/data/wavefake/generated_audio/ljspeech_hifiGAN/LJ010-0223_generated.wav,1,ljspeech_hifiGAN,
train,/lambda/nfs/algovirginia/workspace/DeepfakeDetectionRenewed/data/wavefake/generated_audio/ljspeech_hifiGAN/LJ046-0149_generated.wav,1,ljspeech_hifiGAN,
train,/lambda/nfs/algovirginia/workspace/DeepfakeDetectionRenewed/data/vcc2020/audio/T24/task1/team24_intra-TEF1_SEM2_E30005.wav,1,VCC2020_T24,
train,__hf__,0,librispeech,15153
train,__hf__,0,librispeech,26467
train,__hf__,0,librispeech,1646
train,/lambda/nfs/algovirginia/workspace/DeepfakeDetectionRenewed/data/wavefake/generated_audio/ljspeech_hifiGAN/LJ015-0137_generated.wav,1,ljspeech_hifiGAN,
train,/lambda/nfs/algovirginia/workspace/DeepfakeDetectionRenewed/data/vcc2020/audio/T07/task1/team07_intra-TEM1_SEF1_E30003.wav,1,VCC2020_T07,
train,__hf__,0,librispeech,9057
train,__hf__,0,librispeech,3934
train,/lambda/nfs/algovirginia/workspace/DeepfakeDetectionRenewed/data/vcc2020/audio/T03/task1/team03_intra-TEF2_SEF2_E30002.wav,1,VCC2020_T03,
train,__hf__,0,librispeech,9410
train,__hf__,0,librispeech,13101
train,__hf__,0,librispeech,28528
train,/lambda/nfs/algovirginia/workspace/DeepfakeDetectionRenewed/data/wavefake/generated_audio/common_voices_prompts_from_conformer_fastspeech2_pwg_ljspeech/gen_4869.wav,1,common_voices_prompts_from_conformer_fastspeech2_pwg_ljspeech,
train,/lambda/nfs/algovirginia/workspace/DeepfakeDetectionRenewed/data/wavefake/generated_audio/ljspeech_parallel_wavegan/LJ044-0214_gen.wav,1,ljspeech_parallel_wavegan,
train,/lambda/nfs/algovirginia/workspace/DeepfakeDetectionRenewed/data/vcc2020/audio/T11/task1/team11_intra-TEM1_SEM1_E30004.wav,1,VCC2020_T11,
train,/lambda/nfs/algovirginia/workspace/DeepfakeDetectionRenewed/data/vcc2020/audio/T08/task1/team08_intra-TEM1_SEM2_E30004.wav,1,VCC2020_T08,
train,/lambda/nfs/algovirginia/workspace/DeepfakeDetectionRenewed/data/vcc2020/audio/T20/task1/team20_intra-TEM2_SEM1_E30002.wav,1,VCC2020_T20,
train,__hf__,0,librispeech,5918
train,/lambda/nfs/algovirginia/workspace/DeepfakeDetectionRenewed/data/wavefake/generated_audio/common_voices_prompts_from_conformer_fastspeech2_pwg_ljspeech/gen_11224.wav,1,common_voices_prompts_from_conformer_fastspeech2_pwg_ljspeech,
train,/lambda/nfs/algovirginia/workspace/DeepfakeDetectionRenewed/data/vcc2020/audio/T13/task1/team13_intra-TEF1_SEF1_E30003.wav,1,VCC2020_T13,
train,__hf__,0,librispeech,1978
train,/lambda/nfs/algovirginia/workspace/DeepfakeDetectionRenewed/data/vcc2020/audio/T25/task1/team25_intra-TEF2_SEF2_E30003.wav,1,VCC2020_T25,
train,__hf__,0,librispeech,21728
train,/lambda/nfs/algovirginia/workspace/DeepfakeDetectionRenewed/data/wavefake/generated_audio/ljspeech_full_band_melgan/LJ011-0268_gen.wav,1,ljspeech_full_band_melgan,
train,/lambda/nfs/algovirginia/workspace/DeepfakeDetectionRenewed/data/vcc2020/audio/T19/task1/team19_intra-TEF2_SEM2_E30002.wav,1,VCC2020_T19,
train,/lambda/nfs/algovirginia/workspace/DeepfakeDetectionRenewed/data/vcc2020/audio/T02/task1/team02_intra-TEF1_SEM2_E30003.wav,1,VCC2020_T02,
train,/lambda/nfs/algovirginia/workspace/DeepfakeDetectionRenewed/data/wavefake/generated_audio/ljspeech_parallel_wavegan/LJ004-0242_gen.wav,1,ljspeech_parallel_wavegan,
train,__hf__,0,librispeech,9863
train,/lambda/nfs/algovirginia/workspace/DeepfakeDetectionRenewed/data/wavefake/generated_audio/ljspeech_parallel_wavegan/LJ003-0138_gen.wav,1,ljspeech_parallel_wavegan,
train,/lambda/nfs/algovirginia/workspace/DeepfakeDetectionRenewed/data/vcc2020/audio/T30/task1/team30_intra-TEM2_SEF1_E30005.wav,1,VCC2020_T30,
train,__hf__,0,librispeech,9144
train,/lambda/nfs/algovirginia/workspace/DeepfakeDetectionRenewed/data/wavefake/generated_audio/ljspeech_parallel_wavegan/LJ018-0019_gen.wav,1,ljspeech_parallel_wavegan,
train,__hf__,0,librispeech,23044
train,/lambda/nfs/algovirginia/workspace/DeepfakeDetectionRenewed/data/vcc2020/audio/T29/task1/team29_intra-TEF1_SEF2_E30005.wav,1,VCC2020_T29,
train,__hf__,0,librispeech,26387
train,__hf__,0,librispeech,14295
train,/lambda/nfs/algovirginia/workspace/DeepfakeDetectionRenewed/data/vcc2020/audio/T03/task1/team03_intra-TEM1_SEM1_E30002.wav,1,VCC2020_T03,
train,__hf__,0,librispeech,3884
train,__hf__,0,librispeech,21163
train,__hf__,0,librispeech,769
train,__hf__,0,librispeech,3505
train,__hf__,0,librispeech,19177
train,/lambda/nfs/algovirginia/workspace/DeepfakeDetectionRenewed/data/wavefake/generated_audio/common_voices_prompts_from_conformer_fastspeech2_pwg_ljspeech/gen_811.wav,1,common_voices_prompts_from_conformer_fastspeech2_pwg_ljspeech,
train,__hf__,0,librispeech,3225
train,/lambda/nfs/algovirginia/workspace/DeepfakeDetectionRenewed/data/wavefake/generated_audio/ljspeech_parallel_wavegan/LJ011-0264_gen.wav,1,ljspeech_parallel_wavegan,
train,/lambda/nfs/algovirginia/workspace/DeepfakeDetectionRenewed/data/vcc2020/audio/T27/task1/team27_intra-TEF2_SEM1_E30001.wav,1,VCC2020_T27,
train,/lambda/nfs/algovirginia/workspace/DeepfakeDetectionRenewed/data/vcc2020/audio/T32/task1/team32_intra-TEM1_SEM2_E30004.wav,1,VCC2020_T32,
train,/lambda/nfs/algovirginia/workspace/DeepfakeDetectionRenewed/data/wavefake/generated_audio/ljspeech_hifiGAN/LJ016-0216_generated.wav,1,ljspeech_hifiGAN,
train,/lambda/nfs/algovirginia/workspace/DeepfakeDetectionRenewed/data/wavefake/generated_audio/common_voices_prompts_from_conformer_fastspeech2_pwg_ljspeech/gen_12387.wav,1,common_voices_prompts_from_conformer_fastspeech2_pwg_ljspeech,
train,/lambda/nfs/algovirginia/workspace/DeepfakeDetectionRenewed/data/wavefake/generated_audio/common_voices_prompts_from_conformer_fastspeech2_pwg_ljspeech/gen_14304.wav,1,common_voices_prompts_from_conformer_fastspeech2_pwg_ljspeech,
train,__hf__,0,librispeech,7404
train,__hf__,0,librispeech,21785
train,/lambda/nfs/algovirginia/workspace/DeepfakeDetectionRenewed/data/wavefake/generated_audio/common_voices_prompts_from_conformer_fastspeech2_pwg_ljspeech/gen_6153.wav,1,common_voices_prompts_from_conformer_fastspeech2_pwg_ljspeech,
train,/lambda/nfs/algovirginia/workspace/DeepfakeDetectionRenewed/data/vcc2020/audio/T32/task1/team32_intra-TEM2_SEM1_E30003.wav,1,VCC2020_T32,
train,/lambda/nfs/algovirginia/workspace/DeepfakeDetectionRenewed/data/wavefake/generated_audio/ljspeech_parallel_wavegan/LJ015-0268_gen.wav,1,ljspeech_parallel_wavegan,
train,__hf__,0,librispeech,23350
train,/lambda/nfs/algovirginia/workspace/DeepfakeDetectionRenewed/data/wavefake/generated_audio/ljspeech_hifiGAN/LJ003-0249_generated.wav,1,ljspeech_hifiGAN,
train,/lambda/nfs/algovirginia/workspace/DeepfakeDetectionRenewed/data/vcc2020/audio/T30/task1/team30_intra-TEF1_SEF2_E30004.wav,1,VCC2020_T30,
train,/lambda/nfs/algovirginia/workspace/DeepfakeDetectionRenewed/data/vcc2020/audio/T20/task1/team20_intra-TEF2_SEM1_E30004.wav,1,VCC2020_T20,
train,__hf__,0,librispeech,15049
train,__hf__,0,librispeech,22143
train,__hf__,0,librispeech,1826
train,__hf__,0,librispeech,20671
train,/lambda/nfs/algovirginia/workspace/DeepfakeDetectionRenewed/data/wavefake/generated_audio/ljspeech_hifiGAN/LJ010-0244_generated.wav,1,ljspeech_hifiGAN,
train,/lambda/nfs/algovirginia/workspace/DeepfakeDetectionRenewed/data/wavefake/generated_audio/ljspeech_full_band_melgan/LJ009-0159_gen.wav,1,ljspeech_full_band_melgan,
train,/lambda/nfs/algovirginia/workspace/DeepfakeDetectionRenewed/data/vcc2020/audio/T19/task1/team19_intra-TEM2_SEM2_E30005.wav,1,VCC2020_T19,
train,__hf__,0,librispeech,24989
train,/lambda/nfs/algovirginia/workspace/DeepfakeDetectionRenewed/data/vcc2020/audio/T19/task1/team19_intra-TEF2_SEF2_E30001.wav,1,VCC2020_T19,
train,/lambda/nfs/algovirginia/workspace/DeepfakeDetectionRenewed/data/wavefake/generated_audio/common_voices_prompts_from_conformer_fastspeech2_pwg_ljspeech/gen_10176.wav,1,common_voices_prompts_from_conformer_fastspeech2_pwg_ljspeech,
train,__hf__,0,librispeech,21696
train,__hf__,0,librispeech,22737
train,/lambda/nfs/algovirginia/workspace/DeepfakeDetectionRenewed/data/wavefake/generated_audio/ljspeech_parallel_wavegan/LJ018-0100_gen.wav,1,ljspeech_parallel_wavegan,
train,__hf__,0,librispeech,3475
train,__hf__,0,librispeech,23822
train,__hf__,0,librispeech,9674
train,/lambda/nfs/algovirginia/workspace/DeepfakeDetectionRenewed/data/wavefake/generated_audio/ljspeech_full_band_melgan/LJ008-0139_gen.wav,1,ljspeech_full_band_melgan,
train,/lambda/nfs/algovirginia/workspace/DeepfakeDetectionRenewed/data/wavefake/generated_audio/ljspeech_full_band_melgan/LJ018-0167_gen.wav,1,ljspeech_full_band_melgan,
train,/lambda/nfs/algovirginia/workspace/DeepfakeDetectionRenewed/data/vcc2020/audio/T30/task1/team30_intra-TEM2_SEF2_E30001.wav,1,VCC2020_T30,
train,__hf__,0,librispeech,2489
train,/lambda/nfs/algovirginia/workspace/DeepfakeDetectionRenewed/data/wavefake/generated_audio/ljspeech_parallel_wavegan/LJ030-0186_gen.wav,1,ljspeech_parallel_wavegan,
train,/lambda/nfs/algovirginia/workspace/DeepfakeDetectionRenewed/data/wavefake/generated_audio/ljspeech_parallel_wavegan/LJ016-0212_gen.wav,1,ljspeech_parallel_wavegan,
train,__hf__,0,librispeech,21878
train,__hf__,0,librispeech,13373
train,__hf__,0,librispeech,28329
train,__hf__,0,librispeech,21681
train,/lambda/nfs/algovirginia/workspace/DeepfakeDetectionRenewed/data/vcc2020/audio/T06/task1/team06_intra-TEF1_SEF1_E30001.wav,1,VCC2020_T06,
train,/lambda/nfs/algovirginia/workspace/DeepfakeDetectionRenewed/data/vcc2020/audio/T22/task1/team22_intra-TEF2_SEF2_E30001.wav,1,VCC2020_T22,
train,__hf__,0,librispeech,7887
train,__hf__,0,librispeech,18481
train,__hf__,0,librispeech,8346
train,/lambda/nfs/algovirginia/workspace/DeepfakeDetectionRenewed/data/vcc2020/audio/T29/task1/team29_intra-TEF2_SEF2_E30005.wav,1,VCC2020_T29,
train,/lambda/nfs/algovirginia/workspace/DeepfakeDetectionRenewed/data/vcc2020/audio/T25/task1/team25_intra-TEM2_SEM2_E30003.wav,1,VCC2020_T25,
train,/lambda/nfs/algovirginia/workspace/DeepfakeDetectionRenewed/data/wavefake/generated_audio/ljspeech_parallel_wavegan/LJ049-0128_gen.wav,1,ljspeech_parallel_wavegan,
train,/lambda/nfs/algovirginia/workspace/DeepfakeDetectionRenewed/data/vcc2020/audio/T04/task1/team04_intra-TEM1_SEF1_E30002.wav,1,VCC2020_T04,
train,/lambda/nfs/algovirginia/workspace/DeepfakeDetectionRenewed/data/vcc2020/audio/T19/task1/team19_intra-TEM2_SEM1_E30003.wav,1,VCC2020_T19,
train,/lambda/nfs/algovirginia/workspace/DeepfakeDetectionRenewed/data/wavefake/generated_audio/common_voices_prompts_from_conformer_fastspeech2_pwg_ljspeech/gen_319.wav,1,common_voices_prompts_from_conformer_fastspeech2_pwg_ljspeech,
train,__hf__,0,librispeech,18961
train,/lambda/nfs/algovirginia/workspace/DeepfakeDetectionRenewed/data/wavefake/generated_audio/ljspeech_full_band_melgan/LJ014-0079_gen.wav,1,ljspeech_full_band_melgan,
train,__hf__,0,librispeech,2659
train,/lambda/nfs/algovirginia/workspace/DeepfakeDetectionRenewed/data/vcc2020/audio/T01/task1/team01_intra-TEM2_SEF2_E30005.wav,1,VCC2020_T01,
train,__hf__,0,librispeech,11245
train,/lambda/nfs/algovirginia/workspace/DeepfakeDetectionRenewed/data/vcc2020/audio/T20/task1/team20_intra-TEF1_SEM2_E30005.wav,1,VCC2020_T20,
train,__hf__,0,librispeech,2010
train,/lambda/nfs/algovirginia/workspace/DeepfakeDetectionRenewed/data/wavefake/generated_audio/common_voices_prompts_from_conformer_fastspeech2_pwg_ljspeech/gen_13081.wav,1,common_voices_prompts_from_conformer_fastspeech2_pwg_ljspeech,
train,__hf__,0,librispeech,7110
train,/lambda/nfs/algovirginia/workspace/DeepfakeDetectionRenewed/data/vcc2020/audio/T26/task1/team26_intra-TEF2_SEM1_E30004.wav,1,VCC2020_T26,
train,/lambda/nfs/algovirginia/workspace/DeepfakeDetectionRenewed/data/vcc2020/audio/T21/task1/team21_intra-TEM1_SEF2_E30002.wav,1,VCC2020_T21,
train,/lambda/nfs/algovirginia/workspace/DeepfakeDetectionRenewed/data/vcc2020/audio/T18/task1/team18_intra-TEF1_SEF1_E30003.wav,1,VCC2020_T18,
train,/lambda/nfs/algovirginia/workspace/DeepfakeDetectionRenewed/data/wavefake/generated_audio/common_voices_prompts_from_conformer_fastspeech2_pwg_ljspeech/gen_8624.wav,1,common_voices_prompts_from_conformer_fastspeech2_pwg_ljspeech,
train,/lambda/nfs/algovirginia/workspace/DeepfakeDetectionRenewed/data/vcc2020/audio/T23/task1/team23_intra-TEF1_SEF1_E30004.wav,1,VCC2020_T23,
train,/lambda/nfs/algovirginia/workspace/DeepfakeDetectionRenewed/data/wavefake/generated_audio/common_voices_prompts_from_conformer_fastspeech2_pwg_ljspeech/gen_10276.wav,1,common_voices_prompts_from_conformer_fastspeech2_pwg_ljspeech,
train,__hf__,0,librispeech,6100
train,__hf__,0,librispeech,15875
train,/lambda/nfs/algovirginia/workspace/DeepfakeDetectionRenewed/data/vcc2020/audio/T07/task1/team07_intra-TEF2_SEM2_E30004.wav,1,VCC2020_T07,
train,__hf__,0,librispeech,5994
train,__hf__,0,librispeech,24048
train,/lambda/nfs/algovirginia/workspace/DeepfakeDetectionRenewed/data/wavefake/generated_audio/ljspeech_hifiGAN/LJ042-0003_generated.wav,1,ljspeech_hifiGAN,
train,/lambda/nfs/algovirginia/workspace/DeepfakeDetectionRenewed/data/vcc2020/audio/T26/task1/team26_intra-TEM2_SEF1_E30003.wav,1,VCC2020_T26,
train,__hf__,0,librispeech,20181
train,__hf__,0,librispeech,24120
train,/lambda/nfs/algovirginia/workspace/DeepfakeDetectionRenewed/data/wavefake/generated_audio/ljspeech_full_band_melgan/LJ012-0164_gen.wav,1,ljspeech_full_band_melgan,
train,/lambda/nfs/algovirginia/workspace/DeepfakeDetectionRenewed/data/vcc2020/audio/T02/task1/team02_intra-TEM1_SEF1_E30002.wav,1,VCC2020_T02,
train,/lambda/nfs/algovirginia/workspace/DeepfakeDetectionRenewed/data/wavefake/generated_audio/ljspeech_hifiGAN/LJ041-0009_generated.wav,1,ljspeech_hifiGAN,
train,__hf__,0,librispeech,12686
train,__hf__,0,librispeech,13560
train,__hf__,0,librispeech,3917
train,__hf__,0,librispeech,21125
train,/lambda/nfs/algovirginia/workspace/DeepfakeDetectionRenewed/data/wavefake/generated_audio/ljspeech_hifiGAN/LJ028-0098_generated.wav,1,ljspeech_hifiGAN,
train,/lambda/nfs/algovirginia/workspace/DeepfakeDetectionRenewed/data/vcc2020/audio/T21/task1/team21_intra-TEM2_SEF1_E30001.wav,1,VCC2020_T21,
train,__hf__,0,librispeech,8041
train,__hf__,0,librispeech,3783
train,__hf__,0,librispeech,8207
train,/lambda/nfs/algovirginia/workspace/DeepfakeDetectionRenewed/data/vcc2020/audio/T31/task1/team31_intra-TEF2_SEM1_E30002.wav,1,VCC2020_T31,
train,__hf__,0,librispeech,5073
train,/lambda/nfs/algovirginia/workspace/DeepfakeDetectionRenewed/data/vcc2020/audio/T08/task1/team08_intra-TEM1_SEM1_E30004.wav,1,VCC2020_T08,
train,__hf__,0,librispeech,19763
train,__hf__,0,librispeech,15550
train,/lambda/nfs/algovirginia/workspace/DeepfakeDetectionRenewed/data/vcc2020/audio/T10/task1/team10_intra-TEF2_SEM2_E30005.wav,1,VCC2020_T10,
train,__hf__,0,librispeech,14359
train,__hf__,0,librispeech,2187
train,__hf__,0,librispeech,26498
train,/lambda/nfs/algovirginia/workspace/DeepfakeDetectionRenewed/data/vcc2020/audio/T12/task1/team12_intra-TEF2_SEM1_E30002.wav,1,VCC2020_T12,
train,__hf__,0,librispeech,12849
train,__hf__,0,librispeech,4608
train,__hf__,0,librispeech,13944
train,__hf__,0,librispeech,21372
train,/lambda/nfs/algovirginia/workspace/DeepfakeDetectionRenewed/data/wavefake/generated_audio/common_voices_prompts_from_conformer_fastspeech2_pwg_ljspeech/gen_10089.wav,1,common_voices_prompts_from_conformer_fastspeech2_pwg_ljspeech,
train,__hf__,0,librispeech,7247
train,__hf__,0,librispeech,3026
train,/lambda/nfs/algovirginia/workspace/DeepfakeDetectionRenewed/data/wavefake/generated_audio/ljspeech_hifiGAN/LJ027-0032_generated.wav,1,ljspeech_hifiGAN,
train,__hf__,0,librispeech,17991
train,__hf__,0,librispeech,25962
train,/lambda/nfs/algovirginia/workspace/DeepfakeDetectionRenewed/data/vcc2020/audio/T10/task1/team10_intra-TEF2_SEM1_E30002.wav,1,VCC2020_T10,
train,__hf__,0,librispeech,9750
train,__hf__,0,librispeech,11773
train,__hf__,0,librispeech,27058
train,/lambda/nfs/algovirginia/workspace/DeepfakeDetectionRenewed/data/vcc2020/audio/T21/task1/team21_intra-TEF1_SEF1_E30005.wav,1,VCC2020_T21,
train,__hf__,0,librispeech,11970
train,/lambda/nfs/algovirginia/workspace/DeepfakeDetectionRenewed/data/wavefake/generated_audio/ljspeech_parallel_wavegan/LJ010-0123_gen.wav,1,ljspeech_parallel_wavegan,
train,__hf__,0,librispeech,28326
train,/lambda/nfs/algovirginia/workspace/DeepfakeDetectionRenewed/data/wavefake/generated_audio/common_voices_prompts_from_conformer_fastspeech2_pwg_ljspeech/gen_4742.wav,1,common_voices_prompts_from_conformer_fastspeech2_pwg_ljspeech,
train,/lambda/nfs/algovirginia/workspace/DeepfakeDetectionRenewed/data/vcc2020/audio/T10/task1/team10_intra-TEM2_SEF1_E30005.wav,1,VCC2020_T10,
train,__hf__,0,librispeech,17900
train,/lambda/nfs/algovirginia/workspace/DeepfakeDetectionRenewed/data/vcc2020/audio/T03/task1/team03_intra-TEM2_SEM1_E30005.wav,1,VCC2020_T03,
train,__hf__,0,librispeech,22200
train,/lambda/nfs/algovirginia/workspace/DeepfakeDetectionRenewed/data/vcc2020/audio/T32/task1/team32_intra-TEM1_SEF1_E30001.wav,1,VCC2020_T32,
train,__hf__,0,librispeech,24953
train,/lambda/nfs/algovirginia/workspace/DeepfakeDetectionRenewed/data/vcc2020/audio/T29/task1/team29_intra-TEF1_SEF1_E30004.wav,1,VCC2020_T29,
train,__hf__,0,librispeech,12402
train,/lambda/nfs/algovirginia/workspace/DeepfakeDetectionRenewed/data/vcc2020/audio/T03/task1/team03_intra-TEF1_SEM2_E30004.wav,1,VCC2020_T03,
train,__hf__,0,librispeech,5329
train,__hf__,0,librispeech,18761
train,__hf__,0,librispeech,22747
train,__hf__,0,librispeech,20238
train,__hf__,0,librispeech,20758
train,/lambda/nfs/algovirginia/workspace/DeepfakeDetectionRenewed/data/wavefake/generated_audio/common_voices_prompts_from_conformer_fastspeech2_pwg_ljspeech/gen_11012.wav,1,common_voices_prompts_from_conformer_fastspeech2_pwg_ljspeech,
train,__hf__,0,librispeech,10247
train,__hf__,0,librispeech,985
train,__hf__,0,librispeech,20984
train,/lambda/nfs/algovirginia/workspace/DeepfakeDetectionRenewed/data/wavefake/generated_audio/ljspeech_hifiGAN/LJ016-0310_generated.wav,1,ljspeech_hifiGAN,
train,/lambda/nfs/algovirginia/workspace/DeepfakeDetectionRenewed/data/vcc2020/audio/T20/task1/team20_intra-TEM1_SEF2_E30004.wav,1,VCC2020_T20,
train,/lambda/nfs/algovirginia/workspace/DeepfakeDetectionRenewed/data/wavefake/generated_audio/ljspeech_full_band_melgan/LJ010-0193_gen.wav,1,ljspeech_full_band_melgan,
train,/lambda/nfs/algovirginia/workspace/DeepfakeDetectionRenewed/data/vcc2020/audio/T16/task1/team16_intra-TEM1_SEM2_E30003.wav,1,VCC2020_T16,
train,__hf__,0,librispeech,18032
train,__hf__,0,librispeech,21566
train,__hf__,0,librispeech,15408
train,__hf__,0,librispeech,9970
train,/lambda/nfs/algovirginia/workspace/DeepfakeDetectionRenewed/data/wavefake/generated_audio/ljspeech_parallel_wavegan/LJ043-0063_gen.wav,1,ljspeech_parallel_wavegan,
train,/lambda/nfs/algovirginia/workspace/DeepfakeDetectionRenewed/data/vcc2020/audio/T31/task1/team31_intra-TEF2_SEF1_E30003.wav,1,VCC2020_T31,
train,/lambda/nfs/algovirginia/workspace/DeepfakeDetectionRenewed/data/vcc2020/audio/T04/task1/team04_intra-TEF1_SEM2_E30002.wav,1,VCC2020_T04,
train,__hf__,0,librispeech,6475
train,/lambda/nfs/algovirginia/workspace/DeepfakeDetectionRenewed/data/wavefake/generated_audio/ljspeech_full_band_melgan/LJ012-0257_gen.wav,1,ljspeech_full_band_melgan,
train,/lambda/nfs/algovirginia/workspace/DeepfakeDetectionRenewed/data/vcc2020/audio/T11/task1/team11_intra-TEF1_SEF1_E30003.wav,1,VCC2020_T11,
train,/lambda/nfs/algovirginia/workspace/DeepfakeDetectionRenewed/data/wavefake/generated_audio/ljspeech_full_band_melgan/LJ028-0147_gen.wav,1,ljspeech_full_band_melgan,
train,/lambda/nfs/algovirginia/workspace/DeepfakeDetectionRenewed/data/wavefake/generated_audio/common_voices_prompts_from_conformer_fastspeech2_pwg_ljspeech/gen_8090.wav,1,common_voices_prompts_from_conformer_fastspeech2_pwg_ljspeech,
train,/lambda/nfs/algovirginia/workspace/DeepfakeDetectionRenewed/data/wavefake/generated_audio/ljspeech_parallel_wavegan/LJ014-0303_gen.wav,1,ljspeech_parallel_wavegan,
train,/lambda/nfs/algovirginia/workspace/DeepfakeDetectionRenewed/data/vcc2020/audio/T26/task1/team26_intra-TEF2_SEF2_E30004.wav,1,VCC2020_T26,
train,__hf__,0,librispeech,137
train,__hf__,0,librispeech,21445
train,__hf__,0,librispeech,19131
train,__hf__,0,librispeech,13304
train,/lambda/nfs/algovirginia/workspace/DeepfakeDetectionRenewed/data/wavefake/generated_audio/common_voices_prompts_from_conformer_fastspeech2_pwg_ljspeech/gen_11385.wav,1,common_voices_prompts_from_conformer_fastspeech2_pwg_ljspeech,
train,__hf__,0,librispeech,6918
train,__hf__,0,librispeech,26791
train,/lambda/nfs/algovirginia/workspace/DeepfakeDetectionRenewed/data/wavefake/generated_audio/ljspeech_hifiGAN/LJ021-0094_generated.wav,1,ljspeech_hifiGAN,
train,/lambda/nfs/algovirginia/workspace/DeepfakeDetectionRenewed/data/wavefake/generated_audio/ljspeech_hifiGAN/LJ045-0108_generated.wav,1,ljspeech_hifiGAN,
train,/lambda/nfs/algovirginia/workspace/DeepfakeDetectionRenewed/data/wavefake/generated_audio/ljspeech_hifiGAN/LJ050-0027_generated.wav,1,ljspeech_hifiGAN,
train,__hf__,0,librispeech,213
train,/lambda/nfs/algovirginia/workspace/DeepfakeDetectionRenewed/data/vcc2020/audio/T09/task1/team09_intra-TEM2_SEF2_E30002.wav,1,VCC2020_T09,
train,/lambda/nfs/algovirginia/workspace/DeepfakeDetectionRenewed/data/wavefake/generated_audio/ljspeech_hifiGAN/LJ003-0075_generated.wav,1,ljspeech_hifiGAN,
train,__hf__,0,librispeech,26846
train,/lambda/nfs/algovirginia/workspace/DeepfakeDetectionRenewed/data/wavefake/generated_audio/common_voices_prompts_from_conformer_fastspeech2_pwg_ljspeech/gen_14942.wav,1,common_voices_prompts_from_conformer_fastspeech2_pwg_ljspeech,
train,__hf__,0,librispeech,21017
train,__hf__,0,librispeech,21758
train,/lambda/nfs/algovirginia/workspace/DeepfakeDetectionRenewed/data/vcc2020/audio/T12/task1/team12_intra-TEM1_SEF1_E30003.wav,1,VCC2020_T12,
train,__hf__,0,librispeech,599
train,/lambda/nfs/algovirginia/workspace/DeepfakeDetectionRenewed/data/wavefake/generated_audio/ljspeech_full_band_melgan/LJ038-0069_gen.wav,1,ljspeech_full_band_melgan,
train,/lambda/nfs/algovirginia/workspace/DeepfakeDetectionRenewed/data/vcc2020/audio/T26/task1/team26_intra-TEM1_SEF2_E30003.wav,1,VCC2020_T26,
train,__hf__,0,librispeech,23054
train,/lambda/nfs/algovirginia/workspace/DeepfakeDetectionRenewed/data/wavefake/generated_audio/ljspeech_parallel_wavegan/LJ018-0257_gen.wav,1,ljspeech_parallel_wavegan,
train,__hf__,0,librispeech,24383
train,/lambda/nfs/algovirginia/workspace/DeepfakeDetectionRenewed/data/wavefake/generated_audio/ljspeech_full_band_melgan/LJ005-0294_gen.wav,1,ljspeech_full_band_melgan,
train,/lambda/nfs/algovirginia/workspace/DeepfakeDetectionRenewed/data/vcc2020/audio/T29/task1/team29_intra-TEF2_SEF1_E30002.wav,1,VCC2020_T29,
train,/lambda/nfs/algovirginia/workspace/DeepfakeDetectionRenewed/data/wavefake/generated_audio/common_voices_prompts_from_conformer_fastspeech2_pwg_ljspeech/gen_11902.wav,1,common_voices_prompts_from_conformer_fastspeech2_pwg_ljspeech,
train,__hf__,0,librispeech,7100
train,/lambda/nfs/algovirginia/workspace/DeepfakeDetectionRenewed/data/wavefake/generated_audio/common_voices_prompts_from_conformer_fastspeech2_pwg_ljspeech/gen_1228.wav,1,common_voices_prompts_from_conformer_fastspeech2_pwg_ljspeech,
train,__hf__,0,librispeech,17261
train,/lambda/nfs/algovirginia/workspace/DeepfakeDetectionRenewed/data/wavefake/generated_audio/ljspeech_parallel_wavegan/LJ004-0075_gen.wav,1,ljspeech_parallel_wavegan,
train,__hf__,0,librispeech,12975
train,/lambda/nfs/algovirginia/workspace/DeepfakeDetectionRenewed/data/wavefake/generated_audio/common_voices_prompts_from_conformer_fastspeech2_pwg_ljspeech/gen_1800.wav,1,common_voices_prompts_from_conformer_fastspeech2_pwg_ljspeech,
train,__hf__,0,librispeech,21459
train,__hf__,0,librispeech,18088
train,/lambda/nfs/algovirginia/workspace/DeepfakeDetectionRenewed/data/wavefake/generated_audio/ljspeech_full_band_melgan/LJ003-0206_gen.wav,1,ljspeech_full_band_melgan,
train,__hf__,0,librispeech,2268
train,/lambda/nfs/algovirginia/workspace/DeepfakeDetectionRenewed/data/vcc2020/audio/T16/task1/team16_intra-TEF2_SEF2_E30005.wav,1,VCC2020_T16,
train,/lambda/nfs/algovirginia/workspace/DeepfakeDetectionRenewed/data/vcc2020/audio/T08/task1/team08_intra-TEM2_SEM2_E30003.wav,1,VCC2020_T08,
train,__hf__,0,librispeech,11003
train,__hf__,0,librispeech,4315
train,__hf__,0,librispeech,14245
train,__hf__,0,librispeech,18001
train,__hf__,0,librispeech,21446
train,/lambda/nfs/algovirginia/workspace/DeepfakeDetectionRenewed/data/wavefake/generated_audio/common_voices_prompts_from_conformer_fastspeech2_pwg_ljspeech/gen_15592.wav,1,common_voices_prompts_from_conformer_fastspeech2_pwg_ljspeech,
train,/lambda/nfs/algovirginia/workspace/DeepfakeDetectionRenewed/data/wavefake/generated_audio/ljspeech_full_band_melgan/LJ028-0286_gen.wav,1,ljspeech_full_band_melgan,
train,__hf__,0,librispeech,8988
train,/lambda/nfs/algovirginia/workspace/DeepfakeDetectionRenewed/data/vcc2020/audio/T20/task1/team20_intra-TEM1_SEF1_E30004.wav,1,VCC2020_T20,
train,/lambda/nfs/algovirginia/workspace/DeepfakeDetectionRenewed/data/wavefake/generated_audio/common_voices_prompts_from_conformer_fastspeech2_pwg_ljspeech/gen_1549.wav,1,common_voices_prompts_from_conformer_fastspeech2_pwg_ljspeech,
train,/lambda/nfs/algovirginia/workspace/DeepfakeDetectionRenewed/data/wavefake/generated_audio/common_voices_prompts_from_conformer_fastspeech2_pwg_ljspeech/gen_13488.wav,1,common_voices_prompts_from_conformer_fastspeech2_pwg_ljspeech,
train,__hf__,0,librispeech,14367
train,__hf__,0,librispeech,28383
train,/lambda/nfs/algovirginia/workspace/DeepfakeDetectionRenewed/data/vcc2020/audio/T06/task1/team06_intra-TEF1_SEM2_E30001.wav,1,VCC2020_T06,
train,/lambda/nfs/algovirginia/workspace/DeepfakeDetectionRenewed/data/vcc2020/audio/T12/task1/team12_intra-TEF1_SEM1_E30003.wav,1,VCC2020_T12,
train,/lambda/nfs/algovirginia/workspace/DeepfakeDetectionRenewed/data/vcc2020/audio/T18/task1/team18_intra-TEF1_SEM1_E30002.wav,1,VCC2020_T18,
train,/lambda/nfs/algovirginia/workspace/DeepfakeDetectionRenewed/data/vcc2020/audio/T02/task1/team02_intra-TEF1_SEF1_E30005.wav,1,VCC2020_T02,
train,/lambda/nfs/algovirginia/workspace/DeepfakeDetectionRenewed/data/vcc2020/audio/T31/task1/team31_intra-TEF1_SEF1_E30002.wav,1,VCC2020_T31,
train,/lambda/nfs/algovirginia/workspace/DeepfakeDetectionRenewed/data/wavefake/generated_audio/ljspeech_full_band_melgan/LJ039-0068_gen.wav,1,ljspeech_full_band_melgan,
train,__hf__,0,librispeech,1343
train,/lambda/nfs/algovirginia/workspace/DeepfakeDetectionRenewed/data/vcc2020/audio/T07/task1/team07_intra-TEM1_SEF1_E30005.wav,1,VCC2020_T07,
train,__hf__,0,librispeech,22207
train,__hf__,0,librispeech,96
train,/lambda/nfs/algovirginia/workspace/DeepfakeDetectionRenewed/data/vcc2020/audio/T24/task1/team24_intra-TEF1_SEM1_E30001.wav,1,VCC2020_T24,
train,/lambda/nfs/algovirginia/workspace/DeepfakeDetectionRenewed/data/vcc2020/audio/T11/task1/team11_intra-TEF2_SEM1_E30005.wav,1,VCC2020_T11,
train,/lambda/nfs/algovirginia/workspace/DeepfakeDetectionRenewed/data/vcc2020/audio/T26/task1/team26_intra-TEM1_SEF1_E30002.wav,1,VCC2020_T26,
train,__hf__,0,librispeech,11377
train,__hf__,0,librispeech,12507
train,__hf__,0,librispeech,25125
train,__hf__,0,librispeech,19290
train,__hf__,0,librispeech,20155
train,/lambda/nfs/algovirginia/workspace/DeepfakeDetectionRenewed/data/vcc2020/audio/T22/task1/team22_intra-TEM2_SEM2_E30002.wav,1,VCC2020_T22,
train,__hf__,0,librispeech,15092
train,__hf__,0,librispeech,22345
train,/lambda/nfs/algovirginia/workspace/DeepfakeDetectionRenewed/data/vcc2020/audio/T03/task1/team03_intra-TEM2_SEF1_E30005.wav,1,VCC2020_T03,
train,/lambda/nfs/algovirginia/workspace/DeepfakeDetectionRenewed/data/wavefake/generated_audio/common_voices_prompts_from_conformer_fastspeech2_pwg_ljspeech/gen_16020.wav,1,common_voices_prompts_from_conformer_fastspeech2_pwg_ljspeech,
train,/lambda/nfs/algovirginia/workspace/DeepfakeDetectionRenewed/data/vcc2020/audio/T33/task1/team33_intra-TEM2_SEM2_E30001.wav,1,VCC2020_T33,
train,/lambda/nfs/algovirginia/workspace/DeepfakeDetectionRenewed/data/wavefake/generated_audio/ljspeech_full_band_melgan/LJ034-0090_gen.wav,1,ljspeech_full_band_melgan,
train,__hf__,0,librispeech,13580
train,__hf__,0,librispeech,12352
train,/lambda/nfs/algovirginia/workspace/DeepfakeDetectionRenewed/data/vcc2020/audio/T22/task1/team22_intra-TEF1_SEF2_E30002.wav,1,VCC2020_T22,
train,__hf__,0,librispeech,305
train,__hf__,0,librispeech,19929
train,__hf__,0,librispeech,17753
train,/lambda/nfs/algovirginia/workspace/DeepfakeDetectionRenewed/data/vcc2020/audio/T30/task1/team30_intra-TEM2_SEF2_E30003.wav,1,VCC2020_T30,
train,/lambda/nfs/algovirginia/workspace/DeepfakeDetectionRenewed/data/wavefake/generated_audio/ljspeech_parallel_wavegan/LJ032-0260_gen.wav,1,ljspeech_parallel_wavegan,
train,/lambda/nfs/algovirginia/workspace/DeepfakeDetectionRenewed/data/wavefake/generated_audio/common_voices_prompts_from_conformer_fastspeech2_pwg_ljspeech/gen_15335.wav,1,common_voices_prompts_from_conformer_fastspeech2_pwg_ljspeech,
train,/lambda/nfs/algovirginia/workspace/DeepfakeDetectionRenewed/data/wavefake/generated_audio/ljspeech_full_band_melgan/LJ025-0051_gen.wav,1,ljspeech_full_band_melgan,
train,/lambda/nfs/algovirginia/workspace/DeepfakeDetectionRenewed/data/wavefake/generated_audio/ljspeech_parallel_wavegan/LJ010-0133_gen.wav,1,ljspeech_parallel_wavegan,
train,__hf__,0,librispeech,12738
train,/lambda/nfs/algovirginia/workspace/DeepfakeDetectionRenewed/data/vcc2020/audio/T16/task1/team16_intra-TEM1_SEF1_E30001.wav,1,VCC2020_T16,
train,__hf__,0,librispeech,22721
train,__hf__,0,librispeech,530
train,__hf__,0,librispeech,15605
train,__hf__,0,librispeech,12602
train,/lambda/nfs/algovirginia/workspace/DeepfakeDetectionRenewed/data/wavefake/generated_audio/ljspeech_parallel_wavegan/LJ046-0238_gen.wav,1,ljspeech_parallel_wavegan,
train,/lambda/nfs/algovirginia/workspace/DeepfakeDetectionRenewed/data/wavefake/generated_audio/ljspeech_hifiGAN/LJ010-0284_generated.wav,1,ljspeech_hifiGAN,
train,/lambda/nfs/algovirginia/workspace/DeepfakeDetectionRenewed/data/wavefake/generated_audio/common_voices_prompts_from_conformer_fastspeech2_pwg_ljspeech/gen_196.wav,1,common_voices_prompts_from_conformer_fastspeech2_pwg_ljspeech,
train,__hf__,0,librispeech,12987
train,/lambda/nfs/algovirginia/workspace/DeepfakeDetectionRenewed/data/wavefake/generated_audio/common_voices_prompts_from_conformer_fastspeech2_pwg_ljspeech/gen_8219.wav,1,common_voices_prompts_from_conformer_fastspeech2_pwg_ljspeech,
train,/lambda/nfs/algovirginia/workspace/DeepfakeDetectionRenewed/data/vcc2020/audio/T06/task1/team06_intra-TEM1_SEF1_E30002.wav,1,VCC2020_T06,
train,/lambda/nfs/algovirginia/workspace/DeepfakeDetectionRenewed/data/wavefake/generated_audio/common_voices_prompts_from_conformer_fastspeech2_pwg_ljspeech/gen_8375.wav,1,common_voices_prompts_from_conformer_fastspeech2_pwg_ljspeech,
train,/lambda/nfs/algovirginia/workspace/DeepfakeDetectionRenewed/data/wavefake/generated_audio/ljspeech_hifiGAN/LJ012-0056_generated.wav,1,ljspeech_hifiGAN,
train,/lambda/nfs/algovirginia/workspace/DeepfakeDetectionRenewed/data/vcc2020/audio/T25/task1/team25_intra-TEF2_SEF2_E30001.wav,1,VCC2020_T25,
train,__hf__,0,librispeech,7865
train,__hf__,0,librispeech,27784
train,/lambda/nfs/algovirginia/workspace/DeepfakeDetectionRenewed/data/vcc2020/audio/T07/task1/team07_intra-TEM1_SEF1_E30002.wav,1,VCC2020_T07,
train,/lambda/nfs/algovirginia/workspace/DeepfakeDetectionRenewed/data/wavefake/generated_audio/ljspeech_hifiGAN/LJ014-0015_generated.wav,1,ljspeech_hifiGAN,
train,/lambda/nfs/algovirginia/workspace/DeepfakeDetectionRenewed/data/vcc2020/audio/T03/task1/team03_intra-TEF2_SEF2_E30005.wav,1,VCC2020_T03,
train,/lambda/nfs/algovirginia/workspace/DeepfakeDetectionRenewed/data/wavefake/generated_audio/ljspeech_parallel_wavegan/LJ008-0257_gen.wav,1,ljspeech_parallel_wavegan,
train,__hf__,0,librispeech,1404
train,__hf__,0,librispeech,15003
train,/lambda/nfs/algovirginia/workspace/DeepfakeDetectionRenewed/data/vcc2020/audio/T16/task1/team16_intra-TEM1_SEM1_E30003.wav,1,VCC2020_T16,
train,/lambda/nfs/algovirginia/workspace/DeepfakeDetectionRenewed/data/wavefake/generated_audio/ljspeech_parallel_wavegan/LJ029-0197_gen.wav,1,ljspeech_parallel_wavegan,
train,/lambda/nfs/algovirginia/workspace/DeepfakeDetectionRenewed/data/wavefake/generated_audio/ljspeech_hifiGAN/LJ026-0113_generated.wav,1,ljspeech_hifiGAN,
train,__hf__,0,librispeech,20123
train,__hf__,0,librispeech,7115
train,/lambda/nfs/algovirginia/workspace/DeepfakeDetectionRenewed/data/vcc2020/audio/T21/task1/team21_intra-TEM1_SEM1_E30003.wav,1,VCC2020_T21,
train,/lambda/nfs/algovirginia/workspace/DeepfakeDetectionRenewed/data/vcc2020/audio/T11/task1/team11_intra-TEM2_SEF2_E30001.wav,1,VCC2020_T11,
train,/lambda/nfs/algovirginia/workspace/DeepfakeDetectionRenewed/data/vcc2020/audio/T31/task1/team31_intra-TEF2_SEF2_E30004.wav,1,VCC2020_T31,
train,/lambda/nfs/algovirginia/workspace/DeepfakeDetectionRenewed/data/wavefake/generated_audio/ljspeech_parallel_wavegan/LJ023-0056_gen.wav,1,ljspeech_parallel_wavegan,
train,__hf__,0,librispeech,8778
train,/lambda/nfs/algovirginia/workspace/DeepfakeDetectionRenewed/data/wavefake/generated_audio/common_voices_prompts_from_conformer_fastspeech2_pwg_ljspeech/gen_11159.wav,1,common_voices_prompts_from_conformer_fastspeech2_pwg_ljspeech,
train,/lambda/nfs/algovirginia/workspace/DeepfakeDetectionRenewed/data/wavefake/generated_audio/ljspeech_parallel_wavegan/LJ041-0137_gen.wav,1,ljspeech_parallel_wavegan,
train,/lambda/nfs/algovirginia/workspace/DeepfakeDetectionRenewed/data/wavefake/generated_audio/ljspeech_hifiGAN/LJ038-0015_generated.wav,1,ljspeech_hifiGAN,
train,/lambda/nfs/algovirginia/workspace/DeepfakeDetectionRenewed/data/wavefake/generated_audio/ljspeech_hifiGAN/LJ015-0021_generated.wav,1,ljspeech_hifiGAN,
train,/lambda/nfs/algovirginia/workspace/DeepfakeDetectionRenewed/data/wavefake/generated_audio/ljspeech_full_band_melgan/LJ028-0017_gen.wav,1,ljspeech_full_band_melgan,
train,__hf__,0,librispeech,20985
train,__hf__,0,librispeech,11936
train,/lambda/nfs/algovirginia/workspace/DeepfakeDetectionRenewed/data/vcc2020/audio/T31/task1/team31_intra-TEF2_SEM1_E30005.wav,1,VCC2020_T31,
train,/lambda/nfs/algovirginia/workspace/DeepfakeDetectionRenewed/data/wavefake/generated_audio/ljspeech_hifiGAN/LJ049-0101_generated.wav,1,ljspeech_hifiGAN,
train,/lambda/nfs/algovirginia/workspace/DeepfakeDetectionRenewed/data/vcc2020/audio/T01/task1/team01_intra-TEF1_SEF2_E30004.wav,1,VCC2020_T01,
train,__hf__,0,librispeech,17235
train,/lambda/nfs/algovirginia/workspace/DeepfakeDetectionRenewed/data/vcc2020/audio/T22/task1/team22_intra-TEF1_SEM1_E30005.wav,1,VCC2020_T22,
train,/lambda/nfs/algovirginia/workspace/DeepfakeDetectionRenewed/data/vcc2020/audio/T29/task1/team29_intra-TEM2_SEM2_E30002.wav,1,VCC2020_T29,
train,/lambda/nfs/algovirginia/workspace/DeepfakeDetectionRenewed/data/wavefake/generated_audio/ljspeech_parallel_wavegan/LJ008-0188_gen.wav,1,ljspeech_parallel_wavegan,
train,/lambda/nfs/algovirginia/workspace/DeepfakeDetectionRenewed/data/wavefake/generated_audio/ljspeech_full_band_melgan/LJ011-0269_gen.wav,1,ljspeech_full_band_melgan,
train,__hf__,0,librispeech,18638
train,__hf__,0,librispeech,12108
train,/lambda/nfs/algovirginia/workspace/DeepfakeDetectionRenewed/data/wavefake/generated_audio/ljspeech_parallel_wavegan/LJ040-0124_gen.wav,1,ljspeech_parallel_wavegan,
train,__hf__,0,librispeech,22382
train,__hf__,0,librispeech,3255
train,/lambda/nfs/algovirginia/workspace/DeepfakeDetectionRenewed/data/vcc2020/audio/T08/task1/team08_intra-TEM2_SEF1_E30004.wav,1,VCC2020_T08,
train,__hf__,0,librispeech,9242
train,/lambda/nfs/algovirginia/workspace/DeepfakeDetectionRenewed/data/vcc2020/audio/T25/task1/team25_intra-TEF1_SEM1_E30003.wav,1,VCC2020_T25,
train,__hf__,0,librispeech,20535
train,/lambda/nfs/algovirginia/workspace/DeepfakeDetectionRenewed/data/wavefake/generated_audio/ljspeech_hifiGAN/LJ002-0166_generated.wav,1,ljspeech_hifiGAN,
train,__hf__,0,librispeech,22614
train,__hf__,0,librispeech,26250
train,/lambda/nfs/algovirginia/workspace/DeepfakeDetectionRenewed/data/vcc2020/audio/T26/task1/team26_intra-TEM1_SEM1_E30001.wav,1,VCC2020_T26,
train,/lambda/nfs/algovirginia/workspace/DeepfakeDetectionRenewed/data/wavefake/generated_audio/ljspeech_parallel_wavegan/LJ032-0250_gen.wav,1,ljspeech_parallel_wavegan,
train,__hf__,0,librispeech,13479
train,__hf__,0,librispeech,18709
train,/lambda/nfs/algovirginia/workspace/DeepfakeDetectionRenewed/data/wavefake/generated_audio/common_voices_prompts_from_conformer_fastspeech2_pwg_ljspeech/gen_11050.wav,1,common_voices_prompts_from_conformer_fastspeech2_pwg_ljspeech,
train,/lambda/nfs/algovirginia/workspace/DeepfakeDetectionRenewed/data/vcc2020/audio/T03/task1/team03_intra-TEM2_SEM1_E30002.wav,1,VCC2020_T03,
train,__hf__,0,librispeech,20131
train,__hf__,0,librispeech,2917
train,/lambda/nfs/algovirginia/workspace/DeepfakeDetectionRenewed/data/wavefake/generated_audio/ljspeech_parallel_wavegan/LJ029-0164_gen.wav,1,ljspeech_parallel_wavegan,
train,__hf__,0,librispeech,21139
train,/lambda/nfs/algovirginia/workspace/DeepfakeDetectionRenewed/data/vcc2020/audio/T16/task1/team16_intra-TEF2_SEF1_E30004.wav,1,VCC2020_T16,
train,__hf__,0,librispeech,2442
train,/lambda/nfs/algovirginia/workspace/DeepfakeDetectionRenewed/data/vcc2020/audio/T22/task1/team22_intra-TEF1_SEF2_E30003.wav,1,VCC2020_T22,
train,/lambda/nfs/algovirginia/workspace/DeepfakeDetectionRenewed/data/vcc2020/audio/T04/task1/team04_intra-TEM1_SEM1_E30004.wav,1,VCC2020_T04,
train,/lambda/nfs/algovirginia/workspace/DeepfakeDetectionRenewed/data/vcc2020/audio/T22/task1/team22_intra-TEM1_SEM1_E30003.wav,1,VCC2020_T22,
train,/lambda/nfs/algovirginia/workspace/DeepfakeDetectionRenewed/data/vcc2020/audio/T13/task1/team13_intra-TEM1_SEM1_E30002.wav,1,VCC2020_T13,
train,__hf__,0,librispeech,11580
train,/lambda/nfs/algovirginia/workspace/DeepfakeDetectionRenewed/data/vcc2020/audio/T28/task1/team28_intra-TEF1_SEF1_E30001.wav,1,VCC2020_T28,
train,/lambda/nfs/algovirginia/workspace/DeepfakeDetectionRenewed/data/vcc2020/audio/T13/task1/team13_intra-TEM1_SEM2_E30002.wav,1,VCC2020_T13,
train,/lambda/nfs/algovirginia/workspace/DeepfakeDetectionRenewed/data/wavefake/generated_audio/ljspeech_parallel_wavegan/LJ015-0266_gen.wav,1,ljspeech_parallel_wavegan,
train,__hf__,0,librispeech,4338
train,/lambda/nfs/algovirginia/workspace/DeepfakeDetectionRenewed/data/wavefake/generated_audio/ljspeech_parallel_wavegan/LJ016-0341_gen.wav,1,ljspeech_parallel_wavegan,
train,/lambda/nfs/algovirginia/workspace/DeepfakeDetectionRenewed/data/wavefake/generated_audio/ljspeech_hifiGAN/LJ036-0061_generated.wav,1,ljspeech_hifiGAN,
train,/lambda/nfs/algovirginia/workspace/DeepfakeDetectionRenewed/data/vcc2020/audio/T09/task1/team09_intra-TEM2_SEF2_E30004.wav,1,VCC2020_T09,
train,/lambda/nfs/algovirginia/workspace/DeepfakeDetectionRenewed/data/vcc2020/audio/T24/task1/team24_intra-TEF2_SEF2_E30003.wav,1,VCC2020_T24,
train,__hf__,0,librispeech,20236
train,/lambda/nfs/algovirginia/workspace/DeepfakeDetectionRenewed/data/wavefake/generated_audio/common_voices_prompts_from_conformer_fastspeech2_pwg_ljspeech/gen_15286.wav,1,common_voices_prompts_from_conformer_fastspeech2_pwg_ljspeech,
train,__hf__,0,librispeech,3256
train,__hf__,0,librispeech,18448
train,/lambda/nfs/algovirginia/workspace/DeepfakeDetectionRenewed/data/vcc2020/audio/T02/task1/team02_intra-TEM2_SEF1_E30002.wav,1,VCC2020_T02,
train,__hf__,0,librispeech,3236
train,/lambda/nfs/algovirginia/workspace/DeepfakeDetectionRenewed/data/vcc2020/audio/T06/task1/team06_intra-TEM1_SEM1_E30004.wav,1,VCC2020_T06,
train,/lambda/nfs/algovirginia/workspace/DeepfakeDetectionRenewed/data/vcc2020/audio/T32/task1/team32_intra-TEF1_SEM2_E30001.wav,1,VCC2020_T32,
train,/lambda/nfs/algovirginia/workspace/DeepfakeDetectionRenewed/data/vcc2020/audio/T30/task1/team30_intra-TEF2_SEF1_E30003.wav,1,VCC2020_T30,
train,__hf__,0,librispeech,16934
train,/lambda/nfs/algovirginia/workspace/DeepfakeDetectionRenewed/data/vcc2020/audio/T30/task1/team30_intra-TEM2_SEF1_E30004.wav,1,VCC2020_T30,
train,/lambda/nfs/algovirginia/workspace/DeepfakeDetectionRenewed/data/wavefake/generated_audio/ljspeech_hifiGAN/LJ045-0199_generated.wav,1,ljspeech_hifiGAN,
train,/lambda/nfs/algovirginia/workspace/DeepfakeDetectionRenewed/data/vcc2020/audio/T33/task1/team33_intra-TEM1_SEM2_E30003.wav,1,VCC2020_T33,
train,__hf__,0,librispeech,6707
train,__hf__,0,librispeech,15904
train,/lambda/nfs/algovirginia/workspace/DeepfakeDetectionRenewed/data/vcc2020/audio/T24/task1/team24_intra-TEF2_SEF1_E30001.wav,1,VCC2020_T24,
train,/lambda/nfs/algovirginia/workspace/DeepfakeDetectionRenewed/data/wavefake/generated_audio/ljspeech_parallel_wavegan/LJ028-0360_gen.wav,1,ljspeech_parallel_wavegan,
train,__hf__,0,librispeech,7055
train,/lambda/nfs/algovirginia/workspace/DeepfakeDetectionRenewed/data/vcc2020/audio/T02/task1/team02_intra-TEM1_SEM2_E30001.wav,1,VCC2020_T02,
train,/lambda/nfs/algovirginia/workspace/DeepfakeDetectionRenewed/data/vcc2020/audio/T22/task1/team22_intra-TEF2_SEF1_E30003.wav,1,VCC2020_T22,
train,/lambda/nfs/algovirginia/workspace/DeepfakeDetectionRenewed/data/vcc2020/audio/T13/task1/team13_intra-TEF2_SEF1_E30003.wav,1,VCC2020_T13,
train,__hf__,0,librispeech,19372
train,/lambda/nfs/algovirginia/workspace/DeepfakeDetectionRenewed/data/wavefake/generated_audio/ljspeech_hifiGAN/LJ035-0094_generated.wav,1,ljspeech_hifiGAN,
train,/lambda/nfs/algovirginia/workspace/DeepfakeDetectionRenewed/data/wavefake/generated_audio/ljspeech_parallel_wavegan/LJ041-0197_gen.wav,1,ljspeech_parallel_wavegan,
train,/lambda/nfs/algovirginia/workspace/DeepfakeDetectionRenewed/data/vcc2020/audio/T20/task1/team20_intra-TEF1_SEF2_E30002.wav,1,VCC2020_T20,
train,__hf__,0,librispeech,1400
train,/lambda/nfs/algovirginia/workspace/DeepfakeDetectionRenewed/data/vcc2020/audio/T02/task1/team02_intra-TEM2_SEF1_E30001.wav,1,VCC2020_T02,
train,__hf__,0,librispeech,2193
train,__hf__,0,librispeech,22810
train,__hf__,0,librispeech,4563
train,/lambda/nfs/algovirginia/workspace/DeepfakeDetectionRenewed/data/wavefake/generated_audio/common_voices_prompts_from_conformer_fastspeech2_pwg_ljspeech/gen_12601.wav,1,common_voices_prompts_from_conformer_fastspeech2_pwg_ljspeech,
train,/lambda/nfs/algovirginia/workspace/DeepfakeDetectionRenewed/data/wavefake/generated_audio/ljspeech_full_band_melgan/LJ030-0118_gen.wav,1,ljspeech_full_band_melgan,
train,__hf__,0,librispeech,6835
train,__hf__,0,librispeech,24572
train,__hf__,0,librispeech,13802
train,/lambda/nfs/algovirginia/workspace/DeepfakeDetectionRenewed/data/vcc2020/audio/T09/task1/team09_intra-TEM2_SEF1_E30005.wav,1,VCC2020_T09,
train,/lambda/nfs/algovirginia/workspace/DeepfakeDetectionRenewed/data/vcc2020/audio/T10/task1/team10_intra-TEM2_SEF1_E30002.wav,1,VCC2020_T10,
train,/lambda/nfs/algovirginia/workspace/DeepfakeDetectionRenewed/data/wavefake/generated_audio/ljspeech_parallel_wavegan/LJ016-0121_gen.wav,1,ljspeech_parallel_wavegan,
train,/lambda/nfs/algovirginia/workspace/DeepfakeDetectionRenewed/data/wavefake/generated_audio/common_voices_prompts_from_conformer_fastspeech2_pwg_ljspeech/gen_1909.wav,1,common_voices_prompts_from_conformer_fastspeech2_pwg_ljspeech,
train,__hf__,0,librispeech,20560
train,__hf__,0,librispeech,24054
train,/lambda/nfs/algovirginia/workspace/DeepfakeDetectionRenewed/data/wavefake/generated_audio/ljspeech_parallel_wavegan/LJ012-0013_gen.wav,1,ljspeech_parallel_wavegan,
train,/lambda/nfs/algovirginia/workspace/DeepfakeDetectionRenewed/data/vcc2020/audio/T32/task1/team32_intra-TEF1_SEM1_E30004.wav,1,VCC2020_T32,
train,__hf__,0,librispeech,15888
train,__hf__,0,librispeech,27578
train,__hf__,0,librispeech,11473
train,__hf__,0,librispeech,4178
train,/lambda/nfs/algovirginia/workspace/DeepfakeDetectionRenewed/data/wavefake/generated_audio/common_voices_prompts_from_conformer_fastspeech2_pwg_ljspeech/gen_7111.wav,1,common_voices_prompts_from_conformer_fastspeech2_pwg_ljspeech,
train,__hf__,0,librispeech,4167
train,/lambda/nfs/algovirginia/workspace/DeepfakeDetectionRenewed/data/vcc2020/audio/T13/task1/team13_intra-TEF1_SEM2_E30005.wav,1,VCC2020_T13,
train,__hf__,0,librispeech,24665
train,/lambda/nfs/algovirginia/workspace/DeepfakeDetectionRenewed/data/wavefake/generated_audio/ljspeech_full_band_melgan/LJ041-0066_gen.wav,1,ljspeech_full_band_melgan,
train,/lambda/nfs/algovirginia/workspace/DeepfakeDetectionRenewed/data/vcc2020/audio/T25/task1/team25_intra-TEF1_SEM2_E30001.wav,1,VCC2020_T25,
train,__hf__,0,librispeech,17055
train,/lambda/nfs/algovirginia/workspace/DeepfakeDetectionRenewed/data/vcc2020/audio/T04/task1/team04_intra-TEF1_SEF1_E30002.wav,1,VCC2020_T04,
train,__hf__,0,librispeech,5834
train,/lambda/nfs/algovirginia/workspace/DeepfakeDetectionRenewed/data/vcc2020/audio/T24/task1/team24_intra-TEF1_SEF2_E30004.wav,1,VCC2020_T24,
train,__hf__,0,librispeech,2628
train,__hf__,0,librispeech,11785
train,/lambda/nfs/algovirginia/workspace/DeepfakeDetectionRenewed/data/wavefake/generated_audio/ljspeech_parallel_wavegan/LJ004-0194_gen.wav,1,ljspeech_parallel_wavegan,
train,/lambda/nfs/algovirginia/workspace/DeepfakeDetectionRenewed/data/vcc2020/audio/T09/task1/team09_intra-TEF1_SEF1_E30002.wav,1,VCC2020_T09,
train,__hf__,0,librispeech,5691
train,__hf__,0,librispeech,7870
train,/lambda/nfs/algovirginia/workspace/DeepfakeDetectionRenewed/data/wavefake/generated_audio/ljspeech_parallel_wavegan/LJ026-0023_gen.wav,1,ljspeech_parallel_wavegan,
train,__hf__,0,librispeech,8998
train,/lambda/nfs/algovirginia/workspace/DeepfakeDetectionRenewed/data/vcc2020/audio/T17/task1/team17_intra-TEM1_SEF1_E30002.wav,1,VCC2020_T17,
train,/lambda/nfs/algovirginia/workspace/DeepfakeDetectionRenewed/data/vcc2020/audio/T23/task1/team23_intra-TEM1_SEM1_E30001.wav,1,VCC2020_T23,
train,__hf__,0,librispeech,19481
train,/lambda/nfs/algovirginia/workspace/DeepfakeDetectionRenewed/data/vcc2020/audio/T29/task1/team29_intra-TEM2_SEM2_E30004.wav,1,VCC2020_T29,
train,/lambda/nfs/algovirginia/workspace/DeepfakeDetectionRenewed/data/vcc2020/audio/T10/task1/team10_intra-TEF2_SEM2_E30002.wav,1,VCC2020_T10,
train,/lambda/nfs/algovirginia/workspace/DeepfakeDetectionRenewed/data/vcc2020/audio/T19/task1/team19_intra-TEM2_SEF2_E30001.wav,1,VCC2020_T19,
train,/lambda/nfs/algovirginia/workspace/DeepfakeDetectionRenewed/data/vcc2020/audio/T27/task1/team27_intra-TEM2_SEM1_E30005.wav,1,VCC2020_T27,
train,/lambda/nfs/algovirginia/workspace/DeepfakeDetectionRenewed/data/vcc2020/audio/T18/task1/team18_intra-TEF2_SEM2_E30005.wav,1,VCC2020_T18,
train,__hf__,0,librispeech,13681
train,__hf__,0,librispeech,15069
train,__hf__,0,librispeech,1173
train,__hf__,0,librispeech,12216
train,__hf__,0,librispeech,19383
train,__hf__,0,librispeech,22593
train,/lambda/nfs/algovirginia/workspace/DeepfakeDetectionRenewed/data/vcc2020/audio/T01/task1/team01_intra-TEF2_SEM1_E30002.wav,1,VCC2020_T01,
train,__hf__,0,librispeech,25885
train,/lambda/nfs/algovirginia/workspace/DeepfakeDetectionRenewed/data/vcc2020/audio/T33/task1/team33_intra-TEF1_SEM1_E30002.wav,1,VCC2020_T33,
train,__hf__,0,librispeech,7101
train,/lambda/nfs/algovirginia/workspace/DeepfakeDetectionRenewed/data/wavefake/generated_audio/common_voices_prompts_from_conformer_fastspeech2_pwg_ljspeech/gen_8983.wav,1,common_voices_prompts_from_conformer_fastspeech2_pwg_ljspeech,
train,__hf__,0,librispeech,22795
train,/lambda/nfs/algovirginia/workspace/DeepfakeDetectionRenewed/data/wavefake/generated_audio/ljspeech_parallel_wavegan/LJ044-0075_gen.wav,1,ljspeech_parallel_wavegan,
train,__hf__,0,librispeech,11446
train,/lambda/nfs/algovirginia/workspace/DeepfakeDetectionRenewed/data/vcc2020/audio/T25/task1/team25_intra-TEF2_SEM1_E30002.wav,1,VCC2020_T25,
train,__hf__,0,librispeech,1751
train,__hf__,0,librispeech,25382
train,__hf__,0,librispeech,16929
train,/lambda/nfs/algovirginia/workspace/DeepfakeDetectionRenewed/data/vcc2020/audio/T28/task1/team28_intra-TEM1_SEM2_E30001.wav,1,VCC2020_T28,
train,/lambda/nfs/algovirginia/workspace/DeepfakeDetectionRenewed/data/vcc2020/audio/T26/task1/team26_intra-TEF2_SEF2_E30003.wav,1,VCC2020_T26,
train,/lambda/nfs/algovirginia/workspace/DeepfakeDetectionRenewed/data/wavefake/generated_audio/common_voices_prompts_from_conformer_fastspeech2_pwg_ljspeech/gen_9885.wav,1,common_voices_prompts_from_conformer_fastspeech2_pwg_ljspeech,
train,/lambda/nfs/algovirginia/workspace/DeepfakeDetectionRenewed/data/wavefake/generated_audio/ljspeech_full_band_melgan/LJ013-0201_gen.wav,1,ljspeech_full_band_melgan,
train,/lambda/nfs/algovirginia/workspace/DeepfakeDetectionRenewed/data/vcc2020/audio/T28/task1/team28_intra-TEF1_SEM1_E30001.wav,1,VCC2020_T28,
train,/lambda/nfs/algovirginia/workspace/DeepfakeDetectionRenewed/data/wavefake/generated_audio/ljspeech_hifiGAN/LJ039-0164_generated.wav,1,ljspeech_hifiGAN,
train,__hf__,0,librispeech,6954
train,__hf__,0,librispeech,8850
train,/lambda/nfs/algovirginia/workspace/DeepfakeDetectionRenewed/data/vcc2020/audio/T20/task1/team20_intra-TEM2_SEM1_E30005.wav,1,VCC2020_T20,
train,__hf__,0,librispeech,27112
train,/lambda/nfs/algovirginia/workspace/DeepfakeDetectionRenewed/data/wavefake/generated_audio/ljspeech_parallel_wavegan/LJ009-0258_gen.wav,1,ljspeech_parallel_wavegan,
train,/lambda/nfs/algovirginia/workspace/DeepfakeDetectionRenewed/data/wavefake/generated_audio/common_voices_prompts_from_conformer_fastspeech2_pwg_ljspeech/gen_3666.wav,1,common_voices_prompts_from_conformer_fastspeech2_pwg_ljspeech,
train,__hf__,0,librispeech,7841
train,/lambda/nfs/algovirginia/workspace/DeepfakeDetectionRenewed/data/wavefake/generated_audio/ljspeech_parallel_wavegan/LJ015-0274_gen.wav,1,ljspeech_parallel_wavegan,
train,/lambda/nfs/algovirginia/workspace/DeepfakeDetectionRenewed/data/wavefake/generated_audio/common_voices_prompts_from_conformer_fastspeech2_pwg_ljspeech/gen_12013.wav,1,common_voices_prompts_from_conformer_fastspeech2_pwg_ljspeech,
train,__hf__,0,librispeech,10661
train,/lambda/nfs/algovirginia/workspace/DeepfakeDetectionRenewed/data/wavefake/generated_audio/ljspeech_hifiGAN/LJ029-0092_generated.wav,1,ljspeech_hifiGAN,
train,__hf__,0,librispeech,16442
train,/lambda/nfs/algovirginia/workspace/DeepfakeDetectionRenewed/data/wavefake/generated_audio/ljspeech_parallel_wavegan/LJ037-0119_gen.wav,1,ljspeech_parallel_wavegan,
train,__hf__,0,librispeech,27911
train,/lambda/nfs/algovirginia/workspace/DeepfakeDetectionRenewed/data/vcc2020/audio/T06/task1/team06_intra-TEM2_SEF1_E30004.wav,1,VCC2020_T06,
train,/lambda/nfs/algovirginia/workspace/DeepfakeDetectionRenewed/data/vcc2020/audio/T09/task1/team09_intra-TEM1_SEF2_E30001.wav,1,VCC2020_T09,
train,__hf__,0,librispeech,9019
train,/lambda/nfs/algovirginia/workspace/DeepfakeDetectionRenewed/data/vcc2020/audio/T06/task1/team06_intra-TEM2_SEM1_E30002.wav,1,VCC2020_T06,
train,__hf__,0,librispeech,15275
train,/lambda/nfs/algovirginia/workspace/DeepfakeDetectionRenewed/data/wavefake/generated_audio/ljspeech_hifiGAN/LJ012-0003_generated.wav,1,ljspeech_hifiGAN,
train,__hf__,0,librispeech,14633
train,__hf__,0,librispeech,21467
train,__hf__,0,librispeech,24468
train,/lambda/nfs/algovirginia/workspace/DeepfakeDetectionRenewed/data/vcc2020/audio/T10/task1/team10_intra-TEM2_SEM2_E30004.wav,1,VCC2020_T10,
train,__hf__,0,librispeech,10943
train,/lambda/nfs/algovirginia/workspace/DeepfakeDetectionRenewed/data/vcc2020/audio/T06/task1/team06_intra-TEM1_SEF1_E30004.wav,1,VCC2020_T06,
train,__hf__,0,librispeech,19172
train,/lambda/nfs/algovirginia/workspace/DeepfakeDetectionRenewed/data/vcc2020/audio/T28/task1/team28_intra-TEM1_SEM1_E30002.wav,1,VCC2020_T28,
train,/lambda/nfs/algovirginia/workspace/DeepfakeDetectionRenewed/data/vcc2020/audio/T10/task1/team10_intra-TEM2_SEM2_E30005.wav,1,VCC2020_T10,
train,/lambda/nfs/algovirginia/workspace/DeepfakeDetectionRenewed/data/wavefake/generated_audio/ljspeech_hifiGAN/LJ016-0198_generated.wav,1,ljspeech_hifiGAN,
train,/lambda/nfs/algovirginia/workspace/DeepfakeDetectionRenewed/data/wavefake/generated_audio/ljspeech_hifiGAN/LJ028-0400_generated.wav,1,ljspeech_hifiGAN,
train,__hf__,0,librispeech,6890
train,__hf__,0,librispeech,21845
train,__hf__,0,librispeech,19296
train,/lambda/nfs/algovirginia/workspace/DeepfakeDetectionRenewed/data/vcc2020/audio/T03/task1/team03_intra-TEF1_SEF1_E30005.wav,1,VCC2020_T03,
train,/lambda/nfs/algovirginia/workspace/DeepfakeDetectionRenewed/data/wavefake/generated_audio/ljspeech_full_band_melgan/LJ042-0065_gen.wav,1,ljspeech_full_band_melgan,
train,__hf__,0,librispeech,25641
train,__hf__,0,librispeech,23123
train,__hf__,0,librispeech,4759
train,/lambda/nfs/algovirginia/workspace/DeepfakeDetectionRenewed/data/wavefake/generated_audio/common_voices_prompts_from_conformer_fastspeech2_pwg_ljspeech/gen_9723.wav,1,common_voices_prompts_from_conformer_fastspeech2_pwg_ljspeech,
train,__hf__,0,librispeech,21636
train,/lambda/nfs/algovirginia/workspace/DeepfakeDetectionRenewed/data/wavefake/generated_audio/common_voices_prompts_from_conformer_fastspeech2_pwg_ljspeech/gen_12023.wav,1,common_voices_prompts_from_conformer_fastspeech2_pwg_ljspeech,
train,__hf__,0,librispeech,13295
train,__hf__,0,librispeech,19661
train,__hf__,0,librispeech,4453
train,__hf__,0,librispeech,4528
train,__hf__,0,librispeech,11670
train,/lambda/nfs/algovirginia/workspace/DeepfakeDetectionRenewed/data/wavefake/generated_audio/ljspeech_full_band_melgan/LJ049-0084_gen.wav,1,ljspeech_full_band_melgan,
train,__hf__,0,librispeech,11294
train,__hf__,0,librispeech,19594
train,__hf__,0,librispeech,4623
train,/lambda/nfs/algovirginia/workspace/DeepfakeDetectionRenewed/data/wavefake/generated_audio/ljspeech_hifiGAN/LJ007-0163_generated.wav,1,ljspeech_hifiGAN,
train,/lambda/nfs/algovirginia/workspace/DeepfakeDetectionRenewed/data/vcc2020/audio/T10/task1/team10_intra-TEF2_SEM2_E30003.wav,1,VCC2020_T10,
train,__hf__,0,librispeech,12303
train,__hf__,0,librispeech,2667
train,/lambda/nfs/algovirginia/workspace/DeepfakeDetectionRenewed/data/vcc2020/audio/T32/task1/team32_intra-TEF2_SEF2_E30002.wav,1,VCC2020_T32,
train,/lambda/nfs/algovirginia/workspace/DeepfakeDetectionRenewed/data/vcc2020/audio/T11/task1/team11_intra-TEF1_SEF2_E30003.wav,1,VCC2020_T11,
train,__hf__,0,librispeech,28015
train,/lambda/nfs/algovirginia/workspace/DeepfakeDetectionRenewed/data/vcc2020/audio/T30/task1/team30_intra-TEF2_SEM2_E30004.wav,1,VCC2020_T30,
train,/lambda/nfs/algovirginia/workspace/DeepfakeDetectionRenewed/data/wavefake/generated_audio/ljspeech_full_band_melgan/LJ046-0206_gen.wav,1,ljspeech_full_band_melgan,
train,__hf__,0,librispeech,26827
train,__hf__,0,librispeech,20452
train,__hf__,0,librispeech,24144
train,__hf__,0,librispeech,10707
train,__hf__,0,librispeech,7867
train,__hf__,0,librispeech,26210
train,/lambda/nfs/algovirginia/workspace/DeepfakeDetectionRenewed/data/vcc2020/audio/T03/task1/team03_intra-TEF2_SEF2_E30003.wav,1,VCC2020_T03,
train,__hf__,0,librispeech,2810
train,__hf__,0,librispeech,9142
train,/lambda/nfs/algovirginia/workspace/DeepfakeDetectionRenewed/data/vcc2020/audio/T29/task1/team29_intra-TEM2_SEM2_E30005.wav,1,VCC2020_T29,
train,__hf__,0,librispeech,21336
train,__hf__,0,librispeech,24235
train,__hf__,0,librispeech,27967
train,/lambda/nfs/algovirginia/workspace/DeepfakeDetectionRenewed/data/wavefake/generated_audio/ljspeech_full_band_melgan/LJ030-0002_gen.wav,1,ljspeech_full_band_melgan,
train,/lambda/nfs/algovirginia/workspace/DeepfakeDetectionRenewed/data/vcc2020/audio/T18/task1/team18_intra-TEM1_SEM2_E30004.wav,1,VCC2020_T18,
train,__hf__,0,librispeech,27942
train,/lambda/nfs/algovirginia/workspace/DeepfakeDetectionRenewed/data/wavefake/generated_audio/ljspeech_full_band_melgan/LJ007-0216_gen.wav,1,ljspeech_full_band_melgan,
train,/lambda/nfs/algovirginia/workspace/DeepfakeDetectionRenewed/data/vcc2020/audio/T12/task1/team12_intra-TEF1_SEM2_E30005.wav,1,VCC2020_T12,
train,__hf__,0,librispeech,8970
train,/lambda/nfs/algovirginia/workspace/DeepfakeDetectionRenewed/data/wavefake/generated_audio/common_voices_prompts_from_conformer_fastspeech2_pwg_ljspeech/gen_16010.wav,1,common_voices_prompts_from_conformer_fastspeech2_pwg_ljspeech,
train,/lambda/nfs/algovirginia/workspace/DeepfakeDetectionRenewed/data/vcc2020/audio/T30/task1/team30_intra-TEM2_SEM2_E30002.wav,1,VCC2020_T30,
train,/lambda/nfs/algovirginia/workspace/DeepfakeDetectionRenewed/data/wavefake/generated_audio/ljspeech_full_band_melgan/LJ040-0082_gen.wav,1,ljspeech_full_band_melgan,
train,/lambda/nfs/algovirginia/workspace/DeepfakeDetectionRenewed/data/wavefake/generated_audio/common_voices_prompts_from_conformer_fastspeech2_pwg_ljspeech/gen_10264.wav,1,common_voices_prompts_from_conformer_fastspeech2_pwg_ljspeech,
train,/lambda/nfs/algovirginia/workspace/DeepfakeDetectionRenewed/data/wavefake/generated_audio/ljspeech_full_band_melgan/LJ034-0034_gen.wav,1,ljspeech_full_band_melgan,
train,/lambda/nfs/algovirginia/workspace/DeepfakeDetectionRenewed/data/vcc2020/audio/T30/task1/team30_intra-TEF2_SEM1_E30004.wav,1,VCC2020_T30,
train,/lambda/nfs/algovirginia/workspace/DeepfakeDetectionRenewed/data/wavefake/generated_audio/ljspeech_parallel_wavegan/LJ050-0120_gen.wav,1,ljspeech_parallel_wavegan,
train,/lambda/nfs/algovirginia/workspace/DeepfakeDetectionRenewed/data/vcc2020/audio/T23/task1/team23_intra-TEM1_SEM1_E30003.wav,1,VCC2020_T23,
train,__hf__,0,librispeech,59
train,__hf__,0,librispeech,23388
train,__hf__,0,librispeech,18282
train,__hf__,0,librispeech,22395
train,/lambda/nfs/algovirginia/workspace/DeepfakeDetectionRenewed/data/wavefake/generated_audio/ljspeech_full_band_melgan/LJ006-0118_gen.wav,1,ljspeech_full_band_melgan,
train,/lambda/nfs/algovirginia/workspace/DeepfakeDetectionRenewed/data/vcc2020/audio/T32/task1/team32_intra-TEM2_SEF1_E30001.wav,1,VCC2020_T32,
train,__hf__,0,librispeech,27016
train,/lambda/nfs/algovirginia/workspace/DeepfakeDetectionRenewed/data/vcc2020/audio/T16/task1/team16_intra-TEM2_SEM1_E30002.wav,1,VCC2020_T16,
train,/lambda/nfs/algovirginia/workspace/DeepfakeDetectionRenewed/data/wavefake/generated_audio/ljspeech_full_band_melgan/LJ017-0070_gen.wav,1,ljspeech_full_band_melgan,
train,/lambda/nfs/algovirginia/workspace/DeepfakeDetectionRenewed/data/vcc2020/audio/T17/task1/team17_intra-TEM2_SEF2_E30004.wav,1,VCC2020_T17,
train,/lambda/nfs/algovirginia/workspace/DeepfakeDetectionRenewed/data/wavefake/generated_audio/common_voices_prompts_from_conformer_fastspeech2_pwg_ljspeech/gen_11643.wav,1,common_voices_prompts_from_conformer_fastspeech2_pwg_ljspeech,
train,__hf__,0,librispeech,11424
train,__hf__,0,librispeech,14003
train,__hf__,0,librispeech,13988
train,/lambda/nfs/algovirginia/workspace/DeepfakeDetectionRenewed/data/wavefake/generated_audio/ljspeech_full_band_melgan/LJ031-0180_gen.wav,1,ljspeech_full_band_melgan,
train,/lambda/nfs/algovirginia/workspace/DeepfakeDetectionRenewed/data/wavefake/generated_audio/common_voices_prompts_from_conformer_fastspeech2_pwg_ljspeech/gen_10980.wav,1,common_voices_prompts_from_conformer_fastspeech2_pwg_ljspeech,
train,__hf__,0,librispeech,6085
train,__hf__,0,librispeech,21735
train,__hf__,0,librispeech,4635
train,__hf__,0,librispeech,18385
train,/lambda/nfs/algovirginia/workspace/DeepfakeDetectionRenewed/data/wavefake/generated_audio/ljspeech_hifiGAN/LJ037-0151_generated.wav,1,ljspeech_hifiGAN,
train,__hf__,0,librispeech,26225
train,__hf__,0,librispeech,7502
train,/lambda/nfs/algovirginia/workspace/DeepfakeDetectionRenewed/data/wavefake/generated_audio/ljspeech_parallel_wavegan/LJ028-0106_gen.wav,1,ljspeech_parallel_wavegan,
train,/lambda/nfs/algovirginia/workspace/DeepfakeDetectionRenewed/data/wavefake/generated_audio/ljspeech_full_band_melgan/LJ006-0039_gen.wav,1,ljspeech_full_band_melgan,
train,/lambda/nfs/algovirginia/workspace/DeepfakeDetectionRenewed/data/vcc2020/audio/T21/task1/team21_intra-TEM2_SEF1_E30005.wav,1,VCC2020_T21,
train,__hf__,0,librispeech,18149
train,/lambda/nfs/algovirginia/workspace/DeepfakeDetectionRenewed/data/wavefake/generated_audio/ljspeech_hifiGAN/LJ015-0016_generated.wav,1,ljspeech_hifiGAN,
train,__hf__,0,librispeech,15163
train,/lambda/nfs/algovirginia/workspace/DeepfakeDetectionRenewed/data/vcc2020/audio/T27/task1/team27_intra-TEF1_SEF1_E30005.wav,1,VCC2020_T27,
train,/lambda/nfs/algovirginia/workspace/DeepfakeDetectionRenewed/data/vcc2020/audio/T28/task1/team28_intra-TEF1_SEF1_E30005.wav,1,VCC2020_T28,
train,/lambda/nfs/algovirginia/workspace/DeepfakeDetectionRenewed/data/vcc2020/audio/T12/task1/team12_intra-TEM1_SEF2_E30001.wav,1,VCC2020_T12,
train,/lambda/nfs/algovirginia/workspace/DeepfakeDetectionRenewed/data/wavefake/generated_audio/common_voices_prompts_from_conformer_fastspeech2_pwg_ljspeech/gen_13132.wav,1,common_voices_prompts_from_conformer_fastspeech2_pwg_ljspeech,
train,/lambda/nfs/algovirginia/workspace/DeepfakeDetectionRenewed/data/wavefake/generated_audio/common_voices_prompts_from_conformer_fastspeech2_pwg_ljspeech/gen_8696.wav,1,common_voices_prompts_from_conformer_fastspeech2_pwg_ljspeech,
train,/lambda/nfs/algovirginia/workspace/DeepfakeDetectionRenewed/data/vcc2020/audio/T23/task1/team23_intra-TEF1_SEF2_E30001.wav,1,VCC2020_T23,
train,/lambda/nfs/algovirginia/workspace/DeepfakeDetectionRenewed/data/wavefake/generated_audio/ljspeech_hifiGAN/LJ044-0066_generated.wav,1,ljspeech_hifiGAN,
train,__hf__,0,librispeech,13274
train,__hf__,0,librispeech,7745
train,/lambda/nfs/algovirginia/workspace/DeepfakeDetectionRenewed/data/vcc2020/audio/T33/task1/team33_intra-TEM2_SEM1_E30002.wav,1,VCC2020_T33,
train,/lambda/nfs/algovirginia/workspace/DeepfakeDetectionRenewed/data/vcc2020/audio/T12/task1/team12_intra-TEM1_SEF2_E30004.wav,1,VCC2020_T12,
train,__hf__,0,librispeech,9083
train,/lambda/nfs/algovirginia/workspace/DeepfakeDetectionRenewed/data/wavefake/generated_audio/common_voices_prompts_from_conformer_fastspeech2_pwg_ljspeech/gen_16112.wav,1,common_voices_prompts_from_conformer_fastspeech2_pwg_ljspeech,
train,__hf__,0,librispeech,27795
train,__hf__,0,librispeech,25097
train,__hf__,0,librispeech,11588
train,__hf__,0,librispeech,3443
train,__hf__,0,librispeech,7623
train,__hf__,0,librispeech,13243
train,__hf__,0,librispeech,4089
train,__hf__,0,librispeech,26502
train,__hf__,0,librispeech,27719
train,__hf__,0,librispeech,17129
train,/lambda/nfs/algovirginia/workspace/DeepfakeDetectionRenewed/data/wavefake/generated_audio/ljspeech_parallel_wavegan/LJ028-0035_gen.wav,1,ljspeech_parallel_wavegan,
train,__hf__,0,librispeech,22140
train,__hf__,0,librispeech,7444
train,__hf__,0,librispeech,9779
train,__hf__,0,librispeech,18341
train,__hf__,0,librispeech,28239
train,/lambda/nfs/algovirginia/workspace/DeepfakeDetectionRenewed/data/vcc2020/audio/T32/task1/team32_intra-TEF2_SEF1_E30004.wav,1,VCC2020_T32,
train,__hf__,0,librispeech,23272
train,__hf__,0,librispeech,5185
train,__hf__,0,librispeech,19829
train,__hf__,0,librispeech,21367
train,__hf__,0,librispeech,26369
train,/lambda/nfs/algovirginia/workspace/DeepfakeDetectionRenewed/data/wavefake/generated_audio/common_voices_prompts_from_conformer_fastspeech2_pwg_ljspeech/gen_945.wav,1,common_voices_prompts_from_conformer_fastspeech2_pwg_ljspeech,
train,/lambda/nfs/algovirginia/workspace/DeepfakeDetectionRenewed/data/vcc2020/audio/T01/task1/team01_intra-TEF1_SEM2_E30003.wav,1,VCC2020_T01,
train,__hf__,0,librispeech,26176
train,__hf__,0,librispeech,5146
train,__hf__,0,librispeech,14479
train,__hf__,0,librispeech,18681
train,__hf__,0,librispeech,9451
train,/lambda/nfs/algovirginia/workspace/DeepfakeDetectionRenewed/data/vcc2020/audio/T12/task1/team12_intra-TEF1_SEF1_E30002.wav,1,VCC2020_T12,
train,/lambda/nfs/algovirginia/workspace/DeepfakeDetectionRenewed/data/wavefake/generated_audio/ljspeech_hifiGAN/LJ030-0043_generated.wav,1,ljspeech_hifiGAN,
train,/lambda/nfs/algovirginia/workspace/DeepfakeDetectionRenewed/data/wavefake/generated_audio/ljspeech_full_band_melgan/LJ029-0041_gen.wav,1,ljspeech_full_band_melgan,
train,__hf__,0,librispeech,9363
train,__hf__,0,librispeech,668
train,/lambda/nfs/algovirginia/workspace/DeepfakeDetectionRenewed/data/vcc2020/audio/T18/task1/team18_intra-TEM2_SEM1_E30001.wav,1,VCC2020_T18,
train,/lambda/nfs/algovirginia/workspace/DeepfakeDetectionRenewed/data/vcc2020/audio/T29/task1/team29_intra-TEM2_SEF2_E30002.wav,1,VCC2020_T29,
train,/lambda/nfs/algovirginia/workspace/DeepfakeDetectionRenewed/data/vcc2020/audio/T25/task1/team25_intra-TEM2_SEF2_E30003.wav,1,VCC2020_T25,
train,__hf__,0,librispeech,6894
train,__hf__,0,librispeech,13655
train,__hf__,0,librispeech,15558
train,/lambda/nfs/algovirginia/workspace/DeepfakeDetectionRenewed/data/wavefake/generated_audio/common_voices_prompts_from_conformer_fastspeech2_pwg_ljspeech/gen_4619.wav,1,common_voices_prompts_from_conformer_fastspeech2_pwg_ljspeech,
train,/lambda/nfs/algovirginia/workspace/DeepfakeDetectionRenewed/data/vcc2020/audio/T08/task1/team08_intra-TEM1_SEM2_E30002.wav,1,VCC2020_T08,
train,/lambda/nfs/algovirginia/workspace/DeepfakeDetectionRenewed/data/wavefake/generated_audio/ljspeech_parallel_wavegan/LJ034-0104_gen.wav,1,ljspeech_parallel_wavegan,
train,__hf__,0,librispeech,15575
train,__hf__,0,librispeech,15859
train,__hf__,0,librispeech,17788
train,/lambda/nfs/algovirginia/workspace/DeepfakeDetectionRenewed/data/vcc2020/audio/T26/task1/team26_intra-TEF2_SEM2_E30005.wav,1,VCC2020_T26,
train,__hf__,0,librispeech,16728
train,__hf__,0,librispeech,26653
train,/lambda/nfs/algovirginia/workspace/DeepfakeDetectionRenewed/data/vcc2020/audio/T18/task1/team18_intra-TEM2_SEM2_E30003.wav,1,VCC2020_T18,
train,/lambda/nfs/algovirginia/workspace/DeepfakeDetectionRenewed/data/wavefake/generated_audio/common_voices_prompts_from_conformer_fastspeech2_pwg_ljspeech/gen_1524.wav,1,common_voices_prompts_from_conformer_fastspeech2_pwg_ljspeech,
train,__hf__,0,librispeech,14963
train,/lambda/nfs/algovirginia/workspace/DeepfakeDetectionRenewed/data/wavefake/generated_audio/ljspeech_full_band_melgan/LJ030-0202_gen.wav,1,ljspeech_full_band_melgan,
train,/lambda/nfs/algovirginia/workspace/DeepfakeDetectionRenewed/data/wavefake/generated_audio/ljspeech_parallel_wavegan/LJ045-0196_gen.wav,1,ljspeech_parallel_wavegan,
train,/lambda/nfs/algovirginia/workspace/DeepfakeDetectionRenewed/data/wavefake/generated_audio/ljspeech_hifiGAN/LJ038-0156_generated.wav,1,ljspeech_hifiGAN,
train,__hf__,0,librispeech,2587
train,__hf__,0,librispeech,27808
train,__hf__,0,librispeech,18787
train,/lambda/nfs/algovirginia/workspace/DeepfakeDetectionRenewed/data/vcc2020/audio/T04/task1/team04_intra-TEM2_SEM2_E30003.wav,1,VCC2020_T04,
train,__hf__,0,librispeech,4981
train,__hf__,0,librispeech,12102
train,/lambda/nfs/algovirginia/workspace/DeepfakeDetectionRenewed/data/vcc2020/audio/T24/task1/team24_intra-TEM2_SEM2_E30005.wav,1,VCC2020_T24,
train,/lambda/nfs/algovirginia/workspace/DeepfakeDetectionRenewed/data/vcc2020/audio/T21/task1/team21_intra-TEF2_SEF2_E30001.wav,1,VCC2020_T21,
train,/lambda/nfs/algovirginia/workspace/DeepfakeDetectionRenewed/data/vcc2020/audio/T08/task1/team08_intra-TEM1_SEM2_E30005.wav,1,VCC2020_T08,
train,__hf__,0,librispeech,11029
train,/lambda/nfs/algovirginia/workspace/DeepfakeDetectionRenewed/data/wavefake/generated_audio/ljspeech_parallel_wavegan/LJ048-0209_gen.wav,1,ljspeech_parallel_wavegan,
train,/lambda/nfs/algovirginia/workspace/DeepfakeDetectionRenewed/data/wavefake/generated_audio/ljspeech_full_band_melgan/LJ031-0101_gen.wav,1,ljspeech_full_band_melgan,
train,/lambda/nfs/algovirginia/workspace/DeepfakeDetectionRenewed/data/wavefake/generated_audio/ljspeech_full_band_melgan/LJ032-0178_gen.wav,1,ljspeech_full_band_melgan,
train,/lambda/nfs/algovirginia/workspace/DeepfakeDetectionRenewed/data/vcc2020/audio/T31/task1/team31_intra-TEF1_SEF1_E30001.wav,1,VCC2020_T31,
train,__hf__,0,librispeech,5601
train,__hf__,0,librispeech,11911
train,__hf__,0,librispeech,4278
train,/lambda/nfs/algovirginia/workspace/DeepfakeDetectionRenewed/data/vcc2020/audio/T07/task1/team07_intra-TEM2_SEM2_E30003.wav,1,VCC2020_T07,
train,/lambda/nfs/algovirginia/workspace/DeepfakeDetectionRenewed/data/vcc2020/audio/T30/task1/team30_intra-TEM2_SEM2_E30003.wav,1,VCC2020_T30,
train,/lambda/nfs/algovirginia/workspace/DeepfakeDetectionRenewed/data/wavefake/generated_audio/ljspeech_hifiGAN/LJ043-0100_generated.wav,1,ljspeech_hifiGAN,
train,/lambda/nfs/algovirginia/workspace/DeepfakeDetectionRenewed/data/vcc2020/audio/T09/task1/team09_intra-TEM2_SEM2_E30003.wav,1,VCC2020_T09,
train,/lambda/nfs/algovirginia/workspace/DeepfakeDetectionRenewed/data/vcc2020/audio/T28/task1/team28_intra-TEM1_SEF1_E30005.wav,1,VCC2020_T28,
train,__hf__,0,librispeech,5677
train,/lambda/nfs/algovirginia/workspace/DeepfakeDetectionRenewed/data/wavefake/generated_audio/common_voices_prompts_from_conformer_fastspeech2_pwg_ljspeech/gen_7410.wav,1,common_voices_prompts_from_conformer_fastspeech2_pwg_ljspeech,
train,/lambda/nfs/algovirginia/workspace/DeepfakeDetectionRenewed/data/vcc2020/audio/T32/task1/team32_intra-TEF1_SEF1_E30001.wav,1,VCC2020_T32,
train,__hf__,0,librispeech,19875
train,__hf__,0,librispeech,10292
train,__hf__,0,librispeech,4028
train,/lambda/nfs/algovirginia/workspace/DeepfakeDetectionRenewed/data/wavefake/generated_audio/common_voices_prompts_from_conformer_fastspeech2_pwg_ljspeech/gen_13742.wav,1,common_voices_prompts_from_conformer_fastspeech2_pwg_ljspeech,
train,__hf__,0,librispeech,11132
train,__hf__,0,librispeech,14729
train,/lambda/nfs/algovirginia/workspace/DeepfakeDetectionRenewed/data/wavefake/generated_audio/ljspeech_full_band_melgan/LJ008-0098_gen.wav,1,ljspeech_full_band_melgan,
train,/lambda/nfs/algovirginia/workspace/DeepfakeDetectionRenewed/data/wavefake/generated_audio/ljspeech_hifiGAN/LJ001-0066_generated.wav,1,ljspeech_hifiGAN,
train,__hf__,0,librispeech,16740
train,__hf__,0,librispeech,17550
train,/lambda/nfs/algovirginia/workspace/DeepfakeDetectionRenewed/data/vcc2020/audio/T26/task1/team26_intra-TEM1_SEM1_E30002.wav,1,VCC2020_T26,
train,__hf__,0,librispeech,1764
train,__hf__,0,librispeech,8903
train,/lambda/nfs/algovirginia/workspace/DeepfakeDetectionRenewed/data/vcc2020/audio/T19/task1/team19_intra-TEF2_SEM1_E30005.wav,1,VCC2020_T19,
train,/lambda/nfs/algovirginia/workspace/DeepfakeDetectionRenewed/data/vcc2020/audio/T23/task1/team23_intra-TEM1_SEF2_E30001.wav,1,VCC2020_T23,
train,__hf__,0,librispeech,5733
train,__hf__,0,librispeech,16800
train,/lambda/nfs/algovirginia/workspace/DeepfakeDetectionRenewed/data/wavefake/generated_audio/ljspeech_hifiGAN/LJ021-0156_generated.wav,1,ljspeech_hifiGAN,
train,__hf__,0,librispeech,19475
train,/lambda/nfs/algovirginia/workspace/DeepfakeDetectionRenewed/data/wavefake/generated_audio/common_voices_prompts_from_conformer_fastspeech2_pwg_ljspeech/gen_1890.wav,1,common_voices_prompts_from_conformer_fastspeech2_pwg_ljspeech,
train,__hf__,0,librispeech,6098
train,/lambda/nfs/algovirginia/workspace/DeepfakeDetectionRenewed/data/vcc2020/audio/T06/task1/team06_intra-TEF2_SEF2_E30004.wav,1,VCC2020_T06,
train,__hf__,0,librispeech,14790
train,__hf__,0,librispeech,3521
train,__hf__,0,librispeech,22956
train,/lambda/nfs/algovirginia/workspace/DeepfakeDetectionRenewed/data/vcc2020/audio/T07/task1/team07_intra-TEM1_SEM1_E30005.wav,1,VCC2020_T07,
train,/lambda/nfs/algovirginia/workspace/DeepfakeDetectionRenewed/data/vcc2020/audio/T20/task1/team20_intra-TEF2_SEM2_E30003.wav,1,VCC2020_T20,
train,/lambda/nfs/algovirginia/workspace/DeepfakeDetectionRenewed/data/vcc2020/audio/T22/task1/team22_intra-TEF1_SEM2_E30003.wav,1,VCC2020_T22,
train,__hf__,0,librispeech,7136
train,__hf__,0,librispeech,3121
train,/lambda/nfs/algovirginia/workspace/DeepfakeDetectionRenewed/data/wavefake/generated_audio/ljspeech_hifiGAN/LJ003-0349_generated.wav,1,ljspeech_hifiGAN,
train,__hf__,0,librispeech,2226
train,/lambda/nfs/algovirginia/workspace/DeepfakeDetectionRenewed/data/wavefake/generated_audio/ljspeech_hifiGAN/LJ030-0098_generated.wav,1,ljspeech_hifiGAN,
train,/lambda/nfs/algovirginia/workspace/DeepfakeDetectionRenewed/data/wavefake/generated_audio/common_voices_prompts_from_conformer_fastspeech2_pwg_ljspeech/gen_109.wav,1,common_voices_prompts_from_conformer_fastspeech2_pwg_ljspeech,
train,__hf__,0,librispeech,14290
train,__hf__,0,librispeech,25854
train,/lambda/nfs/algovirginia/workspace/DeepfakeDetectionRenewed/data/wavefake/generated_audio/ljspeech_full_band_melgan/LJ016-0141_gen.wav,1,ljspeech_full_band_melgan,
train,/lambda/nfs/algovirginia/workspace/DeepfakeDetectionRenewed/data/wavefake/generated_audio/common_voices_prompts_from_conformer_fastspeech2_pwg_ljspeech/gen_1085.wav,1,common_voices_prompts_from_conformer_fastspeech2_pwg_ljspeech,
train,__hf__,0,librispeech,16944
train,__hf__,0,librispeech,1894
train,__hf__,0,librispeech,4717
train,__hf__,0,librispeech,25438
train,/lambda/nfs/algovirginia/workspace/DeepfakeDetectionRenewed/data/wavefake/generated_audio/ljspeech_full_band_melgan/LJ050-0006_gen.wav,1,ljspeech_full_band_melgan,
train,/lambda/nfs/algovirginia/workspace/DeepfakeDetectionRenewed/data/wavefake/generated_audio/common_voices_prompts_from_conformer_fastspeech2_pwg_ljspeech/gen_68.wav,1,common_voices_prompts_from_conformer_fastspeech2_pwg_ljspeech,
train,__hf__,0,librispeech,11198
train,__hf__,0,librispeech,17298
train,/lambda/nfs/algovirginia/workspace/DeepfakeDetectionRenewed/data/vcc2020/audio/T13/task1/team13_intra-TEM1_SEF2_E30001.wav,1,VCC2020_T13,
train,__hf__,0,librispeech,20054
train,/lambda/nfs/algovirginia/workspace/DeepfakeDetectionRenewed/data/wavefake/generated_audio/ljspeech_full_band_melgan/LJ033-0124_gen.wav,1,ljspeech_full_band_melgan,
train,/lambda/nfs/algovirginia/workspace/DeepfakeDetectionRenewed/data/vcc2020/audio/T03/task1/team03_intra-TEM1_SEF2_E30002.wav,1,VCC2020_T03,
train,__hf__,0,librispeech,10198
train,__hf__,0,librispeech,4647
train,__hf__,0,librispeech,15322
train,/lambda/nfs/algovirginia/workspace/DeepfakeDetectionRenewed/data/vcc2020/audio/T30/task1/team30_intra-TEF2_SEF1_E30002.wav,1,VCC2020_T30,
train,__hf__,0,librispeech,23121
train,__hf__,0,librispeech,24018
train,/lambda/nfs/algovirginia/workspace/DeepfakeDetectionRenewed/data/vcc2020/audio/T32/task1/team32_intra-TEF2_SEM1_E30004.wav,1,VCC2020_T32,
train,/lambda/nfs/algovirginia/workspace/DeepfakeDetectionRenewed/data/wavefake/generated_audio/common_voices_prompts_from_conformer_fastspeech2_pwg_ljspeech/gen_9832.wav,1,common_voices_prompts_from_conformer_fastspeech2_pwg_ljspeech,
train,__hf__,0,librispeech,1550
train,/lambda/nfs/algovirginia/workspace/DeepfakeDetectionRenewed/data/vcc2020/audio/T08/task1/team08_intra-TEF2_SEF2_E30001.wav,1,VCC2020_T08,
train,__hf__,0,librispeech,12979
train,__hf__,0,librispeech,26921
train,__hf__,0,librispeech,1785
train,__hf__,0,librispeech,24431
train,__hf__,0,librispeech,20973
train,__hf__,0,librispeech,482
train,/lambda/nfs/algovirginia/workspace/DeepfakeDetectionRenewed/data/vcc2020/audio/T02/task1/team02_intra-TEF1_SEM1_E30002.wav,1,VCC2020_T02,
train,__hf__,0,librispeech,12091
train,/lambda/nfs/algovirginia/workspace/DeepfakeDetectionRenewed/data/vcc2020/audio/T14/task1/team14_intra-TEF2_SEM1_E30003.wav,1,VCC2020_T14,
train,/lambda/nfs/algovirginia/workspace/DeepfakeDetectionRenewed/data/wavefake/generated_audio/ljspeech_parallel_wavegan/LJ005-0212_gen.wav,1,ljspeech_parallel_wavegan,
train,__hf__,0,librispeech,8546
train,__hf__,0,librispeech,21141
train,/lambda/nfs/algovirginia/workspace/DeepfakeDetectionRenewed/data/wavefake/generated_audio/ljspeech_parallel_wavegan/LJ002-0091_gen.wav,1,ljspeech_parallel_wavegan,
train,__hf__,0,librispeech,13712
train,__hf__,0,librispeech,19714
train,__hf__,0,librispeech,3861
train,/lambda/nfs/algovirginia/workspace/DeepfakeDetectionRenewed/data/vcc2020/audio/T04/task1/team04_intra-TEF1_SEM2_E30005.wav,1,VCC2020_T04,
train,/lambda/nfs/algovirginia/workspace/DeepfakeDetectionRenewed/data/wavefake/generated_audio/common_voices_prompts_from_conformer_fastspeech2_pwg_ljspeech/gen_7878.wav,1,common_voices_prompts_from_conformer_fastspeech2_pwg_ljspeech,
train,/lambda/nfs/algovirginia/workspace/DeepfakeDetectionRenewed/data/vcc2020/audio/T17/task1/team17_intra-TEF1_SEF1_E30005.wav,1,VCC2020_T17,
train,/lambda/nfs/algovirginia/workspace/DeepfakeDetectionRenewed/data/wavefake/generated_audio/ljspeech_parallel_wavegan/LJ005-0297_gen.wav,1,ljspeech_parallel_wavegan,
train,/lambda/nfs/algovirginia/workspace/DeepfakeDetectionRenewed/data/vcc2020/audio/T12/task1/team12_intra-TEF1_SEF1_E30003.wav,1,VCC2020_T12,
train,/lambda/nfs/algovirginia/workspace/DeepfakeDetectionRenewed/data/vcc2020/audio/T17/task1/team17_intra-TEF1_SEF1_E30004.wav,1,VCC2020_T17,
train,__hf__,0,librispeech,25403
train,/lambda/nfs/algovirginia/workspace/DeepfakeDetectionRenewed/data/wavefake/generated_audio/ljspeech_full_band_melgan/LJ011-0190_gen.wav,1,ljspeech_full_band_melgan,
train,__hf__,0,librispeech,6801
train,/lambda/nfs/algovirginia/workspace/DeepfakeDetectionRenewed/data/wavefake/generated_audio/ljspeech_parallel_wavegan/LJ002-0329_gen.wav,1,ljspeech_parallel_wavegan,
train,__hf__,0,librispeech,5381
train,__hf__,0,librispeech,6198
train,__hf__,0,librispeech,6746
train,__hf__,0,librispeech,12991
train,__hf__,0,librispeech,24131
train,__hf__,0,librispeech,4017
train,/lambda/nfs/algovirginia/workspace/DeepfakeDetectionRenewed/data/wavefake/generated_audio/ljspeech_hifiGAN/LJ030-0175_generated.wav,1,ljspeech_hifiGAN,
train,/lambda/nfs/algovirginia/workspace/DeepfakeDetectionRenewed/data/vcc2020/audio/T18/task1/team18_intra-TEF2_SEF1_E30005.wav,1,VCC2020_T18,
train,/lambda/nfs/algovirginia/workspace/DeepfakeDetectionRenewed/data/vcc2020/audio/T08/task1/team08_intra-TEF2_SEM2_E30001.wav,1,VCC2020_T08,
train,__hf__,0,librispeech,14823
train,/lambda/nfs/algovirginia/workspace/DeepfakeDetectionRenewed/data/wavefake/generated_audio/common_voices_prompts_from_conformer_fastspeech2_pwg_ljspeech/gen_10457.wav,1,common_voices_prompts_from_conformer_fastspeech2_pwg_ljspeech,
train,/lambda/nfs/algovirginia/workspace/DeepfakeDetectionRenewed/data/vcc2020/audio/T25/task1/team25_intra-TEF2_SEF1_E30002.wav,1,VCC2020_T25,
train,__hf__,0,librispeech,15081
train,__hf__,0,librispeech,1105
train,/lambda/nfs/algovirginia/workspace/DeepfakeDetectionRenewed/data/wavefake/generated_audio/common_voices_prompts_from_conformer_fastspeech2_pwg_ljspeech/gen_10480.wav,1,common_voices_prompts_from_conformer_fastspeech2_pwg_ljspeech,
train,__hf__,0,librispeech,22313
train,__hf__,0,librispeech,19914
train,/lambda/nfs/algovirginia/workspace/DeepfakeDetectionRenewed/data/wavefake/generated_audio/ljspeech_hifiGAN/LJ010-0216_generated.wav,1,ljspeech_hifiGAN,
train,__hf__,0,librispeech,9443
train,/lambda/nfs/algovirginia/workspace/DeepfakeDetectionRenewed/data/wavefake/generated_audio/ljspeech_full_band_melgan/LJ019-0128_gen.wav,1,ljspeech_full_band_melgan,
train,__hf__,0,librispeech,10355
train,__hf__,0,librispeech,16486
train,__hf__,0,librispeech,10467
train,__hf__,0,librispeech,17208
train,__hf__,0,librispeech,25896
train,/lambda/nfs/algovirginia/workspace/DeepfakeDetectionRenewed/data/wavefake/generated_audio/common_voices_prompts_from_conformer_fastspeech2_pwg_ljspeech/gen_9279.wav,1,common_voices_prompts_from_conformer_fastspeech2_pwg_ljspeech,
train,__hf__,0,librispeech,8228
train,/lambda/nfs/algovirginia/workspace/DeepfakeDetectionRenewed/data/vcc2020/audio/T21/task1/team21_intra-TEM1_SEF1_E30002.wav,1,VCC2020_T21,
train,/lambda/nfs/algovirginia/workspace/DeepfakeDetectionRenewed/data/wavefake/generated_audio/ljspeech_full_band_melgan/LJ050-0152_gen.wav,1,ljspeech_full_band_melgan,
train,/lambda/nfs/algovirginia/workspace/DeepfakeDetectionRenewed/data/wavefake/generated_audio/ljspeech_parallel_wavegan/LJ030-0072_gen.wav,1,ljspeech_parallel_wavegan,
train,/lambda/nfs/algovirginia/workspace/DeepfakeDetectionRenewed/data/vcc2020/audio/T33/task1/team33_intra-TEM2_SEF2_E30005.wav,1,VCC2020_T33,
train,/lambda/nfs/algovirginia/workspace/DeepfakeDetectionRenewed/data/wavefake/generated_audio/ljspeech_parallel_wavegan/LJ048-0140_gen.wav,1,ljspeech_parallel_wavegan,
train,__hf__,0,librispeech,18738
train,__hf__,0,librispeech,1692
train,__hf__,0,librispeech,26831
train,/lambda/nfs/algovirginia/workspace/DeepfakeDetectionRenewed/data/vcc2020/audio/T20/task1/team20_intra-TEM1_SEM2_E30004.wav,1,VCC2020_T20,
train,/lambda/nfs/algovirginia/workspace/DeepfakeDetectionRenewed/data/wavefake/generated_audio/common_voices_prompts_from_conformer_fastspeech2_pwg_ljspeech/gen_11424.wav,1,common_voices_prompts_from_conformer_fastspeech2_pwg_ljspeech,
train,/lambda/nfs/algovirginia/workspace/DeepfakeDetectionRenewed/data/vcc2020/audio/T30/task1/team30_intra-TEF1_SEM2_E30005.wav,1,VCC2020_T30,
train,/lambda/nfs/algovirginia/workspace/DeepfakeDetectionRenewed/data/vcc2020/audio/T07/task1/team07_intra-TEF1_SEF2_E30005.wav,1,VCC2020_T07,
train,/lambda/nfs/algovirginia/workspace/DeepfakeDetectionRenewed/data/wavefake/generated_audio/ljspeech_full_band_melgan/LJ046-0154_gen.wav,1,ljspeech_full_band_melgan,
train,__hf__,0,librispeech,6462
train,__hf__,0,librispeech,24687
train,__hf__,0,librispeech,9523
train,__hf__,0,librispeech,8129
train,/lambda/nfs/algovirginia/workspace/DeepfakeDetectionRenewed/data/vcc2020/audio/T30/task1/team30_intra-TEF1_SEF1_E30001.wav,1,VCC2020_T30,
train,__hf__,0,librispeech,16790
train,/lambda/nfs/algovirginia/workspace/DeepfakeDetectionRenewed/data/wavefake/generated_audio/ljspeech_full_band_melgan/LJ039-0041_gen.wav,1,ljspeech_full_band_melgan,
train,__hf__,0,librispeech,23241
train,__hf__,0,librispeech,24308
train,/lambda/nfs/algovirginia/workspace/DeepfakeDetectionRenewed/data/vcc2020/audio/T31/task1/team31_intra-TEF2_SEF1_E30002.wav,1,VCC2020_T31,
train,/lambda/nfs/algovirginia/workspace/DeepfakeDetectionRenewed/data/vcc2020/audio/T03/task1/team03_intra-TEF1_SEM2_E30002.wav,1,VCC2020_T03,
train,__hf__,0,librispeech,5404
train,__hf__,0,librispeech,3065
train,/lambda/nfs/algovirginia/workspace/DeepfakeDetectionRenewed/data/vcc2020/audio/T06/task1/team06_intra-TEF1_SEF1_E30003.wav,1,VCC2020_T06,
train,__hf__,0,librispeech,3557
train,/lambda/nfs/algovirginia/workspace/DeepfakeDetectionRenewed/data/wavefake/generated_audio/common_voices_prompts_from_conformer_fastspeech2_pwg_ljspeech/gen_9372.wav,1,common_voices_prompts_from_conformer_fastspeech2_pwg_ljspeech,
train,__hf__,0,librispeech,17387
train,/lambda/nfs/algovirginia/workspace/DeepfakeDetectionRenewed/data/wavefake/generated_audio/common_voices_prompts_from_conformer_fastspeech2_pwg_ljspeech/gen_3698.wav,1,common_voices_prompts_from_conformer_fastspeech2_pwg_ljspeech,
train,/lambda/nfs/algovirginia/workspace/DeepfakeDetectionRenewed/data/wavefake/generated_audio/common_voices_prompts_from_conformer_fastspeech2_pwg_ljspeech/gen_3851.wav,1,common_voices_prompts_from_conformer_fastspeech2_pwg_ljspeech,
train,__hf__,0,librispeech,23911
train,__hf__,0,librispeech,17268
train,__hf__,0,librispeech,7281
train,__hf__,0,librispeech,2090
train,__hf__,0,librispeech,14924
train,__hf__,0,librispeech,28380
train,/lambda/nfs/algovirginia/workspace/DeepfakeDetectionRenewed/data/vcc2020/audio/T27/task1/team27_intra-TEF1_SEF2_E30001.wav,1,VCC2020_T27,
train,/lambda/nfs/algovirginia/workspace/DeepfakeDetectionRenewed/data/wavefake/generated_audio/ljspeech_hifiGAN/LJ038-0118_generated.wav,1,ljspeech_hifiGAN,
train,__hf__,0,librispeech,24200
train,/lambda/nfs/algovirginia/workspace/DeepfakeDetectionRenewed/data/vcc2020/audio/T01/task1/team01_intra-TEF2_SEM1_E30004.wav,1,VCC2020_T01,
train,__hf__,0,librispeech,17823
train,/lambda/nfs/algovirginia/workspace/DeepfakeDetectionRenewed/data/wavefake/generated_audio/ljspeech_hifiGAN/LJ048-0052_generated.wav,1,ljspeech_hifiGAN,
train,__hf__,0,librispeech,4005
train,__hf__,0,librispeech,7871
train,/lambda/nfs/algovirginia/workspace/DeepfakeDetectionRenewed/data/vcc2020/audio/T13/task1/team13_intra-TEF1_SEF2_E30001.wav,1,VCC2020_T13,
train,/lambda/nfs/algovirginia/workspace/DeepfakeDetectionRenewed/data/vcc2020/audio/T23/task1/team23_intra-TEM2_SEM1_E30003.wav,1,VCC2020_T23,
train,__hf__,0,librispeech,19112
train,/lambda/nfs/algovirginia/workspace/DeepfakeDetectionRenewed/data/wavefake/generated_audio/ljspeech_hifiGAN/LJ034-0031_generated.wav,1,ljspeech_hifiGAN,
train,/lambda/nfs/algovirginia/workspace/DeepfakeDetectionRenewed/data/vcc2020/audio/T11/task1/team11_intra-TEM2_SEM2_E30002.wav,1,VCC2020_T11,
train,__hf__,0,librispeech,28279
train,/lambda/nfs/algovirginia/workspace/DeepfakeDetectionRenewed/data/wavefake/generated_audio/common_voices_prompts_from_conformer_fastspeech2_pwg_ljspeech/gen_15533.wav,1,common_voices_prompts_from_conformer_fastspeech2_pwg_ljspeech,
train,__hf__,0,librispeech,22804
train,__hf__,0,librispeech,9971
train,/lambda/nfs/algovirginia/workspace/DeepfakeDetectionRenewed/data/wavefake/generated_audio/ljspeech_full_band_melgan/LJ003-0082_gen.wav,1,ljspeech_full_band_melgan,
train,/lambda/nfs/algovirginia/workspace/DeepfakeDetectionRenewed/data/vcc2020/audio/T24/task1/team24_intra-TEM1_SEM1_E30002.wav,1,VCC2020_T24,
train,/lambda/nfs/algovirginia/workspace/DeepfakeDetectionRenewed/data/vcc2020/audio/T08/task1/team08_intra-TEF1_SEF1_E30001.wav,1,VCC2020_T08,
train,/lambda/nfs/algovirginia/workspace/DeepfakeDetectionRenewed/data/vcc2020/audio/T13/task1/team13_intra-TEM2_SEM1_E30002.wav,1,VCC2020_T13,
train,__hf__,0,librispeech,18739
train,/lambda/nfs/algovirginia/workspace/DeepfakeDetectionRenewed/data/wavefake/generated_audio/ljspeech_full_band_melgan/LJ003-0138_gen.wav,1,ljspeech_full_band_melgan,
train,__hf__,0,librispeech,8232
train,__hf__,0,librispeech,25235
train,/lambda/nfs/algovirginia/workspace/DeepfakeDetectionRenewed/data/wavefake/generated_audio/ljspeech_full_band_melgan/LJ005-0184_gen.wav,1,ljspeech_full_band_melgan,
train,__hf__,0,librispeech,10421
train,__hf__,0,librispeech,24735
train,__hf__,0,librispeech,13726
train,/lambda/nfs/algovirginia/workspace/DeepfakeDetectionRenewed/data/wavefake/generated_audio/ljspeech_full_band_melgan/LJ015-0215_gen.wav,1,ljspeech_full_band_melgan,
train,/lambda/nfs/algovirginia/workspace/DeepfakeDetectionRenewed/data/wavefake/generated_audio/ljspeech_hifiGAN/LJ016-0288_generated.wav,1,ljspeech_hifiGAN,
train,/lambda/nfs/algovirginia/workspace/DeepfakeDetectionRenewed/data/wavefake/generated_audio/ljspeech_parallel_wavegan/LJ028-0130_gen.wav,1,ljspeech_parallel_wavegan,
train,__hf__,0,librispeech,14204
train,__hf__,0,librispeech,18204
train,__hf__,0,librispeech,4304
train,__hf__,0,librispeech,6087
train,__hf__,0,librispeech,795
train,__hf__,0,librispeech,8952
train,/lambda/nfs/algovirginia/workspace/DeepfakeDetectionRenewed/data/vcc2020/audio/T16/task1/team16_intra-TEM2_SEF2_E30001.wav,1,VCC2020_T16,
train,/lambda/nfs/algovirginia/workspace/DeepfakeDetectionRenewed/data/vcc2020/audio/T11/task1/team11_intra-TEF2_SEM2_E30005.wav,1,VCC2020_T11,
train,/lambda/nfs/algovirginia/workspace/DeepfakeDetectionRenewed/data/wavefake/generated_audio/ljspeech_parallel_wavegan/LJ006-0172_gen.wav,1,ljspeech_parallel_wavegan,
train,/lambda/nfs/algovirginia/workspace/DeepfakeDetectionRenewed/data/wavefake/generated_audio/ljspeech_parallel_wavegan/LJ040-0057_gen.wav,1,ljspeech_parallel_wavegan,
train,/lambda/nfs/algovirginia/workspace/DeepfakeDetectionRenewed/data/wavefake/generated_audio/ljspeech_full_band_melgan/LJ046-0133_gen.wav,1,ljspeech_full_band_melgan,
train,/lambda/nfs/algovirginia/workspace/DeepfakeDetectionRenewed/data/wavefake/generated_audio/common_voices_prompts_from_conformer_fastspeech2_pwg_ljspeech/gen_4842.wav,1,common_voices_prompts_from_conformer_fastspeech2_pwg_ljspeech,
train,/lambda/nfs/algovirginia/workspace/DeepfakeDetectionRenewed/data/vcc2020/audio/T11/task1/team11_intra-TEM1_SEM2_E30001.wav,1,VCC2020_T11,
train,__hf__,0,librispeech,16245
train,/lambda/nfs/algovirginia/workspace/DeepfakeDetectionRenewed/data/wavefake/generated_audio/common_voices_prompts_from_conformer_fastspeech2_pwg_ljspeech/gen_8046.wav,1,common_voices_prompts_from_conformer_fastspeech2_pwg_ljspeech,
train,__hf__,0,librispeech,4443
train,__hf__,0,librispeech,9708
train,/lambda/nfs/algovirginia/workspace/DeepfakeDetectionRenewed/data/vcc2020/audio/T08/task1/team08_intra-TEF1_SEF1_E30005.wav,1,VCC2020_T08,
train,/lambda/nfs/algovirginia/workspace/DeepfakeDetectionRenewed/data/wavefake/generated_audio/ljspeech_hifiGAN/LJ006-0139_generated.wav,1,ljspeech_hifiGAN,
train,/lambda/nfs/algovirginia/workspace/DeepfakeDetectionRenewed/data/vcc2020/audio/T03/task1/team03_intra-TEM2_SEF2_E30004.wav,1,VCC2020_T03,
train,__hf__,0,librispeech,2718
train,/lambda/nfs/algovirginia/workspace/DeepfakeDetectionRenewed/data/wavefake/generated_audio/ljspeech_hifiGAN/LJ021-0196_generated.wav,1,ljspeech_hifiGAN,
train,__hf__,0,librispeech,16031
train,/lambda/nfs/algovirginia/workspace/DeepfakeDetectionRenewed/data/vcc2020/audio/T32/task1/team32_intra-TEF1_SEM1_E30003.wav,1,VCC2020_T32,
train,/lambda/nfs/algovirginia/workspace/DeepfakeDetectionRenewed/data/vcc2020/audio/T18/task1/team18_intra-TEF1_SEM1_E30001.wav,1,VCC2020_T18,
train,__hf__,0,librispeech,20226
train,/lambda/nfs/algovirginia/workspace/DeepfakeDetectionRenewed/data/wavefake/generated_audio/ljspeech_hifiGAN/LJ041-0124_generated.wav,1,ljspeech_hifiGAN,
train,__hf__,0,librispeech,1517
train,__hf__,0,librispeech,6571
train,__hf__,0,librispeech,2295
train,/lambda/nfs/algovirginia/workspace/DeepfakeDetectionRenewed/data/wavefake/generated_audio/common_voices_prompts_from_conformer_fastspeech2_pwg_ljspeech/gen_9619.wav,1,common_voices_prompts_from_conformer_fastspeech2_pwg_ljspeech,
train,/lambda/nfs/algovirginia/workspace/DeepfakeDetectionRenewed/data/vcc2020/audio/T14/task1/team14_intra-TEM2_SEM1_E30003.wav,1,VCC2020_T14,
train,__hf__,0,librispeech,24671
train,__hf__,0,librispeech,6420
train,/lambda/nfs/algovirginia/workspace/DeepfakeDetectionRenewed/data/vcc2020/audio/T28/task1/team28_intra-TEF2_SEM1_E30003.wav,1,VCC2020_T28,
train,__hf__,0,librispeech,5122
train,/lambda/nfs/algovirginia/workspace/DeepfakeDetectionRenewed/data/vcc2020/audio/T14/task1/team14_intra-TEF2_SEF1_E30003.wav,1,VCC2020_T14,
train,/lambda/nfs/algovirginia/workspace/DeepfakeDetectionRenewed/data/wavefake/generated_audio/ljspeech_full_band_melgan/LJ008-0260_gen.wav,1,ljspeech_full_band_melgan,
train,/lambda/nfs/algovirginia/workspace/DeepfakeDetectionRenewed/data/vcc2020/audio/T08/task1/team08_intra-TEM1_SEF2_E30005.wav,1,VCC2020_T08,
train,/lambda/nfs/algovirginia/workspace/DeepfakeDetectionRenewed/data/wavefake/generated_audio/common_voices_prompts_from_conformer_fastspeech2_pwg_ljspeech/gen_450.wav,1,common_voices_prompts_from_conformer_fastspeech2_pwg_ljspeech,
train,__hf__,0,librispeech,11747
train,/lambda/nfs/algovirginia/workspace/DeepfakeDetectionRenewed/data/wavefake/generated_audio/common_voices_prompts_from_conformer_fastspeech2_pwg_ljspeech/gen_13206.wav,1,common_voices_prompts_from_conformer_fastspeech2_pwg_ljspeech,
train,__hf__,0,librispeech,15551
train,/lambda/nfs/algovirginia/workspace/DeepfakeDetectionRenewed/data/vcc2020/audio/T16/task1/team16_intra-TEF2_SEM1_E30005.wav,1,VCC2020_T16,
train,/lambda/nfs/algovirginia/workspace/DeepfakeDetectionRenewed/data/wavefake/generated_audio/ljspeech_full_band_melgan/LJ032-0236_gen.wav,1,ljspeech_full_band_melgan,
train,/lambda/nfs/algovirginia/workspace/DeepfakeDetectionRenewed/data/wavefake/generated_audio/common_voices_prompts_from_conformer_fastspeech2_pwg_ljspeech/gen_12980.wav,1,common_voices_prompts_from_conformer_fastspeech2_pwg_ljspeech,
train,__hf__,0,librispeech,4076
train,__hf__,0,librispeech,26116
train,/lambda/nfs/algovirginia/workspace/DeepfakeDetectionRenewed/data/wavefake/generated_audio/common_voices_prompts_from_conformer_fastspeech2_pwg_ljspeech/gen_7046.wav,1,common_voices_prompts_from_conformer_fastspeech2_pwg_ljspeech,
train,__hf__,0,librispeech,7401
train,__hf__,0,librispeech,1685
train,/lambda/nfs/algovirginia/workspace/DeepfakeDetectionRenewed/data/wavefake/generated_audio/ljspeech_hifiGAN/LJ036-0132_generated.wav,1,ljspeech_hifiGAN,
train,/lambda/nfs/algovirginia/workspace/DeepfakeDetectionRenewed/data/wavefake/generated_audio/ljspeech_hifiGAN/LJ048-0130_generated.wav,1,ljspeech_hifiGAN,
train,__hf__,0,librispeech,8568
train,__hf__,0,librispeech,20013
train,__hf__,0,librispeech,21799
train,/lambda/nfs/algovirginia/workspace/DeepfakeDetectionRenewed/data/vcc2020/audio/T27/task1/team27_intra-TEM1_SEF2_E30004.wav,1,VCC2020_T27,
train,__hf__,0,librispeech,6594
train,/lambda/nfs/algovirginia/workspace/DeepfakeDetectionRenewed/data/vcc2020/audio/T16/task1/team16_intra-TEF1_SEF2_E30001.wav,1,VCC2020_T16,
train,__hf__,0,librispeech,23666
train,/lambda/nfs/algovirginia/workspace/DeepfakeDetectionRenewed/data/vcc2020/audio/T31/task1/team31_intra-TEF2_SEM1_E30003.wav,1,VCC2020_T31,
train,__hf__,0,librispeech,25233
train,__hf__,0,librispeech,22802
train,/lambda/nfs/algovirginia/workspace/DeepfakeDetectionRenewed/data/wavefake/generated_audio/ljspeech_hifiGAN/LJ032-0243_generated.wav,1,ljspeech_hifiGAN,
train,/lambda/nfs/algovirginia/workspace/DeepfakeDetectionRenewed/data/vcc2020/audio/T06/task1/team06_intra-TEM2_SEF1_E30003.wav,1,VCC2020_T06,
train,/lambda/nfs/algovirginia/workspace/DeepfakeDetectionRenewed/data/vcc2020/audio/T01/task1/team01_intra-TEM1_SEM1_E30002.wav,1,VCC2020_T01,
train,/lambda/nfs/algovirginia/workspace/DeepfakeDetectionRenewed/data/wavefake/generated_audio/ljspeech_full_band_melgan/LJ021-0208_gen.wav,1,ljspeech_full_band_melgan,
train,__hf__,0,librispeech,7596
train,__hf__,0,librispeech,365
train,__hf__,0,librispeech,12053
train,/lambda/nfs/algovirginia/workspace/DeepfakeDetectionRenewed/data/vcc2020/audio/T20/task1/team20_intra-TEM2_SEM1_E30003.wav,1,VCC2020_T20,
train,/lambda/nfs/algovirginia/workspace/DeepfakeDetectionRenewed/data/vcc2020/audio/T07/task1/team07_intra-TEF1_SEM1_E30002.wav,1,VCC2020_T07,
train,__hf__,0,librispeech,2540
train,/lambda/nfs/algovirginia/workspace/DeepfakeDetectionRenewed/data/wavefake/generated_audio/ljspeech_parallel_wavegan/LJ033-0012_gen.wav,1,ljspeech_parallel_wavegan,
train,/lambda/nfs/algovirginia/workspace/DeepfakeDetectionRenewed/data/wavefake/generated_audio/ljspeech_parallel_wavegan/LJ020-0031_gen.wav,1,ljspeech_parallel_wavegan,
train,__hf__,0,librispeech,28100
train,__hf__,0,librispeech,11226
train,__hf__,0,librispeech,8716
train,/lambda/nfs/algovirginia/workspace/DeepfakeDetectionRenewed/data/wavefake/generated_audio/ljspeech_hifiGAN/LJ041-0199_generated.wav,1,ljspeech_hifiGAN,
train,__hf__,0,librispeech,16684
train,__hf__,0,librispeech,23574
train,/lambda/nfs/algovirginia/workspace/DeepfakeDetectionRenewed/data/vcc2020/audio/T03/task1/team03_intra-TEM1_SEM1_E30005.wav,1,VCC2020_T03,
train,/lambda/nfs/algovirginia/workspace/DeepfakeDetectionRenewed/data/vcc2020/audio/T27/task1/team27_intra-TEM2_SEM1_E30002.wav,1,VCC2020_T27,
train,/lambda/nfs/algovirginia/workspace/DeepfakeDetectionRenewed/data/vcc2020/audio/T27/task1/team27_intra-TEF2_SEF1_E30003.wav,1,VCC2020_T27,
train,__hf__,0,librispeech,16104
train,/lambda/nfs/algovirginia/workspace/DeepfakeDetectionRenewed/data/vcc2020/audio/T08/task1/team08_intra-TEM2_SEF2_E30003.wav,1,VCC2020_T08,
train,/lambda/nfs/algovirginia/workspace/DeepfakeDetectionRenewed/data/vcc2020/audio/T23/task1/team23_intra-TEF2_SEM1_E30001.wav,1,VCC2020_T23,
train,/lambda/nfs/algovirginia/workspace/DeepfakeDetectionRenewed/data/vcc2020/audio/T24/task1/team24_intra-TEM2_SEF2_E30001.wav,1,VCC2020_T24,
train,__hf__,0,librispeech,11119
train,/lambda/nfs/algovirginia/workspace/DeepfakeDetectionRenewed/data/wavefake/generated_audio/ljspeech_full_band_melgan/LJ041-0143_gen.wav,1,ljspeech_full_band_melgan,
train,/lambda/nfs/algovirginia/workspace/DeepfakeDetectionRenewed/data/wavefake/generated_audio/ljspeech_hifiGAN/LJ035-0207_generated.wav,1,ljspeech_hifiGAN,
train,/lambda/nfs/algovirginia/workspace/DeepfakeDetectionRenewed/data/wavefake/generated_audio/common_voices_prompts_from_conformer_fastspeech2_pwg_ljspeech/gen_5044.wav,1,common_voices_prompts_from_conformer_fastspeech2_pwg_ljspeech,
train,/lambda/nfs/algovirginia/workspace/DeepfakeDetectionRenewed/data/wavefake/generated_audio/ljspeech_hifiGAN/LJ041-0075_generated.wav,1,ljspeech_hifiGAN,
train,__hf__,0,librispeech,19138
train,/lambda/nfs/algovirginia/workspace/DeepfakeDetectionRenewed/data/wavefake/generated_audio/common_voices_prompts_from_conformer_fastspeech2_pwg_ljspeech/gen_11632.wav,1,common_voices_prompts_from_conformer_fastspeech2_pwg_ljspeech,
train,__hf__,0,librispeech,25413
train,/lambda/nfs/algovirginia/workspace/DeepfakeDetectionRenewed/data/wavefake/generated_audio/ljspeech_parallel_wavegan/LJ028-0396_gen.wav,1,ljspeech_parallel_wavegan,
train,/lambda/nfs/algovirginia/workspace/DeepfakeDetectionRenewed/data/wavefake/generated_audio/common_voices_prompts_from_conformer_fastspeech2_pwg_ljspeech/gen_4434.wav,1,common_voices_prompts_from_conformer_fastspeech2_pwg_ljspeech,
train,__hf__,0,librispeech,26742
train,/lambda/nfs/algovirginia/workspace/DeepfakeDetectionRenewed/data/vcc2020/audio/T31/task1/team31_intra-TEM2_SEM1_E30004.wav,1,VCC2020_T31,
train,__hf__,0,librispeech,167
train,__hf__,0,librispeech,27680
train,__hf__,0,librispeech,7423
train,__hf__,0,librispeech,13604
train,/lambda/nfs/algovirginia/workspace/DeepfakeDetectionRenewed/data/wavefake/generated_audio/common_voices_prompts_from_conformer_fastspeech2_pwg_ljspeech/gen_2093.wav,1,common_voices_prompts_from_conformer_fastspeech2_pwg_ljspeech,
train,/lambda/nfs/algovirginia/workspace/DeepfakeDetectionRenewed/data/wavefake/generated_audio/ljspeech_hifiGAN/LJ042-0012_generated.wav,1,ljspeech_hifiGAN,
train,__hf__,0,librispeech,12774
train,__hf__,0,librispeech,7710
train,/lambda/nfs/algovirginia/workspace/DeepfakeDetectionRenewed/data/vcc2020/audio/T12/task1/team12_intra-TEF2_SEF2_E30002.wav,1,VCC2020_T12,
train,/lambda/nfs/algovirginia/workspace/DeepfakeDetectionRenewed/data/wavefake/generated_audio/ljspeech_parallel_wavegan/LJ041-0189_gen.wav,1,ljspeech_parallel_wavegan,
train,__hf__,0,librispeech,12308
train,__hf__,0,librispeech,6960
train,/lambda/nfs/algovirginia/workspace/DeepfakeDetectionRenewed/data/vcc2020/audio/T13/task1/team13_intra-TEM1_SEF2_E30005.wav,1,VCC2020_T13,
train,__hf__,0,librispeech,1633
train,__hf__,0,librispeech,12005
train,__hf__,0,librispeech,3768
train,__hf__,0,librispeech,14192
train,/lambda/nfs/algovirginia/workspace/DeepfakeDetectionRenewed/data/vcc2020/audio/T12/task1/team12_intra-TEM1_SEM2_E30002.wav,1,VCC2020_T12,
train,__hf__,0,librispeech,20582
train,/lambda/nfs/algovirginia/workspace/DeepfakeDetectionRenewed/data/vcc2020/audio/T09/task1/team09_intra-TEF1_SEF2_E30004.wav,1,VCC2020_T09,
train,/lambda/nfs/algovirginia/workspace/DeepfakeDetectionRenewed/data/vcc2020/audio/T22/task1/team22_intra-TEM2_SEM1_E30002.wav,1,VCC2020_T22,
train,/lambda/nfs/algovirginia/workspace/DeepfakeDetectionRenewed/data/wavefake/generated_audio/ljspeech_full_band_melgan/LJ008-0175_gen.wav,1,ljspeech_full_band_melgan,
train,__hf__,0,librispeech,16004
train,/lambda/nfs/algovirginia/workspace/DeepfakeDetectionRenewed/data/vcc2020/audio/T30/task1/team30_intra-TEF1_SEM1_E30001.wav,1,VCC2020_T30,
train,__hf__,0,librispeech,14870
train,/lambda/nfs/algovirginia/workspace/DeepfakeDetectionRenewed/data/wavefake/generated_audio/ljspeech_hifiGAN/LJ025-0150_generated.wav,1,ljspeech_hifiGAN,
train,__hf__,0,librispeech,14260
train,__hf__,0,librispeech,10344
train,/lambda/nfs/algovirginia/workspace/DeepfakeDetectionRenewed/data/vcc2020/audio/T01/task1/team01_intra-TEF2_SEF1_E30005.wav,1,VCC2020_T01,
train,__hf__,0,librispeech,2787
train,__hf__,0,librispeech,22638
train,__hf__,0,librispeech,22485
train,/lambda/nfs/algovirginia/workspace/DeepfakeDetectionRenewed/data/vcc2020/audio/T27/task1/team27_intra-TEF2_SEM1_E30005.wav,1,VCC2020_T27,
train,__hf__,0,librispeech,8458
train,/lambda/nfs/algovirginia/workspace/DeepfakeDetectionRenewed/data/vcc2020/audio/T23/task1/team23_intra-TEF2_SEF2_E30002.wav,1,VCC2020_T23,
train,__hf__,0,librispeech,17331
train,/lambda/nfs/algovirginia/workspace/DeepfakeDetectionRenewed/data/wavefake/generated_audio/common_voices_prompts_from_conformer_fastspeech2_pwg_ljspeech/gen_5316.wav,1,common_voices_prompts_from_conformer_fastspeech2_pwg_ljspeech,
train,/lambda/nfs/algovirginia/workspace/DeepfakeDetectionRenewed/data/vcc2020/audio/T04/task1/team04_intra-TEF1_SEF2_E30001.wav,1,VCC2020_T04,
train,/lambda/nfs/algovirginia/workspace/DeepfakeDetectionRenewed/data/wavefake/generated_audio/ljspeech_hifiGAN/LJ002-0181_generated.wav,1,ljspeech_hifiGAN,
train,/lambda/nfs/algovirginia/workspace/DeepfakeDetectionRenewed/data/wavefake/generated_audio/common_voices_prompts_from_conformer_fastspeech2_pwg_ljspeech/gen_183.wav,1,common_voices_prompts_from_conformer_fastspeech2_pwg_ljspeech,
train,__hf__,0,librispeech,16545
train,/lambda/nfs/algovirginia/workspace/DeepfakeDetectionRenewed/data/wavefake/generated_audio/ljspeech_hifiGAN/LJ031-0136_generated.wav,1,ljspeech_hifiGAN,
train,__hf__,0,librispeech,22586
train,__hf__,0,librispeech,23730
train,/lambda/nfs/algovirginia/workspace/DeepfakeDetectionRenewed/data/vcc2020/audio/T17/task1/team17_intra-TEF1_SEF1_E30001.wav,1,VCC2020_T17,
train,__hf__,0,librispeech,13171
train,/lambda/nfs/algovirginia/workspace/DeepfakeDetectionRenewed/data/wavefake/generated_audio/ljspeech_hifiGAN/LJ046-0100_generated.wav,1,ljspeech_hifiGAN,
train,/lambda/nfs/algovirginia/workspace/DeepfakeDetectionRenewed/data/vcc2020/audio/T24/task1/team24_intra-TEF1_SEM2_E30002.wav,1,VCC2020_T24,
train,__hf__,0,librispeech,17635
train,/lambda/nfs/algovirginia/workspace/DeepfakeDetectionRenewed/data/wavefake/generated_audio/common_voices_prompts_from_conformer_fastspeech2_pwg_ljspeech/gen_3912.wav,1,common_voices_prompts_from_conformer_fastspeech2_pwg_ljspeech,
train,__hf__,0,librispeech,23480
train,__hf__,0,librispeech,10671
train,__hf__,0,librispeech,18475
train,__hf__,0,librispeech,20169
train,__hf__,0,librispeech,25071
train,/lambda/nfs/algovirginia/workspace/DeepfakeDetectionRenewed/data/vcc2020/audio/T04/task1/team04_intra-TEF2_SEM1_E30003.wav,1,VCC2020_T04,
train,/lambda/nfs/algovirginia/workspace/DeepfakeDetectionRenewed/data/wavefake/generated_audio/ljspeech_full_band_melgan/LJ021-0173_gen.wav,1,ljspeech_full_band_melgan,
train,/lambda/nfs/algovirginia/workspace/DeepfakeDetectionRenewed/data/wavefake/generated_audio/ljspeech_full_band_melgan/LJ007-0103_gen.wav,1,ljspeech_full_band_melgan,
train,/lambda/nfs/algovirginia/workspace/DeepfakeDetectionRenewed/data/wavefake/generated_audio/common_voices_prompts_from_conformer_fastspeech2_pwg_ljspeech/gen_12819.wav,1,common_voices_prompts_from_conformer_fastspeech2_pwg_ljspeech,
train,__hf__,0,librispeech,27173
train,/lambda/nfs/algovirginia/workspace/DeepfakeDetectionRenewed/data/vcc2020/audio/T27/task1/team27_intra-TEF1_SEF2_E30002.wav,1,VCC2020_T27,
train,/lambda/nfs/algovirginia/workspace/DeepfakeDetectionRenewed/data/vcc2020/audio/T26/task1/team26_intra-TEF2_SEM2_E30004.wav,1,VCC2020_T26,
train,__hf__,0,librispeech,17564
train,__hf__,0,librispeech,7770
train,/lambda/nfs/algovirginia/workspace/DeepfakeDetectionRenewed/data/wavefake/generated_audio/ljspeech_full_band_melgan/LJ005-0010_gen.wav,1,ljspeech_full_band_melgan,
train,/lambda/nfs/algovirginia/workspace/DeepfakeDetectionRenewed/data/vcc2020/audio/T03/task1/team03_intra-TEM1_SEM1_E30001.wav,1,VCC2020_T03,
train,__hf__,0,librispeech,16906
train,/lambda/nfs/algovirginia/workspace/DeepfakeDetectionRenewed/data/wavefake/generated_audio/ljspeech_full_band_melgan/LJ011-0231_gen.wav,1,ljspeech_full_band_melgan,
train,__hf__,0,librispeech,16003
train,__hf__,0,librispeech,3356
train,__hf__,0,librispeech,7366
train,__hf__,0,librispeech,21381
train,__hf__,0,librispeech,25160
train,__hf__,0,librispeech,25734
train,/lambda/nfs/algovirginia/workspace/DeepfakeDetectionRenewed/data/wavefake/generated_audio/ljspeech_parallel_wavegan/LJ018-0264_gen.wav,1,ljspeech_parallel_wavegan,
train,__hf__,0,librispeech,23016
train,/lambda/nfs/algovirginia/workspace/DeepfakeDetectionRenewed/data/vcc2020/audio/T16/task1/team16_intra-TEM1_SEF2_E30004.wav,1,VCC2020_T16,
train,/lambda/nfs/algovirginia/workspace/DeepfakeDetectionRenewed/data/wavefake/generated_audio/common_voices_prompts_from_conformer_fastspeech2_pwg_ljspeech/gen_7099.wav,1,common_voices_prompts_from_conformer_fastspeech2_pwg_ljspeech,
train,/lambda/nfs/algovirginia/workspace/DeepfakeDetectionRenewed/data/vcc2020/audio/T16/task1/team16_intra-TEF1_SEF1_E30004.wav,1,VCC2020_T16,
train,/lambda/nfs/algovirginia/workspace/DeepfakeDetectionRenewed/data/wavefake/generated_audio/ljspeech_parallel_wavegan/LJ050-0219_gen.wav,1,ljspeech_parallel_wavegan,
train,/lambda/nfs/algovirginia/workspace/DeepfakeDetectionRenewed/data/wavefake/generated_audio/ljspeech_parallel_wavegan/LJ042-0222_gen.wav,1,ljspeech_parallel_wavegan,
train,/lambda/nfs/algovirginia/workspace/DeepfakeDetectionRenewed/data/wavefake/generated_audio/ljspeech_parallel_wavegan/LJ032-0240_gen.wav,1,ljspeech_parallel_wavegan,
train,/lambda/nfs/algovirginia/workspace/DeepfakeDetectionRenewed/data/vcc2020/audio/T14/task1/team14_intra-TEM1_SEM1_E30004.wav,1,VCC2020_T14,
train,/lambda/nfs/algovirginia/workspace/DeepfakeDetectionRenewed/data/vcc2020/audio/T18/task1/team18_intra-TEF2_SEF1_E30003.wav,1,VCC2020_T18,
train,/lambda/nfs/algovirginia/workspace/DeepfakeDetectionRenewed/data/vcc2020/audio/T19/task1/team19_intra-TEM2_SEF1_E30001.wav,1,VCC2020_T19,
train,__hf__,0,librispeech,8671
train,/lambda/nfs/algovirginia/workspace/DeepfakeDetectionRenewed/data/vcc2020/audio/T19/task1/team19_intra-TEM1_SEF1_E30003.wav,1,VCC2020_T19,
train,/lambda/nfs/algovirginia/workspace/DeepfakeDetectionRenewed/data/vcc2020/audio/T19/task1/team19_intra-TEF1_SEF2_E30001.wav,1,VCC2020_T19,
train,__hf__,0,librispeech,23385
train,__hf__,0,librispeech,16540
train,/lambda/nfs/algovirginia/workspace/DeepfakeDetectionRenewed/data/vcc2020/audio/T31/task1/team31_intra-TEF2_SEM2_E30002.wav,1,VCC2020_T31,
train,/lambda/nfs/algovirginia/workspace/DeepfakeDetectionRenewed/data/wavefake/generated_audio/ljspeech_full_band_melgan/LJ038-0236_gen.wav,1,ljspeech_full_band_melgan,
train,__hf__,0,librispeech,23992
train,__hf__,0,librispeech,20651
train,__hf__,0,librispeech,3168
train,__hf__,0,librispeech,25709
train,/lambda/nfs/algovirginia/workspace/DeepfakeDetectionRenewed/data/wavefake/generated_audio/ljspeech_parallel_wavegan/LJ035-0195_gen.wav,1,ljspeech_parallel_wavegan,
train,__hf__,0,librispeech,386
train,/lambda/nfs/algovirginia/workspace/DeepfakeDetectionRenewed/data/wavefake/generated_audio/ljspeech_full_band_melgan/LJ047-0005_gen.wav,1,ljspeech_full_band_melgan,
train,/lambda/nfs/algovirginia/workspace/DeepfakeDetectionRenewed/data/vcc2020/audio/T17/task1/team17_intra-TEF1_SEF2_E30004.wav,1,VCC2020_T17,
train,/lambda/nfs/algovirginia/workspace/DeepfakeDetectionRenewed/data/wavefake/generated_audio/ljspeech_full_band_melgan/LJ049-0150_gen.wav,1,ljspeech_full_band_melgan,
train,__hf__,0,librispeech,8787
train,__hf__,0,librispeech,28288
train,__hf__,0,librispeech,23452
train,__hf__,0,librispeech,26215
train,__hf__,0,librispeech,4831
train,/lambda/nfs/algovirginia/workspace/DeepfakeDetectionRenewed/data/wavefake/generated_audio/ljspeech_full_band_melgan/LJ028-0362_gen.wav,1,ljspeech_full_band_melgan,
train,__hf__,0,librispeech,12467
train,__hf__,0,librispeech,11514
train,/lambda/nfs/algovirginia/workspace/DeepfakeDetectionRenewed/data/wavefake/generated_audio/common_voices_prompts_from_conformer_fastspeech2_pwg_ljspeech/gen_11557.wav,1,common_voices_prompts_from_conformer_fastspeech2_pwg_ljspeech,
train,__hf__,0,librispeech,9817
train,/lambda/nfs/algovirginia/workspace/DeepfakeDetectionRenewed/data/vcc2020/audio/T11/task1/team11_intra-TEF1_SEM1_E30003.wav,1,VCC2020_T11,
train,/lambda/nfs/algovirginia/workspace/DeepfakeDetectionRenewed/data/wavefake/generated_audio/ljspeech_hifiGAN/LJ003-0219_generated.wav,1,ljspeech_hifiGAN,
train,__hf__,0,librispeech,28254
train,/lambda/nfs/algovirginia/workspace/DeepfakeDetectionRenewed/data/vcc2020/audio/T01/task1/team01_intra-TEF2_SEF2_E30005.wav,1,VCC2020_T01,
train,/lambda/nfs/algovirginia/workspace/DeepfakeDetectionRenewed/data/wavefake/generated_audio/ljspeech_full_band_melgan/LJ024-0135_gen.wav,1,ljspeech_full_band_melgan,
train,/lambda/nfs/algovirginia/workspace/DeepfakeDetectionRenewed/data/vcc2020/audio/T11/task1/team11_intra-TEM2_SEF1_E30004.wav,1,VCC2020_T11,
train,/lambda/nfs/algovirginia/workspace/DeepfakeDetectionRenewed/data/vcc2020/audio/T33/task1/team33_intra-TEM1_SEM2_E30002.wav,1,VCC2020_T33,
train,__hf__,0,librispeech,15251
train,__hf__,0,librispeech,5387
train,/lambda/nfs/algovirginia/workspace/DeepfakeDetectionRenewed/data/vcc2020/audio/T23/task1/team23_intra-TEM2_SEF1_E30003.wav,1,VCC2020_T23,
train,/lambda/nfs/algovirginia/workspace/DeepfakeDetectionRenewed/data/wavefake/generated_audio/ljspeech_parallel_wavegan/LJ028-0064_gen.wav,1,ljspeech_parallel_wavegan,
train,/lambda/nfs/algovirginia/workspace/DeepfakeDetectionRenewed/data/wavefake/generated_audio/ljspeech_parallel_wavegan/LJ021-0188_gen.wav,1,ljspeech_parallel_wavegan,
train,__hf__,0,librispeech,21809
train,__hf__,0,librispeech,23179
train,/lambda/nfs/algovirginia/workspace/DeepfakeDetectionRenewed/data/vcc2020/audio/T08/task1/team08_intra-TEF2_SEF2_E30003.wav,1,VCC2020_T08,
train,__hf__,0,librispeech,28500
train,__hf__,0,librispeech,3886
train,__hf__,0,librispeech,15681
train,__hf__,0,librispeech,21564
train,__hf__,0,librispeech,21718
train,__hf__,0,librispeech,22297
train,/lambda/nfs/algovirginia/workspace/DeepfakeDetectionRenewed/data/wavefake/generated_audio/ljspeech_hifiGAN/LJ019-0179_generated.wav,1,ljspeech_hifiGAN,
train,/lambda/nfs/algovirginia/workspace/DeepfakeDetectionRenewed/data/wavefake/generated_audio/ljspeech_full_band_melgan/LJ050-0053_gen.wav,1,ljspeech_full_band_melgan,
train,__hf__,0,librispeech,10870
train,/lambda/nfs/algovirginia/workspace/DeepfakeDetectionRenewed/data/wavefake/generated_audio/ljspeech_parallel_wavegan/LJ044-0174_gen.wav,1,ljspeech_parallel_wavegan,
train,__hf__,0,librispeech,18523
train,/lambda/nfs/algovirginia/workspace/DeepfakeDetectionRenewed/data/vcc2020/audio/T20/task1/team20_intra-TEM1_SEF1_E30005.wav,1,VCC2020_T20,
train,__hf__,0,librispeech,7840
train,__hf__,0,librispeech,21764
train,/lambda/nfs/algovirginia/workspace/DeepfakeDetectionRenewed/data/wavefake/generated_audio/ljspeech_full_band_melgan/LJ047-0180_gen.wav,1,ljspeech_full_band_melgan,
train,__hf__,0,librispeech,20127
train,/lambda/nfs/algovirginia/workspace/DeepfakeDetectionRenewed/data/wavefake/generated_audio/ljspeech_parallel_wavegan/LJ022-0047_gen.wav,1,ljspeech_parallel_wavegan,
train,/lambda/nfs/algovirginia/workspace/DeepfakeDetectionRenewed/data/wavefake/generated_audio/ljspeech_parallel_wavegan/LJ042-0100_gen.wav,1,ljspeech_parallel_wavegan,
train,__hf__,0,librispeech,27345
train,/lambda/nfs/algovirginia/workspace/DeepfakeDetectionRenewed/data/vcc2020/audio/T32/task1/team32_intra-TEM1_SEF2_E30005.wav,1,VCC2020_T32,
train,__hf__,0,librispeech,12063
train,__hf__,0,librispeech,1375
train,__hf__,0,librispeech,11556
train,/lambda/nfs/algovirginia/workspace/DeepfakeDetectionRenewed/data/wavefake/generated_audio/ljspeech_hifiGAN/LJ043-0098_generated.wav,1,ljspeech_hifiGAN,
train,__hf__,0,librispeech,17979
train,__hf__,0,librispeech,2607
train,__hf__,0,librispeech,13486
train,/lambda/nfs/algovirginia/workspace/DeepfakeDetectionRenewed/data/wavefake/generated_audio/ljspeech_full_band_melgan/LJ041-0134_gen.wav,1,ljspeech_full_band_melgan,
train,__hf__,0,librispeech,26776
train,__hf__,0,librispeech,6546
train,/lambda/nfs/algovirginia/workspace/DeepfakeDetectionRenewed/data/wavefake/generated_audio/ljspeech_hifiGAN/LJ010-0160_generated.wav,1,ljspeech_hifiGAN,
train,__hf__,0,librispeech,19359
train,/lambda/nfs/algovirginia/workspace/DeepfakeDetectionRenewed/data/vcc2020/audio/T04/task1/team04_intra-TEM1_SEF2_E30002.wav,1,VCC2020_T04,
train,/lambda/nfs/algovirginia/workspace/DeepfakeDetectionRenewed/data/wavefake/generated_audio/ljspeech_full_band_melgan/LJ034-0024_gen.wav,1,ljspeech_full_band_melgan,
train,__hf__,0,librispeech,5003
train,__hf__,0,librispeech,19936
train,__hf__,0,librispeech,7469
train,__hf__,0,librispeech,21312
train,/lambda/nfs/algovirginia/workspace/DeepfakeDetectionRenewed/data/wavefake/generated_audio/ljspeech_hifiGAN/LJ038-0190_generated.wav,1,ljspeech_hifiGAN,
train,__hf__,0,librispeech,4193
train,__hf__,0,librispeech,1518
train,/lambda/nfs/algovirginia/workspace/DeepfakeDetectionRenewed/data/vcc2020/audio/T28/task1/team28_intra-TEM2_SEM1_E30004.wav,1,VCC2020_T28,
train,/lambda/nfs/algovirginia/workspace/DeepfakeDetectionRenewed/data/wavefake/generated_audio/ljspeech_hifiGAN/LJ019-0311_generated.wav,1,ljspeech_hifiGAN,
train,__hf__,0,librispeech,22577
train,__hf__,0,librispeech,10089
train,__hf__,0,librispeech,24223
train,/lambda/nfs/algovirginia/workspace/DeepfakeDetectionRenewed/data/vcc2020/audio/T27/task1/team27_intra-TEF2_SEF2_E30001.wav,1,VCC2020_T27,
train,/lambda/nfs/algovirginia/workspace/DeepfakeDetectionRenewed/data/vcc2020/audio/T20/task1/team20_intra-TEM1_SEM1_E30002.wav,1,VCC2020_T20,
train,/lambda/nfs/algovirginia/workspace/DeepfakeDetectionRenewed/data/vcc2020/audio/T25/task1/team25_intra-TEM2_SEM1_E30003.wav,1,VCC2020_T25,
train,/lambda/nfs/algovirginia/workspace/DeepfakeDetectionRenewed/data/wavefake/generated_audio/ljspeech_hifiGAN/LJ050-0156_generated.wav,1,ljspeech_hifiGAN,
train,__hf__,0,librispeech,14930
train,__hf__,0,librispeech,4053
train,__hf__,0,librispeech,27199
train,__hf__,0,librispeech,20607
train,__hf__,0,librispeech,14538
train,/lambda/nfs/algovirginia/workspace/DeepfakeDetectionRenewed/data/wavefake/generated_audio/ljspeech_hifiGAN/LJ047-0218_generated.wav,1,ljspeech_hifiGAN,
train,__hf__,0,librispeech,22374
train,/lambda/nfs/algovirginia/workspace/DeepfakeDetectionRenewed/data/wavefake/generated_audio/common_voices_prompts_from_conformer_fastspeech2_pwg_ljspeech/gen_1990.wav,1,common_voices_prompts_from_conformer_fastspeech2_pwg_ljspeech,
train,/lambda/nfs/algovirginia/workspace/DeepfakeDetectionRenewed/data/wavefake/generated_audio/ljspeech_full_band_melgan/LJ050-0040_gen.wav,1,ljspeech_full_band_melgan,
train,__hf__,0,librispeech,14084
train,/lambda/nfs/algovirginia/workspace/DeepfakeDetectionRenewed/data/wavefake/generated_audio/ljspeech_full_band_melgan/LJ014-0136_gen.wav,1,ljspeech_full_band_melgan,
train,__hf__,0,librispeech,22318
train,/lambda/nfs/algovirginia/workspace/DeepfakeDetectionRenewed/data/wavefake/generated_audio/ljspeech_full_band_melgan/LJ050-0246_gen.wav,1,ljspeech_full_band_melgan,
train,__hf__,0,librispeech,26888
train,__hf__,0,librispeech,6094
train,__hf__,0,librispeech,6597
train,/lambda/nfs/algovirginia/workspace/DeepfakeDetectionRenewed/data/wavefake/generated_audio/ljspeech_full_band_melgan/LJ021-0187_gen.wav,1,ljspeech_full_band_melgan,
train,__hf__,0,librispeech,7513
train,/lambda/nfs/algovirginia/workspace/DeepfakeDetectionRenewed/data/wavefake/generated_audio/ljspeech_full_band_melgan/LJ032-0232_gen.wav,1,ljspeech_full_band_melgan,
train,/lambda/nfs/algovirginia/workspace/DeepfakeDetectionRenewed/data/wavefake/generated_audio/ljspeech_full_band_melgan/LJ019-0126_gen.wav,1,ljspeech_full_band_melgan,
train,/lambda/nfs/algovirginia/workspace/DeepfakeDetectionRenewed/data/wavefake/generated_audio/ljspeech_hifiGAN/LJ025-0036_generated.wav,1,ljspeech_hifiGAN,
train,__hf__,0,librispeech,5158
train,__hf__,0,librispeech,22847
train,/lambda/nfs/algovirginia/workspace/DeepfakeDetectionRenewed/data/vcc2020/audio/T12/task1/team12_intra-TEM1_SEF1_E30004.wav,1,VCC2020_T12,
train,/lambda/nfs/algovirginia/workspace/DeepfakeDetectionRenewed/data/wavefake/generated_audio/ljspeech_parallel_wavegan/LJ042-0055_gen.wav,1,ljspeech_parallel_wavegan,
train,/lambda/nfs/algovirginia/workspace/DeepfakeDetectionRenewed/data/vcc2020/audio/T18/task1/team18_intra-TEM1_SEF1_E30002.wav,1,VCC2020_T18,
train,/lambda/nfs/algovirginia/workspace/DeepfakeDetectionRenewed/data/wavefake/generated_audio/ljspeech_parallel_wavegan/LJ037-0072_gen.wav,1,ljspeech_parallel_wavegan,
train,/lambda/nfs/algovirginia/workspace/DeepfakeDetectionRenewed/data/vcc2020/audio/T21/task1/team21_intra-TEF1_SEF2_E30005.wav,1,VCC2020_T21,
train,__hf__,0,librispeech,11308
train,/lambda/nfs/algovirginia/workspace/DeepfakeDetectionRenewed/data/vcc2020/audio/T12/task1/team12_intra-TEM2_SEF1_E30002.wav,1,VCC2020_T12,
train,/lambda/nfs/algovirginia/workspace/DeepfakeDetectionRenewed/data/vcc2020/audio/T20/task1/team20_intra-TEM1_SEF1_E30002.wav,1,VCC2020_T20,
train,/lambda/nfs/algovirginia/workspace/DeepfakeDetectionRenewed/data/vcc2020/audio/T32/task1/team32_intra-TEF1_SEF2_E30001.wav,1,VCC2020_T32,
train,__hf__,0,librispeech,7829
train,__hf__,0,librispeech,5186
train,/lambda/nfs/algovirginia/workspace/DeepfakeDetectionRenewed/data/wavefake/generated_audio/ljspeech_parallel_wavegan/LJ026-0065_gen.wav,1,ljspeech_parallel_wavegan,
train,/lambda/nfs/algovirginia/workspace/DeepfakeDetectionRenewed/data/wavefake/generated_audio/common_voices_prompts_from_conformer_fastspeech2_pwg_ljspeech/gen_6844.wav,1,common_voices_prompts_from_conformer_fastspeech2_pwg_ljspeech,
train,/lambda/nfs/algovirginia/workspace/DeepfakeDetectionRenewed/data/wavefake/generated_audio/ljspeech_full_band_melgan/LJ029-0164_gen.wav,1,ljspeech_full_band_melgan,
train,__hf__,0,librispeech,17118
train,/lambda/nfs/algovirginia/workspace/DeepfakeDetectionRenewed/data/wavefake/generated_audio/ljspeech_parallel_wavegan/LJ001-0180_gen.wav,1,ljspeech_parallel_wavegan,
train,__hf__,0,librispeech,26908
train,__hf__,0,librispeech,16375
train,/lambda/nfs/algovirginia/workspace/DeepfakeDetectionRenewed/data/vcc2020/audio/T33/task1/team33_intra-TEF1_SEM1_E30003.wav,1,VCC2020_T33,
train,/lambda/nfs/algovirginia/workspace/DeepfakeDetectionRenewed/data/wavefake/generated_audio/ljspeech_hifiGAN/LJ010-0034_generated.wav,1,ljspeech_hifiGAN,
train,__hf__,0,librispeech,4297
train,/lambda/nfs/algovirginia/workspace/DeepfakeDetectionRenewed/data/wavefake/generated_audio/ljspeech_full_band_melgan/LJ005-0087_gen.wav,1,ljspeech_full_band_melgan,
train,__hf__,0,librispeech,22303
train,/lambda/nfs/algovirginia/workspace/DeepfakeDetectionRenewed/data/vcc2020/audio/T02/task1/team02_intra-TEM1_SEF2_E30004.wav,1,VCC2020_T02,
train,/lambda/nfs/algovirginia/workspace/DeepfakeDetectionRenewed/data/wavefake/generated_audio/ljspeech_parallel_wavegan/LJ016-0389_gen.wav,1,ljspeech_parallel_wavegan,
train,/lambda/nfs/algovirginia/workspace/DeepfakeDetectionRenewed/data/vcc2020/audio/T31/task1/team31_intra-TEM2_SEF2_E30003.wav,1,VCC2020_T31,
train,/lambda/nfs/algovirginia/workspace/DeepfakeDetectionRenewed/data/wavefake/generated_audio/ljspeech_hifiGAN/LJ039-0006_generated.wav,1,ljspeech_hifiGAN,
train,/lambda/nfs/algovirginia/workspace/DeepfakeDetectionRenewed/data/wavefake/generated_audio/ljspeech_parallel_wavegan/LJ028-0151_gen.wav,1,ljspeech_parallel_wavegan,
train,__hf__,0,librispeech,10332
train,/lambda/nfs/algovirginia/workspace/DeepfakeDetectionRenewed/data/vcc2020/audio/T18/task1/team18_intra-TEF1_SEM2_E30001.wav,1,VCC2020_T18,
train,/lambda/nfs/algovirginia/workspace/DeepfakeDetectionRenewed/data/wavefake/generated_audio/common_voices_prompts_from_conformer_fastspeech2_pwg_ljspeech/gen_15169.wav,1,common_voices_prompts_from_conformer_fastspeech2_pwg_ljspeech,
train,/lambda/nfs/algovirginia/workspace/DeepfakeDetectionRenewed/data/vcc2020/audio/T07/task1/team07_intra-TEM1_SEM2_E30001.wav,1,VCC2020_T07,
train,/lambda/nfs/algovirginia/workspace/DeepfakeDetectionRenewed/data/wavefake/generated_audio/common_voices_prompts_from_conformer_fastspeech2_pwg_ljspeech/gen_14027.wav,1,common_voices_prompts_from_conformer_fastspeech2_pwg_ljspeech,
train,/lambda/nfs/algovirginia/workspace/DeepfakeDetectionRenewed/data/vcc2020/audio/T12/task1/team12_intra-TEF2_SEM1_E30003.wav,1,VCC2020_T12,
train,__hf__,0,librispeech,23651
train,/lambda/nfs/algovirginia/workspace/DeepfakeDetectionRenewed/data/vcc2020/audio/T12/task1/team12_intra-TEM2_SEM1_E30002.wav,1,VCC2020_T12,
train,/lambda/nfs/algovirginia/workspace/DeepfakeDetectionRenewed/data/vcc2020/audio/T18/task1/team18_intra-TEF2_SEF2_E30001.wav,1,VCC2020_T18,
train,__hf__,0,librispeech,9904
train,__hf__,0,librispeech,4837
train,/lambda/nfs/algovirginia/workspace/DeepfakeDetectionRenewed/data/wavefake/generated_audio/ljspeech_hifiGAN/LJ022-0160_generated.wav,1,ljspeech_hifiGAN,
train,__hf__,0,librispeech,18059
train,/lambda/nfs/algovirginia/workspace/DeepfakeDetectionRenewed/data/vcc2020/audio/T25/task1/team25_intra-TEM1_SEF1_E30002.wav,1,VCC2020_T25,
train,__hf__,0,librispeech,5503
train,__hf__,0,librispeech,3622
train,__hf__,0,librispeech,27106
train,/lambda/nfs/algovirginia/workspace/DeepfakeDetectionRenewed/data/vcc2020/audio/T22/task1/team22_intra-TEM1_SEF2_E30004.wav,1,VCC2020_T22,
train,__hf__,0,librispeech,4378
train,__hf__,0,librispeech,12362
train,__hf__,0,librispeech,21989
train,/lambda/nfs/algovirginia/workspace/DeepfakeDetectionRenewed/data/vcc2020/audio/T17/task1/team17_intra-TEF1_SEF2_E30001.wav,1,VCC2020_T17,
train,__hf__,0,librispeech,16348
train,/lambda/nfs/algovirginia/workspace/DeepfakeDetectionRenewed/data/vcc2020/audio/T18/task1/team18_intra-TEM1_SEM1_E30004.wav,1,VCC2020_T18,
train,__hf__,0,librispeech,8061
train,/lambda/nfs/algovirginia/workspace/DeepfakeDetectionRenewed/data/wavefake/generated_audio/common_voices_prompts_from_conformer_fastspeech2_pwg_ljspeech/gen_12156.wav,1,common_voices_prompts_from_conformer_fastspeech2_pwg_ljspeech,
train,__hf__,0,librispeech,12866
train,__hf__,0,librispeech,7372
train,__hf__,0,librispeech,17362
train,__hf__,0,librispeech,16620
train,__hf__,0,librispeech,6393
train,/lambda/nfs/algovirginia/workspace/DeepfakeDetectionRenewed/data/wavefake/generated_audio/ljspeech_full_band_melgan/LJ002-0192_gen.wav,1,ljspeech_full_band_melgan,
train,__hf__,0,librispeech,9349
train,__hf__,0,librispeech,9513
train,/lambda/nfs/algovirginia/workspace/DeepfakeDetectionRenewed/data/wavefake/generated_audio/ljspeech_hifiGAN/LJ017-0116_generated.wav,1,ljspeech_hifiGAN,
train,/lambda/nfs/algovirginia/workspace/DeepfakeDetectionRenewed/data/vcc2020/audio/T19/task1/team19_intra-TEM1_SEF1_E30002.wav,1,VCC2020_T19,
train,/lambda/nfs/algovirginia/workspace/DeepfakeDetectionRenewed/data/vcc2020/audio/T11/task1/team11_intra-TEF2_SEF1_E30005.wav,1,VCC2020_T11,
train,/lambda/nfs/algovirginia/workspace/DeepfakeDetectionRenewed/data/wavefake/generated_audio/ljspeech_parallel_wavegan/LJ033-0077_gen.wav,1,ljspeech_parallel_wavegan,
train,__hf__,0,librispeech,15509
train,/lambda/nfs/algovirginia/workspace/DeepfakeDetectionRenewed/data/wavefake/generated_audio/common_voices_prompts_from_conformer_fastspeech2_pwg_ljspeech/gen_480.wav,1,common_voices_prompts_from_conformer_fastspeech2_pwg_ljspeech,
train,/lambda/nfs/algovirginia/workspace/DeepfakeDetectionRenewed/data/wavefake/generated_audio/common_voices_prompts_from_conformer_fastspeech2_pwg_ljspeech/gen_8567.wav,1,common_voices_prompts_from_conformer_fastspeech2_pwg_ljspeech,
train,__hf__,0,librispeech,5060
train,/lambda/nfs/algovirginia/workspace/DeepfakeDetectionRenewed/data/wavefake/generated_audio/common_voices_prompts_from_conformer_fastspeech2_pwg_ljspeech/gen_12167.wav,1,common_voices_prompts_from_conformer_fastspeech2_pwg_ljspeech,
train,__hf__,0,librispeech,7218
train,/lambda/nfs/algovirginia/workspace/DeepfakeDetectionRenewed/data/vcc2020/audio/T07/task1/team07_intra-TEF1_SEM1_E30003.wav,1,VCC2020_T07,
train,/lambda/nfs/algovirginia/workspace/DeepfakeDetectionRenewed/data/wavefake/generated_audio/ljspeech_full_band_melgan/LJ029-0160_gen.wav,1,ljspeech_full_band_melgan,
train,/lambda/nfs/algovirginia/workspace/DeepfakeDetectionRenewed/data/vcc2020/audio/T12/task1/team12_intra-TEM2_SEM2_E30001.wav,1,VCC2020_T12,
train,__hf__,0,librispeech,14835
train,__hf__,0,librispeech,7428
train,__hf__,0,librispeech,10065
train,/lambda/nfs/algovirginia/workspace/DeepfakeDetectionRenewed/data/wavefake/generated_audio/ljspeech_parallel_wavegan/LJ014-0003_gen.wav,1,ljspeech_parallel_wavegan,
train,/lambda/nfs/algovirginia/workspace/DeepfakeDetectionRenewed/data/wavefake/generated_audio/common_voices_prompts_from_conformer_fastspeech2_pwg_ljspeech/gen_1836.wav,1,common_voices_prompts_from_conformer_fastspeech2_pwg_ljspeech,
train,__hf__,0,librispeech,23224
train,/lambda/nfs/algovirginia/workspace/DeepfakeDetectionRenewed/data/wavefake/generated_audio/ljspeech_hifiGAN/LJ016-0393_generated.wav,1,ljspeech_hifiGAN,
train,/lambda/nfs/algovirginia/workspace/DeepfakeDetectionRenewed/data/vcc2020/audio/T26/task1/team26_intra-TEF1_SEF1_E30001.wav,1,VCC2020_T26,
train,/lambda/nfs/algovirginia/workspace/DeepfakeDetectionRenewed/data/wavefake/generated_audio/common_voices_prompts_from_conformer_fastspeech2_pwg_ljspeech/gen_7945.wav,1,common_voices_prompts_from_conformer_fastspeech2_pwg_ljspeech,
train,__hf__,0,librispeech,14138
train,__hf__,0,librispeech,21627
train,__hf__,0,librispeech,12759
train,/lambda/nfs/algovirginia/workspace/DeepfakeDetectionRenewed/data/vcc2020/audio/T08/task1/team08_intra-TEF1_SEF2_E30005.wav,1,VCC2020_T08,
train,/lambda/nfs/algovirginia/workspace/DeepfakeDetectionRenewed/data/wavefake/generated_audio/common_voices_prompts_from_conformer_fastspeech2_pwg_ljspeech/gen_6003.wav,1,common_voices_prompts_from_conformer_fastspeech2_pwg_ljspeech,
train,/lambda/nfs/algovirginia/workspace/DeepfakeDetectionRenewed/data/vcc2020/audio/T03/task1/team03_intra-TEM1_SEF1_E30003.wav,1,VCC2020_T03,
train,__hf__,0,librispeech,21526
train,__hf__,0,librispeech,18980
train,/lambda/nfs/algovirginia/workspace/DeepfakeDetectionRenewed/data/vcc2020/audio/T21/task1/team21_intra-TEM1_SEM1_E30001.wav,1,VCC2020_T21,
train,/lambda/nfs/algovirginia/workspace/DeepfakeDetectionRenewed/data/vcc2020/audio/T30/task1/team30_intra-TEM2_SEM1_E30002.wav,1,VCC2020_T30,
train,__hf__,0,librispeech,23947
train,__hf__,0,librispeech,18583
train,/lambda/nfs/algovirginia/workspace/DeepfakeDetectionRenewed/data/vcc2020/audio/T20/task1/team20_intra-TEM1_SEM2_E30005.wav,1,VCC2020_T20,
train,__hf__,0,librispeech,5506
train,__hf__,0,librispeech,7465
train,/lambda/nfs/algovirginia/workspace/DeepfakeDetectionRenewed/data/wavefake/generated_audio/ljspeech_hifiGAN/LJ034-0060_generated.wav,1,ljspeech_hifiGAN,
train,/lambda/nfs/algovirginia/workspace/DeepfakeDetectionRenewed/data/vcc2020/audio/T32/task1/team32_intra-TEF2_SEM2_E30003.wav,1,VCC2020_T32,
train,/lambda/nfs/algovirginia/workspace/DeepfakeDetectionRenewed/data/wavefake/generated_audio/ljspeech_parallel_wavegan/LJ013-0158_gen.wav,1,ljspeech_parallel_wavegan,
train,/lambda/nfs/algovirginia/workspace/DeepfakeDetectionRenewed/data/wavefake/generated_audio/ljspeech_parallel_wavegan/LJ010-0141_gen.wav,1,ljspeech_parallel_wavegan,
train,__hf__,0,librispeech,13034
train,/lambda/nfs/algovirginia/workspace/DeepfakeDetectionRenewed/data/wavefake/generated_audio/ljspeech_hifiGAN/LJ018-0308_generated.wav,1,ljspeech_hifiGAN,
train,/lambda/nfs/algovirginia/workspace/DeepfakeDetectionRenewed/data/vcc2020/audio/T22/task1/team22_intra-TEF1_SEM1_E30002.wav,1,VCC2020_T22,
train,/lambda/nfs/algovirginia/workspace/DeepfakeDetectionRenewed/data/wavefake/generated_audio/ljspeech_full_band_melgan/LJ019-0282_gen.wav,1,ljspeech_full_band_melgan,
train,/lambda/nfs/algovirginia/workspace/DeepfakeDetectionRenewed/data/vcc2020/audio/T04/task1/team04_intra-TEF2_SEF2_E30003.wav,1,VCC2020_T04,
train,/lambda/nfs/algovirginia/workspace/DeepfakeDetectionRenewed/data/wavefake/generated_audio/ljspeech_parallel_wavegan/LJ006-0296_gen.wav,1,ljspeech_parallel_wavegan,
train,__hf__,0,librispeech,16303
train,/lambda/nfs/algovirginia/workspace/DeepfakeDetectionRenewed/data/wavefake/generated_audio/ljspeech_full_band_melgan/LJ004-0242_gen.wav,1,ljspeech_full_band_melgan,
train,/lambda/nfs/algovirginia/workspace/DeepfakeDetectionRenewed/data/wavefake/generated_audio/ljspeech_parallel_wavegan/LJ026-0096_gen.wav,1,ljspeech_parallel_wavegan,
train,__hf__,0,librispeech,14001
train,/lambda/nfs/algovirginia/workspace/DeepfakeDetectionRenewed/data/vcc2020/audio/T21/task1/team21_intra-TEM1_SEF1_E30001.wav,1,VCC2020_T21,
train,/lambda/nfs/algovirginia/workspace/DeepfakeDetectionRenewed/data/wavefake/generated_audio/ljspeech_hifiGAN/LJ049-0021_generated.wav,1,ljspeech_hifiGAN,
train,__hf__,0,librispeech,9555
train,/lambda/nfs/algovirginia/workspace/DeepfakeDetectionRenewed/data/vcc2020/audio/T17/task1/team17_intra-TEF1_SEF1_E30002.wav,1,VCC2020_T17,
train,__hf__,0,librispeech,12007
train,/lambda/nfs/algovirginia/workspace/DeepfakeDetectionRenewed/data/wavefake/generated_audio/common_voices_prompts_from_conformer_fastspeech2_pwg_ljspeech/gen_11075.wav,1,common_voices_prompts_from_conformer_fastspeech2_pwg_ljspeech,
train,/lambda/nfs/algovirginia/workspace/DeepfakeDetectionRenewed/data/vcc2020/audio/T11/task1/team11_intra-TEM2_SEM2_E30005.wav,1,VCC2020_T11,
train,/lambda/nfs/algovirginia/workspace/DeepfakeDetectionRenewed/data/vcc2020/audio/T12/task1/team12_intra-TEM1_SEF1_E30001.wav,1,VCC2020_T12,
train,__hf__,0,librispeech,17890
train,/lambda/nfs/algovirginia/workspace/DeepfakeDetectionRenewed/data/vcc2020/audio/T10/task1/team10_intra-TEF2_SEM2_E30001.wav,1,VCC2020_T10,
train,__hf__,0,librispeech,3029
train,__hf__,0,librispeech,3701
train,__hf__,0,librispeech,19567
train,/lambda/nfs/algovirginia/workspace/DeepfakeDetectionRenewed/data/wavefake/generated_audio/ljspeech_parallel_wavegan/LJ034-0057_gen.wav,1,ljspeech_parallel_wavegan,
train,__hf__,0,librispeech,5921
train,/lambda/nfs/algovirginia/workspace/DeepfakeDetectionRenewed/data/wavefake/generated_audio/common_voices_prompts_from_conformer_fastspeech2_pwg_ljspeech/gen_7027.wav,1,common_voices_prompts_from_conformer_fastspeech2_pwg_ljspeech,
train,__hf__,0,librispeech,2912
train,/lambda/nfs/algovirginia/workspace/DeepfakeDetectionRenewed/data/wavefake/generated_audio/common_voices_prompts_from_conformer_fastspeech2_pwg_ljspeech/gen_4138.wav,1,common_voices_prompts_from_conformer_fastspeech2_pwg_ljspeech,
train,__hf__,0,librispeech,15048
train,__hf__,0,librispeech,24884
train,__hf__,0,librispeech,27907
train,/lambda/nfs/algovirginia/workspace/DeepfakeDetectionRenewed/data/vcc2020/audio/T21/task1/team21_intra-TEF1_SEM1_E30004.wav,1,VCC2020_T21,
train,__hf__,0,librispeech,25571
train,/lambda/nfs/algovirginia/workspace/DeepfakeDetectionRenewed/data/wavefake/generated_audio/ljspeech_hifiGAN/LJ011-0028_generated.wav,1,ljspeech_hifiGAN,
train,__hf__,0,librispeech,5274
train,__hf__,0,librispeech,3787
train,/lambda/nfs/algovirginia/workspace/DeepfakeDetectionRenewed/data/wavefake/generated_audio/common_voices_prompts_from_conformer_fastspeech2_pwg_ljspeech/gen_2492.wav,1,common_voices_prompts_from_conformer_fastspeech2_pwg_ljspeech,
train,/lambda/nfs/algovirginia/workspace/DeepfakeDetectionRenewed/data/wavefake/generated_audio/common_voices_prompts_from_conformer_fastspeech2_pwg_ljspeech/gen_15785.wav,1,common_voices_prompts_from_conformer_fastspeech2_pwg_ljspeech,
train,/lambda/nfs/algovirginia/workspace/DeepfakeDetectionRenewed/data/vcc2020/audio/T14/task1/team14_intra-TEM2_SEM2_E30001.wav,1,VCC2020_T14,
train,/lambda/nfs/algovirginia/workspace/DeepfakeDetectionRenewed/data/wavefake/generated_audio/ljspeech_parallel_wavegan/LJ043-0139_gen.wav,1,ljspeech_parallel_wavegan,
train,__hf__,0,librispeech,9014
train,/lambda/nfs/algovirginia/workspace/DeepfakeDetectionRenewed/data/vcc2020/audio/T01/task1/team01_intra-TEM2_SEM2_E30005.wav,1,VCC2020_T01,
train,__hf__,0,librispeech,20679
train,/lambda/nfs/algovirginia/workspace/DeepfakeDetectionRenewed/data/vcc2020/audio/T18/task1/team18_intra-TEF2_SEM1_E30003.wav,1,VCC2020_T18,
train,__hf__,0,librispeech,312
train,/lambda/nfs/algovirginia/workspace/DeepfakeDetectionRenewed/data/vcc2020/audio/T31/task1/team31_intra-TEM1_SEF1_E30003.wav,1,VCC2020_T31,
train,/lambda/nfs/algovirginia/workspace/DeepfakeDetectionRenewed/data/vcc2020/audio/T24/task1/team24_intra-TEM2_SEF2_E30005.wav,1,VCC2020_T24,
train,__hf__,0,librispeech,13751
train,__hf__,0,librispeech,17008
train,/lambda/nfs/algovirginia/workspace/DeepfakeDetectionRenewed/data/wavefake/generated_audio/ljspeech_hifiGAN/LJ025-0144_generated.wav,1,ljspeech_hifiGAN,
train,__hf__,0,librispeech,17947
train,/lambda/nfs/algovirginia/workspace/DeepfakeDetectionRenewed/data/wavefake/generated_audio/ljspeech_full_band_melgan/LJ010-0088_gen.wav,1,ljspeech_full_band_melgan,
train,__hf__,0,librispeech,1160
train,/lambda/nfs/algovirginia/workspace/DeepfakeDetectionRenewed/data/wavefake/generated_audio/ljspeech_hifiGAN/LJ048-0022_generated.wav,1,ljspeech_hifiGAN,
train,/lambda/nfs/algovirginia/workspace/DeepfakeDetectionRenewed/data/vcc2020/audio/T20/task1/team20_intra-TEM2_SEM2_E30004.wav,1,VCC2020_T20,
train,/lambda/nfs/algovirginia/workspace/DeepfakeDetectionRenewed/data/wavefake/generated_audio/ljspeech_hifiGAN/LJ040-0139_generated.wav,1,ljspeech_hifiGAN,
train,__hf__,0,librispeech,25258
train,__hf__,0,librispeech,28093
train,/lambda/nfs/algovirginia/workspace/DeepfakeDetectionRenewed/data/wavefake/generated_audio/ljspeech_full_band_melgan/LJ038-0182_gen.wav,1,ljspeech_full_band_melgan,
train,/lambda/nfs/algovirginia/workspace/DeepfakeDetectionRenewed/data/wavefake/generated_audio/common_voices_prompts_from_conformer_fastspeech2_pwg_ljspeech/gen_7595.wav,1,common_voices_prompts_from_conformer_fastspeech2_pwg_ljspeech,
train,/lambda/nfs/algovirginia/workspace/DeepfakeDetectionRenewed/data/wavefake/generated_audio/common_voices_prompts_from_conformer_fastspeech2_pwg_ljspeech/gen_8760.wav,1,common_voices_prompts_from_conformer_fastspeech2_pwg_ljspeech,
train,__hf__,0,librispeech,2182
train,__hf__,0,librispeech,23419
train,__hf__,0,librispeech,5117
train,/lambda/nfs/algovirginia/workspace/DeepfakeDetectionRenewed/data/wavefake/generated_audio/ljspeech_parallel_wavegan/LJ023-0130_gen.wav,1,ljspeech_parallel_wavegan,
train,/lambda/nfs/algovirginia/workspace/DeepfakeDetectionRenewed/data/wavefake/generated_audio/common_voices_prompts_from_conformer_fastspeech2_pwg_ljspeech/gen_15903.wav,1,common_voices_prompts_from_conformer_fastspeech2_pwg_ljspeech,
train,__hf__,0,librispeech,1934
train,__hf__,0,librispeech,5015
train,__hf__,0,librispeech,17853
train,__hf__,0,librispeech,20626
train,/lambda/nfs/algovirginia/workspace/DeepfakeDetectionRenewed/data/vcc2020/audio/T21/task1/team21_intra-TEM1_SEF2_E30004.wav,1,VCC2020_T21,
train,/lambda/nfs/algovirginia/workspace/DeepfakeDetectionRenewed/data/vcc2020/audio/T16/task1/team16_intra-TEF1_SEM2_E30005.wav,1,VCC2020_T16,
train,/lambda/nfs/algovirginia/workspace/DeepfakeDetectionRenewed/data/wavefake/generated_audio/ljspeech_parallel_wavegan/LJ010-0226_gen.wav,1,ljspeech_parallel_wavegan,
train,__hf__,0,librispeech,11515
train,/lambda/nfs/algovirginia/workspace/DeepfakeDetectionRenewed/data/vcc2020/audio/T17/task1/team17_intra-TEM1_SEM2_E30003.wav,1,VCC2020_T17,
train,__hf__,0,librispeech,7749
train,/lambda/nfs/algovirginia/workspace/DeepfakeDetectionRenewed/data/wavefake/generated_audio/ljspeech_full_band_melgan/LJ009-0094_gen.wav,1,ljspeech_full_band_melgan,
train,/lambda/nfs/algovirginia/workspace/DeepfakeDetectionRenewed/data/vcc2020/audio/T14/task1/team14_intra-TEM1_SEM2_E30005.wav,1,VCC2020_T14,
train,/lambda/nfs/algovirginia/workspace/DeepfakeDetectionRenewed/data/wavefake/generated_audio/ljspeech_hifiGAN/LJ001-0051_generated.wav,1,ljspeech_hifiGAN,
train,/lambda/nfs/algovirginia/workspace/DeepfakeDetectionRenewed/data/wavefake/generated_audio/common_voices_prompts_from_conformer_fastspeech2_pwg_ljspeech/gen_1187.wav,1,common_voices_prompts_from_conformer_fastspeech2_pwg_ljspeech,
train,/lambda/nfs/algovirginia/workspace/DeepfakeDetectionRenewed/data/vcc2020/audio/T24/task1/team24_intra-TEM1_SEM2_E30005.wav,1,VCC2020_T24,
train,/lambda/nfs/algovirginia/workspace/DeepfakeDetectionRenewed/data/wavefake/generated_audio/ljspeech_full_band_melgan/LJ047-0179_gen.wav,1,ljspeech_full_band_melgan,
train,__hf__,0,librispeech,16256
train,__hf__,0,librispeech,24789
train,__hf__,0,librispeech,849
train,/lambda/nfs/algovirginia/workspace/DeepfakeDetectionRenewed/data/vcc2020/audio/T08/task1/team08_intra-TEF1_SEF2_E30003.wav,1,VCC2020_T08,
train,__hf__,0,librispeech,15503
train,__hf__,0,librispeech,22684
train,__hf__,0,librispeech,24282
train,/lambda/nfs/algovirginia/workspace/DeepfakeDetectionRenewed/data/vcc2020/audio/T26/task1/team26_intra-TEM2_SEM1_E30002.wav,1,VCC2020_T26,
train,__hf__,0,librispeech,18887
train,/lambda/nfs/algovirginia/workspace/DeepfakeDetectionRenewed/data/vcc2020/audio/T01/task1/team01_intra-TEF1_SEM1_E30003.wav,1,VCC2020_T01,
train,__hf__,0,librispeech,20313
train,/lambda/nfs/algovirginia/workspace/DeepfakeDetectionRenewed/data/wavefake/generated_audio/ljspeech_parallel_wavegan/LJ012-0039_gen.wav,1,ljspeech_parallel_wavegan,
train,/lambda/nfs/algovirginia/workspace/DeepfakeDetectionRenewed/data/wavefake/generated_audio/ljspeech_full_band_melgan/LJ028-0184_gen.wav,1,ljspeech_full_band_melgan,
train,/lambda/nfs/algovirginia/workspace/DeepfakeDetectionRenewed/data/vcc2020/audio/T20/task1/team20_intra-TEF1_SEF1_E30002.wav,1,VCC2020_T20,
train,__hf__,0,librispeech,16024
train,__hf__,0,librispeech,21786
train,__hf__,0,librispeech,11889
train,/lambda/nfs/algovirginia/workspace/DeepfakeDetectionRenewed/data/wavefake/generated_audio/ljspeech_parallel_wavegan/LJ035-0163_gen.wav,1,ljspeech_parallel_wavegan,
train,/lambda/nfs/algovirginia/workspace/DeepfakeDetectionRenewed/data/vcc2020/audio/T06/task1/team06_intra-TEM2_SEM2_E30004.wav,1,VCC2020_T06,
train,__hf__,0,librispeech,17468
train,/lambda/nfs/algovirginia/workspace/DeepfakeDetectionRenewed/data/wavefake/generated_audio/ljspeech_parallel_wavegan/LJ041-0113_gen.wav,1,ljspeech_parallel_wavegan,
train,/lambda/nfs/algovirginia/workspace/DeepfakeDetectionRenewed/data/vcc2020/audio/T16/task1/team16_intra-TEF2_SEF1_E30003.wav,1,VCC2020_T16,
train,/lambda/nfs/algovirginia/workspace/DeepfakeDetectionRenewed/data/vcc2020/audio/T19/task1/team19_intra-TEF2_SEF2_E30002.wav,1,VCC2020_T19,
train,/lambda/nfs/algovirginia/workspace/DeepfakeDetectionRenewed/data/vcc2020/audio/T22/task1/team22_intra-TEM1_SEF2_E30003.wav,1,VCC2020_T22,
train,/lambda/nfs/algovirginia/workspace/DeepfakeDetectionRenewed/data/wavefake/generated_audio/ljspeech_full_band_melgan/LJ004-0143_gen.wav,1,ljspeech_full_band_melgan,
train,__hf__,0,librispeech,16044
train,__hf__,0,librispeech,18095
train,/lambda/nfs/algovirginia/workspace/DeepfakeDetectionRenewed/data/wavefake/generated_audio/ljspeech_hifiGAN/LJ041-0129_generated.wav,1,ljspeech_hifiGAN,
train,/lambda/nfs/algovirginia/workspace/DeepfakeDetectionRenewed/data/vcc2020/audio/T11/task1/team11_intra-TEF2_SEF2_E30001.wav,1,VCC2020_T11,
train,__hf__,0,librispeech,450
train,/lambda/nfs/algovirginia/workspace/DeepfakeDetectionRenewed/data/wavefake/generated_audio/ljspeech_full_band_melgan/LJ043-0130_gen.wav,1,ljspeech_full_band_melgan,
train,/lambda/nfs/algovirginia/workspace/DeepfakeDetectionRenewed/data/wavefake/generated_audio/ljspeech_hifiGAN/LJ007-0150_generated.wav,1,ljspeech_hifiGAN,
train,__hf__,0,librispeech,28149
train,__hf__,0,librispeech,23116
train,__hf__,0,librispeech,14456
train,/lambda/nfs/algovirginia/workspace/DeepfakeDetectionRenewed/data/vcc2020/audio/T27/task1/team27_intra-TEF2_SEF1_E30002.wav,1,VCC2020_T27,
train,/lambda/nfs/algovirginia/workspace/DeepfakeDetectionRenewed/data/wavefake/generated_audio/ljspeech_parallel_wavegan/LJ033-0006_gen.wav,1,ljspeech_parallel_wavegan,
train,/lambda/nfs/algovirginia/workspace/DeepfakeDetectionRenewed/data/wavefake/generated_audio/common_voices_prompts_from_conformer_fastspeech2_pwg_ljspeech/gen_12203.wav,1,common_voices_prompts_from_conformer_fastspeech2_pwg_ljspeech,
train,__hf__,0,librispeech,13013
train,/lambda/nfs/algovirginia/workspace/DeepfakeDetectionRenewed/data/wavefake/generated_audio/common_voices_prompts_from_conformer_fastspeech2_pwg_ljspeech/gen_6737.wav,1,common_voices_prompts_from_conformer_fastspeech2_pwg_ljspeech,
train,__hf__,0,librispeech,9896
train,__hf__,0,librispeech,27670
train,/lambda/nfs/algovirginia/workspace/DeepfakeDetectionRenewed/data/vcc2020/audio/T07/task1/team07_intra-TEF1_SEM2_E30005.wav,1,VCC2020_T07,
train,/lambda/nfs/algovirginia/workspace/DeepfakeDetectionRenewed/data/wavefake/generated_audio/ljspeech_parallel_wavegan/LJ040-0189_gen.wav,1,ljspeech_parallel_wavegan,
train,/lambda/nfs/algovirginia/workspace/DeepfakeDetectionRenewed/data/wavefake/generated_audio/ljspeech_hifiGAN/LJ027-0088_generated.wav,1,ljspeech_hifiGAN,
train,/lambda/nfs/algovirginia/workspace/DeepfakeDetectionRenewed/data/wavefake/generated_audio/common_voices_prompts_from_conformer_fastspeech2_pwg_ljspeech/gen_8113.wav,1,common_voices_prompts_from_conformer_fastspeech2_pwg_ljspeech,
train,/lambda/nfs/algovirginia/workspace/DeepfakeDetectionRenewed/data/vcc2020/audio/T19/task1/team19_intra-TEF1_SEM2_E30001.wav,1,VCC2020_T19,
train,/lambda/nfs/algovirginia/workspace/DeepfakeDetectionRenewed/data/wavefake/generated_audio/ljspeech_full_band_melgan/LJ002-0049_gen.wav,1,ljspeech_full_band_melgan,
train,__hf__,0,librispeech,11023
train,__hf__,0,librispeech,25842
train,/lambda/nfs/algovirginia/workspace/DeepfakeDetectionRenewed/data/wavefake/generated_audio/common_voices_prompts_from_conformer_fastspeech2_pwg_ljspeech/gen_13379.wav,1,common_voices_prompts_from_conformer_fastspeech2_pwg_ljspeech,
train,__hf__,0,librispeech,11582
train,/lambda/nfs/algovirginia/workspace/DeepfakeDetectionRenewed/data/wavefake/generated_audio/ljspeech_hifiGAN/LJ037-0041_generated.wav,1,ljspeech_hifiGAN,
train,/lambda/nfs/algovirginia/workspace/DeepfakeDetectionRenewed/data/wavefake/generated_audio/ljspeech_hifiGAN/LJ027-0015_generated.wav,1,ljspeech_hifiGAN,
train,/lambda/nfs/algovirginia/workspace/DeepfakeDetectionRenewed/data/vcc2020/audio/T02/task1/team02_intra-TEM1_SEF2_E30003.wav,1,VCC2020_T02,
train,/lambda/nfs/algovirginia/workspace/DeepfakeDetectionRenewed/data/wavefake/generated_audio/ljspeech_full_band_melgan/LJ026-0102_gen.wav,1,ljspeech_full_band_melgan,
train,/lambda/nfs/algovirginia/workspace/DeepfakeDetectionRenewed/data/wavefake/generated_audio/common_voices_prompts_from_conformer_fastspeech2_pwg_ljspeech/gen_6902.wav,1,common_voices_prompts_from_conformer_fastspeech2_pwg_ljspeech,
train,__hf__,0,librispeech,1960
train,__hf__,0,librispeech,14125
train,/lambda/nfs/algovirginia/workspace/DeepfakeDetectionRenewed/data/vcc2020/audio/T20/task1/team20_intra-TEM2_SEF1_E30003.wav,1,VCC2020_T20,
train,__hf__,0,librispeech,5861
train,__hf__,0,librispeech,8482
train,__hf__,0,librispeech,22424
train,/lambda/nfs/algovirginia/workspace/DeepfakeDetectionRenewed/data/wavefake/generated_audio/ljspeech_full_band_melgan/LJ018-0122_gen.wav,1,ljspeech_full_band_melgan,
train,__hf__,0,librispeech,16758
train,/lambda/nfs/algovirginia/workspace/DeepfakeDetectionRenewed/data/wavefake/generated_audio/common_voices_prompts_from_conformer_fastspeech2_pwg_ljspeech/gen_13658.wav,1,common_voices_prompts_from_conformer_fastspeech2_pwg_ljspeech,
train,/lambda/nfs/algovirginia/workspace/DeepfakeDetectionRenewed/data/wavefake/generated_audio/ljspeech_hifiGAN/LJ032-0117_generated.wav,1,ljspeech_hifiGAN,
train,/lambda/nfs/algovirginia/workspace/DeepfakeDetectionRenewed/data/wavefake/generated_audio/ljspeech_full_band_melgan/LJ040-0116_gen.wav,1,ljspeech_full_band_melgan,
train,/lambda/nfs/algovirginia/workspace/DeepfakeDetectionRenewed/data/wavefake/generated_audio/common_voices_prompts_from_conformer_fastspeech2_pwg_ljspeech/gen_9880.wav,1,common_voices_prompts_from_conformer_fastspeech2_pwg_ljspeech,
train,/lambda/nfs/algovirginia/workspace/DeepfakeDetectionRenewed/data/wavefake/generated_audio/ljspeech_full_band_melgan/LJ027-0147_gen.wav,1,ljspeech_full_band_melgan,
train,/lambda/nfs/algovirginia/workspace/DeepfakeDetectionRenewed/data/vcc2020/audio/T04/task1/team04_intra-TEM1_SEM2_E30005.wav,1,VCC2020_T04,
train,__hf__,0,librispeech,16523
train,__hf__,0,librispeech,5864
train,/lambda/nfs/algovirginia/workspace/DeepfakeDetectionRenewed/data/vcc2020/audio/T10/task1/team10_intra-TEF1_SEM2_E30001.wav,1,VCC2020_T10,
train,__hf__,0,librispeech,17194
train,__hf__,0,librispeech,16302
train,__hf__,0,librispeech,3941
train,__hf__,0,librispeech,16184
train,/lambda/nfs/algovirginia/workspace/DeepfakeDetectionRenewed/data/vcc2020/audio/T27/task1/team27_intra-TEM1_SEM2_E30003.wav,1,VCC2020_T27,
train,__hf__,0,librispeech,10873
train,__hf__,0,librispeech,25576
train,__hf__,0,librispeech,25899
train,__hf__,0,librispeech,23556
train,/lambda/nfs/algovirginia/workspace/DeepfakeDetectionRenewed/data/wavefake/generated_audio/ljspeech_hifiGAN/LJ037-0244_generated.wav,1,ljspeech_hifiGAN,
train,/lambda/nfs/algovirginia/workspace/DeepfakeDetectionRenewed/data/wavefake/generated_audio/common_voices_prompts_from_conformer_fastspeech2_pwg_ljspeech/gen_12627.wav,1,common_voices_prompts_from_conformer_fastspeech2_pwg_ljspeech,
train,/lambda/nfs/algovirginia/workspace/DeepfakeDetectionRenewed/data/vcc2020/audio/T22/task1/team22_intra-TEM2_SEF1_E30002.wav,1,VCC2020_T22,
train,__hf__,0,librispeech,13048
train,__hf__,0,librispeech,24356
train,/lambda/nfs/algovirginia/workspace/DeepfakeDetectionRenewed/data/wavefake/generated_audio/common_voices_prompts_from_conformer_fastspeech2_pwg_ljspeech/gen_2937.wav,1,common_voices_prompts_from_conformer_fastspeech2_pwg_ljspeech,
train,__hf__,0,librispeech,18662
train,/lambda/nfs/algovirginia/workspace/DeepfakeDetectionRenewed/data/wavefake/generated_audio/ljspeech_parallel_wavegan/LJ043-0158_gen.wav,1,ljspeech_parallel_wavegan,
train,/lambda/nfs/algovirginia/workspace/DeepfakeDetectionRenewed/data/wavefake/generated_audio/ljspeech_parallel_wavegan/LJ048-0087_gen.wav,1,ljspeech_parallel_wavegan,
train,/lambda/nfs/algovirginia/workspace/DeepfakeDetectionRenewed/data/wavefake/generated_audio/ljspeech_hifiGAN/LJ012-0273_generated.wav,1,ljspeech_hifiGAN,
train,/lambda/nfs/algovirginia/workspace/DeepfakeDetectionRenewed/data/vcc2020/audio/T11/task1/team11_intra-TEM1_SEF2_E30002.wav,1,VCC2020_T11,
train,/lambda/nfs/algovirginia/workspace/DeepfakeDetectionRenewed/data/wavefake/generated_audio/common_voices_prompts_from_conformer_fastspeech2_pwg_ljspeech/gen_2076.wav,1,common_voices_prompts_from_conformer_fastspeech2_pwg_ljspeech,
train,/lambda/nfs/algovirginia/workspace/DeepfakeDetectionRenewed/data/vcc2020/audio/T17/task1/team17_intra-TEM2_SEM2_E30001.wav,1,VCC2020_T17,
train,/lambda/nfs/algovirginia/workspace/DeepfakeDetectionRenewed/data/wavefake/generated_audio/ljspeech_parallel_wavegan/LJ037-0216_gen.wav,1,ljspeech_parallel_wavegan,
train,/lambda/nfs/algovirginia/workspace/DeepfakeDetectionRenewed/data/vcc2020/audio/T20/task1/team20_intra-TEF2_SEM1_E30001.wav,1,VCC2020_T20,
train,__hf__,0,librispeech,28430
train,/lambda/nfs/algovirginia/workspace/DeepfakeDetectionRenewed/data/vcc2020/audio/T29/task1/team29_intra-TEM1_SEM2_E30005.wav,1,VCC2020_T29,
train,__hf__,0,librispeech,14227
train,/lambda/nfs/algovirginia/workspace/DeepfakeDetectionRenewed/data/vcc2020/audio/T31/task1/team31_intra-TEM1_SEF1_E30005.wav,1,VCC2020_T31,
train,/lambda/nfs/algovirginia/workspace/DeepfakeDetectionRenewed/data/wavefake/generated_audio/common_voices_prompts_from_conformer_fastspeech2_pwg_ljspeech/gen_9860.wav,1,common_voices_prompts_from_conformer_fastspeech2_pwg_ljspeech,
train,/lambda/nfs/algovirginia/workspace/DeepfakeDetectionRenewed/data/wavefake/generated_audio/ljspeech_full_band_melgan/LJ043-0015_gen.wav,1,ljspeech_full_band_melgan,
train,/lambda/nfs/algovirginia/workspace/DeepfakeDetectionRenewed/data/wavefake/generated_audio/common_voices_prompts_from_conformer_fastspeech2_pwg_ljspeech/gen_7535.wav,1,common_voices_prompts_from_conformer_fastspeech2_pwg_ljspeech,
train,__hf__,0,librispeech,24140
train,__hf__,0,librispeech,2725
train,__hf__,0,librispeech,23682
train,/lambda/nfs/algovirginia/workspace/DeepfakeDetectionRenewed/data/wavefake/generated_audio/common_voices_prompts_from_conformer_fastspeech2_pwg_ljspeech/gen_6578.wav,1,common_voices_prompts_from_conformer_fastspeech2_pwg_ljspeech,
train,__hf__,0,librispeech,1303
train,/lambda/nfs/algovirginia/workspace/DeepfakeDetectionRenewed/data/vcc2020/audio/T25/task1/team25_intra-TEM2_SEF2_E30004.wav,1,VCC2020_T25,
train,__hf__,0,librispeech,2590
train,__hf__,0,librispeech,3018
train,/lambda/nfs/algovirginia/workspace/DeepfakeDetectionRenewed/data/wavefake/generated_audio/common_voices_prompts_from_conformer_fastspeech2_pwg_ljspeech/gen_10525.wav,1,common_voices_prompts_from_conformer_fastspeech2_pwg_ljspeech,
train,/lambda/nfs/algovirginia/workspace/DeepfakeDetectionRenewed/data/wavefake/generated_audio/ljspeech_full_band_melgan/LJ030-0151_gen.wav,1,ljspeech_full_band_melgan,
train,/lambda/nfs/algovirginia/workspace/DeepfakeDetectionRenewed/data/vcc2020/audio/T13/task1/team13_intra-TEM2_SEM1_E30005.wav,1,VCC2020_T13,
train,/lambda/nfs/algovirginia/workspace/DeepfakeDetectionRenewed/data/vcc2020/audio/T06/task1/team06_intra-TEM1_SEM1_E30002.wav,1,VCC2020_T06,
train,/lambda/nfs/algovirginia/workspace/DeepfakeDetectionRenewed/data/vcc2020/audio/T32/task1/team32_intra-TEM2_SEM2_E30001.wav,1,VCC2020_T32,
train,__hf__,0,librispeech,26622
train,__hf__,0,librispeech,20100
train,/lambda/nfs/algovirginia/workspace/DeepfakeDetectionRenewed/data/vcc2020/audio/T33/task1/team33_intra-TEM1_SEF1_E30002.wav,1,VCC2020_T33,
train,/lambda/nfs/algovirginia/workspace/DeepfakeDetectionRenewed/data/vcc2020/audio/T02/task1/team02_intra-TEM2_SEF1_E30005.wav,1,VCC2020_T02,
train,/lambda/nfs/algovirginia/workspace/DeepfakeDetectionRenewed/data/wavefake/generated_audio/common_voices_prompts_from_conformer_fastspeech2_pwg_ljspeech/gen_14980.wav,1,common_voices_prompts_from_conformer_fastspeech2_pwg_ljspeech,
train,/lambda/nfs/algovirginia/workspace/DeepfakeDetectionRenewed/data/wavefake/generated_audio/common_voices_prompts_from_conformer_fastspeech2_pwg_ljspeech/gen_12732.wav,1,common_voices_prompts_from_conformer_fastspeech2_pwg_ljspeech,
train,__hf__,0,librispeech,27033
train,__hf__,0,librispeech,1270
train,/lambda/nfs/algovirginia/workspace/DeepfakeDetectionRenewed/data/vcc2020/audio/T28/task1/team28_intra-TEF2_SEM2_E30001.wav,1,VCC2020_T28,
train,__hf__,0,librispeech,4803
train,__hf__,0,librispeech,6963
train,/lambda/nfs/algovirginia/workspace/DeepfakeDetectionRenewed/data/vcc2020/audio/T29/task1/team29_intra-TEM1_SEF2_E30005.wav,1,VCC2020_T29,
train,/lambda/nfs/algovirginia/workspace/DeepfakeDetectionRenewed/data/wavefake/generated_audio/common_voices_prompts_from_conformer_fastspeech2_pwg_ljspeech/gen_14401.wav,1,common_voices_prompts_from_conformer_fastspeech2_pwg_ljspeech,
train,/lambda/nfs/algovirginia/workspace/DeepfakeDetectionRenewed/data/vcc2020/audio/T26/task1/team26_intra-TEF2_SEM2_E30001.wav,1,VCC2020_T26,
train,__hf__,0,librispeech,6006
train,__hf__,0,librispeech,21487
train,/lambda/nfs/algovirginia/workspace/DeepfakeDetectionRenewed/data/vcc2020/audio/T21/task1/team21_intra-TEM1_SEF2_E30005.wav,1,VCC2020_T21,
train,/lambda/nfs/algovirginia/workspace/DeepfakeDetectionRenewed/data/vcc2020/audio/T02/task1/team02_intra-TEF2_SEM1_E30004.wav,1,VCC2020_T02,
train,/lambda/nfs/algovirginia/workspace/DeepfakeDetectionRenewed/data/wavefake/generated_audio/ljspeech_full_band_melgan/LJ016-0166_gen.wav,1,ljspeech_full_band_melgan,
train,__hf__,0,librispeech,10419
train,__hf__,0,librispeech,26655
train,__hf__,0,librispeech,20113
train,/lambda/nfs/algovirginia/workspace/DeepfakeDetectionRenewed/data/vcc2020/audio/T08/task1/team08_intra-TEM2_SEM2_E30002.wav,1,VCC2020_T08,
train,/lambda/nfs/algovirginia/workspace/DeepfakeDetectionRenewed/data/vcc2020/audio/T29/task1/team29_intra-TEM1_SEM1_E30004.wav,1,VCC2020_T29,
train,/lambda/nfs/algovirginia/workspace/DeepfakeDetectionRenewed/data/vcc2020/audio/T09/task1/team09_intra-TEF1_SEM1_E30001.wav,1,VCC2020_T09,
train,__hf__,0,librispeech,15185
train,/lambda/nfs/algovirginia/workspace/DeepfakeDetectionRenewed/data/wavefake/generated_audio/common_voices_prompts_from_conformer_fastspeech2_pwg_ljspeech/gen_2175.wav,1,common_voices_prompts_from_conformer_fastspeech2_pwg_ljspeech,
train,/lambda/nfs/algovirginia/workspace/DeepfakeDetectionRenewed/data/wavefake/generated_audio/common_voices_prompts_from_conformer_fastspeech2_pwg_ljspeech/gen_6275.wav,1,common_voices_prompts_from_conformer_fastspeech2_pwg_ljspeech,
train,/lambda/nfs/algovirginia/workspace/DeepfakeDetectionRenewed/data/wavefake/generated_audio/common_voices_prompts_from_conformer_fastspeech2_pwg_ljspeech/gen_10271.wav,1,common_voices_prompts_from_conformer_fastspeech2_pwg_ljspeech,
train,/lambda/nfs/algovirginia/workspace/DeepfakeDetectionRenewed/data/vcc2020/audio/T11/task1/team11_intra-TEM2_SEF2_E30005.wav,1,VCC2020_T11,
train,/lambda/nfs/algovirginia/workspace/DeepfakeDetectionRenewed/data/wavefake/generated_audio/common_voices_prompts_from_conformer_fastspeech2_pwg_ljspeech/gen_10936.wav,1,common_voices_prompts_from_conformer_fastspeech2_pwg_ljspeech,
train,__hf__,0,librispeech,21405
train,__hf__,0,librispeech,7886
train,__hf__,0,librispeech,21808
train,/lambda/nfs/algovirginia/workspace/DeepfakeDetectionRenewed/data/wavefake/generated_audio/ljspeech_full_band_melgan/LJ001-0111_gen.wav,1,ljspeech_full_band_melgan,
train,__hf__,0,librispeech,10244
train,__hf__,0,librispeech,13786
train,/lambda/nfs/algovirginia/workspace/DeepfakeDetectionRenewed/data/wavefake/generated_audio/common_voices_prompts_from_conformer_fastspeech2_pwg_ljspeech/gen_2743.wav,1,common_voices_prompts_from_conformer_fastspeech2_pwg_ljspeech,
train,__hf__,0,librispeech,1742
train,__hf__,0,librispeech,5
train,/lambda/nfs/algovirginia/workspace/DeepfakeDetectionRenewed/data/wavefake/generated_audio/ljspeech_parallel_wavegan/LJ027-0138_gen.wav,1,ljspeech_parallel_wavegan,
train,/lambda/nfs/algovirginia/workspace/DeepfakeDetectionRenewed/data/wavefake/generated_audio/ljspeech_parallel_wavegan/LJ033-0173_gen.wav,1,ljspeech_parallel_wavegan,
train,__hf__,0,librispeech,25279
train,/lambda/nfs/algovirginia/workspace/DeepfakeDetectionRenewed/data/wavefake/generated_audio/ljspeech_full_band_melgan/LJ014-0312_gen.wav,1,ljspeech_full_band_melgan,
train,/lambda/nfs/algovirginia/workspace/DeepfakeDetectionRenewed/data/vcc2020/audio/T16/task1/team16_intra-TEM2_SEM2_E30003.wav,1,VCC2020_T16,
train,/lambda/nfs/algovirginia/workspace/DeepfakeDetectionRenewed/data/wavefake/generated_audio/ljspeech_hifiGAN/LJ022-0043_generated.wav,1,ljspeech_hifiGAN,
train,/lambda/nfs/algovirginia/workspace/DeepfakeDetectionRenewed/data/wavefake/generated_audio/ljspeech_hifiGAN/LJ022-0158_generated.wav,1,ljspeech_hifiGAN,
train,/lambda/nfs/algovirginia/workspace/DeepfakeDetectionRenewed/data/wavefake/generated_audio/common_voices_prompts_from_conformer_fastspeech2_pwg_ljspeech/gen_1099.wav,1,common_voices_prompts_from_conformer_fastspeech2_pwg_ljspeech,
train,/lambda/nfs/algovirginia/workspace/DeepfakeDetectionRenewed/data/wavefake/generated_audio/ljspeech_hifiGAN/LJ031-0203_generated.wav,1,ljspeech_hifiGAN,
train,__hf__,0,librispeech,4787
train,__hf__,0,librispeech,747
train,__hf__,0,librispeech,6333
train,__hf__,0,librispeech,4958
train,/lambda/nfs/algovirginia/workspace/DeepfakeDetectionRenewed/data/wavefake/generated_audio/ljspeech_hifiGAN/LJ019-0343_generated.wav,1,ljspeech_hifiGAN,
train,/lambda/nfs/algovirginia/workspace/DeepfakeDetectionRenewed/data/wavefake/generated_audio/ljspeech_full_band_melgan/LJ013-0020_gen.wav,1,ljspeech_full_band_melgan,
train,__hf__,0,librispeech,12294
train,/lambda/nfs/algovirginia/workspace/DeepfakeDetectionRenewed/data/wavefake/generated_audio/common_voices_prompts_from_conformer_fastspeech2_pwg_ljspeech/gen_15606.wav,1,common_voices_prompts_from_conformer_fastspeech2_pwg_ljspeech,
train,/lambda/nfs/algovirginia/workspace/DeepfakeDetectionRenewed/data/vcc2020/audio/T25/task1/team25_intra-TEM2_SEM1_E30001.wav,1,VCC2020_T25,
train,/lambda/nfs/algovirginia/workspace/DeepfakeDetectionRenewed/data/vcc2020/audio/T02/task1/team02_intra-TEM2_SEM1_E30001.wav,1,VCC2020_T02,
train,__hf__,0,librispeech,771
train,__hf__,0,librispeech,3738
train,__hf__,0,librispeech,4846
train,__hf__,0,librispeech,6924
train,__hf__,0,librispeech,27834
train,__hf__,0,librispeech,10473
train,/lambda/nfs/algovirginia/workspace/DeepfakeDetectionRenewed/data/wavefake/generated_audio/ljspeech_parallel_wavegan/LJ016-0154_gen.wav,1,ljspeech_parallel_wavegan,
train,/lambda/nfs/algovirginia/workspace/DeepfakeDetectionRenewed/data/vcc2020/audio/T19/task1/team19_intra-TEM1_SEM2_E30003.wav,1,VCC2020_T19,
train,/lambda/nfs/algovirginia/workspace/DeepfakeDetectionRenewed/data/wavefake/generated_audio/ljspeech_parallel_wavegan/LJ024-0020_gen.wav,1,ljspeech_parallel_wavegan,
train,/lambda/nfs/algovirginia/workspace/DeepfakeDetectionRenewed/data/wavefake/generated_audio/common_voices_prompts_from_conformer_fastspeech2_pwg_ljspeech/gen_14967.wav,1,common_voices_prompts_from_conformer_fastspeech2_pwg_ljspeech,
train,/lambda/nfs/algovirginia/workspace/DeepfakeDetectionRenewed/data/vcc2020/audio/T23/task1/team23_intra-TEM2_SEF2_E30004.wav,1,VCC2020_T23,
train,__hf__,0,librispeech,27858
train,__hf__,0,librispeech,22853
train,__hf__,0,librispeech,13259
train,__hf__,0,librispeech,4516
train,__hf__,0,librispeech,10048
train,__hf__,0,librispeech,21230
train,__hf__,0,librispeech,14600
train,__hf__,0,librispeech,8367
train,/lambda/nfs/algovirginia/workspace/DeepfakeDetectionRenewed/data/vcc2020/audio/T27/task1/team27_intra-TEM2_SEF1_E30003.wav,1,VCC2020_T27,
train,__hf__,0,librispeech,18011
train,/lambda/nfs/algovirginia/workspace/DeepfakeDetectionRenewed/data/vcc2020/audio/T10/task1/team10_intra-TEM2_SEM1_E30005.wav,1,VCC2020_T10,
train,/lambda/nfs/algovirginia/workspace/DeepfakeDetectionRenewed/data/wavefake/generated_audio/ljspeech_full_band_melgan/LJ019-0395_gen.wav,1,ljspeech_full_band_melgan,
train,__hf__,0,librispeech,258
train,__hf__,0,librispeech,28537
train,/lambda/nfs/algovirginia/workspace/DeepfakeDetectionRenewed/data/vcc2020/audio/T21/task1/team21_intra-TEF2_SEM1_E30003.wav,1,VCC2020_T21,
train,/lambda/nfs/algovirginia/workspace/DeepfakeDetectionRenewed/data/wavefake/generated_audio/common_voices_prompts_from_conformer_fastspeech2_pwg_ljspeech/gen_14801.wav,1,common_voices_prompts_from_conformer_fastspeech2_pwg_ljspeech,
train,/lambda/nfs/algovirginia/workspace/DeepfakeDetectionRenewed/data/wavefake/generated_audio/ljspeech_full_band_melgan/LJ016-0129_gen.wav,1,ljspeech_full_band_melgan,
train,/lambda/nfs/algovirginia/workspace/DeepfakeDetectionRenewed/data/vcc2020/audio/T19/task1/team19_intra-TEM1_SEF1_E30001.wav,1,VCC2020_T19,
train,/lambda/nfs/algovirginia/workspace/DeepfakeDetectionRenewed/data/vcc2020/audio/T03/task1/team03_intra-TEF1_SEF2_E30003.wav,1,VCC2020_T03,
train,/lambda/nfs/algovirginia/workspace/DeepfakeDetectionRenewed/data/vcc2020/audio/T24/task1/team24_intra-TEF1_SEF1_E30002.wav,1,VCC2020_T24,
train,__hf__,0,librispeech,15348
train,__hf__,0,librispeech,24215
train,/lambda/nfs/algovirginia/workspace/DeepfakeDetectionRenewed/data/vcc2020/audio/T17/task1/team17_intra-TEF2_SEM2_E30003.wav,1,VCC2020_T17,
train,__hf__,0,librispeech,27568
train,/lambda/nfs/algovirginia/workspace/DeepfakeDetectionRenewed/data/vcc2020/audio/T26/task1/team26_intra-TEM1_SEF2_E30001.wav,1,VCC2020_T26,
train,/lambda/nfs/algovirginia/workspace/DeepfakeDetectionRenewed/data/vcc2020/audio/T24/task1/team24_intra-TEM2_SEF2_E30002.wav,1,VCC2020_T24,
train,__hf__,0,librispeech,9646
train,__hf__,0,librispeech,25668
train,__hf__,0,librispeech,24815
train,/lambda/nfs/algovirginia/workspace/DeepfakeDetectionRenewed/data/wavefake/generated_audio/ljspeech_hifiGAN/LJ010-0189_generated.wav,1,ljspeech_hifiGAN,
train,__hf__,0,librispeech,12379
train,/lambda/nfs/algovirginia/workspace/DeepfakeDetectionRenewed/data/wavefake/generated_audio/common_voices_prompts_from_conformer_fastspeech2_pwg_ljspeech/gen_15629.wav,1,common_voices_prompts_from_conformer_fastspeech2_pwg_ljspeech,
train,__hf__,0,librispeech,5342
train,/lambda/nfs/algovirginia/workspace/DeepfakeDetectionRenewed/data/wavefake/generated_audio/ljspeech_parallel_wavegan/LJ018-0309_gen.wav,1,ljspeech_parallel_wavegan,
train,/lambda/nfs/algovirginia/workspace/DeepfakeDetectionRenewed/data/vcc2020/audio/T21/task1/team21_intra-TEF1_SEM2_E30004.wav,1,VCC2020_T21,
train,/lambda/nfs/algovirginia/workspace/DeepfakeDetectionRenewed/data/wavefake/generated_audio/common_voices_prompts_from_conformer_fastspeech2_pwg_ljspeech/gen_7387.wav,1,common_voices_prompts_from_conformer_fastspeech2_pwg_ljspeech,
train,/lambda/nfs/algovirginia/workspace/DeepfakeDetectionRenewed/data/wavefake/generated_audio/common_voices_prompts_from_conformer_fastspeech2_pwg_ljspeech/gen_4612.wav,1,common_voices_prompts_from_conformer_fastspeech2_pwg_ljspeech,
train,/lambda/nfs/algovirginia/workspace/DeepfakeDetectionRenewed/data/wavefake/generated_audio/ljspeech_hifiGAN/LJ022-0129_generated.wav,1,ljspeech_hifiGAN,
train,/lambda/nfs/algovirginia/workspace/DeepfakeDetectionRenewed/data/wavefake/generated_audio/ljspeech_hifiGAN/LJ014-0222_generated.wav,1,ljspeech_hifiGAN,
train,__hf__,0,librispeech,3270
train,__hf__,0,librispeech,3956
train,/lambda/nfs/algovirginia/workspace/DeepfakeDetectionRenewed/data/wavefake/generated_audio/ljspeech_parallel_wavegan/LJ022-0194_gen.wav,1,ljspeech_parallel_wavegan,
train,__hf__,0,librispeech,10587
train,/lambda/nfs/algovirginia/workspace/DeepfakeDetectionRenewed/data/wavefake/generated_audio/ljspeech_parallel_wavegan/LJ005-0173_gen.wav,1,ljspeech_parallel_wavegan,
train,__hf__,0,librispeech,18806
train,__hf__,0,librispeech,26890
train,/lambda/nfs/algovirginia/workspace/DeepfakeDetectionRenewed/data/wavefake/generated_audio/common_voices_prompts_from_conformer_fastspeech2_pwg_ljspeech/gen_6304.wav,1,common_voices_prompts_from_conformer_fastspeech2_pwg_ljspeech,
train,__hf__,0,librispeech,22816
train,__hf__,0,librispeech,6378
train,__hf__,0,librispeech,10227
train,__hf__,0,librispeech,2001
train,/lambda/nfs/algovirginia/workspace/DeepfakeDetectionRenewed/data/wavefake/generated_audio/common_voices_prompts_from_conformer_fastspeech2_pwg_ljspeech/gen_16211.wav,1,common_voices_prompts_from_conformer_fastspeech2_pwg_ljspeech,
train,/lambda/nfs/algovirginia/workspace/DeepfakeDetectionRenewed/data/wavefake/generated_audio/ljspeech_parallel_wavegan/LJ036-0199_gen.wav,1,ljspeech_parallel_wavegan,
train,__hf__,0,librispeech,817
train,__hf__,0,librispeech,19367
train,/lambda/nfs/algovirginia/workspace/DeepfakeDetectionRenewed/data/vcc2020/audio/T26/task1/team26_intra-TEF1_SEF2_E30005.wav,1,VCC2020_T26,
train,/lambda/nfs/algovirginia/workspace/DeepfakeDetectionRenewed/data/vcc2020/audio/T19/task1/team19_intra-TEF2_SEF2_E30004.wav,1,VCC2020_T19,
train,/lambda/nfs/algovirginia/workspace/DeepfakeDetectionRenewed/data/vcc2020/audio/T17/task1/team17_intra-TEM2_SEM1_E30003.wav,1,VCC2020_T17,
train,__hf__,0,librispeech,2018
train,__hf__,0,librispeech,13096
train,/lambda/nfs/algovirginia/workspace/DeepfakeDetectionRenewed/data/wavefake/generated_audio/ljspeech_parallel_wavegan/LJ009-0025_gen.wav,1,ljspeech_parallel_wavegan,
train,/lambda/nfs/algovirginia/workspace/DeepfakeDetectionRenewed/data/wavefake/generated_audio/ljspeech_hifiGAN/LJ039-0124_generated.wav,1,ljspeech_hifiGAN,
train,__hf__,0,librispeech,7600
train,__hf__,0,librispeech,19938
train,__hf__,0,librispeech,27139
train,/lambda/nfs/algovirginia/workspace/DeepfakeDetectionRenewed/data/vcc2020/audio/T23/task1/team23_intra-TEM2_SEM1_E30002.wav,1,VCC2020_T23,
train,__hf__,0,librispeech,4287
train,/lambda/nfs/algovirginia/workspace/DeepfakeDetectionRenewed/data/wavefake/generated_audio/ljspeech_parallel_wavegan/LJ001-0086_gen.wav,1,ljspeech_parallel_wavegan,
train,__hf__,0,librispeech,10239
train,/lambda/nfs/algovirginia/workspace/DeepfakeDetectionRenewed/data/vcc2020/audio/T32/task1/team32_intra-TEM2_SEF1_E30004.wav,1,VCC2020_T32,
train,__hf__,0,librispeech,4548
train,/lambda/nfs/algovirginia/workspace/DeepfakeDetectionRenewed/data/vcc2020/audio/T26/task1/team26_intra-TEF1_SEF1_E30004.wav,1,VCC2020_T26,
train,/lambda/nfs/algovirginia/workspace/DeepfakeDetectionRenewed/data/vcc2020/audio/T07/task1/team07_intra-TEF2_SEF2_E30003.wav,1,VCC2020_T07,
train,__hf__,0,librispeech,3577
train,/lambda/nfs/algovirginia/workspace/DeepfakeDetectionRenewed/data/wavefake/generated_audio/ljspeech_hifiGAN/LJ009-0126_generated.wav,1,ljspeech_hifiGAN,
train,/lambda/nfs/algovirginia/workspace/DeepfakeDetectionRenewed/data/vcc2020/audio/T28/task1/team28_intra-TEF2_SEM1_E30005.wav,1,VCC2020_T28,
train,/lambda/nfs/algovirginia/workspace/DeepfakeDetectionRenewed/data/wavefake/generated_audio/ljspeech_parallel_wavegan/LJ011-0124_gen.wav,1,ljspeech_parallel_wavegan,
train,/lambda/nfs/algovirginia/workspace/DeepfakeDetectionRenewed/data/wavefake/generated_audio/common_voices_prompts_from_conformer_fastspeech2_pwg_ljspeech/gen_14262.wav,1,common_voices_prompts_from_conformer_fastspeech2_pwg_ljspeech,
train,/lambda/nfs/algovirginia/workspace/DeepfakeDetectionRenewed/data/wavefake/generated_audio/ljspeech_full_band_melgan/LJ023-0035_gen.wav,1,ljspeech_full_band_melgan,
train,/lambda/nfs/algovirginia/workspace/DeepfakeDetectionRenewed/data/wavefake/generated_audio/ljspeech_full_band_melgan/LJ008-0204_gen.wav,1,ljspeech_full_band_melgan,
train,__hf__,0,librispeech,5785
train,__hf__,0,librispeech,13440
train,/lambda/nfs/algovirginia/workspace/DeepfakeDetectionRenewed/data/vcc2020/audio/T28/task1/team28_intra-TEM1_SEF1_E30003.wav,1,VCC2020_T28,
train,/lambda/nfs/algovirginia/workspace/DeepfakeDetectionRenewed/data/vcc2020/audio/T08/task1/team08_intra-TEF2_SEM2_E30002.wav,1,VCC2020_T08,
train,__hf__,0,librispeech,26500
train,__hf__,0,librispeech,326
train,__hf__,0,librispeech,17428
train,__hf__,0,librispeech,23781
train,__hf__,0,librispeech,9680
train,/lambda/nfs/algovirginia/workspace/DeepfakeDetectionRenewed/data/vcc2020/audio/T30/task1/team30_intra-TEF1_SEF1_E30005.wav,1,VCC2020_T30,
train,/lambda/nfs/algovirginia/workspace/DeepfakeDetectionRenewed/data/vcc2020/audio/T04/task1/team04_intra-TEM2_SEF1_E30001.wav,1,VCC2020_T04,
train,/lambda/nfs/algovirginia/workspace/DeepfakeDetectionRenewed/data/wavefake/generated_audio/common_voices_prompts_from_conformer_fastspeech2_pwg_ljspeech/gen_906.wav,1,common_voices_prompts_from_conformer_fastspeech2_pwg_ljspeech,
train,/lambda/nfs/algovirginia/workspace/DeepfakeDetectionRenewed/data/vcc2020/audio/T21/task1/team21_intra-TEM2_SEM1_E30005.wav,1,VCC2020_T21,
train,__hf__,0,librispeech,6499
train,__hf__,0,librispeech,19647
train,/lambda/nfs/algovirginia/workspace/DeepfakeDetectionRenewed/data/wavefake/generated_audio/ljspeech_full_band_melgan/LJ004-0203_gen.wav,1,ljspeech_full_band_melgan,
train,/lambda/nfs/algovirginia/workspace/DeepfakeDetectionRenewed/data/wavefake/generated_audio/ljspeech_full_band_melgan/LJ039-0029_gen.wav,1,ljspeech_full_band_melgan,
train,__hf__,0,librispeech,6996
train,__hf__,0,librispeech,24586
train,__hf__,0,librispeech,13201
train,/lambda/nfs/algovirginia/workspace/DeepfakeDetectionRenewed/data/wavefake/generated_audio/common_voices_prompts_from_conformer_fastspeech2_pwg_ljspeech/gen_13205.wav,1,common_voices_prompts_from_conformer_fastspeech2_pwg_ljspeech,
train,__hf__,0,librispeech,23299
train,__hf__,0,librispeech,4993
train,__hf__,0,librispeech,408
train,/lambda/nfs/algovirginia/workspace/DeepfakeDetectionRenewed/data/wavefake/generated_audio/ljspeech_full_band_melgan/LJ028-0185_gen.wav,1,ljspeech_full_band_melgan,
train,__hf__,0,librispeech,21127
train,__hf__,0,librispeech,16644
train,/lambda/nfs/algovirginia/workspace/DeepfakeDetectionRenewed/data/wavefake/generated_audio/ljspeech_full_band_melgan/LJ049-0039_gen.wav,1,ljspeech_full_band_melgan,
train,/lambda/nfs/algovirginia/workspace/DeepfakeDetectionRenewed/data/wavefake/generated_audio/ljspeech_hifiGAN/LJ007-0201_generated.wav,1,ljspeech_hifiGAN,
train,__hf__,0,librispeech,18918
train,/lambda/nfs/algovirginia/workspace/DeepfakeDetectionRenewed/data/wavefake/generated_audio/ljspeech_full_band_melgan/LJ019-0027_gen.wav,1,ljspeech_full_band_melgan,
train,__hf__,0,librispeech,3729
train,/lambda/nfs/algovirginia/workspace/DeepfakeDetectionRenewed/data/vcc2020/audio/T22/task1/team22_intra-TEM2_SEF1_E30001.wav,1,VCC2020_T22,
train,__hf__,0,librispeech,28258
train,/lambda/nfs/algovirginia/workspace/DeepfakeDetectionRenewed/data/vcc2020/audio/T06/task1/team06_intra-TEM1_SEF2_E30003.wav,1,VCC2020_T06,
train,/lambda/nfs/algovirginia/workspace/DeepfakeDetectionRenewed/data/vcc2020/audio/T04/task1/team04_intra-TEF2_SEF2_E30004.wav,1,VCC2020_T04,
train,__hf__,0,librispeech,16542
train,/lambda/nfs/algovirginia/workspace/DeepfakeDetectionRenewed/data/wavefake/generated_audio/ljspeech_hifiGAN/LJ036-0076_generated.wav,1,ljspeech_hifiGAN,
train,/lambda/nfs/algovirginia/workspace/DeepfakeDetectionRenewed/data/vcc2020/audio/T22/task1/team22_intra-TEF1_SEM2_E30001.wav,1,VCC2020_T22,
train,__hf__,0,librispeech,16428
train,/lambda/nfs/algovirginia/workspace/DeepfakeDetectionRenewed/data/vcc2020/audio/T09/task1/team09_intra-TEM2_SEM2_E30002.wav,1,VCC2020_T09,
train,__hf__,0,librispeech,7142
train,__hf__,0,librispeech,25245
train,/lambda/nfs/algovirginia/workspace/DeepfakeDetectionRenewed/data/vcc2020/audio/T18/task1/team18_intra-TEM2_SEF2_E30002.wav,1,VCC2020_T18,
train,__hf__,0,librispeech,9859
train,/lambda/nfs/algovirginia/workspace/DeepfakeDetectionRenewed/data/vcc2020/audio/T13/task1/team13_intra-TEF2_SEM2_E30003.wav,1,VCC2020_T13,
train,__hf__,0,librispeech,14097
train,/lambda/nfs/algovirginia/workspace/DeepfakeDetectionRenewed/data/wavefake/generated_audio/ljspeech_full_band_melgan/LJ020-0076_gen.wav,1,ljspeech_full_band_melgan,
train,__hf__,0,librispeech,11613
train,/lambda/nfs/algovirginia/workspace/DeepfakeDetectionRenewed/data/wavefake/generated_audio/ljspeech_parallel_wavegan/LJ002-0059_gen.wav,1,ljspeech_parallel_wavegan,
train,/lambda/nfs/algovirginia/workspace/DeepfakeDetectionRenewed/data/wavefake/generated_audio/ljspeech_parallel_wavegan/LJ013-0088_gen.wav,1,ljspeech_parallel_wavegan,
train,/lambda/nfs/algovirginia/workspace/DeepfakeDetectionRenewed/data/vcc2020/audio/T18/task1/team18_intra-TEM2_SEM1_E30003.wav,1,VCC2020_T18,
train,__hf__,0,librispeech,17445
train,/lambda/nfs/algovirginia/workspace/DeepfakeDetectionRenewed/data/vcc2020/audio/T09/task1/team09_intra-TEM2_SEM1_E30001.wav,1,VCC2020_T09,
train,/lambda/nfs/algovirginia/workspace/DeepfakeDetectionRenewed/data/wavefake/generated_audio/ljspeech_full_band_melgan/LJ044-0109_gen.wav,1,ljspeech_full_band_melgan,
train,/lambda/nfs/algovirginia/workspace/DeepfakeDetectionRenewed/data/wavefake/generated_audio/common_voices_prompts_from_conformer_fastspeech2_pwg_ljspeech/gen_11563.wav,1,common_voices_prompts_from_conformer_fastspeech2_pwg_ljspeech,
train,__hf__,0,librispeech,8326
train,__hf__,0,librispeech,17091
train,__hf__,0,librispeech,11333
train,/lambda/nfs/algovirginia/workspace/DeepfakeDetectionRenewed/data/wavefake/generated_audio/ljspeech_hifiGAN/LJ040-0192_generated.wav,1,ljspeech_hifiGAN,
train,__hf__,0,librispeech,13278
train,/lambda/nfs/algovirginia/workspace/DeepfakeDetectionRenewed/data/wavefake/generated_audio/ljspeech_full_band_melgan/LJ017-0220_gen.wav,1,ljspeech_full_band_melgan,
train,/lambda/nfs/algovirginia/workspace/DeepfakeDetectionRenewed/data/vcc2020/audio/T27/task1/team27_intra-TEM1_SEM1_E30004.wav,1,VCC2020_T27,
train,/lambda/nfs/algovirginia/workspace/DeepfakeDetectionRenewed/data/vcc2020/audio/T28/task1/team28_intra-TEF2_SEF1_E30002.wav,1,VCC2020_T28,
train,__hf__,0,librispeech,14954
train,__hf__,0,librispeech,21966
train,/lambda/nfs/algovirginia/workspace/DeepfakeDetectionRenewed/data/vcc2020/audio/T10/task1/team10_intra-TEM1_SEF1_E30002.wav,1,VCC2020_T10,
train,/lambda/nfs/algovirginia/workspace/DeepfakeDetectionRenewed/data/vcc2020/audio/T19/task1/team19_intra-TEF2_SEM2_E30005.wav,1,VCC2020_T19,
train,/lambda/nfs/algovirginia/workspace/DeepfakeDetectionRenewed/data/vcc2020/audio/T16/task1/team16_intra-TEF2_SEF1_E30001.wav,1,VCC2020_T16,
train,/lambda/nfs/algovirginia/workspace/DeepfakeDetectionRenewed/data/vcc2020/audio/T18/task1/team18_intra-TEF1_SEM2_E30002.wav,1,VCC2020_T18,
train,__hf__,0,librispeech,12597
train,__hf__,0,librispeech,8058
train,/lambda/nfs/algovirginia/workspace/DeepfakeDetectionRenewed/data/wavefake/generated_audio/ljspeech_hifiGAN/LJ028-0398_generated.wav,1,ljspeech_hifiGAN,
train,__hf__,0,librispeech,19937
train,/lambda/nfs/algovirginia/workspace/DeepfakeDetectionRenewed/data/vcc2020/audio/T18/task1/team18_intra-TEM1_SEM1_E30005.wav,1,VCC2020_T18,
train,__hf__,0,librispeech,3405
train,__hf__,0,librispeech,12703
train,/lambda/nfs/algovirginia/workspace/DeepfakeDetectionRenewed/data/wavefake/generated_audio/common_voices_prompts_from_conformer_fastspeech2_pwg_ljspeech/gen_587.wav,1,common_voices_prompts_from_conformer_fastspeech2_pwg_ljspeech,
train,__hf__,0,librispeech,12156
train,/lambda/nfs/algovirginia/workspace/DeepfakeDetectionRenewed/data/vcc2020/audio/T14/task1/team14_intra-TEM2_SEF2_E30003.wav,1,VCC2020_T14,
train,/lambda/nfs/algovirginia/workspace/DeepfakeDetectionRenewed/data/wavefake/generated_audio/ljspeech_parallel_wavegan/LJ002-0176_gen.wav,1,ljspeech_parallel_wavegan,
train,/lambda/nfs/algovirginia/workspace/DeepfakeDetectionRenewed/data/vcc2020/audio/T33/task1/team33_intra-TEF1_SEF2_E30004.wav,1,VCC2020_T33,
train,/lambda/nfs/algovirginia/workspace/DeepfakeDetectionRenewed/data/vcc2020/audio/T20/task1/team20_intra-TEM1_SEF2_E30003.wav,1,VCC2020_T20,
train,/lambda/nfs/algovirginia/workspace/DeepfakeDetectionRenewed/data/vcc2020/audio/T33/task1/team33_intra-TEF1_SEM1_E30001.wav,1,VCC2020_T33,
train,/lambda/nfs/algovirginia/workspace/DeepfakeDetectionRenewed/data/vcc2020/audio/T16/task1/team16_intra-TEM2_SEM1_E30003.wav,1,VCC2020_T16,
train,/lambda/nfs/algovirginia/workspace/DeepfakeDetectionRenewed/data/wavefake/generated_audio/ljspeech_hifiGAN/LJ032-0094_generated.wav,1,ljspeech_hifiGAN,
train,__hf__,0,librispeech,19879
train,__hf__,0,librispeech,7525
train,__hf__,0,librispeech,16844
train,/lambda/nfs/algovirginia/workspace/DeepfakeDetectionRenewed/data/wavefake/generated_audio/common_voices_prompts_from_conformer_fastspeech2_pwg_ljspeech/gen_14710.wav,1,common_voices_prompts_from_conformer_fastspeech2_pwg_ljspeech,
train,/lambda/nfs/algovirginia/workspace/DeepfakeDetectionRenewed/data/wavefake/generated_audio/ljspeech_full_band_melgan/LJ047-0013_gen.wav,1,ljspeech_full_band_melgan,
train,/lambda/nfs/algovirginia/workspace/DeepfakeDetectionRenewed/data/wavefake/generated_audio/ljspeech_hifiGAN/LJ050-0180_generated.wav,1,ljspeech_hifiGAN,
train,/lambda/nfs/algovirginia/workspace/DeepfakeDetectionRenewed/data/wavefake/generated_audio/common_voices_prompts_from_conformer_fastspeech2_pwg_ljspeech/gen_5037.wav,1,common_voices_prompts_from_conformer_fastspeech2_pwg_ljspeech,
train,/lambda/nfs/algovirginia/workspace/DeepfakeDetectionRenewed/data/wavefake/generated_audio/ljspeech_hifiGAN/LJ022-0139_generated.wav,1,ljspeech_hifiGAN,
train,/lambda/nfs/algovirginia/workspace/DeepfakeDetectionRenewed/data/wavefake/generated_audio/ljspeech_parallel_wavegan/LJ031-0194_gen.wav,1,ljspeech_parallel_wavegan,
train,/lambda/nfs/algovirginia/workspace/DeepfakeDetectionRenewed/data/wavefake/generated_audio/common_voices_prompts_from_conformer_fastspeech2_pwg_ljspeech/gen_5155.wav,1,common_voices_prompts_from_conformer_fastspeech2_pwg_ljspeech,
train,__hf__,0,librispeech,201
train,__hf__,0,librispeech,2785
train,/lambda/nfs/algovirginia/workspace/DeepfakeDetectionRenewed/data/wavefake/generated_audio/ljspeech_hifiGAN/LJ040-0020_generated.wav,1,ljspeech_hifiGAN,
train,__hf__,0,librispeech,11280
train,__hf__,0,librispeech,3883
train,/lambda/nfs/algovirginia/workspace/DeepfakeDetectionRenewed/data/wavefake/generated_audio/common_voices_prompts_from_conformer_fastspeech2_pwg_ljspeech/gen_15368.wav,1,common_voices_prompts_from_conformer_fastspeech2_pwg_ljspeech,
train,/lambda/nfs/algovirginia/workspace/DeepfakeDetectionRenewed/data/wavefake/generated_audio/ljspeech_hifiGAN/LJ019-0363_generated.wav,1,ljspeech_hifiGAN,
train,/lambda/nfs/algovirginia/workspace/DeepfakeDetectionRenewed/data/vcc2020/audio/T31/task1/team31_intra-TEM2_SEM2_E30005.wav,1,VCC2020_T31,
train,__hf__,0,librispeech,1761
train,__hf__,0,librispeech,15198
train,__hf__,0,librispeech,3674
train,__hf__,0,librispeech,20296
train,/lambda/nfs/algovirginia/workspace/DeepfakeDetectionRenewed/data/vcc2020/audio/T09/task1/team09_intra-TEF1_SEF2_E30001.wav,1,VCC2020_T09,
train,/lambda/nfs/algovirginia/workspace/DeepfakeDetectionRenewed/data/vcc2020/audio/T27/task1/team27_intra-TEM2_SEF2_E30004.wav,1,VCC2020_T27,
train,/lambda/nfs/algovirginia/workspace/DeepfakeDetectionRenewed/data/vcc2020/audio/T13/task1/team13_intra-TEF1_SEM2_E30002.wav,1,VCC2020_T13,
train,__hf__,0,librispeech,11489
train,/lambda/nfs/algovirginia/workspace/DeepfakeDetectionRenewed/data/wavefake/generated_audio/ljspeech_hifiGAN/LJ016-0213_generated.wav,1,ljspeech_hifiGAN,
train,/lambda/nfs/algovirginia/workspace/DeepfakeDetectionRenewed/data/vcc2020/audio/T21/task1/team21_intra-TEM1_SEM1_E30005.wav,1,VCC2020_T21,
train,__hf__,0,librispeech,25034
train,/lambda/nfs/algovirginia/workspace/DeepfakeDetectionRenewed/data/wavefake/generated_audio/ljspeech_hifiGAN/LJ031-0031_generated.wav,1,ljspeech_hifiGAN,
train,__hf__,0,librispeech,1418
train,/lambda/nfs/algovirginia/workspace/DeepfakeDetectionRenewed/data/wavefake/generated_audio/ljspeech_parallel_wavegan/LJ001-0016_gen.wav,1,ljspeech_parallel_wavegan,
train,__hf__,0,librispeech,10100
train,__hf__,0,librispeech,12782
train,/lambda/nfs/algovirginia/workspace/DeepfakeDetectionRenewed/data/vcc2020/audio/T28/task1/team28_intra-TEM2_SEF2_E30002.wav,1,VCC2020_T28,
train,__hf__,0,librispeech,9758
train,__hf__,0,librispeech,22242
train,/lambda/nfs/algovirginia/workspace/DeepfakeDetectionRenewed/data/vcc2020/audio/T11/task1/team11_intra-TEM2_SEM1_E30001.wav,1,VCC2020_T11,
train,/lambda/nfs/algovirginia/workspace/DeepfakeDetectionRenewed/data/wavefake/generated_audio/ljspeech_parallel_wavegan/LJ046-0081_gen.wav,1,ljspeech_parallel_wavegan,
train,__hf__,0,librispeech,13840
train,__hf__,0,librispeech,7934
train,/lambda/nfs/algovirginia/workspace/DeepfakeDetectionRenewed/data/wavefake/generated_audio/ljspeech_full_band_melgan/LJ050-0274_gen.wav,1,ljspeech_full_band_melgan,
train,__hf__,0,librispeech,8495
train,__hf__,0,librispeech,16298
train,__hf__,0,librispeech,12442
train,__hf__,0,librispeech,9652
train,__hf__,0,librispeech,23756
train,__hf__,0,librispeech,18828
train,/lambda/nfs/algovirginia/workspace/DeepfakeDetectionRenewed/data/wavefake/generated_audio/ljspeech_hifiGAN/LJ041-0151_generated.wav,1,ljspeech_hifiGAN,
train,/lambda/nfs/algovirginia/workspace/DeepfakeDetectionRenewed/data/wavefake/generated_audio/ljspeech_parallel_wavegan/LJ008-0050_gen.wav,1,ljspeech_parallel_wavegan,
train,/lambda/nfs/algovirginia/workspace/DeepfakeDetectionRenewed/data/wavefake/generated_audio/ljspeech_full_band_melgan/LJ030-0074_gen.wav,1,ljspeech_full_band_melgan,
train,/lambda/nfs/algovirginia/workspace/DeepfakeDetectionRenewed/data/wavefake/generated_audio/common_voices_prompts_from_conformer_fastspeech2_pwg_ljspeech/gen_5211.wav,1,common_voices_prompts_from_conformer_fastspeech2_pwg_ljspeech,
train,__hf__,0,librispeech,10585
train,__hf__,0,librispeech,21565
train,__hf__,0,librispeech,1231
train,__hf__,0,librispeech,11438
train,/lambda/nfs/algovirginia/workspace/DeepfakeDetectionRenewed/data/vcc2020/audio/T04/task1/team04_intra-TEF2_SEF1_E30001.wav,1,VCC2020_T04,
train,__hf__,0,librispeech,4071
train,/lambda/nfs/algovirginia/workspace/DeepfakeDetectionRenewed/data/vcc2020/audio/T28/task1/team28_intra-TEF1_SEF1_E30004.wav,1,VCC2020_T28,
train,__hf__,0,librispeech,3340
train,/lambda/nfs/algovirginia/workspace/DeepfakeDetectionRenewed/data/wavefake/generated_audio/common_voices_prompts_from_conformer_fastspeech2_pwg_ljspeech/gen_10943.wav,1,common_voices_prompts_from_conformer_fastspeech2_pwg_ljspeech,
train,/lambda/nfs/algovirginia/workspace/DeepfakeDetectionRenewed/data/wavefake/generated_audio/ljspeech_parallel_wavegan/LJ013-0092_gen.wav,1,ljspeech_parallel_wavegan,
train,__hf__,0,librispeech,23127
train,__hf__,0,librispeech,16243
train,/lambda/nfs/algovirginia/workspace/DeepfakeDetectionRenewed/data/vcc2020/audio/T32/task1/team32_intra-TEM1_SEF1_E30002.wav,1,VCC2020_T32,
train,__hf__,0,librispeech,21501
train,__hf__,0,librispeech,14910
train,__hf__,0,librispeech,27093
train,__hf__,0,librispeech,26297
train,__hf__,0,librispeech,3070
train,__hf__,0,librispeech,14956
train,/lambda/nfs/algovirginia/workspace/DeepfakeDetectionRenewed/data/vcc2020/audio/T10/task1/team10_intra-TEM1_SEM1_E30002.wav,1,VCC2020_T10,
train,/lambda/nfs/algovirginia/workspace/DeepfakeDetectionRenewed/data/vcc2020/audio/T13/task1/team13_intra-TEF2_SEF2_E30002.wav,1,VCC2020_T13,
train,__hf__,0,librispeech,5421
train,__hf__,0,librispeech,17318
train,__hf__,0,librispeech,8958
train,__hf__,0,librispeech,20800
train,__hf__,0,librispeech,6837
train,/lambda/nfs/algovirginia/workspace/DeepfakeDetectionRenewed/data/vcc2020/audio/T14/task1/team14_intra-TEM2_SEF1_E30005.wav,1,VCC2020_T14,
train,/lambda/nfs/algovirginia/workspace/DeepfakeDetectionRenewed/data/vcc2020/audio/T21/task1/team21_intra-TEF2_SEM1_E30005.wav,1,VCC2020_T21,
train,__hf__,0,librispeech,14827
train,__hf__,0,librispeech,9561
train,__hf__,0,librispeech,6344
train,__hf__,0,librispeech,27843
train,/lambda/nfs/algovirginia/workspace/DeepfakeDetectionRenewed/data/wavefake/generated_audio/common_voices_prompts_from_conformer_fastspeech2_pwg_ljspeech/gen_7740.wav,1,common_voices_prompts_from_conformer_fastspeech2_pwg_ljspeech,
train,/lambda/nfs/algovirginia/workspace/DeepfakeDetectionRenewed/data/vcc2020/audio/T11/task1/team11_intra-TEM2_SEF2_E30004.wav,1,VCC2020_T11,
train,/lambda/nfs/algovirginia/workspace/DeepfakeDetectionRenewed/data/wavefake/generated_audio/ljspeech_full_band_melgan/LJ023-0037_gen.wav,1,ljspeech_full_band_melgan,
train,/lambda/nfs/algovirginia/workspace/DeepfakeDetectionRenewed/data/vcc2020/audio/T07/task1/team07_intra-TEM2_SEF1_E30001.wav,1,VCC2020_T07,
train,__hf__,0,librispeech,13723
train,__hf__,0,librispeech,1165
train,/lambda/nfs/algovirginia/workspace/DeepfakeDetectionRenewed/data/vcc2020/audio/T32/task1/team32_intra-TEF1_SEM2_E30005.wav,1,VCC2020_T32,
train,__hf__,0,librispeech,16826
train,__hf__,0,librispeech,12255
train,/lambda/nfs/algovirginia/workspace/DeepfakeDetectionRenewed/data/vcc2020/audio/T26/task1/team26_intra-TEM1_SEF1_E30005.wav,1,VCC2020_T26,
train,/lambda/nfs/algovirginia/workspace/DeepfakeDetectionRenewed/data/vcc2020/audio/T18/task1/team18_intra-TEF1_SEF2_E30001.wav,1,VCC2020_T18,
train,/lambda/nfs/algovirginia/workspace/DeepfakeDetectionRenewed/data/wavefake/generated_audio/ljspeech_hifiGAN/LJ041-0126_generated.wav,1,ljspeech_hifiGAN,
train,__hf__,0,librispeech,28458
train,/lambda/nfs/algovirginia/workspace/DeepfakeDetectionRenewed/data/vcc2020/audio/T08/task1/team08_intra-TEF2_SEM2_E30003.wav,1,VCC2020_T08,
train,/lambda/nfs/algovirginia/workspace/DeepfakeDetectionRenewed/data/vcc2020/audio/T17/task1/team17_intra-TEM1_SEF2_E30003.wav,1,VCC2020_T17,
train,__hf__,0,librispeech,6480
train,__hf__,0,librispeech,13892
train,__hf__,0,librispeech,26612
train,__hf__,0,librispeech,21340
train,/lambda/nfs/algovirginia/workspace/DeepfakeDetectionRenewed/data/vcc2020/audio/T08/task1/team08_intra-TEM1_SEF2_E30003.wav,1,VCC2020_T08,
train,/lambda/nfs/algovirginia/workspace/DeepfakeDetectionRenewed/data/vcc2020/audio/T12/task1/team12_intra-TEM1_SEF2_E30002.wav,1,VCC2020_T12,
train,__hf__,0,librispeech,5157
train,__hf__,0,librispeech,12502
train,__hf__,0,librispeech,2749
train,/lambda/nfs/algovirginia/workspace/DeepfakeDetectionRenewed/data/vcc2020/audio/T21/task1/team21_intra-TEM2_SEF1_E30003.wav,1,VCC2020_T21,
train,/lambda/nfs/algovirginia/workspace/DeepfakeDetectionRenewed/data/vcc2020/audio/T26/task1/team26_intra-TEM2_SEM2_E30001.wav,1,VCC2020_T26,
train,/lambda/nfs/algovirginia/workspace/DeepfakeDetectionRenewed/data/vcc2020/audio/T25/task1/team25_intra-TEF2_SEF2_E30005.wav,1,VCC2020_T25,
train,/lambda/nfs/algovirginia/workspace/DeepfakeDetectionRenewed/data/vcc2020/audio/T21/task1/team21_intra-TEF2_SEF2_E30003.wav,1,VCC2020_T21,
train,__hf__,0,librispeech,24917
train,/lambda/nfs/algovirginia/workspace/DeepfakeDetectionRenewed/data/vcc2020/audio/T11/task1/team11_intra-TEM1_SEM1_E30002.wav,1,VCC2020_T11,
train,__hf__,0,librispeech,8820
train,/lambda/nfs/algovirginia/workspace/DeepfakeDetectionRenewed/data/wavefake/generated_audio/common_voices_prompts_from_conformer_fastspeech2_pwg_ljspeech/gen_10901.wav,1,common_voices_prompts_from_conformer_fastspeech2_pwg_ljspeech,
train,/lambda/nfs/algovirginia/workspace/DeepfakeDetectionRenewed/data/vcc2020/audio/T21/task1/team21_intra-TEM2_SEF2_E30002.wav,1,VCC2020_T21,
train,/lambda/nfs/algovirginia/workspace/DeepfakeDetectionRenewed/data/wavefake/generated_audio/ljspeech_parallel_wavegan/LJ035-0037_gen.wav,1,ljspeech_parallel_wavegan,
train,/lambda/nfs/algovirginia/workspace/DeepfakeDetectionRenewed/data/vcc2020/audio/T02/task1/team02_intra-TEM1_SEM2_E30004.wav,1,VCC2020_T02,
train,/lambda/nfs/algovirginia/workspace/DeepfakeDetectionRenewed/data/vcc2020/audio/T14/task1/team14_intra-TEF1_SEF2_E30003.wav,1,VCC2020_T14,
train,/lambda/nfs/algovirginia/workspace/DeepfakeDetectionRenewed/data/wavefake/generated_audio/ljspeech_parallel_wavegan/LJ019-0204_gen.wav,1,ljspeech_parallel_wavegan,
train,/lambda/nfs/algovirginia/workspace/DeepfakeDetectionRenewed/data/wavefake/generated_audio/ljspeech_hifiGAN/LJ012-0133_generated.wav,1,ljspeech_hifiGAN,
train,/lambda/nfs/algovirginia/workspace/DeepfakeDetectionRenewed/data/wavefake/generated_audio/common_voices_prompts_from_conformer_fastspeech2_pwg_ljspeech/gen_11948.wav,1,common_voices_prompts_from_conformer_fastspeech2_pwg_ljspeech,
train,/lambda/nfs/algovirginia/workspace/DeepfakeDetectionRenewed/data/vcc2020/audio/T04/task1/team04_intra-TEM2_SEM1_E30002.wav,1,VCC2020_T04,
train,/lambda/nfs/algovirginia/workspace/DeepfakeDetectionRenewed/data/wavefake/generated_audio/ljspeech_full_band_melgan/LJ047-0054_gen.wav,1,ljspeech_full_band_melgan,
train,__hf__,0,librispeech,12649
train,__hf__,0,librispeech,13490
train,__hf__,0,librispeech,27398
train,/lambda/nfs/algovirginia/workspace/DeepfakeDetectionRenewed/data/vcc2020/audio/T27/task1/team27_intra-TEM2_SEM2_E30001.wav,1,VCC2020_T27,
train,/lambda/nfs/algovirginia/workspace/DeepfakeDetectionRenewed/data/vcc2020/audio/T08/task1/team08_intra-TEM1_SEM1_E30005.wav,1,VCC2020_T08,
train,__hf__,0,librispeech,11015
train,/lambda/nfs/algovirginia/workspace/DeepfakeDetectionRenewed/data/wavefake/generated_audio/ljspeech_full_band_melgan/LJ038-0234_gen.wav,1,ljspeech_full_band_melgan,
train,/lambda/nfs/algovirginia/workspace/DeepfakeDetectionRenewed/data/vcc2020/audio/T24/task1/team24_intra-TEF1_SEF2_E30005.wav,1,VCC2020_T24,
train,/lambda/nfs/algovirginia/workspace/DeepfakeDetectionRenewed/data/vcc2020/audio/T21/task1/team21_intra-TEF1_SEM2_E30005.wav,1,VCC2020_T21,
train,/lambda/nfs/algovirginia/workspace/DeepfakeDetectionRenewed/data/vcc2020/audio/T26/task1/team26_intra-TEM2_SEM1_E30001.wav,1,VCC2020_T26,
train,__hf__,0,librispeech,25004
train,__hf__,0,librispeech,22471
train,/lambda/nfs/algovirginia/workspace/DeepfakeDetectionRenewed/data/wavefake/generated_audio/ljspeech_parallel_wavegan/LJ028-0487_gen.wav,1,ljspeech_parallel_wavegan,
train,/lambda/nfs/algovirginia/workspace/DeepfakeDetectionRenewed/data/wavefake/generated_audio/ljspeech_hifiGAN/LJ026-0074_generated.wav,1,ljspeech_hifiGAN,
train,__hf__,0,librispeech,12696
train,__hf__,0,librispeech,21246
train,__hf__,0,librispeech,24320
train,/lambda/nfs/algovirginia/workspace/DeepfakeDetectionRenewed/data/vcc2020/audio/T23/task1/team23_intra-TEF1_SEF1_E30001.wav,1,VCC2020_T23,
train,/lambda/nfs/algovirginia/workspace/DeepfakeDetectionRenewed/data/wavefake/generated_audio/ljspeech_hifiGAN/LJ015-0273_generated.wav,1,ljspeech_hifiGAN,
train,/lambda/nfs/algovirginia/workspace/DeepfakeDetectionRenewed/data/vcc2020/audio/T24/task1/team24_intra-TEM1_SEF2_E30003.wav,1,VCC2020_T24,
train,__hf__,0,librispeech,437
train,/lambda/nfs/algovirginia/workspace/DeepfakeDetectionRenewed/data/vcc2020/audio/T01/task1/team01_intra-TEM1_SEM1_E30005.wav,1,VCC2020_T01,
train,__hf__,0,librispeech,15933
train,__hf__,0,librispeech,9517
train,__hf__,0,librispeech,10784
train,/lambda/nfs/algovirginia/workspace/DeepfakeDetectionRenewed/data/wavefake/generated_audio/ljspeech_hifiGAN/LJ043-0126_generated.wav,1,ljspeech_hifiGAN,
train,/lambda/nfs/algovirginia/workspace/DeepfakeDetectionRenewed/data/wavefake/generated_audio/ljspeech_parallel_wavegan/LJ019-0249_gen.wav,1,ljspeech_parallel_wavegan,
train,/lambda/nfs/algovirginia/workspace/DeepfakeDetectionRenewed/data/wavefake/generated_audio/common_voices_prompts_from_conformer_fastspeech2_pwg_ljspeech/gen_3029.wav,1,common_voices_prompts_from_conformer_fastspeech2_pwg_ljspeech,
train,__hf__,0,librispeech,16345
train,/lambda/nfs/algovirginia/workspace/DeepfakeDetectionRenewed/data/vcc2020/audio/T01/task1/team01_intra-TEF1_SEF2_E30002.wav,1,VCC2020_T01,
train,/lambda/nfs/algovirginia/workspace/DeepfakeDetectionRenewed/data/vcc2020/audio/T07/task1/team07_intra-TEF1_SEF2_E30001.wav,1,VCC2020_T07,
train,__hf__,0,librispeech,19198
train,__hf__,0,librispeech,3482
train,__hf__,0,librispeech,6559
train,__hf__,0,librispeech,26017
train,__hf__,0,librispeech,13937
train,/lambda/nfs/algovirginia/workspace/DeepfakeDetectionRenewed/data/wavefake/generated_audio/ljspeech_full_band_melgan/LJ031-0127_gen.wav,1,ljspeech_full_band_melgan,
train,/lambda/nfs/algovirginia/workspace/DeepfakeDetectionRenewed/data/vcc2020/audio/T08/task1/team08_intra-TEF2_SEF1_E30003.wav,1,VCC2020_T08,
train,__hf__,0,librispeech,7610
train,__hf__,0,librispeech,15547
train,/lambda/nfs/algovirginia/workspace/DeepfakeDetectionRenewed/data/vcc2020/audio/T25/task1/team25_intra-TEM2_SEM1_E30002.wav,1,VCC2020_T25,
train,/lambda/nfs/algovirginia/workspace/DeepfakeDetectionRenewed/data/vcc2020/audio/T08/task1/team08_intra-TEF1_SEF1_E30003.wav,1,VCC2020_T08,
train,__hf__,0,librispeech,8640
train,__hf__,0,librispeech,6042
train,__hf__,0,librispeech,22146
train,/lambda/nfs/algovirginia/workspace/DeepfakeDetectionRenewed/data/vcc2020/audio/T32/task1/team32_intra-TEF2_SEF1_E30001.wav,1,VCC2020_T32,
train,__hf__,0,librispeech,14920
train,/lambda/nfs/algovirginia/workspace/DeepfakeDetectionRenewed/data/vcc2020/audio/T19/task1/team19_intra-TEM2_SEF2_E30004.wav,1,VCC2020_T19,
train,/lambda/nfs/algovirginia/workspace/DeepfakeDetectionRenewed/data/wavefake/generated_audio/ljspeech_parallel_wavegan/LJ050-0148_gen.wav,1,ljspeech_parallel_wavegan,
train,/lambda/nfs/algovirginia/workspace/DeepfakeDetectionRenewed/data/wavefake/generated_audio/ljspeech_parallel_wavegan/LJ015-0089_gen.wav,1,ljspeech_parallel_wavegan,
train,__hf__,0,librispeech,16033
train,/lambda/nfs/algovirginia/workspace/DeepfakeDetectionRenewed/data/wavefake/generated_audio/ljspeech_full_band_melgan/LJ043-0014_gen.wav,1,ljspeech_full_band_melgan,
train,/lambda/nfs/algovirginia/workspace/DeepfakeDetectionRenewed/data/vcc2020/audio/T12/task1/team12_intra-TEF2_SEM2_E30001.wav,1,VCC2020_T12,
train,__hf__,0,librispeech,6423
train,/lambda/nfs/algovirginia/workspace/DeepfakeDetectionRenewed/data/vcc2020/audio/T26/task1/team26_intra-TEM1_SEM2_E30005.wav,1,VCC2020_T26,
train,__hf__,0,librispeech,2537
train,/lambda/nfs/algovirginia/workspace/DeepfakeDetectionRenewed/data/wavefake/generated_audio/ljspeech_full_band_melgan/LJ046-0087_gen.wav,1,ljspeech_full_band_melgan,
train,/lambda/nfs/algovirginia/workspace/DeepfakeDetectionRenewed/data/wavefake/generated_audio/ljspeech_full_band_melgan/LJ031-0119_gen.wav,1,ljspeech_full_band_melgan,
train,__hf__,0,librispeech,1103
train,__hf__,0,librispeech,8221
train,__hf__,0,librispeech,12071
train,__hf__,0,librispeech,18388
train,__hf__,0,librispeech,26410
train,__hf__,0,librispeech,21664
train,__hf__,0,librispeech,10780
train,__hf__,0,librispeech,22579
train,/lambda/nfs/algovirginia/workspace/DeepfakeDetectionRenewed/data/vcc2020/audio/T25/task1/team25_intra-TEF2_SEF1_E30003.wav,1,VCC2020_T25,
train,__hf__,0,librispeech,23390
train,/lambda/nfs/algovirginia/workspace/DeepfakeDetectionRenewed/data/vcc2020/audio/T13/task1/team13_intra-TEF2_SEM1_E30004.wav,1,VCC2020_T13,
train,/lambda/nfs/algovirginia/workspace/DeepfakeDetectionRenewed/data/wavefake/generated_audio/ljspeech_hifiGAN/LJ046-0180_generated.wav,1,ljspeech_hifiGAN,
train,__hf__,0,librispeech,13948
train,/lambda/nfs/algovirginia/workspace/DeepfakeDetectionRenewed/data/vcc2020/audio/T10/task1/team10_intra-TEM1_SEM1_E30005.wav,1,VCC2020_T10,
train,__hf__,0,librispeech,7168
train,/lambda/nfs/algovirginia/workspace/DeepfakeDetectionRenewed/data/wavefake/generated_audio/common_voices_prompts_from_conformer_fastspeech2_pwg_ljspeech/gen_11141.wav,1,common_voices_prompts_from_conformer_fastspeech2_pwg_ljspeech,
train,__hf__,0,librispeech,3353
train,/lambda/nfs/algovirginia/workspace/DeepfakeDetectionRenewed/data/vcc2020/audio/T02/task1/team02_intra-TEF2_SEF1_E30005.wav,1,VCC2020_T02,
train,/lambda/nfs/algovirginia/workspace/DeepfakeDetectionRenewed/data/wavefake/generated_audio/ljspeech_full_band_melgan/LJ005-0283_gen.wav,1,ljspeech_full_band_melgan,
train,/lambda/nfs/algovirginia/workspace/DeepfakeDetectionRenewed/data/vcc2020/audio/T31/task1/team31_intra-TEM2_SEF1_E30003.wav,1,VCC2020_T31,
train,__hf__,0,librispeech,5061
train,/lambda/nfs/algovirginia/workspace/DeepfakeDetectionRenewed/data/wavefake/generated_audio/ljspeech_parallel_wavegan/LJ028-0339_gen.wav,1,ljspeech_parallel_wavegan,
train,__hf__,0,librispeech,27806
train,__hf__,0,librispeech,26220
train,__hf__,0,librispeech,16705
train,__hf__,0,librispeech,3866
train,/lambda/nfs/algovirginia/workspace/DeepfakeDetectionRenewed/data/vcc2020/audio/T13/task1/team13_intra-TEM1_SEF2_E30003.wav,1,VCC2020_T13,
train,__hf__,0,librispeech,18587
train,__hf__,0,librispeech,1060
train,/lambda/nfs/algovirginia/workspace/DeepfakeDetectionRenewed/data/wavefake/generated_audio/ljspeech_hifiGAN/LJ032-0219_generated.wav,1,ljspeech_hifiGAN,
train,/lambda/nfs/algovirginia/workspace/DeepfakeDetectionRenewed/data/wavefake/generated_audio/ljspeech_parallel_wavegan/LJ015-0190_gen.wav,1,ljspeech_parallel_wavegan,
train,/lambda/nfs/algovirginia/workspace/DeepfakeDetectionRenewed/data/wavefake/generated_audio/common_voices_prompts_from_conformer_fastspeech2_pwg_ljspeech/gen_4438.wav,1,common_voices_prompts_from_conformer_fastspeech2_pwg_ljspeech,
train,__hf__,0,librispeech,24925
train,__hf__,0,librispeech,12223
train,/lambda/nfs/algovirginia/workspace/DeepfakeDetectionRenewed/data/wavefake/generated_audio/common_voices_prompts_from_conformer_fastspeech2_pwg_ljspeech/gen_13022.wav,1,common_voices_prompts_from_conformer_fastspeech2_pwg_ljspeech,
train,/lambda/nfs/algovirginia/workspace/DeepfakeDetectionRenewed/data/wavefake/generated_audio/ljspeech_hifiGAN/LJ013-0172_generated.wav,1,ljspeech_hifiGAN,
train,/lambda/nfs/algovirginia/workspace/DeepfakeDetectionRenewed/data/wavefake/generated_audio/ljspeech_hifiGAN/LJ018-0383_generated.wav,1,ljspeech_hifiGAN,
train,/lambda/nfs/algovirginia/workspace/DeepfakeDetectionRenewed/data/wavefake/generated_audio/ljspeech_full_band_melgan/LJ016-0337_gen.wav,1,ljspeech_full_band_melgan,
train,/lambda/nfs/algovirginia/workspace/DeepfakeDetectionRenewed/data/vcc2020/audio/T04/task1/team04_intra-TEF1_SEF2_E30005.wav,1,VCC2020_T04,
train,__hf__,0,librispeech,26638
train,__hf__,0,librispeech,2639
train,/lambda/nfs/algovirginia/workspace/DeepfakeDetectionRenewed/data/vcc2020/audio/T20/task1/team20_intra-TEF2_SEF1_E30001.wav,1,VCC2020_T20,
train,__hf__,0,librispeech,8049
train,/lambda/nfs/algovirginia/workspace/DeepfakeDetectionRenewed/data/wavefake/generated_audio/common_voices_prompts_from_conformer_fastspeech2_pwg_ljspeech/gen_14895.wav,1,common_voices_prompts_from_conformer_fastspeech2_pwg_ljspeech,
train,/lambda/nfs/algovirginia/workspace/DeepfakeDetectionRenewed/data/wavefake/generated_audio/ljspeech_hifiGAN/LJ036-0135_generated.wav,1,ljspeech_hifiGAN,
train,__hf__,0,librispeech,12667
train,__hf__,0,librispeech,27270
train,__hf__,0,librispeech,23468
train,/lambda/nfs/algovirginia/workspace/DeepfakeDetectionRenewed/data/vcc2020/audio/T01/task1/team01_intra-TEF1_SEF1_E30004.wav,1,VCC2020_T01,
train,/lambda/nfs/algovirginia/workspace/DeepfakeDetectionRenewed/data/wavefake/generated_audio/common_voices_prompts_from_conformer_fastspeech2_pwg_ljspeech/gen_12799.wav,1,common_voices_prompts_from_conformer_fastspeech2_pwg_ljspeech,
train,__hf__,0,librispeech,4155
train,__hf__,0,librispeech,9616
train,__hf__,0,librispeech,5912
train,__hf__,0,librispeech,13894
train,__hf__,0,librispeech,15242
train,/lambda/nfs/algovirginia/workspace/DeepfakeDetectionRenewed/data/vcc2020/audio/T18/task1/team18_intra-TEM1_SEF1_E30004.wav,1,VCC2020_T18,
train,__hf__,0,librispeech,21644
train,/lambda/nfs/algovirginia/workspace/DeepfakeDetectionRenewed/data/vcc2020/audio/T24/task1/team24_intra-TEF1_SEM1_E30002.wav,1,VCC2020_T24,
train,/lambda/nfs/algovirginia/workspace/DeepfakeDetectionRenewed/data/wavefake/generated_audio/common_voices_prompts_from_conformer_fastspeech2_pwg_ljspeech/gen_6440.wav,1,common_voices_prompts_from_conformer_fastspeech2_pwg_ljspeech,
train,__hf__,0,librispeech,9341
train,__hf__,0,librispeech,8341
train,/lambda/nfs/algovirginia/workspace/DeepfakeDetectionRenewed/data/vcc2020/audio/T27/task1/team27_intra-TEF1_SEF1_E30001.wav,1,VCC2020_T27,
train,/lambda/nfs/algovirginia/workspace/DeepfakeDetectionRenewed/data/vcc2020/audio/T25/task1/team25_intra-TEM1_SEM1_E30003.wav,1,VCC2020_T25,
train,__hf__,0,librispeech,4580
train,__hf__,0,librispeech,6923
train,__hf__,0,librispeech,6729
train,/lambda/nfs/algovirginia/workspace/DeepfakeDetectionRenewed/data/vcc2020/audio/T06/task1/team06_intra-TEF2_SEM1_E30001.wav,1,VCC2020_T06,
train,__hf__,0,librispeech,3870
train,__hf__,0,librispeech,1294
train,__hf__,0,librispeech,11484
train,__hf__,0,librispeech,5632
train,/lambda/nfs/algovirginia/workspace/DeepfakeDetectionRenewed/data/vcc2020/audio/T23/task1/team23_intra-TEM1_SEM2_E30004.wav,1,VCC2020_T23,
train,__hf__,0,librispeech,10685
train,/lambda/nfs/algovirginia/workspace/DeepfakeDetectionRenewed/data/vcc2020/audio/T09/task1/team09_intra-TEM1_SEM2_E30005.wav,1,VCC2020_T09,
train,__hf__,0,librispeech,13592
train,__hf__,0,librispeech,6609
train,__hf__,0,librispeech,16805
train,/lambda/nfs/algovirginia/workspace/DeepfakeDetectionRenewed/data/wavefake/generated_audio/ljspeech_hifiGAN/LJ015-0190_generated.wav,1,ljspeech_hifiGAN,
train,__hf__,0,librispeech,26625
train,/lambda/nfs/algovirginia/workspace/DeepfakeDetectionRenewed/data/wavefake/generated_audio/common_voices_prompts_from_conformer_fastspeech2_pwg_ljspeech/gen_11286.wav,1,common_voices_prompts_from_conformer_fastspeech2_pwg_ljspeech,
train,__hf__,0,librispeech,7005
train,/lambda/nfs/algovirginia/workspace/DeepfakeDetectionRenewed/data/wavefake/generated_audio/common_voices_prompts_from_conformer_fastspeech2_pwg_ljspeech/gen_15597.wav,1,common_voices_prompts_from_conformer_fastspeech2_pwg_ljspeech,
train,/lambda/nfs/algovirginia/workspace/DeepfakeDetectionRenewed/data/wavefake/generated_audio/ljspeech_parallel_wavegan/LJ041-0176_gen.wav,1,ljspeech_parallel_wavegan,
train,/lambda/nfs/algovirginia/workspace/DeepfakeDetectionRenewed/data/vcc2020/audio/T33/task1/team33_intra-TEF1_SEF1_E30005.wav,1,VCC2020_T33,
train,/lambda/nfs/algovirginia/workspace/DeepfakeDetectionRenewed/data/vcc2020/audio/T33/task1/team33_intra-TEM1_SEM1_E30002.wav,1,VCC2020_T33,
train,/lambda/nfs/algovirginia/workspace/DeepfakeDetectionRenewed/data/wavefake/generated_audio/ljspeech_full_band_melgan/LJ032-0074_gen.wav,1,ljspeech_full_band_melgan,
train,__hf__,0,librispeech,28179
train,/lambda/nfs/algovirginia/workspace/DeepfakeDetectionRenewed/data/wavefake/generated_audio/ljspeech_parallel_wavegan/LJ010-0310_gen.wav,1,ljspeech_parallel_wavegan,
train,__hf__,0,librispeech,25771
train,/lambda/nfs/algovirginia/workspace/DeepfakeDetectionRenewed/data/wavefake/generated_audio/ljspeech_full_band_melgan/LJ005-0050_gen.wav,1,ljspeech_full_band_melgan,
train,__hf__,0,librispeech,1312
train,__hf__,0,librispeech,14514
train,__hf__,0,librispeech,5533
train,/lambda/nfs/algovirginia/workspace/DeepfakeDetectionRenewed/data/vcc2020/audio/T21/task1/team21_intra-TEM1_SEF1_E30003.wav,1,VCC2020_T21,
train,__hf__,0,librispeech,26087
train,__hf__,0,librispeech,10162
train,__hf__,0,librispeech,26257
train,__hf__,0,librispeech,8332
train,/lambda/nfs/algovirginia/workspace/DeepfakeDetectionRenewed/data/vcc2020/audio/T03/task1/team03_intra-TEM1_SEF1_E30001.wav,1,VCC2020_T03,
train,/lambda/nfs/algovirginia/workspace/DeepfakeDetectionRenewed/data/vcc2020/audio/T26/task1/team26_intra-TEM2_SEM1_E30004.wav,1,VCC2020_T26,
train,__hf__,0,librispeech,24163
train,__hf__,0,librispeech,20469
train,__hf__,0,librispeech,1148
train,__hf__,0,librispeech,11522
train,/lambda/nfs/algovirginia/workspace/DeepfakeDetectionRenewed/data/vcc2020/audio/T33/task1/team33_intra-TEF1_SEM2_E30004.wav,1,VCC2020_T33,
train,__hf__,0,librispeech,13625
train,__hf__,0,librispeech,17209
train,__hf__,0,librispeech,13970
train,/lambda/nfs/algovirginia/workspace/DeepfakeDetectionRenewed/data/vcc2020/audio/T08/task1/team08_intra-TEF1_SEM2_E30002.wav,1,VCC2020_T08,
train,__hf__,0,librispeech,28502
train,__hf__,0,librispeech,15232
train,__hf__,0,librispeech,234
train,__hf__,0,librispeech,24566
train,/lambda/nfs/algovirginia/workspace/DeepfakeDetectionRenewed/data/vcc2020/audio/T14/task1/team14_intra-TEM1_SEF2_E30001.wav,1,VCC2020_T14,
train,/lambda/nfs/algovirginia/workspace/DeepfakeDetectionRenewed/data/wavefake/generated_audio/ljspeech_hifiGAN/LJ004-0063_generated.wav,1,ljspeech_hifiGAN,
train,/lambda/nfs/algovirginia/workspace/DeepfakeDetectionRenewed/data/vcc2020/audio/T10/task1/team10_intra-TEM2_SEM1_E30002.wav,1,VCC2020_T10,
train,__hf__,0,librispeech,10528
train,__hf__,0,librispeech,6858
train,/lambda/nfs/algovirginia/workspace/DeepfakeDetectionRenewed/data/vcc2020/audio/T07/task1/team07_intra-TEM2_SEF2_E30001.wav,1,VCC2020_T07,
train,__hf__,0,librispeech,27136
train,__hf__,0,librispeech,24709
train,__hf__,0,librispeech,10813
train,__hf__,0,librispeech,5824
train,/lambda/nfs/algovirginia/workspace/DeepfakeDetectionRenewed/data/wavefake/generated_audio/ljspeech_full_band_melgan/LJ018-0273_gen.wav,1,ljspeech_full_band_melgan,
train,/lambda/nfs/algovirginia/workspace/DeepfakeDetectionRenewed/data/wavefake/generated_audio/ljspeech_parallel_wavegan/LJ021-0055_gen.wav,1,ljspeech_parallel_wavegan,
train,/lambda/nfs/algovirginia/workspace/DeepfakeDetectionRenewed/data/wavefake/generated_audio/ljspeech_full_band_melgan/LJ035-0022_gen.wav,1,ljspeech_full_band_melgan,
train,/lambda/nfs/algovirginia/workspace/DeepfakeDetectionRenewed/data/wavefake/generated_audio/common_voices_prompts_from_conformer_fastspeech2_pwg_ljspeech/gen_613.wav,1,common_voices_prompts_from_conformer_fastspeech2_pwg_ljspeech,
train,__hf__,0,librispeech,18039
train,/lambda/nfs/algovirginia/workspace/DeepfakeDetectionRenewed/data/wavefake/generated_audio/ljspeech_parallel_wavegan/LJ039-0072_gen.wav,1,ljspeech_parallel_wavegan,
train,/lambda/nfs/algovirginia/workspace/DeepfakeDetectionRenewed/data/wavefake/generated_audio/ljspeech_full_band_melgan/LJ030-0223_gen.wav,1,ljspeech_full_band_melgan,
train,/lambda/nfs/algovirginia/workspace/DeepfakeDetectionRenewed/data/vcc2020/audio/T07/task1/team07_intra-TEM1_SEF2_E30005.wav,1,VCC2020_T07,
train,__hf__,0,librispeech,13090
train,/lambda/nfs/algovirginia/workspace/DeepfakeDetectionRenewed/data/wavefake/generated_audio/common_voices_prompts_from_conformer_fastspeech2_pwg_ljspeech/gen_10971.wav,1,common_voices_prompts_from_conformer_fastspeech2_pwg_ljspeech,
train,__hf__,0,librispeech,9926
train,__hf__,0,librispeech,25731
train,/lambda/nfs/algovirginia/workspace/DeepfakeDetectionRenewed/data/vcc2020/audio/T01/task1/team01_intra-TEM1_SEM1_E30001.wav,1,VCC2020_T01,
train,__hf__,0,librispeech,18534
train,__hf__,0,librispeech,2506
train,__hf__,0,librispeech,2603
train,__hf__,0,librispeech,23064
train,/lambda/nfs/algovirginia/workspace/DeepfakeDetectionRenewed/data/vcc2020/audio/T13/task1/team13_intra-TEF1_SEM1_E30005.wav,1,VCC2020_T13,
train,__hf__,0,librispeech,26709
train,/lambda/nfs/algovirginia/workspace/DeepfakeDetectionRenewed/data/vcc2020/audio/T07/task1/team07_intra-TEM1_SEM1_E30001.wav,1,VCC2020_T07,
train,/lambda/nfs/algovirginia/workspace/DeepfakeDetectionRenewed/data/wavefake/generated_audio/ljspeech_parallel_wavegan/LJ023-0025_gen.wav,1,ljspeech_parallel_wavegan,
train,__hf__,0,librispeech,11420
train,__hf__,0,librispeech,21432
train,/lambda/nfs/algovirginia/workspace/DeepfakeDetectionRenewed/data/vcc2020/audio/T17/task1/team17_intra-TEM1_SEF2_E30004.wav,1,VCC2020_T17,
train,__hf__,0,librispeech,13404
train,__hf__,0,librispeech,21300
train,__hf__,0,librispeech,5694
train,__hf__,0,librispeech,18144
train,__hf__,0,librispeech,23176
train,/lambda/nfs/algovirginia/workspace/DeepfakeDetectionRenewed/data/wavefake/generated_audio/ljspeech_hifiGAN/LJ029-0071_generated.wav,1,ljspeech_hifiGAN,
train,__hf__,0,librispeech,468
train,/lambda/nfs/algovirginia/workspace/DeepfakeDetectionRenewed/data/vcc2020/audio/T24/task1/team24_intra-TEM1_SEF1_E30005.wav,1,VCC2020_T24,
train,__hf__,0,librispeech,15723
train,/lambda/nfs/algovirginia/workspace/DeepfakeDetectionRenewed/data/wavefake/generated_audio/ljspeech_full_band_melgan/LJ008-0207_gen.wav,1,ljspeech_full_band_melgan,
train,/lambda/nfs/algovirginia/workspace/DeepfakeDetectionRenewed/data/vcc2020/audio/T26/task1/team26_intra-TEM2_SEF2_E30003.wav,1,VCC2020_T26,
train,/lambda/nfs/algovirginia/workspace/DeepfakeDetectionRenewed/data/wavefake/generated_audio/common_voices_prompts_from_conformer_fastspeech2_pwg_ljspeech/gen_12186.wav,1,common_voices_prompts_from_conformer_fastspeech2_pwg_ljspeech,
train,__hf__,0,librispeech,8066
train,__hf__,0,librispeech,24314
train,__hf__,0,librispeech,21721
train,__hf__,0,librispeech,1019
train,/lambda/nfs/algovirginia/workspace/DeepfakeDetectionRenewed/data/vcc2020/audio/T06/task1/team06_intra-TEM2_SEM2_E30003.wav,1,VCC2020_T06,
train,__hf__,0,librispeech,11486
train,/lambda/nfs/algovirginia/workspace/DeepfakeDetectionRenewed/data/wavefake/generated_audio/ljspeech_hifiGAN/LJ011-0112_generated.wav,1,ljspeech_hifiGAN,
train,/lambda/nfs/algovirginia/workspace/DeepfakeDetectionRenewed/data/vcc2020/audio/T02/task1/team02_intra-TEF1_SEM2_E30001.wav,1,VCC2020_T02,
train,__hf__,0,librispeech,13334
train,/lambda/nfs/algovirginia/workspace/DeepfakeDetectionRenewed/data/wavefake/generated_audio/ljspeech_full_band_melgan/LJ037-0259_gen.wav,1,ljspeech_full_band_melgan,
train,__hf__,0,librispeech,24255
train,__hf__,0,librispeech,14421
train,/lambda/nfs/algovirginia/workspace/DeepfakeDetectionRenewed/data/wavefake/generated_audio/ljspeech_full_band_melgan/LJ001-0126_gen.wav,1,ljspeech_full_band_melgan,
train,/lambda/nfs/algovirginia/workspace/DeepfakeDetectionRenewed/data/wavefake/generated_audio/ljspeech_hifiGAN/LJ037-0108_generated.wav,1,ljspeech_hifiGAN,
train,/lambda/nfs/algovirginia/workspace/DeepfakeDetectionRenewed/data/wavefake/generated_audio/ljspeech_parallel_wavegan/LJ040-0090_gen.wav,1,ljspeech_parallel_wavegan,
train,__hf__,0,librispeech,3365
train,__hf__,0,librispeech,1598
train,__hf__,0,librispeech,22159
train,__hf__,0,librispeech,1893
train,__hf__,0,librispeech,270
train,__hf__,0,librispeech,22293
train,/lambda/nfs/algovirginia/workspace/DeepfakeDetectionRenewed/data/vcc2020/audio/T18/task1/team18_intra-TEF2_SEF1_E30004.wav,1,VCC2020_T18,
train,__hf__,0,librispeech,7932
train,__hf__,0,librispeech,4334
train,__hf__,0,librispeech,4613
train,/lambda/nfs/algovirginia/workspace/DeepfakeDetectionRenewed/data/vcc2020/audio/T24/task1/team24_intra-TEM1_SEM2_E30003.wav,1,VCC2020_T24,
train,/lambda/nfs/algovirginia/workspace/DeepfakeDetectionRenewed/data/vcc2020/audio/T06/task1/team06_intra-TEF1_SEF1_E30002.wav,1,VCC2020_T06,
train,__hf__,0,librispeech,25637
train,/lambda/nfs/algovirginia/workspace/DeepfakeDetectionRenewed/data/vcc2020/audio/T06/task1/team06_intra-TEF2_SEM2_E30001.wav,1,VCC2020_T06,
train,__hf__,0,librispeech,3126
train,__hf__,0,librispeech,5028
train,__hf__,0,librispeech,7000
train,/lambda/nfs/algovirginia/workspace/DeepfakeDetectionRenewed/data/wavefake/generated_audio/common_voices_prompts_from_conformer_fastspeech2_pwg_ljspeech/gen_4226.wav,1,common_voices_prompts_from_conformer_fastspeech2_pwg_ljspeech,
train,/lambda/nfs/algovirginia/workspace/DeepfakeDetectionRenewed/data/wavefake/generated_audio/common_voices_prompts_from_conformer_fastspeech2_pwg_ljspeech/gen_4474.wav,1,common_voices_prompts_from_conformer_fastspeech2_pwg_ljspeech,
train,/lambda/nfs/algovirginia/workspace/DeepfakeDetectionRenewed/data/wavefake/generated_audio/ljspeech_parallel_wavegan/LJ029-0194_gen.wav,1,ljspeech_parallel_wavegan,
train,/lambda/nfs/algovirginia/workspace/DeepfakeDetectionRenewed/data/wavefake/generated_audio/ljspeech_parallel_wavegan/LJ032-0207_gen.wav,1,ljspeech_parallel_wavegan,
train,/lambda/nfs/algovirginia/workspace/DeepfakeDetectionRenewed/data/vcc2020/audio/T18/task1/team18_intra-TEF2_SEF1_E30002.wav,1,VCC2020_T18,
train,__hf__,0,librispeech,25052
train,__hf__,0,librispeech,9914
train,__hf__,0,librispeech,17871
train,__hf__,0,librispeech,18499
train,/lambda/nfs/algovirginia/workspace/DeepfakeDetectionRenewed/data/wavefake/generated_audio/ljspeech_parallel_wavegan/LJ004-0101_gen.wav,1,ljspeech_parallel_wavegan,
train,/lambda/nfs/algovirginia/workspace/DeepfakeDetectionRenewed/data/wavefake/generated_audio/ljspeech_parallel_wavegan/LJ009-0117_gen.wav,1,ljspeech_parallel_wavegan,
train,__hf__,0,librispeech,5134
train,/lambda/nfs/algovirginia/workspace/DeepfakeDetectionRenewed/data/wavefake/generated_audio/common_voices_prompts_from_conformer_fastspeech2_pwg_ljspeech/gen_9612.wav,1,common_voices_prompts_from_conformer_fastspeech2_pwg_ljspeech,
train,/lambda/nfs/algovirginia/workspace/DeepfakeDetectionRenewed/data/wavefake/generated_audio/common_voices_prompts_from_conformer_fastspeech2_pwg_ljspeech/gen_6697.wav,1,common_voices_prompts_from_conformer_fastspeech2_pwg_ljspeech,
train,/lambda/nfs/algovirginia/workspace/DeepfakeDetectionRenewed/data/vcc2020/audio/T09/task1/team09_intra-TEM2_SEM2_E30004.wav,1,VCC2020_T09,
train,/lambda/nfs/algovirginia/workspace/DeepfakeDetectionRenewed/data/wavefake/generated_audio/ljspeech_hifiGAN/LJ017-0052_generated.wav,1,ljspeech_hifiGAN,
train,/lambda/nfs/algovirginia/workspace/DeepfakeDetectionRenewed/data/vcc2020/audio/T20/task1/team20_intra-TEF2_SEM2_E30002.wav,1,VCC2020_T20,
train,/lambda/nfs/algovirginia/workspace/DeepfakeDetectionRenewed/data/wavefake/generated_audio/ljspeech_parallel_wavegan/LJ042-0026_gen.wav,1,ljspeech_parallel_wavegan,
train,__hf__,0,librispeech,9433
train,/lambda/nfs/algovirginia/workspace/DeepfakeDetectionRenewed/data/vcc2020/audio/T10/task1/team10_intra-TEM1_SEF1_E30003.wav,1,VCC2020_T10,
train,/lambda/nfs/algovirginia/workspace/DeepfakeDetectionRenewed/data/wavefake/generated_audio/ljspeech_hifiGAN/LJ026-0037_generated.wav,1,ljspeech_hifiGAN,
train,/lambda/nfs/algovirginia/workspace/DeepfakeDetectionRenewed/data/wavefake/generated_audio/ljspeech_hifiGAN/LJ012-0128_generated.wav,1,ljspeech_hifiGAN,
train,/lambda/nfs/algovirginia/workspace/DeepfakeDetectionRenewed/data/vcc2020/audio/T08/task1/team08_intra-TEM2_SEM1_E30002.wav,1,VCC2020_T08,
train,__hf__,0,librispeech,14316
train,/lambda/nfs/algovirginia/workspace/DeepfakeDetectionRenewed/data/vcc2020/audio/T03/task1/team03_intra-TEM1_SEF1_E30002.wav,1,VCC2020_T03,
train,/lambda/nfs/algovirginia/workspace/DeepfakeDetectionRenewed/data/vcc2020/audio/T02/task1/team02_intra-TEF2_SEF2_E30002.wav,1,VCC2020_T02,
train,/lambda/nfs/algovirginia/workspace/DeepfakeDetectionRenewed/data/wavefake/generated_audio/common_voices_prompts_from_conformer_fastspeech2_pwg_ljspeech/gen_15511.wav,1,common_voices_prompts_from_conformer_fastspeech2_pwg_ljspeech,
train,__hf__,0,librispeech,2818
train,__hf__,0,librispeech,27872
train,__hf__,0,librispeech,20101
train,__hf__,0,librispeech,12041
train,/lambda/nfs/algovirginia/workspace/DeepfakeDetectionRenewed/data/vcc2020/audio/T13/task1/team13_intra-TEM1_SEM1_E30003.wav,1,VCC2020_T13,
train,/lambda/nfs/algovirginia/workspace/DeepfakeDetectionRenewed/data/wavefake/generated_audio/ljspeech_full_band_melgan/LJ046-0113_gen.wav,1,ljspeech_full_band_melgan,
train,__hf__,0,librispeech,622
train,/lambda/nfs/algovirginia/workspace/DeepfakeDetectionRenewed/data/wavefake/generated_audio/ljspeech_parallel_wavegan/LJ047-0155_gen.wav,1,ljspeech_parallel_wavegan,
train,/lambda/nfs/algovirginia/workspace/DeepfakeDetectionRenewed/data/vcc2020/audio/T28/task1/team28_intra-TEF2_SEF2_E30002.wav,1,VCC2020_T28,
train,__hf__,0,librispeech,24984
train,/lambda/nfs/algovirginia/workspace/DeepfakeDetectionRenewed/data/vcc2020/audio/T26/task1/team26_intra-TEF1_SEM2_E30004.wav,1,VCC2020_T26,
train,/lambda/nfs/algovirginia/workspace/DeepfakeDetectionRenewed/data/wavefake/generated_audio/common_voices_prompts_from_conformer_fastspeech2_pwg_ljspeech/gen_10942.wav,1,common_voices_prompts_from_conformer_fastspeech2_pwg_ljspeech,
train,/lambda/nfs/algovirginia/workspace/DeepfakeDetectionRenewed/data/wavefake/generated_audio/ljspeech_hifiGAN/LJ048-0051_generated.wav,1,ljspeech_hifiGAN,
train,/lambda/nfs/algovirginia/workspace/DeepfakeDetectionRenewed/data/wavefake/generated_audio/common_voices_prompts_from_conformer_fastspeech2_pwg_ljspeech/gen_10472.wav,1,common_voices_prompts_from_conformer_fastspeech2_pwg_ljspeech,
train,__hf__,0,librispeech,27381
train,/lambda/nfs/algovirginia/workspace/DeepfakeDetectionRenewed/data/vcc2020/audio/T10/task1/team10_intra-TEM2_SEM1_E30003.wav,1,VCC2020_T10,
train,/lambda/nfs/algovirginia/workspace/DeepfakeDetectionRenewed/data/wavefake/generated_audio/ljspeech_hifiGAN/LJ029-0175_generated.wav,1,ljspeech_hifiGAN,
train,__hf__,0,librispeech,18776
train,__hf__,0,librispeech,18396
train,/lambda/nfs/algovirginia/workspace/DeepfakeDetectionRenewed/data/vcc2020/audio/T07/task1/team07_intra-TEF2_SEF1_E30001.wav,1,VCC2020_T07,
train,/lambda/nfs/algovirginia/workspace/DeepfakeDetectionRenewed/data/vcc2020/audio/T09/task1/team09_intra-TEM1_SEF1_E30004.wav,1,VCC2020_T09,
train,__hf__,0,librispeech,23260
train,__hf__,0,librispeech,28489
train,/lambda/nfs/algovirginia/workspace/DeepfakeDetectionRenewed/data/vcc2020/audio/T09/task1/team09_intra-TEF2_SEF1_E30002.wav,1,VCC2020_T09,
train,/lambda/nfs/algovirginia/workspace/DeepfakeDetectionRenewed/data/vcc2020/audio/T30/task1/team30_intra-TEM1_SEF2_E30004.wav,1,VCC2020_T30,
train,__hf__,0,librispeech,21632
train,__hf__,0,librispeech,17527
train,__hf__,0,librispeech,23213
train,__hf__,0,librispeech,13300
train,__hf__,0,librispeech,11230
train,__hf__,0,librispeech,435
train,/lambda/nfs/algovirginia/workspace/DeepfakeDetectionRenewed/data/vcc2020/audio/T11/task1/team11_intra-TEF1_SEM1_E30004.wav,1,VCC2020_T11,
train,__hf__,0,librispeech,11316
train,/lambda/nfs/algovirginia/workspace/DeepfakeDetectionRenewed/data/wavefake/generated_audio/ljspeech_parallel_wavegan/LJ033-0091_gen.wav,1,ljspeech_parallel_wavegan,
train,/lambda/nfs/algovirginia/workspace/DeepfakeDetectionRenewed/data/vcc2020/audio/T23/task1/team23_intra-TEF2_SEF2_E30001.wav,1,VCC2020_T23,
train,/lambda/nfs/algovirginia/workspace/DeepfakeDetectionRenewed/data/wavefake/generated_audio/ljspeech_hifiGAN/LJ014-0038_generated.wav,1,ljspeech_hifiGAN,
train,/lambda/nfs/algovirginia/workspace/DeepfakeDetectionRenewed/data/wavefake/generated_audio/common_voices_prompts_from_conformer_fastspeech2_pwg_ljspeech/gen_261.wav,1,common_voices_prompts_from_conformer_fastspeech2_pwg_ljspeech,
train,/lambda/nfs/algovirginia/workspace/DeepfakeDetectionRenewed/data/wavefake/generated_audio/ljspeech_hifiGAN/LJ011-0293_generated.wav,1,ljspeech_hifiGAN,
train,/lambda/nfs/algovirginia/workspace/DeepfakeDetectionRenewed/data/wavefake/generated_audio/ljspeech_hifiGAN/LJ041-0083_generated.wav,1,ljspeech_hifiGAN,
train,/lambda/nfs/algovirginia/workspace/DeepfakeDetectionRenewed/data/vcc2020/audio/T28/task1/team28_intra-TEM2_SEM2_E30003.wav,1,VCC2020_T28,
train,/lambda/nfs/algovirginia/workspace/DeepfakeDetectionRenewed/data/vcc2020/audio/T20/task1/team20_intra-TEM1_SEM1_E30003.wav,1,VCC2020_T20,
train,__hf__,0,librispeech,14737
train,/lambda/nfs/algovirginia/workspace/DeepfakeDetectionRenewed/data/wavefake/generated_audio/common_voices_prompts_from_conformer_fastspeech2_pwg_ljspeech/gen_10747.wav,1,common_voices_prompts_from_conformer_fastspeech2_pwg_ljspeech,
train,__hf__,0,librispeech,10252
train,/lambda/nfs/algovirginia/workspace/DeepfakeDetectionRenewed/data/vcc2020/audio/T18/task1/team18_intra-TEM1_SEF2_E30002.wav,1,VCC2020_T18,
train,/lambda/nfs/algovirginia/workspace/DeepfakeDetectionRenewed/data/vcc2020/audio/T20/task1/team20_intra-TEM1_SEF2_E30005.wav,1,VCC2020_T20,
train,/lambda/nfs/algovirginia/workspace/DeepfakeDetectionRenewed/data/wavefake/generated_audio/ljspeech_full_band_melgan/LJ044-0123_gen.wav,1,ljspeech_full_band_melgan,
train,__hf__,0,librispeech,18476
train,/lambda/nfs/algovirginia/workspace/DeepfakeDetectionRenewed/data/wavefake/generated_audio/common_voices_prompts_from_conformer_fastspeech2_pwg_ljspeech/gen_8926.wav,1,common_voices_prompts_from_conformer_fastspeech2_pwg_ljspeech,
train,/lambda/nfs/algovirginia/workspace/DeepfakeDetectionRenewed/data/wavefake/generated_audio/common_voices_prompts_from_conformer_fastspeech2_pwg_ljspeech/gen_4164.wav,1,common_voices_prompts_from_conformer_fastspeech2_pwg_ljspeech,
train,/lambda/nfs/algovirginia/workspace/DeepfakeDetectionRenewed/data/vcc2020/audio/T14/task1/team14_intra-TEF2_SEM1_E30004.wav,1,VCC2020_T14,
train,/lambda/nfs/algovirginia/workspace/DeepfakeDetectionRenewed/data/vcc2020/audio/T09/task1/team09_intra-TEM1_SEM2_E30003.wav,1,VCC2020_T09,
train,__hf__,0,librispeech,2517
train,/lambda/nfs/algovirginia/workspace/DeepfakeDetectionRenewed/data/wavefake/generated_audio/ljspeech_parallel_wavegan/LJ006-0151_gen.wav,1,ljspeech_parallel_wavegan,
train,__hf__,0,librispeech,17566
train,__hf__,0,librispeech,2035
train,__hf__,0,librispeech,15944
train,__hf__,0,librispeech,6425
train,__hf__,0,librispeech,16788
train,/lambda/nfs/algovirginia/workspace/DeepfakeDetectionRenewed/data/vcc2020/audio/T25/task1/team25_intra-TEM1_SEM2_E30002.wav,1,VCC2020_T25,
train,/lambda/nfs/algovirginia/workspace/DeepfakeDetectionRenewed/data/vcc2020/audio/T33/task1/team33_intra-TEF2_SEF2_E30004.wav,1,VCC2020_T33,
train,/lambda/nfs/algovirginia/workspace/DeepfakeDetectionRenewed/data/vcc2020/audio/T32/task1/team32_intra-TEM2_SEF1_E30003.wav,1,VCC2020_T32,
train,/lambda/nfs/algovirginia/workspace/DeepfakeDetectionRenewed/data/wavefake/generated_audio/ljspeech_hifiGAN/LJ031-0003_generated.wav,1,ljspeech_hifiGAN,
train,__hf__,0,librispeech,26988
train,__hf__,0,librispeech,24524
train,/lambda/nfs/algovirginia/workspace/DeepfakeDetectionRenewed/data/wavefake/generated_audio/ljspeech_parallel_wavegan/LJ028-0473_gen.wav,1,ljspeech_parallel_wavegan,
train,/lambda/nfs/algovirginia/workspace/DeepfakeDetectionRenewed/data/vcc2020/audio/T01/task1/team01_intra-TEM2_SEF1_E30003.wav,1,VCC2020_T01,
train,__hf__,0,librispeech,13715
train,__hf__,0,librispeech,24654
train,__hf__,0,librispeech,19716
train,/lambda/nfs/algovirginia/workspace/DeepfakeDetectionRenewed/data/vcc2020/audio/T20/task1/team20_intra-TEM1_SEF2_E30001.wav,1,VCC2020_T20,
train,__hf__,0,librispeech,19154
train,__hf__,0,librispeech,17130
train,__hf__,0,librispeech,10107
train,/lambda/nfs/algovirginia/workspace/DeepfakeDetectionRenewed/data/vcc2020/audio/T09/task1/team09_intra-TEF2_SEM2_E30003.wav,1,VCC2020_T09,
train,__hf__,0,librispeech,18446
train,__hf__,0,librispeech,12529
train,__hf__,0,librispeech,21930
train,__hf__,0,librispeech,21310
train,/lambda/nfs/algovirginia/workspace/DeepfakeDetectionRenewed/data/vcc2020/audio/T03/task1/team03_intra-TEM1_SEM2_E30001.wav,1,VCC2020_T03,
train,/lambda/nfs/algovirginia/workspace/DeepfakeDetectionRenewed/data/vcc2020/audio/T09/task1/team09_intra-TEM1_SEF1_E30001.wav,1,VCC2020_T09,
train,__hf__,0,librispeech,20817
train,__hf__,0,librispeech,19632
train,__hf__,0,librispeech,19761
train,__hf__,0,librispeech,9983
train,__hf__,0,librispeech,9316
train,/lambda/nfs/algovirginia/workspace/DeepfakeDetectionRenewed/data/vcc2020/audio/T16/task1/team16_intra-TEM1_SEF1_E30002.wav,1,VCC2020_T16,
train,/lambda/nfs/algovirginia/workspace/DeepfakeDetectionRenewed/data/wavefake/generated_audio/ljspeech_hifiGAN/LJ025-0061_generated.wav,1,ljspeech_hifiGAN,
train,/lambda/nfs/algovirginia/workspace/DeepfakeDetectionRenewed/data/vcc2020/audio/T33/task1/team33_intra-TEM2_SEF1_E30001.wav,1,VCC2020_T33,
train,__hf__,0,librispeech,15409
train,__hf__,0,librispeech,9399
train,__hf__,0,librispeech,19371
train,/lambda/nfs/algovirginia/workspace/DeepfakeDetectionRenewed/data/vcc2020/audio/T04/task1/team04_intra-TEM2_SEM1_E30003.wav,1,VCC2020_T04,
train,__hf__,0,librispeech,4919
train,/lambda/nfs/algovirginia/workspace/DeepfakeDetectionRenewed/data/vcc2020/audio/T12/task1/team12_intra-TEF1_SEM1_E30004.wav,1,VCC2020_T12,
train,__hf__,0,librispeech,18042
train,__hf__,0,librispeech,20779
train,/lambda/nfs/algovirginia/workspace/DeepfakeDetectionRenewed/data/wavefake/generated_audio/ljspeech_parallel_wavegan/LJ035-0032_gen.wav,1,ljspeech_parallel_wavegan,
train,__hf__,0,librispeech,7298
train,/lambda/nfs/algovirginia/workspace/DeepfakeDetectionRenewed/data/wavefake/generated_audio/common_voices_prompts_from_conformer_fastspeech2_pwg_ljspeech/gen_10602.wav,1,common_voices_prompts_from_conformer_fastspeech2_pwg_ljspeech,
train,__hf__,0,librispeech,25443
train,/lambda/nfs/algovirginia/workspace/DeepfakeDetectionRenewed/data/vcc2020/audio/T21/task1/team21_intra-TEM2_SEM1_E30001.wav,1,VCC2020_T21,
train,__hf__,0,librispeech,13389
train,__hf__,0,librispeech,14483
train,__hf__,0,librispeech,14867
train,/lambda/nfs/algovirginia/workspace/DeepfakeDetectionRenewed/data/vcc2020/audio/T10/task1/team10_intra-TEF1_SEF2_E30003.wav,1,VCC2020_T10,
train,__hf__,0,librispeech,6727
train,/lambda/nfs/algovirginia/workspace/DeepfakeDetectionRenewed/data/wavefake/generated_audio/ljspeech_parallel_wavegan/LJ045-0087_gen.wav,1,ljspeech_parallel_wavegan,
train,/lambda/nfs/algovirginia/workspace/DeepfakeDetectionRenewed/data/vcc2020/audio/T33/task1/team33_intra-TEM1_SEM2_E30005.wav,1,VCC2020_T33,
train,/lambda/nfs/algovirginia/workspace/DeepfakeDetectionRenewed/data/wavefake/generated_audio/ljspeech_full_band_melgan/LJ002-0098_gen.wav,1,ljspeech_full_band_melgan,
train,/lambda/nfs/algovirginia/workspace/DeepfakeDetectionRenewed/data/vcc2020/audio/T11/task1/team11_intra-TEF2_SEM1_E30004.wav,1,VCC2020_T11,
train,__hf__,0,librispeech,19926
train,/lambda/nfs/algovirginia/workspace/DeepfakeDetectionRenewed/data/vcc2020/audio/T12/task1/team12_intra-TEM2_SEM1_E30003.wav,1,VCC2020_T12,
train,__hf__,0,librispeech,681
train,/lambda/nfs/algovirginia/workspace/DeepfakeDetectionRenewed/data/vcc2020/audio/T16/task1/team16_intra-TEF2_SEM1_E30004.wav,1,VCC2020_T16,
train,__hf__,0,librispeech,25866
train,/lambda/nfs/algovirginia/workspace/DeepfakeDetectionRenewed/data/wavefake/generated_audio/ljspeech_hifiGAN/LJ039-0156_generated.wav,1,ljspeech_hifiGAN,
train,/lambda/nfs/algovirginia/workspace/DeepfakeDetectionRenewed/data/wavefake/generated_audio/ljspeech_full_band_melgan/LJ040-0209_gen.wav,1,ljspeech_full_band_melgan,
train,__hf__,0,librispeech,1411
train,__hf__,0,librispeech,12397
train,__hf__,0,librispeech,15884
train,/lambda/nfs/algovirginia/workspace/DeepfakeDetectionRenewed/data/wavefake/generated_audio/ljspeech_hifiGAN/LJ005-0096_generated.wav,1,ljspeech_hifiGAN,
train,__hf__,0,librispeech,16819
train,__hf__,0,librispeech,20710
train,__hf__,0,librispeech,23955
train,__hf__,0,librispeech,17886
train,__hf__,0,librispeech,23286
train,/lambda/nfs/algovirginia/workspace/DeepfakeDetectionRenewed/data/vcc2020/audio/T10/task1/team10_intra-TEM2_SEM2_E30003.wav,1,VCC2020_T10,
train,__hf__,0,librispeech,1831
train,/lambda/nfs/algovirginia/workspace/DeepfakeDetectionRenewed/data/vcc2020/audio/T22/task1/team22_intra-TEM2_SEM1_E30004.wav,1,VCC2020_T22,
train,/lambda/nfs/algovirginia/workspace/DeepfakeDetectionRenewed/data/wavefake/generated_audio/ljspeech_parallel_wavegan/LJ003-0099_gen.wav,1,ljspeech_parallel_wavegan,
train,__hf__,0,librispeech,8313
train,__hf__,0,librispeech,26531
train,/lambda/nfs/algovirginia/workspace/DeepfakeDetectionRenewed/data/wavefake/generated_audio/common_voices_prompts_from_conformer_fastspeech2_pwg_ljspeech/gen_9385.wav,1,common_voices_prompts_from_conformer_fastspeech2_pwg_ljspeech,
train,__hf__,0,librispeech,27833
train,/lambda/nfs/algovirginia/workspace/DeepfakeDetectionRenewed/data/vcc2020/audio/T11/task1/team11_intra-TEF2_SEM1_E30002.wav,1,VCC2020_T11,
train,__hf__,0,librispeech,11978
train,/lambda/nfs/algovirginia/workspace/DeepfakeDetectionRenewed/data/vcc2020/audio/T04/task1/team04_intra-TEM2_SEF1_E30003.wav,1,VCC2020_T04,
train,/lambda/nfs/algovirginia/workspace/DeepfakeDetectionRenewed/data/wavefake/generated_audio/common_voices_prompts_from_conformer_fastspeech2_pwg_ljspeech/gen_9513.wav,1,common_voices_prompts_from_conformer_fastspeech2_pwg_ljspeech,
train,/lambda/nfs/algovirginia/workspace/DeepfakeDetectionRenewed/data/vcc2020/audio/T29/task1/team29_intra-TEF2_SEM2_E30005.wav,1,VCC2020_T29,
train,/lambda/nfs/algovirginia/workspace/DeepfakeDetectionRenewed/data/vcc2020/audio/T23/task1/team23_intra-TEF2_SEF2_E30005.wav,1,VCC2020_T23,
train,__hf__,0,librispeech,16070
train,/lambda/nfs/algovirginia/workspace/DeepfakeDetectionRenewed/data/wavefake/generated_audio/ljspeech_parallel_wavegan/LJ012-0254_gen.wav,1,ljspeech_parallel_wavegan,
train,__hf__,0,librispeech,13209
train,__hf__,0,librispeech,17778
train,/lambda/nfs/algovirginia/workspace/DeepfakeDetectionRenewed/data/wavefake/generated_audio/common_voices_prompts_from_conformer_fastspeech2_pwg_ljspeech/gen_10433.wav,1,common_voices_prompts_from_conformer_fastspeech2_pwg_ljspeech,
train,__hf__,0,librispeech,20975
train,/lambda/nfs/algovirginia/workspace/DeepfakeDetectionRenewed/data/wavefake/generated_audio/common_voices_prompts_from_conformer_fastspeech2_pwg_ljspeech/gen_2431.wav,1,common_voices_prompts_from_conformer_fastspeech2_pwg_ljspeech,
train,__hf__,0,librispeech,24494
train,/lambda/nfs/algovirginia/workspace/DeepfakeDetectionRenewed/data/wavefake/generated_audio/common_voices_prompts_from_conformer_fastspeech2_pwg_ljspeech/gen_11353.wav,1,common_voices_prompts_from_conformer_fastspeech2_pwg_ljspeech,
train,/lambda/nfs/algovirginia/workspace/DeepfakeDetectionRenewed/data/vcc2020/audio/T09/task1/team09_intra-TEM1_SEM2_E30002.wav,1,VCC2020_T09,
train,/lambda/nfs/algovirginia/workspace/DeepfakeDetectionRenewed/data/wavefake/generated_audio/ljspeech_hifiGAN/LJ038-0136_generated.wav,1,ljspeech_hifiGAN,
train,/lambda/nfs/algovirginia/workspace/DeepfakeDetectionRenewed/data/wavefake/generated_audio/ljspeech_full_band_melgan/LJ007-0050_gen.wav,1,ljspeech_full_band_melgan,
train,__hf__,0,librispeech,3743
train,__hf__,0,librispeech,20224
train,/lambda/nfs/algovirginia/workspace/DeepfakeDetectionRenewed/data/wavefake/generated_audio/common_voices_prompts_from_conformer_fastspeech2_pwg_ljspeech/gen_13476.wav,1,common_voices_prompts_from_conformer_fastspeech2_pwg_ljspeech,
train,__hf__,0,librispeech,20789
train,/lambda/nfs/algovirginia/workspace/DeepfakeDetectionRenewed/data/vcc2020/audio/T01/task1/team01_intra-TEM2_SEF1_E30002.wav,1,VCC2020_T01,
train,__hf__,0,librispeech,11585
train,/lambda/nfs/algovirginia/workspace/DeepfakeDetectionRenewed/data/vcc2020/audio/T30/task1/team30_intra-TEF1_SEF2_E30001.wav,1,VCC2020_T30,
train,__hf__,0,librispeech,17713
train,/lambda/nfs/algovirginia/workspace/DeepfakeDetectionRenewed/data/wavefake/generated_audio/ljspeech_full_band_melgan/LJ016-0116_gen.wav,1,ljspeech_full_band_melgan,
train,/lambda/nfs/algovirginia/workspace/DeepfakeDetectionRenewed/data/vcc2020/audio/T27/task1/team27_intra-TEM1_SEF1_E30003.wav,1,VCC2020_T27,
train,__hf__,0,librispeech,17951
train,__hf__,0,librispeech,12857
train,__hf__,0,librispeech,12293
train,__hf__,0,librispeech,23249
train,/lambda/nfs/algovirginia/workspace/DeepfakeDetectionRenewed/data/wavefake/generated_audio/common_voices_prompts_from_conformer_fastspeech2_pwg_ljspeech/gen_13614.wav,1,common_voices_prompts_from_conformer_fastspeech2_pwg_ljspeech,
train,__hf__,0,librispeech,15818
train,/lambda/nfs/algovirginia/workspace/DeepfakeDetectionRenewed/data/vcc2020/audio/T26/task1/team26_intra-TEF2_SEM2_E30002.wav,1,VCC2020_T26,
train,/lambda/nfs/algovirginia/workspace/DeepfakeDetectionRenewed/data/vcc2020/audio/T24/task1/team24_intra-TEF2_SEM1_E30002.wav,1,VCC2020_T24,
train,/lambda/nfs/algovirginia/workspace/DeepfakeDetectionRenewed/data/vcc2020/audio/T30/task1/team30_intra-TEF2_SEF1_E30004.wav,1,VCC2020_T30,
train,/lambda/nfs/algovirginia/workspace/DeepfakeDetectionRenewed/data/wavefake/generated_audio/ljspeech_hifiGAN/LJ028-0191_generated.wav,1,ljspeech_hifiGAN,
train,__hf__,0,librispeech,27363
train,/lambda/nfs/algovirginia/workspace/DeepfakeDetectionRenewed/data/vcc2020/audio/T12/task1/team12_intra-TEF2_SEM1_E30005.wav,1,VCC2020_T12,
train,/lambda/nfs/algovirginia/workspace/DeepfakeDetectionRenewed/data/vcc2020/audio/T13/task1/team13_intra-TEM2_SEF2_E30004.wav,1,VCC2020_T13,
train,/lambda/nfs/algovirginia/workspace/DeepfakeDetectionRenewed/data/wavefake/generated_audio/common_voices_prompts_from_conformer_fastspeech2_pwg_ljspeech/gen_12906.wav,1,common_voices_prompts_from_conformer_fastspeech2_pwg_ljspeech,
train,__hf__,0,librispeech,17580
train,__hf__,0,librispeech,10981
train,/lambda/nfs/algovirginia/workspace/DeepfakeDetectionRenewed/data/vcc2020/audio/T24/task1/team24_intra-TEM2_SEM1_E30004.wav,1,VCC2020_T24,
train,__hf__,0,librispeech,17556
train,/lambda/nfs/algovirginia/workspace/DeepfakeDetectionRenewed/data/vcc2020/audio/T06/task1/team06_intra-TEF2_SEF2_E30002.wav,1,VCC2020_T06,
train,__hf__,0,librispeech,19187
train,/lambda/nfs/algovirginia/workspace/DeepfakeDetectionRenewed/data/wavefake/generated_audio/ljspeech_full_band_melgan/LJ031-0186_gen.wav,1,ljspeech_full_band_melgan,
train,__hf__,0,librispeech,17804
train,__hf__,0,librispeech,26472
train,/lambda/nfs/algovirginia/workspace/DeepfakeDetectionRenewed/data/vcc2020/audio/T21/task1/team21_intra-TEM2_SEM2_E30002.wav,1,VCC2020_T21,
train,/lambda/nfs/algovirginia/workspace/DeepfakeDetectionRenewed/data/wavefake/generated_audio/ljspeech_parallel_wavegan/LJ017-0151_gen.wav,1,ljspeech_parallel_wavegan,
train,__hf__,0,librispeech,24611
train,__hf__,0,librispeech,2937
train,/lambda/nfs/algovirginia/workspace/DeepfakeDetectionRenewed/data/vcc2020/audio/T32/task1/team32_intra-TEM1_SEM2_E30002.wav,1,VCC2020_T32,
train,/lambda/nfs/algovirginia/workspace/DeepfakeDetectionRenewed/data/wavefake/generated_audio/ljspeech_parallel_wavegan/LJ022-0083_gen.wav,1,ljspeech_parallel_wavegan,
train,/lambda/nfs/algovirginia/workspace/DeepfakeDetectionRenewed/data/wavefake/generated_audio/ljspeech_parallel_wavegan/LJ002-0173_gen.wav,1,ljspeech_parallel_wavegan,
train,/lambda/nfs/algovirginia/workspace/DeepfakeDetectionRenewed/data/wavefake/generated_audio/common_voices_prompts_from_conformer_fastspeech2_pwg_ljspeech/gen_7220.wav,1,common_voices_prompts_from_conformer_fastspeech2_pwg_ljspeech,
train,__hf__,0,librispeech,17094
train,__hf__,0,librispeech,8190
train,/lambda/nfs/algovirginia/workspace/DeepfakeDetectionRenewed/data/wavefake/generated_audio/ljspeech_parallel_wavegan/LJ038-0126_gen.wav,1,ljspeech_parallel_wavegan,
train,/lambda/nfs/algovirginia/workspace/DeepfakeDetectionRenewed/data/wavefake/generated_audio/ljspeech_hifiGAN/LJ045-0094_generated.wav,1,ljspeech_hifiGAN,
train,__hf__,0,librispeech,6888
train,__hf__,0,librispeech,12256
train,/lambda/nfs/algovirginia/workspace/DeepfakeDetectionRenewed/data/wavefake/generated_audio/ljspeech_full_band_melgan/LJ026-0161_gen.wav,1,ljspeech_full_band_melgan,
train,/lambda/nfs/algovirginia/workspace/DeepfakeDetectionRenewed/data/vcc2020/audio/T18/task1/team18_intra-TEM2_SEM2_E30001.wav,1,VCC2020_T18,
train,/lambda/nfs/algovirginia/workspace/DeepfakeDetectionRenewed/data/vcc2020/audio/T29/task1/team29_intra-TEM2_SEM1_E30005.wav,1,VCC2020_T29,
train,/lambda/nfs/algovirginia/workspace/DeepfakeDetectionRenewed/data/vcc2020/audio/T31/task1/team31_intra-TEM1_SEM1_E30001.wav,1,VCC2020_T31,
train,__hf__,0,librispeech,10501
train,__hf__,0,librispeech,22005
train,__hf__,0,librispeech,319
train,__hf__,0,librispeech,5008
train,/lambda/nfs/algovirginia/workspace/DeepfakeDetectionRenewed/data/vcc2020/audio/T13/task1/team13_intra-TEF2_SEM1_E30005.wav,1,VCC2020_T13,
train,/lambda/nfs/algovirginia/workspace/DeepfakeDetectionRenewed/data/wavefake/generated_audio/ljspeech_hifiGAN/LJ038-0222_generated.wav,1,ljspeech_hifiGAN,
train,/lambda/nfs/algovirginia/workspace/DeepfakeDetectionRenewed/data/vcc2020/audio/T18/task1/team18_intra-TEF2_SEF2_E30005.wav,1,VCC2020_T18,
train,/lambda/nfs/algovirginia/workspace/DeepfakeDetectionRenewed/data/vcc2020/audio/T19/task1/team19_intra-TEM1_SEM2_E30002.wav,1,VCC2020_T19,
train,/lambda/nfs/algovirginia/workspace/DeepfakeDetectionRenewed/data/wavefake/generated_audio/ljspeech_parallel_wavegan/LJ050-0147_gen.wav,1,ljspeech_parallel_wavegan,
train,__hf__,0,librispeech,15096
train,__hf__,0,librispeech,2143
train,/lambda/nfs/algovirginia/workspace/DeepfakeDetectionRenewed/data/vcc2020/audio/T31/task1/team31_intra-TEM2_SEF2_E30004.wav,1,VCC2020_T31,
train,__hf__,0,librispeech,14754
train,__hf__,0,librispeech,23880
train,/lambda/nfs/algovirginia/workspace/DeepfakeDetectionRenewed/data/wavefake/generated_audio/ljspeech_hifiGAN/LJ027-0001_generated.wav,1,ljspeech_hifiGAN,
train,__hf__,0,librispeech,8919
train,/lambda/nfs/algovirginia/workspace/DeepfakeDetectionRenewed/data/wavefake/generated_audio/ljspeech_full_band_melgan/LJ010-0286_gen.wav,1,ljspeech_full_band_melgan,
train,/lambda/nfs/algovirginia/workspace/DeepfakeDetectionRenewed/data/wavefake/generated_audio/common_voices_prompts_from_conformer_fastspeech2_pwg_ljspeech/gen_6470.wav,1,common_voices_prompts_from_conformer_fastspeech2_pwg_ljspeech,
train,__hf__,0,librispeech,13020
train,/lambda/nfs/algovirginia/workspace/DeepfakeDetectionRenewed/data/vcc2020/audio/T29/task1/team29_intra-TEM2_SEF1_E30004.wav,1,VCC2020_T29,
train,/lambda/nfs/algovirginia/workspace/DeepfakeDetectionRenewed/data/vcc2020/audio/T33/task1/team33_intra-TEM2_SEF1_E30002.wav,1,VCC2020_T33,
train,/lambda/nfs/algovirginia/workspace/DeepfakeDetectionRenewed/data/vcc2020/audio/T03/task1/team03_intra-TEF1_SEF1_E30003.wav,1,VCC2020_T03,
train,__hf__,0,librispeech,6515
train,/lambda/nfs/algovirginia/workspace/DeepfakeDetectionRenewed/data/wavefake/generated_audio/ljspeech_full_band_melgan/LJ008-0270_gen.wav,1,ljspeech_full_band_melgan,
train,__hf__,0,librispeech,12958
train,__hf__,0,librispeech,13800
train,/lambda/nfs/algovirginia/workspace/DeepfakeDetectionRenewed/data/wavefake/generated_audio/common_voices_prompts_from_conformer_fastspeech2_pwg_ljspeech/gen_15700.wav,1,common_voices_prompts_from_conformer_fastspeech2_pwg_ljspeech,
train,/lambda/nfs/algovirginia/workspace/DeepfakeDetectionRenewed/data/wavefake/generated_audio/ljspeech_hifiGAN/LJ040-0216_generated.wav,1,ljspeech_hifiGAN,
train,/lambda/nfs/algovirginia/workspace/DeepfakeDetectionRenewed/data/wavefake/generated_audio/common_voices_prompts_from_conformer_fastspeech2_pwg_ljspeech/gen_1225.wav,1,common_voices_prompts_from_conformer_fastspeech2_pwg_ljspeech,
train,/lambda/nfs/algovirginia/workspace/DeepfakeDetectionRenewed/data/vcc2020/audio/T32/task1/team32_intra-TEF2_SEF2_E30004.wav,1,VCC2020_T32,
train,__hf__,0,librispeech,22757
train,__hf__,0,librispeech,6224
train,/lambda/nfs/algovirginia/workspace/DeepfakeDetectionRenewed/data/vcc2020/audio/T20/task1/team20_intra-TEM1_SEM1_E30004.wav,1,VCC2020_T20,
train,__hf__,0,librispeech,19841
train,/lambda/nfs/algovirginia/workspace/DeepfakeDetectionRenewed/data/wavefake/generated_audio/ljspeech_hifiGAN/LJ050-0072_generated.wav,1,ljspeech_hifiGAN,
train,/lambda/nfs/algovirginia/workspace/DeepfakeDetectionRenewed/data/wavefake/generated_audio/common_voices_prompts_from_conformer_fastspeech2_pwg_ljspeech/gen_43.wav,1,common_voices_prompts_from_conformer_fastspeech2_pwg_ljspeech,
train,/lambda/nfs/algovirginia/workspace/DeepfakeDetectionRenewed/data/wavefake/generated_audio/common_voices_prompts_from_conformer_fastspeech2_pwg_ljspeech/gen_12751.wav,1,common_voices_prompts_from_conformer_fastspeech2_pwg_ljspeech,
train,__hf__,0,librispeech,7964
train,/lambda/nfs/algovirginia/workspace/DeepfakeDetectionRenewed/data/wavefake/generated_audio/ljspeech_parallel_wavegan/LJ026-0001_gen.wav,1,ljspeech_parallel_wavegan,
train,__hf__,0,librispeech,17414
train,/lambda/nfs/algovirginia/workspace/DeepfakeDetectionRenewed/data/wavefake/generated_audio/common_voices_prompts_from_conformer_fastspeech2_pwg_ljspeech/gen_9923.wav,1,common_voices_prompts_from_conformer_fastspeech2_pwg_ljspeech,
train,__hf__,0,librispeech,7139
train,__hf__,0,librispeech,21295
train,/lambda/nfs/algovirginia/workspace/DeepfakeDetectionRenewed/data/wavefake/generated_audio/ljspeech_hifiGAN/LJ007-0212_generated.wav,1,ljspeech_hifiGAN,
train,__hf__,0,librispeech,15045
train,__hf__,0,librispeech,6079
train,__hf__,0,librispeech,20699
train,__hf__,0,librispeech,7160
train,/lambda/nfs/algovirginia/workspace/DeepfakeDetectionRenewed/data/vcc2020/audio/T30/task1/team30_intra-TEM1_SEF2_E30005.wav,1,VCC2020_T30,
train,/lambda/nfs/algovirginia/workspace/DeepfakeDetectionRenewed/data/wavefake/generated_audio/ljspeech_parallel_wavegan/LJ013-0161_gen.wav,1,ljspeech_parallel_wavegan,
train,__hf__,0,librispeech,11154
train,/lambda/nfs/algovirginia/workspace/DeepfakeDetectionRenewed/data/wavefake/generated_audio/ljspeech_hifiGAN/LJ026-0030_generated.wav,1,ljspeech_hifiGAN,
train,__hf__,0,librispeech,6267
train,__hf__,0,librispeech,17931
train,__hf__,0,librispeech,11193
train,/lambda/nfs/algovirginia/workspace/DeepfakeDetectionRenewed/data/vcc2020/audio/T03/task1/team03_intra-TEF2_SEM2_E30004.wav,1,VCC2020_T03,
train,__hf__,0,librispeech,13145
train,__hf__,0,librispeech,10705
train,__hf__,0,librispeech,7429
train,__hf__,0,librispeech,6122
train,/lambda/nfs/algovirginia/workspace/DeepfakeDetectionRenewed/data/vcc2020/audio/T22/task1/team22_intra-TEF2_SEM1_E30005.wav,1,VCC2020_T22,
train,/lambda/nfs/algovirginia/workspace/DeepfakeDetectionRenewed/data/vcc2020/audio/T21/task1/team21_intra-TEF1_SEM1_E30005.wav,1,VCC2020_T21,
train,__hf__,0,librispeech,21231
train,/lambda/nfs/algovirginia/workspace/DeepfakeDetectionRenewed/data/vcc2020/audio/T11/task1/team11_intra-TEF2_SEF1_E30001.wav,1,VCC2020_T11,
train,/lambda/nfs/algovirginia/workspace/DeepfakeDetectionRenewed/data/vcc2020/audio/T27/task1/team27_intra-TEF2_SEM2_E30003.wav,1,VCC2020_T27,
train,__hf__,0,librispeech,2241
train,__hf__,0,librispeech,26571
train,/lambda/nfs/algovirginia/workspace/DeepfakeDetectionRenewed/data/wavefake/generated_audio/common_voices_prompts_from_conformer_fastspeech2_pwg_ljspeech/gen_3438.wav,1,common_voices_prompts_from_conformer_fastspeech2_pwg_ljspeech,
train,/lambda/nfs/algovirginia/workspace/DeepfakeDetectionRenewed/data/vcc2020/audio/T18/task1/team18_intra-TEM2_SEF2_E30004.wav,1,VCC2020_T18,
train,__hf__,0,librispeech,25216
train,/lambda/nfs/algovirginia/workspace/DeepfakeDetectionRenewed/data/wavefake/generated_audio/ljspeech_parallel_wavegan/LJ015-0229_gen.wav,1,ljspeech_parallel_wavegan,
train,__hf__,0,librispeech,6535
train,/lambda/nfs/algovirginia/workspace/DeepfakeDetectionRenewed/data/vcc2020/audio/T10/task1/team10_intra-TEM2_SEF2_E30005.wav,1,VCC2020_T10,
train,/lambda/nfs/algovirginia/workspace/DeepfakeDetectionRenewed/data/wavefake/generated_audio/ljspeech_full_band_melgan/LJ012-0081_gen.wav,1,ljspeech_full_band_melgan,
train,__hf__,0,librispeech,7682
train,/lambda/nfs/algovirginia/workspace/DeepfakeDetectionRenewed/data/wavefake/generated_audio/ljspeech_hifiGAN/LJ016-0088_generated.wav,1,ljspeech_hifiGAN,
train,__hf__,0,librispeech,22718
train,/lambda/nfs/algovirginia/workspace/DeepfakeDetectionRenewed/data/vcc2020/audio/T06/task1/team06_intra-TEF2_SEM1_E30005.wav,1,VCC2020_T06,
train,__hf__,0,librispeech,27912
train,/lambda/nfs/algovirginia/workspace/DeepfakeDetectionRenewed/data/wavefake/generated_audio/ljspeech_hifiGAN/LJ037-0022_generated.wav,1,ljspeech_hifiGAN,
train,/lambda/nfs/algovirginia/workspace/DeepfakeDetectionRenewed/data/wavefake/generated_audio/common_voices_prompts_from_conformer_fastspeech2_pwg_ljspeech/gen_12166.wav,1,common_voices_prompts_from_conformer_fastspeech2_pwg_ljspeech,
train,/lambda/nfs/algovirginia/workspace/DeepfakeDetectionRenewed/data/vcc2020/audio/T18/task1/team18_intra-TEF1_SEM2_E30003.wav,1,VCC2020_T18,
train,/lambda/nfs/algovirginia/workspace/DeepfakeDetectionRenewed/data/wavefake/generated_audio/ljspeech_full_band_melgan/LJ039-0210_gen.wav,1,ljspeech_full_band_melgan,
train,__hf__,0,librispeech,25642
train,__hf__,0,librispeech,11054
train,/lambda/nfs/algovirginia/workspace/DeepfakeDetectionRenewed/data/wavefake/generated_audio/ljspeech_hifiGAN/LJ004-0230_generated.wav,1,ljspeech_hifiGAN,
train,__hf__,0,librispeech,27057
train,/lambda/nfs/algovirginia/workspace/DeepfakeDetectionRenewed/data/wavefake/generated_audio/ljspeech_full_band_melgan/LJ002-0226_gen.wav,1,ljspeech_full_band_melgan,
train,/lambda/nfs/algovirginia/workspace/DeepfakeDetectionRenewed/data/vcc2020/audio/T02/task1/team02_intra-TEF2_SEF1_E30001.wav,1,VCC2020_T02,
train,__hf__,0,librispeech,1746
train,/lambda/nfs/algovirginia/workspace/DeepfakeDetectionRenewed/data/wavefake/generated_audio/ljspeech_hifiGAN/LJ033-0023_generated.wav,1,ljspeech_hifiGAN,
train,__hf__,0,librispeech,20760
train,__hf__,0,librispeech,26504
train,/lambda/nfs/algovirginia/workspace/DeepfakeDetectionRenewed/data/vcc2020/audio/T04/task1/team04_intra-TEF1_SEM2_E30001.wav,1,VCC2020_T04,
train,/lambda/nfs/algovirginia/workspace/DeepfakeDetectionRenewed/data/wavefake/generated_audio/common_voices_prompts_from_conformer_fastspeech2_pwg_ljspeech/gen_1589.wav,1,common_voices_prompts_from_conformer_fastspeech2_pwg_ljspeech,
train,/lambda/nfs/algovirginia/workspace/DeepfakeDetectionRenewed/data/vcc2020/audio/T24/task1/team24_intra-TEM1_SEF2_E30002.wav,1,VCC2020_T24,
train,/lambda/nfs/algovirginia/workspace/DeepfakeDetectionRenewed/data/wavefake/generated_audio/ljspeech_full_band_melgan/LJ035-0210_gen.wav,1,ljspeech_full_band_melgan,
train,/lambda/nfs/algovirginia/workspace/DeepfakeDetectionRenewed/data/wavefake/generated_audio/common_voices_prompts_from_conformer_fastspeech2_pwg_ljspeech/gen_12888.wav,1,common_voices_prompts_from_conformer_fastspeech2_pwg_ljspeech,
train,/lambda/nfs/algovirginia/workspace/DeepfakeDetectionRenewed/data/wavefake/generated_audio/ljspeech_hifiGAN/LJ011-0118_generated.wav,1,ljspeech_hifiGAN,
train,__hf__,0,librispeech,20248
train,__hf__,0,librispeech,20730
train,__hf__,0,librispeech,3351
train,/lambda/nfs/algovirginia/workspace/DeepfakeDetectionRenewed/data/wavefake/generated_audio/common_voices_prompts_from_conformer_fastspeech2_pwg_ljspeech/gen_13802.wav,1,common_voices_prompts_from_conformer_fastspeech2_pwg_ljspeech,
train,/lambda/nfs/algovirginia/workspace/DeepfakeDetectionRenewed/data/vcc2020/audio/T18/task1/team18_intra-TEM1_SEF2_E30001.wav,1,VCC2020_T18,
train,/lambda/nfs/algovirginia/workspace/DeepfakeDetectionRenewed/data/vcc2020/audio/T07/task1/team07_intra-TEF1_SEF1_E30002.wav,1,VCC2020_T07,
train,/lambda/nfs/algovirginia/workspace/DeepfakeDetectionRenewed/data/vcc2020/audio/T25/task1/team25_intra-TEF2_SEF2_E30004.wav,1,VCC2020_T25,
train,__hf__,0,librispeech,13941
train,__hf__,0,librispeech,233
train,/lambda/nfs/algovirginia/workspace/DeepfakeDetectionRenewed/data/vcc2020/audio/T03/task1/team03_intra-TEF2_SEF1_E30001.wav,1,VCC2020_T03,
train,/lambda/nfs/algovirginia/workspace/DeepfakeDetectionRenewed/data/vcc2020/audio/T33/task1/team33_intra-TEF2_SEF1_E30004.wav,1,VCC2020_T33,
train,/lambda/nfs/algovirginia/workspace/DeepfakeDetectionRenewed/data/vcc2020/audio/T28/task1/team28_intra-TEF1_SEM1_E30004.wav,1,VCC2020_T28,
train,/lambda/nfs/algovirginia/workspace/DeepfakeDetectionRenewed/data/wavefake/generated_audio/ljspeech_hifiGAN/LJ011-0184_generated.wav,1,ljspeech_hifiGAN,
train,__hf__,0,librispeech,25428
train,/lambda/nfs/algovirginia/workspace/DeepfakeDetectionRenewed/data/vcc2020/audio/T27/task1/team27_intra-TEM2_SEF2_E30002.wav,1,VCC2020_T27,
train,__hf__,0,librispeech,7122
train,__hf__,0,librispeech,2670
train,__hf__,0,librispeech,1853
train,/lambda/nfs/algovirginia/workspace/DeepfakeDetectionRenewed/data/wavefake/generated_audio/ljspeech_parallel_wavegan/LJ009-0193_gen.wav,1,ljspeech_parallel_wavegan,
train,__hf__,0,librispeech,20572
train,__hf__,0,librispeech,15426
train,__hf__,0,librispeech,27509
train,__hf__,0,librispeech,5769
train,__hf__,0,librispeech,9584
train,__hf__,0,librispeech,18512
train,__hf__,0,librispeech,24552
train,/lambda/nfs/algovirginia/workspace/DeepfakeDetectionRenewed/data/wavefake/generated_audio/ljspeech_full_band_melgan/LJ032-0109_gen.wav,1,ljspeech_full_band_melgan,
train,/lambda/nfs/algovirginia/workspace/DeepfakeDetectionRenewed/data/vcc2020/audio/T23/task1/team23_intra-TEF1_SEF1_E30002.wav,1,VCC2020_T23,
train,/lambda/nfs/algovirginia/workspace/DeepfakeDetectionRenewed/data/wavefake/generated_audio/ljspeech_hifiGAN/LJ004-0079_generated.wav,1,ljspeech_hifiGAN,
train,__hf__,0,librispeech,5536
train,/lambda/nfs/algovirginia/workspace/DeepfakeDetectionRenewed/data/wavefake/generated_audio/ljspeech_hifiGAN/LJ002-0170_generated.wav,1,ljspeech_hifiGAN,
train,__hf__,0,librispeech,11943
train,/lambda/nfs/algovirginia/workspace/DeepfakeDetectionRenewed/data/wavefake/generated_audio/ljspeech_parallel_wavegan/LJ033-0105_gen.wav,1,ljspeech_parallel_wavegan,
train,__hf__,0,librispeech,13505
train,/lambda/nfs/algovirginia/workspace/DeepfakeDetectionRenewed/data/vcc2020/audio/T06/task1/team06_intra-TEM2_SEF2_E30002.wav,1,VCC2020_T06,
train,/lambda/nfs/algovirginia/workspace/DeepfakeDetectionRenewed/data/vcc2020/audio/T27/task1/team27_intra-TEF1_SEM2_E30004.wav,1,VCC2020_T27,
train,__hf__,0,librispeech,25561
train,__hf__,0,librispeech,21423
train,/lambda/nfs/algovirginia/workspace/DeepfakeDetectionRenewed/data/wavefake/generated_audio/ljspeech_full_band_melgan/LJ002-0097_gen.wav,1,ljspeech_full_band_melgan,
train,__hf__,0,librispeech,24564
train,/lambda/nfs/algovirginia/workspace/DeepfakeDetectionRenewed/data/vcc2020/audio/T26/task1/team26_intra-TEF2_SEF1_E30003.wav,1,VCC2020_T26,
train,__hf__,0,librispeech,16882
train,/lambda/nfs/algovirginia/workspace/DeepfakeDetectionRenewed/data/vcc2020/audio/T13/task1/team13_intra-TEF1_SEF2_E30003.wav,1,VCC2020_T13,
train,/lambda/nfs/algovirginia/workspace/DeepfakeDetectionRenewed/data/vcc2020/audio/T32/task1/team32_intra-TEF1_SEF2_E30004.wav,1,VCC2020_T32,
train,__hf__,0,librispeech,2764
train,/lambda/nfs/algovirginia/workspace/DeepfakeDetectionRenewed/data/wavefake/generated_audio/ljspeech_full_band_melgan/LJ042-0096_gen.wav,1,ljspeech_full_band_melgan,
train,__hf__,0,librispeech,25582
train,__hf__,0,librispeech,26644
train,/lambda/nfs/algovirginia/workspace/DeepfakeDetectionRenewed/data/wavefake/generated_audio/ljspeech_parallel_wavegan/LJ002-0321_gen.wav,1,ljspeech_parallel_wavegan,
train,__hf__,0,librispeech,12497
train,__hf__,0,librispeech,3131
train,__hf__,0,librispeech,24920
train,__hf__,0,librispeech,24419
train,/lambda/nfs/algovirginia/workspace/DeepfakeDetectionRenewed/data/vcc2020/audio/T13/task1/team13_intra-TEM1_SEF2_E30002.wav,1,VCC2020_T13,
train,/lambda/nfs/algovirginia/workspace/DeepfakeDetectionRenewed/data/wavefake/generated_audio/ljspeech_parallel_wavegan/LJ031-0161_gen.wav,1,ljspeech_parallel_wavegan,
train,__hf__,0,librispeech,22811
train,__hf__,0,librispeech,11722
train,__hf__,0,librispeech,1135
train,/lambda/nfs/algovirginia/workspace/DeepfakeDetectionRenewed/data/vcc2020/audio/T10/task1/team10_intra-TEM2_SEM1_E30001.wav,1,VCC2020_T10,
train,/lambda/nfs/algovirginia/workspace/DeepfakeDetectionRenewed/data/vcc2020/audio/T26/task1/team26_intra-TEF2_SEF2_E30002.wav,1,VCC2020_T26,
train,/lambda/nfs/algovirginia/workspace/DeepfakeDetectionRenewed/data/wavefake/generated_audio/ljspeech_hifiGAN/LJ043-0109_generated.wav,1,ljspeech_hifiGAN,
train,__hf__,0,librispeech,20597
train,/lambda/nfs/algovirginia/workspace/DeepfakeDetectionRenewed/data/vcc2020/audio/T24/task1/team24_intra-TEM1_SEM1_E30003.wav,1,VCC2020_T24,
train,/lambda/nfs/algovirginia/workspace/DeepfakeDetectionRenewed/data/wavefake/generated_audio/ljspeech_parallel_wavegan/LJ027-0087_gen.wav,1,ljspeech_parallel_wavegan,
train,/lambda/nfs/algovirginia/workspace/DeepfakeDetectionRenewed/data/wavefake/generated_audio/ljspeech_hifiGAN/LJ016-0117_generated.wav,1,ljspeech_hifiGAN,
train,__hf__,0,librispeech,10828
train,__hf__,0,librispeech,20559
train,__hf__,0,librispeech,23236
train,__hf__,0,librispeech,25711
train,__hf__,0,librispeech,15911
train,/lambda/nfs/algovirginia/workspace/DeepfakeDetectionRenewed/data/vcc2020/audio/T31/task1/team31_intra-TEM2_SEM1_E30003.wav,1,VCC2020_T31,
train,/lambda/nfs/algovirginia/workspace/DeepfakeDetectionRenewed/data/vcc2020/audio/T25/task1/team25_intra-TEF1_SEM1_E30004.wav,1,VCC2020_T25,
train,/lambda/nfs/algovirginia/workspace/DeepfakeDetectionRenewed/data/vcc2020/audio/T10/task1/team10_intra-TEF2_SEF1_E30002.wav,1,VCC2020_T10,
train,/lambda/nfs/algovirginia/workspace/DeepfakeDetectionRenewed/data/vcc2020/audio/T01/task1/team01_intra-TEF1_SEM2_E30004.wav,1,VCC2020_T01,
train,/lambda/nfs/algovirginia/workspace/DeepfakeDetectionRenewed/data/vcc2020/audio/T09/task1/team09_intra-TEM1_SEM2_E30001.wav,1,VCC2020_T09,
train,__hf__,0,librispeech,25569
train,__hf__,0,librispeech,27763
train,/lambda/nfs/algovirginia/workspace/DeepfakeDetectionRenewed/data/vcc2020/audio/T12/task1/team12_intra-TEF1_SEF1_E30001.wav,1,VCC2020_T12,
train,__hf__,0,librispeech,4984
train,__hf__,0,librispeech,15885
train,__hf__,0,librispeech,16464
train,__hf__,0,librispeech,24714
train,/lambda/nfs/algovirginia/workspace/DeepfakeDetectionRenewed/data/wavefake/generated_audio/ljspeech_full_band_melgan/LJ007-0112_gen.wav,1,ljspeech_full_band_melgan,
train,__hf__,0,librispeech,25774
train,__hf__,0,librispeech,18589
train,/lambda/nfs/algovirginia/workspace/DeepfakeDetectionRenewed/data/vcc2020/audio/T08/task1/team08_intra-TEF1_SEM1_E30001.wav,1,VCC2020_T08,
train,__hf__,0,librispeech,24065
train,/lambda/nfs/algovirginia/workspace/DeepfakeDetectionRenewed/data/vcc2020/audio/T23/task1/team23_intra-TEF1_SEM1_E30002.wav,1,VCC2020_T23,
train,__hf__,0,librispeech,28300
train,/lambda/nfs/algovirginia/workspace/DeepfakeDetectionRenewed/data/vcc2020/audio/T30/task1/team30_intra-TEM2_SEF1_E30002.wav,1,VCC2020_T30,
train,/lambda/nfs/algovirginia/workspace/DeepfakeDetectionRenewed/data/vcc2020/audio/T02/task1/team02_intra-TEF2_SEM1_E30005.wav,1,VCC2020_T02,
train,/lambda/nfs/algovirginia/workspace/DeepfakeDetectionRenewed/data/vcc2020/audio/T02/task1/team02_intra-TEM1_SEF1_E30001.wav,1,VCC2020_T02,
train,/lambda/nfs/algovirginia/workspace/DeepfakeDetectionRenewed/data/wavefake/generated_audio/ljspeech_full_band_melgan/LJ037-0070_gen.wav,1,ljspeech_full_band_melgan,
train,__hf__,0,librispeech,8168
train,__hf__,0,librispeech,6126
train,__hf__,0,librispeech,7395
train,__hf__,0,librispeech,7531
train,__hf__,0,librispeech,11953
train,__hf__,0,librispeech,27240
train,/lambda/nfs/algovirginia/workspace/DeepfakeDetectionRenewed/data/wavefake/generated_audio/ljspeech_hifiGAN/LJ022-0155_generated.wav,1,ljspeech_hifiGAN,
train,/lambda/nfs/algovirginia/workspace/DeepfakeDetectionRenewed/data/wavefake/generated_audio/common_voices_prompts_from_conformer_fastspeech2_pwg_ljspeech/gen_684.wav,1,common_voices_prompts_from_conformer_fastspeech2_pwg_ljspeech,
train,/lambda/nfs/algovirginia/workspace/DeepfakeDetectionRenewed/data/wavefake/generated_audio/ljspeech_hifiGAN/LJ008-0030_generated.wav,1,ljspeech_hifiGAN,
train,__hf__,0,librispeech,23171
train,__hf__,0,librispeech,16692
train,__hf__,0,librispeech,28117
train,/lambda/nfs/algovirginia/workspace/DeepfakeDetectionRenewed/data/wavefake/generated_audio/ljspeech_full_band_melgan/LJ019-0086_gen.wav,1,ljspeech_full_band_melgan,
train,/lambda/nfs/algovirginia/workspace/DeepfakeDetectionRenewed/data/vcc2020/audio/T32/task1/team32_intra-TEM2_SEM1_E30004.wav,1,VCC2020_T32,
train,/lambda/nfs/algovirginia/workspace/DeepfakeDetectionRenewed/data/vcc2020/audio/T18/task1/team18_intra-TEM2_SEF1_E30004.wav,1,VCC2020_T18,
train,__hf__,0,librispeech,27208
train,/lambda/nfs/algovirginia/workspace/DeepfakeDetectionRenewed/data/vcc2020/audio/T30/task1/team30_intra-TEF2_SEF1_E30005.wav,1,VCC2020_T30,
train,__hf__,0,librispeech,23855
train,__hf__,0,librispeech,12518
train,/lambda/nfs/algovirginia/workspace/DeepfakeDetectionRenewed/data/vcc2020/audio/T08/task1/team08_intra-TEF1_SEF2_E30004.wav,1,VCC2020_T08,
train,__hf__,0,librispeech,6203
train,__hf__,0,librispeech,20457
train,/lambda/nfs/algovirginia/workspace/DeepfakeDetectionRenewed/data/vcc2020/audio/T17/task1/team17_intra-TEM1_SEM2_E30002.wav,1,VCC2020_T17,
train,__hf__,0,librispeech,25007
train,/lambda/nfs/algovirginia/workspace/DeepfakeDetectionRenewed/data/vcc2020/audio/T24/task1/team24_intra-TEF2_SEF2_E30005.wav,1,VCC2020_T24,
train,__hf__,0,librispeech,7022
train,/lambda/nfs/algovirginia/workspace/DeepfakeDetectionRenewed/data/vcc2020/audio/T28/task1/team28_intra-TEF2_SEF1_E30005.wav,1,VCC2020_T28,
train,__hf__,0,librispeech,13622
train,/lambda/nfs/algovirginia/workspace/DeepfakeDetectionRenewed/data/wavefake/generated_audio/ljspeech_hifiGAN/LJ039-0022_generated.wav,1,ljspeech_hifiGAN,
train,/lambda/nfs/algovirginia/workspace/DeepfakeDetectionRenewed/data/wavefake/generated_audio/ljspeech_hifiGAN/LJ015-0272_generated.wav,1,ljspeech_hifiGAN,
train,/lambda/nfs/algovirginia/workspace/DeepfakeDetectionRenewed/data/wavefake/generated_audio/common_voices_prompts_from_conformer_fastspeech2_pwg_ljspeech/gen_11292.wav,1,common_voices_prompts_from_conformer_fastspeech2_pwg_ljspeech,
train,/lambda/nfs/algovirginia/workspace/DeepfakeDetectionRenewed/data/vcc2020/audio/T06/task1/team06_intra-TEM1_SEM2_E30002.wav,1,VCC2020_T06,
train,/lambda/nfs/algovirginia/workspace/DeepfakeDetectionRenewed/data/wavefake/generated_audio/ljspeech_parallel_wavegan/LJ008-0178_gen.wav,1,ljspeech_parallel_wavegan,
train,__hf__,0,librispeech,24345
train,/lambda/nfs/algovirginia/workspace/DeepfakeDetectionRenewed/data/wavefake/generated_audio/ljspeech_full_band_melgan/LJ002-0055_gen.wav,1,ljspeech_full_band_melgan,
train,/lambda/nfs/algovirginia/workspace/DeepfakeDetectionRenewed/data/wavefake/generated_audio/common_voices_prompts_from_conformer_fastspeech2_pwg_ljspeech/gen_7833.wav,1,common_voices_prompts_from_conformer_fastspeech2_pwg_ljspeech,
train,/lambda/nfs/algovirginia/workspace/DeepfakeDetectionRenewed/data/wavefake/generated_audio/ljspeech_hifiGAN/LJ003-0195_generated.wav,1,ljspeech_hifiGAN,
train,/lambda/nfs/algovirginia/workspace/DeepfakeDetectionRenewed/data/vcc2020/audio/T25/task1/team25_intra-TEF2_SEM2_E30004.wav,1,VCC2020_T25,
train,__hf__,0,librispeech,6283
train,/lambda/nfs/algovirginia/workspace/DeepfakeDetectionRenewed/data/vcc2020/audio/T13/task1/team13_intra-TEF2_SEM2_E30002.wav,1,VCC2020_T13,
train,/lambda/nfs/algovirginia/workspace/DeepfakeDetectionRenewed/data/vcc2020/audio/T30/task1/team30_intra-TEF1_SEM1_E30002.wav,1,VCC2020_T30,
train,__hf__,0,librispeech,24160
train,/lambda/nfs/algovirginia/workspace/DeepfakeDetectionRenewed/data/wavefake/generated_audio/ljspeech_hifiGAN/LJ007-0164_generated.wav,1,ljspeech_hifiGAN,
train,/lambda/nfs/algovirginia/workspace/DeepfakeDetectionRenewed/data/wavefake/generated_audio/ljspeech_parallel_wavegan/LJ029-0057_gen.wav,1,ljspeech_parallel_wavegan,
train,__hf__,0,librispeech,18847
train,__hf__,0,librispeech,12084
train,__hf__,0,librispeech,23327
train,__hf__,0,librispeech,19425
train,/lambda/nfs/algovirginia/workspace/DeepfakeDetectionRenewed/data/vcc2020/audio/T21/task1/team21_intra-TEM1_SEM2_E30005.wav,1,VCC2020_T21,
train,__hf__,0,librispeech,13453
train,/lambda/nfs/algovirginia/workspace/DeepfakeDetectionRenewed/data/wavefake/generated_audio/ljspeech_full_band_melgan/LJ048-0148_gen.wav,1,ljspeech_full_band_melgan,
train,/lambda/nfs/algovirginia/workspace/DeepfakeDetectionRenewed/data/vcc2020/audio/T28/task1/team28_intra-TEF2_SEM2_E30002.wav,1,VCC2020_T28,
train,__hf__,0,librispeech,2788
train,/lambda/nfs/algovirginia/workspace/DeepfakeDetectionRenewed/data/vcc2020/audio/T25/task1/team25_intra-TEF1_SEF2_E30004.wav,1,VCC2020_T25,
train,__hf__,0,librispeech,7743
train,__hf__,0,librispeech,20802
train,/lambda/nfs/algovirginia/workspace/DeepfakeDetectionRenewed/data/vcc2020/audio/T02/task1/team02_intra-TEF1_SEF1_E30003.wav,1,VCC2020_T02,
train,__hf__,0,librispeech,15211
train,__hf__,0,librispeech,15417
train,__hf__,0,librispeech,6321
train,/lambda/nfs/algovirginia/workspace/DeepfakeDetectionRenewed/data/wavefake/generated_audio/ljspeech_hifiGAN/LJ046-0207_generated.wav,1,ljspeech_hifiGAN,
train,__hf__,0,librispeech,27126
train,__hf__,0,librispeech,22951
train,/lambda/nfs/algovirginia/workspace/DeepfakeDetectionRenewed/data/vcc2020/audio/T31/task1/team31_intra-TEF2_SEF1_E30005.wav,1,VCC2020_T31,
train,/lambda/nfs/algovirginia/workspace/DeepfakeDetectionRenewed/data/vcc2020/audio/T19/task1/team19_intra-TEF1_SEF2_E30004.wav,1,VCC2020_T19,
train,/lambda/nfs/algovirginia/workspace/DeepfakeDetectionRenewed/data/vcc2020/audio/T08/task1/team08_intra-TEM2_SEM2_E30001.wav,1,VCC2020_T08,
train,__hf__,0,librispeech,6019
train,/lambda/nfs/algovirginia/workspace/DeepfakeDetectionRenewed/data/vcc2020/audio/T12/task1/team12_intra-TEM1_SEM1_E30003.wav,1,VCC2020_T12,
train,__hf__,0,librispeech,9270
train,/lambda/nfs/algovirginia/workspace/DeepfakeDetectionRenewed/data/wavefake/generated_audio/common_voices_prompts_from_conformer_fastspeech2_pwg_ljspeech/gen_4274.wav,1,common_voices_prompts_from_conformer_fastspeech2_pwg_ljspeech,
train,/lambda/nfs/algovirginia/workspace/DeepfakeDetectionRenewed/data/wavefake/generated_audio/ljspeech_hifiGAN/LJ030-0100_generated.wav,1,ljspeech_hifiGAN,
train,__hf__,0,librispeech,21828
train,/lambda/nfs/algovirginia/workspace/DeepfakeDetectionRenewed/data/wavefake/generated_audio/common_voices_prompts_from_conformer_fastspeech2_pwg_ljspeech/gen_4199.wav,1,common_voices_prompts_from_conformer_fastspeech2_pwg_ljspeech,
train,__hf__,0,librispeech,4905
train,/lambda/nfs/algovirginia/workspace/DeepfakeDetectionRenewed/data/vcc2020/audio/T21/task1/team21_intra-TEF2_SEM1_E30001.wav,1,VCC2020_T21,
train,/lambda/nfs/algovirginia/workspace/DeepfakeDetectionRenewed/data/vcc2020/audio/T18/task1/team18_intra-TEF2_SEM1_E30002.wav,1,VCC2020_T18,
train,__hf__,0,librispeech,5348
train,__hf__,0,librispeech,3872
train,/lambda/nfs/algovirginia/workspace/DeepfakeDetectionRenewed/data/vcc2020/audio/T32/task1/team32_intra-TEF1_SEF1_E30002.wav,1,VCC2020_T32,
train,/lambda/nfs/algovirginia/workspace/DeepfakeDetectionRenewed/data/wavefake/generated_audio/common_voices_prompts_from_conformer_fastspeech2_pwg_ljspeech/gen_6180.wav,1,common_voices_prompts_from_conformer_fastspeech2_pwg_ljspeech,
train,/lambda/nfs/algovirginia/workspace/DeepfakeDetectionRenewed/data/vcc2020/audio/T26/task1/team26_intra-TEM2_SEM2_E30005.wav,1,VCC2020_T26,
train,/lambda/nfs/algovirginia/workspace/DeepfakeDetectionRenewed/data/vcc2020/audio/T31/task1/team31_intra-TEM2_SEF2_E30005.wav,1,VCC2020_T31,
train,__hf__,0,librispeech,4681
train,__hf__,0,librispeech,4047
train,/lambda/nfs/algovirginia/workspace/DeepfakeDetectionRenewed/data/vcc2020/audio/T27/task1/team27_intra-TEF1_SEM2_E30005.wav,1,VCC2020_T27,
train,/lambda/nfs/algovirginia/workspace/DeepfakeDetectionRenewed/data/vcc2020/audio/T06/task1/team06_intra-TEM2_SEM2_E30002.wav,1,VCC2020_T06,
train,__hf__,0,librispeech,14026
train,__hf__,0,librispeech,983
train,__hf__,0,librispeech,5493
train,__hf__,0,librispeech,23797
train,/lambda/nfs/algovirginia/workspace/DeepfakeDetectionRenewed/data/wavefake/generated_audio/ljspeech_hifiGAN/LJ026-0054_generated.wav,1,ljspeech_hifiGAN,
train,/lambda/nfs/algovirginia/workspace/DeepfakeDetectionRenewed/data/wavefake/generated_audio/ljspeech_full_band_melgan/LJ050-0115_gen.wav,1,ljspeech_full_band_melgan,
train,/lambda/nfs/algovirginia/workspace/DeepfakeDetectionRenewed/data/vcc2020/audio/T20/task1/team20_intra-TEM2_SEM2_E30001.wav,1,VCC2020_T20,
train,/lambda/nfs/algovirginia/workspace/DeepfakeDetectionRenewed/data/wavefake/generated_audio/ljspeech_full_band_melgan/LJ048-0046_gen.wav,1,ljspeech_full_band_melgan,
train,__hf__,0,librispeech,21273
train,/lambda/nfs/algovirginia/workspace/DeepfakeDetectionRenewed/data/vcc2020/audio/T06/task1/team06_intra-TEM1_SEM2_E30003.wav,1,VCC2020_T06,
train,/lambda/nfs/algovirginia/workspace/DeepfakeDetectionRenewed/data/vcc2020/audio/T01/task1/team01_intra-TEM1_SEF2_E30004.wav,1,VCC2020_T01,
train,__hf__,0,librispeech,5494
train,__hf__,0,librispeech,5836
train,__hf__,0,librispeech,18323
train,__hf__,0,librispeech,837
train,/lambda/nfs/algovirginia/workspace/DeepfakeDetectionRenewed/data/wavefake/generated_audio/ljspeech_full_band_melgan/LJ044-0201_gen.wav,1,ljspeech_full_band_melgan,
train,/lambda/nfs/algovirginia/workspace/DeepfakeDetectionRenewed/data/wavefake/generated_audio/ljspeech_parallel_wavegan/LJ014-0133_gen.wav,1,ljspeech_parallel_wavegan,
train,/lambda/nfs/algovirginia/workspace/DeepfakeDetectionRenewed/data/vcc2020/audio/T26/task1/team26_intra-TEF2_SEF2_E30001.wav,1,VCC2020_T26,
train,__hf__,0,librispeech,24931
train,/lambda/nfs/algovirginia/workspace/DeepfakeDetectionRenewed/data/vcc2020/audio/T12/task1/team12_intra-TEF1_SEM1_E30001.wav,1,VCC2020_T12,
train,/lambda/nfs/algovirginia/workspace/DeepfakeDetectionRenewed/data/vcc2020/audio/T21/task1/team21_intra-TEF2_SEF1_E30002.wav,1,VCC2020_T21,
train,/lambda/nfs/algovirginia/workspace/DeepfakeDetectionRenewed/data/wavefake/generated_audio/common_voices_prompts_from_conformer_fastspeech2_pwg_ljspeech/gen_11324.wav,1,common_voices_prompts_from_conformer_fastspeech2_pwg_ljspeech,
train,/lambda/nfs/algovirginia/workspace/DeepfakeDetectionRenewed/data/wavefake/generated_audio/ljspeech_parallel_wavegan/LJ046-0123_gen.wav,1,ljspeech_parallel_wavegan,
train,/lambda/nfs/algovirginia/workspace/DeepfakeDetectionRenewed/data/vcc2020/audio/T31/task1/team31_intra-TEM2_SEF2_E30001.wav,1,VCC2020_T31,
train,/lambda/nfs/algovirginia/workspace/DeepfakeDetectionRenewed/data/vcc2020/audio/T29/task1/team29_intra-TEM1_SEF1_E30001.wav,1,VCC2020_T29,
train,/lambda/nfs/algovirginia/workspace/DeepfakeDetectionRenewed/data/vcc2020/audio/T27/task1/team27_intra-TEF1_SEF2_E30005.wav,1,VCC2020_T27,
train,__hf__,0,librispeech,13985
train,__hf__,0,librispeech,20324
train,__hf__,0,librispeech,22037
train,__hf__,0,librispeech,4823
train,/lambda/nfs/algovirginia/workspace/DeepfakeDetectionRenewed/data/wavefake/generated_audio/ljspeech_hifiGAN/LJ035-0127_generated.wav,1,ljspeech_hifiGAN,
train,/lambda/nfs/algovirginia/workspace/DeepfakeDetectionRenewed/data/vcc2020/audio/T30/task1/team30_intra-TEF1_SEM2_E30002.wav,1,VCC2020_T30,
train,__hf__,0,librispeech,2723
train,__hf__,0,librispeech,25651
train,__hf__,0,librispeech,21174
train,__hf__,0,librispeech,12677
train,/lambda/nfs/algovirginia/workspace/DeepfakeDetectionRenewed/data/vcc2020/audio/T33/task1/team33_intra-TEM2_SEM2_E30004.wav,1,VCC2020_T33,
train,__hf__,0,librispeech,5392
train,/lambda/nfs/algovirginia/workspace/DeepfakeDetectionRenewed/data/wavefake/generated_audio/common_voices_prompts_from_conformer_fastspeech2_pwg_ljspeech/gen_13029.wav,1,common_voices_prompts_from_conformer_fastspeech2_pwg_ljspeech,
train,/lambda/nfs/algovirginia/workspace/DeepfakeDetectionRenewed/data/wavefake/generated_audio/ljspeech_hifiGAN/LJ006-0045_generated.wav,1,ljspeech_hifiGAN,
train,__hf__,0,librispeech,22572
train,/lambda/nfs/algovirginia/workspace/DeepfakeDetectionRenewed/data/wavefake/generated_audio/ljspeech_hifiGAN/LJ037-0109_generated.wav,1,ljspeech_hifiGAN,
train,__hf__,0,librispeech,6697
train,__hf__,0,librispeech,28320
train,__hf__,0,librispeech,25515
train,/lambda/nfs/algovirginia/workspace/DeepfakeDetectionRenewed/data/wavefake/generated_audio/ljspeech_parallel_wavegan/LJ003-0065_gen.wav,1,ljspeech_parallel_wavegan,
train,__hf__,0,librispeech,28128
train,/lambda/nfs/algovirginia/workspace/DeepfakeDetectionRenewed/data/wavefake/generated_audio/ljspeech_full_band_melgan/LJ015-0231_gen.wav,1,ljspeech_full_band_melgan,
train,__hf__,0,librispeech,27776
train,__hf__,0,librispeech,5591
train,/lambda/nfs/algovirginia/workspace/DeepfakeDetectionRenewed/data/wavefake/generated_audio/common_voices_prompts_from_conformer_fastspeech2_pwg_ljspeech/gen_10680.wav,1,common_voices_prompts_from_conformer_fastspeech2_pwg_ljspeech,
train,/lambda/nfs/algovirginia/workspace/DeepfakeDetectionRenewed/data/wavefake/generated_audio/common_voices_prompts_from_conformer_fastspeech2_pwg_ljspeech/gen_6331.wav,1,common_voices_prompts_from_conformer_fastspeech2_pwg_ljspeech,
train,__hf__,0,librispeech,12412
train,/lambda/nfs/algovirginia/workspace/DeepfakeDetectionRenewed/data/vcc2020/audio/T33/task1/team33_intra-TEF2_SEF2_E30002.wav,1,VCC2020_T33,
train,__hf__,0,librispeech,26043
train,__hf__,0,librispeech,13610
train,/lambda/nfs/algovirginia/workspace/DeepfakeDetectionRenewed/data/vcc2020/audio/T13/task1/team13_intra-TEF2_SEM1_E30001.wav,1,VCC2020_T13,
train,__hf__,0,librispeech,10793
train,/lambda/nfs/algovirginia/workspace/DeepfakeDetectionRenewed/data/wavefake/generated_audio/common_voices_prompts_from_conformer_fastspeech2_pwg_ljspeech/gen_9714.wav,1,common_voices_prompts_from_conformer_fastspeech2_pwg_ljspeech,
train,/lambda/nfs/algovirginia/workspace/DeepfakeDetectionRenewed/data/wavefake/generated_audio/ljspeech_hifiGAN/LJ032-0201_generated.wav,1,ljspeech_hifiGAN,
train,/lambda/nfs/algovirginia/workspace/DeepfakeDetectionRenewed/data/vcc2020/audio/T29/task1/team29_intra-TEF2_SEM2_E30003.wav,1,VCC2020_T29,
train,__hf__,0,librispeech,12030
train,__hf__,0,librispeech,10045
train,__hf__,0,librispeech,26475
train,/lambda/nfs/algovirginia/workspace/DeepfakeDetectionRenewed/data/wavefake/generated_audio/ljspeech_hifiGAN/LJ028-0326_generated.wav,1,ljspeech_hifiGAN,
train,__hf__,0,librispeech,22498
train,__hf__,0,librispeech,870
train,/lambda/nfs/algovirginia/workspace/DeepfakeDetectionRenewed/data/wavefake/generated_audio/common_voices_prompts_from_conformer_fastspeech2_pwg_ljspeech/gen_2672.wav,1,common_voices_prompts_from_conformer_fastspeech2_pwg_ljspeech,
train,/lambda/nfs/algovirginia/workspace/DeepfakeDetectionRenewed/data/vcc2020/audio/T23/task1/team23_intra-TEF1_SEF2_E30004.wav,1,VCC2020_T23,
train,/lambda/nfs/algovirginia/workspace/DeepfakeDetectionRenewed/data/wavefake/generated_audio/ljspeech_hifiGAN/LJ002-0084_generated.wav,1,ljspeech_hifiGAN,
train,__hf__,0,librispeech,20858
train,/lambda/nfs/algovirginia/workspace/DeepfakeDetectionRenewed/data/vcc2020/audio/T13/task1/team13_intra-TEF1_SEF1_E30001.wav,1,VCC2020_T13,
train,__hf__,0,librispeech,10956
train,__hf__,0,librispeech,28076
train,/lambda/nfs/algovirginia/workspace/DeepfakeDetectionRenewed/data/vcc2020/audio/T02/task1/team02_intra-TEF2_SEM1_E30001.wav,1,VCC2020_T02,
train,/lambda/nfs/algovirginia/workspace/DeepfakeDetectionRenewed/data/vcc2020/audio/T24/task1/team24_intra-TEF2_SEF2_E30002.wav,1,VCC2020_T24,
train,__hf__,0,librispeech,27849
train,__hf__,0,librispeech,24754
train,/lambda/nfs/algovirginia/workspace/DeepfakeDetectionRenewed/data/wavefake/generated_audio/common_voices_prompts_from_conformer_fastspeech2_pwg_ljspeech/gen_5280.wav,1,common_voices_prompts_from_conformer_fastspeech2_pwg_ljspeech,
train,__hf__,0,librispeech,25212
train,/lambda/nfs/algovirginia/workspace/DeepfakeDetectionRenewed/data/wavefake/generated_audio/ljspeech_full_band_melgan/LJ032-0139_gen.wav,1,ljspeech_full_band_melgan,
train,__hf__,0,librispeech,24284
train,__hf__,0,librispeech,26
train,/lambda/nfs/algovirginia/workspace/DeepfakeDetectionRenewed/data/wavefake/generated_audio/ljspeech_hifiGAN/LJ002-0223_generated.wav,1,ljspeech_hifiGAN,
train,__hf__,0,librispeech,13797
train,/lambda/nfs/algovirginia/workspace/DeepfakeDetectionRenewed/data/wavefake/generated_audio/ljspeech_parallel_wavegan/LJ037-0032_gen.wav,1,ljspeech_parallel_wavegan,
train,/lambda/nfs/algovirginia/workspace/DeepfakeDetectionRenewed/data/wavefake/generated_audio/common_voices_prompts_from_conformer_fastspeech2_pwg_ljspeech/gen_5256.wav,1,common_voices_prompts_from_conformer_fastspeech2_pwg_ljspeech,
train,__hf__,0,librispeech,18520
train,/lambda/nfs/algovirginia/workspace/DeepfakeDetectionRenewed/data/vcc2020/audio/T33/task1/team33_intra-TEF2_SEM2_E30004.wav,1,VCC2020_T33,
train,/lambda/nfs/algovirginia/workspace/DeepfakeDetectionRenewed/data/vcc2020/audio/T24/task1/team24_intra-TEF1_SEM1_E30005.wav,1,VCC2020_T24,
train,__hf__,0,librispeech,27288
train,/lambda/nfs/algovirginia/workspace/DeepfakeDetectionRenewed/data/vcc2020/audio/T26/task1/team26_intra-TEM2_SEF2_E30002.wav,1,VCC2020_T26,
train,__hf__,0,librispeech,23852
train,__hf__,0,librispeech,16171
train,__hf__,0,librispeech,19280
train,/lambda/nfs/algovirginia/workspace/DeepfakeDetectionRenewed/data/wavefake/generated_audio/ljspeech_hifiGAN/LJ019-0201_generated.wav,1,ljspeech_hifiGAN,
train,__hf__,0,librispeech,16399
train,/lambda/nfs/algovirginia/workspace/DeepfakeDetectionRenewed/data/vcc2020/audio/T28/task1/team28_intra-TEF1_SEF1_E30003.wav,1,VCC2020_T28,
train,__hf__,0,librispeech,18153
train,/lambda/nfs/algovirginia/workspace/DeepfakeDetectionRenewed/data/vcc2020/audio/T20/task1/team20_intra-TEF1_SEM2_E30004.wav,1,VCC2020_T20,
train,/lambda/nfs/algovirginia/workspace/DeepfakeDetectionRenewed/data/wavefake/generated_audio/common_voices_prompts_from_conformer_fastspeech2_pwg_ljspeech/gen_6609.wav,1,common_voices_prompts_from_conformer_fastspeech2_pwg_ljspeech,
train,/lambda/nfs/algovirginia/workspace/DeepfakeDetectionRenewed/data/vcc2020/audio/T11/task1/team11_intra-TEF2_SEM2_E30002.wav,1,VCC2020_T11,
train,__hf__,0,librispeech,8616
train,/lambda/nfs/algovirginia/workspace/DeepfakeDetectionRenewed/data/wavefake/generated_audio/ljspeech_hifiGAN/LJ006-0002_generated.wav,1,ljspeech_hifiGAN,
train,/lambda/nfs/algovirginia/workspace/DeepfakeDetectionRenewed/data/wavefake/generated_audio/common_voices_prompts_from_conformer_fastspeech2_pwg_ljspeech/gen_16089.wav,1,common_voices_prompts_from_conformer_fastspeech2_pwg_ljspeech,
train,/lambda/nfs/algovirginia/workspace/DeepfakeDetectionRenewed/data/wavefake/generated_audio/ljspeech_parallel_wavegan/LJ010-0097_gen.wav,1,ljspeech_parallel_wavegan,
train,/lambda/nfs/algovirginia/workspace/DeepfakeDetectionRenewed/data/vcc2020/audio/T27/task1/team27_intra-TEF2_SEM2_E30004.wav,1,VCC2020_T27,
train,__hf__,0,librispeech,24338
train,/lambda/nfs/algovirginia/workspace/DeepfakeDetectionRenewed/data/vcc2020/audio/T24/task1/team24_intra-TEM2_SEF2_E30004.wav,1,VCC2020_T24,
train,/lambda/nfs/algovirginia/workspace/DeepfakeDetectionRenewed/data/vcc2020/audio/T11/task1/team11_intra-TEM1_SEF2_E30003.wav,1,VCC2020_T11,
train,__hf__,0,librispeech,10301
train,__hf__,0,librispeech,5945
train,__hf__,0,librispeech,21012
train,/lambda/nfs/algovirginia/workspace/DeepfakeDetectionRenewed/data/wavefake/generated_audio/ljspeech_hifiGAN/LJ015-0235_generated.wav,1,ljspeech_hifiGAN,
train,/lambda/nfs/algovirginia/workspace/DeepfakeDetectionRenewed/data/vcc2020/audio/T12/task1/team12_intra-TEM2_SEF1_E30005.wav,1,VCC2020_T12,
train,__hf__,0,librispeech,24877
train,/lambda/nfs/algovirginia/workspace/DeepfakeDetectionRenewed/data/vcc2020/audio/T21/task1/team21_intra-TEM1_SEM1_E30004.wav,1,VCC2020_T21,
train,/lambda/nfs/algovirginia/workspace/DeepfakeDetectionRenewed/data/vcc2020/audio/T01/task1/team01_intra-TEM2_SEF1_E30004.wav,1,VCC2020_T01,
train,/lambda/nfs/algovirginia/workspace/DeepfakeDetectionRenewed/data/wavefake/generated_audio/ljspeech_hifiGAN/LJ029-0041_generated.wav,1,ljspeech_hifiGAN,
train,__hf__,0,librispeech,19099
train,/lambda/nfs/algovirginia/workspace/DeepfakeDetectionRenewed/data/vcc2020/audio/T23/task1/team23_intra-TEF1_SEF1_E30005.wav,1,VCC2020_T23,
train,__hf__,0,librispeech,4710
train,/lambda/nfs/algovirginia/workspace/DeepfakeDetectionRenewed/data/wavefake/generated_audio/common_voices_prompts_from_conformer_fastspeech2_pwg_ljspeech/gen_574.wav,1,common_voices_prompts_from_conformer_fastspeech2_pwg_ljspeech,
train,/lambda/nfs/algovirginia/workspace/DeepfakeDetectionRenewed/data/wavefake/generated_audio/ljspeech_hifiGAN/LJ040-0223_generated.wav,1,ljspeech_hifiGAN,
train,/lambda/nfs/algovirginia/workspace/DeepfakeDetectionRenewed/data/vcc2020/audio/T24/task1/team24_intra-TEF2_SEM1_E30003.wav,1,VCC2020_T24,
train,/lambda/nfs/algovirginia/workspace/DeepfakeDetectionRenewed/data/vcc2020/audio/T07/task1/team07_intra-TEM1_SEM2_E30005.wav,1,VCC2020_T07,
train,/lambda/nfs/algovirginia/workspace/DeepfakeDetectionRenewed/data/wavefake/generated_audio/common_voices_prompts_from_conformer_fastspeech2_pwg_ljspeech/gen_11226.wav,1,common_voices_prompts_from_conformer_fastspeech2_pwg_ljspeech,
train,/lambda/nfs/algovirginia/workspace/DeepfakeDetectionRenewed/data/vcc2020/audio/T33/task1/team33_intra-TEF2_SEM2_E30003.wav,1,VCC2020_T33,
train,/lambda/nfs/algovirginia/workspace/DeepfakeDetectionRenewed/data/wavefake/generated_audio/ljspeech_parallel_wavegan/LJ047-0245_gen.wav,1,ljspeech_parallel_wavegan,
train,/lambda/nfs/algovirginia/workspace/DeepfakeDetectionRenewed/data/vcc2020/audio/T29/task1/team29_intra-TEF2_SEM2_E30004.wav,1,VCC2020_T29,
train,__hf__,0,librispeech,14118
train,/lambda/nfs/algovirginia/workspace/DeepfakeDetectionRenewed/data/vcc2020/audio/T21/task1/team21_intra-TEF1_SEF1_E30001.wav,1,VCC2020_T21,
train,__hf__,0,librispeech,27260
train,__hf__,0,librispeech,14165
train,__hf__,0,librispeech,10543
train,/lambda/nfs/algovirginia/workspace/DeepfakeDetectionRenewed/data/wavefake/generated_audio/ljspeech_parallel_wavegan/LJ007-0080_gen.wav,1,ljspeech_parallel_wavegan,
train,__hf__,0,librispeech,22841
train,__hf__,0,librispeech,12814
train,__hf__,0,librispeech,15621
train,/lambda/nfs/algovirginia/workspace/DeepfakeDetectionRenewed/data/wavefake/generated_audio/ljspeech_hifiGAN/LJ016-0152_generated.wav,1,ljspeech_hifiGAN,
train,__hf__,0,librispeech,16851
train,/lambda/nfs/algovirginia/workspace/DeepfakeDetectionRenewed/data/wavefake/generated_audio/ljspeech_hifiGAN/LJ012-0285_generated.wav,1,ljspeech_hifiGAN,
train,__hf__,0,librispeech,9325
train,__hf__,0,librispeech,19477
train,__hf__,0,librispeech,1658
train,/lambda/nfs/algovirginia/workspace/DeepfakeDetectionRenewed/data/wavefake/generated_audio/ljspeech_hifiGAN/LJ040-0109_generated.wav,1,ljspeech_hifiGAN,
train,/lambda/nfs/algovirginia/workspace/DeepfakeDetectionRenewed/data/vcc2020/audio/T29/task1/team29_intra-TEM1_SEM2_E30001.wav,1,VCC2020_T29,
train,__hf__,0,librispeech,23148
train,/lambda/nfs/algovirginia/workspace/DeepfakeDetectionRenewed/data/wavefake/generated_audio/ljspeech_hifiGAN/LJ028-0254_generated.wav,1,ljspeech_hifiGAN,
train,/lambda/nfs/algovirginia/workspace/DeepfakeDetectionRenewed/data/wavefake/generated_audio/common_voices_prompts_from_conformer_fastspeech2_pwg_ljspeech/gen_15830.wav,1,common_voices_prompts_from_conformer_fastspeech2_pwg_ljspeech,
train,/lambda/nfs/algovirginia/workspace/DeepfakeDetectionRenewed/data/vcc2020/audio/T04/task1/team04_intra-TEM2_SEF2_E30001.wav,1,VCC2020_T04,
train,/lambda/nfs/algovirginia/workspace/DeepfakeDetectionRenewed/data/vcc2020/audio/T33/task1/team33_intra-TEM2_SEM1_E30003.wav,1,VCC2020_T33,
train,__hf__,0,librispeech,26835
train,/lambda/nfs/algovirginia/workspace/DeepfakeDetectionRenewed/data/vcc2020/audio/T32/task1/team32_intra-TEM1_SEF2_E30002.wav,1,VCC2020_T32,
train,__hf__,0,librispeech,15256
train,__hf__,0,librispeech,2715
train,/lambda/nfs/algovirginia/workspace/DeepfakeDetectionRenewed/data/vcc2020/audio/T26/task1/team26_intra-TEM2_SEM1_E30005.wav,1,VCC2020_T26,
train,__hf__,0,librispeech,10605
train,__hf__,0,librispeech,21157
train,__hf__,0,librispeech,14829
train,__hf__,0,librispeech,26173
train,__hf__,0,librispeech,9653
train,/lambda/nfs/algovirginia/workspace/DeepfakeDetectionRenewed/data/wavefake/generated_audio/common_voices_prompts_from_conformer_fastspeech2_pwg_ljspeech/gen_10403.wav,1,common_voices_prompts_from_conformer_fastspeech2_pwg_ljspeech,
train,__hf__,0,librispeech,6635
train,/lambda/nfs/algovirginia/workspace/DeepfakeDetectionRenewed/data/wavefake/generated_audio/common_voices_prompts_from_conformer_fastspeech2_pwg_ljspeech/gen_13818.wav,1,common_voices_prompts_from_conformer_fastspeech2_pwg_ljspeech,
train,__hf__,0,librispeech,24681
train,/lambda/nfs/algovirginia/workspace/DeepfakeDetectionRenewed/data/vcc2020/audio/T01/task1/team01_intra-TEF1_SEM1_E30005.wav,1,VCC2020_T01,
train,/lambda/nfs/algovirginia/workspace/DeepfakeDetectionRenewed/data/vcc2020/audio/T21/task1/team21_intra-TEF1_SEM1_E30002.wav,1,VCC2020_T21,
train,__hf__,0,librispeech,14669
train,/lambda/nfs/algovirginia/workspace/DeepfakeDetectionRenewed/data/vcc2020/audio/T04/task1/team04_intra-TEF1_SEM2_E30003.wav,1,VCC2020_T04,
train,/lambda/nfs/algovirginia/workspace/DeepfakeDetectionRenewed/data/wavefake/generated_audio/ljspeech_parallel_wavegan/LJ006-0106_gen.wav,1,ljspeech_parallel_wavegan,
train,__hf__,0,librispeech,13441
train,__hf__,0,librispeech,10923
train,__hf__,0,librispeech,27079
train,/lambda/nfs/algovirginia/workspace/DeepfakeDetectionRenewed/data/vcc2020/audio/T09/task1/team09_intra-TEM1_SEF2_E30002.wav,1,VCC2020_T09,
train,__hf__,0,librispeech,1328
train,/lambda/nfs/algovirginia/workspace/DeepfakeDetectionRenewed/data/vcc2020/audio/T02/task1/team02_intra-TEF2_SEF2_E30001.wav,1,VCC2020_T02,
train,/lambda/nfs/algovirginia/workspace/DeepfakeDetectionRenewed/data/wavefake/generated_audio/common_voices_prompts_from_conformer_fastspeech2_pwg_ljspeech/gen_13404.wav,1,common_voices_prompts_from_conformer_fastspeech2_pwg_ljspeech,
train,/lambda/nfs/algovirginia/workspace/DeepfakeDetectionRenewed/data/wavefake/generated_audio/ljspeech_parallel_wavegan/LJ048-0238_gen.wav,1,ljspeech_parallel_wavegan,
train,/lambda/nfs/algovirginia/workspace/DeepfakeDetectionRenewed/data/vcc2020/audio/T31/task1/team31_intra-TEF2_SEF2_E30003.wav,1,VCC2020_T31,
train,__hf__,0,librispeech,22689
train,__hf__,0,librispeech,28218
train,/lambda/nfs/algovirginia/workspace/DeepfakeDetectionRenewed/data/vcc2020/audio/T29/task1/team29_intra-TEF1_SEF2_E30003.wav,1,VCC2020_T29,
train,/lambda/nfs/algovirginia/workspace/DeepfakeDetectionRenewed/data/wavefake/generated_audio/ljspeech_parallel_wavegan/LJ037-0011_gen.wav,1,ljspeech_parallel_wavegan,
train,__hf__,0,librispeech,12138
train,__hf__,0,librispeech,11697
train,__hf__,0,librispeech,5258
train,__hf__,0,librispeech,16528
train,__hf__,0,librispeech,23268
train,__hf__,0,librispeech,11955
train,__hf__,0,librispeech,27021
train,/lambda/nfs/algovirginia/workspace/DeepfakeDetectionRenewed/data/wavefake/generated_audio/ljspeech_parallel_wavegan/LJ008-0134_gen.wav,1,ljspeech_parallel_wavegan,
train,__hf__,0,librispeech,13756
train,__hf__,0,librispeech,10628
train,__hf__,0,librispeech,22240
train,/lambda/nfs/algovirginia/workspace/DeepfakeDetectionRenewed/data/wavefake/generated_audio/ljspeech_full_band_melgan/LJ015-0107_gen.wav,1,ljspeech_full_band_melgan,
train,/lambda/nfs/algovirginia/workspace/DeepfakeDetectionRenewed/data/vcc2020/audio/T27/task1/team27_intra-TEF2_SEF2_E30005.wav,1,VCC2020_T27,
train,__hf__,0,librispeech,7716
train,/lambda/nfs/algovirginia/workspace/DeepfakeDetectionRenewed/data/vcc2020/audio/T02/task1/team02_intra-TEM2_SEM2_E30003.wav,1,VCC2020_T02,
train,/lambda/nfs/algovirginia/workspace/DeepfakeDetectionRenewed/data/wavefake/generated_audio/common_voices_prompts_from_conformer_fastspeech2_pwg_ljspeech/gen_11322.wav,1,common_voices_prompts_from_conformer_fastspeech2_pwg_ljspeech,
train,/lambda/nfs/algovirginia/workspace/DeepfakeDetectionRenewed/data/wavefake/generated_audio/common_voices_prompts_from_conformer_fastspeech2_pwg_ljspeech/gen_9370.wav,1,common_voices_prompts_from_conformer_fastspeech2_pwg_ljspeech,
train,/lambda/nfs/algovirginia/workspace/DeepfakeDetectionRenewed/data/vcc2020/audio/T02/task1/team02_intra-TEM1_SEM1_E30004.wav,1,VCC2020_T02,
train,__hf__,0,librispeech,27180
train,__hf__,0,librispeech,27441
train,__hf__,0,librispeech,6251
train,__hf__,0,librispeech,10299
train,__hf__,0,librispeech,28342
train,__hf__,0,librispeech,20125
train,/lambda/nfs/algovirginia/workspace/DeepfakeDetectionRenewed/data/vcc2020/audio/T18/task1/team18_intra-TEM1_SEM2_E30005.wav,1,VCC2020_T18,
train,__hf__,0,librispeech,12190
train,__hf__,0,librispeech,22623
train,__hf__,0,librispeech,11376
train,__hf__,0,librispeech,1028
train,/lambda/nfs/algovirginia/workspace/DeepfakeDetectionRenewed/data/vcc2020/audio/T02/task1/team02_intra-TEM1_SEF1_E30003.wav,1,VCC2020_T02,
train,/lambda/nfs/algovirginia/workspace/DeepfakeDetectionRenewed/data/wavefake/generated_audio/ljspeech_full_band_melgan/LJ006-0109_gen.wav,1,ljspeech_full_band_melgan,
train,__hf__,0,librispeech,4136
train,/lambda/nfs/algovirginia/workspace/DeepfakeDetectionRenewed/data/wavefake/generated_audio/ljspeech_hifiGAN/LJ017-0108_generated.wav,1,ljspeech_hifiGAN,
train,/lambda/nfs/algovirginia/workspace/DeepfakeDetectionRenewed/data/vcc2020/audio/T17/task1/team17_intra-TEF1_SEF2_E30002.wav,1,VCC2020_T17,
train,__hf__,0,librispeech,2485
train,/lambda/nfs/algovirginia/workspace/DeepfakeDetectionRenewed/data/wavefake/generated_audio/ljspeech_parallel_wavegan/LJ004-0115_gen.wav,1,ljspeech_parallel_wavegan,
train,__hf__,0,librispeech,929
train,__hf__,0,librispeech,10962
train,__hf__,0,librispeech,9818
train,__hf__,0,librispeech,7929
train,__hf__,0,librispeech,10716
train,__hf__,0,librispeech,1807
train,__hf__,0,librispeech,11786
train,/lambda/nfs/algovirginia/workspace/DeepfakeDetectionRenewed/data/wavefake/generated_audio/ljspeech_hifiGAN/LJ042-0194_generated.wav,1,ljspeech_hifiGAN,
train,/lambda/nfs/algovirginia/workspace/DeepfakeDetectionRenewed/data/wavefake/generated_audio/ljspeech_hifiGAN/LJ040-0195_generated.wav,1,ljspeech_hifiGAN,
train,__hf__,0,librispeech,18395
train,__hf__,0,librispeech,14836
train,/lambda/nfs/algovirginia/workspace/DeepfakeDetectionRenewed/data/vcc2020/audio/T06/task1/team06_intra-TEM2_SEM1_E30005.wav,1,VCC2020_T06,
train,__hf__,0,librispeech,16242
train,__hf__,0,librispeech,18588
train,/lambda/nfs/algovirginia/workspace/DeepfakeDetectionRenewed/data/wavefake/generated_audio/ljspeech_full_band_melgan/LJ019-0040_gen.wav,1,ljspeech_full_band_melgan,
train,/lambda/nfs/algovirginia/workspace/DeepfakeDetectionRenewed/data/wavefake/generated_audio/ljspeech_parallel_wavegan/LJ032-0026_gen.wav,1,ljspeech_parallel_wavegan,
train,/lambda/nfs/algovirginia/workspace/DeepfakeDetectionRenewed/data/vcc2020/audio/T17/task1/team17_intra-TEM1_SEF2_E30001.wav,1,VCC2020_T17,
train,/lambda/nfs/algovirginia/workspace/DeepfakeDetectionRenewed/data/vcc2020/audio/T19/task1/team19_intra-TEM1_SEF2_E30005.wav,1,VCC2020_T19,
train,__hf__,0,librispeech,21197
train,/lambda/nfs/algovirginia/workspace/DeepfakeDetectionRenewed/data/vcc2020/audio/T16/task1/team16_intra-TEF1_SEM1_E30001.wav,1,VCC2020_T16,
train,/lambda/nfs/algovirginia/workspace/DeepfakeDetectionRenewed/data/wavefake/generated_audio/ljspeech_parallel_wavegan/LJ042-0176_gen.wav,1,ljspeech_parallel_wavegan,
train,/lambda/nfs/algovirginia/workspace/DeepfakeDetectionRenewed/data/wavefake/generated_audio/ljspeech_parallel_wavegan/LJ046-0145_gen.wav,1,ljspeech_parallel_wavegan,
train,/lambda/nfs/algovirginia/workspace/DeepfakeDetectionRenewed/data/vcc2020/audio/T24/task1/team24_intra-TEM2_SEF1_E30002.wav,1,VCC2020_T24,
train,/lambda/nfs/algovirginia/workspace/DeepfakeDetectionRenewed/data/wavefake/generated_audio/ljspeech_parallel_wavegan/LJ002-0137_gen.wav,1,ljspeech_parallel_wavegan,
train,__hf__,0,librispeech,911
train,/lambda/nfs/algovirginia/workspace/DeepfakeDetectionRenewed/data/vcc2020/audio/T23/task1/team23_intra-TEM1_SEM2_E30001.wav,1,VCC2020_T23,
train,/lambda/nfs/algovirginia/workspace/DeepfakeDetectionRenewed/data/vcc2020/audio/T12/task1/team12_intra-TEF2_SEM2_E30005.wav,1,VCC2020_T12,
train,__hf__,0,librispeech,28388
train,__hf__,0,librispeech,2070
train,/lambda/nfs/algovirginia/workspace/DeepfakeDetectionRenewed/data/vcc2020/audio/T26/task1/team26_intra-TEM2_SEM2_E30002.wav,1,VCC2020_T26,
train,/lambda/nfs/algovirginia/workspace/DeepfakeDetectionRenewed/data/vcc2020/audio/T30/task1/team30_intra-TEM1_SEM1_E30002.wav,1,VCC2020_T30,
train,/lambda/nfs/algovirginia/workspace/DeepfakeDetectionRenewed/data/wavefake/generated_audio/ljspeech_full_band_melgan/LJ028-0385_gen.wav,1,ljspeech_full_band_melgan,
train,/lambda/nfs/algovirginia/workspace/DeepfakeDetectionRenewed/data/wavefake/generated_audio/ljspeech_full_band_melgan/LJ034-0022_gen.wav,1,ljspeech_full_band_melgan,
train,/lambda/nfs/algovirginia/workspace/DeepfakeDetectionRenewed/data/vcc2020/audio/T33/task1/team33_intra-TEF2_SEM1_E30004.wav,1,VCC2020_T33,
train,/lambda/nfs/algovirginia/workspace/DeepfakeDetectionRenewed/data/vcc2020/audio/T07/task1/team07_intra-TEF2_SEF1_E30002.wav,1,VCC2020_T07,
train,/lambda/nfs/algovirginia/workspace/DeepfakeDetectionRenewed/data/wavefake/generated_audio/ljspeech_full_band_melgan/LJ005-0065_gen.wav,1,ljspeech_full_band_melgan,
train,__hf__,0,librispeech,22404
train,__hf__,0,librispeech,25789
train,__hf__,0,librispeech,23626
train,__hf__,0,librispeech,22015
train,__hf__,0,librispeech,23593
train,__hf__,0,librispeech,16289
train,__hf__,0,librispeech,24369
train,__hf__,0,librispeech,20117
train,__hf__,0,librispeech,16173
train,__hf__,0,librispeech,10171
train,/lambda/nfs/algovirginia/workspace/DeepfakeDetectionRenewed/data/wavefake/generated_audio/ljspeech_hifiGAN/LJ006-0016_generated.wav,1,ljspeech_hifiGAN,
train,__hf__,0,librispeech,6958
train,__hf__,0,librispeech,15442
train,/lambda/nfs/algovirginia/workspace/DeepfakeDetectionRenewed/data/vcc2020/audio/T11/task1/team11_intra-TEF2_SEF1_E30002.wav,1,VCC2020_T11,
train,/lambda/nfs/algovirginia/workspace/DeepfakeDetectionRenewed/data/vcc2020/audio/T30/task1/team30_intra-TEM1_SEF1_E30003.wav,1,VCC2020_T30,
train,__hf__,0,librispeech,2602
train,/lambda/nfs/algovirginia/workspace/DeepfakeDetectionRenewed/data/vcc2020/audio/T19/task1/team19_intra-TEF1_SEM1_E30001.wav,1,VCC2020_T19,
train,__hf__,0,librispeech,18014
train,__hf__,0,librispeech,13134
train,__hf__,0,librispeech,20869
train,__hf__,0,librispeech,3028
train,/lambda/nfs/algovirginia/workspace/DeepfakeDetectionRenewed/data/wavefake/generated_audio/ljspeech_hifiGAN/LJ047-0096_generated.wav,1,ljspeech_hifiGAN,
train,__hf__,0,librispeech,7733
train,/lambda/nfs/algovirginia/workspace/DeepfakeDetectionRenewed/data/vcc2020/audio/T17/task1/team17_intra-TEF1_SEM2_E30005.wav,1,VCC2020_T17,
train,__hf__,0,librispeech,163
train,__hf__,0,librispeech,18939
train,__hf__,0,librispeech,7286
train,/lambda/nfs/algovirginia/workspace/DeepfakeDetectionRenewed/data/vcc2020/audio/T33/task1/team33_intra-TEM2_SEF2_E30001.wav,1,VCC2020_T33,
train,/lambda/nfs/algovirginia/workspace/DeepfakeDetectionRenewed/data/vcc2020/audio/T27/task1/team27_intra-TEF1_SEF1_E30003.wav,1,VCC2020_T27,
train,__hf__,0,librispeech,23022
train,/lambda/nfs/algovirginia/workspace/DeepfakeDetectionRenewed/data/vcc2020/audio/T02/task1/team02_intra-TEF2_SEF2_E30005.wav,1,VCC2020_T02,
train,__hf__,0,librispeech,7663
train,__hf__,0,librispeech,15798
train,__hf__,0,librispeech,966
train,/lambda/nfs/algovirginia/workspace/DeepfakeDetectionRenewed/data/wavefake/generated_audio/ljspeech_hifiGAN/LJ011-0102_generated.wav,1,ljspeech_hifiGAN,
train,__hf__,0,librispeech,3247
train,__hf__,0,librispeech,13734
train,/lambda/nfs/algovirginia/workspace/DeepfakeDetectionRenewed/data/wavefake/generated_audio/ljspeech_parallel_wavegan/LJ020-0050_gen.wav,1,ljspeech_parallel_wavegan,
train,__hf__,0,librispeech,4922
train,__hf__,0,librispeech,10319
train,__hf__,0,librispeech,6047
train,/lambda/nfs/algovirginia/workspace/DeepfakeDetectionRenewed/data/wavefake/generated_audio/common_voices_prompts_from_conformer_fastspeech2_pwg_ljspeech/gen_16272.wav,1,common_voices_prompts_from_conformer_fastspeech2_pwg_ljspeech,
train,/lambda/nfs/algovirginia/workspace/DeepfakeDetectionRenewed/data/vcc2020/audio/T10/task1/team10_intra-TEF1_SEM1_E30003.wav,1,VCC2020_T10,
train,/lambda/nfs/algovirginia/workspace/DeepfakeDetectionRenewed/data/vcc2020/audio/T16/task1/team16_intra-TEM1_SEM2_E30002.wav,1,VCC2020_T16,
train,/lambda/nfs/algovirginia/workspace/DeepfakeDetectionRenewed/data/vcc2020/audio/T28/task1/team28_intra-TEM2_SEF1_E30003.wav,1,VCC2020_T28,
train,__hf__,0,librispeech,17543
train,__hf__,0,librispeech,23479
train,/lambda/nfs/algovirginia/workspace/DeepfakeDetectionRenewed/data/vcc2020/audio/T22/task1/team22_intra-TEM1_SEF2_E30002.wav,1,VCC2020_T22,
train,__hf__,0,librispeech,7490
train,__hf__,0,librispeech,22627
train,__hf__,0,librispeech,17178
train,__hf__,0,librispeech,4179
train,/lambda/nfs/algovirginia/workspace/DeepfakeDetectionRenewed/data/wavefake/generated_audio/common_voices_prompts_from_conformer_fastspeech2_pwg_ljspeech/gen_2606.wav,1,common_voices_prompts_from_conformer_fastspeech2_pwg_ljspeech,
train,/lambda/nfs/algovirginia/workspace/DeepfakeDetectionRenewed/data/wavefake/generated_audio/ljspeech_parallel_wavegan/LJ023-0116_gen.wav,1,ljspeech_parallel_wavegan,
train,/lambda/nfs/algovirginia/workspace/DeepfakeDetectionRenewed/data/wavefake/generated_audio/ljspeech_parallel_wavegan/LJ041-0031_gen.wav,1,ljspeech_parallel_wavegan,
train,/lambda/nfs/algovirginia/workspace/DeepfakeDetectionRenewed/data/vcc2020/audio/T08/task1/team08_intra-TEM1_SEM1_E30002.wav,1,VCC2020_T08,
train,__hf__,0,librispeech,18965
train,__hf__,0,librispeech,26904
train,__hf__,0,librispeech,17350
train,__hf__,0,librispeech,17684
train,/lambda/nfs/algovirginia/workspace/DeepfakeDetectionRenewed/data/vcc2020/audio/T29/task1/team29_intra-TEF2_SEF1_E30003.wav,1,VCC2020_T29,
train,/lambda/nfs/algovirginia/workspace/DeepfakeDetectionRenewed/data/vcc2020/audio/T24/task1/team24_intra-TEF1_SEF1_E30004.wav,1,VCC2020_T24,
train,__hf__,0,librispeech,2474
train,__hf__,0,librispeech,12165
train,__hf__,0,librispeech,20072
train,__hf__,0,librispeech,8310
train,__hf__,0,librispeech,19846
train,__hf__,0,librispeech,27926
train,__hf__,0,librispeech,13568
train,/lambda/nfs/algovirginia/workspace/DeepfakeDetectionRenewed/data/wavefake/generated_audio/ljspeech_full_band_melgan/LJ042-0187_gen.wav,1,ljspeech_full_band_melgan,
train,__hf__,0,librispeech,23528
train,/lambda/nfs/algovirginia/workspace/DeepfakeDetectionRenewed/data/vcc2020/audio/T22/task1/team22_intra-TEF2_SEF2_E30003.wav,1,VCC2020_T22,
train,__hf__,0,librispeech,18399
train,/lambda/nfs/algovirginia/workspace/DeepfakeDetectionRenewed/data/vcc2020/audio/T26/task1/team26_intra-TEM2_SEM1_E30003.wav,1,VCC2020_T26,
train,__hf__,0,librispeech,6496
train,/lambda/nfs/algovirginia/workspace/DeepfakeDetectionRenewed/data/wavefake/generated_audio/ljspeech_parallel_wavegan/LJ007-0229_gen.wav,1,ljspeech_parallel_wavegan,
train,/lambda/nfs/algovirginia/workspace/DeepfakeDetectionRenewed/data/vcc2020/audio/T29/task1/team29_intra-TEM2_SEF1_E30005.wav,1,VCC2020_T29,
train,__hf__,0,librispeech,17236
train,/lambda/nfs/algovirginia/workspace/DeepfakeDetectionRenewed/data/wavefake/generated_audio/common_voices_prompts_from_conformer_fastspeech2_pwg_ljspeech/gen_869.wav,1,common_voices_prompts_from_conformer_fastspeech2_pwg_ljspeech,
train,/lambda/nfs/algovirginia/workspace/DeepfakeDetectionRenewed/data/vcc2020/audio/T13/task1/team13_intra-TEF2_SEM1_E30002.wav,1,VCC2020_T13,
train,__hf__,0,librispeech,2686
train,/lambda/nfs/algovirginia/workspace/DeepfakeDetectionRenewed/data/vcc2020/audio/T09/task1/team09_intra-TEF2_SEM2_E30002.wav,1,VCC2020_T09,
train,/lambda/nfs/algovirginia/workspace/DeepfakeDetectionRenewed/data/wavefake/generated_audio/ljspeech_full_band_melgan/LJ042-0194_gen.wav,1,ljspeech_full_band_melgan,
train,/lambda/nfs/algovirginia/workspace/DeepfakeDetectionRenewed/data/vcc2020/audio/T20/task1/team20_intra-TEF2_SEF2_E30001.wav,1,VCC2020_T20,
train,__hf__,0,librispeech,4724
train,/lambda/nfs/algovirginia/workspace/DeepfakeDetectionRenewed/data/wavefake/generated_audio/ljspeech_full_band_melgan/LJ043-0022_gen.wav,1,ljspeech_full_band_melgan,
train,/lambda/nfs/algovirginia/workspace/DeepfakeDetectionRenewed/data/vcc2020/audio/T21/task1/team21_intra-TEF1_SEF1_E30004.wav,1,VCC2020_T21,
train,/lambda/nfs/algovirginia/workspace/DeepfakeDetectionRenewed/data/wavefake/generated_audio/ljspeech_parallel_wavegan/LJ024-0127_gen.wav,1,ljspeech_parallel_wavegan,
train,__hf__,0,librispeech,22584
train,/lambda/nfs/algovirginia/workspace/DeepfakeDetectionRenewed/data/vcc2020/audio/T07/task1/team07_intra-TEM2_SEF2_E30002.wav,1,VCC2020_T07,
train,__hf__,0,librispeech,12757
train,__hf__,0,librispeech,12179
train,/lambda/nfs/algovirginia/workspace/DeepfakeDetectionRenewed/data/vcc2020/audio/T29/task1/team29_intra-TEF2_SEM1_E30003.wav,1,VCC2020_T29,
train,__hf__,0,librispeech,16232
train,/lambda/nfs/algovirginia/workspace/DeepfakeDetectionRenewed/data/vcc2020/audio/T08/task1/team08_intra-TEM1_SEF1_E30005.wav,1,VCC2020_T08,
train,__hf__,0,librispeech,124
train,/lambda/nfs/algovirginia/workspace/DeepfakeDetectionRenewed/data/vcc2020/audio/T28/task1/team28_intra-TEF2_SEF1_E30001.wav,1,VCC2020_T28,
train,/lambda/nfs/algovirginia/workspace/DeepfakeDetectionRenewed/data/vcc2020/audio/T10/task1/team10_intra-TEM1_SEF1_E30001.wav,1,VCC2020_T10,
train,__hf__,0,librispeech,10256
train,/lambda/nfs/algovirginia/workspace/DeepfakeDetectionRenewed/data/vcc2020/audio/T23/task1/team23_intra-TEF1_SEM2_E30002.wav,1,VCC2020_T23,
train,__hf__,0,librispeech,4926
train,__hf__,0,librispeech,25306
train,__hf__,0,librispeech,19966
train,__hf__,0,librispeech,14971
train,/lambda/nfs/algovirginia/workspace/DeepfakeDetectionRenewed/data/vcc2020/audio/T21/task1/team21_intra-TEF1_SEF1_E30003.wav,1,VCC2020_T21,
train,/lambda/nfs/algovirginia/workspace/DeepfakeDetectionRenewed/data/vcc2020/audio/T12/task1/team12_intra-TEF1_SEM2_E30001.wav,1,VCC2020_T12,
train,/lambda/nfs/algovirginia/workspace/DeepfakeDetectionRenewed/data/vcc2020/audio/T11/task1/team11_intra-TEM2_SEM1_E30003.wav,1,VCC2020_T11,
train,__hf__,0,librispeech,11524
train,/lambda/nfs/algovirginia/workspace/DeepfakeDetectionRenewed/data/wavefake/generated_audio/ljspeech_full_band_melgan/LJ007-0127_gen.wav,1,ljspeech_full_band_melgan,
train,/lambda/nfs/algovirginia/workspace/DeepfakeDetectionRenewed/data/vcc2020/audio/T14/task1/team14_intra-TEM2_SEM2_E30004.wav,1,VCC2020_T14,
train,/lambda/nfs/algovirginia/workspace/DeepfakeDetectionRenewed/data/vcc2020/audio/T33/task1/team33_intra-TEM1_SEM1_E30001.wav,1,VCC2020_T33,
train,/lambda/nfs/algovirginia/workspace/DeepfakeDetectionRenewed/data/vcc2020/audio/T22/task1/team22_intra-TEM1_SEM1_E30002.wav,1,VCC2020_T22,
train,__hf__,0,librispeech,1890
train,/lambda/nfs/algovirginia/workspace/DeepfakeDetectionRenewed/data/wavefake/generated_audio/ljspeech_hifiGAN/LJ005-0150_generated.wav,1,ljspeech_hifiGAN,
train,/lambda/nfs/algovirginia/workspace/DeepfakeDetectionRenewed/data/vcc2020/audio/T17/task1/team17_intra-TEM1_SEM1_E30002.wav,1,VCC2020_T17,
train,/lambda/nfs/algovirginia/workspace/DeepfakeDetectionRenewed/data/wavefake/generated_audio/common_voices_prompts_from_conformer_fastspeech2_pwg_ljspeech/gen_14476.wav,1,common_voices_prompts_from_conformer_fastspeech2_pwg_ljspeech,
train,/lambda/nfs/algovirginia/workspace/DeepfakeDetectionRenewed/data/vcc2020/audio/T17/task1/team17_intra-TEM2_SEF2_E30002.wav,1,VCC2020_T17,
train,__hf__,0,librispeech,17034
train,__hf__,0,librispeech,22229
train,/lambda/nfs/algovirginia/workspace/DeepfakeDetectionRenewed/data/wavefake/generated_audio/common_voices_prompts_from_conformer_fastspeech2_pwg_ljspeech/gen_10311.wav,1,common_voices_prompts_from_conformer_fastspeech2_pwg_ljspeech,
train,__hf__,0,librispeech,25650
train,__hf__,0,librispeech,11076
train,__hf__,0,librispeech,20921
train,__hf__,0,librispeech,8096
train,__hf__,0,librispeech,13553
train,__hf__,0,librispeech,815
train,__hf__,0,librispeech,4471
train,__hf__,0,librispeech,1175
train,/lambda/nfs/algovirginia/workspace/DeepfakeDetectionRenewed/data/wavefake/generated_audio/ljspeech_parallel_wavegan/LJ017-0098_gen.wav,1,ljspeech_parallel_wavegan,
train,/lambda/nfs/algovirginia/workspace/DeepfakeDetectionRenewed/data/vcc2020/audio/T14/task1/team14_intra-TEF1_SEM1_E30004.wav,1,VCC2020_T14,
train,/lambda/nfs/algovirginia/workspace/DeepfakeDetectionRenewed/data/wavefake/generated_audio/ljspeech_hifiGAN/LJ019-0176_generated.wav,1,ljspeech_hifiGAN,
train,/lambda/nfs/algovirginia/workspace/DeepfakeDetectionRenewed/data/wavefake/generated_audio/ljspeech_hifiGAN/LJ010-0051_generated.wav,1,ljspeech_hifiGAN,
train,/lambda/nfs/algovirginia/workspace/DeepfakeDetectionRenewed/data/wavefake/generated_audio/common_voices_prompts_from_conformer_fastspeech2_pwg_ljspeech/gen_2309.wav,1,common_voices_prompts_from_conformer_fastspeech2_pwg_ljspeech,
train,/lambda/nfs/algovirginia/workspace/DeepfakeDetectionRenewed/data/wavefake/generated_audio/ljspeech_parallel_wavegan/LJ007-0213_gen.wav,1,ljspeech_parallel_wavegan,
train,__hf__,0,librispeech,20370
train,__hf__,0,librispeech,25476
train,__hf__,0,librispeech,13502
train,/lambda/nfs/algovirginia/workspace/DeepfakeDetectionRenewed/data/wavefake/generated_audio/ljspeech_hifiGAN/LJ012-0247_generated.wav,1,ljspeech_hifiGAN,
train,/lambda/nfs/algovirginia/workspace/DeepfakeDetectionRenewed/data/wavefake/generated_audio/common_voices_prompts_from_conformer_fastspeech2_pwg_ljspeech/gen_5727.wav,1,common_voices_prompts_from_conformer_fastspeech2_pwg_ljspeech,
train,/lambda/nfs/algovirginia/workspace/DeepfakeDetectionRenewed/data/vcc2020/audio/T29/task1/team29_intra-TEF2_SEM2_E30001.wav,1,VCC2020_T29,
train,__hf__,0,librispeech,1949
train,/lambda/nfs/algovirginia/workspace/DeepfakeDetectionRenewed/data/vcc2020/audio/T07/task1/team07_intra-TEM1_SEF2_E30002.wav,1,VCC2020_T07,
train,/lambda/nfs/algovirginia/workspace/DeepfakeDetectionRenewed/data/wavefake/generated_audio/common_voices_prompts_from_conformer_fastspeech2_pwg_ljspeech/gen_4276.wav,1,common_voices_prompts_from_conformer_fastspeech2_pwg_ljspeech,
train,/lambda/nfs/algovirginia/workspace/DeepfakeDetectionRenewed/data/vcc2020/audio/T21/task1/team21_intra-TEF1_SEF1_E30002.wav,1,VCC2020_T21,
train,__hf__,0,librispeech,26508
train,/lambda/nfs/algovirginia/workspace/DeepfakeDetectionRenewed/data/vcc2020/audio/T27/task1/team27_intra-TEM1_SEF2_E30003.wav,1,VCC2020_T27,
train,/lambda/nfs/algovirginia/workspace/DeepfakeDetectionRenewed/data/wavefake/generated_audio/common_voices_prompts_from_conformer_fastspeech2_pwg_ljspeech/gen_3004.wav,1,common_voices_prompts_from_conformer_fastspeech2_pwg_ljspeech,
train,/lambda/nfs/algovirginia/workspace/DeepfakeDetectionRenewed/data/vcc2020/audio/T10/task1/team10_intra-TEF1_SEM1_E30004.wav,1,VCC2020_T10,
train,/lambda/nfs/algovirginia/workspace/DeepfakeDetectionRenewed/data/vcc2020/audio/T29/task1/team29_intra-TEF2_SEF2_E30001.wav,1,VCC2020_T29,
train,__hf__,0,librispeech,5077
train,/lambda/nfs/algovirginia/workspace/DeepfakeDetectionRenewed/data/vcc2020/audio/T14/task1/team14_intra-TEM1_SEF2_E30005.wav,1,VCC2020_T14,
train,__hf__,0,librispeech,3942
train,/lambda/nfs/algovirginia/workspace/DeepfakeDetectionRenewed/data/vcc2020/audio/T09/task1/team09_intra-TEM1_SEF2_E30005.wav,1,VCC2020_T09,
train,/lambda/nfs/algovirginia/workspace/DeepfakeDetectionRenewed/data/vcc2020/audio/T03/task1/team03_intra-TEM1_SEF1_E30005.wav,1,VCC2020_T03,
train,__hf__,0,librispeech,20938
train,__hf__,0,librispeech,16904
train,/lambda/nfs/algovirginia/workspace/DeepfakeDetectionRenewed/data/vcc2020/audio/T19/task1/team19_intra-TEF2_SEF1_E30005.wav,1,VCC2020_T19,
train,/lambda/nfs/algovirginia/workspace/DeepfakeDetectionRenewed/data/vcc2020/audio/T29/task1/team29_intra-TEM2_SEF1_E30001.wav,1,VCC2020_T29,
train,/lambda/nfs/algovirginia/workspace/DeepfakeDetectionRenewed/data/wavefake/generated_audio/ljspeech_full_band_melgan/LJ030-0222_gen.wav,1,ljspeech_full_band_melgan,
train,__hf__,0,librispeech,1506
train,/lambda/nfs/algovirginia/workspace/DeepfakeDetectionRenewed/data/vcc2020/audio/T13/task1/team13_intra-TEF1_SEF1_E30005.wav,1,VCC2020_T13,
train,__hf__,0,librispeech,3091
train,/lambda/nfs/algovirginia/workspace/DeepfakeDetectionRenewed/data/vcc2020/audio/T32/task1/team32_intra-TEM1_SEM1_E30004.wav,1,VCC2020_T32,
train,__hf__,0,librispeech,8080
train,/lambda/nfs/algovirginia/workspace/DeepfakeDetectionRenewed/data/vcc2020/audio/T04/task1/team04_intra-TEM1_SEM1_E30005.wav,1,VCC2020_T04,
train,/lambda/nfs/algovirginia/workspace/DeepfakeDetectionRenewed/data/vcc2020/audio/T08/task1/team08_intra-TEM1_SEM1_E30003.wav,1,VCC2020_T08,
train,/lambda/nfs/algovirginia/workspace/DeepfakeDetectionRenewed/data/wavefake/generated_audio/ljspeech_parallel_wavegan/LJ026-0101_gen.wav,1,ljspeech_parallel_wavegan,
train,/lambda/nfs/algovirginia/workspace/DeepfakeDetectionRenewed/data/wavefake/generated_audio/ljspeech_full_band_melgan/LJ019-0024_gen.wav,1,ljspeech_full_band_melgan,
train,__hf__,0,librispeech,21263
train,/lambda/nfs/algovirginia/workspace/DeepfakeDetectionRenewed/data/wavefake/generated_audio/ljspeech_hifiGAN/LJ038-0063_generated.wav,1,ljspeech_hifiGAN,
train,/lambda/nfs/algovirginia/workspace/DeepfakeDetectionRenewed/data/wavefake/generated_audio/ljspeech_parallel_wavegan/LJ041-0085_gen.wav,1,ljspeech_parallel_wavegan,
train,__hf__,0,librispeech,3200
train,__hf__,0,librispeech,11735
train,__hf__,0,librispeech,20715
train,/lambda/nfs/algovirginia/workspace/DeepfakeDetectionRenewed/data/vcc2020/audio/T02/task1/team02_intra-TEF2_SEM2_E30005.wav,1,VCC2020_T02,
train,/lambda/nfs/algovirginia/workspace/DeepfakeDetectionRenewed/data/vcc2020/audio/T04/task1/team04_intra-TEF1_SEM1_E30002.wav,1,VCC2020_T04,
train,/lambda/nfs/algovirginia/workspace/DeepfakeDetectionRenewed/data/vcc2020/audio/T11/task1/team11_intra-TEF1_SEF1_E30005.wav,1,VCC2020_T11,
train,/lambda/nfs/algovirginia/workspace/DeepfakeDetectionRenewed/data/vcc2020/audio/T19/task1/team19_intra-TEF1_SEF2_E30003.wav,1,VCC2020_T19,
train,/lambda/nfs/algovirginia/workspace/DeepfakeDetectionRenewed/data/wavefake/generated_audio/ljspeech_full_band_melgan/LJ037-0195_gen.wav,1,ljspeech_full_band_melgan,
train,/lambda/nfs/algovirginia/workspace/DeepfakeDetectionRenewed/data/vcc2020/audio/T25/task1/team25_intra-TEF2_SEF1_E30005.wav,1,VCC2020_T25,
train,__hf__,0,librispeech,24190
train,__hf__,0,librispeech,2865
train,/lambda/nfs/algovirginia/workspace/DeepfakeDetectionRenewed/data/wavefake/generated_audio/common_voices_prompts_from_conformer_fastspeech2_pwg_ljspeech/gen_16136.wav,1,common_voices_prompts_from_conformer_fastspeech2_pwg_ljspeech,
train,__hf__,0,librispeech,14741
train,/lambda/nfs/algovirginia/workspace/DeepfakeDetectionRenewed/data/wavefake/generated_audio/ljspeech_full_band_melgan/LJ045-0012_gen.wav,1,ljspeech_full_band_melgan,
train,__hf__,0,librispeech,7943
train,__hf__,0,librispeech,21849
train,__hf__,0,librispeech,12019
train,/lambda/nfs/algovirginia/workspace/DeepfakeDetectionRenewed/data/wavefake/generated_audio/common_voices_prompts_from_conformer_fastspeech2_pwg_ljspeech/gen_10917.wav,1,common_voices_prompts_from_conformer_fastspeech2_pwg_ljspeech,
train,/lambda/nfs/algovirginia/workspace/DeepfakeDetectionRenewed/data/wavefake/generated_audio/ljspeech_full_band_melgan/LJ040-0121_gen.wav,1,ljspeech_full_band_melgan,
train,/lambda/nfs/algovirginia/workspace/DeepfakeDetectionRenewed/data/wavefake/generated_audio/common_voices_prompts_from_conformer_fastspeech2_pwg_ljspeech/gen_5338.wav,1,common_voices_prompts_from_conformer_fastspeech2_pwg_ljspeech,
train,__hf__,0,librispeech,23291
train,__hf__,0,librispeech,18999
train,__hf__,0,librispeech,18417
train,__hf__,0,librispeech,20700
train,/lambda/nfs/algovirginia/workspace/DeepfakeDetectionRenewed/data/wavefake/generated_audio/common_voices_prompts_from_conformer_fastspeech2_pwg_ljspeech/gen_3815.wav,1,common_voices_prompts_from_conformer_fastspeech2_pwg_ljspeech,
train,__hf__,0,librispeech,15262
train,/lambda/nfs/algovirginia/workspace/DeepfakeDetectionRenewed/data/wavefake/generated_audio/ljspeech_hifiGAN/LJ032-0027_generated.wav,1,ljspeech_hifiGAN,
train,/lambda/nfs/algovirginia/workspace/DeepfakeDetectionRenewed/data/vcc2020/audio/T22/task1/team22_intra-TEF2_SEF1_E30004.wav,1,VCC2020_T22,
train,/lambda/nfs/algovirginia/workspace/DeepfakeDetectionRenewed/data/wavefake/generated_audio/ljspeech_hifiGAN/LJ027-0180_generated.wav,1,ljspeech_hifiGAN,
train,__hf__,0,librispeech,5449
train,/lambda/nfs/algovirginia/workspace/DeepfakeDetectionRenewed/data/wavefake/generated_audio/ljspeech_full_band_melgan/LJ014-0002_gen.wav,1,ljspeech_full_band_melgan,
train,__hf__,0,librispeech,17986
train,__hf__,0,librispeech,2871
train,__hf__,0,librispeech,6356
train,__hf__,0,librispeech,19453
train,/lambda/nfs/algovirginia/workspace/DeepfakeDetectionRenewed/data/vcc2020/audio/T09/task1/team09_intra-TEF2_SEF1_E30004.wav,1,VCC2020_T09,
train,__hf__,0,librispeech,22688
train,/lambda/nfs/algovirginia/workspace/DeepfakeDetectionRenewed/data/vcc2020/audio/T06/task1/team06_intra-TEM1_SEF2_E30002.wav,1,VCC2020_T06,
train,/lambda/nfs/algovirginia/workspace/DeepfakeDetectionRenewed/data/vcc2020/audio/T13/task1/team13_intra-TEF1_SEF2_E30004.wav,1,VCC2020_T13,
train,/lambda/nfs/algovirginia/workspace/DeepfakeDetectionRenewed/data/vcc2020/audio/T11/task1/team11_intra-TEF2_SEF2_E30004.wav,1,VCC2020_T11,
train,/lambda/nfs/algovirginia/workspace/DeepfakeDetectionRenewed/data/wavefake/generated_audio/ljspeech_hifiGAN/LJ042-0056_generated.wav,1,ljspeech_hifiGAN,
train,/lambda/nfs/algovirginia/workspace/DeepfakeDetectionRenewed/data/vcc2020/audio/T23/task1/team23_intra-TEM1_SEF1_E30002.wav,1,VCC2020_T23,
train,__hf__,0,librispeech,5451
train,__hf__,0,librispeech,15886
train,__hf__,0,librispeech,23906
train,/lambda/nfs/algovirginia/workspace/DeepfakeDetectionRenewed/data/wavefake/generated_audio/common_voices_prompts_from_conformer_fastspeech2_pwg_ljspeech/gen_4730.wav,1,common_voices_prompts_from_conformer_fastspeech2_pwg_ljspeech,
train,/lambda/nfs/algovirginia/workspace/DeepfakeDetectionRenewed/data/vcc2020/audio/T24/task1/team24_intra-TEM2_SEF1_E30004.wav,1,VCC2020_T24,
train,/lambda/nfs/algovirginia/workspace/DeepfakeDetectionRenewed/data/vcc2020/audio/T16/task1/team16_intra-TEM2_SEM2_E30001.wav,1,VCC2020_T16,
train,__hf__,0,librispeech,28181
train,/lambda/nfs/algovirginia/workspace/DeepfakeDetectionRenewed/data/wavefake/generated_audio/common_voices_prompts_from_conformer_fastspeech2_pwg_ljspeech/gen_14141.wav,1,common_voices_prompts_from_conformer_fastspeech2_pwg_ljspeech,
train,/lambda/nfs/algovirginia/workspace/DeepfakeDetectionRenewed/data/vcc2020/audio/T26/task1/team26_intra-TEF1_SEF1_E30005.wav,1,VCC2020_T26,
train,/lambda/nfs/algovirginia/workspace/DeepfakeDetectionRenewed/data/wavefake/generated_audio/ljspeech_full_band_melgan/LJ007-0041_gen.wav,1,ljspeech_full_band_melgan,
train,__hf__,0,librispeech,782
train,__hf__,0,librispeech,14487
train,__hf__,0,librispeech,11244
train,__hf__,0,librispeech,168
train,/lambda/nfs/algovirginia/workspace/DeepfakeDetectionRenewed/data/vcc2020/audio/T31/task1/team31_intra-TEF2_SEF1_E30001.wav,1,VCC2020_T31,
train,/lambda/nfs/algovirginia/workspace/DeepfakeDetectionRenewed/data/vcc2020/audio/T31/task1/team31_intra-TEM2_SEF1_E30005.wav,1,VCC2020_T31,
train,/lambda/nfs/algovirginia/workspace/DeepfakeDetectionRenewed/data/wavefake/generated_audio/ljspeech_parallel_wavegan/LJ046-0090_gen.wav,1,ljspeech_parallel_wavegan,
train,__hf__,0,librispeech,13232
train,__hf__,0,librispeech,15521
train,/lambda/nfs/algovirginia/workspace/DeepfakeDetectionRenewed/data/wavefake/generated_audio/ljspeech_hifiGAN/LJ012-0179_generated.wav,1,ljspeech_hifiGAN,
train,/lambda/nfs/algovirginia/workspace/DeepfakeDetectionRenewed/data/vcc2020/audio/T33/task1/team33_intra-TEF2_SEM1_E30001.wav,1,VCC2020_T33,
train,__hf__,0,librispeech,18970
train,/lambda/nfs/algovirginia/workspace/DeepfakeDetectionRenewed/data/wavefake/generated_audio/ljspeech_hifiGAN/LJ007-0183_generated.wav,1,ljspeech_hifiGAN,
train,/lambda/nfs/algovirginia/workspace/DeepfakeDetectionRenewed/data/vcc2020/audio/T17/task1/team17_intra-TEF1_SEM1_E30002.wav,1,VCC2020_T17,
train,/lambda/nfs/algovirginia/workspace/DeepfakeDetectionRenewed/data/wavefake/generated_audio/common_voices_prompts_from_conformer_fastspeech2_pwg_ljspeech/gen_11585.wav,1,common_voices_prompts_from_conformer_fastspeech2_pwg_ljspeech,
train,__hf__,0,librispeech,25325
train,/lambda/nfs/algovirginia/workspace/DeepfakeDetectionRenewed/data/wavefake/generated_audio/common_voices_prompts_from_conformer_fastspeech2_pwg_ljspeech/gen_6696.wav,1,common_voices_prompts_from_conformer_fastspeech2_pwg_ljspeech,
train,__hf__,0,librispeech,22085
train,__hf__,0,librispeech,16905
train,__hf__,0,librispeech,19171
train,/lambda/nfs/algovirginia/workspace/DeepfakeDetectionRenewed/data/vcc2020/audio/T08/task1/team08_intra-TEF2_SEM2_E30004.wav,1,VCC2020_T08,
train,/lambda/nfs/algovirginia/workspace/DeepfakeDetectionRenewed/data/wavefake/generated_audio/ljspeech_hifiGAN/LJ031-0092_generated.wav,1,ljspeech_hifiGAN,
train,/lambda/nfs/algovirginia/workspace/DeepfakeDetectionRenewed/data/wavefake/generated_audio/common_voices_prompts_from_conformer_fastspeech2_pwg_ljspeech/gen_110.wav,1,common_voices_prompts_from_conformer_fastspeech2_pwg_ljspeech,
train,/lambda/nfs/algovirginia/workspace/DeepfakeDetectionRenewed/data/wavefake/generated_audio/ljspeech_parallel_wavegan/LJ044-0012_gen.wav,1,ljspeech_parallel_wavegan,
train,__hf__,0,librispeech,28089
train,/lambda/nfs/algovirginia/workspace/DeepfakeDetectionRenewed/data/wavefake/generated_audio/common_voices_prompts_from_conformer_fastspeech2_pwg_ljspeech/gen_4074.wav,1,common_voices_prompts_from_conformer_fastspeech2_pwg_ljspeech,
train,__hf__,0,librispeech,15941
train,/lambda/nfs/algovirginia/workspace/DeepfakeDetectionRenewed/data/wavefake/generated_audio/ljspeech_full_band_melgan/LJ009-0166_gen.wav,1,ljspeech_full_band_melgan,
train,__hf__,0,librispeech,14990
train,__hf__,0,librispeech,285
train,__hf__,0,librispeech,17502
train,/lambda/nfs/algovirginia/workspace/DeepfakeDetectionRenewed/data/wavefake/generated_audio/ljspeech_full_band_melgan/LJ003-0120_gen.wav,1,ljspeech_full_band_melgan,
train,__hf__,0,librispeech,5137
train,/lambda/nfs/algovirginia/workspace/DeepfakeDetectionRenewed/data/wavefake/generated_audio/ljspeech_parallel_wavegan/LJ016-0042_gen.wav,1,ljspeech_parallel_wavegan,
train,__hf__,0,librispeech,13112
train,/lambda/nfs/algovirginia/workspace/DeepfakeDetectionRenewed/data/wavefake/generated_audio/common_voices_prompts_from_conformer_fastspeech2_pwg_ljspeech/gen_9117.wav,1,common_voices_prompts_from_conformer_fastspeech2_pwg_ljspeech,
train,/lambda/nfs/algovirginia/workspace/DeepfakeDetectionRenewed/data/wavefake/generated_audio/ljspeech_full_band_melgan/LJ016-0281_gen.wav,1,ljspeech_full_band_melgan,
train,/lambda/nfs/algovirginia/workspace/DeepfakeDetectionRenewed/data/vcc2020/audio/T12/task1/team12_intra-TEF1_SEM1_E30002.wav,1,VCC2020_T12,
train,__hf__,0,librispeech,24310
train,__hf__,0,librispeech,3959
train,__hf__,0,librispeech,2305
train,__hf__,0,librispeech,18296
train,__hf__,0,librispeech,463
train,/lambda/nfs/algovirginia/workspace/DeepfakeDetectionRenewed/data/vcc2020/audio/T18/task1/team18_intra-TEM1_SEF2_E30003.wav,1,VCC2020_T18,
train,/lambda/nfs/algovirginia/workspace/DeepfakeDetectionRenewed/data/vcc2020/audio/T17/task1/team17_intra-TEM1_SEM2_E30005.wav,1,VCC2020_T17,
train,/lambda/nfs/algovirginia/workspace/DeepfakeDetectionRenewed/data/wavefake/generated_audio/ljspeech_full_band_melgan/LJ002-0146_gen.wav,1,ljspeech_full_band_melgan,
train,__hf__,0,librispeech,12203
train,/lambda/nfs/algovirginia/workspace/DeepfakeDetectionRenewed/data/wavefake/generated_audio/common_voices_prompts_from_conformer_fastspeech2_pwg_ljspeech/gen_4330.wav,1,common_voices_prompts_from_conformer_fastspeech2_pwg_ljspeech,
train,/lambda/nfs/algovirginia/workspace/DeepfakeDetectionRenewed/data/wavefake/generated_audio/ljspeech_hifiGAN/LJ009-0139_generated.wav,1,ljspeech_hifiGAN,
train,__hf__,0,librispeech,11148
train,/lambda/nfs/algovirginia/workspace/DeepfakeDetectionRenewed/data/wavefake/generated_audio/common_voices_prompts_from_conformer_fastspeech2_pwg_ljspeech/gen_5559.wav,1,common_voices_prompts_from_conformer_fastspeech2_pwg_ljspeech,
train,__hf__,0,librispeech,5889
train,/lambda/nfs/algovirginia/workspace/DeepfakeDetectionRenewed/data/wavefake/generated_audio/ljspeech_parallel_wavegan/LJ011-0116_gen.wav,1,ljspeech_parallel_wavegan,
train,__hf__,0,librispeech,15711
train,/lambda/nfs/algovirginia/workspace/DeepfakeDetectionRenewed/data/vcc2020/audio/T22/task1/team22_intra-TEM1_SEF1_E30001.wav,1,VCC2020_T22,
train,/lambda/nfs/algovirginia/workspace/DeepfakeDetectionRenewed/data/wavefake/generated_audio/common_voices_prompts_from_conformer_fastspeech2_pwg_ljspeech/gen_10892.wav,1,common_voices_prompts_from_conformer_fastspeech2_pwg_ljspeech,
train,__hf__,0,librispeech,4791
train,/lambda/nfs/algovirginia/workspace/DeepfakeDetectionRenewed/data/wavefake/generated_audio/common_voices_prompts_from_conformer_fastspeech2_pwg_ljspeech/gen_2979.wav,1,common_voices_prompts_from_conformer_fastspeech2_pwg_ljspeech,
train,/lambda/nfs/algovirginia/workspace/DeepfakeDetectionRenewed/data/vcc2020/audio/T06/task1/team06_intra-TEF1_SEM2_E30003.wav,1,VCC2020_T06,
train,__hf__,0,librispeech,5774
train,/lambda/nfs/algovirginia/workspace/DeepfakeDetectionRenewed/data/vcc2020/audio/T16/task1/team16_intra-TEM1_SEM1_E30001.wav,1,VCC2020_T16,
train,__hf__,0,librispeech,26551
train,/lambda/nfs/algovirginia/workspace/DeepfakeDetectionRenewed/data/vcc2020/audio/T17/task1/team17_intra-TEM2_SEF2_E30001.wav,1,VCC2020_T17,
train,__hf__,0,librispeech,2201
train,/lambda/nfs/algovirginia/workspace/DeepfakeDetectionRenewed/data/vcc2020/audio/T23/task1/team23_intra-TEF2_SEM1_E30004.wav,1,VCC2020_T23,
train,__hf__,0,librispeech,11261
train,/lambda/nfs/algovirginia/workspace/DeepfakeDetectionRenewed/data/wavefake/generated_audio/ljspeech_parallel_wavegan/LJ046-0192_gen.wav,1,ljspeech_parallel_wavegan,
train,/lambda/nfs/algovirginia/workspace/DeepfakeDetectionRenewed/data/vcc2020/audio/T11/task1/team11_intra-TEM1_SEF1_E30003.wav,1,VCC2020_T11,
train,__hf__,0,librispeech,17078
train,__hf__,0,librispeech,12130
train,/lambda/nfs/algovirginia/workspace/DeepfakeDetectionRenewed/data/wavefake/generated_audio/ljspeech_parallel_wavegan/LJ044-0065_gen.wav,1,ljspeech_parallel_wavegan,
train,__hf__,0,librispeech,27978
train,/lambda/nfs/algovirginia/workspace/DeepfakeDetectionRenewed/data/wavefake/generated_audio/ljspeech_hifiGAN/LJ041-0146_generated.wav,1,ljspeech_hifiGAN,
train,__hf__,0,librispeech,10236
train,/lambda/nfs/algovirginia/workspace/DeepfakeDetectionRenewed/data/wavefake/generated_audio/ljspeech_parallel_wavegan/LJ016-0444_gen.wav,1,ljspeech_parallel_wavegan,
train,__hf__,0,librispeech,11579
train,__hf__,0,librispeech,6398
train,__hf__,0,librispeech,1362
train,/lambda/nfs/algovirginia/workspace/DeepfakeDetectionRenewed/data/wavefake/generated_audio/ljspeech_parallel_wavegan/LJ031-0200_gen.wav,1,ljspeech_parallel_wavegan,
train,__hf__,0,librispeech,17796
train,/lambda/nfs/algovirginia/workspace/DeepfakeDetectionRenewed/data/vcc2020/audio/T03/task1/team03_intra-TEF1_SEM1_E30003.wav,1,VCC2020_T03,
train,/lambda/nfs/algovirginia/workspace/DeepfakeDetectionRenewed/data/vcc2020/audio/T18/task1/team18_intra-TEM2_SEF1_E30001.wav,1,VCC2020_T18,
train,__hf__,0,librispeech,4584
train,/lambda/nfs/algovirginia/workspace/DeepfakeDetectionRenewed/data/wavefake/generated_audio/common_voices_prompts_from_conformer_fastspeech2_pwg_ljspeech/gen_15853.wav,1,common_voices_prompts_from_conformer_fastspeech2_pwg_ljspeech,
train,__hf__,0,librispeech,2643
train,/lambda/nfs/algovirginia/workspace/DeepfakeDetectionRenewed/data/wavefake/generated_audio/ljspeech_full_band_melgan/LJ050-0042_gen.wav,1,ljspeech_full_band_melgan,
train,__hf__,0,librispeech,6359
train,/lambda/nfs/algovirginia/workspace/DeepfakeDetectionRenewed/data/vcc2020/audio/T06/task1/team06_intra-TEM2_SEF2_E30005.wav,1,VCC2020_T06,
train,/lambda/nfs/algovirginia/workspace/DeepfakeDetectionRenewed/data/wavefake/generated_audio/ljspeech_hifiGAN/LJ016-0445_generated.wav,1,ljspeech_hifiGAN,
train,/lambda/nfs/algovirginia/workspace/DeepfakeDetectionRenewed/data/wavefake/generated_audio/ljspeech_hifiGAN/LJ004-0173_generated.wav,1,ljspeech_hifiGAN,
train,__hf__,0,librispeech,9740
train,/lambda/nfs/algovirginia/workspace/DeepfakeDetectionRenewed/data/vcc2020/audio/T16/task1/team16_intra-TEF2_SEM2_E30004.wav,1,VCC2020_T16,
train,__hf__,0,librispeech,6621
train,__hf__,0,librispeech,1676
train,__hf__,0,librispeech,13982
train,__hf__,0,librispeech,19807
train,/lambda/nfs/algovirginia/workspace/DeepfakeDetectionRenewed/data/vcc2020/audio/T01/task1/team01_intra-TEF2_SEF1_E30001.wav,1,VCC2020_T01,
train,__hf__,0,librispeech,24167
train,__hf__,0,librispeech,22047
train,/lambda/nfs/algovirginia/workspace/DeepfakeDetectionRenewed/data/wavefake/generated_audio/ljspeech_parallel_wavegan/LJ042-0074_gen.wav,1,ljspeech_parallel_wavegan,
train,__hf__,0,librispeech,14482
train,__hf__,0,librispeech,25889
train,/lambda/nfs/algovirginia/workspace/DeepfakeDetectionRenewed/data/wavefake/generated_audio/ljspeech_parallel_wavegan/LJ042-0138_gen.wav,1,ljspeech_parallel_wavegan,
train,__hf__,0,librispeech,26141
train,__hf__,0,librispeech,22165
train,__hf__,0,librispeech,19809
train,__hf__,0,librispeech,13301
train,/lambda/nfs/algovirginia/workspace/DeepfakeDetectionRenewed/data/wavefake/generated_audio/ljspeech_full_band_melgan/LJ040-0103_gen.wav,1,ljspeech_full_band_melgan,
train,__hf__,0,librispeech,2494
train,/lambda/nfs/algovirginia/workspace/DeepfakeDetectionRenewed/data/wavefake/generated_audio/ljspeech_hifiGAN/LJ033-0157_generated.wav,1,ljspeech_hifiGAN,
train,/lambda/nfs/algovirginia/workspace/DeepfakeDetectionRenewed/data/vcc2020/audio/T01/task1/team01_intra-TEM1_SEM1_E30003.wav,1,VCC2020_T01,
train,__hf__,0,librispeech,10481
train,/lambda/nfs/algovirginia/workspace/DeepfakeDetectionRenewed/data/wavefake/generated_audio/ljspeech_hifiGAN/LJ006-0072_generated.wav,1,ljspeech_hifiGAN,
train,__hf__,0,librispeech,9086
train,__hf__,0,librispeech,19178
train,/lambda/nfs/algovirginia/workspace/DeepfakeDetectionRenewed/data/vcc2020/audio/T26/task1/team26_intra-TEF2_SEF1_E30001.wav,1,VCC2020_T26,
train,__hf__,0,librispeech,14509
train,__hf__,0,librispeech,13717
train,__hf__,0,librispeech,20536
train,__hf__,0,librispeech,19298
train,__hf__,0,librispeech,11408
train,__hf__,0,librispeech,16600
train,__hf__,0,librispeech,24509
train,__hf__,0,librispeech,19291
train,/lambda/nfs/algovirginia/workspace/DeepfakeDetectionRenewed/data/vcc2020/audio/T28/task1/team28_intra-TEM1_SEM2_E30004.wav,1,VCC2020_T28,
train,/lambda/nfs/algovirginia/workspace/DeepfakeDetectionRenewed/data/vcc2020/audio/T01/task1/team01_intra-TEM1_SEM2_E30002.wav,1,VCC2020_T01,
train,__hf__,0,librispeech,15537
train,__hf__,0,librispeech,1318
train,__hf__,0,librispeech,18774
train,__hf__,0,librispeech,396
train,__hf__,0,librispeech,26046
train,__hf__,0,librispeech,25254
train,__hf__,0,librispeech,17919
train,__hf__,0,librispeech,11183
train,/lambda/nfs/algovirginia/workspace/DeepfakeDetectionRenewed/data/vcc2020/audio/T18/task1/team18_intra-TEF1_SEF2_E30005.wav,1,VCC2020_T18,
train,/lambda/nfs/algovirginia/workspace/DeepfakeDetectionRenewed/data/vcc2020/audio/T30/task1/team30_intra-TEF2_SEM1_E30001.wav,1,VCC2020_T30,
train,__hf__,0,librispeech,9514
train,__hf__,0,librispeech,21519
train,/lambda/nfs/algovirginia/workspace/DeepfakeDetectionRenewed/data/vcc2020/audio/T03/task1/team03_intra-TEM2_SEF2_E30005.wav,1,VCC2020_T03,
train,__hf__,0,librispeech,3342
train,__hf__,0,librispeech,9487
train,/lambda/nfs/algovirginia/workspace/DeepfakeDetectionRenewed/data/vcc2020/audio/T06/task1/team06_intra-TEM1_SEM1_E30003.wav,1,VCC2020_T06,
train,/lambda/nfs/algovirginia/workspace/DeepfakeDetectionRenewed/data/vcc2020/audio/T25/task1/team25_intra-TEF1_SEM2_E30005.wav,1,VCC2020_T25,
train,/lambda/nfs/algovirginia/workspace/DeepfakeDetectionRenewed/data/wavefake/generated_audio/common_voices_prompts_from_conformer_fastspeech2_pwg_ljspeech/gen_4151.wav,1,common_voices_prompts_from_conformer_fastspeech2_pwg_ljspeech,
train,/lambda/nfs/algovirginia/workspace/DeepfakeDetectionRenewed/data/wavefake/generated_audio/ljspeech_parallel_wavegan/LJ032-0190_gen.wav,1,ljspeech_parallel_wavegan,
train,__hf__,0,librispeech,21954
train,__hf__,0,librispeech,548
train,/lambda/nfs/algovirginia/workspace/DeepfakeDetectionRenewed/data/wavefake/generated_audio/ljspeech_parallel_wavegan/LJ048-0111_gen.wav,1,ljspeech_parallel_wavegan,
train,/lambda/nfs/algovirginia/workspace/DeepfakeDetectionRenewed/data/vcc2020/audio/T27/task1/team27_intra-TEM1_SEM2_E30004.wav,1,VCC2020_T27,
train,__hf__,0,librispeech,11636
train,__hf__,0,librispeech,21262
train,__hf__,0,librispeech,25583
train,__hf__,0,librispeech,20355
train,/lambda/nfs/algovirginia/workspace/DeepfakeDetectionRenewed/data/wavefake/generated_audio/ljspeech_hifiGAN/LJ008-0157_generated.wav,1,ljspeech_hifiGAN,
train,__hf__,0,librispeech,6459
train,/lambda/nfs/algovirginia/workspace/DeepfakeDetectionRenewed/data/wavefake/generated_audio/ljspeech_parallel_wavegan/LJ041-0037_gen.wav,1,ljspeech_parallel_wavegan,
train,__hf__,0,librispeech,25157
train,/lambda/nfs/algovirginia/workspace/DeepfakeDetectionRenewed/data/wavefake/generated_audio/common_voices_prompts_from_conformer_fastspeech2_pwg_ljspeech/gen_13167.wav,1,common_voices_prompts_from_conformer_fastspeech2_pwg_ljspeech,
train,/lambda/nfs/algovirginia/workspace/DeepfakeDetectionRenewed/data/wavefake/generated_audio/ljspeech_hifiGAN/LJ027-0146_generated.wav,1,ljspeech_hifiGAN,
train,__hf__,0,librispeech,20634
train,/lambda/nfs/algovirginia/workspace/DeepfakeDetectionRenewed/data/vcc2020/audio/T33/task1/team33_intra-TEM2_SEF2_E30003.wav,1,VCC2020_T33,
train,/lambda/nfs/algovirginia/workspace/DeepfakeDetectionRenewed/data/wavefake/generated_audio/ljspeech_hifiGAN/LJ014-0129_generated.wav,1,ljspeech_hifiGAN,
train,/lambda/nfs/algovirginia/workspace/DeepfakeDetectionRenewed/data/wavefake/generated_audio/common_voices_prompts_from_conformer_fastspeech2_pwg_ljspeech/gen_9087.wav,1,common_voices_prompts_from_conformer_fastspeech2_pwg_ljspeech,
train,/lambda/nfs/algovirginia/workspace/DeepfakeDetectionRenewed/data/wavefake/generated_audio/ljspeech_hifiGAN/LJ018-0292_generated.wav,1,ljspeech_hifiGAN,
train,/lambda/nfs/algovirginia/workspace/DeepfakeDetectionRenewed/data/wavefake/generated_audio/ljspeech_hifiGAN/LJ017-0111_generated.wav,1,ljspeech_hifiGAN,
train,/lambda/nfs/algovirginia/workspace/DeepfakeDetectionRenewed/data/wavefake/generated_audio/ljspeech_hifiGAN/LJ028-0511_generated.wav,1,ljspeech_hifiGAN,
train,/lambda/nfs/algovirginia/workspace/DeepfakeDetectionRenewed/data/vcc2020/audio/T08/task1/team08_intra-TEF2_SEF1_E30001.wav,1,VCC2020_T08,
train,/lambda/nfs/algovirginia/workspace/DeepfakeDetectionRenewed/data/vcc2020/audio/T06/task1/team06_intra-TEM2_SEF2_E30004.wav,1,VCC2020_T06,
train,__hf__,0,librispeech,28137
train,__hf__,0,librispeech,12946
train,__hf__,0,librispeech,18569
train,/lambda/nfs/algovirginia/workspace/DeepfakeDetectionRenewed/data/vcc2020/audio/T01/task1/team01_intra-TEM1_SEF2_E30005.wav,1,VCC2020_T01,
train,__hf__,0,librispeech,24275
train,__hf__,0,librispeech,5720
train,/lambda/nfs/algovirginia/workspace/DeepfakeDetectionRenewed/data/wavefake/generated_audio/ljspeech_parallel_wavegan/LJ003-0340_gen.wav,1,ljspeech_parallel_wavegan,
train,/lambda/nfs/algovirginia/workspace/DeepfakeDetectionRenewed/data/wavefake/generated_audio/ljspeech_hifiGAN/LJ040-0228_generated.wav,1,ljspeech_hifiGAN,
train,/lambda/nfs/algovirginia/workspace/DeepfakeDetectionRenewed/data/wavefake/generated_audio/common_voices_prompts_from_conformer_fastspeech2_pwg_ljspeech/gen_16276.wav,1,common_voices_prompts_from_conformer_fastspeech2_pwg_ljspeech,
train,/lambda/nfs/algovirginia/workspace/DeepfakeDetectionRenewed/data/vcc2020/audio/T27/task1/team27_intra-TEM1_SEM1_E30001.wav,1,VCC2020_T27,
train,__hf__,0,librispeech,10617
train,__hf__,0,librispeech,27971
train,__hf__,0,librispeech,6808
train,/lambda/nfs/algovirginia/workspace/DeepfakeDetectionRenewed/data/vcc2020/audio/T27/task1/team27_intra-TEF2_SEM2_E30002.wav,1,VCC2020_T27,
train,/lambda/nfs/algovirginia/workspace/DeepfakeDetectionRenewed/data/wavefake/generated_audio/ljspeech_parallel_wavegan/LJ044-0003_gen.wav,1,ljspeech_parallel_wavegan,
train,__hf__,0,librispeech,10272
train,__hf__,0,librispeech,22837
train,__hf__,0,librispeech,19161
train,__hf__,0,librispeech,27565
train,/lambda/nfs/algovirginia/workspace/DeepfakeDetectionRenewed/data/wavefake/generated_audio/common_voices_prompts_from_conformer_fastspeech2_pwg_ljspeech/gen_15667.wav,1,common_voices_prompts_from_conformer_fastspeech2_pwg_ljspeech,
train,__hf__,0,librispeech,16892
train,__hf__,0,librispeech,28199
train,__hf__,0,librispeech,25033
train,/lambda/nfs/algovirginia/workspace/DeepfakeDetectionRenewed/data/wavefake/generated_audio/common_voices_prompts_from_conformer_fastspeech2_pwg_ljspeech/gen_10489.wav,1,common_voices_prompts_from_conformer_fastspeech2_pwg_ljspeech,
train,__hf__,0,librispeech,11087
train,/lambda/nfs/algovirginia/workspace/DeepfakeDetectionRenewed/data/vcc2020/audio/T19/task1/team19_intra-TEM1_SEM2_E30004.wav,1,VCC2020_T19,
train,/lambda/nfs/algovirginia/workspace/DeepfakeDetectionRenewed/data/vcc2020/audio/T31/task1/team31_intra-TEM2_SEM2_E30003.wav,1,VCC2020_T31,
train,/lambda/nfs/algovirginia/workspace/DeepfakeDetectionRenewed/data/vcc2020/audio/T20/task1/team20_intra-TEF1_SEF2_E30003.wav,1,VCC2020_T20,
train,/lambda/nfs/algovirginia/workspace/DeepfakeDetectionRenewed/data/wavefake/generated_audio/ljspeech_full_band_melgan/LJ009-0149_gen.wav,1,ljspeech_full_band_melgan,
train,/lambda/nfs/algovirginia/workspace/DeepfakeDetectionRenewed/data/vcc2020/audio/T23/task1/team23_intra-TEM1_SEF2_E30004.wav,1,VCC2020_T23,
train,/lambda/nfs/algovirginia/workspace/DeepfakeDetectionRenewed/data/wavefake/generated_audio/ljspeech_hifiGAN/LJ020-0008_generated.wav,1,ljspeech_hifiGAN,
train,/lambda/nfs/algovirginia/workspace/DeepfakeDetectionRenewed/data/vcc2020/audio/T21/task1/team21_intra-TEM1_SEM2_E30003.wav,1,VCC2020_T21,
train,__hf__,0,librispeech,25231
train,/lambda/nfs/algovirginia/workspace/DeepfakeDetectionRenewed/data/vcc2020/audio/T10/task1/team10_intra-TEF2_SEF2_E30004.wav,1,VCC2020_T10,
train,__hf__,0,librispeech,22252
train,/lambda/nfs/algovirginia/workspace/DeepfakeDetectionRenewed/data/wavefake/generated_audio/ljspeech_parallel_wavegan/LJ001-0094_gen.wav,1,ljspeech_parallel_wavegan,
train,__hf__,0,librispeech,22076
train,__hf__,0,librispeech,7059
train,__hf__,0,librispeech,13156
train,__hf__,0,librispeech,10887
train,__hf__,0,librispeech,10648
train,/lambda/nfs/algovirginia/workspace/DeepfakeDetectionRenewed/data/vcc2020/audio/T12/task1/team12_intra-TEM2_SEF2_E30002.wav,1,VCC2020_T12,
train,__hf__,0,librispeech,9648
train,__hf__,0,librispeech,18162
train,__hf__,0,librispeech,23344
train,/lambda/nfs/algovirginia/workspace/DeepfakeDetectionRenewed/data/wavefake/generated_audio/ljspeech_hifiGAN/LJ014-0064_generated.wav,1,ljspeech_hifiGAN,
train,/lambda/nfs/algovirginia/workspace/DeepfakeDetectionRenewed/data/wavefake/generated_audio/common_voices_prompts_from_conformer_fastspeech2_pwg_ljspeech/gen_10011.wav,1,common_voices_prompts_from_conformer_fastspeech2_pwg_ljspeech,
train,/lambda/nfs/algovirginia/workspace/DeepfakeDetectionRenewed/data/wavefake/generated_audio/ljspeech_hifiGAN/LJ022-0199_generated.wav,1,ljspeech_hifiGAN,
train,__hf__,0,librispeech,22287
train,__hf__,0,librispeech,21670
train,__hf__,0,librispeech,21223
train,/lambda/nfs/algovirginia/workspace/DeepfakeDetectionRenewed/data/vcc2020/audio/T28/task1/team28_intra-TEM2_SEM1_E30002.wav,1,VCC2020_T28,
train,/lambda/nfs/algovirginia/workspace/DeepfakeDetectionRenewed/data/vcc2020/audio/T20/task1/team20_intra-TEM2_SEF1_E30001.wav,1,VCC2020_T20,
train,__hf__,0,librispeech,13746
train,/lambda/nfs/algovirginia/workspace/DeepfakeDetectionRenewed/data/wavefake/generated_audio/ljspeech_hifiGAN/LJ048-0218_generated.wav,1,ljspeech_hifiGAN,
train,__hf__,0,librispeech,6414
train,__hf__,0,librispeech,2521
train,/lambda/nfs/algovirginia/workspace/DeepfakeDetectionRenewed/data/wavefake/generated_audio/ljspeech_parallel_wavegan/LJ036-0183_gen.wav,1,ljspeech_parallel_wavegan,
train,/lambda/nfs/algovirginia/workspace/DeepfakeDetectionRenewed/data/wavefake/generated_audio/ljspeech_hifiGAN/LJ018-0169_generated.wav,1,ljspeech_hifiGAN,
train,__hf__,0,librispeech,4202
train,/lambda/nfs/algovirginia/workspace/DeepfakeDetectionRenewed/data/wavefake/generated_audio/common_voices_prompts_from_conformer_fastspeech2_pwg_ljspeech/gen_9545.wav,1,common_voices_prompts_from_conformer_fastspeech2_pwg_ljspeech,
train,__hf__,0,librispeech,8723
train,/lambda/nfs/algovirginia/workspace/DeepfakeDetectionRenewed/data/wavefake/generated_audio/ljspeech_hifiGAN/LJ028-0433_generated.wav,1,ljspeech_hifiGAN,
train,__hf__,0,librispeech,25272
train,__hf__,0,librispeech,25039
train,/lambda/nfs/algovirginia/workspace/DeepfakeDetectionRenewed/data/vcc2020/audio/T17/task1/team17_intra-TEM2_SEF1_E30001.wav,1,VCC2020_T17,
train,/lambda/nfs/algovirginia/workspace/DeepfakeDetectionRenewed/data/vcc2020/audio/T11/task1/team11_intra-TEF2_SEF1_E30004.wav,1,VCC2020_T11,
train,/lambda/nfs/algovirginia/workspace/DeepfakeDetectionRenewed/data/wavefake/generated_audio/ljspeech_parallel_wavegan/LJ003-0162_gen.wav,1,ljspeech_parallel_wavegan,
train,/lambda/nfs/algovirginia/workspace/DeepfakeDetectionRenewed/data/wavefake/generated_audio/common_voices_prompts_from_conformer_fastspeech2_pwg_ljspeech/gen_9790.wav,1,common_voices_prompts_from_conformer_fastspeech2_pwg_ljspeech,
train,__hf__,0,librispeech,2799
train,__hf__,0,librispeech,3947
train,__hf__,0,librispeech,18076
train,/lambda/nfs/algovirginia/workspace/DeepfakeDetectionRenewed/data/wavefake/generated_audio/common_voices_prompts_from_conformer_fastspeech2_pwg_ljspeech/gen_9549.wav,1,common_voices_prompts_from_conformer_fastspeech2_pwg_ljspeech,
train,__hf__,0,librispeech,22830
train,__hf__,0,librispeech,19391
train,__hf__,0,librispeech,22682
train,/lambda/nfs/algovirginia/workspace/DeepfakeDetectionRenewed/data/wavefake/generated_audio/ljspeech_full_band_melgan/LJ049-0189_gen.wav,1,ljspeech_full_band_melgan,
train,/lambda/nfs/algovirginia/workspace/DeepfakeDetectionRenewed/data/wavefake/generated_audio/ljspeech_hifiGAN/LJ042-0172_generated.wav,1,ljspeech_hifiGAN,
train,__hf__,0,librispeech,303
train,__hf__,0,librispeech,75
train,__hf__,0,librispeech,22113
train,__hf__,0,librispeech,6540
train,/lambda/nfs/algovirginia/workspace/DeepfakeDetectionRenewed/data/wavefake/generated_audio/common_voices_prompts_from_conformer_fastspeech2_pwg_ljspeech/gen_15313.wav,1,common_voices_prompts_from_conformer_fastspeech2_pwg_ljspeech,
train,/lambda/nfs/algovirginia/workspace/DeepfakeDetectionRenewed/data/vcc2020/audio/T02/task1/team02_intra-TEM1_SEM2_E30002.wav,1,VCC2020_T02,
train,__hf__,0,librispeech,3124
train,/lambda/nfs/algovirginia/workspace/DeepfakeDetectionRenewed/data/wavefake/generated_audio/common_voices_prompts_from_conformer_fastspeech2_pwg_ljspeech/gen_13840.wav,1,common_voices_prompts_from_conformer_fastspeech2_pwg_ljspeech,
train,/lambda/nfs/algovirginia/workspace/DeepfakeDetectionRenewed/data/vcc2020/audio/T21/task1/team21_intra-TEF1_SEF2_E30002.wav,1,VCC2020_T21,
train,/lambda/nfs/algovirginia/workspace/DeepfakeDetectionRenewed/data/wavefake/generated_audio/ljspeech_hifiGAN/LJ022-0143_generated.wav,1,ljspeech_hifiGAN,
train,__hf__,0,librispeech,26749
train,__hf__,0,librispeech,19122
train,__hf__,0,librispeech,2057
train,/lambda/nfs/algovirginia/workspace/DeepfakeDetectionRenewed/data/wavefake/generated_audio/ljspeech_hifiGAN/LJ006-0140_generated.wav,1,ljspeech_hifiGAN,
train,/lambda/nfs/algovirginia/workspace/DeepfakeDetectionRenewed/data/wavefake/generated_audio/common_voices_prompts_from_conformer_fastspeech2_pwg_ljspeech/gen_7616.wav,1,common_voices_prompts_from_conformer_fastspeech2_pwg_ljspeech,
train,/lambda/nfs/algovirginia/workspace/DeepfakeDetectionRenewed/data/vcc2020/audio/T31/task1/team31_intra-TEM2_SEF1_E30001.wav,1,VCC2020_T31,
train,/lambda/nfs/algovirginia/workspace/DeepfakeDetectionRenewed/data/vcc2020/audio/T28/task1/team28_intra-TEM1_SEF2_E30003.wav,1,VCC2020_T28,
train,/lambda/nfs/algovirginia/workspace/DeepfakeDetectionRenewed/data/vcc2020/audio/T31/task1/team31_intra-TEM2_SEM2_E30004.wav,1,VCC2020_T31,
train,__hf__,0,librispeech,15361
train,/lambda/nfs/algovirginia/workspace/DeepfakeDetectionRenewed/data/vcc2020/audio/T14/task1/team14_intra-TEF2_SEF2_E30004.wav,1,VCC2020_T14,
train,/lambda/nfs/algovirginia/workspace/DeepfakeDetectionRenewed/data/vcc2020/audio/T04/task1/team04_intra-TEM1_SEM2_E30002.wav,1,VCC2020_T04,
train,__hf__,0,librispeech,14965
train,__hf__,0,librispeech,3707
train,/lambda/nfs/algovirginia/workspace/DeepfakeDetectionRenewed/data/vcc2020/audio/T06/task1/team06_intra-TEF1_SEM1_E30001.wav,1,VCC2020_T06,
train,__hf__,0,librispeech,10228
train,/lambda/nfs/algovirginia/workspace/DeepfakeDetectionRenewed/data/wavefake/generated_audio/ljspeech_full_band_melgan/LJ031-0100_gen.wav,1,ljspeech_full_band_melgan,
train,__hf__,0,librispeech,25825
train,__hf__,0,librispeech,7028
train,__hf__,0,librispeech,26873
train,/lambda/nfs/algovirginia/workspace/DeepfakeDetectionRenewed/data/vcc2020/audio/T03/task1/team03_intra-TEM1_SEF2_E30003.wav,1,VCC2020_T03,
train,__hf__,0,librispeech,26892
train,__hf__,0,librispeech,19398
train,__hf__,0,librispeech,23892
train,__hf__,0,librispeech,23650
train,/lambda/nfs/algovirginia/workspace/DeepfakeDetectionRenewed/data/wavefake/generated_audio/ljspeech_parallel_wavegan/LJ007-0033_gen.wav,1,ljspeech_parallel_wavegan,
train,__hf__,0,librispeech,7689
train,__hf__,0,librispeech,9045
train,__hf__,0,librispeech,18625
train,/lambda/nfs/algovirginia/workspace/DeepfakeDetectionRenewed/data/vcc2020/audio/T16/task1/team16_intra-TEM2_SEF2_E30003.wav,1,VCC2020_T16,
train,/lambda/nfs/algovirginia/workspace/DeepfakeDetectionRenewed/data/wavefake/generated_audio/ljspeech_parallel_wavegan/LJ013-0130_gen.wav,1,ljspeech_parallel_wavegan,
train,/lambda/nfs/algovirginia/workspace/DeepfakeDetectionRenewed/data/wavefake/generated_audio/ljspeech_hifiGAN/LJ014-0255_generated.wav,1,ljspeech_hifiGAN,
train,/lambda/nfs/algovirginia/workspace/DeepfakeDetectionRenewed/data/vcc2020/audio/T11/task1/team11_intra-TEF2_SEF1_E30003.wav,1,VCC2020_T11,
train,/lambda/nfs/algovirginia/workspace/DeepfakeDetectionRenewed/data/wavefake/generated_audio/ljspeech_full_band_melgan/LJ038-0029_gen.wav,1,ljspeech_full_band_melgan,
train,__hf__,0,librispeech,24449
train,__hf__,0,librispeech,25290
train,/lambda/nfs/algovirginia/workspace/DeepfakeDetectionRenewed/data/wavefake/generated_audio/ljspeech_full_band_melgan/LJ006-0218_gen.wav,1,ljspeech_full_band_melgan,
train,/lambda/nfs/algovirginia/workspace/DeepfakeDetectionRenewed/data/wavefake/generated_audio/common_voices_prompts_from_conformer_fastspeech2_pwg_ljspeech/gen_3009.wav,1,common_voices_prompts_from_conformer_fastspeech2_pwg_ljspeech,
train,/lambda/nfs/algovirginia/workspace/DeepfakeDetectionRenewed/data/wavefake/generated_audio/common_voices_prompts_from_conformer_fastspeech2_pwg_ljspeech/gen_9814.wav,1,common_voices_prompts_from_conformer_fastspeech2_pwg_ljspeech,
train,__hf__,0,librispeech,3564
train,__hf__,0,librispeech,12420
train,/lambda/nfs/algovirginia/workspace/DeepfakeDetectionRenewed/data/vcc2020/audio/T08/task1/team08_intra-TEM2_SEF2_E30004.wav,1,VCC2020_T08,
train,__hf__,0,librispeech,12644
train,/lambda/nfs/algovirginia/workspace/DeepfakeDetectionRenewed/data/vcc2020/audio/T32/task1/team32_intra-TEM2_SEF2_E30003.wav,1,VCC2020_T32,
train,/lambda/nfs/algovirginia/workspace/DeepfakeDetectionRenewed/data/wavefake/generated_audio/ljspeech_hifiGAN/LJ042-0222_generated.wav,1,ljspeech_hifiGAN,
train,/lambda/nfs/algovirginia/workspace/DeepfakeDetectionRenewed/data/vcc2020/audio/T28/task1/team28_intra-TEF2_SEF1_E30004.wav,1,VCC2020_T28,
train,/lambda/nfs/algovirginia/workspace/DeepfakeDetectionRenewed/data/wavefake/generated_audio/ljspeech_hifiGAN/LJ028-0069_generated.wav,1,ljspeech_hifiGAN,
train,__hf__,0,librispeech,6342
train,/lambda/nfs/algovirginia/workspace/DeepfakeDetectionRenewed/data/vcc2020/audio/T24/task1/team24_intra-TEM2_SEF1_E30003.wav,1,VCC2020_T24,
train,__hf__,0,librispeech,6708
train,__hf__,0,librispeech,10638
train,/lambda/nfs/algovirginia/workspace/DeepfakeDetectionRenewed/data/vcc2020/audio/T31/task1/team31_intra-TEM1_SEM2_E30004.wav,1,VCC2020_T31,
train,/lambda/nfs/algovirginia/workspace/DeepfakeDetectionRenewed/data/vcc2020/audio/T33/task1/team33_intra-TEM2_SEF1_E30004.wav,1,VCC2020_T33,
train,/lambda/nfs/algovirginia/workspace/DeepfakeDetectionRenewed/data/wavefake/generated_audio/ljspeech_hifiGAN/LJ004-0197_generated.wav,1,ljspeech_hifiGAN,
train,/lambda/nfs/algovirginia/workspace/DeepfakeDetectionRenewed/data/wavefake/generated_audio/ljspeech_hifiGAN/LJ008-0245_generated.wav,1,ljspeech_hifiGAN,
train,__hf__,0,librispeech,24278
train,/lambda/nfs/algovirginia/workspace/DeepfakeDetectionRenewed/data/vcc2020/audio/T18/task1/team18_intra-TEM2_SEM1_E30002.wav,1,VCC2020_T18,
train,__hf__,0,librispeech,10362
train,__hf__,0,librispeech,26895
train,__hf__,0,librispeech,761
train,/lambda/nfs/algovirginia/workspace/DeepfakeDetectionRenewed/data/wavefake/generated_audio/ljspeech_hifiGAN/LJ034-0113_generated.wav,1,ljspeech_hifiGAN,
train,__hf__,0,librispeech,26301
train,__hf__,0,librispeech,26946
train,__hf__,0,librispeech,18436
train,/lambda/nfs/algovirginia/workspace/DeepfakeDetectionRenewed/data/wavefake/generated_audio/ljspeech_full_band_melgan/LJ029-0045_gen.wav,1,ljspeech_full_band_melgan,
train,/lambda/nfs/algovirginia/workspace/DeepfakeDetectionRenewed/data/vcc2020/audio/T03/task1/team03_intra-TEF1_SEM1_E30001.wav,1,VCC2020_T03,
train,__hf__,0,librispeech,4195
train,/lambda/nfs/algovirginia/workspace/DeepfakeDetectionRenewed/data/vcc2020/audio/T18/task1/team18_intra-TEM1_SEM1_E30002.wav,1,VCC2020_T18,
train,/lambda/nfs/algovirginia/workspace/DeepfakeDetectionRenewed/data/vcc2020/audio/T17/task1/team17_intra-TEF2_SEF1_E30004.wav,1,VCC2020_T17,
train,__hf__,0,librispeech,15540
train,__hf__,0,librispeech,662
train,/lambda/nfs/algovirginia/workspace/DeepfakeDetectionRenewed/data/vcc2020/audio/T17/task1/team17_intra-TEF1_SEM1_E30003.wav,1,VCC2020_T17,
train,__hf__,0,librispeech,11634
train,/lambda/nfs/algovirginia/workspace/DeepfakeDetectionRenewed/data/wavefake/generated_audio/ljspeech_parallel_wavegan/LJ037-0241_gen.wav,1,ljspeech_parallel_wavegan,
train,/lambda/nfs/algovirginia/workspace/DeepfakeDetectionRenewed/data/vcc2020/audio/T06/task1/team06_intra-TEF1_SEM2_E30005.wav,1,VCC2020_T06,
train,/lambda/nfs/algovirginia/workspace/DeepfakeDetectionRenewed/data/wavefake/generated_audio/ljspeech_hifiGAN/LJ033-0038_generated.wav,1,ljspeech_hifiGAN,
train,/lambda/nfs/algovirginia/workspace/DeepfakeDetectionRenewed/data/wavefake/generated_audio/ljspeech_full_band_melgan/LJ019-0032_gen.wav,1,ljspeech_full_band_melgan,
train,/lambda/nfs/algovirginia/workspace/DeepfakeDetectionRenewed/data/vcc2020/audio/T21/task1/team21_intra-TEF2_SEM1_E30002.wav,1,VCC2020_T21,
train,__hf__,0,librispeech,5322
train,__hf__,0,librispeech,26172
train,/lambda/nfs/algovirginia/workspace/DeepfakeDetectionRenewed/data/vcc2020/audio/T23/task1/team23_intra-TEM1_SEM1_E30002.wav,1,VCC2020_T23,
train,__hf__,0,librispeech,14855
train,/lambda/nfs/algovirginia/workspace/DeepfakeDetectionRenewed/data/wavefake/generated_audio/ljspeech_hifiGAN/LJ004-0051_generated.wav,1,ljspeech_hifiGAN,
train,__hf__,0,librispeech,2571
train,__hf__,0,librispeech,26153
train,__hf__,0,librispeech,16751
train,/lambda/nfs/algovirginia/workspace/DeepfakeDetectionRenewed/data/wavefake/generated_audio/ljspeech_parallel_wavegan/LJ021-0057_gen.wav,1,ljspeech_parallel_wavegan,
train,__hf__,0,librispeech,28535
train,/lambda/nfs/algovirginia/workspace/DeepfakeDetectionRenewed/data/vcc2020/audio/T10/task1/team10_intra-TEM2_SEF2_E30002.wav,1,VCC2020_T10,
train,__hf__,0,librispeech,20966
train,__hf__,0,librispeech,27120
train,/lambda/nfs/algovirginia/workspace/DeepfakeDetectionRenewed/data/wavefake/generated_audio/ljspeech_parallel_wavegan/LJ028-0363_gen.wav,1,ljspeech_parallel_wavegan,
train,__hf__,0,librispeech,1933
train,__hf__,0,librispeech,16997
train,/lambda/nfs/algovirginia/workspace/DeepfakeDetectionRenewed/data/vcc2020/audio/T21/task1/team21_intra-TEM1_SEM2_E30002.wav,1,VCC2020_T21,
train,__hf__,0,librispeech,10662
train,/lambda/nfs/algovirginia/workspace/DeepfakeDetectionRenewed/data/vcc2020/audio/T21/task1/team21_intra-TEM1_SEF2_E30001.wav,1,VCC2020_T21,
train,/lambda/nfs/algovirginia/workspace/DeepfakeDetectionRenewed/data/wavefake/generated_audio/ljspeech_parallel_wavegan/LJ047-0222_gen.wav,1,ljspeech_parallel_wavegan,
train,/lambda/nfs/algovirginia/workspace/DeepfakeDetectionRenewed/data/vcc2020/audio/T19/task1/team19_intra-TEF2_SEF2_E30005.wav,1,VCC2020_T19,
train,__hf__,0,librispeech,12299
train,/lambda/nfs/algovirginia/workspace/DeepfakeDetectionRenewed/data/wavefake/generated_audio/common_voices_prompts_from_conformer_fastspeech2_pwg_ljspeech/gen_8023.wav,1,common_voices_prompts_from_conformer_fastspeech2_pwg_ljspeech,
train,/lambda/nfs/algovirginia/workspace/DeepfakeDetectionRenewed/data/wavefake/generated_audio/ljspeech_full_band_melgan/LJ049-0133_gen.wav,1,ljspeech_full_band_melgan,
train,__hf__,0,librispeech,15828
train,/lambda/nfs/algovirginia/workspace/DeepfakeDetectionRenewed/data/wavefake/generated_audio/ljspeech_parallel_wavegan/LJ021-0170_gen.wav,1,ljspeech_parallel_wavegan,
train,__hf__,0,librispeech,11171
train,/lambda/nfs/algovirginia/workspace/DeepfakeDetectionRenewed/data/wavefake/generated_audio/common_voices_prompts_from_conformer_fastspeech2_pwg_ljspeech/gen_5691.wav,1,common_voices_prompts_from_conformer_fastspeech2_pwg_ljspeech,
train,/lambda/nfs/algovirginia/workspace/DeepfakeDetectionRenewed/data/wavefake/generated_audio/common_voices_prompts_from_conformer_fastspeech2_pwg_ljspeech/gen_6087.wav,1,common_voices_prompts_from_conformer_fastspeech2_pwg_ljspeech,
train,__hf__,0,librispeech,2315
train,__hf__,0,librispeech,4488
train,__hf__,0,librispeech,6643
train,/lambda/nfs/algovirginia/workspace/DeepfakeDetectionRenewed/data/wavefake/generated_audio/ljspeech_parallel_wavegan/LJ030-0086_gen.wav,1,ljspeech_parallel_wavegan,
train,/lambda/nfs/algovirginia/workspace/DeepfakeDetectionRenewed/data/wavefake/generated_audio/ljspeech_full_band_melgan/LJ016-0133_gen.wav,1,ljspeech_full_band_melgan,
train,/lambda/nfs/algovirginia/workspace/DeepfakeDetectionRenewed/data/vcc2020/audio/T25/task1/team25_intra-TEF1_SEM1_E30005.wav,1,VCC2020_T25,
train,__hf__,0,librispeech,8540
train,__hf__,0,librispeech,25141
train,/lambda/nfs/algovirginia/workspace/DeepfakeDetectionRenewed/data/vcc2020/audio/T16/task1/team16_intra-TEM2_SEM1_E30004.wav,1,VCC2020_T16,
train,/lambda/nfs/algovirginia/workspace/DeepfakeDetectionRenewed/data/vcc2020/audio/T14/task1/team14_intra-TEF2_SEF2_E30002.wav,1,VCC2020_T14,
train,__hf__,0,librispeech,458
train,__hf__,0,librispeech,3331
train,__hf__,0,librispeech,20752
train,__hf__,0,librispeech,20272
train,__hf__,0,librispeech,12265
train,__hf__,0,librispeech,23306
train,/lambda/nfs/algovirginia/workspace/DeepfakeDetectionRenewed/data/vcc2020/audio/T03/task1/team03_intra-TEM1_SEF2_E30001.wav,1,VCC2020_T03,
train,/lambda/nfs/algovirginia/workspace/DeepfakeDetectionRenewed/data/vcc2020/audio/T07/task1/team07_intra-TEF1_SEF2_E30004.wav,1,VCC2020_T07,
train,/lambda/nfs/algovirginia/workspace/DeepfakeDetectionRenewed/data/vcc2020/audio/T10/task1/team10_intra-TEM1_SEM2_E30002.wav,1,VCC2020_T10,
train,__hf__,0,librispeech,642
train,/lambda/nfs/algovirginia/workspace/DeepfakeDetectionRenewed/data/wavefake/generated_audio/ljspeech_hifiGAN/LJ045-0116_generated.wav,1,ljspeech_hifiGAN,
train,/lambda/nfs/algovirginia/workspace/DeepfakeDetectionRenewed/data/vcc2020/audio/T23/task1/team23_intra-TEF1_SEF2_E30002.wav,1,VCC2020_T23,
train,__hf__,0,librispeech,20804
train,__hf__,0,librispeech,1256
train,/lambda/nfs/algovirginia/workspace/DeepfakeDetectionRenewed/data/wavefake/generated_audio/common_voices_prompts_from_conformer_fastspeech2_pwg_ljspeech/gen_3763.wav,1,common_voices_prompts_from_conformer_fastspeech2_pwg_ljspeech,
train,__hf__,0,librispeech,5545
train,/lambda/nfs/algovirginia/workspace/DeepfakeDetectionRenewed/data/wavefake/generated_audio/ljspeech_parallel_wavegan/LJ030-0095_gen.wav,1,ljspeech_parallel_wavegan,
train,__hf__,0,librispeech,18958
train,__hf__,0,librispeech,10414
train,__hf__,0,librispeech,25758
train,/lambda/nfs/algovirginia/workspace/DeepfakeDetectionRenewed/data/vcc2020/audio/T24/task1/team24_intra-TEM2_SEF2_E30003.wav,1,VCC2020_T24,
train,/lambda/nfs/algovirginia/workspace/DeepfakeDetectionRenewed/data/wavefake/generated_audio/ljspeech_full_band_melgan/LJ002-0093_gen.wav,1,ljspeech_full_band_melgan,
train,/lambda/nfs/algovirginia/workspace/DeepfakeDetectionRenewed/data/wavefake/generated_audio/common_voices_prompts_from_conformer_fastspeech2_pwg_ljspeech/gen_14281.wav,1,common_voices_prompts_from_conformer_fastspeech2_pwg_ljspeech,
train,/lambda/nfs/algovirginia/workspace/DeepfakeDetectionRenewed/data/wavefake/generated_audio/ljspeech_hifiGAN/LJ010-0269_generated.wav,1,ljspeech_hifiGAN,
train,__hf__,0,librispeech,13433
train,/lambda/nfs/algovirginia/workspace/DeepfakeDetectionRenewed/data/vcc2020/audio/T26/task1/team26_intra-TEM1_SEF1_E30004.wav,1,VCC2020_T26,
train,/lambda/nfs/algovirginia/workspace/DeepfakeDetectionRenewed/data/wavefake/generated_audio/ljspeech_parallel_wavegan/LJ015-0019_gen.wav,1,ljspeech_parallel_wavegan,
train,__hf__,0,librispeech,14701
train,/lambda/nfs/algovirginia/workspace/DeepfakeDetectionRenewed/data/wavefake/generated_audio/ljspeech_full_band_melgan/LJ032-0239_gen.wav,1,ljspeech_full_band_melgan,
train,/lambda/nfs/algovirginia/workspace/DeepfakeDetectionRenewed/data/wavefake/generated_audio/common_voices_prompts_from_conformer_fastspeech2_pwg_ljspeech/gen_1603.wav,1,common_voices_prompts_from_conformer_fastspeech2_pwg_ljspeech,
train,/lambda/nfs/algovirginia/workspace/DeepfakeDetectionRenewed/data/vcc2020/audio/T10/task1/team10_intra-TEM1_SEM2_E30005.wav,1,VCC2020_T10,
train,/lambda/nfs/algovirginia/workspace/DeepfakeDetectionRenewed/data/vcc2020/audio/T26/task1/team26_intra-TEM1_SEM2_E30004.wav,1,VCC2020_T26,
train,__hf__,0,librispeech,21795
train,/lambda/nfs/algovirginia/workspace/DeepfakeDetectionRenewed/data/vcc2020/audio/T21/task1/team21_intra-TEM2_SEM1_E30002.wav,1,VCC2020_T21,
train,__hf__,0,librispeech,27788
train,/lambda/nfs/algovirginia/workspace/DeepfakeDetectionRenewed/data/vcc2020/audio/T03/task1/team03_intra-TEM2_SEF2_E30001.wav,1,VCC2020_T03,
train,/lambda/nfs/algovirginia/workspace/DeepfakeDetectionRenewed/data/wavefake/generated_audio/ljspeech_hifiGAN/LJ019-0005_generated.wav,1,ljspeech_hifiGAN,
train,/lambda/nfs/algovirginia/workspace/DeepfakeDetectionRenewed/data/vcc2020/audio/T11/task1/team11_intra-TEM1_SEM2_E30004.wav,1,VCC2020_T11,
train,/lambda/nfs/algovirginia/workspace/DeepfakeDetectionRenewed/data/vcc2020/audio/T25/task1/team25_intra-TEF1_SEF1_E30004.wav,1,VCC2020_T25,
train,/lambda/nfs/algovirginia/workspace/DeepfakeDetectionRenewed/data/wavefake/generated_audio/ljspeech_full_band_melgan/LJ048-0044_gen.wav,1,ljspeech_full_band_melgan,
train,__hf__,0,librispeech,4159
train,/lambda/nfs/algovirginia/workspace/DeepfakeDetectionRenewed/data/vcc2020/audio/T26/task1/team26_intra-TEF1_SEF2_E30001.wav,1,VCC2020_T26,
train,__hf__,0,librispeech,8621
train,__hf__,0,librispeech,5847
train,/lambda/nfs/algovirginia/workspace/DeepfakeDetectionRenewed/data/wavefake/generated_audio/common_voices_prompts_from_conformer_fastspeech2_pwg_ljspeech/gen_8819.wav,1,common_voices_prompts_from_conformer_fastspeech2_pwg_ljspeech,
train,__hf__,0,librispeech,26785
train,/lambda/nfs/algovirginia/workspace/DeepfakeDetectionRenewed/data/wavefake/generated_audio/common_voices_prompts_from_conformer_fastspeech2_pwg_ljspeech/gen_10158.wav,1,common_voices_prompts_from_conformer_fastspeech2_pwg_ljspeech,
train,/lambda/nfs/algovirginia/workspace/DeepfakeDetectionRenewed/data/vcc2020/audio/T19/task1/team19_intra-TEM2_SEF2_E30005.wav,1,VCC2020_T19,
train,__hf__,0,librispeech,525
train,/lambda/nfs/algovirginia/workspace/DeepfakeDetectionRenewed/data/wavefake/generated_audio/ljspeech_parallel_wavegan/LJ044-0231_gen.wav,1,ljspeech_parallel_wavegan,
train,__hf__,0,librispeech,1840
train,__hf__,0,librispeech,1668
train,/lambda/nfs/algovirginia/workspace/DeepfakeDetectionRenewed/data/vcc2020/audio/T18/task1/team18_intra-TEF1_SEF1_E30001.wav,1,VCC2020_T18,
train,__hf__,0,librispeech,4353
train,__hf__,0,librispeech,2397
train,/lambda/nfs/algovirginia/workspace/DeepfakeDetectionRenewed/data/vcc2020/audio/T26/task1/team26_intra-TEF1_SEF2_E30003.wav,1,VCC2020_T26,
train,__hf__,0,librispeech,5909
train,/lambda/nfs/algovirginia/workspace/DeepfakeDetectionRenewed/data/vcc2020/audio/T28/task1/team28_intra-TEM1_SEM1_E30003.wav,1,VCC2020_T28,
train,/lambda/nfs/algovirginia/workspace/DeepfakeDetectionRenewed/data/vcc2020/audio/T33/task1/team33_intra-TEF1_SEM2_E30005.wav,1,VCC2020_T33,
train,__hf__,0,librispeech,251
train,/lambda/nfs/algovirginia/workspace/DeepfakeDetectionRenewed/data/vcc2020/audio/T17/task1/team17_intra-TEF1_SEM1_E30004.wav,1,VCC2020_T17,
train,__hf__,0,librispeech,24746
train,/lambda/nfs/algovirginia/workspace/DeepfakeDetectionRenewed/data/vcc2020/audio/T10/task1/team10_intra-TEM1_SEF1_E30004.wav,1,VCC2020_T10,
train,__hf__,0,librispeech,10656
train,/lambda/nfs/algovirginia/workspace/DeepfakeDetectionRenewed/data/vcc2020/audio/T24/task1/team24_intra-TEM1_SEM2_E30004.wav,1,VCC2020_T24,
train,__hf__,0,librispeech,21997
train,__hf__,0,librispeech,25720
train,/lambda/nfs/algovirginia/workspace/DeepfakeDetectionRenewed/data/vcc2020/audio/T30/task1/team30_intra-TEF1_SEM2_E30001.wav,1,VCC2020_T30,
train,__hf__,0,librispeech,28155
train,/lambda/nfs/algovirginia/workspace/DeepfakeDetectionRenewed/data/wavefake/generated_audio/ljspeech_hifiGAN/LJ048-0211_generated.wav,1,ljspeech_hifiGAN,
train,/lambda/nfs/algovirginia/workspace/DeepfakeDetectionRenewed/data/wavefake/generated_audio/ljspeech_parallel_wavegan/LJ010-0019_gen.wav,1,ljspeech_parallel_wavegan,
train,/lambda/nfs/algovirginia/workspace/DeepfakeDetectionRenewed/data/vcc2020/audio/T26/task1/team26_intra-TEM1_SEM1_E30003.wav,1,VCC2020_T26,
train,__hf__,0,librispeech,16982
train,__hf__,0,librispeech,7797
train,__hf__,0,librispeech,21301
train,__hf__,0,librispeech,6076
train,__hf__,0,librispeech,12511
train,__hf__,0,librispeech,4009
train,/lambda/nfs/algovirginia/workspace/DeepfakeDetectionRenewed/data/wavefake/generated_audio/ljspeech_hifiGAN/LJ033-0198_generated.wav,1,ljspeech_hifiGAN,
train,/lambda/nfs/algovirginia/workspace/DeepfakeDetectionRenewed/data/wavefake/generated_audio/ljspeech_parallel_wavegan/LJ047-0137_gen.wav,1,ljspeech_parallel_wavegan,
train,__hf__,0,librispeech,26491
train,/lambda/nfs/algovirginia/workspace/DeepfakeDetectionRenewed/data/wavefake/generated_audio/ljspeech_hifiGAN/LJ013-0235_generated.wav,1,ljspeech_hifiGAN,
train,/lambda/nfs/algovirginia/workspace/DeepfakeDetectionRenewed/data/wavefake/generated_audio/common_voices_prompts_from_conformer_fastspeech2_pwg_ljspeech/gen_190.wav,1,common_voices_prompts_from_conformer_fastspeech2_pwg_ljspeech,
train,/lambda/nfs/algovirginia/workspace/DeepfakeDetectionRenewed/data/vcc2020/audio/T30/task1/team30_intra-TEM2_SEM2_E30005.wav,1,VCC2020_T30,
train,/lambda/nfs/algovirginia/workspace/DeepfakeDetectionRenewed/data/vcc2020/audio/T20/task1/team20_intra-TEM2_SEF1_E30005.wav,1,VCC2020_T20,
train,/lambda/nfs/algovirginia/workspace/DeepfakeDetectionRenewed/data/vcc2020/audio/T10/task1/team10_intra-TEM2_SEF2_E30004.wav,1,VCC2020_T10,
train,/lambda/nfs/algovirginia/workspace/DeepfakeDetectionRenewed/data/vcc2020/audio/T16/task1/team16_intra-TEF1_SEF1_E30003.wav,1,VCC2020_T16,
train,/lambda/nfs/algovirginia/workspace/DeepfakeDetectionRenewed/data/wavefake/generated_audio/ljspeech_parallel_wavegan/LJ014-0007_gen.wav,1,ljspeech_parallel_wavegan,
train,__hf__,0,librispeech,12587
train,__hf__,0,librispeech,26086
train,__hf__,0,librispeech,14893
train,__hf__,0,librispeech,14548
train,__hf__,0,librispeech,7952
train,__hf__,0,librispeech,27761
train,/lambda/nfs/algovirginia/workspace/DeepfakeDetectionRenewed/data/vcc2020/audio/T22/task1/team22_intra-TEM2_SEF1_E30003.wav,1,VCC2020_T22,
train,/lambda/nfs/algovirginia/workspace/DeepfakeDetectionRenewed/data/wavefake/generated_audio/common_voices_prompts_from_conformer_fastspeech2_pwg_ljspeech/gen_4479.wav,1,common_voices_prompts_from_conformer_fastspeech2_pwg_ljspeech,
train,/lambda/nfs/algovirginia/workspace/DeepfakeDetectionRenewed/data/wavefake/generated_audio/common_voices_prompts_from_conformer_fastspeech2_pwg_ljspeech/gen_6968.wav,1,common_voices_prompts_from_conformer_fastspeech2_pwg_ljspeech,
train,__hf__,0,librispeech,9238
train,__hf__,0,librispeech,17009
train,/lambda/nfs/algovirginia/workspace/DeepfakeDetectionRenewed/data/vcc2020/audio/T30/task1/team30_intra-TEM1_SEM2_E30001.wav,1,VCC2020_T30,
train,__hf__,0,librispeech,11901
train,__hf__,0,librispeech,11033
train,/lambda/nfs/algovirginia/workspace/DeepfakeDetectionRenewed/data/wavefake/generated_audio/ljspeech_parallel_wavegan/LJ037-0171_gen.wav,1,ljspeech_parallel_wavegan,
train,/lambda/nfs/algovirginia/workspace/DeepfakeDetectionRenewed/data/wavefake/generated_audio/ljspeech_full_band_melgan/LJ042-0218_gen.wav,1,ljspeech_full_band_melgan,
train,/lambda/nfs/algovirginia/workspace/DeepfakeDetectionRenewed/data/vcc2020/audio/T04/task1/team04_intra-TEF2_SEF2_E30002.wav,1,VCC2020_T04,
train,/lambda/nfs/algovirginia/workspace/DeepfakeDetectionRenewed/data/wavefake/generated_audio/common_voices_prompts_from_conformer_fastspeech2_pwg_ljspeech/gen_6385.wav,1,common_voices_prompts_from_conformer_fastspeech2_pwg_ljspeech,
train,__hf__,0,librispeech,14254
train,__hf__,0,librispeech,8264
train,/lambda/nfs/algovirginia/workspace/DeepfakeDetectionRenewed/data/vcc2020/audio/T04/task1/team04_intra-TEM2_SEF2_E30004.wav,1,VCC2020_T04,
train,__hf__,0,librispeech,5860
train,__hf__,0,librispeech,20847
train,/lambda/nfs/algovirginia/workspace/DeepfakeDetectionRenewed/data/wavefake/generated_audio/common_voices_prompts_from_conformer_fastspeech2_pwg_ljspeech/gen_14289.wav,1,common_voices_prompts_from_conformer_fastspeech2_pwg_ljspeech,
train,__hf__,0,librispeech,17021
train,/lambda/nfs/algovirginia/workspace/DeepfakeDetectionRenewed/data/vcc2020/audio/T24/task1/team24_intra-TEM1_SEF1_E30004.wav,1,VCC2020_T24,
train,__hf__,0,librispeech,17872
train,/lambda/nfs/algovirginia/workspace/DeepfakeDetectionRenewed/data/wavefake/generated_audio/common_voices_prompts_from_conformer_fastspeech2_pwg_ljspeech/gen_12820.wav,1,common_voices_prompts_from_conformer_fastspeech2_pwg_ljspeech,
train,__hf__,0,librispeech,11352
train,__hf__,0,librispeech,22019
train,__hf__,0,librispeech,25419
train,/lambda/nfs/algovirginia/workspace/DeepfakeDetectionRenewed/data/wavefake/generated_audio/common_voices_prompts_from_conformer_fastspeech2_pwg_ljspeech/gen_1458.wav,1,common_voices_prompts_from_conformer_fastspeech2_pwg_ljspeech,
train,/lambda/nfs/algovirginia/workspace/DeepfakeDetectionRenewed/data/vcc2020/audio/T23/task1/team23_intra-TEF1_SEM2_E30001.wav,1,VCC2020_T23,
train,__hf__,0,librispeech,20286
train,/lambda/nfs/algovirginia/workspace/DeepfakeDetectionRenewed/data/wavefake/generated_audio/common_voices_prompts_from_conformer_fastspeech2_pwg_ljspeech/gen_821.wav,1,common_voices_prompts_from_conformer_fastspeech2_pwg_ljspeech,
train,__hf__,0,librispeech,92
train,/lambda/nfs/algovirginia/workspace/DeepfakeDetectionRenewed/data/vcc2020/audio/T09/task1/team09_intra-TEF1_SEM2_E30002.wav,1,VCC2020_T09,
train,__hf__,0,librispeech,21770
train,/lambda/nfs/algovirginia/workspace/DeepfakeDetectionRenewed/data/wavefake/generated_audio/common_voices_prompts_from_conformer_fastspeech2_pwg_ljspeech/gen_6821.wav,1,common_voices_prompts_from_conformer_fastspeech2_pwg_ljspeech,
train,__hf__,0,librispeech,17797
train,__hf__,0,librispeech,8860
train,/lambda/nfs/algovirginia/workspace/DeepfakeDetectionRenewed/data/wavefake/generated_audio/ljspeech_full_band_melgan/LJ002-0079_gen.wav,1,ljspeech_full_band_melgan,
train,__hf__,0,librispeech,24972
train,/lambda/nfs/algovirginia/workspace/DeepfakeDetectionRenewed/data/vcc2020/audio/T09/task1/team09_intra-TEF2_SEM1_E30005.wav,1,VCC2020_T09,
train,__hf__,0,librispeech,2278
train,/lambda/nfs/algovirginia/workspace/DeepfakeDetectionRenewed/data/vcc2020/audio/T02/task1/team02_intra-TEF1_SEM2_E30005.wav,1,VCC2020_T02,
train,/lambda/nfs/algovirginia/workspace/DeepfakeDetectionRenewed/data/vcc2020/audio/T29/task1/team29_intra-TEF2_SEF1_E30005.wav,1,VCC2020_T29,
train,/lambda/nfs/algovirginia/workspace/DeepfakeDetectionRenewed/data/wavefake/generated_audio/ljspeech_hifiGAN/LJ017-0229_generated.wav,1,ljspeech_hifiGAN,
train,__hf__,0,librispeech,4099
train,__hf__,0,librispeech,20176
train,/lambda/nfs/algovirginia/workspace/DeepfakeDetectionRenewed/data/wavefake/generated_audio/common_voices_prompts_from_conformer_fastspeech2_pwg_ljspeech/gen_14035.wav,1,common_voices_prompts_from_conformer_fastspeech2_pwg_ljspeech,
train,/lambda/nfs/algovirginia/workspace/DeepfakeDetectionRenewed/data/wavefake/generated_audio/ljspeech_parallel_wavegan/LJ001-0097_gen.wav,1,ljspeech_parallel_wavegan,
train,__hf__,0,librispeech,13435
train,/lambda/nfs/algovirginia/workspace/DeepfakeDetectionRenewed/data/vcc2020/audio/T18/task1/team18_intra-TEM1_SEF1_E30001.wav,1,VCC2020_T18,
train,/lambda/nfs/algovirginia/workspace/DeepfakeDetectionRenewed/data/vcc2020/audio/T17/task1/team17_intra-TEF2_SEM1_E30003.wav,1,VCC2020_T17,
train,__hf__,0,librispeech,19547
train,/lambda/nfs/algovirginia/workspace/DeepfakeDetectionRenewed/data/vcc2020/audio/T11/task1/team11_intra-TEM1_SEM1_E30005.wav,1,VCC2020_T11,
train,/lambda/nfs/algovirginia/workspace/DeepfakeDetectionRenewed/data/wavefake/generated_audio/common_voices_prompts_from_conformer_fastspeech2_pwg_ljspeech/gen_7546.wav,1,common_voices_prompts_from_conformer_fastspeech2_pwg_ljspeech,
train,/lambda/nfs/algovirginia/workspace/DeepfakeDetectionRenewed/data/vcc2020/audio/T28/task1/team28_intra-TEF1_SEF2_E30002.wav,1,VCC2020_T28,
train,/lambda/nfs/algovirginia/workspace/DeepfakeDetectionRenewed/data/wavefake/generated_audio/ljspeech_hifiGAN/LJ002-0205_generated.wav,1,ljspeech_hifiGAN,
train,/lambda/nfs/algovirginia/workspace/DeepfakeDetectionRenewed/data/vcc2020/audio/T14/task1/team14_intra-TEM2_SEM2_E30005.wav,1,VCC2020_T14,
train,__hf__,0,librispeech,5374
train,__hf__,0,librispeech,3499
train,__hf__,0,librispeech,17767
train,__hf__,0,librispeech,12922
train,/lambda/nfs/algovirginia/workspace/DeepfakeDetectionRenewed/data/vcc2020/audio/T08/task1/team08_intra-TEM2_SEF1_E30002.wav,1,VCC2020_T08,
train,__hf__,0,librispeech,15534
train,/lambda/nfs/algovirginia/workspace/DeepfakeDetectionRenewed/data/wavefake/generated_audio/common_voices_prompts_from_conformer_fastspeech2_pwg_ljspeech/gen_5252.wav,1,common_voices_prompts_from_conformer_fastspeech2_pwg_ljspeech,
train,__hf__,0,librispeech,9966
train,__hf__,0,librispeech,19116
train,/lambda/nfs/algovirginia/workspace/DeepfakeDetectionRenewed/data/wavefake/generated_audio/ljspeech_parallel_wavegan/LJ046-0060_gen.wav,1,ljspeech_parallel_wavegan,
train,__hf__,0,librispeech,19555
train,__hf__,0,librispeech,1295
train,__hf__,0,librispeech,19482
train,__hf__,0,librispeech,18474
train,/lambda/nfs/algovirginia/workspace/DeepfakeDetectionRenewed/data/wavefake/generated_audio/ljspeech_parallel_wavegan/LJ012-0005_gen.wav,1,ljspeech_parallel_wavegan,
train,/lambda/nfs/algovirginia/workspace/DeepfakeDetectionRenewed/data/vcc2020/audio/T09/task1/team09_intra-TEM2_SEM2_E30005.wav,1,VCC2020_T09,
train,/lambda/nfs/algovirginia/workspace/DeepfakeDetectionRenewed/data/vcc2020/audio/T32/task1/team32_intra-TEF2_SEF1_E30003.wav,1,VCC2020_T32,
train,__hf__,0,librispeech,6460
train,/lambda/nfs/algovirginia/workspace/DeepfakeDetectionRenewed/data/vcc2020/audio/T04/task1/team04_intra-TEM2_SEF2_E30002.wav,1,VCC2020_T04,
train,/lambda/nfs/algovirginia/workspace/DeepfakeDetectionRenewed/data/wavefake/generated_audio/common_voices_prompts_from_conformer_fastspeech2_pwg_ljspeech/gen_8286.wav,1,common_voices_prompts_from_conformer_fastspeech2_pwg_ljspeech,
train,/lambda/nfs/algovirginia/workspace/DeepfakeDetectionRenewed/data/vcc2020/audio/T06/task1/team06_intra-TEF2_SEM1_E30002.wav,1,VCC2020_T06,
train,__hf__,0,librispeech,21461
train,/lambda/nfs/algovirginia/workspace/DeepfakeDetectionRenewed/data/wavefake/generated_audio/common_voices_prompts_from_conformer_fastspeech2_pwg_ljspeech/gen_14400.wav,1,common_voices_prompts_from_conformer_fastspeech2_pwg_ljspeech,
train,__hf__,0,librispeech,14179
train,/lambda/nfs/algovirginia/workspace/DeepfakeDetectionRenewed/data/wavefake/generated_audio/common_voices_prompts_from_conformer_fastspeech2_pwg_ljspeech/gen_3097.wav,1,common_voices_prompts_from_conformer_fastspeech2_pwg_ljspeech,
train,/lambda/nfs/algovirginia/workspace/DeepfakeDetectionRenewed/data/vcc2020/audio/T25/task1/team25_intra-TEF2_SEM1_E30003.wav,1,VCC2020_T25,
train,/lambda/nfs/algovirginia/workspace/DeepfakeDetectionRenewed/data/wavefake/generated_audio/common_voices_prompts_from_conformer_fastspeech2_pwg_ljspeech/gen_8457.wav,1,common_voices_prompts_from_conformer_fastspeech2_pwg_ljspeech,
train,/lambda/nfs/algovirginia/workspace/DeepfakeDetectionRenewed/data/wavefake/generated_audio/common_voices_prompts_from_conformer_fastspeech2_pwg_ljspeech/gen_5664.wav,1,common_voices_prompts_from_conformer_fastspeech2_pwg_ljspeech,
train,__hf__,0,librispeech,26398
train,__hf__,0,librispeech,13594
train,__hf__,0,librispeech,22273
train,__hf__,0,librispeech,22865
train,/lambda/nfs/algovirginia/workspace/DeepfakeDetectionRenewed/data/vcc2020/audio/T06/task1/team06_intra-TEF1_SEF2_E30002.wav,1,VCC2020_T06,
train,/lambda/nfs/algovirginia/workspace/DeepfakeDetectionRenewed/data/vcc2020/audio/T26/task1/team26_intra-TEM1_SEF2_E30002.wav,1,VCC2020_T26,
train,__hf__,0,librispeech,4460
train,__hf__,0,librispeech,23631
train,__hf__,0,librispeech,10731
train,__hf__,0,librispeech,918
train,/lambda/nfs/algovirginia/workspace/DeepfakeDetectionRenewed/data/wavefake/generated_audio/ljspeech_hifiGAN/LJ048-0135_generated.wav,1,ljspeech_hifiGAN,
train,/lambda/nfs/algovirginia/workspace/DeepfakeDetectionRenewed/data/wavefake/generated_audio/ljspeech_full_band_melgan/LJ040-0086_gen.wav,1,ljspeech_full_band_melgan,
train,/lambda/nfs/algovirginia/workspace/DeepfakeDetectionRenewed/data/wavefake/generated_audio/ljspeech_hifiGAN/LJ032-0087_generated.wav,1,ljspeech_hifiGAN,
train,__hf__,0,librispeech,23137
train,/lambda/nfs/algovirginia/workspace/DeepfakeDetectionRenewed/data/wavefake/generated_audio/ljspeech_hifiGAN/LJ021-0082_generated.wav,1,ljspeech_hifiGAN,
train,/lambda/nfs/algovirginia/workspace/DeepfakeDetectionRenewed/data/wavefake/generated_audio/ljspeech_full_band_melgan/LJ031-0139_gen.wav,1,ljspeech_full_band_melgan,
train,/lambda/nfs/algovirginia/workspace/DeepfakeDetectionRenewed/data/wavefake/generated_audio/ljspeech_full_band_melgan/LJ037-0128_gen.wav,1,ljspeech_full_band_melgan,
train,/lambda/nfs/algovirginia/workspace/DeepfakeDetectionRenewed/data/vcc2020/audio/T17/task1/team17_intra-TEF1_SEM2_E30003.wav,1,VCC2020_T17,
train,/lambda/nfs/algovirginia/workspace/DeepfakeDetectionRenewed/data/wavefake/generated_audio/ljspeech_hifiGAN/LJ009-0205_generated.wav,1,ljspeech_hifiGAN,
train,__hf__,0,librispeech,8023
train,/lambda/nfs/algovirginia/workspace/DeepfakeDetectionRenewed/data/wavefake/generated_audio/ljspeech_hifiGAN/LJ003-0055_generated.wav,1,ljspeech_hifiGAN,
train,/lambda/nfs/algovirginia/workspace/DeepfakeDetectionRenewed/data/vcc2020/audio/T25/task1/team25_intra-TEF2_SEM1_E30004.wav,1,VCC2020_T25,
train,/lambda/nfs/algovirginia/workspace/DeepfakeDetectionRenewed/data/wavefake/generated_audio/common_voices_prompts_from_conformer_fastspeech2_pwg_ljspeech/gen_907.wav,1,common_voices_prompts_from_conformer_fastspeech2_pwg_ljspeech,
train,/lambda/nfs/algovirginia/workspace/DeepfakeDetectionRenewed/data/wavefake/generated_audio/ljspeech_parallel_wavegan/LJ001-0164_gen.wav,1,ljspeech_parallel_wavegan,
train,/lambda/nfs/algovirginia/workspace/DeepfakeDetectionRenewed/data/wavefake/generated_audio/common_voices_prompts_from_conformer_fastspeech2_pwg_ljspeech/gen_14450.wav,1,common_voices_prompts_from_conformer_fastspeech2_pwg_ljspeech,
train,/lambda/nfs/algovirginia/workspace/DeepfakeDetectionRenewed/data/vcc2020/audio/T03/task1/team03_intra-TEF1_SEM2_E30003.wav,1,VCC2020_T03,
train,__hf__,0,librispeech,539
train,/lambda/nfs/algovirginia/workspace/DeepfakeDetectionRenewed/data/vcc2020/audio/T04/task1/team04_intra-TEF2_SEM2_E30003.wav,1,VCC2020_T04,
train,/lambda/nfs/algovirginia/workspace/DeepfakeDetectionRenewed/data/vcc2020/audio/T20/task1/team20_intra-TEF1_SEF2_E30004.wav,1,VCC2020_T20,
train,/lambda/nfs/algovirginia/workspace/DeepfakeDetectionRenewed/data/vcc2020/audio/T17/task1/team17_intra-TEF2_SEF2_E30004.wav,1,VCC2020_T17,
train,/lambda/nfs/algovirginia/workspace/DeepfakeDetectionRenewed/data/vcc2020/audio/T08/task1/team08_intra-TEM2_SEF2_E30002.wav,1,VCC2020_T08,
train,/lambda/nfs/algovirginia/workspace/DeepfakeDetectionRenewed/data/wavefake/generated_audio/common_voices_prompts_from_conformer_fastspeech2_pwg_ljspeech/gen_5330.wav,1,common_voices_prompts_from_conformer_fastspeech2_pwg_ljspeech,
train,__hf__,0,librispeech,3348
train,/lambda/nfs/algovirginia/workspace/DeepfakeDetectionRenewed/data/vcc2020/audio/T21/task1/team21_intra-TEF2_SEF2_E30004.wav,1,VCC2020_T21,
train,/lambda/nfs/algovirginia/workspace/DeepfakeDetectionRenewed/data/wavefake/generated_audio/ljspeech_parallel_wavegan/LJ014-0083_gen.wav,1,ljspeech_parallel_wavegan,
train,__hf__,0,librispeech,19973
train,__hf__,0,librispeech,15520
train,/lambda/nfs/algovirginia/workspace/DeepfakeDetectionRenewed/data/wavefake/generated_audio/common_voices_prompts_from_conformer_fastspeech2_pwg_ljspeech/gen_182.wav,1,common_voices_prompts_from_conformer_fastspeech2_pwg_ljspeech,
train,/lambda/nfs/algovirginia/workspace/DeepfakeDetectionRenewed/data/wavefake/generated_audio/ljspeech_parallel_wavegan/LJ046-0122_gen.wav,1,ljspeech_parallel_wavegan,
train,/lambda/nfs/algovirginia/workspace/DeepfakeDetectionRenewed/data/vcc2020/audio/T07/task1/team07_intra-TEF1_SEF2_E30003.wav,1,VCC2020_T07,
train,__hf__,0,librispeech,10200
train,__hf__,0,librispeech,24791
train,__hf__,0,librispeech,21794
train,__hf__,0,librispeech,9947
train,/lambda/nfs/algovirginia/workspace/DeepfakeDetectionRenewed/data/vcc2020/audio/T01/task1/team01_intra-TEF2_SEM1_E30005.wav,1,VCC2020_T01,
train,__hf__,0,librispeech,18270
train,__hf__,0,librispeech,15699
train,__hf__,0,librispeech,11409
train,__hf__,0,librispeech,20361
train,__hf__,0,librispeech,11071
train,__hf__,0,librispeech,10677
train,/lambda/nfs/algovirginia/workspace/DeepfakeDetectionRenewed/data/wavefake/generated_audio/common_voices_prompts_from_conformer_fastspeech2_pwg_ljspeech/gen_12120.wav,1,common_voices_prompts_from_conformer_fastspeech2_pwg_ljspeech,
train,__hf__,0,librispeech,4251
train,__hf__,0,librispeech,21486
train,__hf__,0,librispeech,18183
train,__hf__,0,librispeech,18362
train,/lambda/nfs/algovirginia/workspace/DeepfakeDetectionRenewed/data/vcc2020/audio/T13/task1/team13_intra-TEM1_SEM1_E30004.wav,1,VCC2020_T13,
train,__hf__,0,librispeech,20290
train,/lambda/nfs/algovirginia/workspace/DeepfakeDetectionRenewed/data/wavefake/generated_audio/ljspeech_full_band_melgan/LJ028-0163_gen.wav,1,ljspeech_full_band_melgan,
train,__hf__,0,librispeech,5079
train,__hf__,0,librispeech,11043
train,/lambda/nfs/algovirginia/workspace/DeepfakeDetectionRenewed/data/vcc2020/audio/T29/task1/team29_intra-TEF2_SEF2_E30002.wav,1,VCC2020_T29,
train,__hf__,0,librispeech,24533
train,__hf__,0,librispeech,9835
train,/lambda/nfs/algovirginia/workspace/DeepfakeDetectionRenewed/data/vcc2020/audio/T02/task1/team02_intra-TEM2_SEM2_E30002.wav,1,VCC2020_T02,
train,__hf__,0,librispeech,12967
train,/lambda/nfs/algovirginia/workspace/DeepfakeDetectionRenewed/data/wavefake/generated_audio/common_voices_prompts_from_conformer_fastspeech2_pwg_ljspeech/gen_16050.wav,1,common_voices_prompts_from_conformer_fastspeech2_pwg_ljspeech,
train,__hf__,0,librispeech,20945
train,__hf__,0,librispeech,20174
train,__hf__,0,librispeech,11558
train,__hf__,0,librispeech,16619
train,__hf__,0,librispeech,13850
train,__hf__,0,librispeech,6629
train,/lambda/nfs/algovirginia/workspace/DeepfakeDetectionRenewed/data/wavefake/generated_audio/common_voices_prompts_from_conformer_fastspeech2_pwg_ljspeech/gen_4457.wav,1,common_voices_prompts_from_conformer_fastspeech2_pwg_ljspeech,
train,__hf__,0,librispeech,2574
train,__hf__,0,librispeech,23312
train,/lambda/nfs/algovirginia/workspace/DeepfakeDetectionRenewed/data/wavefake/generated_audio/common_voices_prompts_from_conformer_fastspeech2_pwg_ljspeech/gen_9420.wav,1,common_voices_prompts_from_conformer_fastspeech2_pwg_ljspeech,
train,/lambda/nfs/algovirginia/workspace/DeepfakeDetectionRenewed/data/vcc2020/audio/T03/task1/team03_intra-TEM2_SEM1_E30004.wav,1,VCC2020_T03,
train,/lambda/nfs/algovirginia/workspace/DeepfakeDetectionRenewed/data/wavefake/generated_audio/ljspeech_hifiGAN/LJ003-0236_generated.wav,1,ljspeech_hifiGAN,
train,__hf__,0,librispeech,18913
train,/lambda/nfs/algovirginia/workspace/DeepfakeDetectionRenewed/data/wavefake/generated_audio/common_voices_prompts_from_conformer_fastspeech2_pwg_ljspeech/gen_10700.wav,1,common_voices_prompts_from_conformer_fastspeech2_pwg_ljspeech,
train,/lambda/nfs/algovirginia/workspace/DeepfakeDetectionRenewed/data/wavefake/generated_audio/ljspeech_full_band_melgan/LJ042-0019_gen.wav,1,ljspeech_full_band_melgan,
train,__hf__,0,librispeech,8231
train,__hf__,0,librispeech,24834
train,__hf__,0,librispeech,5819
train,__hf__,0,librispeech,21052
train,/lambda/nfs/algovirginia/workspace/DeepfakeDetectionRenewed/data/vcc2020/audio/T10/task1/team10_intra-TEF1_SEM1_E30002.wav,1,VCC2020_T10,
train,__hf__,0,librispeech,11126
train,/lambda/nfs/algovirginia/workspace/DeepfakeDetectionRenewed/data/vcc2020/audio/T08/task1/team08_intra-TEF1_SEF2_E30001.wav,1,VCC2020_T08,
train,__hf__,0,librispeech,27451
train,__hf__,0,librispeech,12381
train,__hf__,0,librispeech,847
train,__hf__,0,librispeech,14765
train,/lambda/nfs/algovirginia/workspace/DeepfakeDetectionRenewed/data/wavefake/generated_audio/ljspeech_full_band_melgan/LJ029-0146_gen.wav,1,ljspeech_full_band_melgan,
train,/lambda/nfs/algovirginia/workspace/DeepfakeDetectionRenewed/data/vcc2020/audio/T25/task1/team25_intra-TEF1_SEF1_E30005.wav,1,VCC2020_T25,
train,__hf__,0,librispeech,9725
train,__hf__,0,librispeech,17746
train,/lambda/nfs/algovirginia/workspace/DeepfakeDetectionRenewed/data/vcc2020/audio/T20/task1/team20_intra-TEF2_SEM1_E30003.wav,1,VCC2020_T20,
train,__hf__,0,librispeech,19188
train,__hf__,0,librispeech,26987
train,__hf__,0,librispeech,11235
train,/lambda/nfs/algovirginia/workspace/DeepfakeDetectionRenewed/data/wavefake/generated_audio/ljspeech_hifiGAN/LJ010-0041_generated.wav,1,ljspeech_hifiGAN,
train,__hf__,0,librispeech,19119
train,__hf__,0,librispeech,13835
train,/lambda/nfs/algovirginia/workspace/DeepfakeDetectionRenewed/data/wavefake/generated_audio/ljspeech_parallel_wavegan/LJ038-0077_gen.wav,1,ljspeech_parallel_wavegan,
train,__hf__,0,librispeech,8725
train,/lambda/nfs/algovirginia/workspace/DeepfakeDetectionRenewed/data/vcc2020/audio/T09/task1/team09_intra-TEF2_SEM2_E30001.wav,1,VCC2020_T09,
train,__hf__,0,librispeech,3280
train,__hf__,0,librispeech,23879
train,__hf__,0,librispeech,13587
train,__hf__,0,librispeech,8466
train,__hf__,0,librispeech,6904
train,/lambda/nfs/algovirginia/workspace/DeepfakeDetectionRenewed/data/wavefake/generated_audio/common_voices_prompts_from_conformer_fastspeech2_pwg_ljspeech/gen_8358.wav,1,common_voices_prompts_from_conformer_fastspeech2_pwg_ljspeech,
train,__hf__,0,librispeech,10280
train,/lambda/nfs/algovirginia/workspace/DeepfakeDetectionRenewed/data/wavefake/generated_audio/ljspeech_full_band_melgan/LJ029-0180_gen.wav,1,ljspeech_full_band_melgan,
train,__hf__,0,librispeech,14341
train,__hf__,0,librispeech,24003
train,__hf__,0,librispeech,25928
train,__hf__,0,librispeech,1290
train,/lambda/nfs/algovirginia/workspace/DeepfakeDetectionRenewed/data/vcc2020/audio/T27/task1/team27_intra-TEM1_SEM2_E30001.wav,1,VCC2020_T27,
train,/lambda/nfs/algovirginia/workspace/DeepfakeDetectionRenewed/data/wavefake/generated_audio/ljspeech_parallel_wavegan/LJ041-0123_gen.wav,1,ljspeech_parallel_wavegan,
train,/lambda/nfs/algovirginia/workspace/DeepfakeDetectionRenewed/data/wavefake/generated_audio/common_voices_prompts_from_conformer_fastspeech2_pwg_ljspeech/gen_7847.wav,1,common_voices_prompts_from_conformer_fastspeech2_pwg_ljspeech,
train,/lambda/nfs/algovirginia/workspace/DeepfakeDetectionRenewed/data/vcc2020/audio/T23/task1/team23_intra-TEF1_SEM2_E30005.wav,1,VCC2020_T23,
train,__hf__,0,librispeech,14917
train,__hf__,0,librispeech,22818
train,/lambda/nfs/algovirginia/workspace/DeepfakeDetectionRenewed/data/vcc2020/audio/T06/task1/team06_intra-TEF2_SEF2_E30001.wav,1,VCC2020_T06,
train,/lambda/nfs/algovirginia/workspace/DeepfakeDetectionRenewed/data/wavefake/generated_audio/ljspeech_hifiGAN/LJ019-0167_generated.wav,1,ljspeech_hifiGAN,
train,__hf__,0,librispeech,21650
train,/lambda/nfs/algovirginia/workspace/DeepfakeDetectionRenewed/data/wavefake/generated_audio/ljspeech_full_band_melgan/LJ006-0304_gen.wav,1,ljspeech_full_band_melgan,
train,/lambda/nfs/algovirginia/workspace/DeepfakeDetectionRenewed/data/wavefake/generated_audio/ljspeech_full_band_melgan/LJ027-0177_gen.wav,1,ljspeech_full_band_melgan,
train,__hf__,0,librispeech,9668
train,/lambda/nfs/algovirginia/workspace/DeepfakeDetectionRenewed/data/wavefake/generated_audio/ljspeech_parallel_wavegan/LJ048-0190_gen.wav,1,ljspeech_parallel_wavegan,
train,__hf__,0,librispeech,7626
train,__hf__,0,librispeech,10117
train,__hf__,0,librispeech,25189
train,/lambda/nfs/algovirginia/workspace/DeepfakeDetectionRenewed/data/wavefake/generated_audio/ljspeech_full_band_melgan/LJ042-0135_gen.wav,1,ljspeech_full_band_melgan,
train,__hf__,0,librispeech,27987
train,/lambda/nfs/algovirginia/workspace/DeepfakeDetectionRenewed/data/vcc2020/audio/T07/task1/team07_intra-TEM2_SEM2_E30005.wav,1,VCC2020_T07,
train,__hf__,0,librispeech,2097
train,/lambda/nfs/algovirginia/workspace/DeepfakeDetectionRenewed/data/wavefake/generated_audio/ljspeech_full_band_melgan/LJ006-0133_gen.wav,1,ljspeech_full_band_melgan,
train,__hf__,0,librispeech,6781
train,/lambda/nfs/algovirginia/workspace/DeepfakeDetectionRenewed/data/vcc2020/audio/T02/task1/team02_intra-TEF2_SEF2_E30003.wav,1,VCC2020_T02,
train,__hf__,0,librispeech,15387
train,/lambda/nfs/algovirginia/workspace/DeepfakeDetectionRenewed/data/vcc2020/audio/T07/task1/team07_intra-TEM2_SEM1_E30002.wav,1,VCC2020_T07,
train,/lambda/nfs/algovirginia/workspace/DeepfakeDetectionRenewed/data/vcc2020/audio/T06/task1/team06_intra-TEM2_SEF1_E30001.wav,1,VCC2020_T06,
train,/lambda/nfs/algovirginia/workspace/DeepfakeDetectionRenewed/data/vcc2020/audio/T08/task1/team08_intra-TEM2_SEF1_E30003.wav,1,VCC2020_T08,
train,__hf__,0,librispeech,12631
train,/lambda/nfs/algovirginia/workspace/DeepfakeDetectionRenewed/data/vcc2020/audio/T23/task1/team23_intra-TEF2_SEF1_E30005.wav,1,VCC2020_T23,
train,__hf__,0,librispeech,7899
train,/lambda/nfs/algovirginia/workspace/DeepfakeDetectionRenewed/data/wavefake/generated_audio/ljspeech_parallel_wavegan/LJ005-0137_gen.wav,1,ljspeech_parallel_wavegan,
train,/lambda/nfs/algovirginia/workspace/DeepfakeDetectionRenewed/data/wavefake/generated_audio/ljspeech_parallel_wavegan/LJ039-0041_gen.wav,1,ljspeech_parallel_wavegan,
train,__hf__,0,librispeech,21114
train,/lambda/nfs/algovirginia/workspace/DeepfakeDetectionRenewed/data/vcc2020/audio/T01/task1/team01_intra-TEF2_SEM1_E30001.wav,1,VCC2020_T01,
train,__hf__,0,librispeech,16802
train,__hf__,0,librispeech,12876
train,/lambda/nfs/algovirginia/workspace/DeepfakeDetectionRenewed/data/vcc2020/audio/T07/task1/team07_intra-TEM2_SEM2_E30001.wav,1,VCC2020_T07,
train,__hf__,0,librispeech,8599
train,/lambda/nfs/algovirginia/workspace/DeepfakeDetectionRenewed/data/vcc2020/audio/T22/task1/team22_intra-TEM1_SEM2_E30001.wav,1,VCC2020_T22,
train,/lambda/nfs/algovirginia/workspace/DeepfakeDetectionRenewed/data/wavefake/generated_audio/ljspeech_hifiGAN/LJ026-0078_generated.wav,1,ljspeech_hifiGAN,
train,__hf__,0,librispeech,1280
train,__hf__,0,librispeech,21876
train,__hf__,0,librispeech,6424
train,__hf__,0,librispeech,19427
train,/lambda/nfs/algovirginia/workspace/DeepfakeDetectionRenewed/data/vcc2020/audio/T27/task1/team27_intra-TEF1_SEM1_E30003.wav,1,VCC2020_T27,
train,/lambda/nfs/algovirginia/workspace/DeepfakeDetectionRenewed/data/wavefake/generated_audio/ljspeech_hifiGAN/LJ008-0158_generated.wav,1,ljspeech_hifiGAN,
train,/lambda/nfs/algovirginia/workspace/DeepfakeDetectionRenewed/data/vcc2020/audio/T14/task1/team14_intra-TEF2_SEF2_E30003.wav,1,VCC2020_T14,
train,__hf__,0,librispeech,3483
train,/lambda/nfs/algovirginia/workspace/DeepfakeDetectionRenewed/data/vcc2020/audio/T30/task1/team30_intra-TEM1_SEF1_E30002.wav,1,VCC2020_T30,
val,/lambda/nfs/algovirginia/workspace/DeepfakeDetectionRenewed/data/vcc2020/audio/T16/task1/team16_intra-TEM2_SEM1_E30005.wav,1,VCC2020_T16,
val,__hf__,0,librispeech,6645
val,__hf__,0,librispeech,27976
val,__hf__,0,librispeech,19886
val,__hf__,0,librispeech,19463
val,__hf__,0,librispeech,8330
val,/lambda/nfs/algovirginia/workspace/DeepfakeDetectionRenewed/data/vcc2020/audio/T14/task1/team14_intra-TEF1_SEF1_E30001.wav,1,VCC2020_T14,
val,/lambda/nfs/algovirginia/workspace/DeepfakeDetectionRenewed/data/vcc2020/audio/T25/task1/team25_intra-TEM2_SEF1_E30001.wav,1,VCC2020_T25,
val,/lambda/nfs/algovirginia/workspace/DeepfakeDetectionRenewed/data/vcc2020/audio/T10/task1/team10_intra-TEM1_SEM2_E30003.wav,1,VCC2020_T10,
val,/lambda/nfs/algovirginia/workspace/DeepfakeDetectionRenewed/data/vcc2020/audio/T27/task1/team27_intra-TEF1_SEF2_E30003.wav,1,VCC2020_T27,
val,/lambda/nfs/algovirginia/workspace/DeepfakeDetectionRenewed/data/vcc2020/audio/T19/task1/team19_intra-TEF2_SEM1_E30002.wav,1,VCC2020_T19,
val,/lambda/nfs/algovirginia/workspace/DeepfakeDetectionRenewed/data/wavefake/generated_audio/common_voices_prompts_from_conformer_fastspeech2_pwg_ljspeech/gen_6641.wav,1,common_voices_prompts_from_conformer_fastspeech2_pwg_ljspeech,
val,__hf__,0,librispeech,24801
val,__hf__,0,librispeech,1529
val,/lambda/nfs/algovirginia/workspace/DeepfakeDetectionRenewed/data/wavefake/generated_audio/ljspeech_parallel_wavegan/LJ044-0189_gen.wav,1,ljspeech_parallel_wavegan,
val,/lambda/nfs/algovirginia/workspace/DeepfakeDetectionRenewed/data/wavefake/generated_audio/ljspeech_hifiGAN/LJ017-0041_generated.wav,1,ljspeech_hifiGAN,
val,/lambda/nfs/algovirginia/workspace/DeepfakeDetectionRenewed/data/wavefake/generated_audio/common_voices_prompts_from_conformer_fastspeech2_pwg_ljspeech/gen_1759.wav,1,common_voices_prompts_from_conformer_fastspeech2_pwg_ljspeech,
val,__hf__,0,librispeech,6740
val,__hf__,0,librispeech,12441
val,__hf__,0,librispeech,3007
val,__hf__,0,librispeech,24668
val,__hf__,0,librispeech,14529
val,/lambda/nfs/algovirginia/workspace/DeepfakeDetectionRenewed/data/wavefake/generated_audio/ljspeech_full_band_melgan/LJ009-0296_gen.wav,1,ljspeech_full_band_melgan,
val,__hf__,0,librispeech,23082
val,__hf__,0,librispeech,18182
val,/lambda/nfs/algovirginia/workspace/DeepfakeDetectionRenewed/data/vcc2020/audio/T23/task1/team23_intra-TEF2_SEF2_E30003.wav,1,VCC2020_T23,
val,__hf__,0,librispeech,12417
val,__hf__,0,librispeech,12595
val,/lambda/nfs/algovirginia/workspace/DeepfakeDetectionRenewed/data/wavefake/generated_audio/ljspeech_hifiGAN/LJ038-0058_generated.wav,1,ljspeech_hifiGAN,
val,/lambda/nfs/algovirginia/workspace/DeepfakeDetectionRenewed/data/vcc2020/audio/T20/task1/team20_intra-TEF2_SEM2_E30005.wav,1,VCC2020_T20,
val,__hf__,0,librispeech,1779
val,/lambda/nfs/algovirginia/workspace/DeepfakeDetectionRenewed/data/vcc2020/audio/T12/task1/team12_intra-TEF1_SEF2_E30002.wav,1,VCC2020_T12,
val,/lambda/nfs/algovirginia/workspace/DeepfakeDetectionRenewed/data/vcc2020/audio/T11/task1/team11_intra-TEF1_SEF1_E30004.wav,1,VCC2020_T11,
val,__hf__,0,librispeech,848
val,__hf__,0,librispeech,18397
val,__hf__,0,librispeech,23129
val,__hf__,0,librispeech,7927
val,/lambda/nfs/algovirginia/workspace/DeepfakeDetectionRenewed/data/vcc2020/audio/T26/task1/team26_intra-TEF1_SEM2_E30003.wav,1,VCC2020_T26,
val,__hf__,0,librispeech,22823
val,/lambda/nfs/algovirginia/workspace/DeepfakeDetectionRenewed/data/wavefake/generated_audio/common_voices_prompts_from_conformer_fastspeech2_pwg_ljspeech/gen_2278.wav,1,common_voices_prompts_from_conformer_fastspeech2_pwg_ljspeech,
val,/lambda/nfs/algovirginia/workspace/DeepfakeDetectionRenewed/data/wavefake/generated_audio/ljspeech_parallel_wavegan/LJ014-0056_gen.wav,1,ljspeech_parallel_wavegan,
val,/lambda/nfs/algovirginia/workspace/DeepfakeDetectionRenewed/data/vcc2020/audio/T14/task1/team14_intra-TEM2_SEF2_E30002.wav,1,VCC2020_T14,
val,__hf__,0,librispeech,8602
val,/lambda/nfs/algovirginia/workspace/DeepfakeDetectionRenewed/data/vcc2020/audio/T10/task1/team10_intra-TEM2_SEM1_E30004.wav,1,VCC2020_T10,
val,__hf__,0,librispeech,28290
val,/lambda/nfs/algovirginia/workspace/DeepfakeDetectionRenewed/data/vcc2020/audio/T20/task1/team20_intra-TEM1_SEM1_E30005.wav,1,VCC2020_T20,
val,__hf__,0,librispeech,17918
val,__hf__,0,librispeech,1108
val,/lambda/nfs/algovirginia/workspace/DeepfakeDetectionRenewed/data/wavefake/generated_audio/common_voices_prompts_from_conformer_fastspeech2_pwg_ljspeech/gen_11512.wav,1,common_voices_prompts_from_conformer_fastspeech2_pwg_ljspeech,
val,/lambda/nfs/algovirginia/workspace/DeepfakeDetectionRenewed/data/wavefake/generated_audio/ljspeech_hifiGAN/LJ019-0083_generated.wav,1,ljspeech_hifiGAN,
val,__hf__,0,librispeech,13068
val,__hf__,0,librispeech,8204
val,/lambda/nfs/algovirginia/workspace/DeepfakeDetectionRenewed/data/wavefake/generated_audio/ljspeech_parallel_wavegan/LJ036-0196_gen.wav,1,ljspeech_parallel_wavegan,
val,/lambda/nfs/algovirginia/workspace/DeepfakeDetectionRenewed/data/vcc2020/audio/T27/task1/team27_intra-TEM2_SEF1_E30001.wav,1,VCC2020_T27,
val,__hf__,0,librispeech,16285
val,/lambda/nfs/algovirginia/workspace/DeepfakeDetectionRenewed/data/vcc2020/audio/T32/task1/team32_intra-TEM2_SEF2_E30001.wav,1,VCC2020_T32,
val,__hf__,0,librispeech,22340
val,__hf__,0,librispeech,24644
val,/lambda/nfs/algovirginia/workspace/DeepfakeDetectionRenewed/data/wavefake/generated_audio/ljspeech_hifiGAN/LJ008-0188_generated.wav,1,ljspeech_hifiGAN,
val,/lambda/nfs/algovirginia/workspace/DeepfakeDetectionRenewed/data/vcc2020/audio/T26/task1/team26_intra-TEM1_SEF1_E30001.wav,1,VCC2020_T26,
val,/lambda/nfs/algovirginia/workspace/DeepfakeDetectionRenewed/data/wavefake/generated_audio/common_voices_prompts_from_conformer_fastspeech2_pwg_ljspeech/gen_11615.wav,1,common_voices_prompts_from_conformer_fastspeech2_pwg_ljspeech,
val,__hf__,0,librispeech,14365
val,__hf__,0,librispeech,851
val,/lambda/nfs/algovirginia/workspace/DeepfakeDetectionRenewed/data/vcc2020/audio/T09/task1/team09_intra-TEM2_SEF1_E30004.wav,1,VCC2020_T09,
val,/lambda/nfs/algovirginia/workspace/DeepfakeDetectionRenewed/data/vcc2020/audio/T20/task1/team20_intra-TEF1_SEM2_E30002.wav,1,VCC2020_T20,
val,/lambda/nfs/algovirginia/workspace/DeepfakeDetectionRenewed/data/wavefake/generated_audio/ljspeech_parallel_wavegan/LJ023-0079_gen.wav,1,ljspeech_parallel_wavegan,
val,__hf__,0,librispeech,11801
val,/lambda/nfs/algovirginia/workspace/DeepfakeDetectionRenewed/data/vcc2020/audio/T03/task1/team03_intra-TEF1_SEM2_E30005.wav,1,VCC2020_T03,
val,/lambda/nfs/algovirginia/workspace/DeepfakeDetectionRenewed/data/vcc2020/audio/T03/task1/team03_intra-TEF1_SEF2_E30005.wav,1,VCC2020_T03,
val,/lambda/nfs/algovirginia/workspace/DeepfakeDetectionRenewed/data/wavefake/generated_audio/ljspeech_hifiGAN/LJ011-0120_generated.wav,1,ljspeech_hifiGAN,
val,__hf__,0,librispeech,20314
val,__hf__,0,librispeech,25041
val,__hf__,0,librispeech,2573
val,/lambda/nfs/algovirginia/workspace/DeepfakeDetectionRenewed/data/vcc2020/audio/T10/task1/team10_intra-TEF1_SEF1_E30003.wav,1,VCC2020_T10,
val,__hf__,0,librispeech,21343
val,__hf__,0,librispeech,11035
val,/lambda/nfs/algovirginia/workspace/DeepfakeDetectionRenewed/data/vcc2020/audio/T32/task1/team32_intra-TEF2_SEM1_E30005.wav,1,VCC2020_T32,
val,__hf__,0,librispeech,12234
val,/lambda/nfs/algovirginia/workspace/DeepfakeDetectionRenewed/data/vcc2020/audio/T04/task1/team04_intra-TEM2_SEF2_E30003.wav,1,VCC2020_T04,
val,__hf__,0,librispeech,8010
val,__hf__,0,librispeech,16676
val,__hf__,0,librispeech,7235
val,/lambda/nfs/algovirginia/workspace/DeepfakeDetectionRenewed/data/vcc2020/audio/T23/task1/team23_intra-TEF2_SEF1_E30002.wav,1,VCC2020_T23,
val,__hf__,0,librispeech,12415
val,/lambda/nfs/algovirginia/workspace/DeepfakeDetectionRenewed/data/wavefake/generated_audio/ljspeech_parallel_wavegan/LJ013-0199_gen.wav,1,ljspeech_parallel_wavegan,
val,__hf__,0,librispeech,10776
val,__hf__,0,librispeech,19971
val,__hf__,0,librispeech,11416
val,__hf__,0,librispeech,8003
val,__hf__,0,librispeech,1754
val,/lambda/nfs/algovirginia/workspace/DeepfakeDetectionRenewed/data/wavefake/generated_audio/ljspeech_full_band_melgan/LJ010-0004_gen.wav,1,ljspeech_full_band_melgan,
val,__hf__,0,librispeech,2909
val,/lambda/nfs/algovirginia/workspace/DeepfakeDetectionRenewed/data/wavefake/generated_audio/common_voices_prompts_from_conformer_fastspeech2_pwg_ljspeech/gen_2733.wav,1,common_voices_prompts_from_conformer_fastspeech2_pwg_ljspeech,
val,__hf__,0,librispeech,18081
val,/lambda/nfs/algovirginia/workspace/DeepfakeDetectionRenewed/data/vcc2020/audio/T20/task1/team20_intra-TEF2_SEF2_E30005.wav,1,VCC2020_T20,
val,__hf__,0,librispeech,19681
val,/lambda/nfs/algovirginia/workspace/DeepfakeDetectionRenewed/data/wavefake/generated_audio/ljspeech_full_band_melgan/LJ037-0266_gen.wav,1,ljspeech_full_band_melgan,
val,/lambda/nfs/algovirginia/workspace/DeepfakeDetectionRenewed/data/wavefake/generated_audio/common_voices_prompts_from_conformer_fastspeech2_pwg_ljspeech/gen_16156.wav,1,common_voices_prompts_from_conformer_fastspeech2_pwg_ljspeech,
val,/lambda/nfs/algovirginia/workspace/DeepfakeDetectionRenewed/data/wavefake/generated_audio/ljspeech_parallel_wavegan/LJ034-0175_gen.wav,1,ljspeech_parallel_wavegan,
val,__hf__,0,librispeech,16224
val,/lambda/nfs/algovirginia/workspace/DeepfakeDetectionRenewed/data/wavefake/generated_audio/ljspeech_parallel_wavegan/LJ018-0365_gen.wav,1,ljspeech_parallel_wavegan,
val,__hf__,0,librispeech,27476
val,/lambda/nfs/algovirginia/workspace/DeepfakeDetectionRenewed/data/wavefake/generated_audio/ljspeech_full_band_melgan/LJ018-0097_gen.wav,1,ljspeech_full_band_melgan,
val,__hf__,0,librispeech,18715
val,/lambda/nfs/algovirginia/workspace/DeepfakeDetectionRenewed/data/wavefake/generated_audio/ljspeech_parallel_wavegan/LJ020-0083_gen.wav,1,ljspeech_parallel_wavegan,
val,/lambda/nfs/algovirginia/workspace/DeepfakeDetectionRenewed/data/wavefake/generated_audio/ljspeech_parallel_wavegan/LJ010-0248_gen.wav,1,ljspeech_parallel_wavegan,
val,/lambda/nfs/algovirginia/workspace/DeepfakeDetectionRenewed/data/wavefake/generated_audio/ljspeech_parallel_wavegan/LJ017-0262_gen.wav,1,ljspeech_parallel_wavegan,
val,/lambda/nfs/algovirginia/workspace/DeepfakeDetectionRenewed/data/wavefake/generated_audio/common_voices_prompts_from_conformer_fastspeech2_pwg_ljspeech/gen_1078.wav,1,common_voices_prompts_from_conformer_fastspeech2_pwg_ljspeech,
val,__hf__,0,librispeech,12136
val,__hf__,0,librispeech,10226
val,/lambda/nfs/algovirginia/workspace/DeepfakeDetectionRenewed/data/vcc2020/audio/T27/task1/team27_intra-TEM1_SEM2_E30005.wav,1,VCC2020_T27,
val,__hf__,0,librispeech,19147
val,__hf__,0,librispeech,20577
val,/lambda/nfs/algovirginia/workspace/DeepfakeDetectionRenewed/data/vcc2020/audio/T31/task1/team31_intra-TEF1_SEM1_E30004.wav,1,VCC2020_T31,
val,/lambda/nfs/algovirginia/workspace/DeepfakeDetectionRenewed/data/wavefake/generated_audio/ljspeech_hifiGAN/LJ002-0300_generated.wav,1,ljspeech_hifiGAN,
val,/lambda/nfs/algovirginia/workspace/DeepfakeDetectionRenewed/data/wavefake/generated_audio/ljspeech_hifiGAN/LJ012-0240_generated.wav,1,ljspeech_hifiGAN,
val,/lambda/nfs/algovirginia/workspace/DeepfakeDetectionRenewed/data/wavefake/generated_audio/ljspeech_full_band_melgan/LJ040-0216_gen.wav,1,ljspeech_full_band_melgan,
val,__hf__,0,librispeech,25532
val,__hf__,0,librispeech,8594
val,__hf__,0,librispeech,19741
val,/lambda/nfs/algovirginia/workspace/DeepfakeDetectionRenewed/data/wavefake/generated_audio/ljspeech_full_band_melgan/LJ030-0227_gen.wav,1,ljspeech_full_band_melgan,
val,/lambda/nfs/algovirginia/workspace/DeepfakeDetectionRenewed/data/wavefake/generated_audio/ljspeech_full_band_melgan/LJ018-0084_gen.wav,1,ljspeech_full_band_melgan,
val,/lambda/nfs/algovirginia/workspace/DeepfakeDetectionRenewed/data/vcc2020/audio/T07/task1/team07_intra-TEF1_SEF2_E30002.wav,1,VCC2020_T07,
val,/lambda/nfs/algovirginia/workspace/DeepfakeDetectionRenewed/data/vcc2020/audio/T12/task1/team12_intra-TEM1_SEM2_E30004.wav,1,VCC2020_T12,
val,__hf__,0,librispeech,24499
val,/lambda/nfs/algovirginia/workspace/DeepfakeDetectionRenewed/data/wavefake/generated_audio/ljspeech_full_band_melgan/LJ004-0180_gen.wav,1,ljspeech_full_band_melgan,
val,/lambda/nfs/algovirginia/workspace/DeepfakeDetectionRenewed/data/vcc2020/audio/T11/task1/team11_intra-TEM2_SEF1_E30001.wav,1,VCC2020_T11,
val,__hf__,0,librispeech,898
val,__hf__,0,librispeech,25955
val,/lambda/nfs/algovirginia/workspace/DeepfakeDetectionRenewed/data/wavefake/generated_audio/ljspeech_hifiGAN/LJ026-0018_generated.wav,1,ljspeech_hifiGAN,
val,__hf__,0,librispeech,1484
val,__hf__,0,librispeech,23912
val,__hf__,0,librispeech,5389
val,__hf__,0,librispeech,16912
val,/lambda/nfs/algovirginia/workspace/DeepfakeDetectionRenewed/data/wavefake/generated_audio/common_voices_prompts_from_conformer_fastspeech2_pwg_ljspeech/gen_2121.wav,1,common_voices_prompts_from_conformer_fastspeech2_pwg_ljspeech,
val,/lambda/nfs/algovirginia/workspace/DeepfakeDetectionRenewed/data/wavefake/generated_audio/ljspeech_parallel_wavegan/LJ022-0014_gen.wav,1,ljspeech_parallel_wavegan,
val,/lambda/nfs/algovirginia/workspace/DeepfakeDetectionRenewed/data/vcc2020/audio/T30/task1/team30_intra-TEM2_SEM2_E30004.wav,1,VCC2020_T30,
val,/lambda/nfs/algovirginia/workspace/DeepfakeDetectionRenewed/data/vcc2020/audio/T12/task1/team12_intra-TEM2_SEM1_E30005.wav,1,VCC2020_T12,
val,/lambda/nfs/algovirginia/workspace/DeepfakeDetectionRenewed/data/wavefake/generated_audio/common_voices_prompts_from_conformer_fastspeech2_pwg_ljspeech/gen_11167.wav,1,common_voices_prompts_from_conformer_fastspeech2_pwg_ljspeech,
val,__hf__,0,librispeech,27584
val,/lambda/nfs/algovirginia/workspace/DeepfakeDetectionRenewed/data/wavefake/generated_audio/ljspeech_parallel_wavegan/LJ023-0126_gen.wav,1,ljspeech_parallel_wavegan,
val,__hf__,0,librispeech,15675
val,__hf__,0,librispeech,440
val,__hf__,0,librispeech,17976
val,__hf__,0,librispeech,3341
val,__hf__,0,librispeech,17957
val,/lambda/nfs/algovirginia/workspace/DeepfakeDetectionRenewed/data/vcc2020/audio/T01/task1/team01_intra-TEF1_SEM2_E30001.wav,1,VCC2020_T01,
val,/lambda/nfs/algovirginia/workspace/DeepfakeDetectionRenewed/data/vcc2020/audio/T13/task1/team13_intra-TEM2_SEF1_E30001.wav,1,VCC2020_T13,
val,__hf__,0,librispeech,18837
val,__hf__,0,librispeech,11549
val,__hf__,0,librispeech,2271
val,__hf__,0,librispeech,28203
val,/lambda/nfs/algovirginia/workspace/DeepfakeDetectionRenewed/data/vcc2020/audio/T29/task1/team29_intra-TEM1_SEM1_E30005.wav,1,VCC2020_T29,
val,/lambda/nfs/algovirginia/workspace/DeepfakeDetectionRenewed/data/wavefake/generated_audio/ljspeech_hifiGAN/LJ043-0099_generated.wav,1,ljspeech_hifiGAN,
val,/lambda/nfs/algovirginia/workspace/DeepfakeDetectionRenewed/data/vcc2020/audio/T14/task1/team14_intra-TEF2_SEM2_E30005.wav,1,VCC2020_T14,
val,__hf__,0,librispeech,22570
val,/lambda/nfs/algovirginia/workspace/DeepfakeDetectionRenewed/data/vcc2020/audio/T17/task1/team17_intra-TEM2_SEF2_E30003.wav,1,VCC2020_T17,
val,__hf__,0,librispeech,17868
val,__hf__,0,librispeech,4467
val,/lambda/nfs/algovirginia/workspace/DeepfakeDetectionRenewed/data/vcc2020/audio/T14/task1/team14_intra-TEM2_SEM2_E30002.wav,1,VCC2020_T14,
val,/lambda/nfs/algovirginia/workspace/DeepfakeDetectionRenewed/data/wavefake/generated_audio/common_voices_prompts_from_conformer_fastspeech2_pwg_ljspeech/gen_13067.wav,1,common_voices_prompts_from_conformer_fastspeech2_pwg_ljspeech,
val,/lambda/nfs/algovirginia/workspace/DeepfakeDetectionRenewed/data/wavefake/generated_audio/ljspeech_parallel_wavegan/LJ033-0081_gen.wav,1,ljspeech_parallel_wavegan,
val,__hf__,0,librispeech,12107
val,__hf__,0,librispeech,23322
val,__hf__,0,librispeech,15202
val,/lambda/nfs/algovirginia/workspace/DeepfakeDetectionRenewed/data/vcc2020/audio/T08/task1/team08_intra-TEF2_SEF2_E30005.wav,1,VCC2020_T08,
val,__hf__,0,librispeech,14020
val,__hf__,0,librispeech,16391
val,/lambda/nfs/algovirginia/workspace/DeepfakeDetectionRenewed/data/vcc2020/audio/T19/task1/team19_intra-TEF2_SEM1_E30004.wav,1,VCC2020_T19,
val,/lambda/nfs/algovirginia/workspace/DeepfakeDetectionRenewed/data/vcc2020/audio/T16/task1/team16_intra-TEF1_SEF2_E30002.wav,1,VCC2020_T16,
val,__hf__,0,librispeech,13372
val,/lambda/nfs/algovirginia/workspace/DeepfakeDetectionRenewed/data/vcc2020/audio/T20/task1/team20_intra-TEF1_SEM1_E30004.wav,1,VCC2020_T20,
val,/lambda/nfs/algovirginia/workspace/DeepfakeDetectionRenewed/data/vcc2020/audio/T24/task1/team24_intra-TEF1_SEM2_E30004.wav,1,VCC2020_T24,
val,/lambda/nfs/algovirginia/workspace/DeepfakeDetectionRenewed/data/vcc2020/audio/T22/task1/team22_intra-TEF2_SEM2_E30005.wav,1,VCC2020_T22,
val,/lambda/nfs/algovirginia/workspace/DeepfakeDetectionRenewed/data/vcc2020/audio/T30/task1/team30_intra-TEF1_SEM1_E30004.wav,1,VCC2020_T30,
val,__hf__,0,librispeech,70
val,__hf__,0,librispeech,25394
val,/lambda/nfs/algovirginia/workspace/DeepfakeDetectionRenewed/data/wavefake/generated_audio/ljspeech_hifiGAN/LJ014-0005_generated.wav,1,ljspeech_hifiGAN,
val,__hf__,0,librispeech,4199
val,__hf__,0,librispeech,24885
val,/lambda/nfs/algovirginia/workspace/DeepfakeDetectionRenewed/data/wavefake/generated_audio/ljspeech_hifiGAN/LJ021-0050_generated.wav,1,ljspeech_hifiGAN,
val,__hf__,0,librispeech,1504
val,/lambda/nfs/algovirginia/workspace/DeepfakeDetectionRenewed/data/wavefake/generated_audio/ljspeech_full_band_melgan/LJ034-0169_gen.wav,1,ljspeech_full_band_melgan,
val,/lambda/nfs/algovirginia/workspace/DeepfakeDetectionRenewed/data/vcc2020/audio/T30/task1/team30_intra-TEM1_SEM1_E30003.wav,1,VCC2020_T30,
val,__hf__,0,librispeech,3339
val,__hf__,0,librispeech,19833
val,__hf__,0,librispeech,25887
val,__hf__,0,librispeech,4423
val,/lambda/nfs/algovirginia/workspace/DeepfakeDetectionRenewed/data/wavefake/generated_audio/common_voices_prompts_from_conformer_fastspeech2_pwg_ljspeech/gen_5964.wav,1,common_voices_prompts_from_conformer_fastspeech2_pwg_ljspeech,
val,__hf__,0,librispeech,506
val,__hf__,0,librispeech,7583
val,__hf__,0,librispeech,21528
val,/lambda/nfs/algovirginia/workspace/DeepfakeDetectionRenewed/data/vcc2020/audio/T32/task1/team32_intra-TEF2_SEM1_E30003.wav,1,VCC2020_T32,
val,__hf__,0,librispeech,2612
val,/lambda/nfs/algovirginia/workspace/DeepfakeDetectionRenewed/data/wavefake/generated_audio/ljspeech_full_band_melgan/LJ042-0087_gen.wav,1,ljspeech_full_band_melgan,
val,/lambda/nfs/algovirginia/workspace/DeepfakeDetectionRenewed/data/wavefake/generated_audio/common_voices_prompts_from_conformer_fastspeech2_pwg_ljspeech/gen_606.wav,1,common_voices_prompts_from_conformer_fastspeech2_pwg_ljspeech,
val,/lambda/nfs/algovirginia/workspace/DeepfakeDetectionRenewed/data/vcc2020/audio/T23/task1/team23_intra-TEF1_SEM1_E30001.wav,1,VCC2020_T23,
val,__hf__,0,librispeech,17785
val,/lambda/nfs/algovirginia/workspace/DeepfakeDetectionRenewed/data/wavefake/generated_audio/ljspeech_hifiGAN/LJ029-0040_generated.wav,1,ljspeech_hifiGAN,
val,/lambda/nfs/algovirginia/workspace/DeepfakeDetectionRenewed/data/vcc2020/audio/T33/task1/team33_intra-TEF1_SEF2_E30003.wav,1,VCC2020_T33,
val,/lambda/nfs/algovirginia/workspace/DeepfakeDetectionRenewed/data/wavefake/generated_audio/ljspeech_parallel_wavegan/LJ037-0160_gen.wav,1,ljspeech_parallel_wavegan,
val,/lambda/nfs/algovirginia/workspace/DeepfakeDetectionRenewed/data/wavefake/generated_audio/ljspeech_hifiGAN/LJ040-0183_generated.wav,1,ljspeech_hifiGAN,
val,__hf__,0,librispeech,24526
val,/lambda/nfs/algovirginia/workspace/DeepfakeDetectionRenewed/data/wavefake/generated_audio/ljspeech_hifiGAN/LJ039-0028_generated.wav,1,ljspeech_hifiGAN,
val,__hf__,0,librispeech,5450
val,/lambda/nfs/algovirginia/workspace/DeepfakeDetectionRenewed/data/vcc2020/audio/T14/task1/team14_intra-TEM2_SEF1_E30003.wav,1,VCC2020_T14,
val,__hf__,0,librispeech,63
val,__hf__,0,librispeech,14589
val,__hf__,0,librispeech,9343
val,/lambda/nfs/algovirginia/workspace/DeepfakeDetectionRenewed/data/wavefake/generated_audio/ljspeech_parallel_wavegan/LJ008-0248_gen.wav,1,ljspeech_parallel_wavegan,
val,__hf__,0,librispeech,18452
val,__hf__,0,librispeech,13714
val,/lambda/nfs/algovirginia/workspace/DeepfakeDetectionRenewed/data/wavefake/generated_audio/ljspeech_parallel_wavegan/LJ016-0180_gen.wav,1,ljspeech_parallel_wavegan,
val,/lambda/nfs/algovirginia/workspace/DeepfakeDetectionRenewed/data/vcc2020/audio/T14/task1/team14_intra-TEF2_SEF1_E30005.wav,1,VCC2020_T14,
val,__hf__,0,librispeech,23804
val,/lambda/nfs/algovirginia/workspace/DeepfakeDetectionRenewed/data/wavefake/generated_audio/ljspeech_parallel_wavegan/LJ024-0048_gen.wav,1,ljspeech_parallel_wavegan,
val,/lambda/nfs/algovirginia/workspace/DeepfakeDetectionRenewed/data/vcc2020/audio/T20/task1/team20_intra-TEM1_SEF2_E30002.wav,1,VCC2020_T20,
val,__hf__,0,librispeech,3749
val,/lambda/nfs/algovirginia/workspace/DeepfakeDetectionRenewed/data/wavefake/generated_audio/common_voices_prompts_from_conformer_fastspeech2_pwg_ljspeech/gen_9403.wav,1,common_voices_prompts_from_conformer_fastspeech2_pwg_ljspeech,
val,/lambda/nfs/algovirginia/workspace/DeepfakeDetectionRenewed/data/wavefake/generated_audio/common_voices_prompts_from_conformer_fastspeech2_pwg_ljspeech/gen_10952.wav,1,common_voices_prompts_from_conformer_fastspeech2_pwg_ljspeech,
val,/lambda/nfs/algovirginia/workspace/DeepfakeDetectionRenewed/data/vcc2020/audio/T19/task1/team19_intra-TEF2_SEM2_E30003.wav,1,VCC2020_T19,
val,/lambda/nfs/algovirginia/workspace/DeepfakeDetectionRenewed/data/wavefake/generated_audio/common_voices_prompts_from_conformer_fastspeech2_pwg_ljspeech/gen_1115.wav,1,common_voices_prompts_from_conformer_fastspeech2_pwg_ljspeech,
val,/lambda/nfs/algovirginia/workspace/DeepfakeDetectionRenewed/data/wavefake/generated_audio/common_voices_prompts_from_conformer_fastspeech2_pwg_ljspeech/gen_14365.wav,1,common_voices_prompts_from_conformer_fastspeech2_pwg_ljspeech,
val,/lambda/nfs/algovirginia/workspace/DeepfakeDetectionRenewed/data/wavefake/generated_audio/common_voices_prompts_from_conformer_fastspeech2_pwg_ljspeech/gen_975.wav,1,common_voices_prompts_from_conformer_fastspeech2_pwg_ljspeech,
val,/lambda/nfs/algovirginia/workspace/DeepfakeDetectionRenewed/data/wavefake/generated_audio/ljspeech_full_band_melgan/LJ029-0192_gen.wav,1,ljspeech_full_band_melgan,
val,__hf__,0,librispeech,22467
val,/lambda/nfs/algovirginia/workspace/DeepfakeDetectionRenewed/data/wavefake/generated_audio/ljspeech_full_band_melgan/LJ011-0200_gen.wav,1,ljspeech_full_band_melgan,
val,/lambda/nfs/algovirginia/workspace/DeepfakeDetectionRenewed/data/vcc2020/audio/T12/task1/team12_intra-TEF2_SEF1_E30005.wav,1,VCC2020_T12,
val,__hf__,0,librispeech,11862
val,__hf__,0,librispeech,22110
val,/lambda/nfs/algovirginia/workspace/DeepfakeDetectionRenewed/data/vcc2020/audio/T25/task1/team25_intra-TEF2_SEM2_E30003.wav,1,VCC2020_T25,
val,/lambda/nfs/algovirginia/workspace/DeepfakeDetectionRenewed/data/vcc2020/audio/T18/task1/team18_intra-TEM2_SEM2_E30002.wav,1,VCC2020_T18,
val,/lambda/nfs/algovirginia/workspace/DeepfakeDetectionRenewed/data/vcc2020/audio/T07/task1/team07_intra-TEF1_SEM2_E30003.wav,1,VCC2020_T07,
val,/lambda/nfs/algovirginia/workspace/DeepfakeDetectionRenewed/data/vcc2020/audio/T02/task1/team02_intra-TEF1_SEF2_E30003.wav,1,VCC2020_T02,
val,__hf__,0,librispeech,6442
val,__hf__,0,librispeech,16849
val,/lambda/nfs/algovirginia/workspace/DeepfakeDetectionRenewed/data/wavefake/generated_audio/ljspeech_parallel_wavegan/LJ033-0139_gen.wav,1,ljspeech_parallel_wavegan,
val,/lambda/nfs/algovirginia/workspace/DeepfakeDetectionRenewed/data/wavefake/generated_audio/common_voices_prompts_from_conformer_fastspeech2_pwg_ljspeech/gen_6329.wav,1,common_voices_prompts_from_conformer_fastspeech2_pwg_ljspeech,
val,/lambda/nfs/algovirginia/workspace/DeepfakeDetectionRenewed/data/vcc2020/audio/T16/task1/team16_intra-TEF1_SEF1_E30005.wav,1,VCC2020_T16,
val,/lambda/nfs/algovirginia/workspace/DeepfakeDetectionRenewed/data/vcc2020/audio/T32/task1/team32_intra-TEM2_SEM2_E30004.wav,1,VCC2020_T32,
val,__hf__,0,librispeech,12357
val,__hf__,0,librispeech,26929
val,/lambda/nfs/algovirginia/workspace/DeepfakeDetectionRenewed/data/wavefake/generated_audio/common_voices_prompts_from_conformer_fastspeech2_pwg_ljspeech/gen_9581.wav,1,common_voices_prompts_from_conformer_fastspeech2_pwg_ljspeech,
val,/lambda/nfs/algovirginia/workspace/DeepfakeDetectionRenewed/data/wavefake/generated_audio/ljspeech_full_band_melgan/LJ027-0156_gen.wav,1,ljspeech_full_band_melgan,
val,__hf__,0,librispeech,21185
val,/lambda/nfs/algovirginia/workspace/DeepfakeDetectionRenewed/data/vcc2020/audio/T04/task1/team04_intra-TEM2_SEM1_E30001.wav,1,VCC2020_T04,
val,__hf__,0,librispeech,17670
val,__hf__,0,librispeech,7329
val,/lambda/nfs/algovirginia/workspace/DeepfakeDetectionRenewed/data/vcc2020/audio/T32/task1/team32_intra-TEF2_SEF1_E30002.wav,1,VCC2020_T32,
val,/lambda/nfs/algovirginia/workspace/DeepfakeDetectionRenewed/data/wavefake/generated_audio/ljspeech_parallel_wavegan/LJ037-0107_gen.wav,1,ljspeech_parallel_wavegan,
val,__hf__,0,librispeech,14333
val,__hf__,0,librispeech,20641
val,/lambda/nfs/algovirginia/workspace/DeepfakeDetectionRenewed/data/wavefake/generated_audio/ljspeech_hifiGAN/LJ014-0178_generated.wav,1,ljspeech_hifiGAN,
val,__hf__,0,librispeech,5895
val,/lambda/nfs/algovirginia/workspace/DeepfakeDetectionRenewed/data/vcc2020/audio/T29/task1/team29_intra-TEF1_SEF2_E30001.wav,1,VCC2020_T29,
val,/lambda/nfs/algovirginia/workspace/DeepfakeDetectionRenewed/data/wavefake/generated_audio/common_voices_prompts_from_conformer_fastspeech2_pwg_ljspeech/gen_1383.wav,1,common_voices_prompts_from_conformer_fastspeech2_pwg_ljspeech,
val,/lambda/nfs/algovirginia/workspace/DeepfakeDetectionRenewed/data/vcc2020/audio/T21/task1/team21_intra-TEM1_SEM2_E30004.wav,1,VCC2020_T21,
val,/lambda/nfs/algovirginia/workspace/DeepfakeDetectionRenewed/data/vcc2020/audio/T07/task1/team07_intra-TEF2_SEM1_E30002.wav,1,VCC2020_T07,
val,/lambda/nfs/algovirginia/workspace/DeepfakeDetectionRenewed/data/wavefake/generated_audio/ljspeech_full_band_melgan/LJ026-0165_gen.wav,1,ljspeech_full_band_melgan,
val,__hf__,0,librispeech,25522
val,/lambda/nfs/algovirginia/workspace/DeepfakeDetectionRenewed/data/wavefake/generated_audio/ljspeech_hifiGAN/LJ003-0231_generated.wav,1,ljspeech_hifiGAN,
val,/lambda/nfs/algovirginia/workspace/DeepfakeDetectionRenewed/data/wavefake/generated_audio/common_voices_prompts_from_conformer_fastspeech2_pwg_ljspeech/gen_4998.wav,1,common_voices_prompts_from_conformer_fastspeech2_pwg_ljspeech,
val,__hf__,0,librispeech,8186
val,/lambda/nfs/algovirginia/workspace/DeepfakeDetectionRenewed/data/vcc2020/audio/T22/task1/team22_intra-TEF1_SEM1_E30004.wav,1,VCC2020_T22,
val,__hf__,0,librispeech,6797
val,__hf__,0,librispeech,13901
val,__hf__,0,librispeech,15318
val,__hf__,0,librispeech,2617
val,/lambda/nfs/algovirginia/workspace/DeepfakeDetectionRenewed/data/wavefake/generated_audio/common_voices_prompts_from_conformer_fastspeech2_pwg_ljspeech/gen_8112.wav,1,common_voices_prompts_from_conformer_fastspeech2_pwg_ljspeech,
val,__hf__,0,librispeech,8881
val,/lambda/nfs/algovirginia/workspace/DeepfakeDetectionRenewed/data/wavefake/generated_audio/ljspeech_full_band_melgan/LJ047-0197_gen.wav,1,ljspeech_full_band_melgan,
val,/lambda/nfs/algovirginia/workspace/DeepfakeDetectionRenewed/data/wavefake/generated_audio/common_voices_prompts_from_conformer_fastspeech2_pwg_ljspeech/gen_6023.wav,1,common_voices_prompts_from_conformer_fastspeech2_pwg_ljspeech,
val,__hf__,0,librispeech,27679
val,__hf__,0,librispeech,12580
val,__hf__,0,librispeech,16787
val,__hf__,0,librispeech,3951
val,/lambda/nfs/algovirginia/workspace/DeepfakeDetectionRenewed/data/vcc2020/audio/T03/task1/team03_intra-TEM2_SEF1_E30003.wav,1,VCC2020_T03,
val,/lambda/nfs/algovirginia/workspace/DeepfakeDetectionRenewed/data/wavefake/generated_audio/ljspeech_parallel_wavegan/LJ037-0194_gen.wav,1,ljspeech_parallel_wavegan,
val,__hf__,0,librispeech,18346
val,/lambda/nfs/algovirginia/workspace/DeepfakeDetectionRenewed/data/vcc2020/audio/T11/task1/team11_intra-TEM1_SEF2_E30004.wav,1,VCC2020_T11,
val,__hf__,0,librispeech,10502
val,__hf__,0,librispeech,5066
val,__hf__,0,librispeech,25622
val,/lambda/nfs/algovirginia/workspace/DeepfakeDetectionRenewed/data/vcc2020/audio/T03/task1/team03_intra-TEF2_SEM1_E30004.wav,1,VCC2020_T03,
val,__hf__,0,librispeech,28486
val,__hf__,0,librispeech,1364
val,__hf__,0,librispeech,27256
val,/lambda/nfs/algovirginia/workspace/DeepfakeDetectionRenewed/data/vcc2020/audio/T33/task1/team33_intra-TEF2_SEM1_E30002.wav,1,VCC2020_T33,
val,__hf__,0,librispeech,6016
val,__hf__,0,librispeech,22125
val,__hf__,0,librispeech,17992
val,__hf__,0,librispeech,178
val,__hf__,0,librispeech,20585
val,/lambda/nfs/algovirginia/workspace/DeepfakeDetectionRenewed/data/wavefake/generated_audio/ljspeech_hifiGAN/LJ033-0131_generated.wav,1,ljspeech_hifiGAN,
val,/lambda/nfs/algovirginia/workspace/DeepfakeDetectionRenewed/data/wavefake/generated_audio/ljspeech_parallel_wavegan/LJ043-0150_gen.wav,1,ljspeech_parallel_wavegan,
val,/lambda/nfs/algovirginia/workspace/DeepfakeDetectionRenewed/data/wavefake/generated_audio/ljspeech_full_band_melgan/LJ030-0204_gen.wav,1,ljspeech_full_band_melgan,
val,/lambda/nfs/algovirginia/workspace/DeepfakeDetectionRenewed/data/vcc2020/audio/T16/task1/team16_intra-TEM1_SEM2_E30004.wav,1,VCC2020_T16,
val,/lambda/nfs/algovirginia/workspace/DeepfakeDetectionRenewed/data/vcc2020/audio/T32/task1/team32_intra-TEF1_SEM1_E30005.wav,1,VCC2020_T32,
val,/lambda/nfs/algovirginia/workspace/DeepfakeDetectionRenewed/data/wavefake/generated_audio/ljspeech_hifiGAN/LJ026-0099_generated.wav,1,ljspeech_hifiGAN,
val,__hf__,0,librispeech,19920
val,/lambda/nfs/algovirginia/workspace/DeepfakeDetectionRenewed/data/vcc2020/audio/T16/task1/team16_intra-TEF1_SEM2_E30003.wav,1,VCC2020_T16,
val,/lambda/nfs/algovirginia/workspace/DeepfakeDetectionRenewed/data/wavefake/generated_audio/ljspeech_full_band_melgan/LJ002-0191_gen.wav,1,ljspeech_full_band_melgan,
val,/lambda/nfs/algovirginia/workspace/DeepfakeDetectionRenewed/data/wavefake/generated_audio/common_voices_prompts_from_conformer_fastspeech2_pwg_ljspeech/gen_1230.wav,1,common_voices_prompts_from_conformer_fastspeech2_pwg_ljspeech,
val,/lambda/nfs/algovirginia/workspace/DeepfakeDetectionRenewed/data/wavefake/generated_audio/common_voices_prompts_from_conformer_fastspeech2_pwg_ljspeech/gen_1750.wav,1,common_voices_prompts_from_conformer_fastspeech2_pwg_ljspeech,
val,__hf__,0,librispeech,24166
val,/lambda/nfs/algovirginia/workspace/DeepfakeDetectionRenewed/data/wavefake/generated_audio/ljspeech_hifiGAN/LJ037-0180_generated.wav,1,ljspeech_hifiGAN,
val,/lambda/nfs/algovirginia/workspace/DeepfakeDetectionRenewed/data/vcc2020/audio/T01/task1/team01_intra-TEF1_SEF1_E30001.wav,1,VCC2020_T01,
val,__hf__,0,librispeech,4705
val,__hf__,0,librispeech,9075
val,/lambda/nfs/algovirginia/workspace/DeepfakeDetectionRenewed/data/wavefake/generated_audio/ljspeech_hifiGAN/LJ042-0250_generated.wav,1,ljspeech_hifiGAN,
val,/lambda/nfs/algovirginia/workspace/DeepfakeDetectionRenewed/data/vcc2020/audio/T02/task1/team02_intra-TEM2_SEF1_E30004.wav,1,VCC2020_T02,
val,/lambda/nfs/algovirginia/workspace/DeepfakeDetectionRenewed/data/wavefake/generated_audio/ljspeech_full_band_melgan/LJ015-0109_gen.wav,1,ljspeech_full_band_melgan,
val,/lambda/nfs/algovirginia/workspace/DeepfakeDetectionRenewed/data/vcc2020/audio/T08/task1/team08_intra-TEM1_SEF1_E30004.wav,1,VCC2020_T08,
val,/lambda/nfs/algovirginia/workspace/DeepfakeDetectionRenewed/data/wavefake/generated_audio/ljspeech_full_band_melgan/LJ046-0129_gen.wav,1,ljspeech_full_band_melgan,
val,/lambda/nfs/algovirginia/workspace/DeepfakeDetectionRenewed/data/vcc2020/audio/T31/task1/team31_intra-TEF1_SEM1_E30003.wav,1,VCC2020_T31,
val,/lambda/nfs/algovirginia/workspace/DeepfakeDetectionRenewed/data/wavefake/generated_audio/ljspeech_parallel_wavegan/LJ032-0159_gen.wav,1,ljspeech_parallel_wavegan,
val,/lambda/nfs/algovirginia/workspace/DeepfakeDetectionRenewed/data/vcc2020/audio/T24/task1/team24_intra-TEM2_SEM1_E30002.wav,1,VCC2020_T24,
val,__hf__,0,librispeech,6440
val,/lambda/nfs/algovirginia/workspace/DeepfakeDetectionRenewed/data/wavefake/generated_audio/ljspeech_hifiGAN/LJ049-0071_generated.wav,1,ljspeech_hifiGAN,
val,__hf__,0,librispeech,10544
val,__hf__,0,librispeech,25892
val,__hf__,0,librispeech,1245
val,__hf__,0,librispeech,14602
val,__hf__,0,librispeech,24031
val,/lambda/nfs/algovirginia/workspace/DeepfakeDetectionRenewed/data/vcc2020/audio/T31/task1/team31_intra-TEM2_SEM1_E30005.wav,1,VCC2020_T31,
val,__hf__,0,librispeech,9764
val,__hf__,0,librispeech,13729
val,/lambda/nfs/algovirginia/workspace/DeepfakeDetectionRenewed/data/wavefake/generated_audio/ljspeech_hifiGAN/LJ005-0035_generated.wav,1,ljspeech_hifiGAN,
val,/lambda/nfs/algovirginia/workspace/DeepfakeDetectionRenewed/data/wavefake/generated_audio/common_voices_prompts_from_conformer_fastspeech2_pwg_ljspeech/gen_10642.wav,1,common_voices_prompts_from_conformer_fastspeech2_pwg_ljspeech,
val,__hf__,0,librispeech,25173
val,/lambda/nfs/algovirginia/workspace/DeepfakeDetectionRenewed/data/wavefake/generated_audio/ljspeech_hifiGAN/LJ037-0253_generated.wav,1,ljspeech_hifiGAN,
val,/lambda/nfs/algovirginia/workspace/DeepfakeDetectionRenewed/data/wavefake/generated_audio/common_voices_prompts_from_conformer_fastspeech2_pwg_ljspeech/gen_2332.wav,1,common_voices_prompts_from_conformer_fastspeech2_pwg_ljspeech,
val,/lambda/nfs/algovirginia/workspace/DeepfakeDetectionRenewed/data/vcc2020/audio/T10/task1/team10_intra-TEF1_SEF2_E30002.wav,1,VCC2020_T10,
val,/lambda/nfs/algovirginia/workspace/DeepfakeDetectionRenewed/data/vcc2020/audio/T28/task1/team28_intra-TEM1_SEF1_E30004.wav,1,VCC2020_T28,
val,__hf__,0,librispeech,5756
val,/lambda/nfs/algovirginia/workspace/DeepfakeDetectionRenewed/data/vcc2020/audio/T27/task1/team27_intra-TEM1_SEF2_E30001.wav,1,VCC2020_T27,
val,/lambda/nfs/algovirginia/workspace/DeepfakeDetectionRenewed/data/vcc2020/audio/T29/task1/team29_intra-TEF1_SEF2_E30004.wav,1,VCC2020_T29,
val,__hf__,0,librispeech,13255
val,__hf__,0,librispeech,9274
val,__hf__,0,librispeech,19927
val,__hf__,0,librispeech,7067
val,/lambda/nfs/algovirginia/workspace/DeepfakeDetectionRenewed/data/vcc2020/audio/T21/task1/team21_intra-TEF2_SEF2_E30005.wav,1,VCC2020_T21,
val,/lambda/nfs/algovirginia/workspace/DeepfakeDetectionRenewed/data/wavefake/generated_audio/ljspeech_parallel_wavegan/LJ019-0345_gen.wav,1,ljspeech_parallel_wavegan,
val,/lambda/nfs/algovirginia/workspace/DeepfakeDetectionRenewed/data/wavefake/generated_audio/common_voices_prompts_from_conformer_fastspeech2_pwg_ljspeech/gen_8051.wav,1,common_voices_prompts_from_conformer_fastspeech2_pwg_ljspeech,
val,/lambda/nfs/algovirginia/workspace/DeepfakeDetectionRenewed/data/wavefake/generated_audio/common_voices_prompts_from_conformer_fastspeech2_pwg_ljspeech/gen_10009.wav,1,common_voices_prompts_from_conformer_fastspeech2_pwg_ljspeech,
val,__hf__,0,librispeech,13261
val,/lambda/nfs/algovirginia/workspace/DeepfakeDetectionRenewed/data/wavefake/generated_audio/ljspeech_hifiGAN/LJ014-0206_generated.wav,1,ljspeech_hifiGAN,
val,/lambda/nfs/algovirginia/workspace/DeepfakeDetectionRenewed/data/vcc2020/audio/T27/task1/team27_intra-TEF2_SEF2_E30003.wav,1,VCC2020_T27,
val,/lambda/nfs/algovirginia/workspace/DeepfakeDetectionRenewed/data/wavefake/generated_audio/ljspeech_full_band_melgan/LJ016-0073_gen.wav,1,ljspeech_full_band_melgan,
val,/lambda/nfs/algovirginia/workspace/DeepfakeDetectionRenewed/data/wavefake/generated_audio/ljspeech_full_band_melgan/LJ036-0189_gen.wav,1,ljspeech_full_band_melgan,
val,/lambda/nfs/algovirginia/workspace/DeepfakeDetectionRenewed/data/wavefake/generated_audio/common_voices_prompts_from_conformer_fastspeech2_pwg_ljspeech/gen_2621.wav,1,common_voices_prompts_from_conformer_fastspeech2_pwg_ljspeech,
val,__hf__,0,librispeech,11358
val,__hf__,0,librispeech,9848
val,/lambda/nfs/algovirginia/workspace/DeepfakeDetectionRenewed/data/wavefake/generated_audio/common_voices_prompts_from_conformer_fastspeech2_pwg_ljspeech/gen_12681.wav,1,common_voices_prompts_from_conformer_fastspeech2_pwg_ljspeech,
val,__hf__,0,librispeech,17503
val,/lambda/nfs/algovirginia/workspace/DeepfakeDetectionRenewed/data/vcc2020/audio/T29/task1/team29_intra-TEF2_SEM1_E30002.wav,1,VCC2020_T29,
val,__hf__,0,librispeech,242
val,__hf__,0,librispeech,27544
val,/lambda/nfs/algovirginia/workspace/DeepfakeDetectionRenewed/data/wavefake/generated_audio/ljspeech_full_band_melgan/LJ040-0179_gen.wav,1,ljspeech_full_band_melgan,
val,/lambda/nfs/algovirginia/workspace/DeepfakeDetectionRenewed/data/vcc2020/audio/T14/task1/team14_intra-TEF2_SEF1_E30002.wav,1,VCC2020_T14,
val,__hf__,0,librispeech,15914
val,/lambda/nfs/algovirginia/workspace/DeepfakeDetectionRenewed/data/vcc2020/audio/T18/task1/team18_intra-TEM1_SEM2_E30001.wav,1,VCC2020_T18,
val,/lambda/nfs/algovirginia/workspace/DeepfakeDetectionRenewed/data/wavefake/generated_audio/ljspeech_hifiGAN/LJ032-0248_generated.wav,1,ljspeech_hifiGAN,
val,/lambda/nfs/algovirginia/workspace/DeepfakeDetectionRenewed/data/vcc2020/audio/T09/task1/team09_intra-TEF2_SEF2_E30005.wav,1,VCC2020_T09,
val,/lambda/nfs/algovirginia/workspace/DeepfakeDetectionRenewed/data/wavefake/generated_audio/ljspeech_hifiGAN/LJ028-0288_generated.wav,1,ljspeech_hifiGAN,
val,__hf__,0,librispeech,23247
val,__hf__,0,librispeech,18276
val,/lambda/nfs/algovirginia/workspace/DeepfakeDetectionRenewed/data/wavefake/generated_audio/common_voices_prompts_from_conformer_fastspeech2_pwg_ljspeech/gen_13685.wav,1,common_voices_prompts_from_conformer_fastspeech2_pwg_ljspeech,
val,__hf__,0,librispeech,27163
val,/lambda/nfs/algovirginia/workspace/DeepfakeDetectionRenewed/data/wavefake/generated_audio/ljspeech_full_band_melgan/LJ004-0049_gen.wav,1,ljspeech_full_band_melgan,
val,__hf__,0,librispeech,22899
val,__hf__,0,librispeech,4994
val,__hf__,0,librispeech,7894
val,__hf__,0,librispeech,10779
val,__hf__,0,librispeech,3875
val,__hf__,0,librispeech,16899
val,/lambda/nfs/algovirginia/workspace/DeepfakeDetectionRenewed/data/vcc2020/audio/T19/task1/team19_intra-TEF1_SEM2_E30002.wav,1,VCC2020_T19,
val,/lambda/nfs/algovirginia/workspace/DeepfakeDetectionRenewed/data/wavefake/generated_audio/common_voices_prompts_from_conformer_fastspeech2_pwg_ljspeech/gen_14115.wav,1,common_voices_prompts_from_conformer_fastspeech2_pwg_ljspeech,
val,/lambda/nfs/algovirginia/workspace/DeepfakeDetectionRenewed/data/vcc2020/audio/T12/task1/team12_intra-TEM1_SEF1_E30005.wav,1,VCC2020_T12,
val,__hf__,0,librispeech,21527
val,__hf__,0,librispeech,20611
val,/lambda/nfs/algovirginia/workspace/DeepfakeDetectionRenewed/data/vcc2020/audio/T06/task1/team06_intra-TEF1_SEF2_E30004.wav,1,VCC2020_T06,
val,__hf__,0,librispeech,13041
val,__hf__,0,librispeech,21947
val,__hf__,0,librispeech,1921
val,/lambda/nfs/algovirginia/workspace/DeepfakeDetectionRenewed/data/wavefake/generated_audio/common_voices_prompts_from_conformer_fastspeech2_pwg_ljspeech/gen_9558.wav,1,common_voices_prompts_from_conformer_fastspeech2_pwg_ljspeech,
val,__hf__,0,librispeech,25106
val,/lambda/nfs/algovirginia/workspace/DeepfakeDetectionRenewed/data/wavefake/generated_audio/ljspeech_parallel_wavegan/LJ018-0216_gen.wav,1,ljspeech_parallel_wavegan,
val,/lambda/nfs/algovirginia/workspace/DeepfakeDetectionRenewed/data/vcc2020/audio/T16/task1/team16_intra-TEM2_SEM2_E30002.wav,1,VCC2020_T16,
val,__hf__,0,librispeech,7186
val,/lambda/nfs/algovirginia/workspace/DeepfakeDetectionRenewed/data/vcc2020/audio/T04/task1/team04_intra-TEF2_SEM2_E30004.wav,1,VCC2020_T04,
val,/lambda/nfs/algovirginia/workspace/DeepfakeDetectionRenewed/data/wavefake/generated_audio/ljspeech_parallel_wavegan/LJ018-0139_gen.wav,1,ljspeech_parallel_wavegan,
val,/lambda/nfs/algovirginia/workspace/DeepfakeDetectionRenewed/data/vcc2020/audio/T20/task1/team20_intra-TEF1_SEM1_E30005.wav,1,VCC2020_T20,
val,/lambda/nfs/algovirginia/workspace/DeepfakeDetectionRenewed/data/vcc2020/audio/T20/task1/team20_intra-TEF1_SEM2_E30003.wav,1,VCC2020_T20,
val,__hf__,0,librispeech,24849
val,/lambda/nfs/algovirginia/workspace/DeepfakeDetectionRenewed/data/vcc2020/audio/T28/task1/team28_intra-TEF2_SEM1_E30004.wav,1,VCC2020_T28,
val,__hf__,0,librispeech,23890
val,/lambda/nfs/algovirginia/workspace/DeepfakeDetectionRenewed/data/vcc2020/audio/T22/task1/team22_intra-TEF2_SEM1_E30002.wav,1,VCC2020_T22,
val,__hf__,0,librispeech,6162
val,/lambda/nfs/algovirginia/workspace/DeepfakeDetectionRenewed/data/vcc2020/audio/T17/task1/team17_intra-TEF1_SEF1_E30003.wav,1,VCC2020_T17,
val,/lambda/nfs/algovirginia/workspace/DeepfakeDetectionRenewed/data/wavefake/generated_audio/ljspeech_parallel_wavegan/LJ048-0085_gen.wav,1,ljspeech_parallel_wavegan,
val,__hf__,0,librispeech,3115
val,/lambda/nfs/algovirginia/workspace/DeepfakeDetectionRenewed/data/wavefake/generated_audio/ljspeech_hifiGAN/LJ019-0208_generated.wav,1,ljspeech_hifiGAN,
val,__hf__,0,librispeech,27622
val,__hf__,0,librispeech,12295
val,/lambda/nfs/algovirginia/workspace/DeepfakeDetectionRenewed/data/vcc2020/audio/T10/task1/team10_intra-TEF1_SEF1_E30001.wav,1,VCC2020_T10,
val,/lambda/nfs/algovirginia/workspace/DeepfakeDetectionRenewed/data/vcc2020/audio/T08/task1/team08_intra-TEF2_SEF1_E30002.wav,1,VCC2020_T08,
val,__hf__,0,librispeech,4245
val,__hf__,0,librispeech,23010
val,__hf__,0,librispeech,2981
val,__hf__,0,librispeech,27746
val,/lambda/nfs/algovirginia/workspace/DeepfakeDetectionRenewed/data/wavefake/generated_audio/ljspeech_hifiGAN/LJ024-0118_generated.wav,1,ljspeech_hifiGAN,
val,/lambda/nfs/algovirginia/workspace/DeepfakeDetectionRenewed/data/wavefake/generated_audio/ljspeech_parallel_wavegan/LJ008-0259_gen.wav,1,ljspeech_parallel_wavegan,
val,__hf__,0,librispeech,19165
val,/lambda/nfs/algovirginia/workspace/DeepfakeDetectionRenewed/data/vcc2020/audio/T32/task1/team32_intra-TEF2_SEF2_E30005.wav,1,VCC2020_T32,
val,__hf__,0,librispeech,1903
val,/lambda/nfs/algovirginia/workspace/DeepfakeDetectionRenewed/data/wavefake/generated_audio/ljspeech_parallel_wavegan/LJ044-0111_gen.wav,1,ljspeech_parallel_wavegan,
val,__hf__,0,librispeech,23702
val,/lambda/nfs/algovirginia/workspace/DeepfakeDetectionRenewed/data/vcc2020/audio/T26/task1/team26_intra-TEF2_SEM1_E30003.wav,1,VCC2020_T26,
val,__hf__,0,librispeech,8283
val,__hf__,0,librispeech,10982
val,__hf__,0,librispeech,20914
val,__hf__,0,librispeech,1599
val,__hf__,0,librispeech,26782
val,__hf__,0,librispeech,27174
val,/lambda/nfs/algovirginia/workspace/DeepfakeDetectionRenewed/data/wavefake/generated_audio/common_voices_prompts_from_conformer_fastspeech2_pwg_ljspeech/gen_6714.wav,1,common_voices_prompts_from_conformer_fastspeech2_pwg_ljspeech,
val,__hf__,0,librispeech,3620
val,/lambda/nfs/algovirginia/workspace/DeepfakeDetectionRenewed/data/wavefake/generated_audio/ljspeech_hifiGAN/LJ016-0407_generated.wav,1,ljspeech_hifiGAN,
val,/lambda/nfs/algovirginia/workspace/DeepfakeDetectionRenewed/data/wavefake/generated_audio/ljspeech_hifiGAN/LJ005-0239_generated.wav,1,ljspeech_hifiGAN,
val,__hf__,0,librispeech,5550
val,__hf__,0,librispeech,14454
val,__hf__,0,librispeech,3762
val,__hf__,0,librispeech,25194
val,/lambda/nfs/algovirginia/workspace/DeepfakeDetectionRenewed/data/wavefake/generated_audio/common_voices_prompts_from_conformer_fastspeech2_pwg_ljspeech/gen_9481.wav,1,common_voices_prompts_from_conformer_fastspeech2_pwg_ljspeech,
val,/lambda/nfs/algovirginia/workspace/DeepfakeDetectionRenewed/data/wavefake/generated_audio/common_voices_prompts_from_conformer_fastspeech2_pwg_ljspeech/gen_4497.wav,1,common_voices_prompts_from_conformer_fastspeech2_pwg_ljspeech,
val,__hf__,0,librispeech,4442
val,__hf__,0,librispeech,12100
val,__hf__,0,librispeech,14102
val,/lambda/nfs/algovirginia/workspace/DeepfakeDetectionRenewed/data/wavefake/generated_audio/ljspeech_hifiGAN/LJ013-0072_generated.wav,1,ljspeech_hifiGAN,
val,/lambda/nfs/algovirginia/workspace/DeepfakeDetectionRenewed/data/wavefake/generated_audio/ljspeech_full_band_melgan/LJ003-0040_gen.wav,1,ljspeech_full_band_melgan,
val,/lambda/nfs/algovirginia/workspace/DeepfakeDetectionRenewed/data/wavefake/generated_audio/ljspeech_parallel_wavegan/LJ022-0104_gen.wav,1,ljspeech_parallel_wavegan,
val,__hf__,0,librispeech,1215
val,__hf__,0,librispeech,2377
val,/lambda/nfs/algovirginia/workspace/DeepfakeDetectionRenewed/data/wavefake/generated_audio/ljspeech_hifiGAN/LJ032-0229_generated.wav,1,ljspeech_hifiGAN,
val,/lambda/nfs/algovirginia/workspace/DeepfakeDetectionRenewed/data/vcc2020/audio/T03/task1/team03_intra-TEF2_SEF1_E30003.wav,1,VCC2020_T03,
val,__hf__,0,librispeech,23887
val,__hf__,0,librispeech,1842
val,__hf__,0,librispeech,2546
val,__hf__,0,librispeech,19754
val,/lambda/nfs/algovirginia/workspace/DeepfakeDetectionRenewed/data/wavefake/generated_audio/ljspeech_parallel_wavegan/LJ001-0152_gen.wav,1,ljspeech_parallel_wavegan,
val,__hf__,0,librispeech,1355
val,/lambda/nfs/algovirginia/workspace/DeepfakeDetectionRenewed/data/wavefake/generated_audio/ljspeech_hifiGAN/LJ021-0179_generated.wav,1,ljspeech_hifiGAN,
val,/lambda/nfs/algovirginia/workspace/DeepfakeDetectionRenewed/data/wavefake/generated_audio/ljspeech_hifiGAN/LJ019-0309_generated.wav,1,ljspeech_hifiGAN,
val,/lambda/nfs/algovirginia/workspace/DeepfakeDetectionRenewed/data/vcc2020/audio/T23/task1/team23_intra-TEF1_SEM2_E30003.wav,1,VCC2020_T23,
val,__hf__,0,librispeech,22414
val,__hf__,0,librispeech,3058
val,/lambda/nfs/algovirginia/workspace/DeepfakeDetectionRenewed/data/wavefake/generated_audio/ljspeech_full_band_melgan/LJ043-0149_gen.wav,1,ljspeech_full_band_melgan,
val,/lambda/nfs/algovirginia/workspace/DeepfakeDetectionRenewed/data/vcc2020/audio/T29/task1/team29_intra-TEM2_SEF2_E30001.wav,1,VCC2020_T29,
val,__hf__,0,librispeech,4738
val,/lambda/nfs/algovirginia/workspace/DeepfakeDetectionRenewed/data/wavefake/generated_audio/ljspeech_hifiGAN/LJ041-0155_generated.wav,1,ljspeech_hifiGAN,
val,__hf__,0,librispeech,6719
val,__hf__,0,librispeech,7500
val,__hf__,0,librispeech,591
val,/lambda/nfs/algovirginia/workspace/DeepfakeDetectionRenewed/data/vcc2020/audio/T10/task1/team10_intra-TEM2_SEF1_E30001.wav,1,VCC2020_T10,
val,/lambda/nfs/algovirginia/workspace/DeepfakeDetectionRenewed/data/wavefake/generated_audio/common_voices_prompts_from_conformer_fastspeech2_pwg_ljspeech/gen_1958.wav,1,common_voices_prompts_from_conformer_fastspeech2_pwg_ljspeech,
val,/lambda/nfs/algovirginia/workspace/DeepfakeDetectionRenewed/data/vcc2020/audio/T10/task1/team10_intra-TEM1_SEM1_E30004.wav,1,VCC2020_T10,
val,__hf__,0,librispeech,21986
val,/lambda/nfs/algovirginia/workspace/DeepfakeDetectionRenewed/data/vcc2020/audio/T08/task1/team08_intra-TEF1_SEM1_E30003.wav,1,VCC2020_T08,
val,/lambda/nfs/algovirginia/workspace/DeepfakeDetectionRenewed/data/wavefake/generated_audio/ljspeech_hifiGAN/LJ003-0182_generated.wav,1,ljspeech_hifiGAN,
val,/lambda/nfs/algovirginia/workspace/DeepfakeDetectionRenewed/data/vcc2020/audio/T09/task1/team09_intra-TEF2_SEM1_E30003.wav,1,VCC2020_T09,
val,/lambda/nfs/algovirginia/workspace/DeepfakeDetectionRenewed/data/vcc2020/audio/T14/task1/team14_intra-TEF2_SEF1_E30004.wav,1,VCC2020_T14,
val,/lambda/nfs/algovirginia/workspace/DeepfakeDetectionRenewed/data/vcc2020/audio/T31/task1/team31_intra-TEF1_SEF2_E30003.wav,1,VCC2020_T31,
val,__hf__,0,librispeech,22122
val,/lambda/nfs/algovirginia/workspace/DeepfakeDetectionRenewed/data/vcc2020/audio/T28/task1/team28_intra-TEM1_SEF2_E30002.wav,1,VCC2020_T28,
val,__hf__,0,librispeech,2307
val,/lambda/nfs/algovirginia/workspace/DeepfakeDetectionRenewed/data/vcc2020/audio/T21/task1/team21_intra-TEM2_SEF2_E30003.wav,1,VCC2020_T21,
val,__hf__,0,librispeech,1112
val,__hf__,0,librispeech,18275
val,/lambda/nfs/algovirginia/workspace/DeepfakeDetectionRenewed/data/wavefake/generated_audio/ljspeech_hifiGAN/LJ002-0214_generated.wav,1,ljspeech_hifiGAN,
val,__hf__,0,librispeech,25972
val,/lambda/nfs/algovirginia/workspace/DeepfakeDetectionRenewed/data/wavefake/generated_audio/ljspeech_parallel_wavegan/LJ007-0009_gen.wav,1,ljspeech_parallel_wavegan,
val,__hf__,0,librispeech,3020
val,/lambda/nfs/algovirginia/workspace/DeepfakeDetectionRenewed/data/vcc2020/audio/T12/task1/team12_intra-TEM2_SEF2_E30001.wav,1,VCC2020_T12,
val,__hf__,0,librispeech,182
val,/lambda/nfs/algovirginia/workspace/DeepfakeDetectionRenewed/data/vcc2020/audio/T08/task1/team08_intra-TEM2_SEF2_E30005.wav,1,VCC2020_T08,
val,/lambda/nfs/algovirginia/workspace/DeepfakeDetectionRenewed/data/wavefake/generated_audio/ljspeech_parallel_wavegan/LJ047-0164_gen.wav,1,ljspeech_parallel_wavegan,
val,/lambda/nfs/algovirginia/workspace/DeepfakeDetectionRenewed/data/wavefake/generated_audio/ljspeech_full_band_melgan/LJ048-0270_gen.wav,1,ljspeech_full_band_melgan,
val,/lambda/nfs/algovirginia/workspace/DeepfakeDetectionRenewed/data/wavefake/generated_audio/ljspeech_hifiGAN/LJ031-0062_generated.wav,1,ljspeech_hifiGAN,
val,/lambda/nfs/algovirginia/workspace/DeepfakeDetectionRenewed/data/wavefake/generated_audio/ljspeech_full_band_melgan/LJ003-0303_gen.wav,1,ljspeech_full_band_melgan,
val,/lambda/nfs/algovirginia/workspace/DeepfakeDetectionRenewed/data/wavefake/generated_audio/common_voices_prompts_from_conformer_fastspeech2_pwg_ljspeech/gen_5370.wav,1,common_voices_prompts_from_conformer_fastspeech2_pwg_ljspeech,
val,/lambda/nfs/algovirginia/workspace/DeepfakeDetectionRenewed/data/vcc2020/audio/T30/task1/team30_intra-TEF1_SEM1_E30005.wav,1,VCC2020_T30,
val,__hf__,0,librispeech,19901
val,/lambda/nfs/algovirginia/workspace/DeepfakeDetectionRenewed/data/vcc2020/audio/T20/task1/team20_intra-TEM2_SEM2_E30005.wav,1,VCC2020_T20,
val,/lambda/nfs/algovirginia/workspace/DeepfakeDetectionRenewed/data/vcc2020/audio/T10/task1/team10_intra-TEM2_SEF1_E30003.wav,1,VCC2020_T10,
val,__hf__,0,librispeech,14973
val,/lambda/nfs/algovirginia/workspace/DeepfakeDetectionRenewed/data/wavefake/generated_audio/common_voices_prompts_from_conformer_fastspeech2_pwg_ljspeech/gen_14780.wav,1,common_voices_prompts_from_conformer_fastspeech2_pwg_ljspeech,
val,/lambda/nfs/algovirginia/workspace/DeepfakeDetectionRenewed/data/vcc2020/audio/T29/task1/team29_intra-TEF2_SEF2_E30003.wav,1,VCC2020_T29,
val,/lambda/nfs/algovirginia/workspace/DeepfakeDetectionRenewed/data/wavefake/generated_audio/ljspeech_hifiGAN/LJ028-0323_generated.wav,1,ljspeech_hifiGAN,
val,/lambda/nfs/algovirginia/workspace/DeepfakeDetectionRenewed/data/wavefake/generated_audio/ljspeech_hifiGAN/LJ032-0120_generated.wav,1,ljspeech_hifiGAN,
val,/lambda/nfs/algovirginia/workspace/DeepfakeDetectionRenewed/data/wavefake/generated_audio/ljspeech_hifiGAN/LJ039-0144_generated.wav,1,ljspeech_hifiGAN,
val,/lambda/nfs/algovirginia/workspace/DeepfakeDetectionRenewed/data/vcc2020/audio/T04/task1/team04_intra-TEF2_SEF1_E30003.wav,1,VCC2020_T04,
val,__hf__,0,librispeech,19884
val,/lambda/nfs/algovirginia/workspace/DeepfakeDetectionRenewed/data/vcc2020/audio/T04/task1/team04_intra-TEM2_SEM1_E30004.wav,1,VCC2020_T04,
val,__hf__,0,librispeech,24024
val,__hf__,0,librispeech,7772
val,__hf__,0,librispeech,26686
val,__hf__,0,librispeech,14551
val,/lambda/nfs/algovirginia/workspace/DeepfakeDetectionRenewed/data/wavefake/generated_audio/ljspeech_hifiGAN/LJ030-0184_generated.wav,1,ljspeech_hifiGAN,
val,/lambda/nfs/algovirginia/workspace/DeepfakeDetectionRenewed/data/vcc2020/audio/T31/task1/team31_intra-TEF1_SEM1_E30002.wav,1,VCC2020_T31,
val,__hf__,0,librispeech,1466
val,/lambda/nfs/algovirginia/workspace/DeepfakeDetectionRenewed/data/vcc2020/audio/T29/task1/team29_intra-TEF2_SEF1_E30004.wav,1,VCC2020_T29,
val,__hf__,0,librispeech,18430
val,__hf__,0,librispeech,19740
val,/lambda/nfs/algovirginia/workspace/DeepfakeDetectionRenewed/data/vcc2020/audio/T01/task1/team01_intra-TEM2_SEM2_E30003.wav,1,VCC2020_T01,
val,/lambda/nfs/algovirginia/workspace/DeepfakeDetectionRenewed/data/wavefake/generated_audio/ljspeech_parallel_wavegan/LJ030-0243_gen.wav,1,ljspeech_parallel_wavegan,
val,/lambda/nfs/algovirginia/workspace/DeepfakeDetectionRenewed/data/wavefake/generated_audio/ljspeech_hifiGAN/LJ012-0109_generated.wav,1,ljspeech_hifiGAN,
val,/lambda/nfs/algovirginia/workspace/DeepfakeDetectionRenewed/data/vcc2020/audio/T02/task1/team02_intra-TEM2_SEM1_E30004.wav,1,VCC2020_T02,
val,__hf__,0,librispeech,12163
val,__hf__,0,librispeech,2179
val,__hf__,0,librispeech,12758
val,/lambda/nfs/algovirginia/workspace/DeepfakeDetectionRenewed/data/wavefake/generated_audio/ljspeech_parallel_wavegan/LJ009-0145_gen.wav,1,ljspeech_parallel_wavegan,
val,__hf__,0,librispeech,15750
val,__hf__,0,librispeech,3445
val,/lambda/nfs/algovirginia/workspace/DeepfakeDetectionRenewed/data/vcc2020/audio/T16/task1/team16_intra-TEF2_SEM1_E30002.wav,1,VCC2020_T16,
val,/lambda/nfs/algovirginia/workspace/DeepfakeDetectionRenewed/data/wavefake/generated_audio/common_voices_prompts_from_conformer_fastspeech2_pwg_ljspeech/gen_10099.wav,1,common_voices_prompts_from_conformer_fastspeech2_pwg_ljspeech,
val,/lambda/nfs/algovirginia/workspace/DeepfakeDetectionRenewed/data/vcc2020/audio/T03/task1/team03_intra-TEF2_SEF1_E30004.wav,1,VCC2020_T03,
val,/lambda/nfs/algovirginia/workspace/DeepfakeDetectionRenewed/data/wavefake/generated_audio/ljspeech_hifiGAN/LJ036-0078_generated.wav,1,ljspeech_hifiGAN,
val,__hf__,0,librispeech,12989
val,__hf__,0,librispeech,26691
val,/lambda/nfs/algovirginia/workspace/DeepfakeDetectionRenewed/data/wavefake/generated_audio/ljspeech_parallel_wavegan/LJ012-0138_gen.wav,1,ljspeech_parallel_wavegan,
val,__hf__,0,librispeech,352
val,__hf__,0,librispeech,12707
val,/lambda/nfs/algovirginia/workspace/DeepfakeDetectionRenewed/data/wavefake/generated_audio/common_voices_prompts_from_conformer_fastspeech2_pwg_ljspeech/gen_1477.wav,1,common_voices_prompts_from_conformer_fastspeech2_pwg_ljspeech,
val,__hf__,0,librispeech,17831
val,/lambda/nfs/algovirginia/workspace/DeepfakeDetectionRenewed/data/vcc2020/audio/T12/task1/team12_intra-TEF2_SEF2_E30001.wav,1,VCC2020_T12,
val,/lambda/nfs/algovirginia/workspace/DeepfakeDetectionRenewed/data/wavefake/generated_audio/ljspeech_full_band_melgan/LJ029-0090_gen.wav,1,ljspeech_full_band_melgan,
val,/lambda/nfs/algovirginia/workspace/DeepfakeDetectionRenewed/data/wavefake/generated_audio/ljspeech_hifiGAN/LJ046-0141_generated.wav,1,ljspeech_hifiGAN,
val,__hf__,0,librispeech,3409
val,__hf__,0,librispeech,24837
val,__hf__,0,librispeech,9263
val,__hf__,0,librispeech,9115
val,/lambda/nfs/algovirginia/workspace/DeepfakeDetectionRenewed/data/vcc2020/audio/T04/task1/team04_intra-TEM1_SEF1_E30004.wav,1,VCC2020_T04,
val,/lambda/nfs/algovirginia/workspace/DeepfakeDetectionRenewed/data/vcc2020/audio/T06/task1/team06_intra-TEF2_SEM2_E30005.wav,1,VCC2020_T06,
val,__hf__,0,librispeech,13448
val,__hf__,0,librispeech,27772
val,/lambda/nfs/algovirginia/workspace/DeepfakeDetectionRenewed/data/vcc2020/audio/T10/task1/team10_intra-TEF1_SEM2_E30003.wav,1,VCC2020_T10,
val,__hf__,0,librispeech,13814
val,/lambda/nfs/algovirginia/workspace/DeepfakeDetectionRenewed/data/wavefake/generated_audio/common_voices_prompts_from_conformer_fastspeech2_pwg_ljspeech/gen_2089.wav,1,common_voices_prompts_from_conformer_fastspeech2_pwg_ljspeech,
val,__hf__,0,librispeech,2493
val,/lambda/nfs/algovirginia/workspace/DeepfakeDetectionRenewed/data/wavefake/generated_audio/ljspeech_full_band_melgan/LJ028-0395_gen.wav,1,ljspeech_full_band_melgan,
val,/lambda/nfs/algovirginia/workspace/DeepfakeDetectionRenewed/data/vcc2020/audio/T30/task1/team30_intra-TEM1_SEM2_E30002.wav,1,VCC2020_T30,
val,/lambda/nfs/algovirginia/workspace/DeepfakeDetectionRenewed/data/vcc2020/audio/T01/task1/team01_intra-TEF1_SEM2_E30002.wav,1,VCC2020_T01,
val,__hf__,0,librispeech,925
val,__hf__,0,librispeech,7678
val,/lambda/nfs/algovirginia/workspace/DeepfakeDetectionRenewed/data/vcc2020/audio/T16/task1/team16_intra-TEM2_SEF1_E30005.wav,1,VCC2020_T16,
val,__hf__,0,librispeech,20727
val,__hf__,0,librispeech,3431
val,/lambda/nfs/algovirginia/workspace/DeepfakeDetectionRenewed/data/wavefake/generated_audio/ljspeech_hifiGAN/LJ050-0253_generated.wav,1,ljspeech_hifiGAN,
val,/lambda/nfs/algovirginia/workspace/DeepfakeDetectionRenewed/data/vcc2020/audio/T26/task1/team26_intra-TEF1_SEM1_E30005.wav,1,VCC2020_T26,
val,__hf__,0,librispeech,21981
val,/lambda/nfs/algovirginia/workspace/DeepfakeDetectionRenewed/data/wavefake/generated_audio/ljspeech_hifiGAN/LJ020-0103_generated.wav,1,ljspeech_hifiGAN,
val,__hf__,0,librispeech,3538
val,/lambda/nfs/algovirginia/workspace/DeepfakeDetectionRenewed/data/vcc2020/audio/T07/task1/team07_intra-TEM2_SEF2_E30004.wav,1,VCC2020_T07,
val,/lambda/nfs/algovirginia/workspace/DeepfakeDetectionRenewed/data/wavefake/generated_audio/ljspeech_parallel_wavegan/LJ017-0088_gen.wav,1,ljspeech_parallel_wavegan,
val,__hf__,0,librispeech,22808
val,__hf__,0,librispeech,1189
val,/lambda/nfs/algovirginia/workspace/DeepfakeDetectionRenewed/data/wavefake/generated_audio/ljspeech_full_band_melgan/LJ018-0314_gen.wav,1,ljspeech_full_band_melgan,
val,/lambda/nfs/algovirginia/workspace/DeepfakeDetectionRenewed/data/vcc2020/audio/T07/task1/team07_intra-TEM2_SEF2_E30003.wav,1,VCC2020_T07,
val,/lambda/nfs/algovirginia/workspace/DeepfakeDetectionRenewed/data/vcc2020/audio/T18/task1/team18_intra-TEM2_SEM1_E30005.wav,1,VCC2020_T18,
val,__hf__,0,librispeech,2990
val,/lambda/nfs/algovirginia/workspace/DeepfakeDetectionRenewed/data/vcc2020/audio/T22/task1/team22_intra-TEM1_SEF1_E30005.wav,1,VCC2020_T22,
val,/lambda/nfs/algovirginia/workspace/DeepfakeDetectionRenewed/data/vcc2020/audio/T16/task1/team16_intra-TEM1_SEF2_E30005.wav,1,VCC2020_T16,
val,__hf__,0,librispeech,12971
val,/lambda/nfs/algovirginia/workspace/DeepfakeDetectionRenewed/data/vcc2020/audio/T08/task1/team08_intra-TEF2_SEF1_E30004.wav,1,VCC2020_T08,
val,__hf__,0,librispeech,15627
val,__hf__,0,librispeech,24176
val,/lambda/nfs/algovirginia/workspace/DeepfakeDetectionRenewed/data/vcc2020/audio/T28/task1/team28_intra-TEM2_SEF1_E30004.wav,1,VCC2020_T28,
val,__hf__,0,librispeech,17329
val,/lambda/nfs/algovirginia/workspace/DeepfakeDetectionRenewed/data/wavefake/generated_audio/ljspeech_hifiGAN/LJ028-0395_generated.wav,1,ljspeech_hifiGAN,
val,__hf__,0,librispeech,17745
val,__hf__,0,librispeech,4381
val,__hf__,0,librispeech,20809
val,__hf__,0,librispeech,18547
val,/lambda/nfs/algovirginia/workspace/DeepfakeDetectionRenewed/data/vcc2020/audio/T01/task1/team01_intra-TEF2_SEF2_E30001.wav,1,VCC2020_T01,
val,__hf__,0,librispeech,15100
val,/lambda/nfs/algovirginia/workspace/DeepfakeDetectionRenewed/data/wavefake/generated_audio/ljspeech_parallel_wavegan/LJ020-0015_gen.wav,1,ljspeech_parallel_wavegan,
val,__hf__,0,librispeech,6825
val,__hf__,0,librispeech,19231
val,__hf__,0,librispeech,7766
val,__hf__,0,librispeech,2869
val,__hf__,0,librispeech,25916
val,__hf__,0,librispeech,4940
val,/lambda/nfs/algovirginia/workspace/DeepfakeDetectionRenewed/data/wavefake/generated_audio/ljspeech_full_band_melgan/LJ029-0212_gen.wav,1,ljspeech_full_band_melgan,
val,/lambda/nfs/algovirginia/workspace/DeepfakeDetectionRenewed/data/vcc2020/audio/T21/task1/team21_intra-TEM2_SEF1_E30004.wav,1,VCC2020_T21,
val,__hf__,0,librispeech,28068
val,/lambda/nfs/algovirginia/workspace/DeepfakeDetectionRenewed/data/vcc2020/audio/T22/task1/team22_intra-TEM1_SEM2_E30002.wav,1,VCC2020_T22,
val,__hf__,0,librispeech,7956
val,__hf__,0,librispeech,9719
val,/lambda/nfs/algovirginia/workspace/DeepfakeDetectionRenewed/data/wavefake/generated_audio/ljspeech_parallel_wavegan/LJ016-0330_gen.wav,1,ljspeech_parallel_wavegan,
val,/lambda/nfs/algovirginia/workspace/DeepfakeDetectionRenewed/data/vcc2020/audio/T31/task1/team31_intra-TEM1_SEM1_E30002.wav,1,VCC2020_T31,
val,__hf__,0,librispeech,78
val,/lambda/nfs/algovirginia/workspace/DeepfakeDetectionRenewed/data/wavefake/generated_audio/common_voices_prompts_from_conformer_fastspeech2_pwg_ljspeech/gen_13921.wav,1,common_voices_prompts_from_conformer_fastspeech2_pwg_ljspeech,
val,__hf__,0,librispeech,16036
val,__hf__,0,librispeech,23966
val,__hf__,0,librispeech,12384
val,/lambda/nfs/algovirginia/workspace/DeepfakeDetectionRenewed/data/vcc2020/audio/T07/task1/team07_intra-TEM2_SEM2_E30004.wav,1,VCC2020_T07,
val,__hf__,0,librispeech,18538
val,__hf__,0,librispeech,8115
val,/lambda/nfs/algovirginia/workspace/DeepfakeDetectionRenewed/data/vcc2020/audio/T11/task1/team11_intra-TEF1_SEF2_E30001.wav,1,VCC2020_T11,
val,__hf__,0,librispeech,23346
val,/lambda/nfs/algovirginia/workspace/DeepfakeDetectionRenewed/data/wavefake/generated_audio/ljspeech_full_band_melgan/LJ048-0162_gen.wav,1,ljspeech_full_band_melgan,
val,__hf__,0,librispeech,11115
val,/lambda/nfs/algovirginia/workspace/DeepfakeDetectionRenewed/data/vcc2020/audio/T17/task1/team17_intra-TEF2_SEM1_E30001.wav,1,VCC2020_T17,
val,/lambda/nfs/algovirginia/workspace/DeepfakeDetectionRenewed/data/wavefake/generated_audio/common_voices_prompts_from_conformer_fastspeech2_pwg_ljspeech/gen_8582.wav,1,common_voices_prompts_from_conformer_fastspeech2_pwg_ljspeech,
val,/lambda/nfs/algovirginia/workspace/DeepfakeDetectionRenewed/data/wavefake/generated_audio/ljspeech_parallel_wavegan/LJ036-0203_gen.wav,1,ljspeech_parallel_wavegan,
val,/lambda/nfs/algovirginia/workspace/DeepfakeDetectionRenewed/data/vcc2020/audio/T21/task1/team21_intra-TEF2_SEF1_E30005.wav,1,VCC2020_T21,
val,/lambda/nfs/algovirginia/workspace/DeepfakeDetectionRenewed/data/vcc2020/audio/T09/task1/team09_intra-TEF2_SEM1_E30004.wav,1,VCC2020_T09,
val,__hf__,0,librispeech,16276
val,/lambda/nfs/algovirginia/workspace/DeepfakeDetectionRenewed/data/vcc2020/audio/T02/task1/team02_intra-TEF1_SEM1_E30004.wav,1,VCC2020_T02,
val,/lambda/nfs/algovirginia/workspace/DeepfakeDetectionRenewed/data/vcc2020/audio/T06/task1/team06_intra-TEF2_SEM2_E30003.wav,1,VCC2020_T06,
val,__hf__,0,librispeech,15445
val,__hf__,0,librispeech,11232
val,__hf__,0,librispeech,14406
val,/lambda/nfs/algovirginia/workspace/DeepfakeDetectionRenewed/data/wavefake/generated_audio/ljspeech_full_band_melgan/LJ028-0032_gen.wav,1,ljspeech_full_band_melgan,
val,/lambda/nfs/algovirginia/workspace/DeepfakeDetectionRenewed/data/wavefake/generated_audio/ljspeech_hifiGAN/LJ016-0442_generated.wav,1,ljspeech_hifiGAN,
val,__hf__,0,librispeech,14465
val,/lambda/nfs/algovirginia/workspace/DeepfakeDetectionRenewed/data/wavefake/generated_audio/common_voices_prompts_from_conformer_fastspeech2_pwg_ljspeech/gen_12965.wav,1,common_voices_prompts_from_conformer_fastspeech2_pwg_ljspeech,
val,__hf__,0,librispeech,13874
val,__hf__,0,librispeech,26067
val,/lambda/nfs/algovirginia/workspace/DeepfakeDetectionRenewed/data/wavefake/generated_audio/ljspeech_full_band_melgan/LJ040-0197_gen.wav,1,ljspeech_full_band_melgan,
val,__hf__,0,librispeech,19107
val,/lambda/nfs/algovirginia/workspace/DeepfakeDetectionRenewed/data/wavefake/generated_audio/ljspeech_hifiGAN/LJ013-0081_generated.wav,1,ljspeech_hifiGAN,
val,/lambda/nfs/algovirginia/workspace/DeepfakeDetectionRenewed/data/wavefake/generated_audio/common_voices_prompts_from_conformer_fastspeech2_pwg_ljspeech/gen_5446.wav,1,common_voices_prompts_from_conformer_fastspeech2_pwg_ljspeech,
val,/lambda/nfs/algovirginia/workspace/DeepfakeDetectionRenewed/data/wavefake/generated_audio/ljspeech_parallel_wavegan/LJ016-0202_gen.wav,1,ljspeech_parallel_wavegan,
val,/lambda/nfs/algovirginia/workspace/DeepfakeDetectionRenewed/data/vcc2020/audio/T25/task1/team25_intra-TEM1_SEF1_E30001.wav,1,VCC2020_T25,
val,/lambda/nfs/algovirginia/workspace/DeepfakeDetectionRenewed/data/wavefake/generated_audio/ljspeech_full_band_melgan/LJ042-0239_gen.wav,1,ljspeech_full_band_melgan,
val,__hf__,0,librispeech,28153
val,__hf__,0,librispeech,27032
val,__hf__,0,librispeech,2698
val,/lambda/nfs/algovirginia/workspace/DeepfakeDetectionRenewed/data/vcc2020/audio/T13/task1/team13_intra-TEM2_SEM1_E30003.wav,1,VCC2020_T13,
val,__hf__,0,librispeech,19660
val,/lambda/nfs/algovirginia/workspace/DeepfakeDetectionRenewed/data/vcc2020/audio/T25/task1/team25_intra-TEF1_SEM2_E30002.wav,1,VCC2020_T25,
val,/lambda/nfs/algovirginia/workspace/DeepfakeDetectionRenewed/data/wavefake/generated_audio/ljspeech_full_band_melgan/LJ047-0241_gen.wav,1,ljspeech_full_band_melgan,
val,/lambda/nfs/algovirginia/workspace/DeepfakeDetectionRenewed/data/vcc2020/audio/T12/task1/team12_intra-TEM1_SEF1_E30002.wav,1,VCC2020_T12,
val,__hf__,0,librispeech,28069
val,__hf__,0,librispeech,3925
val,/lambda/nfs/algovirginia/workspace/DeepfakeDetectionRenewed/data/wavefake/generated_audio/ljspeech_hifiGAN/LJ032-0121_generated.wav,1,ljspeech_hifiGAN,
val,/lambda/nfs/algovirginia/workspace/DeepfakeDetectionRenewed/data/wavefake/generated_audio/ljspeech_hifiGAN/LJ040-0061_generated.wav,1,ljspeech_hifiGAN,
val,/lambda/nfs/algovirginia/workspace/DeepfakeDetectionRenewed/data/vcc2020/audio/T02/task1/team02_intra-TEM1_SEM1_E30003.wav,1,VCC2020_T02,
val,/lambda/nfs/algovirginia/workspace/DeepfakeDetectionRenewed/data/vcc2020/audio/T10/task1/team10_intra-TEF1_SEF2_E30001.wav,1,VCC2020_T10,
val,/lambda/nfs/algovirginia/workspace/DeepfakeDetectionRenewed/data/vcc2020/audio/T03/task1/team03_intra-TEM2_SEF1_E30004.wav,1,VCC2020_T03,
val,__hf__,0,librispeech,18139
val,/lambda/nfs/algovirginia/workspace/DeepfakeDetectionRenewed/data/vcc2020/audio/T25/task1/team25_intra-TEF2_SEM2_E30001.wav,1,VCC2020_T25,
val,__hf__,0,librispeech,3958
val,__hf__,0,librispeech,17863
val,__hf__,0,librispeech,25491
val,__hf__,0,librispeech,10504
val,__hf__,0,librispeech,17819
val,__hf__,0,librispeech,1509
val,/lambda/nfs/algovirginia/workspace/DeepfakeDetectionRenewed/data/vcc2020/audio/T29/task1/team29_intra-TEF2_SEF1_E30001.wav,1,VCC2020_T29,
val,/lambda/nfs/algovirginia/workspace/DeepfakeDetectionRenewed/data/vcc2020/audio/T32/task1/team32_intra-TEM1_SEM2_E30003.wav,1,VCC2020_T32,
val,/lambda/nfs/algovirginia/workspace/DeepfakeDetectionRenewed/data/wavefake/generated_audio/ljspeech_parallel_wavegan/LJ008-0317_gen.wav,1,ljspeech_parallel_wavegan,
val,__hf__,0,librispeech,15039
val,__hf__,0,librispeech,5243
val,/lambda/nfs/algovirginia/workspace/DeepfakeDetectionRenewed/data/vcc2020/audio/T28/task1/team28_intra-TEF1_SEM1_E30002.wav,1,VCC2020_T28,
val,__hf__,0,librispeech,11763
val,__hf__,0,librispeech,20329
val,/lambda/nfs/algovirginia/workspace/DeepfakeDetectionRenewed/data/wavefake/generated_audio/ljspeech_hifiGAN/LJ042-0213_generated.wav,1,ljspeech_hifiGAN,
val,/lambda/nfs/algovirginia/workspace/DeepfakeDetectionRenewed/data/wavefake/generated_audio/ljspeech_full_band_melgan/LJ046-0187_gen.wav,1,ljspeech_full_band_melgan,
val,__hf__,0,librispeech,12777
val,__hf__,0,librispeech,2536
val,/lambda/nfs/algovirginia/workspace/DeepfakeDetectionRenewed/data/vcc2020/audio/T10/task1/team10_intra-TEF2_SEM1_E30004.wav,1,VCC2020_T10,
val,__hf__,0,librispeech,15473
val,/lambda/nfs/algovirginia/workspace/DeepfakeDetectionRenewed/data/wavefake/generated_audio/ljspeech_full_band_melgan/LJ013-0246_gen.wav,1,ljspeech_full_band_melgan,
val,__hf__,0,librispeech,13771
val,/lambda/nfs/algovirginia/workspace/DeepfakeDetectionRenewed/data/vcc2020/audio/T24/task1/team24_intra-TEM1_SEM1_E30005.wav,1,VCC2020_T24,
val,__hf__,0,librispeech,739
val,/lambda/nfs/algovirginia/workspace/DeepfakeDetectionRenewed/data/wavefake/generated_audio/ljspeech_full_band_melgan/LJ038-0012_gen.wav,1,ljspeech_full_band_melgan,
val,__hf__,0,librispeech,7597
val,__hf__,0,librispeech,11495
val,/lambda/nfs/algovirginia/workspace/DeepfakeDetectionRenewed/data/vcc2020/audio/T32/task1/team32_intra-TEF2_SEM2_E30005.wav,1,VCC2020_T32,
val,/lambda/nfs/algovirginia/workspace/DeepfakeDetectionRenewed/data/wavefake/generated_audio/ljspeech_full_band_melgan/LJ009-0146_gen.wav,1,ljspeech_full_band_melgan,
val,__hf__,0,librispeech,18909
val,__hf__,0,librispeech,17827
val,/lambda/nfs/algovirginia/workspace/DeepfakeDetectionRenewed/data/vcc2020/audio/T14/task1/team14_intra-TEM1_SEM1_E30002.wav,1,VCC2020_T14,
val,/lambda/nfs/algovirginia/workspace/DeepfakeDetectionRenewed/data/vcc2020/audio/T26/task1/team26_intra-TEF1_SEF1_E30003.wav,1,VCC2020_T26,
val,__hf__,0,librispeech,26793
val,__hf__,0,librispeech,1532
val,__hf__,0,librispeech,16947
val,/lambda/nfs/algovirginia/workspace/DeepfakeDetectionRenewed/data/vcc2020/audio/T23/task1/team23_intra-TEF2_SEM2_E30004.wav,1,VCC2020_T23,
val,/lambda/nfs/algovirginia/workspace/DeepfakeDetectionRenewed/data/wavefake/generated_audio/common_voices_prompts_from_conformer_fastspeech2_pwg_ljspeech/gen_3647.wav,1,common_voices_prompts_from_conformer_fastspeech2_pwg_ljspeech,
val,__hf__,0,librispeech,14256
val,/lambda/nfs/algovirginia/workspace/DeepfakeDetectionRenewed/data/vcc2020/audio/T27/task1/team27_intra-TEF2_SEM1_E30004.wav,1,VCC2020_T27,
val,__hf__,0,librispeech,24238
val,__hf__,0,librispeech,24615
val,__hf__,0,librispeech,1594
val,__hf__,0,librispeech,10051
val,/lambda/nfs/algovirginia/workspace/DeepfakeDetectionRenewed/data/wavefake/generated_audio/ljspeech_parallel_wavegan/LJ035-0183_gen.wav,1,ljspeech_parallel_wavegan,
val,/lambda/nfs/algovirginia/workspace/DeepfakeDetectionRenewed/data/vcc2020/audio/T10/task1/team10_intra-TEM1_SEF2_E30005.wav,1,VCC2020_T10,
val,__hf__,0,librispeech,18269
val,__hf__,0,librispeech,18744
val,/lambda/nfs/algovirginia/workspace/DeepfakeDetectionRenewed/data/vcc2020/audio/T33/task1/team33_intra-TEM2_SEF2_E30002.wav,1,VCC2020_T33,
val,/lambda/nfs/algovirginia/workspace/DeepfakeDetectionRenewed/data/wavefake/generated_audio/ljspeech_full_band_melgan/LJ016-0110_gen.wav,1,ljspeech_full_band_melgan,
val,/lambda/nfs/algovirginia/workspace/DeepfakeDetectionRenewed/data/wavefake/generated_audio/ljspeech_full_band_melgan/LJ047-0098_gen.wav,1,ljspeech_full_band_melgan,
val,/lambda/nfs/algovirginia/workspace/DeepfakeDetectionRenewed/data/vcc2020/audio/T14/task1/team14_intra-TEF2_SEF2_E30001.wav,1,VCC2020_T14,
val,__hf__,0,librispeech,18745
val,/lambda/nfs/algovirginia/workspace/DeepfakeDetectionRenewed/data/vcc2020/audio/T04/task1/team04_intra-TEF2_SEM1_E30001.wav,1,VCC2020_T04,
val,/lambda/nfs/algovirginia/workspace/DeepfakeDetectionRenewed/data/vcc2020/audio/T28/task1/team28_intra-TEF2_SEF1_E30003.wav,1,VCC2020_T28,
val,/lambda/nfs/algovirginia/workspace/DeepfakeDetectionRenewed/data/vcc2020/audio/T31/task1/team31_intra-TEF1_SEM1_E30005.wav,1,VCC2020_T31,
val,__hf__,0,librispeech,25932
val,/lambda/nfs/algovirginia/workspace/DeepfakeDetectionRenewed/data/vcc2020/audio/T10/task1/team10_intra-TEF2_SEM2_E30004.wav,1,VCC2020_T10,
val,__hf__,0,librispeech,9191
val,/lambda/nfs/algovirginia/workspace/DeepfakeDetectionRenewed/data/wavefake/generated_audio/common_voices_prompts_from_conformer_fastspeech2_pwg_ljspeech/gen_9433.wav,1,common_voices_prompts_from_conformer_fastspeech2_pwg_ljspeech,
val,/lambda/nfs/algovirginia/workspace/DeepfakeDetectionRenewed/data/vcc2020/audio/T21/task1/team21_intra-TEF2_SEM2_E30005.wav,1,VCC2020_T21,
val,/lambda/nfs/algovirginia/workspace/DeepfakeDetectionRenewed/data/vcc2020/audio/T01/task1/team01_intra-TEM2_SEM1_E30005.wav,1,VCC2020_T01,
val,/lambda/nfs/algovirginia/workspace/DeepfakeDetectionRenewed/data/vcc2020/audio/T26/task1/team26_intra-TEF1_SEM1_E30004.wav,1,VCC2020_T26,
val,/lambda/nfs/algovirginia/workspace/DeepfakeDetectionRenewed/data/vcc2020/audio/T20/task1/team20_intra-TEF1_SEM1_E30001.wav,1,VCC2020_T20,
val,__hf__,0,librispeech,18610
val,__hf__,0,librispeech,18421
val,__hf__,0,librispeech,6146
val,__hf__,0,librispeech,18174
val,__hf__,0,librispeech,10742
val,/lambda/nfs/algovirginia/workspace/DeepfakeDetectionRenewed/data/vcc2020/audio/T02/task1/team02_intra-TEF1_SEF2_E30004.wav,1,VCC2020_T02,
val,/lambda/nfs/algovirginia/workspace/DeepfakeDetectionRenewed/data/vcc2020/audio/T13/task1/team13_intra-TEM2_SEM2_E30001.wav,1,VCC2020_T13,
val,/lambda/nfs/algovirginia/workspace/DeepfakeDetectionRenewed/data/vcc2020/audio/T22/task1/team22_intra-TEF1_SEF1_E30001.wav,1,VCC2020_T22,
val,/lambda/nfs/algovirginia/workspace/DeepfakeDetectionRenewed/data/vcc2020/audio/T16/task1/team16_intra-TEM1_SEM1_E30002.wav,1,VCC2020_T16,
val,__hf__,0,librispeech,4420
val,/lambda/nfs/algovirginia/workspace/DeepfakeDetectionRenewed/data/wavefake/generated_audio/common_voices_prompts_from_conformer_fastspeech2_pwg_ljspeech/gen_8679.wav,1,common_voices_prompts_from_conformer_fastspeech2_pwg_ljspeech,
val,__hf__,0,librispeech,5129
val,/lambda/nfs/algovirginia/workspace/DeepfakeDetectionRenewed/data/wavefake/generated_audio/common_voices_prompts_from_conformer_fastspeech2_pwg_ljspeech/gen_1206.wav,1,common_voices_prompts_from_conformer_fastspeech2_pwg_ljspeech,
val,/lambda/nfs/algovirginia/workspace/DeepfakeDetectionRenewed/data/wavefake/generated_audio/common_voices_prompts_from_conformer_fastspeech2_pwg_ljspeech/gen_1964.wav,1,common_voices_prompts_from_conformer_fastspeech2_pwg_ljspeech,
val,__hf__,0,librispeech,14558
val,/lambda/nfs/algovirginia/workspace/DeepfakeDetectionRenewed/data/wavefake/generated_audio/common_voices_prompts_from_conformer_fastspeech2_pwg_ljspeech/gen_1352.wav,1,common_voices_prompts_from_conformer_fastspeech2_pwg_ljspeech,
val,__hf__,0,librispeech,7949
val,/lambda/nfs/algovirginia/workspace/DeepfakeDetectionRenewed/data/wavefake/generated_audio/ljspeech_full_band_melgan/LJ042-0246_gen.wav,1,ljspeech_full_band_melgan,
val,/lambda/nfs/algovirginia/workspace/DeepfakeDetectionRenewed/data/wavefake/generated_audio/ljspeech_hifiGAN/LJ050-0273_generated.wav,1,ljspeech_hifiGAN,
val,/lambda/nfs/algovirginia/workspace/DeepfakeDetectionRenewed/data/vcc2020/audio/T16/task1/team16_intra-TEF2_SEF2_E30004.wav,1,VCC2020_T16,
val,__hf__,0,librispeech,8314
val,__hf__,0,librispeech,23850
val,__hf__,0,librispeech,23382
val,/lambda/nfs/algovirginia/workspace/DeepfakeDetectionRenewed/data/wavefake/generated_audio/ljspeech_hifiGAN/LJ010-0190_generated.wav,1,ljspeech_hifiGAN,
val,/lambda/nfs/algovirginia/workspace/DeepfakeDetectionRenewed/data/wavefake/generated_audio/ljspeech_hifiGAN/LJ015-0303_generated.wav,1,ljspeech_hifiGAN,
val,__hf__,0,librispeech,22107
val,/lambda/nfs/algovirginia/workspace/DeepfakeDetectionRenewed/data/vcc2020/audio/T18/task1/team18_intra-TEF1_SEF2_E30004.wav,1,VCC2020_T18,
val,__hf__,0,librispeech,3969
val,/lambda/nfs/algovirginia/workspace/DeepfakeDetectionRenewed/data/vcc2020/audio/T11/task1/team11_intra-TEM2_SEM1_E30005.wav,1,VCC2020_T11,
val,__hf__,0,librispeech,8578
val,__hf__,0,librispeech,16162
val,/lambda/nfs/algovirginia/workspace/DeepfakeDetectionRenewed/data/wavefake/generated_audio/ljspeech_parallel_wavegan/LJ014-0206_gen.wav,1,ljspeech_parallel_wavegan,
val,/lambda/nfs/algovirginia/workspace/DeepfakeDetectionRenewed/data/wavefake/generated_audio/ljspeech_hifiGAN/LJ036-0179_generated.wav,1,ljspeech_hifiGAN,
val,/lambda/nfs/algovirginia/workspace/DeepfakeDetectionRenewed/data/vcc2020/audio/T30/task1/team30_intra-TEF2_SEF2_E30004.wav,1,VCC2020_T30,
val,/lambda/nfs/algovirginia/workspace/DeepfakeDetectionRenewed/data/wavefake/generated_audio/ljspeech_parallel_wavegan/LJ032-0261_gen.wav,1,ljspeech_parallel_wavegan,
val,__hf__,0,librispeech,3265
val,/lambda/nfs/algovirginia/workspace/DeepfakeDetectionRenewed/data/wavefake/generated_audio/ljspeech_hifiGAN/LJ047-0078_generated.wav,1,ljspeech_hifiGAN,
val,__hf__,0,librispeech,10099
val,__hf__,0,librispeech,26607
val,/lambda/nfs/algovirginia/workspace/DeepfakeDetectionRenewed/data/vcc2020/audio/T23/task1/team23_intra-TEM1_SEF1_E30005.wav,1,VCC2020_T23,
val,__hf__,0,librispeech,24134
val,__hf__,0,librispeech,16279
val,/lambda/nfs/algovirginia/workspace/DeepfakeDetectionRenewed/data/wavefake/generated_audio/common_voices_prompts_from_conformer_fastspeech2_pwg_ljspeech/gen_1743.wav,1,common_voices_prompts_from_conformer_fastspeech2_pwg_ljspeech,
val,__hf__,0,librispeech,14350
val,/lambda/nfs/algovirginia/workspace/DeepfakeDetectionRenewed/data/vcc2020/audio/T26/task1/team26_intra-TEF1_SEM1_E30002.wav,1,VCC2020_T26,
val,/lambda/nfs/algovirginia/workspace/DeepfakeDetectionRenewed/data/wavefake/generated_audio/ljspeech_hifiGAN/LJ018-0340_generated.wav,1,ljspeech_hifiGAN,
val,__hf__,0,librispeech,7104
val,/lambda/nfs/algovirginia/workspace/DeepfakeDetectionRenewed/data/vcc2020/audio/T03/task1/team03_intra-TEM2_SEF2_E30002.wav,1,VCC2020_T03,
val,/lambda/nfs/algovirginia/workspace/DeepfakeDetectionRenewed/data/vcc2020/audio/T23/task1/team23_intra-TEM1_SEF1_E30001.wav,1,VCC2020_T23,
val,/lambda/nfs/algovirginia/workspace/DeepfakeDetectionRenewed/data/wavefake/generated_audio/ljspeech_hifiGAN/LJ046-0080_generated.wav,1,ljspeech_hifiGAN,
val,/lambda/nfs/algovirginia/workspace/DeepfakeDetectionRenewed/data/wavefake/generated_audio/common_voices_prompts_from_conformer_fastspeech2_pwg_ljspeech/gen_1691.wav,1,common_voices_prompts_from_conformer_fastspeech2_pwg_ljspeech,
val,/lambda/nfs/algovirginia/workspace/DeepfakeDetectionRenewed/data/wavefake/generated_audio/ljspeech_hifiGAN/LJ038-0176_generated.wav,1,ljspeech_hifiGAN,
val,/lambda/nfs/algovirginia/workspace/DeepfakeDetectionRenewed/data/vcc2020/audio/T14/task1/team14_intra-TEM1_SEM1_E30003.wav,1,VCC2020_T14,
val,__hf__,0,librispeech,15756
val,__hf__,0,librispeech,20201
val,/lambda/nfs/algovirginia/workspace/DeepfakeDetectionRenewed/data/wavefake/generated_audio/common_voices_prompts_from_conformer_fastspeech2_pwg_ljspeech/gen_16086.wav,1,common_voices_prompts_from_conformer_fastspeech2_pwg_ljspeech,
val,__hf__,0,librispeech,16794
val,/lambda/nfs/algovirginia/workspace/DeepfakeDetectionRenewed/data/vcc2020/audio/T13/task1/team13_intra-TEM1_SEM2_E30004.wav,1,VCC2020_T13,
val,__hf__,0,librispeech,19838
val,__hf__,0,librispeech,19730
val,/lambda/nfs/algovirginia/workspace/DeepfakeDetectionRenewed/data/vcc2020/audio/T30/task1/team30_intra-TEF1_SEF1_E30003.wav,1,VCC2020_T30,
val,/lambda/nfs/algovirginia/workspace/DeepfakeDetectionRenewed/data/vcc2020/audio/T21/task1/team21_intra-TEF2_SEF2_E30002.wav,1,VCC2020_T21,
val,__hf__,0,librispeech,17443
val,/lambda/nfs/algovirginia/workspace/DeepfakeDetectionRenewed/data/wavefake/generated_audio/ljspeech_parallel_wavegan/LJ036-0180_gen.wav,1,ljspeech_parallel_wavegan,
val,/lambda/nfs/algovirginia/workspace/DeepfakeDetectionRenewed/data/vcc2020/audio/T28/task1/team28_intra-TEM2_SEF1_E30001.wav,1,VCC2020_T28,
val,__hf__,0,librispeech,9247
val,/lambda/nfs/algovirginia/workspace/DeepfakeDetectionRenewed/data/wavefake/generated_audio/common_voices_prompts_from_conformer_fastspeech2_pwg_ljspeech/gen_5628.wav,1,common_voices_prompts_from_conformer_fastspeech2_pwg_ljspeech,
val,/lambda/nfs/algovirginia/workspace/DeepfakeDetectionRenewed/data/wavefake/generated_audio/ljspeech_parallel_wavegan/LJ003-0042_gen.wav,1,ljspeech_parallel_wavegan,
val,__hf__,0,librispeech,19176
val,__hf__,0,librispeech,5165
val,__hf__,0,librispeech,9522
val,__hf__,0,librispeech,587
val,__hf__,0,librispeech,14571
val,__hf__,0,librispeech,7948
val,__hf__,0,librispeech,16594
val,__hf__,0,librispeech,11702
val,__hf__,0,librispeech,28324
val,__hf__,0,librispeech,836
val,__hf__,0,librispeech,22448
val,/lambda/nfs/algovirginia/workspace/DeepfakeDetectionRenewed/data/wavefake/generated_audio/ljspeech_hifiGAN/LJ011-0238_generated.wav,1,ljspeech_hifiGAN,
val,__hf__,0,librispeech,14223
val,__hf__,0,librispeech,19375
val,__hf__,0,librispeech,16417
val,/lambda/nfs/algovirginia/workspace/DeepfakeDetectionRenewed/data/wavefake/generated_audio/common_voices_prompts_from_conformer_fastspeech2_pwg_ljspeech/gen_10817.wav,1,common_voices_prompts_from_conformer_fastspeech2_pwg_ljspeech,
val,__hf__,0,librispeech,7493
val,/lambda/nfs/algovirginia/workspace/DeepfakeDetectionRenewed/data/vcc2020/audio/T27/task1/team27_intra-TEF2_SEM2_E30005.wav,1,VCC2020_T27,
val,__hf__,0,librispeech,1856
val,/lambda/nfs/algovirginia/workspace/DeepfakeDetectionRenewed/data/wavefake/generated_audio/ljspeech_parallel_wavegan/LJ006-0245_gen.wav,1,ljspeech_parallel_wavegan,
val,/lambda/nfs/algovirginia/workspace/DeepfakeDetectionRenewed/data/wavefake/generated_audio/ljspeech_hifiGAN/LJ027-0161_generated.wav,1,ljspeech_hifiGAN,
val,__hf__,0,librispeech,13578
val,__hf__,0,librispeech,25011
val,/lambda/nfs/algovirginia/workspace/DeepfakeDetectionRenewed/data/wavefake/generated_audio/ljspeech_full_band_melgan/LJ048-0052_gen.wav,1,ljspeech_full_band_melgan,
val,__hf__,0,librispeech,19017
val,__hf__,0,librispeech,7950
val,/lambda/nfs/algovirginia/workspace/DeepfakeDetectionRenewed/data/wavefake/generated_audio/ljspeech_full_band_melgan/LJ010-0066_gen.wav,1,ljspeech_full_band_melgan,
val,__hf__,0,librispeech,13076
val,__hf__,0,librispeech,2423
val,/lambda/nfs/algovirginia/workspace/DeepfakeDetectionRenewed/data/wavefake/generated_audio/ljspeech_hifiGAN/LJ002-0201_generated.wav,1,ljspeech_hifiGAN,
val,/lambda/nfs/algovirginia/workspace/DeepfakeDetectionRenewed/data/vcc2020/audio/T24/task1/team24_intra-TEM2_SEM2_E30004.wav,1,VCC2020_T24,
val,__hf__,0,librispeech,9989
val,/lambda/nfs/algovirginia/workspace/DeepfakeDetectionRenewed/data/vcc2020/audio/T08/task1/team08_intra-TEF1_SEF1_E30002.wav,1,VCC2020_T08,
val,__hf__,0,librispeech,24752
val,__hf__,0,librispeech,22601
val,__hf__,0,librispeech,583
val,/lambda/nfs/algovirginia/workspace/DeepfakeDetectionRenewed/data/wavefake/generated_audio/common_voices_prompts_from_conformer_fastspeech2_pwg_ljspeech/gen_12037.wav,1,common_voices_prompts_from_conformer_fastspeech2_pwg_ljspeech,
val,__hf__,0,librispeech,4
val,/lambda/nfs/algovirginia/workspace/DeepfakeDetectionRenewed/data/wavefake/generated_audio/ljspeech_hifiGAN/LJ002-0125_generated.wav,1,ljspeech_hifiGAN,
val,/lambda/nfs/algovirginia/workspace/DeepfakeDetectionRenewed/data/vcc2020/audio/T19/task1/team19_intra-TEF1_SEM2_E30004.wav,1,VCC2020_T19,
val,__hf__,0,librispeech,6683
val,/lambda/nfs/algovirginia/workspace/DeepfakeDetectionRenewed/data/wavefake/generated_audio/ljspeech_parallel_wavegan/LJ017-0092_gen.wav,1,ljspeech_parallel_wavegan,
val,/lambda/nfs/algovirginia/workspace/DeepfakeDetectionRenewed/data/wavefake/generated_audio/ljspeech_parallel_wavegan/LJ009-0247_gen.wav,1,ljspeech_parallel_wavegan,
val,/lambda/nfs/algovirginia/workspace/DeepfakeDetectionRenewed/data/wavefake/generated_audio/common_voices_prompts_from_conformer_fastspeech2_pwg_ljspeech/gen_2064.wav,1,common_voices_prompts_from_conformer_fastspeech2_pwg_ljspeech,
val,__hf__,0,librispeech,15295
val,__hf__,0,librispeech,12804
val,/lambda/nfs/algovirginia/workspace/DeepfakeDetectionRenewed/data/wavefake/generated_audio/ljspeech_full_band_melgan/LJ029-0210_gen.wav,1,ljspeech_full_band_melgan,
val,__hf__,0,librispeech,21326
val,__hf__,0,librispeech,20171
val,__hf__,0,librispeech,9718
val,/lambda/nfs/algovirginia/workspace/DeepfakeDetectionRenewed/data/wavefake/generated_audio/common_voices_prompts_from_conformer_fastspeech2_pwg_ljspeech/gen_8096.wav,1,common_voices_prompts_from_conformer_fastspeech2_pwg_ljspeech,
val,/lambda/nfs/algovirginia/workspace/DeepfakeDetectionRenewed/data/vcc2020/audio/T07/task1/team07_intra-TEF2_SEF2_E30005.wav,1,VCC2020_T07,
val,/lambda/nfs/algovirginia/workspace/DeepfakeDetectionRenewed/data/wavefake/generated_audio/ljspeech_full_band_melgan/LJ022-0066_gen.wav,1,ljspeech_full_band_melgan,
val,/lambda/nfs/algovirginia/workspace/DeepfakeDetectionRenewed/data/wavefake/generated_audio/ljspeech_parallel_wavegan/LJ045-0176_gen.wav,1,ljspeech_parallel_wavegan,
val,__hf__,0,librispeech,4672
val,__hf__,0,librispeech,18609
val,/lambda/nfs/algovirginia/workspace/DeepfakeDetectionRenewed/data/vcc2020/audio/T10/task1/team10_intra-TEM2_SEM2_E30002.wav,1,VCC2020_T10,
val,/lambda/nfs/algovirginia/workspace/DeepfakeDetectionRenewed/data/wavefake/generated_audio/ljspeech_full_band_melgan/LJ028-0223_gen.wav,1,ljspeech_full_band_melgan,
val,/lambda/nfs/algovirginia/workspace/DeepfakeDetectionRenewed/data/wavefake/generated_audio/common_voices_prompts_from_conformer_fastspeech2_pwg_ljspeech/gen_11628.wav,1,common_voices_prompts_from_conformer_fastspeech2_pwg_ljspeech,
val,/lambda/nfs/algovirginia/workspace/DeepfakeDetectionRenewed/data/vcc2020/audio/T27/task1/team27_intra-TEF2_SEF1_E30005.wav,1,VCC2020_T27,
val,__hf__,0,librispeech,26014
val,__hf__,0,librispeech,28364
val,/lambda/nfs/algovirginia/workspace/DeepfakeDetectionRenewed/data/wavefake/generated_audio/ljspeech_full_band_melgan/LJ035-0053_gen.wav,1,ljspeech_full_band_melgan,
val,__hf__,0,librispeech,21151
val,/lambda/nfs/algovirginia/workspace/DeepfakeDetectionRenewed/data/wavefake/generated_audio/ljspeech_full_band_melgan/LJ016-0292_gen.wav,1,ljspeech_full_band_melgan,
val,/lambda/nfs/algovirginia/workspace/DeepfakeDetectionRenewed/data/wavefake/generated_audio/common_voices_prompts_from_conformer_fastspeech2_pwg_ljspeech/gen_2140.wav,1,common_voices_prompts_from_conformer_fastspeech2_pwg_ljspeech,
val,/lambda/nfs/algovirginia/workspace/DeepfakeDetectionRenewed/data/wavefake/generated_audio/ljspeech_parallel_wavegan/LJ024-0068_gen.wav,1,ljspeech_parallel_wavegan,
val,__hf__,0,librispeech,5812
val,/lambda/nfs/algovirginia/workspace/DeepfakeDetectionRenewed/data/wavefake/generated_audio/ljspeech_full_band_melgan/LJ002-0076_gen.wav,1,ljspeech_full_band_melgan,
val,__hf__,0,librispeech,5855
val,__hf__,0,librispeech,18289
val,/lambda/nfs/algovirginia/workspace/DeepfakeDetectionRenewed/data/vcc2020/audio/T32/task1/team32_intra-TEM1_SEF2_E30001.wav,1,VCC2020_T32,
val,/lambda/nfs/algovirginia/workspace/DeepfakeDetectionRenewed/data/vcc2020/audio/T10/task1/team10_intra-TEF1_SEM1_E30005.wav,1,VCC2020_T10,
val,/lambda/nfs/algovirginia/workspace/DeepfakeDetectionRenewed/data/vcc2020/audio/T18/task1/team18_intra-TEM2_SEM1_E30004.wav,1,VCC2020_T18,
val,__hf__,0,librispeech,14940
val,__hf__,0,librispeech,9704
val,__hf__,0,librispeech,23190
val,/lambda/nfs/algovirginia/workspace/DeepfakeDetectionRenewed/data/vcc2020/audio/T19/task1/team19_intra-TEF1_SEM2_E30005.wav,1,VCC2020_T19,
val,__hf__,0,librispeech,1932
val,/lambda/nfs/algovirginia/workspace/DeepfakeDetectionRenewed/data/vcc2020/audio/T18/task1/team18_intra-TEF2_SEM1_E30005.wav,1,VCC2020_T18,
val,__hf__,0,librispeech,24408
val,/lambda/nfs/algovirginia/workspace/DeepfakeDetectionRenewed/data/wavefake/generated_audio/ljspeech_full_band_melgan/LJ023-0126_gen.wav,1,ljspeech_full_band_melgan,
val,/lambda/nfs/algovirginia/workspace/DeepfakeDetectionRenewed/data/wavefake/generated_audio/ljspeech_parallel_wavegan/LJ032-0178_gen.wav,1,ljspeech_parallel_wavegan,
val,__hf__,0,librispeech,20933
val,/lambda/nfs/algovirginia/workspace/DeepfakeDetectionRenewed/data/vcc2020/audio/T19/task1/team19_intra-TEF2_SEM2_E30004.wav,1,VCC2020_T19,
val,__hf__,0,librispeech,1094
val,__hf__,0,librispeech,8312
val,__hf__,0,librispeech,17660
val,__hf__,0,librispeech,18129
val,/lambda/nfs/algovirginia/workspace/DeepfakeDetectionRenewed/data/wavefake/generated_audio/common_voices_prompts_from_conformer_fastspeech2_pwg_ljspeech/gen_12658.wav,1,common_voices_prompts_from_conformer_fastspeech2_pwg_ljspeech,
val,__hf__,0,librispeech,7470
val,__hf__,0,librispeech,4401
val,__hf__,0,librispeech,25513
val,__hf__,0,librispeech,10844
val,/lambda/nfs/algovirginia/workspace/DeepfakeDetectionRenewed/data/wavefake/generated_audio/common_voices_prompts_from_conformer_fastspeech2_pwg_ljspeech/gen_64.wav,1,common_voices_prompts_from_conformer_fastspeech2_pwg_ljspeech,
val,__hf__,0,librispeech,15168
val,__hf__,0,librispeech,9558
val,/lambda/nfs/algovirginia/workspace/DeepfakeDetectionRenewed/data/wavefake/generated_audio/ljspeech_parallel_wavegan/LJ042-0020_gen.wav,1,ljspeech_parallel_wavegan,
val,__hf__,0,librispeech,28138
val,/lambda/nfs/algovirginia/workspace/DeepfakeDetectionRenewed/data/wavefake/generated_audio/ljspeech_full_band_melgan/LJ010-0191_gen.wav,1,ljspeech_full_band_melgan,
val,__hf__,0,librispeech,24152
val,__hf__,0,librispeech,12828
val,/lambda/nfs/algovirginia/workspace/DeepfakeDetectionRenewed/data/wavefake/generated_audio/common_voices_prompts_from_conformer_fastspeech2_pwg_ljspeech/gen_5028.wav,1,common_voices_prompts_from_conformer_fastspeech2_pwg_ljspeech,
val,__hf__,0,librispeech,10903
val,__hf__,0,librispeech,21062
val,__hf__,0,librispeech,17593
val,/lambda/nfs/algovirginia/workspace/DeepfakeDetectionRenewed/data/wavefake/generated_audio/ljspeech_hifiGAN/LJ038-0022_generated.wav,1,ljspeech_hifiGAN,
val,__hf__,0,librispeech,941
val,/lambda/nfs/algovirginia/workspace/DeepfakeDetectionRenewed/data/vcc2020/audio/T07/task1/team07_intra-TEM1_SEM1_E30004.wav,1,VCC2020_T07,
val,__hf__,0,librispeech,8084
val,__hf__,0,librispeech,2403
val,/lambda/nfs/algovirginia/workspace/DeepfakeDetectionRenewed/data/wavefake/generated_audio/common_voices_prompts_from_conformer_fastspeech2_pwg_ljspeech/gen_13233.wav,1,common_voices_prompts_from_conformer_fastspeech2_pwg_ljspeech,
val,/lambda/nfs/algovirginia/workspace/DeepfakeDetectionRenewed/data/wavefake/generated_audio/ljspeech_full_band_melgan/LJ050-0022_gen.wav,1,ljspeech_full_band_melgan,
val,__hf__,0,librispeech,10683
val,/lambda/nfs/algovirginia/workspace/DeepfakeDetectionRenewed/data/wavefake/generated_audio/common_voices_prompts_from_conformer_fastspeech2_pwg_ljspeech/gen_8844.wav,1,common_voices_prompts_from_conformer_fastspeech2_pwg_ljspeech,
val,__hf__,0,librispeech,15645
val,/lambda/nfs/algovirginia/workspace/DeepfakeDetectionRenewed/data/wavefake/generated_audio/common_voices_prompts_from_conformer_fastspeech2_pwg_ljspeech/gen_39.wav,1,common_voices_prompts_from_conformer_fastspeech2_pwg_ljspeech,
val,/lambda/nfs/algovirginia/workspace/DeepfakeDetectionRenewed/data/vcc2020/audio/T04/task1/team04_intra-TEM2_SEF2_E30005.wav,1,VCC2020_T04,
val,/lambda/nfs/algovirginia/workspace/DeepfakeDetectionRenewed/data/vcc2020/audio/T33/task1/team33_intra-TEM1_SEF2_E30001.wav,1,VCC2020_T33,
val,__hf__,0,librispeech,10225
val,__hf__,0,librispeech,10525
val,/lambda/nfs/algovirginia/workspace/DeepfakeDetectionRenewed/data/wavefake/generated_audio/ljspeech_full_band_melgan/LJ035-0171_gen.wav,1,ljspeech_full_band_melgan,
val,__hf__,0,librispeech,12200
val,/lambda/nfs/algovirginia/workspace/DeepfakeDetectionRenewed/data/vcc2020/audio/T27/task1/team27_intra-TEM2_SEM1_E30003.wav,1,VCC2020_T27,
val,/lambda/nfs/algovirginia/workspace/DeepfakeDetectionRenewed/data/wavefake/generated_audio/ljspeech_full_band_melgan/LJ039-0071_gen.wav,1,ljspeech_full_band_melgan,
val,__hf__,0,librispeech,5882
val,/lambda/nfs/algovirginia/workspace/DeepfakeDetectionRenewed/data/wavefake/generated_audio/ljspeech_parallel_wavegan/LJ002-0163_gen.wav,1,ljspeech_parallel_wavegan,
val,__hf__,0,librispeech,23736
val,/lambda/nfs/algovirginia/workspace/DeepfakeDetectionRenewed/data/wavefake/generated_audio/ljspeech_hifiGAN/LJ022-0015_generated.wav,1,ljspeech_hifiGAN,
val,/lambda/nfs/algovirginia/workspace/DeepfakeDetectionRenewed/data/wavefake/generated_audio/ljspeech_full_band_melgan/LJ004-0167_gen.wav,1,ljspeech_full_band_melgan,
val,/lambda/nfs/algovirginia/workspace/DeepfakeDetectionRenewed/data/vcc2020/audio/T33/task1/team33_intra-TEM2_SEM2_E30002.wav,1,VCC2020_T33,
val,/lambda/nfs/algovirginia/workspace/DeepfakeDetectionRenewed/data/wavefake/generated_audio/ljspeech_full_band_melgan/LJ016-0105_gen.wav,1,ljspeech_full_band_melgan,
val,/lambda/nfs/algovirginia/workspace/DeepfakeDetectionRenewed/data/wavefake/generated_audio/ljspeech_parallel_wavegan/LJ005-0160_gen.wav,1,ljspeech_parallel_wavegan,
val,/lambda/nfs/algovirginia/workspace/DeepfakeDetectionRenewed/data/vcc2020/audio/T16/task1/team16_intra-TEM2_SEM1_E30001.wav,1,VCC2020_T16,
val,/lambda/nfs/algovirginia/workspace/DeepfakeDetectionRenewed/data/wavefake/generated_audio/ljspeech_full_band_melgan/LJ036-0117_gen.wav,1,ljspeech_full_band_melgan,
val,__hf__,0,librispeech,18163
val,__hf__,0,librispeech,950
val,__hf__,0,librispeech,26957
val,__hf__,0,librispeech,15755
val,__hf__,0,librispeech,7777
val,__hf__,0,librispeech,8884
val,__hf__,0,librispeech,15051
val,/lambda/nfs/algovirginia/workspace/DeepfakeDetectionRenewed/data/wavefake/generated_audio/ljspeech_full_band_melgan/LJ049-0169_gen.wav,1,ljspeech_full_band_melgan,
val,/lambda/nfs/algovirginia/workspace/DeepfakeDetectionRenewed/data/vcc2020/audio/T07/task1/team07_intra-TEF1_SEM1_E30005.wav,1,VCC2020_T07,
val,__hf__,0,librispeech,16884
val,/lambda/nfs/algovirginia/workspace/DeepfakeDetectionRenewed/data/wavefake/generated_audio/common_voices_prompts_from_conformer_fastspeech2_pwg_ljspeech/gen_3535.wav,1,common_voices_prompts_from_conformer_fastspeech2_pwg_ljspeech,
val,__hf__,0,librispeech,8873
val,/lambda/nfs/algovirginia/workspace/DeepfakeDetectionRenewed/data/wavefake/generated_audio/ljspeech_full_band_melgan/LJ019-0179_gen.wav,1,ljspeech_full_band_melgan,
val,/lambda/nfs/algovirginia/workspace/DeepfakeDetectionRenewed/data/vcc2020/audio/T21/task1/team21_intra-TEF1_SEF2_E30001.wav,1,VCC2020_T21,
val,/lambda/nfs/algovirginia/workspace/DeepfakeDetectionRenewed/data/wavefake/generated_audio/ljspeech_parallel_wavegan/LJ045-0228_gen.wav,1,ljspeech_parallel_wavegan,
val,__hf__,0,librispeech,21371
val,/lambda/nfs/algovirginia/workspace/DeepfakeDetectionRenewed/data/wavefake/generated_audio/ljspeech_full_band_melgan/LJ030-0168_gen.wav,1,ljspeech_full_band_melgan,
val,__hf__,0,librispeech,16606
val,__hf__,0,librispeech,22280
val,/lambda/nfs/algovirginia/workspace/DeepfakeDetectionRenewed/data/wavefake/generated_audio/ljspeech_full_band_melgan/LJ005-0064_gen.wav,1,ljspeech_full_band_melgan,
val,__hf__,0,librispeech,3823
val,__hf__,0,librispeech,21836
val,/lambda/nfs/algovirginia/workspace/DeepfakeDetectionRenewed/data/wavefake/generated_audio/ljspeech_hifiGAN/LJ034-0109_generated.wav,1,ljspeech_hifiGAN,
val,__hf__,0,librispeech,11253
val,/lambda/nfs/algovirginia/workspace/DeepfakeDetectionRenewed/data/vcc2020/audio/T09/task1/team09_intra-TEF2_SEF2_E30003.wav,1,VCC2020_T09,
val,/lambda/nfs/algovirginia/workspace/DeepfakeDetectionRenewed/data/wavefake/generated_audio/common_voices_prompts_from_conformer_fastspeech2_pwg_ljspeech/gen_14963.wav,1,common_voices_prompts_from_conformer_fastspeech2_pwg_ljspeech,
val,__hf__,0,librispeech,956
val,/lambda/nfs/algovirginia/workspace/DeepfakeDetectionRenewed/data/vcc2020/audio/T14/task1/team14_intra-TEM1_SEF2_E30003.wav,1,VCC2020_T14,
val,__hf__,0,librispeech,8646
val,__hf__,0,librispeech,25995
val,__hf__,0,librispeech,25903
val,/lambda/nfs/algovirginia/workspace/DeepfakeDetectionRenewed/data/wavefake/generated_audio/common_voices_prompts_from_conformer_fastspeech2_pwg_ljspeech/gen_620.wav,1,common_voices_prompts_from_conformer_fastspeech2_pwg_ljspeech,
val,/lambda/nfs/algovirginia/workspace/DeepfakeDetectionRenewed/data/wavefake/generated_audio/ljspeech_parallel_wavegan/LJ044-0166_gen.wav,1,ljspeech_parallel_wavegan,
val,/lambda/nfs/algovirginia/workspace/DeepfakeDetectionRenewed/data/wavefake/generated_audio/ljspeech_full_band_melgan/LJ014-0333_gen.wav,1,ljspeech_full_band_melgan,
val,/lambda/nfs/algovirginia/workspace/DeepfakeDetectionRenewed/data/wavefake/generated_audio/ljspeech_parallel_wavegan/LJ013-0262_gen.wav,1,ljspeech_parallel_wavegan,
val,__hf__,0,librispeech,20405
val,/lambda/nfs/algovirginia/workspace/DeepfakeDetectionRenewed/data/vcc2020/audio/T06/task1/team06_intra-TEF1_SEM2_E30004.wav,1,VCC2020_T06,
val,/lambda/nfs/algovirginia/workspace/DeepfakeDetectionRenewed/data/vcc2020/audio/T08/task1/team08_intra-TEF2_SEM1_E30003.wav,1,VCC2020_T08,
val,/lambda/nfs/algovirginia/workspace/DeepfakeDetectionRenewed/data/wavefake/generated_audio/ljspeech_hifiGAN/LJ049-0034_generated.wav,1,ljspeech_hifiGAN,
val,__hf__,0,librispeech,14049
val,/lambda/nfs/algovirginia/workspace/DeepfakeDetectionRenewed/data/vcc2020/audio/T16/task1/team16_intra-TEF2_SEM2_E30005.wav,1,VCC2020_T16,
val,__hf__,0,librispeech,18613
val,__hf__,0,librispeech,26362
val,__hf__,0,librispeech,15038
val,/lambda/nfs/algovirginia/workspace/DeepfakeDetectionRenewed/data/vcc2020/audio/T29/task1/team29_intra-TEF1_SEM2_E30003.wav,1,VCC2020_T29,
val,/lambda/nfs/algovirginia/workspace/DeepfakeDetectionRenewed/data/wavefake/generated_audio/common_voices_prompts_from_conformer_fastspeech2_pwg_ljspeech/gen_13040.wav,1,common_voices_prompts_from_conformer_fastspeech2_pwg_ljspeech,
val,/lambda/nfs/algovirginia/workspace/DeepfakeDetectionRenewed/data/vcc2020/audio/T30/task1/team30_intra-TEM1_SEM1_E30001.wav,1,VCC2020_T30,
val,/lambda/nfs/algovirginia/workspace/DeepfakeDetectionRenewed/data/vcc2020/audio/T14/task1/team14_intra-TEF1_SEF1_E30003.wav,1,VCC2020_T14,
val,/lambda/nfs/algovirginia/workspace/DeepfakeDetectionRenewed/data/vcc2020/audio/T22/task1/team22_intra-TEM1_SEF2_E30005.wav,1,VCC2020_T22,
val,__hf__,0,librispeech,28238
val,__hf__,0,librispeech,19018
val,__hf__,0,librispeech,8844
val,/lambda/nfs/algovirginia/workspace/DeepfakeDetectionRenewed/data/wavefake/generated_audio/ljspeech_parallel_wavegan/LJ019-0208_gen.wav,1,ljspeech_parallel_wavegan,
val,__hf__,0,librispeech,10968
val,__hf__,0,librispeech,2074
val,/lambda/nfs/algovirginia/workspace/DeepfakeDetectionRenewed/data/vcc2020/audio/T08/task1/team08_intra-TEM2_SEF1_E30005.wav,1,VCC2020_T08,
val,/lambda/nfs/algovirginia/workspace/DeepfakeDetectionRenewed/data/wavefake/generated_audio/ljspeech_full_band_melgan/LJ003-0003_gen.wav,1,ljspeech_full_band_melgan,
val,__hf__,0,librispeech,18777
val,__hf__,0,librispeech,4497
val,/lambda/nfs/algovirginia/workspace/DeepfakeDetectionRenewed/data/vcc2020/audio/T30/task1/team30_intra-TEM1_SEM2_E30003.wav,1,VCC2020_T30,
val,__hf__,0,librispeech,16763
val,/lambda/nfs/algovirginia/workspace/DeepfakeDetectionRenewed/data/wavefake/generated_audio/ljspeech_full_band_melgan/LJ037-0039_gen.wav,1,ljspeech_full_band_melgan,
val,/lambda/nfs/algovirginia/workspace/DeepfakeDetectionRenewed/data/wavefake/generated_audio/common_voices_prompts_from_conformer_fastspeech2_pwg_ljspeech/gen_8855.wav,1,common_voices_prompts_from_conformer_fastspeech2_pwg_ljspeech,
val,__hf__,0,librispeech,7222
val,/lambda/nfs/algovirginia/workspace/DeepfakeDetectionRenewed/data/vcc2020/audio/T23/task1/team23_intra-TEM1_SEF1_E30004.wav,1,VCC2020_T23,
val,__hf__,0,librispeech,21133
val,__hf__,0,librispeech,11260
val,/lambda/nfs/algovirginia/workspace/DeepfakeDetectionRenewed/data/wavefake/generated_audio/ljspeech_parallel_wavegan/LJ034-0147_gen.wav,1,ljspeech_parallel_wavegan,
val,__hf__,0,librispeech,5501
val,/lambda/nfs/algovirginia/workspace/DeepfakeDetectionRenewed/data/wavefake/generated_audio/ljspeech_parallel_wavegan/LJ012-0088_gen.wav,1,ljspeech_parallel_wavegan,
val,__hf__,0,librispeech,2247
val,__hf__,0,librispeech,27229
val,__hf__,0,librispeech,10276
val,/lambda/nfs/algovirginia/workspace/DeepfakeDetectionRenewed/data/vcc2020/audio/T01/task1/team01_intra-TEF2_SEF1_E30004.wav,1,VCC2020_T01,
val,/lambda/nfs/algovirginia/workspace/DeepfakeDetectionRenewed/data/vcc2020/audio/T21/task1/team21_intra-TEM1_SEF2_E30003.wav,1,VCC2020_T21,
val,/lambda/nfs/algovirginia/workspace/DeepfakeDetectionRenewed/data/vcc2020/audio/T08/task1/team08_intra-TEF1_SEM2_E30004.wav,1,VCC2020_T08,
val,__hf__,0,librispeech,15907
val,__hf__,0,librispeech,22730
val,__hf__,0,librispeech,26278
val,__hf__,0,librispeech,1552
val,/lambda/nfs/algovirginia/workspace/DeepfakeDetectionRenewed/data/wavefake/generated_audio/common_voices_prompts_from_conformer_fastspeech2_pwg_ljspeech/gen_8640.wav,1,common_voices_prompts_from_conformer_fastspeech2_pwg_ljspeech,
val,__hf__,0,librispeech,25115
val,/lambda/nfs/algovirginia/workspace/DeepfakeDetectionRenewed/data/vcc2020/audio/T32/task1/team32_intra-TEM2_SEM1_E30001.wav,1,VCC2020_T32,
val,__hf__,0,librispeech,26133
val,/lambda/nfs/algovirginia/workspace/DeepfakeDetectionRenewed/data/vcc2020/audio/T18/task1/team18_intra-TEF1_SEF1_E30004.wav,1,VCC2020_T18,
val,__hf__,0,librispeech,20495
val,__hf__,0,librispeech,16177
val,/lambda/nfs/algovirginia/workspace/DeepfakeDetectionRenewed/data/wavefake/generated_audio/common_voices_prompts_from_conformer_fastspeech2_pwg_ljspeech/gen_6600.wav,1,common_voices_prompts_from_conformer_fastspeech2_pwg_ljspeech,
val,__hf__,0,librispeech,6205
val,__hf__,0,librispeech,10170
val,/lambda/nfs/algovirginia/workspace/DeepfakeDetectionRenewed/data/wavefake/generated_audio/ljspeech_full_band_melgan/LJ008-0318_gen.wav,1,ljspeech_full_band_melgan,
val,/lambda/nfs/algovirginia/workspace/DeepfakeDetectionRenewed/data/vcc2020/audio/T27/task1/team27_intra-TEM2_SEF1_E30005.wav,1,VCC2020_T27,
val,/lambda/nfs/algovirginia/workspace/DeepfakeDetectionRenewed/data/wavefake/generated_audio/common_voices_prompts_from_conformer_fastspeech2_pwg_ljspeech/gen_1970.wav,1,common_voices_prompts_from_conformer_fastspeech2_pwg_ljspeech,
val,/lambda/nfs/algovirginia/workspace/DeepfakeDetectionRenewed/data/wavefake/generated_audio/ljspeech_full_band_melgan/LJ035-0051_gen.wav,1,ljspeech_full_band_melgan,
val,/lambda/nfs/algovirginia/workspace/DeepfakeDetectionRenewed/data/vcc2020/audio/T14/task1/team14_intra-TEF1_SEM2_E30003.wav,1,VCC2020_T14,
val,__hf__,0,librispeech,2210
val,__hf__,0,librispeech,5357
val,__hf__,0,librispeech,9659
val,__hf__,0,librispeech,2669
val,__hf__,0,librispeech,26442
val,/lambda/nfs/algovirginia/workspace/DeepfakeDetectionRenewed/data/wavefake/generated_audio/ljspeech_parallel_wavegan/LJ009-0041_gen.wav,1,ljspeech_parallel_wavegan,
val,/lambda/nfs/algovirginia/workspace/DeepfakeDetectionRenewed/data/wavefake/generated_audio/ljspeech_full_band_melgan/LJ022-0118_gen.wav,1,ljspeech_full_band_melgan,
val,/lambda/nfs/algovirginia/workspace/DeepfakeDetectionRenewed/data/vcc2020/audio/T02/task1/team02_intra-TEM1_SEM2_E30005.wav,1,VCC2020_T02,
val,__hf__,0,librispeech,21837
val,/lambda/nfs/algovirginia/workspace/DeepfakeDetectionRenewed/data/vcc2020/audio/T03/task1/team03_intra-TEF1_SEF2_E30004.wav,1,VCC2020_T03,
val,/lambda/nfs/algovirginia/workspace/DeepfakeDetectionRenewed/data/wavefake/generated_audio/ljspeech_hifiGAN/LJ018-0207_generated.wav,1,ljspeech_hifiGAN,
val,__hf__,0,librispeech,10714
val,__hf__,0,librispeech,9627
val,__hf__,0,librispeech,4728
val,__hf__,0,librispeech,5303
val,/lambda/nfs/algovirginia/workspace/DeepfakeDetectionRenewed/data/vcc2020/audio/T33/task1/team33_intra-TEM2_SEF1_E30003.wav,1,VCC2020_T33,
val,/lambda/nfs/algovirginia/workspace/DeepfakeDetectionRenewed/data/wavefake/generated_audio/ljspeech_parallel_wavegan/LJ038-0125_gen.wav,1,ljspeech_parallel_wavegan,
val,__hf__,0,librispeech,10804
val,__hf__,0,librispeech,13496
val,__hf__,0,librispeech,9339
val,/lambda/nfs/algovirginia/workspace/DeepfakeDetectionRenewed/data/wavefake/generated_audio/ljspeech_hifiGAN/LJ027-0079_generated.wav,1,ljspeech_hifiGAN,
val,__hf__,0,librispeech,881
val,__hf__,0,librispeech,24108
val,__hf__,0,librispeech,8267
val,/lambda/nfs/algovirginia/workspace/DeepfakeDetectionRenewed/data/wavefake/generated_audio/ljspeech_parallel_wavegan/LJ011-0175_gen.wav,1,ljspeech_parallel_wavegan,
val,__hf__,0,librispeech,17056
val,/lambda/nfs/algovirginia/workspace/DeepfakeDetectionRenewed/data/wavefake/generated_audio/ljspeech_full_band_melgan/LJ010-0006_gen.wav,1,ljspeech_full_band_melgan,
val,__hf__,0,librispeech,545
val,__hf__,0,librispeech,20716
val,/lambda/nfs/algovirginia/workspace/DeepfakeDetectionRenewed/data/vcc2020/audio/T19/task1/team19_intra-TEM2_SEM2_E30004.wav,1,VCC2020_T19,
val,__hf__,0,librispeech,26629
val,/lambda/nfs/algovirginia/workspace/DeepfakeDetectionRenewed/data/vcc2020/audio/T13/task1/team13_intra-TEM2_SEF2_E30002.wav,1,VCC2020_T13,
val,/lambda/nfs/algovirginia/workspace/DeepfakeDetectionRenewed/data/vcc2020/audio/T24/task1/team24_intra-TEM2_SEM1_E30005.wav,1,VCC2020_T24,
val,/lambda/nfs/algovirginia/workspace/DeepfakeDetectionRenewed/data/wavefake/generated_audio/ljspeech_hifiGAN/LJ017-0257_generated.wav,1,ljspeech_hifiGAN,
val,/lambda/nfs/algovirginia/workspace/DeepfakeDetectionRenewed/data/wavefake/generated_audio/ljspeech_parallel_wavegan/LJ048-0284_gen.wav,1,ljspeech_parallel_wavegan,
val,/lambda/nfs/algovirginia/workspace/DeepfakeDetectionRenewed/data/vcc2020/audio/T26/task1/team26_intra-TEF1_SEM1_E30001.wav,1,VCC2020_T26,
val,__hf__,0,librispeech,5763
val,__hf__,0,librispeech,14441
val,/lambda/nfs/algovirginia/workspace/DeepfakeDetectionRenewed/data/wavefake/generated_audio/common_voices_prompts_from_conformer_fastspeech2_pwg_ljspeech/gen_11777.wav,1,common_voices_prompts_from_conformer_fastspeech2_pwg_ljspeech,
val,/lambda/nfs/algovirginia/workspace/DeepfakeDetectionRenewed/data/vcc2020/audio/T01/task1/team01_intra-TEM2_SEF2_E30002.wav,1,VCC2020_T01,
val,/lambda/nfs/algovirginia/workspace/DeepfakeDetectionRenewed/data/wavefake/generated_audio/common_voices_prompts_from_conformer_fastspeech2_pwg_ljspeech/gen_2624.wav,1,common_voices_prompts_from_conformer_fastspeech2_pwg_ljspeech,
val,/lambda/nfs/algovirginia/workspace/DeepfakeDetectionRenewed/data/vcc2020/audio/T04/task1/team04_intra-TEF2_SEF1_E30002.wav,1,VCC2020_T04,
val,__hf__,0,librispeech,5106
val,/lambda/nfs/algovirginia/workspace/DeepfakeDetectionRenewed/data/vcc2020/audio/T30/task1/team30_intra-TEM1_SEM2_E30005.wav,1,VCC2020_T30,
val,__hf__,0,librispeech,16105
val,__hf__,0,librispeech,22831
val,/lambda/nfs/algovirginia/workspace/DeepfakeDetectionRenewed/data/wavefake/generated_audio/common_voices_prompts_from_conformer_fastspeech2_pwg_ljspeech/gen_12277.wav,1,common_voices_prompts_from_conformer_fastspeech2_pwg_ljspeech,
val,/lambda/nfs/algovirginia/workspace/DeepfakeDetectionRenewed/data/wavefake/generated_audio/ljspeech_parallel_wavegan/LJ037-0036_gen.wav,1,ljspeech_parallel_wavegan,
val,/lambda/nfs/algovirginia/workspace/DeepfakeDetectionRenewed/data/wavefake/generated_audio/common_voices_prompts_from_conformer_fastspeech2_pwg_ljspeech/gen_9446.wav,1,common_voices_prompts_from_conformer_fastspeech2_pwg_ljspeech,
val,__hf__,0,librispeech,12976
val,__hf__,0,librispeech,26732
val,__hf__,0,librispeech,23019
val,__hf__,0,librispeech,13049
val,__hf__,0,librispeech,25939
val,/lambda/nfs/algovirginia/workspace/DeepfakeDetectionRenewed/data/wavefake/generated_audio/ljspeech_full_band_melgan/LJ045-0029_gen.wav,1,ljspeech_full_band_melgan,
val,/lambda/nfs/algovirginia/workspace/DeepfakeDetectionRenewed/data/wavefake/generated_audio/ljspeech_parallel_wavegan/LJ037-0051_gen.wav,1,ljspeech_parallel_wavegan,
val,__hf__,0,librispeech,6099
val,/lambda/nfs/algovirginia/workspace/DeepfakeDetectionRenewed/data/vcc2020/audio/T08/task1/team08_intra-TEM2_SEF2_E30001.wav,1,VCC2020_T08,
val,/lambda/nfs/algovirginia/workspace/DeepfakeDetectionRenewed/data/vcc2020/audio/T03/task1/team03_intra-TEF1_SEF1_E30002.wav,1,VCC2020_T03,
val,/lambda/nfs/algovirginia/workspace/DeepfakeDetectionRenewed/data/vcc2020/audio/T19/task1/team19_intra-TEF1_SEM1_E30003.wav,1,VCC2020_T19,
val,/lambda/nfs/algovirginia/workspace/DeepfakeDetectionRenewed/data/vcc2020/audio/T17/task1/team17_intra-TEF2_SEF1_E30003.wav,1,VCC2020_T17,
val,/lambda/nfs/algovirginia/workspace/DeepfakeDetectionRenewed/data/vcc2020/audio/T06/task1/team06_intra-TEM1_SEF2_E30001.wav,1,VCC2020_T06,
val,__hf__,0,librispeech,27716
val,/lambda/nfs/algovirginia/workspace/DeepfakeDetectionRenewed/data/wavefake/generated_audio/common_voices_prompts_from_conformer_fastspeech2_pwg_ljspeech/gen_8838.wav,1,common_voices_prompts_from_conformer_fastspeech2_pwg_ljspeech,
val,__hf__,0,librispeech,23009
val,/lambda/nfs/algovirginia/workspace/DeepfakeDetectionRenewed/data/vcc2020/audio/T29/task1/team29_intra-TEF1_SEM1_E30003.wav,1,VCC2020_T29,
val,/lambda/nfs/algovirginia/workspace/DeepfakeDetectionRenewed/data/wavefake/generated_audio/ljspeech_full_band_melgan/LJ017-0049_gen.wav,1,ljspeech_full_band_melgan,
val,/lambda/nfs/algovirginia/workspace/DeepfakeDetectionRenewed/data/vcc2020/audio/T22/task1/team22_intra-TEM1_SEM1_E30001.wav,1,VCC2020_T22,
val,__hf__,0,librispeech,8916
val,__hf__,0,librispeech,24774
val,__hf__,0,librispeech,7901
val,/lambda/nfs/algovirginia/workspace/DeepfakeDetectionRenewed/data/vcc2020/audio/T10/task1/team10_intra-TEF2_SEF1_E30005.wav,1,VCC2020_T10,
val,/lambda/nfs/algovirginia/workspace/DeepfakeDetectionRenewed/data/vcc2020/audio/T21/task1/team21_intra-TEF2_SEM2_E30002.wav,1,VCC2020_T21,
val,/lambda/nfs/algovirginia/workspace/DeepfakeDetectionRenewed/data/wavefake/generated_audio/ljspeech_parallel_wavegan/LJ038-0228_gen.wav,1,ljspeech_parallel_wavegan,
val,__hf__,0,librispeech,7951
val,/lambda/nfs/algovirginia/workspace/DeepfakeDetectionRenewed/data/vcc2020/audio/T33/task1/team33_intra-TEF1_SEF2_E30005.wav,1,VCC2020_T33,
val,/lambda/nfs/algovirginia/workspace/DeepfakeDetectionRenewed/data/vcc2020/audio/T11/task1/team11_intra-TEM2_SEM1_E30002.wav,1,VCC2020_T11,
val,/lambda/nfs/algovirginia/workspace/DeepfakeDetectionRenewed/data/wavefake/generated_audio/ljspeech_full_band_melgan/LJ043-0036_gen.wav,1,ljspeech_full_band_melgan,
val,/lambda/nfs/algovirginia/workspace/DeepfakeDetectionRenewed/data/vcc2020/audio/T30/task1/team30_intra-TEM2_SEM2_E30001.wav,1,VCC2020_T30,
val,__hf__,0,librispeech,5671
val,/lambda/nfs/algovirginia/workspace/DeepfakeDetectionRenewed/data/wavefake/generated_audio/ljspeech_hifiGAN/LJ031-0018_generated.wav,1,ljspeech_hifiGAN,
val,/lambda/nfs/algovirginia/workspace/DeepfakeDetectionRenewed/data/vcc2020/audio/T33/task1/team33_intra-TEM1_SEM1_E30003.wav,1,VCC2020_T33,
val,__hf__,0,librispeech,17952
val,__hf__,0,librispeech,2838
val,__hf__,0,librispeech,24980
val,/lambda/nfs/algovirginia/workspace/DeepfakeDetectionRenewed/data/vcc2020/audio/T24/task1/team24_intra-TEF1_SEF1_E30001.wav,1,VCC2020_T24,
val,__hf__,0,librispeech,18542
val,/lambda/nfs/algovirginia/workspace/DeepfakeDetectionRenewed/data/vcc2020/audio/T14/task1/team14_intra-TEM2_SEM1_E30005.wav,1,VCC2020_T14,
val,/lambda/nfs/algovirginia/workspace/DeepfakeDetectionRenewed/data/wavefake/generated_audio/ljspeech_parallel_wavegan/LJ049-0032_gen.wav,1,ljspeech_parallel_wavegan,
val,/lambda/nfs/algovirginia/workspace/DeepfakeDetectionRenewed/data/vcc2020/audio/T02/task1/team02_intra-TEF2_SEF1_E30004.wav,1,VCC2020_T02,
val,/lambda/nfs/algovirginia/workspace/DeepfakeDetectionRenewed/data/vcc2020/audio/T13/task1/team13_intra-TEM1_SEM2_E30001.wav,1,VCC2020_T13,
val,/lambda/nfs/algovirginia/workspace/DeepfakeDetectionRenewed/data/wavefake/generated_audio/ljspeech_full_band_melgan/LJ006-0071_gen.wav,1,ljspeech_full_band_melgan,
val,/lambda/nfs/algovirginia/workspace/DeepfakeDetectionRenewed/data/vcc2020/audio/T21/task1/team21_intra-TEM1_SEM1_E30002.wav,1,VCC2020_T21,
val,__hf__,0,librispeech,21556
val,/lambda/nfs/algovirginia/workspace/DeepfakeDetectionRenewed/data/vcc2020/audio/T12/task1/team12_intra-TEM2_SEF2_E30003.wav,1,VCC2020_T12,
val,__hf__,0,librispeech,13805
val,__hf__,0,librispeech,24508
val,/lambda/nfs/algovirginia/workspace/DeepfakeDetectionRenewed/data/wavefake/generated_audio/ljspeech_parallel_wavegan/LJ012-0181_gen.wav,1,ljspeech_parallel_wavegan,
val,/lambda/nfs/algovirginia/workspace/DeepfakeDetectionRenewed/data/vcc2020/audio/T24/task1/team24_intra-TEM1_SEM2_E30002.wav,1,VCC2020_T24,
val,__hf__,0,librispeech,11343
val,/lambda/nfs/algovirginia/workspace/DeepfakeDetectionRenewed/data/vcc2020/audio/T04/task1/team04_intra-TEF2_SEM2_E30001.wav,1,VCC2020_T04,
val,__hf__,0,librispeech,10722
val,/lambda/nfs/algovirginia/workspace/DeepfakeDetectionRenewed/data/vcc2020/audio/T02/task1/team02_intra-TEF1_SEM2_E30004.wav,1,VCC2020_T02,
val,/lambda/nfs/algovirginia/workspace/DeepfakeDetectionRenewed/data/vcc2020/audio/T19/task1/team19_intra-TEF2_SEF1_E30003.wav,1,VCC2020_T19,
val,__hf__,0,librispeech,22105
val,/lambda/nfs/algovirginia/workspace/DeepfakeDetectionRenewed/data/vcc2020/audio/T25/task1/team25_intra-TEM1_SEM2_E30004.wav,1,VCC2020_T25,
val,__hf__,0,librispeech,28493
val,/lambda/nfs/algovirginia/workspace/DeepfakeDetectionRenewed/data/vcc2020/audio/T01/task1/team01_intra-TEM1_SEF2_E30002.wav,1,VCC2020_T01,
val,/lambda/nfs/algovirginia/workspace/DeepfakeDetectionRenewed/data/vcc2020/audio/T30/task1/team30_intra-TEF1_SEF1_E30004.wav,1,VCC2020_T30,
val,__hf__,0,librispeech,2910
val,__hf__,0,librispeech,15279
val,/lambda/nfs/algovirginia/workspace/DeepfakeDetectionRenewed/data/vcc2020/audio/T28/task1/team28_intra-TEM1_SEM2_E30002.wav,1,VCC2020_T28,
val,/lambda/nfs/algovirginia/workspace/DeepfakeDetectionRenewed/data/wavefake/generated_audio/ljspeech_parallel_wavegan/LJ049-0159_gen.wav,1,ljspeech_parallel_wavegan,
val,/lambda/nfs/algovirginia/workspace/DeepfakeDetectionRenewed/data/vcc2020/audio/T25/task1/team25_intra-TEM2_SEM1_E30005.wav,1,VCC2020_T25,
val,/lambda/nfs/algovirginia/workspace/DeepfakeDetectionRenewed/data/wavefake/generated_audio/ljspeech_parallel_wavegan/LJ014-0340_gen.wav,1,ljspeech_parallel_wavegan,
val,/lambda/nfs/algovirginia/workspace/DeepfakeDetectionRenewed/data/vcc2020/audio/T01/task1/team01_intra-TEM1_SEF1_E30004.wav,1,VCC2020_T01,
val,__hf__,0,librispeech,19636
val,__hf__,0,librispeech,21485
val,__hf__,0,librispeech,21449
val,__hf__,0,librispeech,15917
val,__hf__,0,librispeech,15573
val,__hf__,0,librispeech,516
val,__hf__,0,librispeech,12608
val,/lambda/nfs/algovirginia/workspace/DeepfakeDetectionRenewed/data/wavefake/generated_audio/common_voices_prompts_from_conformer_fastspeech2_pwg_ljspeech/gen_5521.wav,1,common_voices_prompts_from_conformer_fastspeech2_pwg_ljspeech,
val,/lambda/nfs/algovirginia/workspace/DeepfakeDetectionRenewed/data/vcc2020/audio/T12/task1/team12_intra-TEM1_SEF2_E30003.wav,1,VCC2020_T12,
val,/lambda/nfs/algovirginia/workspace/DeepfakeDetectionRenewed/data/wavefake/generated_audio/ljspeech_full_band_melgan/LJ038-0305_gen.wav,1,ljspeech_full_band_melgan,
val,__hf__,0,librispeech,28273
val,__hf__,0,librispeech,3074
val,/lambda/nfs/algovirginia/workspace/DeepfakeDetectionRenewed/data/wavefake/generated_audio/ljspeech_hifiGAN/LJ024-0094_generated.wav,1,ljspeech_hifiGAN,
val,__hf__,0,librispeech,12722
val,/lambda/nfs/algovirginia/workspace/DeepfakeDetectionRenewed/data/wavefake/generated_audio/ljspeech_full_band_melgan/LJ004-0003_gen.wav,1,ljspeech_full_band_melgan,
val,__hf__,0,librispeech,8604
val,/lambda/nfs/algovirginia/workspace/DeepfakeDetectionRenewed/data/wavefake/generated_audio/ljspeech_full_band_melgan/LJ030-0126_gen.wav,1,ljspeech_full_band_melgan,
val,__hf__,0,librispeech,11626
val,/lambda/nfs/algovirginia/workspace/DeepfakeDetectionRenewed/data/vcc2020/audio/T19/task1/team19_intra-TEM1_SEM1_E30001.wav,1,VCC2020_T19,
val,__hf__,0,librispeech,3842
val,__hf__,0,librispeech,1640
val,/lambda/nfs/algovirginia/workspace/DeepfakeDetectionRenewed/data/vcc2020/audio/T25/task1/team25_intra-TEM1_SEM1_E30002.wav,1,VCC2020_T25,
val,/lambda/nfs/algovirginia/workspace/DeepfakeDetectionRenewed/data/vcc2020/audio/T26/task1/team26_intra-TEF1_SEF2_E30004.wav,1,VCC2020_T26,
val,__hf__,0,librispeech,1012
val,__hf__,0,librispeech,1792
val,/lambda/nfs/algovirginia/workspace/DeepfakeDetectionRenewed/data/wavefake/generated_audio/ljspeech_parallel_wavegan/LJ009-0031_gen.wav,1,ljspeech_parallel_wavegan,
val,__hf__,0,librispeech,25683
val,__hf__,0,librispeech,13916
val,/lambda/nfs/algovirginia/workspace/DeepfakeDetectionRenewed/data/wavefake/generated_audio/ljspeech_full_band_melgan/LJ002-0015_gen.wav,1,ljspeech_full_band_melgan,
val,/lambda/nfs/algovirginia/workspace/DeepfakeDetectionRenewed/data/vcc2020/audio/T16/task1/team16_intra-TEF2_SEF1_E30002.wav,1,VCC2020_T16,
val,__hf__,0,librispeech,2680
val,/lambda/nfs/algovirginia/workspace/DeepfakeDetectionRenewed/data/wavefake/generated_audio/ljspeech_hifiGAN/LJ012-0263_generated.wav,1,ljspeech_hifiGAN,
val,__hf__,0,librispeech,20380
val,__hf__,0,librispeech,19609
val,/lambda/nfs/algovirginia/workspace/DeepfakeDetectionRenewed/data/vcc2020/audio/T09/task1/team09_intra-TEF2_SEF1_E30003.wav,1,VCC2020_T09,
val,__hf__,0,librispeech,372
val,/lambda/nfs/algovirginia/workspace/DeepfakeDetectionRenewed/data/wavefake/generated_audio/ljspeech_full_band_melgan/LJ036-0087_gen.wav,1,ljspeech_full_band_melgan,
val,__hf__,0,librispeech,13205
val,__hf__,0,librispeech,9695
val,/lambda/nfs/algovirginia/workspace/DeepfakeDetectionRenewed/data/vcc2020/audio/T33/task1/team33_intra-TEF1_SEM2_E30002.wav,1,VCC2020_T33,
val,__hf__,0,librispeech,21452
val,/lambda/nfs/algovirginia/workspace/DeepfakeDetectionRenewed/data/wavefake/generated_audio/ljspeech_hifiGAN/LJ024-0018_generated.wav,1,ljspeech_hifiGAN,
val,__hf__,0,librispeech,16150
val,__hf__,0,librispeech,24799
val,__hf__,0,librispeech,3944
val,/lambda/nfs/algovirginia/workspace/DeepfakeDetectionRenewed/data/wavefake/generated_audio/ljspeech_full_band_melgan/LJ006-0079_gen.wav,1,ljspeech_full_band_melgan,
val,__hf__,0,librispeech,27471
val,__hf__,0,librispeech,19709
val,/lambda/nfs/algovirginia/workspace/DeepfakeDetectionRenewed/data/vcc2020/audio/T29/task1/team29_intra-TEF1_SEF1_E30005.wav,1,VCC2020_T29,
val,/lambda/nfs/algovirginia/workspace/DeepfakeDetectionRenewed/data/wavefake/generated_audio/common_voices_prompts_from_conformer_fastspeech2_pwg_ljspeech/gen_12007.wav,1,common_voices_prompts_from_conformer_fastspeech2_pwg_ljspeech,
val,__hf__,0,librispeech,16456
val,/lambda/nfs/algovirginia/workspace/DeepfakeDetectionRenewed/data/vcc2020/audio/T08/task1/team08_intra-TEM1_SEM1_E30001.wav,1,VCC2020_T08,
val,__hf__,0,librispeech,28142
val,/lambda/nfs/algovirginia/workspace/DeepfakeDetectionRenewed/data/vcc2020/audio/T26/task1/team26_intra-TEM2_SEF1_E30004.wav,1,VCC2020_T26,
val,__hf__,0,librispeech,13688
val,__hf__,0,librispeech,9280
val,/lambda/nfs/algovirginia/workspace/DeepfakeDetectionRenewed/data/vcc2020/audio/T09/task1/team09_intra-TEM2_SEM1_E30005.wav,1,VCC2020_T09,
val,__hf__,0,librispeech,14477
val,__hf__,0,librispeech,22727
val,__hf__,0,librispeech,1744
val,/lambda/nfs/algovirginia/workspace/DeepfakeDetectionRenewed/data/wavefake/generated_audio/common_voices_prompts_from_conformer_fastspeech2_pwg_ljspeech/gen_1835.wav,1,common_voices_prompts_from_conformer_fastspeech2_pwg_ljspeech,
val,/lambda/nfs/algovirginia/workspace/DeepfakeDetectionRenewed/data/wavefake/generated_audio/ljspeech_parallel_wavegan/LJ040-0103_gen.wav,1,ljspeech_parallel_wavegan,
val,/lambda/nfs/algovirginia/workspace/DeepfakeDetectionRenewed/data/vcc2020/audio/T27/task1/team27_intra-TEF1_SEM2_E30002.wav,1,VCC2020_T27,
val,/lambda/nfs/algovirginia/workspace/DeepfakeDetectionRenewed/data/vcc2020/audio/T17/task1/team17_intra-TEF1_SEM1_E30005.wav,1,VCC2020_T17,
val,/lambda/nfs/algovirginia/workspace/DeepfakeDetectionRenewed/data/vcc2020/audio/T23/task1/team23_intra-TEF2_SEM2_E30001.wav,1,VCC2020_T23,
val,/lambda/nfs/algovirginia/workspace/DeepfakeDetectionRenewed/data/vcc2020/audio/T09/task1/team09_intra-TEM2_SEM1_E30002.wav,1,VCC2020_T09,
val,/lambda/nfs/algovirginia/workspace/DeepfakeDetectionRenewed/data/vcc2020/audio/T02/task1/team02_intra-TEM1_SEF2_E30005.wav,1,VCC2020_T02,
val,/lambda/nfs/algovirginia/workspace/DeepfakeDetectionRenewed/data/wavefake/generated_audio/ljspeech_hifiGAN/LJ017-0244_generated.wav,1,ljspeech_hifiGAN,
val,__hf__,0,librispeech,21189
val,__hf__,0,librispeech,15155
val,__hf__,0,librispeech,13789
val,__hf__,0,librispeech,23449
val,/lambda/nfs/algovirginia/workspace/DeepfakeDetectionRenewed/data/vcc2020/audio/T32/task1/team32_intra-TEF1_SEF1_E30003.wav,1,VCC2020_T32,
val,/lambda/nfs/algovirginia/workspace/DeepfakeDetectionRenewed/data/wavefake/generated_audio/ljspeech_hifiGAN/LJ002-0242_generated.wav,1,ljspeech_hifiGAN,
val,/lambda/nfs/algovirginia/workspace/DeepfakeDetectionRenewed/data/wavefake/generated_audio/ljspeech_parallel_wavegan/LJ014-0267_gen.wav,1,ljspeech_parallel_wavegan,
val,__hf__,0,librispeech,18023
val,/lambda/nfs/algovirginia/workspace/DeepfakeDetectionRenewed/data/vcc2020/audio/T13/task1/team13_intra-TEM2_SEF2_E30001.wav,1,VCC2020_T13,
val,__hf__,0,librispeech,28519
val,__hf__,0,librispeech,16602
val,__hf__,0,librispeech,20385
val,/lambda/nfs/algovirginia/workspace/DeepfakeDetectionRenewed/data/wavefake/generated_audio/common_voices_prompts_from_conformer_fastspeech2_pwg_ljspeech/gen_7053.wav,1,common_voices_prompts_from_conformer_fastspeech2_pwg_ljspeech,
val,/lambda/nfs/algovirginia/workspace/DeepfakeDetectionRenewed/data/vcc2020/audio/T29/task1/team29_intra-TEF2_SEM1_E30005.wav,1,VCC2020_T29,
val,/lambda/nfs/algovirginia/workspace/DeepfakeDetectionRenewed/data/wavefake/generated_audio/ljspeech_parallel_wavegan/LJ034-0171_gen.wav,1,ljspeech_parallel_wavegan,
val,__hf__,0,librispeech,11351
val,__hf__,0,librispeech,249
val,/lambda/nfs/algovirginia/workspace/DeepfakeDetectionRenewed/data/wavefake/generated_audio/ljspeech_hifiGAN/LJ016-0060_generated.wav,1,ljspeech_hifiGAN,
val,/lambda/nfs/algovirginia/workspace/DeepfakeDetectionRenewed/data/vcc2020/audio/T21/task1/team21_intra-TEF1_SEM2_E30003.wav,1,VCC2020_T21,
val,__hf__,0,librispeech,1013
val,__hf__,0,librispeech,21332
val,/lambda/nfs/algovirginia/workspace/DeepfakeDetectionRenewed/data/wavefake/generated_audio/common_voices_prompts_from_conformer_fastspeech2_pwg_ljspeech/gen_11236.wav,1,common_voices_prompts_from_conformer_fastspeech2_pwg_ljspeech,
val,/lambda/nfs/algovirginia/workspace/DeepfakeDetectionRenewed/data/vcc2020/audio/T16/task1/team16_intra-TEM1_SEM1_E30004.wav,1,VCC2020_T16,
val,__hf__,0,librispeech,26253
val,/lambda/nfs/algovirginia/workspace/DeepfakeDetectionRenewed/data/vcc2020/audio/T16/task1/team16_intra-TEM2_SEF2_E30002.wav,1,VCC2020_T16,
val,/lambda/nfs/algovirginia/workspace/DeepfakeDetectionRenewed/data/vcc2020/audio/T31/task1/team31_intra-TEF2_SEM2_E30001.wav,1,VCC2020_T31,
val,/lambda/nfs/algovirginia/workspace/DeepfakeDetectionRenewed/data/vcc2020/audio/T11/task1/team11_intra-TEM1_SEF1_E30002.wav,1,VCC2020_T11,
val,__hf__,0,librispeech,13074
val,__hf__,0,librispeech,26148
val,/lambda/nfs/algovirginia/workspace/DeepfakeDetectionRenewed/data/wavefake/generated_audio/common_voices_prompts_from_conformer_fastspeech2_pwg_ljspeech/gen_11222.wav,1,common_voices_prompts_from_conformer_fastspeech2_pwg_ljspeech,
val,/lambda/nfs/algovirginia/workspace/DeepfakeDetectionRenewed/data/wavefake/generated_audio/common_voices_prompts_from_conformer_fastspeech2_pwg_ljspeech/gen_7425.wav,1,common_voices_prompts_from_conformer_fastspeech2_pwg_ljspeech,
val,__hf__,0,librispeech,13167
val,/lambda/nfs/algovirginia/workspace/DeepfakeDetectionRenewed/data/vcc2020/audio/T06/task1/team06_intra-TEF2_SEM2_E30004.wav,1,VCC2020_T06,
val,__hf__,0,librispeech,2260
val,/lambda/nfs/algovirginia/workspace/DeepfakeDetectionRenewed/data/vcc2020/audio/T23/task1/team23_intra-TEM1_SEM1_E30004.wav,1,VCC2020_T23,
val,__hf__,0,librispeech,18863
val,/lambda/nfs/algovirginia/workspace/DeepfakeDetectionRenewed/data/wavefake/generated_audio/common_voices_prompts_from_conformer_fastspeech2_pwg_ljspeech/gen_10710.wav,1,common_voices_prompts_from_conformer_fastspeech2_pwg_ljspeech,
val,__hf__,0,librispeech,14709
val,/lambda/nfs/algovirginia/workspace/DeepfakeDetectionRenewed/data/vcc2020/audio/T24/task1/team24_intra-TEF2_SEF1_E30003.wav,1,VCC2020_T24,
val,/lambda/nfs/algovirginia/workspace/DeepfakeDetectionRenewed/data/wavefake/generated_audio/ljspeech_parallel_wavegan/LJ015-0285_gen.wav,1,ljspeech_parallel_wavegan,
val,__hf__,0,librispeech,8472
val,__hf__,0,librispeech,16554
val,__hf__,0,librispeech,19878
val,/lambda/nfs/algovirginia/workspace/DeepfakeDetectionRenewed/data/wavefake/generated_audio/common_voices_prompts_from_conformer_fastspeech2_pwg_ljspeech/gen_15986.wav,1,common_voices_prompts_from_conformer_fastspeech2_pwg_ljspeech,
val,__hf__,0,librispeech,20542
val,/lambda/nfs/algovirginia/workspace/DeepfakeDetectionRenewed/data/vcc2020/audio/T33/task1/team33_intra-TEF2_SEM2_E30005.wav,1,VCC2020_T33,
val,__hf__,0,librispeech,8985
val,/lambda/nfs/algovirginia/workspace/DeepfakeDetectionRenewed/data/vcc2020/audio/T08/task1/team08_intra-TEF1_SEM2_E30005.wav,1,VCC2020_T08,
val,/lambda/nfs/algovirginia/workspace/DeepfakeDetectionRenewed/data/vcc2020/audio/T12/task1/team12_intra-TEF1_SEF2_E30004.wav,1,VCC2020_T12,
val,__hf__,0,librispeech,22733
val,/lambda/nfs/algovirginia/workspace/DeepfakeDetectionRenewed/data/wavefake/generated_audio/ljspeech_parallel_wavegan/LJ001-0162_gen.wav,1,ljspeech_parallel_wavegan,
val,/lambda/nfs/algovirginia/workspace/DeepfakeDetectionRenewed/data/vcc2020/audio/T13/task1/team13_intra-TEM1_SEF1_E30001.wav,1,VCC2020_T13,
val,/lambda/nfs/algovirginia/workspace/DeepfakeDetectionRenewed/data/wavefake/generated_audio/ljspeech_full_band_melgan/LJ028-0287_gen.wav,1,ljspeech_full_band_melgan,
val,/lambda/nfs/algovirginia/workspace/DeepfakeDetectionRenewed/data/vcc2020/audio/T03/task1/team03_intra-TEF2_SEF1_E30005.wav,1,VCC2020_T03,
val,__hf__,0,librispeech,5616
val,__hf__,0,librispeech,15574
val,__hf__,0,librispeech,7447
val,__hf__,0,librispeech,12556
val,__hf__,0,librispeech,10461
val,/lambda/nfs/algovirginia/workspace/DeepfakeDetectionRenewed/data/wavefake/generated_audio/ljspeech_hifiGAN/LJ006-0298_generated.wav,1,ljspeech_hifiGAN,
val,__hf__,0,librispeech,15209
val,/lambda/nfs/algovirginia/workspace/DeepfakeDetectionRenewed/data/wavefake/generated_audio/ljspeech_hifiGAN/LJ046-0210_generated.wav,1,ljspeech_hifiGAN,
val,/lambda/nfs/algovirginia/workspace/DeepfakeDetectionRenewed/data/vcc2020/audio/T01/task1/team01_intra-TEM2_SEF1_E30001.wav,1,VCC2020_T01,
val,__hf__,0,librispeech,20389
val,__hf__,0,librispeech,9624
val,/lambda/nfs/algovirginia/workspace/DeepfakeDetectionRenewed/data/vcc2020/audio/T33/task1/team33_intra-TEF1_SEF1_E30003.wav,1,VCC2020_T33,
val,__hf__,0,librispeech,27076
val,/lambda/nfs/algovirginia/workspace/DeepfakeDetectionRenewed/data/wavefake/generated_audio/ljspeech_hifiGAN/LJ009-0276_generated.wav,1,ljspeech_hifiGAN,
val,/lambda/nfs/algovirginia/workspace/DeepfakeDetectionRenewed/data/vcc2020/audio/T24/task1/team24_intra-TEF1_SEM2_E30001.wav,1,VCC2020_T24,
val,__hf__,0,librispeech,12927
val,/lambda/nfs/algovirginia/workspace/DeepfakeDetectionRenewed/data/vcc2020/audio/T28/task1/team28_intra-TEM2_SEM2_E30005.wav,1,VCC2020_T28,
val,/lambda/nfs/algovirginia/workspace/DeepfakeDetectionRenewed/data/vcc2020/audio/T06/task1/team06_intra-TEF2_SEF1_E30002.wav,1,VCC2020_T06,
val,/lambda/nfs/algovirginia/workspace/DeepfakeDetectionRenewed/data/wavefake/generated_audio/common_voices_prompts_from_conformer_fastspeech2_pwg_ljspeech/gen_5233.wav,1,common_voices_prompts_from_conformer_fastspeech2_pwg_ljspeech,
val,__hf__,0,librispeech,25053
val,__hf__,0,librispeech,11992
val,/lambda/nfs/algovirginia/workspace/DeepfakeDetectionRenewed/data/wavefake/generated_audio/common_voices_prompts_from_conformer_fastspeech2_pwg_ljspeech/gen_4234.wav,1,common_voices_prompts_from_conformer_fastspeech2_pwg_ljspeech,
val,/lambda/nfs/algovirginia/workspace/DeepfakeDetectionRenewed/data/wavefake/generated_audio/ljspeech_parallel_wavegan/LJ035-0088_gen.wav,1,ljspeech_parallel_wavegan,
val,/lambda/nfs/algovirginia/workspace/DeepfakeDetectionRenewed/data/vcc2020/audio/T20/task1/team20_intra-TEF2_SEF2_E30004.wav,1,VCC2020_T20,
val,/lambda/nfs/algovirginia/workspace/DeepfakeDetectionRenewed/data/vcc2020/audio/T18/task1/team18_intra-TEM2_SEF1_E30002.wav,1,VCC2020_T18,
val,/lambda/nfs/algovirginia/workspace/DeepfakeDetectionRenewed/data/vcc2020/audio/T13/task1/team13_intra-TEM2_SEM2_E30003.wav,1,VCC2020_T13,
val,__hf__,0,librispeech,22517
val,__hf__,0,librispeech,9260
val,__hf__,0,librispeech,10266
val,__hf__,0,librispeech,19537
val,__hf__,0,librispeech,634
val,/lambda/nfs/algovirginia/workspace/DeepfakeDetectionRenewed/data/vcc2020/audio/T29/task1/team29_intra-TEF1_SEM1_E30002.wav,1,VCC2020_T29,
val,__hf__,0,librispeech,5347
val,__hf__,0,librispeech,5552
val,__hf__,0,librispeech,23972
val,__hf__,0,librispeech,23239
val,/lambda/nfs/algovirginia/workspace/DeepfakeDetectionRenewed/data/wavefake/generated_audio/ljspeech_parallel_wavegan/LJ019-0348_gen.wav,1,ljspeech_parallel_wavegan,
val,/lambda/nfs/algovirginia/workspace/DeepfakeDetectionRenewed/data/wavefake/generated_audio/ljspeech_hifiGAN/LJ039-0217_generated.wav,1,ljspeech_hifiGAN,
val,__hf__,0,librispeech,11817
val,/lambda/nfs/algovirginia/workspace/DeepfakeDetectionRenewed/data/wavefake/generated_audio/ljspeech_parallel_wavegan/LJ013-0143_gen.wav,1,ljspeech_parallel_wavegan,
val,/lambda/nfs/algovirginia/workspace/DeepfakeDetectionRenewed/data/vcc2020/audio/T07/task1/team07_intra-TEF2_SEF1_E30005.wav,1,VCC2020_T07,
val,/lambda/nfs/algovirginia/workspace/DeepfakeDetectionRenewed/data/wavefake/generated_audio/ljspeech_hifiGAN/LJ018-0332_generated.wav,1,ljspeech_hifiGAN,
val,__hf__,0,librispeech,25785
val,__hf__,0,librispeech,1324
val,/lambda/nfs/algovirginia/workspace/DeepfakeDetectionRenewed/data/vcc2020/audio/T22/task1/team22_intra-TEM1_SEF2_E30001.wav,1,VCC2020_T22,
val,__hf__,0,librispeech,16087
val,/lambda/nfs/algovirginia/workspace/DeepfakeDetectionRenewed/data/wavefake/generated_audio/ljspeech_parallel_wavegan/LJ048-0119_gen.wav,1,ljspeech_parallel_wavegan,
val,/lambda/nfs/algovirginia/workspace/DeepfakeDetectionRenewed/data/vcc2020/audio/T14/task1/team14_intra-TEF2_SEF2_E30005.wav,1,VCC2020_T14,
val,__hf__,0,librispeech,28139
val,__hf__,0,librispeech,18554
val,__hf__,0,librispeech,79
val,__hf__,0,librispeech,12779
val,/lambda/nfs/algovirginia/workspace/DeepfakeDetectionRenewed/data/wavefake/generated_audio/ljspeech_parallel_wavegan/LJ009-0272_gen.wav,1,ljspeech_parallel_wavegan,
val,__hf__,0,librispeech,18842
val,__hf__,0,librispeech,13537
val,__hf__,0,librispeech,11189
val,/lambda/nfs/algovirginia/workspace/DeepfakeDetectionRenewed/data/vcc2020/audio/T14/task1/team14_intra-TEM1_SEM2_E30002.wav,1,VCC2020_T14,
val,__hf__,0,librispeech,22518
val,/lambda/nfs/algovirginia/workspace/DeepfakeDetectionRenewed/data/vcc2020/audio/T31/task1/team31_intra-TEF2_SEM1_E30004.wav,1,VCC2020_T31,
val,/lambda/nfs/algovirginia/workspace/DeepfakeDetectionRenewed/data/vcc2020/audio/T06/task1/team06_intra-TEM2_SEM1_E30003.wav,1,VCC2020_T06,
val,/lambda/nfs/algovirginia/workspace/DeepfakeDetectionRenewed/data/vcc2020/audio/T17/task1/team17_intra-TEF2_SEF2_E30002.wav,1,VCC2020_T17,
val,/lambda/nfs/algovirginia/workspace/DeepfakeDetectionRenewed/data/vcc2020/audio/T28/task1/team28_intra-TEF2_SEM1_E30001.wav,1,VCC2020_T28,
val,/lambda/nfs/algovirginia/workspace/DeepfakeDetectionRenewed/data/vcc2020/audio/T18/task1/team18_intra-TEF2_SEM2_E30003.wav,1,VCC2020_T18,
val,__hf__,0,librispeech,7903
val,/lambda/nfs/algovirginia/workspace/DeepfakeDetectionRenewed/data/vcc2020/audio/T16/task1/team16_intra-TEF2_SEM2_E30002.wav,1,VCC2020_T16,
val,__hf__,0,librispeech,8549
val,/lambda/nfs/algovirginia/workspace/DeepfakeDetectionRenewed/data/vcc2020/audio/T19/task1/team19_intra-TEF1_SEF1_E30003.wav,1,VCC2020_T19,
val,/lambda/nfs/algovirginia/workspace/DeepfakeDetectionRenewed/data/vcc2020/audio/T17/task1/team17_intra-TEF1_SEM2_E30004.wav,1,VCC2020_T17,
val,/lambda/nfs/algovirginia/workspace/DeepfakeDetectionRenewed/data/wavefake/generated_audio/common_voices_prompts_from_conformer_fastspeech2_pwg_ljspeech/gen_5702.wav,1,common_voices_prompts_from_conformer_fastspeech2_pwg_ljspeech,
val,__hf__,0,librispeech,10323
val,__hf__,0,librispeech,841
val,/lambda/nfs/algovirginia/workspace/DeepfakeDetectionRenewed/data/wavefake/generated_audio/ljspeech_parallel_wavegan/LJ014-0025_gen.wav,1,ljspeech_parallel_wavegan,
val,/lambda/nfs/algovirginia/workspace/DeepfakeDetectionRenewed/data/wavefake/generated_audio/ljspeech_full_band_melgan/LJ016-0158_gen.wav,1,ljspeech_full_band_melgan,
val,__hf__,0,librispeech,23910
val,__hf__,0,librispeech,25144
val,/lambda/nfs/algovirginia/workspace/DeepfakeDetectionRenewed/data/wavefake/generated_audio/ljspeech_hifiGAN/LJ050-0003_generated.wav,1,ljspeech_hifiGAN,
val,/lambda/nfs/algovirginia/workspace/DeepfakeDetectionRenewed/data/wavefake/generated_audio/ljspeech_hifiGAN/LJ028-0334_generated.wav,1,ljspeech_hifiGAN,
val,/lambda/nfs/algovirginia/workspace/DeepfakeDetectionRenewed/data/wavefake/generated_audio/common_voices_prompts_from_conformer_fastspeech2_pwg_ljspeech/gen_4861.wav,1,common_voices_prompts_from_conformer_fastspeech2_pwg_ljspeech,
val,/lambda/nfs/algovirginia/workspace/DeepfakeDetectionRenewed/data/wavefake/generated_audio/ljspeech_parallel_wavegan/LJ010-0076_gen.wav,1,ljspeech_parallel_wavegan,
val,__hf__,0,librispeech,535
val,/lambda/nfs/algovirginia/workspace/DeepfakeDetectionRenewed/data/vcc2020/audio/T04/task1/team04_intra-TEM2_SEF1_E30005.wav,1,VCC2020_T04,
val,__hf__,0,librispeech,19001
val,__hf__,0,librispeech,8043
val,/lambda/nfs/algovirginia/workspace/DeepfakeDetectionRenewed/data/vcc2020/audio/T17/task1/team17_intra-TEM1_SEF1_E30005.wav,1,VCC2020_T17,
val,__hf__,0,librispeech,172
val,__hf__,0,librispeech,25209
val,/lambda/nfs/algovirginia/workspace/DeepfakeDetectionRenewed/data/vcc2020/audio/T21/task1/team21_intra-TEF2_SEF1_E30004.wav,1,VCC2020_T21,
val,__hf__,0,librispeech,19630
val,/lambda/nfs/algovirginia/workspace/DeepfakeDetectionRenewed/data/wavefake/generated_audio/ljspeech_hifiGAN/LJ038-0306_generated.wav,1,ljspeech_hifiGAN,
val,/lambda/nfs/algovirginia/workspace/DeepfakeDetectionRenewed/data/wavefake/generated_audio/common_voices_prompts_from_conformer_fastspeech2_pwg_ljspeech/gen_5677.wav,1,common_voices_prompts_from_conformer_fastspeech2_pwg_ljspeech,
val,__hf__,0,librispeech,459
val,/lambda/nfs/algovirginia/workspace/DeepfakeDetectionRenewed/data/wavefake/generated_audio/ljspeech_full_band_melgan/LJ018-0173_gen.wav,1,ljspeech_full_band_melgan,
val,__hf__,0,librispeech,12639
val,__hf__,0,librispeech,4518
val,__hf__,0,librispeech,13166
val,__hf__,0,librispeech,8379
val,/lambda/nfs/algovirginia/workspace/DeepfakeDetectionRenewed/data/wavefake/generated_audio/common_voices_prompts_from_conformer_fastspeech2_pwg_ljspeech/gen_3730.wav,1,common_voices_prompts_from_conformer_fastspeech2_pwg_ljspeech,
val,/lambda/nfs/algovirginia/workspace/DeepfakeDetectionRenewed/data/vcc2020/audio/T31/task1/team31_intra-TEF2_SEF2_E30001.wav,1,VCC2020_T31,
val,__hf__,0,librispeech,9633
val,__hf__,0,librispeech,8028
val,/lambda/nfs/algovirginia/workspace/DeepfakeDetectionRenewed/data/vcc2020/audio/T27/task1/team27_intra-TEF1_SEM1_E30004.wav,1,VCC2020_T27,
val,/lambda/nfs/algovirginia/workspace/DeepfakeDetectionRenewed/data/wavefake/generated_audio/common_voices_prompts_from_conformer_fastspeech2_pwg_ljspeech/gen_7432.wav,1,common_voices_prompts_from_conformer_fastspeech2_pwg_ljspeech,
val,/lambda/nfs/algovirginia/workspace/DeepfakeDetectionRenewed/data/vcc2020/audio/T20/task1/team20_intra-TEF2_SEF2_E30002.wav,1,VCC2020_T20,
val,/lambda/nfs/algovirginia/workspace/DeepfakeDetectionRenewed/data/vcc2020/audio/T02/task1/team02_intra-TEM1_SEM2_E30003.wav,1,VCC2020_T02,
val,__hf__,0,librispeech,15782
val,__hf__,0,librispeech,25196
val,/lambda/nfs/algovirginia/workspace/DeepfakeDetectionRenewed/data/vcc2020/audio/T29/task1/team29_intra-TEF1_SEF1_E30003.wav,1,VCC2020_T29,
val,__hf__,0,librispeech,5602
val,/lambda/nfs/algovirginia/workspace/DeepfakeDetectionRenewed/data/vcc2020/audio/T20/task1/team20_intra-TEM2_SEF2_E30004.wav,1,VCC2020_T20,
val,/lambda/nfs/algovirginia/workspace/DeepfakeDetectionRenewed/data/wavefake/generated_audio/ljspeech_parallel_wavegan/LJ007-0053_gen.wav,1,ljspeech_parallel_wavegan,
val,__hf__,0,librispeech,17929
val,__hf__,0,librispeech,17186
val,/lambda/nfs/algovirginia/workspace/DeepfakeDetectionRenewed/data/vcc2020/audio/T14/task1/team14_intra-TEF1_SEM2_E30005.wav,1,VCC2020_T14,
val,/lambda/nfs/algovirginia/workspace/DeepfakeDetectionRenewed/data/vcc2020/audio/T27/task1/team27_intra-TEF1_SEM2_E30003.wav,1,VCC2020_T27,
val,/lambda/nfs/algovirginia/workspace/DeepfakeDetectionRenewed/data/wavefake/generated_audio/ljspeech_full_band_melgan/LJ015-0291_gen.wav,1,ljspeech_full_band_melgan,
val,/lambda/nfs/algovirginia/workspace/DeepfakeDetectionRenewed/data/vcc2020/audio/T11/task1/team11_intra-TEF1_SEM1_E30002.wav,1,VCC2020_T11,
val,/lambda/nfs/algovirginia/workspace/DeepfakeDetectionRenewed/data/wavefake/generated_audio/ljspeech_hifiGAN/LJ045-0115_generated.wav,1,ljspeech_hifiGAN,
val,/lambda/nfs/algovirginia/workspace/DeepfakeDetectionRenewed/data/wavefake/generated_audio/common_voices_prompts_from_conformer_fastspeech2_pwg_ljspeech/gen_9085.wav,1,common_voices_prompts_from_conformer_fastspeech2_pwg_ljspeech,
val,__hf__,0,librispeech,13527
val,__hf__,0,librispeech,24870
val,__hf__,0,librispeech,2040
val,__hf__,0,librispeech,6073
val,/lambda/nfs/algovirginia/workspace/DeepfakeDetectionRenewed/data/wavefake/generated_audio/ljspeech_hifiGAN/LJ029-0163_generated.wav,1,ljspeech_hifiGAN,
val,/lambda/nfs/algovirginia/workspace/DeepfakeDetectionRenewed/data/vcc2020/audio/T17/task1/team17_intra-TEM1_SEM1_E30001.wav,1,VCC2020_T17,
val,/lambda/nfs/algovirginia/workspace/DeepfakeDetectionRenewed/data/wavefake/generated_audio/ljspeech_full_band_melgan/LJ014-0034_gen.wav,1,ljspeech_full_band_melgan,
val,__hf__,0,librispeech,15802
val,__hf__,0,librispeech,4716
val,/lambda/nfs/algovirginia/workspace/DeepfakeDetectionRenewed/data/wavefake/generated_audio/ljspeech_parallel_wavegan/LJ033-0086_gen.wav,1,ljspeech_parallel_wavegan,
val,/lambda/nfs/algovirginia/workspace/DeepfakeDetectionRenewed/data/wavefake/generated_audio/ljspeech_hifiGAN/LJ020-0076_generated.wav,1,ljspeech_hifiGAN,
val,__hf__,0,librispeech,17764
val,/lambda/nfs/algovirginia/workspace/DeepfakeDetectionRenewed/data/wavefake/generated_audio/ljspeech_full_band_melgan/LJ006-0186_gen.wav,1,ljspeech_full_band_melgan,
val,/lambda/nfs/algovirginia/workspace/DeepfakeDetectionRenewed/data/vcc2020/audio/T18/task1/team18_intra-TEM2_SEF1_E30005.wav,1,VCC2020_T18,
val,__hf__,0,librispeech,21709
val,__hf__,0,librispeech,9952
val,/lambda/nfs/algovirginia/workspace/DeepfakeDetectionRenewed/data/vcc2020/audio/T09/task1/team09_intra-TEF2_SEF2_E30001.wav,1,VCC2020_T09,
val,__hf__,0,librispeech,18200
val,/lambda/nfs/algovirginia/workspace/DeepfakeDetectionRenewed/data/wavefake/generated_audio/ljspeech_hifiGAN/LJ030-0241_generated.wav,1,ljspeech_hifiGAN,
val,/lambda/nfs/algovirginia/workspace/DeepfakeDetectionRenewed/data/wavefake/generated_audio/common_voices_prompts_from_conformer_fastspeech2_pwg_ljspeech/gen_788.wav,1,common_voices_prompts_from_conformer_fastspeech2_pwg_ljspeech,
val,__hf__,0,librispeech,21563
val,__hf__,0,librispeech,7631
val,__hf__,0,librispeech,5781
val,__hf__,0,librispeech,20793
val,__hf__,0,librispeech,4673
val,__hf__,0,librispeech,6139
val,/lambda/nfs/algovirginia/workspace/DeepfakeDetectionRenewed/data/wavefake/generated_audio/common_voices_prompts_from_conformer_fastspeech2_pwg_ljspeech/gen_858.wav,1,common_voices_prompts_from_conformer_fastspeech2_pwg_ljspeech,
val,__hf__,0,librispeech,3175
val,/lambda/nfs/algovirginia/workspace/DeepfakeDetectionRenewed/data/vcc2020/audio/T02/task1/team02_intra-TEF1_SEM1_E30001.wav,1,VCC2020_T02,
val,/lambda/nfs/algovirginia/workspace/DeepfakeDetectionRenewed/data/wavefake/generated_audio/ljspeech_full_band_melgan/LJ018-0201_gen.wav,1,ljspeech_full_band_melgan,
val,/lambda/nfs/algovirginia/workspace/DeepfakeDetectionRenewed/data/vcc2020/audio/T22/task1/team22_intra-TEF2_SEM2_E30001.wav,1,VCC2020_T22,
val,/lambda/nfs/algovirginia/workspace/DeepfakeDetectionRenewed/data/vcc2020/audio/T23/task1/team23_intra-TEM2_SEF1_E30004.wav,1,VCC2020_T23,
val,__hf__,0,librispeech,15500
val,/lambda/nfs/algovirginia/workspace/DeepfakeDetectionRenewed/data/wavefake/generated_audio/common_voices_prompts_from_conformer_fastspeech2_pwg_ljspeech/gen_9851.wav,1,common_voices_prompts_from_conformer_fastspeech2_pwg_ljspeech,
val,/lambda/nfs/algovirginia/workspace/DeepfakeDetectionRenewed/data/vcc2020/audio/T14/task1/team14_intra-TEF1_SEF1_E30004.wav,1,VCC2020_T14,
val,__hf__,0,librispeech,19336
val,__hf__,0,librispeech,19259
val,__hf__,0,librispeech,26248
val,/lambda/nfs/algovirginia/workspace/DeepfakeDetectionRenewed/data/vcc2020/audio/T28/task1/team28_intra-TEF2_SEF2_E30003.wav,1,VCC2020_T28,
val,__hf__,0,librispeech,13132
val,__hf__,0,librispeech,13306
val,/lambda/nfs/algovirginia/workspace/DeepfakeDetectionRenewed/data/wavefake/generated_audio/ljspeech_hifiGAN/LJ013-0007_generated.wav,1,ljspeech_hifiGAN,
val,/lambda/nfs/algovirginia/workspace/DeepfakeDetectionRenewed/data/wavefake/generated_audio/ljspeech_full_band_melgan/LJ042-0098_gen.wav,1,ljspeech_full_band_melgan,
val,__hf__,0,librispeech,19335
val,__hf__,0,librispeech,26545
val,__hf__,0,librispeech,23325
val,__hf__,0,librispeech,16677
val,/lambda/nfs/algovirginia/workspace/DeepfakeDetectionRenewed/data/vcc2020/audio/T30/task1/team30_intra-TEM1_SEF2_E30002.wav,1,VCC2020_T30,
val,/lambda/nfs/algovirginia/workspace/DeepfakeDetectionRenewed/data/vcc2020/audio/T02/task1/team02_intra-TEM2_SEF2_E30004.wav,1,VCC2020_T02,
val,/lambda/nfs/algovirginia/workspace/DeepfakeDetectionRenewed/data/vcc2020/audio/T28/task1/team28_intra-TEF2_SEF2_E30001.wav,1,VCC2020_T28,
val,/lambda/nfs/algovirginia/workspace/DeepfakeDetectionRenewed/data/wavefake/generated_audio/common_voices_prompts_from_conformer_fastspeech2_pwg_ljspeech/gen_8847.wav,1,common_voices_prompts_from_conformer_fastspeech2_pwg_ljspeech,
val,/lambda/nfs/algovirginia/workspace/DeepfakeDetectionRenewed/data/wavefake/generated_audio/common_voices_prompts_from_conformer_fastspeech2_pwg_ljspeech/gen_4673.wav,1,common_voices_prompts_from_conformer_fastspeech2_pwg_ljspeech,
val,/lambda/nfs/algovirginia/workspace/DeepfakeDetectionRenewed/data/vcc2020/audio/T18/task1/team18_intra-TEF2_SEM1_E30001.wav,1,VCC2020_T18,
val,/lambda/nfs/algovirginia/workspace/DeepfakeDetectionRenewed/data/wavefake/generated_audio/ljspeech_full_band_melgan/LJ043-0138_gen.wav,1,ljspeech_full_band_melgan,
val,/lambda/nfs/algovirginia/workspace/DeepfakeDetectionRenewed/data/vcc2020/audio/T04/task1/team04_intra-TEF1_SEM1_E30003.wav,1,VCC2020_T04,
val,__hf__,0,librispeech,3017
val,/lambda/nfs/algovirginia/workspace/DeepfakeDetectionRenewed/data/vcc2020/audio/T01/task1/team01_intra-TEM1_SEF1_E30001.wav,1,VCC2020_T01,
val,/lambda/nfs/algovirginia/workspace/DeepfakeDetectionRenewed/data/vcc2020/audio/T32/task1/team32_intra-TEF1_SEF1_E30005.wav,1,VCC2020_T32,
val,__hf__,0,librispeech,19876
val,__hf__,0,librispeech,13067
val,__hf__,0,librispeech,18351
val,__hf__,0,librispeech,18496
val,/lambda/nfs/algovirginia/workspace/DeepfakeDetectionRenewed/data/wavefake/generated_audio/ljspeech_full_band_melgan/LJ038-0169_gen.wav,1,ljspeech_full_band_melgan,
val,/lambda/nfs/algovirginia/workspace/DeepfakeDetectionRenewed/data/wavefake/generated_audio/common_voices_prompts_from_conformer_fastspeech2_pwg_ljspeech/gen_13916.wav,1,common_voices_prompts_from_conformer_fastspeech2_pwg_ljspeech,
val,__hf__,0,librispeech,9124
val,__hf__,0,librispeech,10027
val,/lambda/nfs/algovirginia/workspace/DeepfakeDetectionRenewed/data/vcc2020/audio/T30/task1/team30_intra-TEF1_SEF2_E30003.wav,1,VCC2020_T30,
val,__hf__,0,librispeech,18387
val,__hf__,0,librispeech,15584
val,/lambda/nfs/algovirginia/workspace/DeepfakeDetectionRenewed/data/wavefake/generated_audio/ljspeech_hifiGAN/LJ019-0192_generated.wav,1,ljspeech_hifiGAN,
val,__hf__,0,librispeech,6658
val,__hf__,0,librispeech,12545
val,/lambda/nfs/algovirginia/workspace/DeepfakeDetectionRenewed/data/wavefake/generated_audio/ljspeech_full_band_melgan/LJ026-0038_gen.wav,1,ljspeech_full_band_melgan,
val,__hf__,0,librispeech,3215
val,__hf__,0,librispeech,14856
val,__hf__,0,librispeech,4522
val,/lambda/nfs/algovirginia/workspace/DeepfakeDetectionRenewed/data/wavefake/generated_audio/ljspeech_hifiGAN/LJ046-0201_generated.wav,1,ljspeech_hifiGAN,
val,/lambda/nfs/algovirginia/workspace/DeepfakeDetectionRenewed/data/vcc2020/audio/T04/task1/team04_intra-TEF1_SEF1_E30001.wav,1,VCC2020_T04,
val,__hf__,0,librispeech,6970
val,/lambda/nfs/algovirginia/workspace/DeepfakeDetectionRenewed/data/vcc2020/audio/T28/task1/team28_intra-TEM1_SEM1_E30005.wav,1,VCC2020_T28,
val,__hf__,0,librispeech,23582
val,/lambda/nfs/algovirginia/workspace/DeepfakeDetectionRenewed/data/wavefake/generated_audio/ljspeech_hifiGAN/LJ026-0166_generated.wav,1,ljspeech_hifiGAN,
val,__hf__,0,librispeech,6103
val,__hf__,0,librispeech,11325
val,/lambda/nfs/algovirginia/workspace/DeepfakeDetectionRenewed/data/wavefake/generated_audio/ljspeech_hifiGAN/LJ009-0038_generated.wav,1,ljspeech_hifiGAN,
val,__hf__,0,librispeech,26973
val,/lambda/nfs/algovirginia/workspace/DeepfakeDetectionRenewed/data/vcc2020/audio/T27/task1/team27_intra-TEM1_SEM1_E30002.wav,1,VCC2020_T27,
val,/lambda/nfs/algovirginia/workspace/DeepfakeDetectionRenewed/data/wavefake/generated_audio/common_voices_prompts_from_conformer_fastspeech2_pwg_ljspeech/gen_14227.wav,1,common_voices_prompts_from_conformer_fastspeech2_pwg_ljspeech,
val,/lambda/nfs/algovirginia/workspace/DeepfakeDetectionRenewed/data/vcc2020/audio/T09/task1/team09_intra-TEF1_SEM1_E30003.wav,1,VCC2020_T09,
val,__hf__,0,librispeech,26214
val,/lambda/nfs/algovirginia/workspace/DeepfakeDetectionRenewed/data/vcc2020/audio/T26/task1/team26_intra-TEM2_SEF2_E30005.wav,1,VCC2020_T26,
val,/lambda/nfs/algovirginia/workspace/DeepfakeDetectionRenewed/data/vcc2020/audio/T23/task1/team23_intra-TEF2_SEM1_E30005.wav,1,VCC2020_T23,
val,__hf__,0,librispeech,18959
val,__hf__,0,librispeech,11396
val,__hf__,0,librispeech,3599
val,__hf__,0,librispeech,22803
val,__hf__,0,librispeech,9934
val,/lambda/nfs/algovirginia/workspace/DeepfakeDetectionRenewed/data/vcc2020/audio/T03/task1/team03_intra-TEF2_SEM2_E30003.wav,1,VCC2020_T03,
val,/lambda/nfs/algovirginia/workspace/DeepfakeDetectionRenewed/data/vcc2020/audio/T23/task1/team23_intra-TEM2_SEM2_E30005.wav,1,VCC2020_T23,
val,/lambda/nfs/algovirginia/workspace/DeepfakeDetectionRenewed/data/wavefake/generated_audio/common_voices_prompts_from_conformer_fastspeech2_pwg_ljspeech/gen_2926.wav,1,common_voices_prompts_from_conformer_fastspeech2_pwg_ljspeech,
val,__hf__,0,librispeech,12218
val,/lambda/nfs/algovirginia/workspace/DeepfakeDetectionRenewed/data/vcc2020/audio/T23/task1/team23_intra-TEM2_SEF2_E30001.wav,1,VCC2020_T23,
val,/lambda/nfs/algovirginia/workspace/DeepfakeDetectionRenewed/data/vcc2020/audio/T26/task1/team26_intra-TEM1_SEF2_E30005.wav,1,VCC2020_T26,
val,/lambda/nfs/algovirginia/workspace/DeepfakeDetectionRenewed/data/wavefake/generated_audio/ljspeech_hifiGAN/LJ048-0088_generated.wav,1,ljspeech_hifiGAN,
val,/lambda/nfs/algovirginia/workspace/DeepfakeDetectionRenewed/data/vcc2020/audio/T31/task1/team31_intra-TEM2_SEM1_E30002.wav,1,VCC2020_T31,
val,/lambda/nfs/algovirginia/workspace/DeepfakeDetectionRenewed/data/vcc2020/audio/T33/task1/team33_intra-TEM2_SEF1_E30005.wav,1,VCC2020_T33,
val,__hf__,0,librispeech,9882
val,__hf__,0,librispeech,18827
val,/lambda/nfs/algovirginia/workspace/DeepfakeDetectionRenewed/data/wavefake/generated_audio/ljspeech_hifiGAN/LJ007-0161_generated.wav,1,ljspeech_hifiGAN,
val,/lambda/nfs/algovirginia/workspace/DeepfakeDetectionRenewed/data/wavefake/generated_audio/ljspeech_parallel_wavegan/LJ005-0027_gen.wav,1,ljspeech_parallel_wavegan,
val,__hf__,0,librispeech,18562
val,__hf__,0,librispeech,11109
val,__hf__,0,librispeech,14670
val,__hf__,0,librispeech,6411
val,/lambda/nfs/algovirginia/workspace/DeepfakeDetectionRenewed/data/wavefake/generated_audio/ljspeech_full_band_melgan/LJ017-0043_gen.wav,1,ljspeech_full_band_melgan,
val,/lambda/nfs/algovirginia/workspace/DeepfakeDetectionRenewed/data/vcc2020/audio/T09/task1/team09_intra-TEM2_SEF1_E30003.wav,1,VCC2020_T09,
val,__hf__,0,librispeech,11510
val,/lambda/nfs/algovirginia/workspace/DeepfakeDetectionRenewed/data/wavefake/generated_audio/ljspeech_hifiGAN/LJ027-0051_generated.wav,1,ljspeech_hifiGAN,
val,/lambda/nfs/algovirginia/workspace/DeepfakeDetectionRenewed/data/wavefake/generated_audio/common_voices_prompts_from_conformer_fastspeech2_pwg_ljspeech/gen_5759.wav,1,common_voices_prompts_from_conformer_fastspeech2_pwg_ljspeech,
val,/lambda/nfs/algovirginia/workspace/DeepfakeDetectionRenewed/data/vcc2020/audio/T06/task1/team06_intra-TEF2_SEM1_E30004.wav,1,VCC2020_T06,
val,__hf__,0,librispeech,15751
val,/lambda/nfs/algovirginia/workspace/DeepfakeDetectionRenewed/data/wavefake/generated_audio/ljspeech_hifiGAN/LJ039-0061_generated.wav,1,ljspeech_hifiGAN,
val,__hf__,0,librispeech,2501
val,/lambda/nfs/algovirginia/workspace/DeepfakeDetectionRenewed/data/wavefake/generated_audio/ljspeech_hifiGAN/LJ031-0123_generated.wav,1,ljspeech_hifiGAN,
val,/lambda/nfs/algovirginia/workspace/DeepfakeDetectionRenewed/data/wavefake/generated_audio/common_voices_prompts_from_conformer_fastspeech2_pwg_ljspeech/gen_1489.wav,1,common_voices_prompts_from_conformer_fastspeech2_pwg_ljspeech,
val,/lambda/nfs/algovirginia/workspace/DeepfakeDetectionRenewed/data/vcc2020/audio/T22/task1/team22_intra-TEM1_SEF1_E30004.wav,1,VCC2020_T22,
val,__hf__,0,librispeech,19552
val,__hf__,0,librispeech,22137
val,/lambda/nfs/algovirginia/workspace/DeepfakeDetectionRenewed/data/wavefake/generated_audio/ljspeech_full_band_melgan/LJ036-0153_gen.wav,1,ljspeech_full_band_melgan,
val,__hf__,0,librispeech,1965
val,__hf__,0,librispeech,14488
val,/lambda/nfs/algovirginia/workspace/DeepfakeDetectionRenewed/data/wavefake/generated_audio/ljspeech_hifiGAN/LJ038-0105_generated.wav,1,ljspeech_hifiGAN,
val,/lambda/nfs/algovirginia/workspace/DeepfakeDetectionRenewed/data/wavefake/generated_audio/common_voices_prompts_from_conformer_fastspeech2_pwg_ljspeech/gen_12556.wav,1,common_voices_prompts_from_conformer_fastspeech2_pwg_ljspeech,
val,__hf__,0,librispeech,25502
val,/lambda/nfs/algovirginia/workspace/DeepfakeDetectionRenewed/data/wavefake/generated_audio/ljspeech_hifiGAN/LJ018-0002_generated.wav,1,ljspeech_hifiGAN,
val,/lambda/nfs/algovirginia/workspace/DeepfakeDetectionRenewed/data/wavefake/generated_audio/ljspeech_full_band_melgan/LJ015-0176_gen.wav,1,ljspeech_full_band_melgan,
val,/lambda/nfs/algovirginia/workspace/DeepfakeDetectionRenewed/data/wavefake/generated_audio/ljspeech_full_band_melgan/LJ033-0179_gen.wav,1,ljspeech_full_band_melgan,
val,__hf__,0,librispeech,8834
val,/lambda/nfs/algovirginia/workspace/DeepfakeDetectionRenewed/data/wavefake/generated_audio/ljspeech_full_band_melgan/LJ002-0297_gen.wav,1,ljspeech_full_band_melgan,
val,__hf__,0,librispeech,15849
val,__hf__,0,librispeech,8497
val,/lambda/nfs/algovirginia/workspace/DeepfakeDetectionRenewed/data/vcc2020/audio/T22/task1/team22_intra-TEM1_SEM1_E30004.wav,1,VCC2020_T22,
val,__hf__,0,librispeech,8570
val,/lambda/nfs/algovirginia/workspace/DeepfakeDetectionRenewed/data/vcc2020/audio/T21/task1/team21_intra-TEF1_SEM1_E30003.wav,1,VCC2020_T21,
val,__hf__,0,librispeech,11990
val,/lambda/nfs/algovirginia/workspace/DeepfakeDetectionRenewed/data/wavefake/generated_audio/common_voices_prompts_from_conformer_fastspeech2_pwg_ljspeech/gen_1757.wav,1,common_voices_prompts_from_conformer_fastspeech2_pwg_ljspeech,
val,/lambda/nfs/algovirginia/workspace/DeepfakeDetectionRenewed/data/wavefake/generated_audio/ljspeech_parallel_wavegan/LJ030-0248_gen.wav,1,ljspeech_parallel_wavegan,
val,__hf__,0,librispeech,13320
val,__hf__,0,librispeech,6350
val,/lambda/nfs/algovirginia/workspace/DeepfakeDetectionRenewed/data/wavefake/generated_audio/ljspeech_full_band_melgan/LJ016-0109_gen.wav,1,ljspeech_full_band_melgan,
val,__hf__,0,librispeech,27861
val,/lambda/nfs/algovirginia/workspace/DeepfakeDetectionRenewed/data/wavefake/generated_audio/ljspeech_full_band_melgan/LJ018-0388_gen.wav,1,ljspeech_full_band_melgan,
val,__hf__,0,librispeech,24057
val,/lambda/nfs/algovirginia/workspace/DeepfakeDetectionRenewed/data/vcc2020/audio/T27/task1/team27_intra-TEM1_SEF2_E30002.wav,1,VCC2020_T27,
val,__hf__,0,librispeech,20581
val,/lambda/nfs/algovirginia/workspace/DeepfakeDetectionRenewed/data/vcc2020/audio/T04/task1/team04_intra-TEF1_SEF2_E30003.wav,1,VCC2020_T04,
val,/lambda/nfs/algovirginia/workspace/DeepfakeDetectionRenewed/data/wavefake/generated_audio/common_voices_prompts_from_conformer_fastspeech2_pwg_ljspeech/gen_2272.wav,1,common_voices_prompts_from_conformer_fastspeech2_pwg_ljspeech,
val,/lambda/nfs/algovirginia/workspace/DeepfakeDetectionRenewed/data/vcc2020/audio/T28/task1/team28_intra-TEM1_SEM1_E30001.wav,1,VCC2020_T28,
val,__hf__,0,librispeech,2759
val,/lambda/nfs/algovirginia/workspace/DeepfakeDetectionRenewed/data/wavefake/generated_audio/ljspeech_full_band_melgan/LJ045-0087_gen.wav,1,ljspeech_full_band_melgan,
val,/lambda/nfs/algovirginia/workspace/DeepfakeDetectionRenewed/data/wavefake/generated_audio/common_voices_prompts_from_conformer_fastspeech2_pwg_ljspeech/gen_15330.wav,1,common_voices_prompts_from_conformer_fastspeech2_pwg_ljspeech,
val,__hf__,0,librispeech,9533
val,/lambda/nfs/algovirginia/workspace/DeepfakeDetectionRenewed/data/vcc2020/audio/T08/task1/team08_intra-TEF1_SEM1_E30005.wav,1,VCC2020_T08,
val,/lambda/nfs/algovirginia/workspace/DeepfakeDetectionRenewed/data/wavefake/generated_audio/ljspeech_full_band_melgan/LJ018-0015_gen.wav,1,ljspeech_full_band_melgan,
val,/lambda/nfs/algovirginia/workspace/DeepfakeDetectionRenewed/data/vcc2020/audio/T29/task1/team29_intra-TEM1_SEM1_E30002.wav,1,VCC2020_T29,
val,/lambda/nfs/algovirginia/workspace/DeepfakeDetectionRenewed/data/wavefake/generated_audio/ljspeech_full_band_melgan/LJ013-0059_gen.wav,1,ljspeech_full_band_melgan,
val,__hf__,0,librispeech,5409
val,__hf__,0,librispeech,27925
val,/lambda/nfs/algovirginia/workspace/DeepfakeDetectionRenewed/data/vcc2020/audio/T07/task1/team07_intra-TEM2_SEF1_E30003.wav,1,VCC2020_T07,
val,__hf__,0,librispeech,25782
val,__hf__,0,librispeech,15475
val,/lambda/nfs/algovirginia/workspace/DeepfakeDetectionRenewed/data/vcc2020/audio/T12/task1/team12_intra-TEF1_SEM2_E30004.wav,1,VCC2020_T12,
val,__hf__,0,librispeech,13649
val,/lambda/nfs/algovirginia/workspace/DeepfakeDetectionRenewed/data/vcc2020/audio/T25/task1/team25_intra-TEF2_SEM2_E30002.wav,1,VCC2020_T25,
val,__hf__,0,librispeech,250
val,/lambda/nfs/algovirginia/workspace/DeepfakeDetectionRenewed/data/vcc2020/audio/T27/task1/team27_intra-TEF2_SEF2_E30004.wav,1,VCC2020_T27,
val,__hf__,0,librispeech,5179
val,__hf__,0,librispeech,4107
val,/lambda/nfs/algovirginia/workspace/DeepfakeDetectionRenewed/data/wavefake/generated_audio/ljspeech_parallel_wavegan/LJ038-0253_gen.wav,1,ljspeech_parallel_wavegan,
val,__hf__,0,librispeech,28255
val,__hf__,0,librispeech,2841
val,__hf__,0,librispeech,11962
val,__hf__,0,librispeech,9505
val,/lambda/nfs/algovirginia/workspace/DeepfakeDetectionRenewed/data/wavefake/generated_audio/ljspeech_hifiGAN/LJ016-0441_generated.wav,1,ljspeech_hifiGAN,
val,__hf__,0,librispeech,13764
val,__hf__,0,librispeech,18974
val,__hf__,0,librispeech,3048
val,/lambda/nfs/algovirginia/workspace/DeepfakeDetectionRenewed/data/vcc2020/audio/T09/task1/team09_intra-TEM2_SEF2_E30005.wav,1,VCC2020_T09,
val,__hf__,0,librispeech,13995
val,/lambda/nfs/algovirginia/workspace/DeepfakeDetectionRenewed/data/vcc2020/audio/T08/task1/team08_intra-TEM1_SEF2_E30004.wav,1,VCC2020_T08,
val,__hf__,0,librispeech,25941
val,/lambda/nfs/algovirginia/workspace/DeepfakeDetectionRenewed/data/vcc2020/audio/T03/task1/team03_intra-TEM2_SEF1_E30001.wav,1,VCC2020_T03,
val,/lambda/nfs/algovirginia/workspace/DeepfakeDetectionRenewed/data/wavefake/generated_audio/ljspeech_full_band_melgan/LJ047-0217_gen.wav,1,ljspeech_full_band_melgan,
val,/lambda/nfs/algovirginia/workspace/DeepfakeDetectionRenewed/data/wavefake/generated_audio/ljspeech_parallel_wavegan/LJ003-0304_gen.wav,1,ljspeech_parallel_wavegan,
val,__hf__,0,librispeech,6104
val,/lambda/nfs/algovirginia/workspace/DeepfakeDetectionRenewed/data/wavefake/generated_audio/ljspeech_hifiGAN/LJ028-0279_generated.wav,1,ljspeech_hifiGAN,
val,__hf__,0,librispeech,20748
val,/lambda/nfs/algovirginia/workspace/DeepfakeDetectionRenewed/data/wavefake/generated_audio/common_voices_prompts_from_conformer_fastspeech2_pwg_ljspeech/gen_15590.wav,1,common_voices_prompts_from_conformer_fastspeech2_pwg_ljspeech,
val,__hf__,0,librispeech,6059
val,__hf__,0,librispeech,16840
val,__hf__,0,librispeech,8094
val,/lambda/nfs/algovirginia/workspace/DeepfakeDetectionRenewed/data/vcc2020/audio/T07/task1/team07_intra-TEM2_SEF2_E30005.wav,1,VCC2020_T07,
val,__hf__,0,librispeech,25509
val,/lambda/nfs/algovirginia/workspace/DeepfakeDetectionRenewed/data/vcc2020/audio/T11/task1/team11_intra-TEF1_SEF2_E30002.wav,1,VCC2020_T11,
val,/lambda/nfs/algovirginia/workspace/DeepfakeDetectionRenewed/data/vcc2020/audio/T12/task1/team12_intra-TEF1_SEF2_E30003.wav,1,VCC2020_T12,
val,/lambda/nfs/algovirginia/workspace/DeepfakeDetectionRenewed/data/wavefake/generated_audio/ljspeech_parallel_wavegan/LJ025-0117_gen.wav,1,ljspeech_parallel_wavegan,
val,/lambda/nfs/algovirginia/workspace/DeepfakeDetectionRenewed/data/wavefake/generated_audio/ljspeech_full_band_melgan/LJ018-0016_gen.wav,1,ljspeech_full_band_melgan,
val,/lambda/nfs/algovirginia/workspace/DeepfakeDetectionRenewed/data/vcc2020/audio/T03/task1/team03_intra-TEM1_SEF2_E30005.wav,1,VCC2020_T03,
val,__hf__,0,librispeech,6197
val,__hf__,0,librispeech,22223
val,__hf__,0,librispeech,23913
val,__hf__,0,librispeech,5714
val,/lambda/nfs/algovirginia/workspace/DeepfakeDetectionRenewed/data/vcc2020/audio/T13/task1/team13_intra-TEM2_SEM2_E30002.wav,1,VCC2020_T13,
val,__hf__,0,librispeech,23614
val,__hf__,0,librispeech,24495
val,/lambda/nfs/algovirginia/workspace/DeepfakeDetectionRenewed/data/vcc2020/audio/T18/task1/team18_intra-TEF1_SEM2_E30005.wav,1,VCC2020_T18,
val,__hf__,0,librispeech,3888
val,/lambda/nfs/algovirginia/workspace/DeepfakeDetectionRenewed/data/wavefake/generated_audio/ljspeech_full_band_melgan/LJ034-0219_gen.wav,1,ljspeech_full_band_melgan,
val,__hf__,0,librispeech,4329
val,__hf__,0,librispeech,10298
val,/lambda/nfs/algovirginia/workspace/DeepfakeDetectionRenewed/data/vcc2020/audio/T07/task1/team07_intra-TEM2_SEM2_E30002.wav,1,VCC2020_T07,
val,__hf__,0,librispeech,9993
val,/lambda/nfs/algovirginia/workspace/DeepfakeDetectionRenewed/data/vcc2020/audio/T22/task1/team22_intra-TEM2_SEF2_E30001.wav,1,VCC2020_T22,
val,__hf__,0,librispeech,264
val,/lambda/nfs/algovirginia/workspace/DeepfakeDetectionRenewed/data/vcc2020/audio/T08/task1/team08_intra-TEF1_SEM2_E30003.wav,1,VCC2020_T08,
val,/lambda/nfs/algovirginia/workspace/DeepfakeDetectionRenewed/data/wavefake/generated_audio/ljspeech_parallel_wavegan/LJ026-0108_gen.wav,1,ljspeech_parallel_wavegan,
val,/lambda/nfs/algovirginia/workspace/DeepfakeDetectionRenewed/data/wavefake/generated_audio/ljspeech_parallel_wavegan/LJ012-0096_gen.wav,1,ljspeech_parallel_wavegan,
val,__hf__,0,librispeech,15670
val,__hf__,0,librispeech,21494
val,/lambda/nfs/algovirginia/workspace/DeepfakeDetectionRenewed/data/vcc2020/audio/T10/task1/team10_intra-TEM1_SEF2_E30004.wav,1,VCC2020_T10,
val,__hf__,0,librispeech,19133
val,/lambda/nfs/algovirginia/workspace/DeepfakeDetectionRenewed/data/wavefake/generated_audio/common_voices_prompts_from_conformer_fastspeech2_pwg_ljspeech/gen_9751.wav,1,common_voices_prompts_from_conformer_fastspeech2_pwg_ljspeech,
val,/lambda/nfs/algovirginia/workspace/DeepfakeDetectionRenewed/data/wavefake/generated_audio/ljspeech_hifiGAN/LJ019-0371_generated.wav,1,ljspeech_hifiGAN,
val,/lambda/nfs/algovirginia/workspace/DeepfakeDetectionRenewed/data/wavefake/generated_audio/ljspeech_parallel_wavegan/LJ007-0116_gen.wav,1,ljspeech_parallel_wavegan,
val,/lambda/nfs/algovirginia/workspace/DeepfakeDetectionRenewed/data/vcc2020/audio/T01/task1/team01_intra-TEF1_SEF2_E30003.wav,1,VCC2020_T01,
val,__hf__,0,librispeech,28233
val,__hf__,0,librispeech,26938
val,/lambda/nfs/algovirginia/workspace/DeepfakeDetectionRenewed/data/wavefake/generated_audio/common_voices_prompts_from_conformer_fastspeech2_pwg_ljspeech/gen_2819.wav,1,common_voices_prompts_from_conformer_fastspeech2_pwg_ljspeech,
val,/lambda/nfs/algovirginia/workspace/DeepfakeDetectionRenewed/data/wavefake/generated_audio/ljspeech_hifiGAN/LJ008-0257_generated.wav,1,ljspeech_hifiGAN,
val,__hf__,0,librispeech,11815
val,/lambda/nfs/algovirginia/workspace/DeepfakeDetectionRenewed/data/vcc2020/audio/T03/task1/team03_intra-TEF1_SEF1_E30004.wav,1,VCC2020_T03,
val,/lambda/nfs/algovirginia/workspace/DeepfakeDetectionRenewed/data/wavefake/generated_audio/ljspeech_full_band_melgan/LJ010-0014_gen.wav,1,ljspeech_full_band_melgan,
val,/lambda/nfs/algovirginia/workspace/DeepfakeDetectionRenewed/data/wavefake/generated_audio/ljspeech_parallel_wavegan/LJ037-0043_gen.wav,1,ljspeech_parallel_wavegan,
val,/lambda/nfs/algovirginia/workspace/DeepfakeDetectionRenewed/data/vcc2020/audio/T03/task1/team03_intra-TEF2_SEM2_E30002.wav,1,VCC2020_T03,
val,/lambda/nfs/algovirginia/workspace/DeepfakeDetectionRenewed/data/vcc2020/audio/T02/task1/team02_intra-TEF1_SEF2_E30005.wav,1,VCC2020_T02,
val,/lambda/nfs/algovirginia/workspace/DeepfakeDetectionRenewed/data/wavefake/generated_audio/ljspeech_full_band_melgan/LJ002-0183_gen.wav,1,ljspeech_full_band_melgan,
val,/lambda/nfs/algovirginia/workspace/DeepfakeDetectionRenewed/data/vcc2020/audio/T02/task1/team02_intra-TEF1_SEM2_E30002.wav,1,VCC2020_T02,
val,__hf__,0,librispeech,12140
val,__hf__,0,librispeech,13666
val,__hf__,0,librispeech,10872
val,/lambda/nfs/algovirginia/workspace/DeepfakeDetectionRenewed/data/wavefake/generated_audio/ljspeech_parallel_wavegan/LJ012-0126_gen.wav,1,ljspeech_parallel_wavegan,
val,/lambda/nfs/algovirginia/workspace/DeepfakeDetectionRenewed/data/vcc2020/audio/T01/task1/team01_intra-TEF2_SEM2_E30003.wav,1,VCC2020_T01,
val,__hf__,0,librispeech,2415
val,__hf__,0,librispeech,24117
val,__hf__,0,librispeech,3831
val,__hf__,0,librispeech,6669
val,/lambda/nfs/algovirginia/workspace/DeepfakeDetectionRenewed/data/vcc2020/audio/T09/task1/team09_intra-TEF2_SEF1_E30001.wav,1,VCC2020_T09,
val,/lambda/nfs/algovirginia/workspace/DeepfakeDetectionRenewed/data/wavefake/generated_audio/ljspeech_parallel_wavegan/LJ028-0200_gen.wav,1,ljspeech_parallel_wavegan,
val,/lambda/nfs/algovirginia/workspace/DeepfakeDetectionRenewed/data/vcc2020/audio/T28/task1/team28_intra-TEM1_SEM2_E30005.wav,1,VCC2020_T28,
val,__hf__,0,librispeech,2676
val,/lambda/nfs/algovirginia/workspace/DeepfakeDetectionRenewed/data/vcc2020/audio/T30/task1/team30_intra-TEM2_SEF1_E30003.wav,1,VCC2020_T30,
val,__hf__,0,librispeech,4814
val,__hf__,0,librispeech,186
val,/lambda/nfs/algovirginia/workspace/DeepfakeDetectionRenewed/data/vcc2020/audio/T32/task1/team32_intra-TEM1_SEM2_E30001.wav,1,VCC2020_T32,
val,__hf__,0,librispeech,24967
val,__hf__,0,librispeech,19105
val,/lambda/nfs/algovirginia/workspace/DeepfakeDetectionRenewed/data/vcc2020/audio/T11/task1/team11_intra-TEM1_SEF1_E30001.wav,1,VCC2020_T11,
val,__hf__,0,librispeech,27399
val,/lambda/nfs/algovirginia/workspace/DeepfakeDetectionRenewed/data/vcc2020/audio/T19/task1/team19_intra-TEM1_SEF2_E30004.wav,1,VCC2020_T19,
val,__hf__,0,librispeech,10818
val,__hf__,0,librispeech,24744
val,__hf__,0,librispeech,21419
val,/lambda/nfs/algovirginia/workspace/DeepfakeDetectionRenewed/data/vcc2020/audio/T13/task1/team13_intra-TEF1_SEM1_E30003.wav,1,VCC2020_T13,
val,__hf__,0,librispeech,13528
val,/lambda/nfs/algovirginia/workspace/DeepfakeDetectionRenewed/data/wavefake/generated_audio/ljspeech_hifiGAN/LJ026-0010_generated.wav,1,ljspeech_hifiGAN,
val,__hf__,0,librispeech,22935
val,/lambda/nfs/algovirginia/workspace/DeepfakeDetectionRenewed/data/vcc2020/audio/T32/task1/team32_intra-TEF2_SEF1_E30005.wav,1,VCC2020_T32,
val,__hf__,0,librispeech,11491
val,/lambda/nfs/algovirginia/workspace/DeepfakeDetectionRenewed/data/wavefake/generated_audio/ljspeech_full_band_melgan/LJ047-0027_gen.wav,1,ljspeech_full_band_melgan,
val,/lambda/nfs/algovirginia/workspace/DeepfakeDetectionRenewed/data/wavefake/generated_audio/ljspeech_parallel_wavegan/LJ047-0106_gen.wav,1,ljspeech_parallel_wavegan,
val,__hf__,0,librispeech,10693
val,__hf__,0,librispeech,14749
val,/lambda/nfs/algovirginia/workspace/DeepfakeDetectionRenewed/data/wavefake/generated_audio/common_voices_prompts_from_conformer_fastspeech2_pwg_ljspeech/gen_11418.wav,1,common_voices_prompts_from_conformer_fastspeech2_pwg_ljspeech,
val,__hf__,0,librispeech,5267
val,__hf__,0,librispeech,15587
val,__hf__,0,librispeech,2490
val,__hf__,0,librispeech,61
val,__hf__,0,librispeech,22964
val,/lambda/nfs/algovirginia/workspace/DeepfakeDetectionRenewed/data/vcc2020/audio/T29/task1/team29_intra-TEM1_SEF1_E30003.wav,1,VCC2020_T29,
val,/lambda/nfs/algovirginia/workspace/DeepfakeDetectionRenewed/data/vcc2020/audio/T03/task1/team03_intra-TEF1_SEF1_E30001.wav,1,VCC2020_T03,
val,__hf__,0,librispeech,25009
val,__hf__,0,librispeech,23817
val,/lambda/nfs/algovirginia/workspace/DeepfakeDetectionRenewed/data/wavefake/generated_audio/ljspeech_full_band_melgan/LJ022-0030_gen.wav,1,ljspeech_full_band_melgan,
val,__hf__,0,librispeech,2760
val,/lambda/nfs/algovirginia/workspace/DeepfakeDetectionRenewed/data/vcc2020/audio/T28/task1/team28_intra-TEM2_SEM2_E30004.wav,1,VCC2020_T28,
val,/lambda/nfs/algovirginia/workspace/DeepfakeDetectionRenewed/data/vcc2020/audio/T21/task1/team21_intra-TEM1_SEM2_E30001.wav,1,VCC2020_T21,
val,__hf__,0,librispeech,2592
val,/lambda/nfs/algovirginia/workspace/DeepfakeDetectionRenewed/data/vcc2020/audio/T22/task1/team22_intra-TEM2_SEM1_E30005.wav,1,VCC2020_T22,
val,__hf__,0,librispeech,20472
val,/lambda/nfs/algovirginia/workspace/DeepfakeDetectionRenewed/data/vcc2020/audio/T27/task1/team27_intra-TEM1_SEM1_E30003.wav,1,VCC2020_T27,
val,/lambda/nfs/algovirginia/workspace/DeepfakeDetectionRenewed/data/wavefake/generated_audio/ljspeech_parallel_wavegan/LJ040-0001_gen.wav,1,ljspeech_parallel_wavegan,
val,__hf__,0,librispeech,1490
val,/lambda/nfs/algovirginia/workspace/DeepfakeDetectionRenewed/data/wavefake/generated_audio/ljspeech_hifiGAN/LJ032-0067_generated.wav,1,ljspeech_hifiGAN,
val,__hf__,0,librispeech,5881
val,/lambda/nfs/algovirginia/workspace/DeepfakeDetectionRenewed/data/wavefake/generated_audio/ljspeech_parallel_wavegan/LJ011-0043_gen.wav,1,ljspeech_parallel_wavegan,
val,/lambda/nfs/algovirginia/workspace/DeepfakeDetectionRenewed/data/wavefake/generated_audio/ljspeech_hifiGAN/LJ022-0194_generated.wav,1,ljspeech_hifiGAN,
val,/lambda/nfs/algovirginia/workspace/DeepfakeDetectionRenewed/data/vcc2020/audio/T04/task1/team04_intra-TEF1_SEM2_E30004.wav,1,VCC2020_T04,
val,__hf__,0,librispeech,15515
val,__hf__,0,librispeech,25510
val,__hf__,0,librispeech,10288
val,__hf__,0,librispeech,13758
val,/lambda/nfs/algovirginia/workspace/DeepfakeDetectionRenewed/data/vcc2020/audio/T23/task1/team23_intra-TEF1_SEM1_E30003.wav,1,VCC2020_T23,
val,__hf__,0,librispeech,9757
val,__hf__,0,librispeech,6564
val,/lambda/nfs/algovirginia/workspace/DeepfakeDetectionRenewed/data/vcc2020/audio/T07/task1/team07_intra-TEM1_SEM2_E30002.wav,1,VCC2020_T07,
val,__hf__,0,librispeech,23547
val,/lambda/nfs/algovirginia/workspace/DeepfakeDetectionRenewed/data/vcc2020/audio/T12/task1/team12_intra-TEF2_SEM2_E30002.wav,1,VCC2020_T12,
val,__hf__,0,librispeech,12762
val,__hf__,0,librispeech,21478
val,__hf__,0,librispeech,16248
val,__hf__,0,librispeech,8943
val,/lambda/nfs/algovirginia/workspace/DeepfakeDetectionRenewed/data/vcc2020/audio/T16/task1/team16_intra-TEM1_SEF2_E30002.wav,1,VCC2020_T16,
val,/lambda/nfs/algovirginia/workspace/DeepfakeDetectionRenewed/data/vcc2020/audio/T06/task1/team06_intra-TEF2_SEF1_E30005.wav,1,VCC2020_T06,
val,__hf__,0,librispeech,13918
val,/lambda/nfs/algovirginia/workspace/DeepfakeDetectionRenewed/data/wavefake/generated_audio/ljspeech_full_band_melgan/LJ008-0304_gen.wav,1,ljspeech_full_band_melgan,
val,/lambda/nfs/algovirginia/workspace/DeepfakeDetectionRenewed/data/wavefake/generated_audio/ljspeech_full_band_melgan/LJ034-0041_gen.wav,1,ljspeech_full_band_melgan,
val,/lambda/nfs/algovirginia/workspace/DeepfakeDetectionRenewed/data/vcc2020/audio/T09/task1/team09_intra-TEF1_SEM2_E30001.wav,1,VCC2020_T09,
val,__hf__,0,librispeech,8835
val,__hf__,0,librispeech,4154
val,__hf__,0,librispeech,21940
val,/lambda/nfs/algovirginia/workspace/DeepfakeDetectionRenewed/data/wavefake/generated_audio/common_voices_prompts_from_conformer_fastspeech2_pwg_ljspeech/gen_2162.wav,1,common_voices_prompts_from_conformer_fastspeech2_pwg_ljspeech,
val,__hf__,0,librispeech,23633
val,/lambda/nfs/algovirginia/workspace/DeepfakeDetectionRenewed/data/vcc2020/audio/T33/task1/team33_intra-TEM1_SEF2_E30005.wav,1,VCC2020_T33,
val,__hf__,0,librispeech,12433
val,/lambda/nfs/algovirginia/workspace/DeepfakeDetectionRenewed/data/vcc2020/audio/T22/task1/team22_intra-TEF2_SEM2_E30003.wav,1,VCC2020_T22,
val,/lambda/nfs/algovirginia/workspace/DeepfakeDetectionRenewed/data/wavefake/generated_audio/common_voices_prompts_from_conformer_fastspeech2_pwg_ljspeech/gen_9682.wav,1,common_voices_prompts_from_conformer_fastspeech2_pwg_ljspeech,
val,__hf__,0,librispeech,20654
val,__hf__,0,librispeech,21049
val,/lambda/nfs/algovirginia/workspace/DeepfakeDetectionRenewed/data/wavefake/generated_audio/common_voices_prompts_from_conformer_fastspeech2_pwg_ljspeech/gen_6438.wav,1,common_voices_prompts_from_conformer_fastspeech2_pwg_ljspeech,
val,/lambda/nfs/algovirginia/workspace/DeepfakeDetectionRenewed/data/vcc2020/audio/T27/task1/team27_intra-TEM1_SEM2_E30002.wav,1,VCC2020_T27,
val,/lambda/nfs/algovirginia/workspace/DeepfakeDetectionRenewed/data/vcc2020/audio/T06/task1/team06_intra-TEF1_SEM1_E30002.wav,1,VCC2020_T06,
val,/lambda/nfs/algovirginia/workspace/DeepfakeDetectionRenewed/data/wavefake/generated_audio/ljspeech_parallel_wavegan/LJ040-0193_gen.wav,1,ljspeech_parallel_wavegan,
val,/lambda/nfs/algovirginia/workspace/DeepfakeDetectionRenewed/data/vcc2020/audio/T33/task1/team33_intra-TEF2_SEF2_E30005.wav,1,VCC2020_T33,
val,__hf__,0,librispeech,7244
val,/lambda/nfs/algovirginia/workspace/DeepfakeDetectionRenewed/data/wavefake/generated_audio/ljspeech_parallel_wavegan/LJ019-0164_gen.wav,1,ljspeech_parallel_wavegan,
val,/lambda/nfs/algovirginia/workspace/DeepfakeDetectionRenewed/data/wavefake/generated_audio/ljspeech_full_band_melgan/LJ011-0285_gen.wav,1,ljspeech_full_band_melgan,
val,/lambda/nfs/algovirginia/workspace/DeepfakeDetectionRenewed/data/wavefake/generated_audio/common_voices_prompts_from_conformer_fastspeech2_pwg_ljspeech/gen_825.wav,1,common_voices_prompts_from_conformer_fastspeech2_pwg_ljspeech,
val,__hf__,0,librispeech,27068
val,/lambda/nfs/algovirginia/workspace/DeepfakeDetectionRenewed/data/wavefake/generated_audio/ljspeech_parallel_wavegan/LJ018-0255_gen.wav,1,ljspeech_parallel_wavegan,
val,/lambda/nfs/algovirginia/workspace/DeepfakeDetectionRenewed/data/vcc2020/audio/T09/task1/team09_intra-TEF1_SEM2_E30005.wav,1,VCC2020_T09,
val,/lambda/nfs/algovirginia/workspace/DeepfakeDetectionRenewed/data/vcc2020/audio/T12/task1/team12_intra-TEF2_SEF2_E30004.wav,1,VCC2020_T12,
val,/lambda/nfs/algovirginia/workspace/DeepfakeDetectionRenewed/data/vcc2020/audio/T22/task1/team22_intra-TEM2_SEF1_E30004.wav,1,VCC2020_T22,
val,__hf__,0,librispeech,24670
val,/lambda/nfs/algovirginia/workspace/DeepfakeDetectionRenewed/data/wavefake/generated_audio/ljspeech_parallel_wavegan/LJ008-0058_gen.wav,1,ljspeech_parallel_wavegan,
val,__hf__,0,librispeech,3061
val,/lambda/nfs/algovirginia/workspace/DeepfakeDetectionRenewed/data/wavefake/generated_audio/ljspeech_hifiGAN/LJ017-0240_generated.wav,1,ljspeech_hifiGAN,
val,__hf__,0,librispeech,721
val,/lambda/nfs/algovirginia/workspace/DeepfakeDetectionRenewed/data/vcc2020/audio/T27/task1/team27_intra-TEF2_SEF1_E30001.wav,1,VCC2020_T27,
val,__hf__,0,librispeech,9001
val,__hf__,0,librispeech,20665
val,__hf__,0,librispeech,15192
val,/lambda/nfs/algovirginia/workspace/DeepfakeDetectionRenewed/data/wavefake/generated_audio/ljspeech_hifiGAN/LJ023-0112_generated.wav,1,ljspeech_hifiGAN,
val,__hf__,0,librispeech,10054
val,__hf__,0,librispeech,6390
val,__hf__,0,librispeech,6667
val,__hf__,0,librispeech,19212
val,/lambda/nfs/algovirginia/workspace/DeepfakeDetectionRenewed/data/wavefake/generated_audio/ljspeech_parallel_wavegan/LJ048-0180_gen.wav,1,ljspeech_parallel_wavegan,
val,/lambda/nfs/algovirginia/workspace/DeepfakeDetectionRenewed/data/vcc2020/audio/T03/task1/team03_intra-TEF1_SEF2_E30001.wav,1,VCC2020_T03,
val,__hf__,0,librispeech,16657
val,__hf__,0,librispeech,1463
val,/lambda/nfs/algovirginia/workspace/DeepfakeDetectionRenewed/data/wavefake/generated_audio/ljspeech_hifiGAN/LJ015-0304_generated.wav,1,ljspeech_hifiGAN,
val,__hf__,0,librispeech,9389
val,/lambda/nfs/algovirginia/workspace/DeepfakeDetectionRenewed/data/vcc2020/audio/T32/task1/team32_intra-TEM1_SEM1_E30001.wav,1,VCC2020_T32,
val,/lambda/nfs/algovirginia/workspace/DeepfakeDetectionRenewed/data/wavefake/generated_audio/ljspeech_full_band_melgan/LJ050-0241_gen.wav,1,ljspeech_full_band_melgan,
val,/lambda/nfs/algovirginia/workspace/DeepfakeDetectionRenewed/data/vcc2020/audio/T04/task1/team04_intra-TEM1_SEM1_E30001.wav,1,VCC2020_T04,
val,__hf__,0,librispeech,1553
val,__hf__,0,librispeech,14216
val,/lambda/nfs/algovirginia/workspace/DeepfakeDetectionRenewed/data/vcc2020/audio/T31/task1/team31_intra-TEF1_SEF1_E30005.wav,1,VCC2020_T31,
val,/lambda/nfs/algovirginia/workspace/DeepfakeDetectionRenewed/data/vcc2020/audio/T31/task1/team31_intra-TEF1_SEM2_E30003.wav,1,VCC2020_T31,
val,/lambda/nfs/algovirginia/workspace/DeepfakeDetectionRenewed/data/wavefake/generated_audio/common_voices_prompts_from_conformer_fastspeech2_pwg_ljspeech/gen_4341.wav,1,common_voices_prompts_from_conformer_fastspeech2_pwg_ljspeech,
val,/lambda/nfs/algovirginia/workspace/DeepfakeDetectionRenewed/data/wavefake/generated_audio/common_voices_prompts_from_conformer_fastspeech2_pwg_ljspeech/gen_765.wav,1,common_voices_prompts_from_conformer_fastspeech2_pwg_ljspeech,
val,/lambda/nfs/algovirginia/workspace/DeepfakeDetectionRenewed/data/vcc2020/audio/T04/task1/team04_intra-TEF1_SEF2_E30004.wav,1,VCC2020_T04,
val,__hf__,0,librispeech,13168
val,/lambda/nfs/algovirginia/workspace/DeepfakeDetectionRenewed/data/wavefake/generated_audio/ljspeech_parallel_wavegan/LJ003-0089_gen.wav,1,ljspeech_parallel_wavegan,
val,__hf__,0,librispeech,25974
val,/lambda/nfs/algovirginia/workspace/DeepfakeDetectionRenewed/data/vcc2020/audio/T24/task1/team24_intra-TEF2_SEM1_E30005.wav,1,VCC2020_T24,
val,__hf__,0,librispeech,23100
val,/lambda/nfs/algovirginia/workspace/DeepfakeDetectionRenewed/data/wavefake/generated_audio/ljspeech_full_band_melgan/LJ024-0049_gen.wav,1,ljspeech_full_band_melgan,
val,/lambda/nfs/algovirginia/workspace/DeepfakeDetectionRenewed/data/wavefake/generated_audio/ljspeech_hifiGAN/LJ012-0205_generated.wav,1,ljspeech_hifiGAN,
val,__hf__,0,librispeech,14276
val,__hf__,0,librispeech,14368
val,__hf__,0,librispeech,4228
val,__hf__,0,librispeech,23473
val,/lambda/nfs/algovirginia/workspace/DeepfakeDetectionRenewed/data/vcc2020/audio/T13/task1/team13_intra-TEM2_SEM1_E30001.wav,1,VCC2020_T13,
val,/lambda/nfs/algovirginia/workspace/DeepfakeDetectionRenewed/data/wavefake/generated_audio/ljspeech_hifiGAN/LJ046-0039_generated.wav,1,ljspeech_hifiGAN,
val,/lambda/nfs/algovirginia/workspace/DeepfakeDetectionRenewed/data/vcc2020/audio/T02/task1/team02_intra-TEM1_SEM1_E30002.wav,1,VCC2020_T02,
val,/lambda/nfs/algovirginia/workspace/DeepfakeDetectionRenewed/data/wavefake/generated_audio/ljspeech_full_band_melgan/LJ011-0254_gen.wav,1,ljspeech_full_band_melgan,
val,__hf__,0,librispeech,4399
val,/lambda/nfs/algovirginia/workspace/DeepfakeDetectionRenewed/data/vcc2020/audio/T26/task1/team26_intra-TEF1_SEF1_E30002.wav,1,VCC2020_T26,
val,__hf__,0,librispeech,14757
val,/lambda/nfs/algovirginia/workspace/DeepfakeDetectionRenewed/data/wavefake/generated_audio/ljspeech_full_band_melgan/LJ046-0163_gen.wav,1,ljspeech_full_band_melgan,
val,__hf__,0,librispeech,17537
val,/lambda/nfs/algovirginia/workspace/DeepfakeDetectionRenewed/data/wavefake/generated_audio/ljspeech_hifiGAN/LJ015-0207_generated.wav,1,ljspeech_hifiGAN,
val,/lambda/nfs/algovirginia/workspace/DeepfakeDetectionRenewed/data/vcc2020/audio/T25/task1/team25_intra-TEF1_SEF1_E30002.wav,1,VCC2020_T25,
val,/lambda/nfs/algovirginia/workspace/DeepfakeDetectionRenewed/data/wavefake/generated_audio/common_voices_prompts_from_conformer_fastspeech2_pwg_ljspeech/gen_3678.wav,1,common_voices_prompts_from_conformer_fastspeech2_pwg_ljspeech,
val,/lambda/nfs/algovirginia/workspace/DeepfakeDetectionRenewed/data/vcc2020/audio/T04/task1/team04_intra-TEF1_SEM1_E30005.wav,1,VCC2020_T04,
val,__hf__,0,librispeech,20878
val,__hf__,0,librispeech,28264
val,__hf__,0,librispeech,3624
val,/lambda/nfs/algovirginia/workspace/DeepfakeDetectionRenewed/data/wavefake/generated_audio/ljspeech_parallel_wavegan/LJ018-0180_gen.wav,1,ljspeech_parallel_wavegan,
val,__hf__,0,librispeech,4567
val,/lambda/nfs/algovirginia/workspace/DeepfakeDetectionRenewed/data/wavefake/generated_audio/ljspeech_full_band_melgan/LJ039-0121_gen.wav,1,ljspeech_full_band_melgan,
val,/lambda/nfs/algovirginia/workspace/DeepfakeDetectionRenewed/data/wavefake/generated_audio/common_voices_prompts_from_conformer_fastspeech2_pwg_ljspeech/gen_9112.wav,1,common_voices_prompts_from_conformer_fastspeech2_pwg_ljspeech,
val,__hf__,0,librispeech,21037
val,__hf__,0,librispeech,8721
val,/lambda/nfs/algovirginia/workspace/DeepfakeDetectionRenewed/data/vcc2020/audio/T12/task1/team12_intra-TEF1_SEM1_E30005.wav,1,VCC2020_T12,
val,__hf__,0,librispeech,21484
val,__hf__,0,librispeech,2661
val,__hf__,0,librispeech,16052
val,/lambda/nfs/algovirginia/workspace/DeepfakeDetectionRenewed/data/vcc2020/audio/T06/task1/team06_intra-TEF1_SEM1_E30005.wav,1,VCC2020_T06,
val,/lambda/nfs/algovirginia/workspace/DeepfakeDetectionRenewed/data/wavefake/generated_audio/ljspeech_parallel_wavegan/LJ028-0407_gen.wav,1,ljspeech_parallel_wavegan,
val,__hf__,0,librispeech,8335
val,/lambda/nfs/algovirginia/workspace/DeepfakeDetectionRenewed/data/wavefake/generated_audio/common_voices_prompts_from_conformer_fastspeech2_pwg_ljspeech/gen_4690.wav,1,common_voices_prompts_from_conformer_fastspeech2_pwg_ljspeech,
val,__hf__,0,librispeech,27365
val,/lambda/nfs/algovirginia/workspace/DeepfakeDetectionRenewed/data/wavefake/generated_audio/ljspeech_hifiGAN/LJ048-0260_generated.wav,1,ljspeech_hifiGAN,
val,/lambda/nfs/algovirginia/workspace/DeepfakeDetectionRenewed/data/wavefake/generated_audio/ljspeech_parallel_wavegan/LJ018-0120_gen.wav,1,ljspeech_parallel_wavegan,
val,/lambda/nfs/algovirginia/workspace/DeepfakeDetectionRenewed/data/wavefake/generated_audio/ljspeech_parallel_wavegan/LJ042-0033_gen.wav,1,ljspeech_parallel_wavegan,
val,/lambda/nfs/algovirginia/workspace/DeepfakeDetectionRenewed/data/vcc2020/audio/T17/task1/team17_intra-TEM1_SEF1_E30003.wav,1,VCC2020_T17,
val,/lambda/nfs/algovirginia/workspace/DeepfakeDetectionRenewed/data/vcc2020/audio/T06/task1/team06_intra-TEF1_SEF1_E30005.wav,1,VCC2020_T06,
val,/lambda/nfs/algovirginia/workspace/DeepfakeDetectionRenewed/data/vcc2020/audio/T13/task1/team13_intra-TEM2_SEF1_E30003.wav,1,VCC2020_T13,
val,__hf__,0,librispeech,26708
val,/lambda/nfs/algovirginia/workspace/DeepfakeDetectionRenewed/data/wavefake/generated_audio/ljspeech_parallel_wavegan/LJ014-0142_gen.wav,1,ljspeech_parallel_wavegan,
val,__hf__,0,librispeech,11590
val,/lambda/nfs/algovirginia/workspace/DeepfakeDetectionRenewed/data/wavefake/generated_audio/ljspeech_hifiGAN/LJ021-0127_generated.wav,1,ljspeech_hifiGAN,
val,/lambda/nfs/algovirginia/workspace/DeepfakeDetectionRenewed/data/wavefake/generated_audio/ljspeech_parallel_wavegan/LJ009-0097_gen.wav,1,ljspeech_parallel_wavegan,
val,__hf__,0,librispeech,25596
val,/lambda/nfs/algovirginia/workspace/DeepfakeDetectionRenewed/data/vcc2020/audio/T13/task1/team13_intra-TEM2_SEF1_E30002.wav,1,VCC2020_T13,
val,__hf__,0,librispeech,12711
val,__hf__,0,librispeech,10428
val,__hf__,0,librispeech,385
val,__hf__,0,librispeech,14229
val,/lambda/nfs/algovirginia/workspace/DeepfakeDetectionRenewed/data/wavefake/generated_audio/ljspeech_parallel_wavegan/LJ008-0110_gen.wav,1,ljspeech_parallel_wavegan,
val,/lambda/nfs/algovirginia/workspace/DeepfakeDetectionRenewed/data/vcc2020/audio/T19/task1/team19_intra-TEF1_SEF1_E30001.wav,1,VCC2020_T19,
val,__hf__,0,librispeech,3573
val,__hf__,0,librispeech,19214
val,/lambda/nfs/algovirginia/workspace/DeepfakeDetectionRenewed/data/wavefake/generated_audio/ljspeech_hifiGAN/LJ027-0052_generated.wav,1,ljspeech_hifiGAN,
val,__hf__,0,librispeech,26898
val,__hf__,0,librispeech,20436
val,__hf__,0,librispeech,19022
val,__hf__,0,librispeech,17462
val,__hf__,0,librispeech,27458
val,__hf__,0,librispeech,581
val,/lambda/nfs/algovirginia/workspace/DeepfakeDetectionRenewed/data/vcc2020/audio/T09/task1/team09_intra-TEM1_SEF1_E30002.wav,1,VCC2020_T09,
val,__hf__,0,librispeech,19539
val,/lambda/nfs/algovirginia/workspace/DeepfakeDetectionRenewed/data/vcc2020/audio/T09/task1/team09_intra-TEF2_SEF2_E30002.wav,1,VCC2020_T09,
val,__hf__,0,librispeech,3974
val,__hf__,0,librispeech,27039
val,/lambda/nfs/algovirginia/workspace/DeepfakeDetectionRenewed/data/vcc2020/audio/T19/task1/team19_intra-TEM2_SEM1_E30005.wav,1,VCC2020_T19,
val,/lambda/nfs/algovirginia/workspace/DeepfakeDetectionRenewed/data/vcc2020/audio/T32/task1/team32_intra-TEF1_SEM2_E30003.wav,1,VCC2020_T32,
val,/lambda/nfs/algovirginia/workspace/DeepfakeDetectionRenewed/data/wavefake/generated_audio/ljspeech_hifiGAN/LJ028-0444_generated.wav,1,ljspeech_hifiGAN,
val,/lambda/nfs/algovirginia/workspace/DeepfakeDetectionRenewed/data/wavefake/generated_audio/common_voices_prompts_from_conformer_fastspeech2_pwg_ljspeech/gen_15771.wav,1,common_voices_prompts_from_conformer_fastspeech2_pwg_ljspeech,
val,__hf__,0,librispeech,21379
val,/lambda/nfs/algovirginia/workspace/DeepfakeDetectionRenewed/data/vcc2020/audio/T07/task1/team07_intra-TEF2_SEM1_E30003.wav,1,VCC2020_T07,
val,__hf__,0,librispeech,12633
val,/lambda/nfs/algovirginia/workspace/DeepfakeDetectionRenewed/data/wavefake/generated_audio/ljspeech_full_band_melgan/LJ003-0164_gen.wav,1,ljspeech_full_band_melgan,
val,__hf__,0,librispeech,15479
val,__hf__,0,librispeech,3442
val,/lambda/nfs/algovirginia/workspace/DeepfakeDetectionRenewed/data/vcc2020/audio/T25/task1/team25_intra-TEM1_SEF2_E30005.wav,1,VCC2020_T25,
val,__hf__,0,librispeech,22014
val,/lambda/nfs/algovirginia/workspace/DeepfakeDetectionRenewed/data/wavefake/generated_audio/ljspeech_parallel_wavegan/LJ038-0295_gen.wav,1,ljspeech_parallel_wavegan,
val,/lambda/nfs/algovirginia/workspace/DeepfakeDetectionRenewed/data/vcc2020/audio/T03/task1/team03_intra-TEF2_SEF2_E30001.wav,1,VCC2020_T03,
val,__hf__,0,librispeech,21843
val,__hf__,0,librispeech,25949
val,/lambda/nfs/algovirginia/workspace/DeepfakeDetectionRenewed/data/wavefake/generated_audio/ljspeech_full_band_melgan/LJ013-0230_gen.wav,1,ljspeech_full_band_melgan,
val,/lambda/nfs/algovirginia/workspace/DeepfakeDetectionRenewed/data/vcc2020/audio/T24/task1/team24_intra-TEF2_SEF2_E30001.wav,1,VCC2020_T24,
val,/lambda/nfs/algovirginia/workspace/DeepfakeDetectionRenewed/data/wavefake/generated_audio/ljspeech_full_band_melgan/LJ013-0022_gen.wav,1,ljspeech_full_band_melgan,
val,/lambda/nfs/algovirginia/workspace/DeepfakeDetectionRenewed/data/vcc2020/audio/T33/task1/team33_intra-TEF2_SEF2_E30003.wav,1,VCC2020_T33,
val,/lambda/nfs/algovirginia/workspace/DeepfakeDetectionRenewed/data/vcc2020/audio/T07/task1/team07_intra-TEF2_SEM2_E30003.wav,1,VCC2020_T07,
val,/lambda/nfs/algovirginia/workspace/DeepfakeDetectionRenewed/data/wavefake/generated_audio/ljspeech_full_band_melgan/LJ032-0135_gen.wav,1,ljspeech_full_band_melgan,
val,__hf__,0,librispeech,9036
val,/lambda/nfs/algovirginia/workspace/DeepfakeDetectionRenewed/data/vcc2020/audio/T25/task1/team25_intra-TEM1_SEM1_E30004.wav,1,VCC2020_T25,
val,__hf__,0,librispeech,8940
val,/lambda/nfs/algovirginia/workspace/DeepfakeDetectionRenewed/data/vcc2020/audio/T12/task1/team12_intra-TEM2_SEF1_E30003.wav,1,VCC2020_T12,
val,/lambda/nfs/algovirginia/workspace/DeepfakeDetectionRenewed/data/wavefake/generated_audio/common_voices_prompts_from_conformer_fastspeech2_pwg_ljspeech/gen_1114.wav,1,common_voices_prompts_from_conformer_fastspeech2_pwg_ljspeech,
val,__hf__,0,librispeech,7748
val,__hf__,0,librispeech,26029
val,/lambda/nfs/algovirginia/workspace/DeepfakeDetectionRenewed/data/wavefake/generated_audio/ljspeech_full_band_melgan/LJ048-0103_gen.wav,1,ljspeech_full_band_melgan,
val,/lambda/nfs/algovirginia/workspace/DeepfakeDetectionRenewed/data/wavefake/generated_audio/common_voices_prompts_from_conformer_fastspeech2_pwg_ljspeech/gen_11388.wav,1,common_voices_prompts_from_conformer_fastspeech2_pwg_ljspeech,
val,/lambda/nfs/algovirginia/workspace/DeepfakeDetectionRenewed/data/wavefake/generated_audio/common_voices_prompts_from_conformer_fastspeech2_pwg_ljspeech/gen_9638.wav,1,common_voices_prompts_from_conformer_fastspeech2_pwg_ljspeech,
val,/lambda/nfs/algovirginia/workspace/DeepfakeDetectionRenewed/data/vcc2020/audio/T31/task1/team31_intra-TEF2_SEF2_E30005.wav,1,VCC2020_T31,
val,__hf__,0,librispeech,15332
val,__hf__,0,librispeech,6371
val,__hf__,0,librispeech,16490
val,__hf__,0,librispeech,21348
val,__hf__,0,librispeech,14055
val,/lambda/nfs/algovirginia/workspace/DeepfakeDetectionRenewed/data/wavefake/generated_audio/ljspeech_parallel_wavegan/LJ019-0179_gen.wav,1,ljspeech_parallel_wavegan,
val,/lambda/nfs/algovirginia/workspace/DeepfakeDetectionRenewed/data/vcc2020/audio/T22/task1/team22_intra-TEF1_SEM2_E30002.wav,1,VCC2020_T22,
val,/lambda/nfs/algovirginia/workspace/DeepfakeDetectionRenewed/data/vcc2020/audio/T13/task1/team13_intra-TEM1_SEM2_E30005.wav,1,VCC2020_T13,
val,/lambda/nfs/algovirginia/workspace/DeepfakeDetectionRenewed/data/wavefake/generated_audio/common_voices_prompts_from_conformer_fastspeech2_pwg_ljspeech/gen_8336.wav,1,common_voices_prompts_from_conformer_fastspeech2_pwg_ljspeech,
val,/lambda/nfs/algovirginia/workspace/DeepfakeDetectionRenewed/data/wavefake/generated_audio/common_voices_prompts_from_conformer_fastspeech2_pwg_ljspeech/gen_15885.wav,1,common_voices_prompts_from_conformer_fastspeech2_pwg_ljspeech,
val,__hf__,0,librispeech,9164
val,__hf__,0,librispeech,13317
val,/lambda/nfs/algovirginia/workspace/DeepfakeDetectionRenewed/data/vcc2020/audio/T24/task1/team24_intra-TEF1_SEM2_E30003.wav,1,VCC2020_T24,
val,/lambda/nfs/algovirginia/workspace/DeepfakeDetectionRenewed/data/vcc2020/audio/T28/task1/team28_intra-TEM1_SEF1_E30002.wav,1,VCC2020_T28,
val,/lambda/nfs/algovirginia/workspace/DeepfakeDetectionRenewed/data/wavefake/generated_audio/common_voices_prompts_from_conformer_fastspeech2_pwg_ljspeech/gen_10471.wav,1,common_voices_prompts_from_conformer_fastspeech2_pwg_ljspeech,
val,/lambda/nfs/algovirginia/workspace/DeepfakeDetectionRenewed/data/vcc2020/audio/T07/task1/team07_intra-TEF2_SEM2_E30002.wav,1,VCC2020_T07,
val,/lambda/nfs/algovirginia/workspace/DeepfakeDetectionRenewed/data/wavefake/generated_audio/ljspeech_full_band_melgan/LJ010-0116_gen.wav,1,ljspeech_full_band_melgan,
val,__hf__,0,librispeech,22188
val,/lambda/nfs/algovirginia/workspace/DeepfakeDetectionRenewed/data/vcc2020/audio/T21/task1/team21_intra-TEM1_SEF1_E30005.wav,1,VCC2020_T21,
val,/lambda/nfs/algovirginia/workspace/DeepfakeDetectionRenewed/data/wavefake/generated_audio/ljspeech_parallel_wavegan/LJ028-0037_gen.wav,1,ljspeech_parallel_wavegan,
val,/lambda/nfs/algovirginia/workspace/DeepfakeDetectionRenewed/data/vcc2020/audio/T16/task1/team16_intra-TEF2_SEF1_E30005.wav,1,VCC2020_T16,
val,/lambda/nfs/algovirginia/workspace/DeepfakeDetectionRenewed/data/vcc2020/audio/T24/task1/team24_intra-TEM2_SEM1_E30001.wav,1,VCC2020_T24,
val,__hf__,0,librispeech,19540
val,/lambda/nfs/algovirginia/workspace/DeepfakeDetectionRenewed/data/wavefake/generated_audio/ljspeech_full_band_melgan/LJ038-0166_gen.wav,1,ljspeech_full_band_melgan,
val,/lambda/nfs/algovirginia/workspace/DeepfakeDetectionRenewed/data/vcc2020/audio/T29/task1/team29_intra-TEM1_SEF1_E30002.wav,1,VCC2020_T29,
val,/lambda/nfs/algovirginia/workspace/DeepfakeDetectionRenewed/data/wavefake/generated_audio/ljspeech_full_band_melgan/LJ044-0128_gen.wav,1,ljspeech_full_band_melgan,
val,__hf__,0,librispeech,25836
val,__hf__,0,librispeech,26514
val,__hf__,0,librispeech,8898
val,/lambda/nfs/algovirginia/workspace/DeepfakeDetectionRenewed/data/wavefake/generated_audio/common_voices_prompts_from_conformer_fastspeech2_pwg_ljspeech/gen_14679.wav,1,common_voices_prompts_from_conformer_fastspeech2_pwg_ljspeech,
val,__hf__,0,librispeech,26741
val,/lambda/nfs/algovirginia/workspace/DeepfakeDetectionRenewed/data/wavefake/generated_audio/ljspeech_parallel_wavegan/LJ021-0065_gen.wav,1,ljspeech_parallel_wavegan,
val,/lambda/nfs/algovirginia/workspace/DeepfakeDetectionRenewed/data/vcc2020/audio/T29/task1/team29_intra-TEM1_SEF2_E30004.wav,1,VCC2020_T29,
val,__hf__,0,librispeech,17968
val,/lambda/nfs/algovirginia/workspace/DeepfakeDetectionRenewed/data/vcc2020/audio/T20/task1/team20_intra-TEM2_SEM2_E30003.wav,1,VCC2020_T20,
val,__hf__,0,librispeech,26212
val,/lambda/nfs/algovirginia/workspace/DeepfakeDetectionRenewed/data/vcc2020/audio/T13/task1/team13_intra-TEM2_SEM2_E30005.wav,1,VCC2020_T13,
val,__hf__,0,librispeech,17233
val,/lambda/nfs/algovirginia/workspace/DeepfakeDetectionRenewed/data/wavefake/generated_audio/common_voices_prompts_from_conformer_fastspeech2_pwg_ljspeech/gen_5679.wav,1,common_voices_prompts_from_conformer_fastspeech2_pwg_ljspeech,
val,__hf__,0,librispeech,6992
val,/lambda/nfs/algovirginia/workspace/DeepfakeDetectionRenewed/data/vcc2020/audio/T11/task1/team11_intra-TEF2_SEF2_E30002.wav,1,VCC2020_T11,
val,/lambda/nfs/algovirginia/workspace/DeepfakeDetectionRenewed/data/wavefake/generated_audio/ljspeech_parallel_wavegan/LJ042-0153_gen.wav,1,ljspeech_parallel_wavegan,
val,/lambda/nfs/algovirginia/workspace/DeepfakeDetectionRenewed/data/wavefake/generated_audio/ljspeech_hifiGAN/LJ016-0074_generated.wav,1,ljspeech_hifiGAN,
val,__hf__,0,librispeech,11818
val,__hf__,0,librispeech,4950
val,__hf__,0,librispeech,26221
val,/lambda/nfs/algovirginia/workspace/DeepfakeDetectionRenewed/data/wavefake/generated_audio/ljspeech_hifiGAN/LJ015-0165_generated.wav,1,ljspeech_hifiGAN,
val,/lambda/nfs/algovirginia/workspace/DeepfakeDetectionRenewed/data/wavefake/generated_audio/ljspeech_hifiGAN/LJ041-0203_generated.wav,1,ljspeech_hifiGAN,
val,/lambda/nfs/algovirginia/workspace/DeepfakeDetectionRenewed/data/vcc2020/audio/T33/task1/team33_intra-TEM2_SEF2_E30004.wav,1,VCC2020_T33,
val,__hf__,0,librispeech,7118
val,/lambda/nfs/algovirginia/workspace/DeepfakeDetectionRenewed/data/vcc2020/audio/T09/task1/team09_intra-TEM2_SEF2_E30003.wav,1,VCC2020_T09,
val,/lambda/nfs/algovirginia/workspace/DeepfakeDetectionRenewed/data/vcc2020/audio/T30/task1/team30_intra-TEM2_SEF2_E30002.wav,1,VCC2020_T30,
val,/lambda/nfs/algovirginia/workspace/DeepfakeDetectionRenewed/data/wavefake/generated_audio/common_voices_prompts_from_conformer_fastspeech2_pwg_ljspeech/gen_163.wav,1,common_voices_prompts_from_conformer_fastspeech2_pwg_ljspeech,
val,__hf__,0,librispeech,12986
val,__hf__,0,librispeech,10947
val,/lambda/nfs/algovirginia/workspace/DeepfakeDetectionRenewed/data/wavefake/generated_audio/ljspeech_parallel_wavegan/LJ029-0082_gen.wav,1,ljspeech_parallel_wavegan,
val,__hf__,0,librispeech,11207
val,__hf__,0,librispeech,13476
val,/lambda/nfs/algovirginia/workspace/DeepfakeDetectionRenewed/data/wavefake/generated_audio/ljspeech_hifiGAN/LJ028-0350_generated.wav,1,ljspeech_hifiGAN,
val,/lambda/nfs/algovirginia/workspace/DeepfakeDetectionRenewed/data/wavefake/generated_audio/ljspeech_parallel_wavegan/LJ023-0034_gen.wav,1,ljspeech_parallel_wavegan,
val,__hf__,0,librispeech,4230
val,/lambda/nfs/algovirginia/workspace/DeepfakeDetectionRenewed/data/vcc2020/audio/T03/task1/team03_intra-TEM1_SEM2_E30004.wav,1,VCC2020_T03,
val,__hf__,0,librispeech,7087
val,__hf__,0,librispeech,18881
val,/lambda/nfs/algovirginia/workspace/DeepfakeDetectionRenewed/data/wavefake/generated_audio/common_voices_prompts_from_conformer_fastspeech2_pwg_ljspeech/gen_9476.wav,1,common_voices_prompts_from_conformer_fastspeech2_pwg_ljspeech,
val,__hf__,0,librispeech,1747
val,/lambda/nfs/algovirginia/workspace/DeepfakeDetectionRenewed/data/wavefake/generated_audio/ljspeech_parallel_wavegan/LJ042-0197_gen.wav,1,ljspeech_parallel_wavegan,
val,__hf__,0,librispeech,2212
val,/lambda/nfs/algovirginia/workspace/DeepfakeDetectionRenewed/data/vcc2020/audio/T16/task1/team16_intra-TEM2_SEF1_E30003.wav,1,VCC2020_T16,
val,__hf__,0,librispeech,11950
val,__hf__,0,librispeech,12090
val,/lambda/nfs/algovirginia/workspace/DeepfakeDetectionRenewed/data/vcc2020/audio/T22/task1/team22_intra-TEF1_SEF2_E30001.wav,1,VCC2020_T22,
val,__hf__,0,librispeech,18805
val,/lambda/nfs/algovirginia/workspace/DeepfakeDetectionRenewed/data/wavefake/generated_audio/ljspeech_hifiGAN/LJ009-0181_generated.wav,1,ljspeech_hifiGAN,
val,__hf__,0,librispeech,23080
val,__hf__,0,librispeech,12458
val,__hf__,0,librispeech,13813
val,__hf__,0,librispeech,9786
val,__hf__,0,librispeech,9326
val,__hf__,0,librispeech,10444
val,__hf__,0,librispeech,6020
val,/lambda/nfs/algovirginia/workspace/DeepfakeDetectionRenewed/data/wavefake/generated_audio/ljspeech_hifiGAN/LJ018-0306_generated.wav,1,ljspeech_hifiGAN,
val,/lambda/nfs/algovirginia/workspace/DeepfakeDetectionRenewed/data/wavefake/generated_audio/ljspeech_hifiGAN/LJ012-0061_generated.wav,1,ljspeech_hifiGAN,
val,__hf__,0,librispeech,26953
val,/lambda/nfs/algovirginia/workspace/DeepfakeDetectionRenewed/data/vcc2020/audio/T02/task1/team02_intra-TEM2_SEF1_E30003.wav,1,VCC2020_T02,
val,/lambda/nfs/algovirginia/workspace/DeepfakeDetectionRenewed/data/vcc2020/audio/T18/task1/team18_intra-TEM1_SEF1_E30005.wav,1,VCC2020_T18,
val,__hf__,0,librispeech,12251
val,__hf__,0,librispeech,19671
val,/lambda/nfs/algovirginia/workspace/DeepfakeDetectionRenewed/data/vcc2020/audio/T33/task1/team33_intra-TEM1_SEF1_E30003.wav,1,VCC2020_T33,
val,/lambda/nfs/algovirginia/workspace/DeepfakeDetectionRenewed/data/wavefake/generated_audio/ljspeech_hifiGAN/LJ047-0168_generated.wav,1,ljspeech_hifiGAN,
val,__hf__,0,librispeech,25474
val,__hf__,0,librispeech,17301
val,/lambda/nfs/algovirginia/workspace/DeepfakeDetectionRenewed/data/wavefake/generated_audio/ljspeech_parallel_wavegan/LJ008-0135_gen.wav,1,ljspeech_parallel_wavegan,
val,__hf__,0,librispeech,6860
val,/lambda/nfs/algovirginia/workspace/DeepfakeDetectionRenewed/data/vcc2020/audio/T06/task1/team06_intra-TEF2_SEF2_E30005.wav,1,VCC2020_T06,
val,/lambda/nfs/algovirginia/workspace/DeepfakeDetectionRenewed/data/wavefake/generated_audio/common_voices_prompts_from_conformer_fastspeech2_pwg_ljspeech/gen_16169.wav,1,common_voices_prompts_from_conformer_fastspeech2_pwg_ljspeech,
val,__hf__,0,librispeech,17177
val,__hf__,0,librispeech,17512
val,/lambda/nfs/algovirginia/workspace/DeepfakeDetectionRenewed/data/wavefake/generated_audio/ljspeech_hifiGAN/LJ010-0286_generated.wav,1,ljspeech_hifiGAN,
val,__hf__,0,librispeech,15027
val,/lambda/nfs/algovirginia/workspace/DeepfakeDetectionRenewed/data/wavefake/generated_audio/ljspeech_parallel_wavegan/LJ015-0311_gen.wav,1,ljspeech_parallel_wavegan,
val,__hf__,0,librispeech,14213
val,/lambda/nfs/algovirginia/workspace/DeepfakeDetectionRenewed/data/wavefake/generated_audio/common_voices_prompts_from_conformer_fastspeech2_pwg_ljspeech/gen_15178.wav,1,common_voices_prompts_from_conformer_fastspeech2_pwg_ljspeech,
val,__hf__,0,librispeech,22295
val,/lambda/nfs/algovirginia/workspace/DeepfakeDetectionRenewed/data/wavefake/generated_audio/ljspeech_parallel_wavegan/LJ027-0165_gen.wav,1,ljspeech_parallel_wavegan,
val,__hf__,0,librispeech,7909
val,__hf__,0,librispeech,15541
val,__hf__,0,librispeech,13687
val,/lambda/nfs/algovirginia/workspace/DeepfakeDetectionRenewed/data/vcc2020/audio/T19/task1/team19_intra-TEM2_SEF1_E30005.wav,1,VCC2020_T19,
val,__hf__,0,librispeech,22726
val,/lambda/nfs/algovirginia/workspace/DeepfakeDetectionRenewed/data/wavefake/generated_audio/common_voices_prompts_from_conformer_fastspeech2_pwg_ljspeech/gen_10035.wav,1,common_voices_prompts_from_conformer_fastspeech2_pwg_ljspeech,
val,/lambda/nfs/algovirginia/workspace/DeepfakeDetectionRenewed/data/vcc2020/audio/T27/task1/team27_intra-TEF1_SEM1_E30002.wav,1,VCC2020_T27,
val,/lambda/nfs/algovirginia/workspace/DeepfakeDetectionRenewed/data/wavefake/generated_audio/common_voices_prompts_from_conformer_fastspeech2_pwg_ljspeech/gen_6031.wav,1,common_voices_prompts_from_conformer_fastspeech2_pwg_ljspeech,
val,__hf__,0,librispeech,9478
val,/lambda/nfs/algovirginia/workspace/DeepfakeDetectionRenewed/data/wavefake/generated_audio/common_voices_prompts_from_conformer_fastspeech2_pwg_ljspeech/gen_878.wav,1,common_voices_prompts_from_conformer_fastspeech2_pwg_ljspeech,
val,/lambda/nfs/algovirginia/workspace/DeepfakeDetectionRenewed/data/vcc2020/audio/T02/task1/team02_intra-TEM1_SEF2_E30002.wav,1,VCC2020_T02,
val,__hf__,0,librispeech,6177
val,__hf__,0,librispeech,16460
val,__hf__,0,librispeech,19574
val,/lambda/nfs/algovirginia/workspace/DeepfakeDetectionRenewed/data/vcc2020/audio/T19/task1/team19_intra-TEM1_SEF1_E30004.wav,1,VCC2020_T19,
val,/lambda/nfs/algovirginia/workspace/DeepfakeDetectionRenewed/data/vcc2020/audio/T17/task1/team17_intra-TEM2_SEM1_E30001.wav,1,VCC2020_T17,
val,__hf__,0,librispeech,21980
val,__hf__,0,librispeech,21224
