sample_id,system,label,raw_logit,C,T,cal_logit
fake__en__Cartesia.ai__Sonic-3___dorothy_and_wizard_oz_06_f000040,Cartesia.ai (Sonic-3),1,7.938098430633545,14.531673431396484,2.5960293736250355,2.934756051068626
fake__en__Cartesia.ai__Sonic-3___dorothy_and_wizard_oz_12_f000027,Cartesia.ai (Sonic-3),1,5.640260696411133,12.93978786468506,2.469712399591855,1.7768950932601442
fake__en__Cartesia.ai__Sonic-3___hunters_space_02_f000038,Cartesia.ai (Sonic-3),1,6.235862255096436,14.864764213562012,2.837628498519472,1.8428566450416957
fake__en__Cartesia.ai__Sonic-3___hunters_space_12_f000054,Cartesia.ai (Sonic-3),1,4.18450403213501,13.673490524291992,2.724070099041542,0.8790498057885262
fake__en__Cartesia.ai__Sonic-3___piratesofersatz_03_leinster_64kb_f000083,Cartesia.ai (Sonic-3),1,7.787867546081543,12.627395629882812,2.45117246865943,2.6030078398764513
fake__en__Cartesia.ai__Sonic-3___silent_bullet_02_f000003,Cartesia.ai (Sonic-3),1,5.460583209991455,13.887187004089355,2.620297576845503,1.6775290914945438
fake__en__Cartesia.ai__Sonic-3___silent_bullet_06_f000153,Cartesia.ai (Sonic-3),1,7.864316940307617,13.744749069213867,2.6354770754994985,2.5904497792121184
fake__en__Cartesia.ai__Sonic-3___silent_bullet_07_f000105,Cartesia.ai (Sonic-3),1,3.880476474761963,13.579696655273438,2.6206876807210744,0.9371918054283236
fake__en__Cartesia.ai__Sonic-3___silent_bullet_10_f000160,Cartesia.ai (Sonic-3),1,4.802805423736572,13.123236656188965,2.5899016769555243,1.242813081412245
fake__en__Cartesia.ai__Sonic-3___silent_bullet_11_f000273,Cartesia.ai (Sonic-3),1,4.895738124847412,14.84796142578125,2.894060933930533,1.173049487970525
fake__en__Cartesia.ai__Sonic-3___silent_bullet_11_f000332,Cartesia.ai (Sonic-3),1,1.6434218883514404,12.666918754577637,2.3491607819776914,0.3018632799674867
fake__en__Chatterbox__dorothy_and_wizard_oz_08_f000065,Chatterbox,1,4.740870952606201,13.917970657348633,2.672543747741811,1.2826372866403355
fake__en__Chatterbox__dorothy_and_wizard_oz_14_f000118,Chatterbox,1,3.901158332824707,13.938468933105469,2.613506714088408,1.0595979025737678
fake__en__Chatterbox__hunters_space_07_f000061,Chatterbox,1,5.685685157775879,14.819025993347168,2.7839990637783925,1.7025139717347333
fake__en__Chatterbox__hunters_space_18_f000010,Chatterbox,1,4.518158435821533,13.916439056396484,2.674780649153048,1.1850137609404017
fake__en__Chatterbox__piratesofersatz_01_leinster_64kb_f000228,Chatterbox,1,-2.69379997253418,13.99399471282959,2.7763340004962216,-1.9997793218191136
fake__en__Chatterbox__piratesofersatz_03_leinster_64kb_f000157,Chatterbox,1,-2.038153886795044,14.513716697692873,2.725927862507127,-1.4776158669221682
fake__en__Chatterbox__piratesofersatz_05_leinster_64kb_f000020,Chatterbox,1,-0.0563405081629753,14.19174098968506,2.6016529664145147,-0.49072140009103815
fake__en__Chatterbox__piratesofersatz_08_leinster_64kb_f000139,Chatterbox,1,2.717573881149292,12.998117446899414,2.5124771873792047,0.5080591805508372
fake__en__Chatterbox__piratesofersatz_10_leinster_64kb_f000158,Chatterbox,1,1.696278095245361,14.356888771057127,2.725093149385435,0.03302382812162386
fake__en__Chatterbox__piratesofersatz_11_leinster_64kb_f000101,Chatterbox,1,0.8451257348060608,15.492952346801758,2.9102130755037967,-0.37800548091890535
fake__en__Chatterbox__silent_bullet_06_f000312,Chatterbox,1,2.524029493331909,14.415887832641602,2.7074185682349783,0.4299952403481716
fake__en__Chatterbox__silent_bullet_07_f000129,Chatterbox,1,1.8366694450378416,13.965476036071776,2.615152889858844,0.20521750958431323
fake__en__Chatterbox__silent_bullet_09_f000280,Chatterbox,1,6.839525699615479,14.900472640991213,2.8043061788528503,2.163969761070548
fake__en__Chatterbox__silent_bullet_10_f000250,Chatterbox,1,1.8130403757095337,14.160734176635742,2.7704598503262274,-0.06630240841254062
fake__en__DeepGram__dorothy_and_wizard_oz_03_f000061,DeepGram,1,3.529825210571289,14.802985191345217,2.800466663286132,0.7875892328307861
fake__en__DeepGram__dorothy_and_wizard_oz_11_f000069,DeepGram,1,6.613795280456543,13.525839805603027,2.573358229752625,2.142346729291262
fake__en__DeepGram__piratesofersatz_01_leinster_64kb_f000118,DeepGram,1,7.190316677093506,13.83579921722412,2.730696459268034,2.1483455157441345
fake__en__DeepGram__piratesofersatz_04_leinster_64kb_f000145,DeepGram,1,6.333471298217773,13.250468254089355,2.552062438823783,1.9893373900517224
fake__en__DeepGram__piratesofersatz_12_leinster_64kb_f000008,DeepGram,1,2.695553541183472,13.860119819641112,2.6478678203327104,0.4786551177714996
fake__en__DeepGram__silent_bullet_02_f000159,DeepGram,1,3.594129800796509,12.765955924987791,2.5469109086466317,0.7310136545413065
fake__en__DeepGram__silent_bullet_04_f000097,DeepGram,1,2.543323040008545,14.900612831115724,2.8146996589356723,0.3819851560481352
fake__en__DeepGram__silent_bullet_05_f000179,DeepGram,1,5.198513984680176,12.88479709625244,2.496196155728781,1.529351078032644
fake__en__DeepGram__silent_bullet_12_f000219,DeepGram,1,5.313980579376221,14.838777542114258,2.8416447920828998,1.4467896127957278
fake__en__Edge-TTS__hunters_space_13_f000101,Edge-TTS,1,5.625777721405029,13.67995262145996,2.6346179263126075,1.6569509267634543
fake__en__Edge-TTS__piratesofersatz_02_leinster_64kb_f000114,Edge-TTS,1,2.95493483543396,9.77859878540039,1.6192766573585755,1.450265222968255
fake__en__Edge-TTS__piratesofersatz_04_leinster_64kb_f000264,Edge-TTS,1,5.293747901916504,13.081899642944336,2.6532498745597044,1.3023896578602001
fake__en__Edge-TTS__piratesofersatz_05_leinster_64kb_f000027,Edge-TTS,1,3.376690149307251,11.861884117126465,2.497129305406013,0.4648618273027537
fake__en__Edge-TTS__piratesofersatz_05_leinster_64kb_f000201,Edge-TTS,1,2.255974531173706,14.170604705810549,2.7694438284346323,0.14605375797453224
fake__en__Edge-TTS__silent_bullet_02_f000052,Edge-TTS,1,4.873851299285889,12.456158638000488,2.4424239464435398,1.3703569727415394
fake__en__Edge-TTS__silent_bullet_10_f000225,Edge-TTS,1,8.177589416503906,14.628789901733398,2.772803141336225,2.710022208075231
fake__en__Edge-TTS__silent_bullet_10_f000287,Edge-TTS,1,2.8673887252807617,14.650652885437012,2.681470478415077,0.7209448991355709
fake__en__Edge-TTS__silent_bullet_13_f000266,Edge-TTS,1,1.579458475112915,11.547762870788574,2.333425612878505,-0.03499186444595492
fake__en__FireRedTTS-2.0__dorothy_and_wizard_oz_09_f000102,FireRedTTS-2.0,1,-0.8473987579345703,13.82907772064209,2.59768292809541,-0.9581120178712879
fake__en__FireRedTTS-2.0__dorothy_and_wizard_oz_14_f000119,FireRedTTS-2.0,1,-2.7478291988372803,11.846834182739258,2.3884143075477664,-1.9583180169525114
fake__en__FireRedTTS-2.0__piratesofersatz_02_leinster_64kb_f000030,FireRedTTS-2.0,1,0.1207149848341941,13.365830421447754,2.678493640446717,-0.8478401457061602
fake__en__FireRedTTS-2.0__piratesofersatz_10_leinster_64kb_f000005,FireRedTTS-2.0,1,-2.9478423595428467,14.263728141784668,2.75449020184661,-2.0495468968591086
fake__en__FireRedTTS-2.0__piratesofersatz_12_leinster_64kb_f000033,FireRedTTS-2.0,1,0.1535545140504837,13.864649772644045,2.524794259836017,-0.3672935105564376
fake__en__FireRedTTS-2.0__piratesofersatz_12_leinster_64kb_f000110,FireRedTTS-2.0,1,-1.2031909227371216,13.604178428649902,2.5641415102910186,-1.112012232447869
fake__en__FireRedTTS-2.0__silent_bullet_03_f000041,FireRedTTS-2.0,1,1.148284673690796,12.132525444030762,2.697908044932347,-0.8229756442100662
fake__en__FireRedTTS-2.0__silent_bullet_03_f000183,FireRedTTS-2.0,1,-3.6937644481658936,13.105509757995604,2.646492334272434,-2.5060219344313612
fake__en__FireRedTTS-2.0__silent_bullet_04_f000141,FireRedTTS-2.0,1,-1.9803513288497925,12.893994331359863,2.496298592275397,-1.5263898716821147
fake__en__FireRedTTS-2.0__silent_bullet_04_f000278,FireRedTTS-2.0,1,0.6337719559669495,13.130215644836426,2.517039338948366,-0.3698489440365735
fake__en__FireRedTTS-2.0__silent_bullet_05_f000127,FireRedTTS-2.0,1,3.634773969650269,13.073969841003418,2.7096263863937984,0.5132895678565286
fake__en__FireRedTTS-2.0__silent_bullet_07_f000299,FireRedTTS-2.0,1,-1.6349295377731323,11.665265083312988,2.1982253005563104,-1.1467000169685766
fake__en__FireRedTTS-2.0__silent_bullet_09_f000197,FireRedTTS-2.0,1,0.3847187459468841,11.51133918762207,2.1267892953637144,-0.17803635197676912
fake__en__FireRedTTS-2.0__silent_bullet_09_f000291,FireRedTTS-2.0,1,-2.9440486431121826,13.485660552978516,2.6834910730784443,-2.1418151710984565
fake__en__FireRedTTS-2.0__silent_bullet_10_f000141,FireRedTTS-2.0,1,-2.493385076522827,11.832887649536133,2.3146829259708865,-1.7026259579307454
fake__en__FireRedTTS-2.0__silent_bullet_11_f000252,FireRedTTS-2.0,1,-3.913721799850464,12.97639274597168,2.528840997247423,-2.4005163012990405
fake__en__FishTTS__dorothy_and_wizard_oz_02_f000150,FishTTS,1,-2.027817964553833,11.866655349731444,2.307332577739844,-1.3776882112289708
fake__en__FishTTS__dorothy_and_wizard_oz_03_f000008,FishTTS,1,3.035172462463379,13.41278076171875,2.6622517781976973,0.44956794940909456
fake__en__FishTTS__dorothy_and_wizard_oz_07_f000046,FishTTS,1,3.219155788421631,12.918336868286133,2.3826402586700337,0.9498209585738853
fake__en__FishTTS__hunters_space_05_f000074,FishTTS,1,0.4824663996696472,14.073534965515137,2.6606369955790825,-0.40046897558177263
fake__en__FishTTS__hunters_space_17_f000018,FishTTS,1,7.1467156410217285,12.478313446044922,2.349798122964297,2.504354829346334
fake__en__FishTTS__piratesofersatz_06_leinster_64kb_f000035,FishTTS,1,3.519050121307373,13.171177864074709,2.5332740541158936,0.8408227396144912
fake__en__FishTTS__piratesofersatz_06_leinster_64kb_f000089,FishTTS,1,4.560474872589111,12.235466003417969,2.5074353294268734,1.0407395334688991
fake__en__FishTTS__piratesofersatz_07_leinster_64kb_f000220,FishTTS,1,3.8908231258392334,12.750876426696776,2.535695698578723,0.8622333219158296
fake__en__FishTTS__piratesofersatz_09_leinster_64kb_f000209,FishTTS,1,0.51901775598526,14.083681106567385,2.7966851657251133,-0.661483158651073
fake__en__FishTTS__piratesofersatz_12_leinster_64kb_f000181,FishTTS,1,7.179332733154297,13.548895835876465,2.710827774078912,2.100436922108225
fake__en__FishTTS__silent_bullet_03_f000018,FishTTS,1,8.205697059631348,13.798809051513672,2.7005773392683645,2.620332587145415
fake__en__FishTTS__silent_bullet_08_f000224,FishTTS,1,0.7652431130409241,14.1002779006958,2.738166664227468,-0.4348302322620882
fake__en__FishTTS__silent_bullet_08_f000278,FishTTS,1,7.578994274139404,13.67814826965332,2.509900831366663,2.7166207908937365
fake__en__FishTTS__silent_bullet_09_f000280,FishTTS,1,4.996953964233398,12.839874267578123,2.6355035355368,1.1405915111697045
fake__en__FishTTS__silent_bullet_11_f000198,FishTTS,1,2.1780307292938232,12.49388027191162,2.5733108359231784,0.0009042643365995695
fake__en__Higgs-Audio-V2__dorothy_and_wizard_oz_02_f000014,Higgs-Audio-V2,1,2.9011340141296387,13.664334297180176,2.645357345596283,0.4937688549624395
fake__en__Higgs-Audio-V2__dorothy_and_wizard_oz_06_f000021,Higgs-Audio-V2,1,2.073414087295532,14.216254234313965,2.5180685911366503,0.5622479973874553
fake__en__Higgs-Audio-V2__dorothy_and_wizard_oz_08_f000005,Higgs-Audio-V2,1,-1.505584716796875,14.775992393493652,2.746377726686985,-1.248175936846819
fake__en__Higgs-Audio-V2__dorothy_and_wizard_oz_11_f000081,Higgs-Audio-V2,1,5.250189304351807,14.66121768951416,2.8322035285665,1.3938951721854664
fake__en__Higgs-Audio-V2__hunters_space_06_f000014,Higgs-Audio-V2,1,-0.6045762896537781,14.179478645324709,2.6497898486081555,-0.8448236521016047
fake__en__Higgs-Audio-V2__hunters_space_08_f000081,Higgs-Audio-V2,1,-0.2965816855430603,14.20991039276123,2.799672186624503,-1.009952688902089
fake__en__Higgs-Audio-V2__hunters_space_12_f000017,Higgs-Audio-V2,1,8.366549491882324,14.193883895874023,2.7000371433543338,2.8410265026603505
fake__en__Higgs-Audio-V2__hunters_space_13_f000054,Higgs-Audio-V2,1,0.1714158803224563,12.929370880126951,2.5514502657325973,-0.679580969037957
fake__en__Higgs-Audio-V2__hunters_space_14_f000033,Higgs-Audio-V2,1,0.6574307084083557,14.26048183441162,2.631263534990457,-0.25160686572492663
fake__en__Higgs-Audio-V2__hunters_space_14_f000057,Higgs-Audio-V2,1,-2.355475425720215,13.773634910583496,2.665294043760521,-1.7320050085700194
fake__en__Higgs-Audio-V2__piratesofersatz_01_leinster_64kb_f000223,Higgs-Audio-V2,1,-2.9748497009277344,13.994851112365724,2.7412580778557016,-2.0832609009193264
fake__en__Higgs-Audio-V2__piratesofersatz_02_leinster_64kb_f000226,Higgs-Audio-V2,1,4.2673540115356445,13.411073684692385,2.682251044397417,0.9219709338078915
fake__en__Higgs-Audio-V2__piratesofersatz_08_leinster_64kb_f000103,Higgs-Audio-V2,1,-0.494546890258789,12.703176498413086,2.532194791319492,-0.9868025725374734
fake__en__Higgs-Audio-V2__piratesofersatz_08_leinster_64kb_f000166,Higgs-Audio-V2,1,3.142688274383545,11.292962074279783,2.23399076764139,0.7440157355522944
fake__en__Higgs-Audio-V2__piratesofersatz_12_leinster_64kb_f000228,Higgs-Audio-V2,1,-2.303555965423584,13.197343826293944,2.682233371350843,-1.9110345221045093
fake__en__Higgs-Audio-V2__silent_bullet_02_f000052,Higgs-Audio-V2,1,-0.3968839049339294,12.844788551330566,2.369591633362387,-0.5750699948418254
fake__en__Higgs-Audio-V2__silent_bullet_03_f000101,Higgs-Audio-V2,1,1.2848297357559204,13.33649730682373,2.641161597763112,-0.27416497065995604
fake__en__Higgs-Audio-V2__silent_bullet_03_f000267,Higgs-Audio-V2,1,3.049907922744751,13.191417694091797,2.601832797756107,0.5080343153678938
fake__en__Higgs-Audio-V2__silent_bullet_05_f000111,Higgs-Audio-V2,1,2.391719341278076,12.77895736694336,2.4288023373036767,0.46195959304857065
fake__en__Higgs-Audio-V2__silent_bullet_06_f000104,Higgs-Audio-V2,1,2.6682534217834477,11.658679008483888,2.3736095180786485,0.3666261374560706
fake__en__Higgs-Audio-V2__silent_bullet_11_f000346,Higgs-Audio-V2,1,-0.6632896065711975,13.733899116516112,2.66798499586316,-1.035272823825213
fake__en__Higgs-Audio-V2__silent_bullet_12_f000002,Higgs-Audio-V2,1,6.7034010887146,14.65924835205078,2.8182913739153777,2.034413716739178
fake__en__Higgs-Audio-V2__silent_bullet_12_f000065,Higgs-Audio-V2,1,3.477372407913208,12.527482986450195,2.3631327031954394,0.9802527074163047
fake__en__Index-TTS-1.5__dorothy_and_wizard_oz_03_f000029,Index-TTS-1.5,1,-0.5776331424713135,14.692370414733888,2.6503017886119222,-0.7224471481622439
fake__en__Index-TTS-1.5__dorothy_and_wizard_oz_11_f000083,Index-TTS-1.5,1,3.036180257797241,14.12302589416504,2.571517810337617,0.8169985146083066
fake__en__Index-TTS-1.5__dorothy_and_wizard_oz_14_f000106,Index-TTS-1.5,1,-0.8480831384658813,13.064359664916992,2.49903282441434,-0.9806453254087576
fake__en__Index-TTS-1.5__dorothy_and_wizard_oz_14_f000119,Index-TTS-1.5,1,2.538086414337158,13.271193504333496,2.530270040616647,0.45892476334706217
fake__en__Index-TTS-1.5__dorothy_and_wizard_oz_19_f000002,Index-TTS-1.5,1,-1.224844217300415,11.49513339996338,1.992637540959663,-0.604269498904214
fake__en__Index-TTS-1.5__piratesofersatz_04_leinster_64kb_f000096,Index-TTS-1.5,1,1.7184269428253174,14.407641410827637,2.6887168640537795,0.11024674850932675
fake__en__Index-TTS-1.5__piratesofersatz_04_leinster_64kb_f000265,Index-TTS-1.5,1,-2.977836847305298,14.178337097167969,2.6236052070675577,-1.8304570096268267
fake__en__Index-TTS-1.5__piratesofersatz_08_leinster_64kb_f000176,Index-TTS-1.5,1,-3.060886144638061,13.02069854736328,2.4463582566471884,-1.8370707972603486
fake__en__Index-TTS-1.5__piratesofersatz_09_leinster_64kb_f000208,Index-TTS-1.5,1,-2.4586217403411865,13.123066902160645,2.5627534780815493,-1.7712779780832257
fake__en__Index-TTS-1.5__piratesofersatz_11_leinster_64kb_f000134,Index-TTS-1.5,1,0.0258181747049093,14.164685249328612,2.64615866751079,-0.5954324185284665
fake__en__Index-TTS-1.5__piratesofersatz_12_leinster_64kb_f000044,Index-TTS-1.5,1,-2.615420341491699,14.219122886657717,2.683798374944659,-1.777882831164792
fake__en__Index-TTS-1.5__silent_bullet_03_f000201,Index-TTS-1.5,1,-2.14955735206604,14.96037769317627,2.788003182073431,-1.5802908424327415
fake__en__Index-TTS-1.5__silent_bullet_05_f000015,Index-TTS-1.5,1,-3.19775938987732,13.107897758483888,2.436729423072104,-1.8546036784012736
fake__en__Index-TTS-1.5__silent_bullet_10_f000320,Index-TTS-1.5,1,0.4175266027450561,13.816627502441406,2.5755648476986384,-0.3873667037746536
fake__en__Index-TTS-1.5__silent_bullet_11_f000313,Index-TTS-1.5,1,2.310939073562622,15.18621063232422,2.7419834819103373,0.46692379516424604
fake__en__Index-TTS-2.0__hunters_space_02_f000017,Index-TTS-2.0,1,0.6538216471672058,14.516556739807127,2.8482238277712093,-0.631211823652328
fake__en__Index-TTS-2.0__hunters_space_08_f000076,Index-TTS-2.0,1,0.3963541984558105,14.81094741821289,2.7237740940649724,-0.39728318338471136
fake__en__Index-TTS-2.0__hunters_space_13_f000029,Index-TTS-2.0,1,0.6697346568107605,13.980403900146484,2.4996524236634325,-0.0485823424005718
fake__en__Index-TTS-2.0__hunters_space_16_f000103,Index-TTS-2.0,1,-0.169272169470787,14.958438873291016,2.817851709946324,-0.7890992157431188
fake__en__Index-TTS-2.0__piratesofersatz_01_leinster_64kb_f000068,Index-TTS-2.0,1,1.7569012641906738,14.75844955444336,2.8449116631636278,-0.0939856096562475
fake__en__Index-TTS-2.0__piratesofersatz_01_leinster_64kb_f000113,Index-TTS-2.0,1,1.0241413116455078,14.002104759216309,2.6059437229731164,-0.11538423059389144
fake__en__Index-TTS-2.0__piratesofersatz_03_leinster_64kb_f000043,Index-TTS-2.0,1,6.913529872894287,12.583561897277832,2.477604106561355,2.223451031163424
fake__en__Index-TTS-2.0__piratesofersatz_03_leinster_64kb_f000103,Index-TTS-2.0,1,1.5357109308242798,14.716605186462402,2.7149892051057214,0.0722608935428545
fake__en__Index-TTS-2.0__piratesofersatz_04_leinster_64kb_f000064,Index-TTS-2.0,1,-2.318147897720337,14.051839828491213,2.85199636184242,-2.0154546526839776
fake__en__Index-TTS-2.0__piratesofersatz_10_leinster_64kb_f000074,Index-TTS-2.0,1,2.084115743637085,14.288400650024414,2.806087490838399,-0.007719727953140437
fake__en__Index-TTS-2.0__silent_bullet_03_f000194,Index-TTS-2.0,1,0.6014196872711182,14.637251853942873,2.76338582643217,-0.44255678365645934
fake__en__Index-TTS-2.0__silent_bullet_03_f000263,Index-TTS-2.0,1,1.383202314376831,14.21788501739502,2.612779342672384,0.08143002788494039
fake__en__Index-TTS-2.0__silent_bullet_06_f000339,Index-TTS-2.0,1,6.476851463317871,13.194339752197266,2.606661379838365,1.9427381423053443
fake__en__Index-TTS-2.0__silent_bullet_07_f000145,Index-TTS-2.0,1,-0.4394581019878387,13.398929595947266,2.7635833459389376,-1.2266576510046217
fake__en__Index-TTS-2.0__silent_bullet_08_f000314,Index-TTS-2.0,1,-0.6711688041687012,14.573803901672363,2.8050174412061724,-1.0806551153950559
fake__en__Index-TTS-2.0__silent_bullet_12_f000211,Index-TTS-2.0,1,2.0744588375091557,13.43946361541748,2.701135256329052,-0.031159698030782848
fake__en__Index-TTS-2.0__silent_bullet_13_f000092,Index-TTS-2.0,1,1.0893456935882568,13.63074779510498,2.552814899391353,-0.08148669721723906
fake__en__Indri-TTS-0.1__dorothy_and_wizard_oz_07_f000025,Indri-TTS-0.1,1,3.619837522506714,13.803391456604004,2.642229105536483,0.8503214847859368
fake__en__Indri-TTS-0.1__dorothy_and_wizard_oz_10_f000029,Indri-TTS-0.1,1,5.419262409210205,12.91568374633789,2.5208474349932937,1.5676507062521692
fake__en__Indri-TTS-0.1__dorothy_and_wizard_oz_11_f000014,Indri-TTS-0.1,1,3.521503210067749,12.91273021697998,2.6967411879037844,0.4226165695786884
fake__en__Indri-TTS-0.1__dorothy_and_wizard_oz_17_f000038,Indri-TTS-0.1,1,5.74542760848999,12.134635925292969,2.634710960705888,1.2227627474960752
fake__en__Indri-TTS-0.1__hunters_space_07_f000004,Indri-TTS-0.1,1,5.040868759155273,13.200281143188477,2.6625602717664827,1.203471662099636
fake__en__Indri-TTS-0.1__hunters_space_08_f000103,Indri-TTS-0.1,1,7.204491138458252,13.326510429382324,2.628809772832483,2.19724701590694
fake__en__Indri-TTS-0.1__piratesofersatz_02_leinster_64kb_f000179,Indri-TTS-0.1,1,7.440194606781006,13.962141036987305,2.693896884185232,2.3523046707340067
fake__en__Indri-TTS-0.1__piratesofersatz_10_leinster_64kb_f000148,Indri-TTS-0.1,1,4.072899341583252,13.390392303466797,2.704374394851673,0.7785827853773002
fake__en__Indri-TTS-0.1__silent_bullet_06_f000162,Indri-TTS-0.1,1,5.377983570098877,12.897167205810549,2.6992855160371723,1.1713118683168442
fake__en__Indri-TTS-0.1__silent_bullet_06_f000194,Indri-TTS-0.1,1,4.251730442047119,13.003765106201172,2.675964295371332,0.7925420689777454
fake__en__Indri-TTS-0.1__silent_bullet_06_f000222,Indri-TTS-0.1,1,4.9384846687316895,13.794533729553224,2.7183262567223427,1.2271700310690168
fake__en__Indri-TTS-0.1__silent_bullet_06_f000271,Indri-TTS-0.1,1,6.659063816070557,13.928406715393066,2.7610824805859315,1.8819425037392516
fake__en__Indri-TTS-0.1__silent_bullet_07_f000304,Indri-TTS-0.1,1,9.091459274291992,13.672581672668455,2.6439510435324967,3.042993123983525
fake__en__Indri-TTS-0.1__silent_bullet_11_f000040,Indri-TTS-0.1,1,5.946842670440674,14.174771308898926,2.712393245346428,1.7684313563352931
fake__en__Kani-TTS-370M__dorothy_and_wizard_oz_03_f000057,Kani-TTS-370M,1,-0.5761381983757019,13.625118255615234,2.614247311098643,-0.8713640541966184
fake__en__Kani-TTS-370M__dorothy_and_wizard_oz_16_f000031,Kani-TTS-370M,1,6.51684045791626,14.625279426574709,2.607642875589866,2.3638769948816836
fake__en__Kani-TTS-370M__piratesofersatz_09_leinster_64kb_f000103,Kani-TTS-370M,1,6.831182956695557,14.066888809204102,2.714383726455865,2.1059487349885977
fake__en__Kani-TTS-370M__silent_bullet_06_f000137,Kani-TTS-370M,1,3.605650186538696,13.283167839050291,2.6586223616151945,0.6567716163757776
fake__en__Kani-TTS-370M__silent_bullet_06_f000353,Kani-TTS-370M,1,2.1101441383361816,12.494853019714355,2.5340775226423222,0.060185873401338866
fake__en__Kani-TTS-370M__silent_bullet_08_f000130,Kani-TTS-370M,1,0.3510017395019531,12.68641185760498,2.4709093104206308,-0.4767685744642311
fake__en__Kani-TTS-370M__silent_bullet_08_f000138,Kani-TTS-370M,1,3.673671007156372,14.060664176940918,2.66992769065461,0.8951753751192891
fake__en__Kani-TTS-370M__silent_bullet_08_f000297,Kani-TTS-370M,1,4.428977489471436,13.874120712280272,2.7756120797930195,0.9327668567768189
fake__en__Kani-TTS-370M__silent_bullet_10_f000190,Kani-TTS-370M,1,6.395379543304443,14.41908359527588,2.8338034868520503,1.786648788915739
fake__en__Kani-TTS-370M__silent_bullet_11_f000256,Kani-TTS-370M,1,3.2217743396759038,12.826627731323242,2.614289941339085,0.4526821342662056
fake__en__Kani-TTS-370M__silent_bullet_11_f000261,Kani-TTS-370M,1,5.9465179443359375,13.958222389221191,2.5159752986273705,2.1171151590528203
fake__en__Kitten-TTS-Nano-0.1__dorothy_and_wizard_oz_12_f000066,Kitten-TTS-Nano-0.1,1,4.998588562011719,12.765606880187988,2.7109012064593205,0.9639724474123575
fake__en__Kitten-TTS-Nano-0.1__dorothy_and_wizard_oz_14_f000058,Kitten-TTS-Nano-0.1,1,5.86753511428833,13.348933219909668,2.644526759890824,1.6330057881109228
fake__en__Kitten-TTS-Nano-0.1__dorothy_and_wizard_oz_15_f000011,Kitten-TTS-Nano-0.1,1,8.011683464050293,14.00534439086914,2.6977346238510798,2.599178254633227
fake__en__Kitten-TTS-Nano-0.1__dorothy_and_wizard_oz_16_f000083,Kitten-TTS-Nano-0.1,1,8.36533260345459,13.091253280639648,2.7016413041243474,2.4602654964221267
fake__en__Kitten-TTS-Nano-0.1__hunters_space_14_f000042,Kitten-TTS-Nano-0.1,1,8.201833724975586,13.513788223266602,2.646566996777296,2.634580913890594
fake__en__Kitten-TTS-Nano-0.1__piratesofersatz_02_leinster_64kb_f000191,Kitten-TTS-Nano-0.1,1,4.224734783172607,13.235554695129396,2.4929120792888813,1.2393705969561364
fake__en__Kitten-TTS-Nano-0.1__piratesofersatz_06_leinster_64kb_f000166,Kitten-TTS-Nano-0.1,1,7.8189377784729,13.880281448364258,2.4933087209065707,2.905096238018955
fake__en__Kitten-TTS-Nano-0.1__piratesofersatz_07_leinster_64kb_f000062,Kitten-TTS-Nano-0.1,1,6.143832206726074,13.762099266052246,2.6879071466063724,1.7811044712795652
fake__en__Kitten-TTS-Nano-0.1__piratesofersatz_11_leinster_64kb_f000087,Kitten-TTS-Nano-0.1,1,9.77961540222168,13.414788246154783,2.517867358012998,3.516987475354363
fake__en__Kitten-TTS-Nano-0.1__silent_bullet_06_f000039,Kitten-TTS-Nano-0.1,1,6.152023792266846,14.00096321105957,2.795646009829019,1.6337862202333024
fake__en__Kitten-TTS-Nano-0.1__silent_bullet_09_f000304,Kitten-TTS-Nano-0.1,1,9.634949684143066,13.911532402038574,2.826114702557062,2.9703550902567635
fake__en__Kitten-TTS-Nano-0.1__silent_bullet_11_f000141,Kitten-TTS-Nano-0.1,1,7.586737155914307,13.87773895263672,2.775644487067249,2.2255935925159513
fake__en__Kitten-TTS-Nano-0.1__silent_bullet_12_f000317,Kitten-TTS-Nano-0.1,1,8.560571670532227,13.426678657531738,2.639799294176053,2.7692297641135712
fake__en__Kitten-TTS-Nano-0.1__silent_bullet_13_f000132,Kitten-TTS-Nano-0.1,1,6.844724655151367,13.917106628417969,2.74837846826961,1.9899189308023415
fake__en__Kitten-TTS-Nano-0.2__dorothy_and_wizard_oz_02_f000105,Kitten-TTS-Nano-0.2,1,7.363095760345459,14.469171524047852,2.6577572673126872,2.5468049896545235
fake__en__Kitten-TTS-Nano-0.2__dorothy_and_wizard_oz_03_f000124,Kitten-TTS-Nano-0.2,1,8.564006805419922,13.696221351623535,2.7173494822934776,2.6898149540627365
fake__en__Kitten-TTS-Nano-0.2__dorothy_and_wizard_oz_12_f000078,Kitten-TTS-Nano-0.2,1,6.237390995025635,13.299577713012695,2.545115446333852,1.9696607185950157
fake__en__Kitten-TTS-Nano-0.2__dorothy_and_wizard_oz_16_f000104,Kitten-TTS-Nano-0.2,1,4.693967342376709,13.639404296875,2.6584211265168247,1.2083363970692311
fake__en__Kitten-TTS-Nano-0.2__dorothy_and_wizard_oz_19_f000041,Kitten-TTS-Nano-0.2,1,4.986937046051025,13.231362342834473,2.563186187229589,1.401059950025979
fake__en__Kitten-TTS-Nano-0.2__hunters_space_08_f000029,Kitten-TTS-Nano-0.2,1,6.120389461517334,13.911931991577148,2.643385182956877,1.903026677984427
fake__en__Kitten-TTS-Nano-0.2__hunters_space_11_f000081,Kitten-TTS-Nano-0.2,1,4.30146074295044,12.8128662109375,2.167695469046697,1.7988086432032726
fake__en__Kitten-TTS-Nano-0.2__hunters_space_17_f000032,Kitten-TTS-Nano-0.2,1,4.695254802703857,13.719354629516602,2.685828361965495,1.176868766561032
fake__en__Kitten-TTS-Nano-0.2__piratesofersatz_05_leinster_64kb_f000230,Kitten-TTS-Nano-0.2,1,6.990135669708252,14.37619686126709,2.736309732682458,2.207507828408476
fake__en__Kitten-TTS-Nano-0.2__piratesofersatz_07_leinster_64kb_f000092,Kitten-TTS-Nano-0.2,1,4.274097442626953,14.338241577148438,2.655678699949761,1.2479654425605706
fake__en__Kitten-TTS-Nano-0.2__piratesofersatz_07_leinster_64kb_f000202,Kitten-TTS-Nano-0.2,1,6.796533107757568,13.705662727355955,2.511159926236319,2.387042447918028
fake__en__Kitten-TTS-Nano-0.2__silent_bullet_02_f000208,Kitten-TTS-Nano-0.2,1,8.25572681427002,14.530546188354492,2.6784396405779485,2.8883626247512093
fake__en__Kitten-TTS-Nano-0.2__silent_bullet_06_f000178,Kitten-TTS-Nano-0.2,1,7.508092403411865,14.093547821044922,2.6105424794882888,2.591171294930166
fake__en__Kitten-TTS-Nano-0.2__silent_bullet_08_f000257,Kitten-TTS-Nano-0.2,1,2.4231486320495605,13.612825393676758,2.684449326762527,0.21819340310791807
fake__en__Kitten-TTS-Nano-0.2__silent_bullet_09_f000158,Kitten-TTS-Nano-0.2,1,6.80931282043457,13.2439546585083,2.469429359800216,2.3408011759695277
fake__en__Kitten-TTS-Nano-0.2__silent_bullet_13_f000036,Kitten-TTS-Nano-0.2,1,10.205565452575684,14.661834716796877,2.547290774202531,3.9910540772572825
fake__en__Kyutai-TTS__dorothy_and_wizard_oz_05_f000007,Kyutai-TTS,1,8.906743049621582,14.646527290344238,2.7179306075585097,3.095639372650959
fake__en__Kyutai-TTS__dorothy_and_wizard_oz_13_f000068,Kyutai-TTS,1,4.272218227386475,13.812286376953123,2.645265928606602,1.1045184445640501
fake__en__Kyutai-TTS__dorothy_and_wizard_oz_15_f000020,Kyutai-TTS,1,7.773932933807373,13.26091194152832,2.608383733580048,2.4460239271655064
fake__en__Kyutai-TTS__hunters_space_07_f000074,Kyutai-TTS,1,3.7330050468444815,13.67808723449707,2.572812950522298,0.9924745746977015
fake__en__Kyutai-TTS__hunters_space_11_f000109,Kyutai-TTS,1,3.1628124713897705,12.422009468078612,2.572120649457341,0.388778818371304
fake__en__Kyutai-TTS__piratesofersatz_03_leinster_64kb_f000032,Kyutai-TTS,1,5.811835289001465,14.020647048950195,2.802696662296833,1.4735388528042757
fake__en__Kyutai-TTS__piratesofersatz_03_leinster_64kb_f000260,Kyutai-TTS,1,2.682950973510742,13.112357139587402,2.5377498094164834,0.4676426226953434
fake__en__Kyutai-TTS__piratesofersatz_04_leinster_64kb_f000272,Kyutai-TTS,1,4.429618835449219,12.725098609924316,2.404256935612449,1.338441650635626
fake__en__Kyutai-TTS__piratesofersatz_08_leinster_64kb_f000058,Kyutai-TTS,1,3.673814058303833,13.988332748413086,2.6490529671804124,0.9046578144338288
fake__en__Kyutai-TTS__piratesofersatz_10_leinster_64kb_f000015,Kyutai-TTS,1,5.1398749351501465,13.690070152282717,2.6647688841517665,1.382727434245419
fake__en__Kyutai-TTS__piratesofersatz_10_leinster_64kb_f000023,Kyutai-TTS,1,3.771397590637207,13.155367851257324,2.675649207165148,0.643315069618609
fake__en__Kyutai-TTS__silent_bullet_02_f000125,Kyutai-TTS,1,8.303576469421387,14.284360885620115,2.7785635388691112,2.6182768870917195
fake__en__Kyutai-TTS__silent_bullet_04_f000018,Kyutai-TTS,1,2.7440364360809326,14.740400314331056,2.8398623690535016,0.35852048132507974
fake__en__Kyutai-TTS__silent_bullet_06_f000168,Kyutai-TTS,1,2.5860753059387207,14.253686904907228,2.7795339261440204,0.2728963354476081
fake__en__Kyutai-TTS__silent_bullet_08_f000288,Kyutai-TTS,1,7.952080726623535,13.562589645385742,2.5692064804034933,2.688140454299002
fake__en__Kyutai-TTS__silent_bullet_08_f000294,Kyutai-TTS,1,3.409688711166382,12.228120803833008,2.39383245250397,0.795998406093706
fake__en__Kyutai-TTS__silent_bullet_09_f000078,Kyutai-TTS,1,3.3092358112335205,14.178693771362305,2.6356212057968063,0.8396498713746194
fake__en__Kyutai-TTS__silent_bullet_10_f000284,Kyutai-TTS,1,6.827187061309815,13.302623748779297,2.60429130782229,2.0802087519723114
fake__en__Kyutai-TTS__silent_bullet_13_f000264,Kyutai-TTS,1,5.865203380584717,14.712024688720703,2.717946509407151,1.873239006629528
fake__en__Llasa-1B-Multilingual__dorothy_and_wizard_oz_06_f000062,Llasa-1B-Multilingual,1,5.364666938781738,9.93022918701172,1.4096340025275838,2.8994970131614495
fake__en__Llasa-1B-Multilingual__dorothy_and_wizard_oz_12_f000068,Llasa-1B-Multilingual,1,1.7949461936950684,13.908843040466309,2.75178797228914,-0.0908368006155995
fake__en__Llasa-1B-Multilingual__hunters_space_03_f000076,Llasa-1B-Multilingual,1,2.567918539047241,14.69224452972412,2.721582087407069,0.5124123001427364
fake__en__Llasa-1B-Multilingual__hunters_space_05_f000127,Llasa-1B-Multilingual,1,4.717115879058838,13.097862243652344,2.3971772478753497,1.578891137991959
fake__en__Llasa-1B-Multilingual__hunters_space_11_f000102,Llasa-1B-Multilingual,1,2.6913836002349854,12.830596923828123,2.153778154159009,1.1581649320029432
fake__en__Llasa-1B-Multilingual__hunters_space_12_f000065,Llasa-1B-Multilingual,1,3.681001663208008,13.20030689239502,2.549251489949097,0.8807574902565002
fake__en__Llasa-1B-Multilingual__piratesofersatz_02_leinster_64kb_f000206,Llasa-1B-Multilingual,1,7.040745735168457,13.724722862243652,2.537697454784175,2.4309102912221414
fake__en__Llasa-1B-Multilingual__piratesofersatz_05_leinster_64kb_f000065,Llasa-1B-Multilingual,1,3.839804172515869,14.28189468383789,2.694406175919521,0.968724761052824
fake__en__Llasa-1B-Multilingual__piratesofersatz_05_leinster_64kb_f000112,Llasa-1B-Multilingual,1,3.693990468978882,13.71886157989502,2.5869882674892573,0.960671100688387
fake__en__Llasa-1B-Multilingual__piratesofersatz_06_leinster_64kb_f000131,Llasa-1B-Multilingual,1,3.4636526107788086,13.372004508972168,2.637184367658344,0.6658853848804412
fake__en__Llasa-1B-Multilingual__piratesofersatz_10_leinster_64kb_f000040,Llasa-1B-Multilingual,1,5.08732271194458,12.891241073608398,2.403417276534189,1.6582571276398061
fake__en__Llasa-1B-Multilingual__piratesofersatz_11_leinster_64kb_f000098,Llasa-1B-Multilingual,1,7.526021957397461,13.9998140335083,2.6186851664367388,2.547448019576901
fake__en__Llasa-1B-Multilingual__piratesofersatz_11_leinster_64kb_f000105,Llasa-1B-Multilingual,1,6.634257316589356,14.38406753540039,2.758620305183352,2.014120279838672
fake__en__Llasa-1B-Multilingual__silent_bullet_06_f000045,Llasa-1B-Multilingual,1,3.588524580001831,13.519198417663574,2.664330696440866,0.705375143044893
fake__en__Llasa-1B-Multilingual__silent_bullet_07_f000213,Llasa-1B-Multilingual,1,4.846973896026611,14.893446922302246,2.7116970395813924,1.523354596533241
fake__en__Llasa-1B-Multilingual__silent_bullet_10_f000110,Llasa-1B-Multilingual,1,6.385287284851074,15.307601928710938,2.699158370343431,2.297906468503089
fake__en__Llasa-8B__dorothy_and_wizard_oz_05_f000103,Llasa-8B,1,7.277541637420654,13.667659759521484,2.547931401279555,2.49535469190246
fake__en__Llasa-8B__dorothy_and_wizard_oz_16_f000050,Llasa-8B,1,2.0673396587371826,13.05770492553711,2.6017156753860475,0.06635221007356046
fake__en__Llasa-8B__dorothy_and_wizard_oz_19_f000066,Llasa-8B,1,-2.211448431015014,13.149107933044434,2.4330445071648934,-1.346862702838921
fake__en__Llasa-8B__hunters_space_08_f000069,Llasa-8B,1,2.3749794960021973,7.222526550292969,0.942083867133218,1.7073673602002928
fake__en__Llasa-8B__hunters_space_11_f000109,Llasa-8B,1,-1.7561300992965698,12.420673370361328,2.3261395215275105,-1.1633987118130102
fake__en__Llasa-8B__hunters_space_13_f000035,Llasa-8B,1,6.381779193878174,13.205246925354004,2.6192594197107506,1.8547277733933691
fake__en__Llasa-8B__piratesofersatz_03_leinster_64kb_f000078,Llasa-8B,1,1.1423016786575315,12.981697082519531,2.6044042633682865,-0.3423439298577213
fake__en__Llasa-8B__piratesofersatz_05_leinster_64kb_f000128,Llasa-8B,1,2.288168668746948,13.561515808105469,2.6161713857205697,0.2751389740717155
fake__en__Llasa-8B__piratesofersatz_05_leinster_64kb_f000217,Llasa-8B,1,-0.3949747383594513,11.906517028808594,2.1675791587858813,-0.444784661396259
fake__en__Llasa-8B__piratesofersatz_10_leinster_64kb_f000029,Llasa-8B,1,3.7490384578704834,12.91643238067627,2.6156605948585696,0.6922906525219972
fake__en__Llasa-8B__silent_bullet_05_f000188,Llasa-8B,1,7.263684272766113,14.76805591583252,2.7960093548338616,2.3292400879216104
fake__en__Llasa-8B__silent_bullet_05_f000253,Llasa-8B,1,4.588945388793945,14.614681243896484,2.7280828011411145,1.3126557119133069
fake__en__Llasa-8B__silent_bullet_06_f000275,Llasa-8B,1,3.4862077236175537,13.739127159118652,2.733816719956295,0.5937631845047576
fake__en__Llasa-8B__silent_bullet_09_f000012,Llasa-8B,1,6.974345207214356,13.37900447845459,2.595966381156479,2.1942649757646295
fake__en__Llasa-8B__silent_bullet_11_f000034,Llasa-8B,1,4.988404750823975,13.109877586364746,2.458245588745119,1.5629231804878292
fake__en__Llasa-8B__silent_bullet_11_f000237,Llasa-8B,1,2.486357450485229,14.57265281677246,2.6119628183478643,0.6571685749672284
fake__en__Llasa-8B__silent_bullet_12_f000090,Llasa-8B,1,5.052170276641846,14.081734657287598,2.7562026332189733,1.2955045927858482
fake__en__Llasa-8B__silent_bullet_12_f000340,Llasa-8B,1,1.7450830936431885,12.76536464691162,2.3623478789580785,0.3105223157755102
fake__en__Mars5__dorothy_and_wizard_oz_06_f000014,Mars5,1,0.6516852974891663,13.194253921508787,2.5271804976019,-0.3378170653148334
fake__en__Mars5__dorothy_and_wizard_oz_18_f000077,Mars5,1,0.3789072036743164,13.830573081970217,2.7117175924593315,-0.6333998105212969
fake__en__Mars5__hunters_space_03_f000065,Mars5,1,-1.3315110206604004,11.691295623779297,2.164101365205397,-0.8921538720379626
fake__en__Mars5__hunters_space_16_f000003,Mars5,1,-1.2008434534072876,10.16286563873291,2.632236884813092,-2.3527827994593253
fake__en__Mars5__piratesofersatz_01_leinster_64kb_f000004,Mars5,1,1.5890960693359375,11.518985748291016,2.179964322586487,0.23503260624763872
fake__en__Mars5__piratesofersatz_01_leinster_64kb_f000217,Mars5,1,1.330190896987915,11.671574592590332,2.506433977034868,-0.5209576045063431
fake__en__Mars5__piratesofersatz_04_leinster_64kb_f000272,Mars5,1,0.1450510174036026,12.886964797973633,2.371200203503121,-0.3183187349846072
fake__en__Mars5__piratesofersatz_05_leinster_64kb_f000149,Mars5,1,2.469416379928589,13.333383560180664,2.6741630408333044,0.1527506630441008
fake__en__Mars5__piratesofersatz_08_leinster_64kb_f000086,Mars5,1,1.7353519201278689,10.644085884094238,2.6828607136553275,-1.0743155588391886
fake__en__Mars5__piratesofersatz_12_leinster_64kb_f000093,Mars5,1,3.1604628562927246,12.490001678466797,2.741988458122451,0.013028904530025767
fake__en__Mars5__silent_bullet_03_f000116,Mars5,1,-0.9531293511390686,11.828533172607422,2.1325086852355843,-0.6205439455799886
fake__en__Mars5__silent_bullet_10_f000144,Mars5,1,0.2265807539224624,12.548829078674316,2.3528297744057665,-0.35837265846629557
fake__en__Mars5__silent_bullet_13_f000064,Mars5,1,-1.2689664363861084,13.049046516418455,2.6400628026986404,-1.4298639769592423
fake__en__Mars5__silent_bullet_13_f000238,Mars5,1,3.047792673110962,14.419527053833008,2.7481080491938035,0.6001190932445579
fake__en__Mars5__silent_bullet_13_f000280,Mars5,1,0.7773053646087646,13.463257789611816,2.5443732949827824,-0.231973461019217
fake__en__Mars5__silent_bullet_13_f000358,Mars5,1,3.842053651809693,14.640361785888672,2.7771459903924964,0.9435057751644851
fake__en__Marvis-TTS__hunters_space_05_f000072,Marvis-TTS,1,7.397270679473877,14.8401517868042,2.835665789569324,2.326355217333803
fake__en__Marvis-TTS__piratesofersatz_02_leinster_64kb_f000108,Marvis-TTS,1,6.75917911529541,14.249897003173828,2.7646306023378666,2.0336576249612532
fake__en__Marvis-TTS__piratesofersatz_11_leinster_64kb_f000060,Marvis-TTS,1,5.420789241790772,14.82139015197754,2.8577565757377696,1.4602490928106473
fake__en__Marvis-TTS__piratesofersatz_11_leinster_64kb_f000113,Marvis-TTS,1,1.4901658296585083,13.382823944091797,2.7288528316648337,-0.32392867550733234
fake__en__Marvis-TTS__silent_bullet_12_f000188,Marvis-TTS,1,4.131122589111328,14.78989028930664,2.7282962048012847,1.1875440859330226
fake__en__MatchaTTS__dorothy_and_wizard_oz_01_f000031,MatchaTTS,1,7.774169921875,13.004524230957031,2.4933597625021817,2.6253104654756485
fake__en__MatchaTTS__dorothy_and_wizard_oz_03_f000016,MatchaTTS,1,4.794967174530029,13.02680778503418,2.756215454615329,0.8679148245466428
fake__en__MatchaTTS__dorothy_and_wizard_oz_19_f000068,MatchaTTS,1,5.853607177734375,14.273462295532228,2.759799549700189,1.6694633269440247
fake__en__MatchaTTS__hunters_space_12_f000038,MatchaTTS,1,4.210940837860107,14.78917407989502,2.8541920561598624,0.9556451185307793
fake__en__MatchaTTS__piratesofersatz_01_leinster_64kb_f000137,MatchaTTS,1,4.885856628417969,14.906262397766112,2.7247141011879603,1.5343657348892936
fake__en__MatchaTTS__piratesofersatz_12_leinster_64kb_f000215,MatchaTTS,1,1.0466504096984863,10.92410373687744,2.2520127429758228,-0.2645580277591428
fake__en__MatchaTTS__silent_bullet_01_f000025,MatchaTTS,1,6.601517200469971,14.35257053375244,2.857792019986006,1.7985852303181669
fake__en__MatchaTTS__silent_bullet_05_f000207,MatchaTTS,1,5.501928806304932,13.35187530517578,2.5451706230424,1.690111950908675
fake__en__MatchaTTS__silent_bullet_12_f000035,MatchaTTS,1,3.5039517879486084,15.030323028564451,2.831684284721604,0.7841227947603397
fake__en__MatchaTTS__silent_bullet_13_f000093,MatchaTTS,1,3.4889724254608154,13.89428424835205,2.632097823388223,0.8476533957567545
fake__en__Maya1_TTS__dorothy_and_wizard_oz_03_f000069,Maya1 TTS,1,3.482498407363892,12.211302757263184,2.2233411528361327,1.1342673524887734
fake__en__Maya1_TTS__dorothy_and_wizard_oz_04_f000004,Maya1 TTS,1,7.113319873809815,15.03368854522705,2.8160101665273367,2.302600215050985
fake__en__Maya1_TTS__dorothy_and_wizard_oz_19_f000068,Maya1 TTS,1,7.229974269866943,13.54769802093506,2.5732602538489435,2.3852204660506997
fake__en__Maya1_TTS__hunters_space_02_f000106,Maya1 TTS,1,7.823614120483398,13.901738166809082,2.5251112753296705,2.8245114136261895
fake__en__Maya1_TTS__hunters_space_06_f000070,Maya1 TTS,1,-0.239311084151268,10.745453834533691,1.918691556853716,-0.23114792095734427
fake__en__Maya1_TTS__hunters_space_10_f000017,Maya1 TTS,1,4.690113544464111,14.904829978942873,2.7868056076180725,1.3281728348853026
fake__en__Maya1_TTS__hunters_space_16_f000126,Maya1 TTS,1,6.000374794006348,13.859291076660156,2.7048993076945087,1.7183481751111571
fake__en__Maya1_TTS__piratesofersatz_02_leinster_64kb_f000023,Maya1 TTS,1,7.015876770019531,13.563504219055176,2.624443080093779,2.203426725702206
fake__en__Maya1_TTS__piratesofersatz_02_leinster_64kb_f000139,Maya1 TTS,1,7.526353359222412,14.143298149108888,2.8626566206347848,2.12248207546859
fake__en__Maya1_TTS__piratesofersatz_05_leinster_64kb_f000108,Maya1 TTS,1,-1.4788188934326172,9.797119140625,1.8831139702691104,-0.9469740969276718
fake__en__Maya1_TTS__piratesofersatz_09_leinster_64kb_f000191,Maya1 TTS,1,7.393454074859619,13.950166702270508,2.6741619691525336,2.3750372099139194
fake__en__Maya1_TTS__silent_bullet_02_f000103,Maya1 TTS,1,6.385236740112305,15.31076431274414,2.753461350403002,2.2055009304402153
fake__en__Maya1_TTS__silent_bullet_03_f000037,Maya1 TTS,1,4.541630268096924,13.863037109375,2.598686250705974,1.3262848003362977
fake__en__Maya1_TTS__silent_bullet_06_f000244,Maya1 TTS,1,4.223147392272949,14.458940505981444,2.715040214253116,1.1451579958219287
fake__en__Maya1_TTS__silent_bullet_07_f000093,Maya1 TTS,1,1.696974754333496,12.297408103942873,2.232767058461075,0.4093884956164006
fake__en__Maya1_TTS__silent_bullet_09_f000157,Maya1 TTS,1,5.250365734100342,13.728475570678713,2.514522019484927,1.7397678088873885
fake__en__Maya1_TTS__silent_bullet_13_f000198,Maya1 TTS,1,3.672384023666382,14.185831069946287,2.7384420539122245,0.7947249189919418
fake__en__MegaTTS3__dorothy_and_wizard_oz_02_f000120,MegaTTS3,1,3.361060380935669,12.674107551574709,2.5468730208715598,0.5878256956695808
fake__en__MegaTTS3__dorothy_and_wizard_oz_08_f000099,MegaTTS3,1,0.4986346364021301,12.625927925109863,2.587722596660295,-0.6949853939864993
fake__en__MegaTTS3__dorothy_and_wizard_oz_14_f000042,MegaTTS3,1,0.514123260974884,12.834627151489258,2.583999997340836,-0.6141212481676256
fake__en__MegaTTS3__dorothy_and_wizard_oz_16_f000104,MegaTTS3,1,4.434950828552246,11.251099586486816,2.4124936006309725,0.86241538457967
fake__en__MegaTTS3__hunters_space_11_f000037,MegaTTS3,1,5.2653913497924805,13.159984588623049,2.535306400157814,1.5528438420963222
fake__en__MegaTTS3__hunters_space_16_f000078,MegaTTS3,1,1.0736035108566284,13.08677864074707,2.6391090902044043,-0.42002483104459293
fake__en__MegaTTS3__piratesofersatz_02_leinster_64kb_f000202,MegaTTS3,1,2.0940375328063965,11.853044509887695,2.472887100571448,-0.03945559983116008
fake__en__MegaTTS3__piratesofersatz_03_leinster_64kb_f000023,MegaTTS3,1,0.4301035702228546,12.066911697387695,2.5018857108309764,-0.7191697573783159
fake__en__MegaTTS3__piratesofersatz_09_leinster_64kb_f000073,MegaTTS3,1,0.1195956394076347,12.799540519714355,2.5668160414801595,-0.7515287811147033
fake__en__MegaTTS3__piratesofersatz_11_leinster_64kb_f000084,MegaTTS3,1,2.3918111324310303,13.54403305053711,2.7462354169732515,0.04191334031317841
fake__en__MegaTTS3__silent_bullet_03_f000198,MegaTTS3,1,2.559257984161377,12.898855209350586,2.535614286052631,0.3527180122447678
fake__en__MegaTTS3__silent_bullet_04_f000202,MegaTTS3,1,6.704382419586182,12.837478637695312,2.544019508176227,2.0249971989241056
fake__en__MegaTTS3__silent_bullet_05_f000061,MegaTTS3,1,2.9399960041046143,14.306428909301758,2.78723384012358,0.4240785368267612
fake__en__MegaTTS3__silent_bullet_12_f000243,MegaTTS3,1,4.444575786590576,13.548660278320312,2.7243182858524824,0.9366498316700105
fake__en__MeloTTS__dorothy_and_wizard_oz_10_f000020,MeloTTS,1,3.315959215164185,15.320068359375,2.8414480457076823,0.7583916644589638
fake__en__MeloTTS__dorothy_and_wizard_oz_18_f000014,MeloTTS,1,5.698123455047607,14.596757888793944,2.7189116653728496,1.7757118989646945
fake__en__MeloTTS__dorothy_and_wizard_oz_18_f000071,MeloTTS,1,5.307483196258545,14.948211669921877,2.819752936377166,1.511036126025243
fake__en__MeloTTS__piratesofersatz_02_leinster_64kb_f000174,MeloTTS,1,6.002406597137451,13.408442497253418,2.730914998315325,1.5262853389124658
fake__en__MeloTTS__piratesofersatz_03_leinster_64kb_f000039,MeloTTS,1,1.9040639400482176,13.6183443069458,2.679200258821427,0.01256734907179348
fake__en__MeloTTS__piratesofersatz_10_leinster_64kb_f000130,MeloTTS,1,4.908507823944092,13.845677375793455,2.596233369303907,1.4834217407001518
fake__en__MeloTTS__piratesofersatz_11_leinster_64kb_f000109,MeloTTS,1,1.84922194480896,15.296077728271484,2.855999928574803,0.11939055936377645
fake__en__MeloTTS__silent_bullet_02_f000168,MeloTTS,1,4.831233024597168,12.171042442321776,2.474860902204178,1.209101968617488
fake__en__MeloTTS__silent_bullet_04_f000027,MeloTTS,1,6.911959171295166,14.44178867340088,2.611770078197146,2.4490174445708983
fake__en__MeloTTS__silent_bullet_05_f000240,MeloTTS,1,4.489389419555664,14.46231174468994,2.807415111921104,1.0577562351965157
fake__en__MeloTTS__silent_bullet_05_f000282,MeloTTS,1,7.007494449615479,12.542706489562988,2.628614914715965,1.8948505121848604
fake__en__MeloTTS__silent_bullet_07_f000290,MeloTTS,1,3.4404985904693604,14.364256858825684,2.645007450289815,0.9330109761036087
fake__en__MeloTTS__silent_bullet_09_f000237,MeloTTS,1,1.6426329612731934,13.500508308410645,2.72291501835082,-0.2194489102085989
fake__en__Metavoice-1B__dorothy_and_wizard_oz_03_f000051,Metavoice-1B,1,2.581799030303955,13.122013092041016,2.656387889938522,0.13107709469291418
fake__en__Metavoice-1B__dorothy_and_wizard_oz_08_f000098,Metavoice-1B,1,2.583735942840576,12.621389389038086,2.6719386361048896,-0.11297762052399703
fake__en__Metavoice-1B__hunters_space_08_f000019,Metavoice-1B,1,4.448666095733643,2.043863296508789,2.6674179726309046,-3.6580965959632303
fake__en__Metavoice-1B__hunters_space_11_f000004,Metavoice-1B,1,2.891131639480591,12.16627597808838,2.591771948296879,0.03445887650933413
fake__en__Metavoice-1B__hunters_space_15_f000020,Metavoice-1B,1,1.856071949005127,12.285186767578123,2.6685124820063706,-0.5417283414288286
fake__en__Metavoice-1B__piratesofersatz_01_leinster_64kb_f000050,Metavoice-1B,1,0.9593271017074584,12.77595329284668,2.642811897402373,-0.6445459646919911
fake__en__Metavoice-1B__piratesofersatz_03_leinster_64kb_f000055,Metavoice-1B,1,2.0018131732940674,13.456243515014648,2.6061224477778424,0.1582396973249881
fake__en__Metavoice-1B__piratesofersatz_04_leinster_64kb_f000086,Metavoice-1B,1,1.2018343210220337,13.18408489227295,2.768993357659118,-0.7031107331710063
fake__en__Metavoice-1B__piratesofersatz_08_leinster_64kb_f000012,Metavoice-1B,1,0.6702011227607727,13.299915313720703,2.631667201159265,-0.5207502282852173
fake__en__Metavoice-1B__piratesofersatz_11_leinster_64kb_f000049,Metavoice-1B,1,1.9461418390274048,13.421658515930176,2.7670065473544327,-0.29386948126734536
fake__en__Metavoice-1B__silent_bullet_02_f000283,Metavoice-1B,1,4.060611248016357,13.127434730529783,2.549164102542412,1.0197506263763019
fake__en__Metavoice-1B__silent_bullet_12_f000074,Metavoice-1B,1,2.821805715560913,12.26488208770752,2.5974708142067,0.0314950292333689
fake__en__Metavoice-1B__silent_bullet_13_f000107,Metavoice-1B,1,2.459540605545044,12.918279647827148,2.744944809660822,-0.2310991146882987
fake__en__Metavoice-1B__silent_bullet_13_f000248,Metavoice-1B,1,1.0984506607055664,13.468743324279783,2.7867718143049145,-0.6751901190939688
fake__en__Microsoft_VibeVoice_1.5B__dorothy_and_wizard_oz_09_f000114,Microsoft VibeVoice 1.5B,1,4.399045467376709,13.53207015991211,2.541438847388484,1.3062526135740222
fake__en__Microsoft_VibeVoice_1.5B__dorothy_and_wizard_oz_12_f000128,Microsoft VibeVoice 1.5B,1,0.8189448118209839,14.337451934814451,2.8088732418058746,-0.5039250352397532
fake__en__Microsoft_VibeVoice_1.5B__dorothy_and_wizard_oz_14_f000082,Microsoft VibeVoice 1.5B,1,-1.143465280532837,13.61760139465332,2.509075641459805,-0.9142093966929865
fake__en__Microsoft_VibeVoice_1.5B__dorothy_and_wizard_oz_15_f000058,Microsoft VibeVoice 1.5B,1,-2.582854986190796,14.487138748168944,2.73027715382973,-1.7164524718842176
fake__en__Microsoft_VibeVoice_1.5B__hunters_space_01_f000007,Microsoft VibeVoice 1.5B,1,2.130601406097412,13.50693130493164,2.7612229796994825,-0.10292072496381816
fake__en__Microsoft_VibeVoice_1.5B__piratesofersatz_03_leinster_64kb_f000122,Microsoft VibeVoice 1.5B,1,3.214829206466675,12.6416597366333,2.505224174031994,0.6244525708470908
fake__en__Microsoft_VibeVoice_1.5B__piratesofersatz_10_leinster_64kb_f000029,Microsoft VibeVoice 1.5B,1,2.053328514099121,13.436650276184082,2.728130975357291,-0.08735877674685621
fake__en__Microsoft_VibeVoice_1.5B__piratesofersatz_11_leinster_64kb_f000130,Microsoft VibeVoice 1.5B,1,1.052011013031006,13.582447052001951,2.525799709021755,-0.04311182438663407
fake__en__Microsoft_VibeVoice_1.5B__silent_bullet_02_f000119,Microsoft VibeVoice 1.5B,1,-1.7537381649017334,12.87255573272705,2.531599470331673,-1.435293905259662
fake__en__Microsoft_VibeVoice_1.5B__silent_bullet_02_f000206,Microsoft VibeVoice 1.5B,1,6.709787845611572,13.678058624267578,2.6352415596283096,2.1192428993628134
fake__en__Microsoft_VibeVoice_1.5B__silent_bullet_05_f000137,Microsoft VibeVoice 1.5B,1,7.592049598693848,14.741342544555664,2.792889497974118,2.4745379428986736
fake__en__Microsoft_VibeVoice_1.5B__silent_bullet_09_f000213,Microsoft VibeVoice 1.5B,1,-0.7851856350898743,13.918864250183104,2.7796005860831485,-1.2361343379585923
fake__en__Microsoft_VibeVoice_1.5B__silent_bullet_12_f000150,Microsoft VibeVoice 1.5B,1,3.815787553787232,13.92786979675293,2.698714896857803,0.8538951578196933
fake__en__Microsoft_VibeVoice_Large__dorothy_and_wizard_oz_03_f000012,Microsoft VibeVoice Large,1,2.9627530574798584,12.987610816955566,2.4803491283793053,0.6588625402120384
fake__en__Microsoft_VibeVoice_Large__dorothy_and_wizard_oz_08_f000033,Microsoft VibeVoice Large,1,1.5858347415924072,14.887613296508787,2.75220119316435,0.09707136348548237
fake__en__Microsoft_VibeVoice_Large__dorothy_and_wizard_oz_09_f000124,Microsoft VibeVoice Large,1,3.4934332370758057,14.9251127243042,2.7875289950198643,0.8183027512208342
fake__en__Microsoft_VibeVoice_Large__dorothy_and_wizard_oz_16_f000090,Microsoft VibeVoice Large,1,3.861330509185791,14.296472549438477,2.758209932920817,0.8466439557023943
fake__en__Microsoft_VibeVoice_Large__dorothy_and_wizard_oz_18_f000014,Microsoft VibeVoice Large,1,4.386709690093994,14.245549201965332,2.6802073353157936,1.2036340340178553
fake__en__Microsoft_VibeVoice_Large__piratesofersatz_03_leinster_64kb_f000102,Microsoft VibeVoice Large,1,3.6968204975128174,14.322691917419434,2.7717073297785766,0.7597433434831979
fake__en__Microsoft_VibeVoice_Large__piratesofersatz_05_leinster_64kb_f000005,Microsoft VibeVoice Large,1,3.200700521469116,12.690808296203612,2.5093253709547527,0.6126579085025571
fake__en__Microsoft_VibeVoice_Large__piratesofersatz_07_leinster_64kb_f000145,Microsoft VibeVoice Large,1,3.546374082565308,13.45028305053711,2.6364380762651582,0.7180896670589724
fake__en__Microsoft_VibeVoice_Large__piratesofersatz_12_leinster_64kb_f000189,Microsoft VibeVoice Large,1,2.5287835597991943,12.908808708190918,2.478703856727253,0.4617130447954758
fake__en__Microsoft_VibeVoice_Large__silent_bullet_02_f000078,Microsoft VibeVoice Large,1,7.710103988647461,13.109399795532228,2.7327610793474872,2.1319629136642977
fake__en__Microsoft_VibeVoice_Large__silent_bullet_03_f000123,Microsoft VibeVoice Large,1,5.371723651885986,13.640164375305176,2.611981279105029,1.5694832301732458
fake__en__Microsoft_VibeVoice_Large__silent_bullet_04_f000054,Microsoft VibeVoice Large,1,1.7642757892608645,13.691648483276367,2.487796006848753,0.3559458555482675
fake__en__Microsoft_VibeVoice_Large__silent_bullet_07_f000078,Microsoft VibeVoice Large,1,3.78308629989624,14.468036651611328,2.8780814207696177,0.6235579290853381
fake__en__Microsoft_VibeVoice_Large__silent_bullet_07_f000319,Microsoft VibeVoice Large,1,1.5222021341323853,12.733197212219238,2.486420419973168,-0.01664098986362819
fake__en__Microsoft_VibeVoice_Large__silent_bullet_09_f000105,Microsoft VibeVoice Large,1,1.1235737800598145,14.089838981628418,2.584551504726994,0.014174911451763084
fake__en__Microsoft_VibeVoice_Large__silent_bullet_12_f000197,Microsoft VibeVoice Large,1,5.2047953605651855,12.858076095581056,2.628398772863646,1.2428013687743227
fake__en__Microsoft_VibeVoice_Large__silent_bullet_12_f000223,Microsoft VibeVoice Large,1,3.3142521381378174,14.331442832946776,2.677795021920801,0.7939778072040302
fake__en__MiniCPM-o-2.6__dorothy_and_wizard_oz_11_f000097,MiniCPM-o-2.6,1,0.0854946300387382,12.48510456085205,2.580034429844998,-0.8919913996935696
fake__en__MiniCPM-o-2.6__dorothy_and_wizard_oz_18_f000005,MiniCPM-o-2.6,1,4.261110782623291,10.813643455505373,2.102723194404353,1.2951995933504983
fake__en__MiniCPM-o-2.6__hunters_space_04_f000021,MiniCPM-o-2.6,1,6.417818546295166,12.53259563446045,2.586530214924207,1.7285624600292517
fake__en__MiniCPM-o-2.6__hunters_space_06_f000036,MiniCPM-o-2.6,1,4.345561504364014,11.75902271270752,2.1332903312170317,1.5567826306966692
fake__en__MiniCPM-o-2.6__hunters_space_08_f000103,MiniCPM-o-2.6,1,6.052285194396973,13.539645195007324,2.5563638925851038,1.9463638654926152
fake__en__MiniCPM-o-2.6__hunters_space_10_f000106,MiniCPM-o-2.6,1,3.4479920864105225,12.229181289672852,2.4311293827025646,0.7234726680337358
fake__en__MiniCPM-o-2.6__hunters_space_11_f000045,MiniCPM-o-2.6,1,2.6182737350463867,12.630291938781738,2.654044476198984,0.04949776175614519
fake__en__MiniCPM-o-2.6__hunters_space_13_f000058,MiniCPM-o-2.6,1,2.7011611461639404,11.982748985290527,2.428577389164271,0.3444640373537272
fake__en__MiniCPM-o-2.6__hunters_space_15_f000027,MiniCPM-o-2.6,1,4.824143886566162,14.729251861572266,2.784270832488623,1.3383214608837994
fake__en__MiniCPM-o-2.6__piratesofersatz_03_leinster_64kb_f000111,MiniCPM-o-2.6,1,6.804481983184815,13.02051830291748,2.5592034899172127,2.093129789251595
fake__en__MiniCPM-o-2.6__piratesofersatz_06_leinster_64kb_f000182,MiniCPM-o-2.6,1,5.736586093902588,14.406495094299316,2.610022462531281,1.9714830818572182
fake__en__MiniCPM-o-2.6__piratesofersatz_08_leinster_64kb_f000050,MiniCPM-o-2.6,1,3.0142693519592285,14.14954948425293,2.719246747038265,0.5448317228021239
fake__en__MiniCPM-o-2.6__piratesofersatz_09_leinster_64kb_f000008,MiniCPM-o-2.6,1,1.291364073753357,14.453042984008787,2.847455001169113,-0.3358225224181456
fake__en__MiniCPM-o-2.6__piratesofersatz_09_leinster_64kb_f000158,MiniCPM-o-2.6,1,-1.1891727447509766,13.89264965057373,2.6974420676384687,-1.2279896639919399
fake__en__MiniCPM-o-2.6__silent_bullet_03_f000207,MiniCPM-o-2.6,1,0.2107006907463073,13.00512981414795,2.475731117477418,-0.4692261636039432
fake__en__MiniCPM-o-2.6__silent_bullet_04_f000147,MiniCPM-o-2.6,1,3.7051870822906494,11.33086109161377,2.0187240522721965,1.3940795776373267
fake__en__MiniCPM-o-2.6__silent_bullet_05_f000128,MiniCPM-o-2.6,1,0.7204295992851257,10.517816543579102,1.7444465300882557,0.4688674714711458
fake__en__MiniCPM-o-2.6__silent_bullet_07_f000266,MiniCPM-o-2.6,1,-0.4365624785423279,14.188337326049805,2.737483546284834,-0.907780850842162
fake__en__MiniCPM-o-2.6__silent_bullet_09_f000052,MiniCPM-o-2.6,1,-1.9688153266906736,12.105896949768066,2.5336828986906825,-1.7633087809377166
fake__en__MiniCPM-o-2.6__silent_bullet_09_f000245,MiniCPM-o-2.6,1,3.4792416095733643,13.388773918151855,2.6879490049357075,0.568389824144965
fake__en__Nari_Dia-1.6B__dorothy_and_wizard_oz_06_f000012,Nari Dia-1.6B,1,9.200879096984863,6.330217361450195,0.8139686435723825,4.729216010037898
fake__en__Nari_Dia-1.6B__dorothy_and_wizard_oz_08_f000051,Nari Dia-1.6B,1,8.228731155395508,13.609525680541992,2.686136022416266,2.5999596241095357
fake__en__Nari_Dia-1.6B__dorothy_and_wizard_oz_09_f000025,Nari Dia-1.6B,1,2.0481045246124268,13.849692344665527,2.591709249679058,0.32176988434662124
fake__en__Nari_Dia-1.6B__hunters_space_15_f000008,Nari Dia-1.6B,1,3.353189706802368,13.26641082763672,2.615568221516048,0.6383148854432389
fake__en__Nari_Dia-1.6B__piratesofersatz_09_leinster_64kb_f000176,Nari Dia-1.6B,1,5.311417102813721,14.997591018676758,2.8725839179195165,1.4218298609828686
fake__en__Nari_Dia-1.6B__silent_bullet_03_f000066,Nari Dia-1.6B,1,1.303396224975586,14.652315139770508,2.8996891896705077,-0.3851521168221136
fake__en__Nari_Dia-1.6B__silent_bullet_06_f000229,Nari Dia-1.6B,1,3.38220739364624,15.38442325592041,2.870992771290227,0.74472061457995
fake__en__Nari_Dia-1.6B__silent_bullet_11_f000017,Nari Dia-1.6B,1,5.8022050857543945,13.891035079956056,2.8052043438207828,1.438006857630494
fake__en__Nari_Dia-1.6B__silent_bullet_11_f000237,Nari Dia-1.6B,1,8.392781257629395,14.773303985595703,2.7301044095061986,2.9184586492101543
fake__en__Nari_Dia-1.6B__silent_bullet_11_f000245,Nari Dia-1.6B,1,3.074427366256714,13.465387344360352,2.66006908455242,0.49010422944790566
fake__en__Nari_Dia-1.6B__silent_bullet_12_f000338,Nari Dia-1.6B,1,1.9858789443969729,15.21298885345459,2.8084157811050434,0.24893786837594545
fake__en__Nari_Dia2__dorothy_and_wizard_oz_04_f000021,Nari Dia2,1,6.130896091461182,13.77392578125,2.648646373368455,1.8733903677552353
fake__en__Nari_Dia2__dorothy_and_wizard_oz_09_f000108,Nari Dia2,1,2.0980546474456787,15.089011192321776,2.881137831081701,0.10884103352509125
fake__en__Nari_Dia2__dorothy_and_wizard_oz_11_f000008,Nari Dia2,1,1.5840847492218018,14.43298053741455,2.6449398756687508,0.19690836474400436
fake__en__Nari_Dia2__dorothy_and_wizard_oz_15_f000009,Nari Dia2,1,3.81908917427063,12.226469993591309,2.6162944471733294,0.51083310684931
fake__en__Nari_Dia2__dorothy_and_wizard_oz_16_f000007,Nari Dia2,1,2.584691286087036,12.895071983337402,2.5582955825339013,0.326234860078904
fake__en__Nari_Dia2__hunters_space_04_f000018,Nari Dia2,1,7.981467247009277,12.47602367401123,2.4750015882660743,2.6132273833913593
fake__en__Nari_Dia2__hunters_space_08_f000059,Nari Dia2,1,2.5809059143066406,14.291143417358398,2.8361504577516805,0.16097374850353915
fake__en__Nari_Dia2__piratesofersatz_07_leinster_64kb_f000235,Nari Dia2,1,0.0062172622419893,12.824007987976074,2.622939248149482,-0.9020426194200534
fake__en__Nari_Dia2__piratesofersatz_08_leinster_64kb_f000033,Nari Dia2,1,-0.0364689156413078,13.868243217468262,2.784176228482366,-0.9432475867792903
fake__en__Nari_Dia2__piratesofersatz_09_leinster_64kb_f000057,Nari Dia2,1,3.3189733028411865,12.314390182495115,2.4195309901863284,0.7480823960064956
fake__en__Nari_Dia2__silent_bullet_02_f000074,Nari Dia2,1,-2.007109403610229,13.7769193649292,2.7838574890198218,-1.787697928558549
fake__en__NeuTTS-Air__hunters_space_05_f000123,NeuTTS-Air,1,0.7583010196685791,13.310639381408691,2.587813477081903,-0.3702300223134629
fake__en__NeuTTS-Air__hunters_space_07_f000003,NeuTTS-Air,1,4.987712383270264,12.496297836303713,2.647609665721247,1.0142187058962073
fake__en__NeuTTS-Air__hunters_space_14_f000055,NeuTTS-Air,1,1.757887363433838,11.949335098266602,2.228119972421536,0.3742887820626499
fake__en__NeuTTS-Air__hunters_space_16_f000070,NeuTTS-Air,1,4.385263919830322,14.058006286621094,2.532805972428001,1.459495042364471
fake__en__NeuTTS-Air__piratesofersatz_02_leinster_64kb_f000017,NeuTTS-Air,1,2.707592725753784,14.780599594116213,2.816007835385798,0.40269542745682757
fake__en__NeuTTS-Air__piratesofersatz_02_leinster_64kb_f000138,NeuTTS-Air,1,4.347258567810059,14.18940258026123,2.6966169386251093,1.1487499598386468
fake__en__NeuTTS-Air__piratesofersatz_03_leinster_64kb_f000164,NeuTTS-Air,1,2.926343441009521,13.673768043518066,2.4263128970924988,0.9609289503469588
fake__en__NeuTTS-Air__piratesofersatz_06_leinster_64kb_f000124,NeuTTS-Air,1,2.0114448070526123,14.926947593688965,2.7912286800819537,0.20888001957823288
fake__en__NeuTTS-Air__piratesofersatz_08_leinster_64kb_f000084,NeuTTS-Air,1,-0.708015501499176,13.96053695678711,2.701467902444264,-1.0157318982116053
fake__en__NeuTTS-Air__piratesofersatz_08_leinster_64kb_f000088,NeuTTS-Air,1,3.5132222175598145,12.907886505126951,2.5640714636377835,0.6969134156605753
fake__en__NeuTTS-Air__piratesofersatz_09_leinster_64kb_f000061,NeuTTS-Air,1,2.8706538677215576,13.288674354553224,2.557910605101028,0.5563532791064107
fake__en__NeuTTS-Air__piratesofersatz_12_leinster_64kb_f000073,NeuTTS-Air,1,5.41621732711792,14.110321044921877,2.664947233955415,1.6313197663289318
fake__en__NeuTTS-Air__silent_bullet_02_f000043,NeuTTS-Air,1,3.2126471996307373,14.965399742126465,2.801936926729028,0.6943309976867293
fake__en__NeuTTS-Air__silent_bullet_06_f000060,NeuTTS-Air,1,-2.453571557998657,12.703457832336426,2.6550704953754938,-2.012234875527592
fake__en__NeuTTS-Air__silent_bullet_06_f000323,NeuTTS-Air,1,4.3116135597229,13.286452293395996,2.5221875542527927,1.2234135126299353
fake__en__NeuTTS-Air__silent_bullet_08_f000186,NeuTTS-Air,1,5.658092021942139,12.553797721862791,2.480552880803488,1.6483165353208409
fake__en__OpenVoiceV2__dorothy_and_wizard_oz_09_f000123,OpenVoiceV2,1,-0.0280824694782495,12.430791854858398,2.7054006758080065,-1.2324214663017095
fake__en__OpenVoiceV2__hunters_space_02_f000090,OpenVoiceV2,1,1.7361645698547363,13.247529983520508,2.752601913530225,-0.345910493062417
fake__en__OpenVoiceV2__hunters_space_07_f000081,OpenVoiceV2,1,2.382575750350952,12.98438835144043,2.679853961955188,-0.0033820122147404166
fake__en__OpenVoiceV2__hunters_space_18_f000024,OpenVoiceV2,1,3.636283159255981,14.078595161437988,2.6736228695751625,0.8778205022694832
fake__en__OpenVoiceV2__piratesofersatz_01_leinster_64kb_f000069,OpenVoiceV2,1,6.900741100311279,13.720704078674316,2.660999542324175,2.140333808919899
fake__en__OpenVoiceV2__piratesofersatz_06_leinster_64kb_f000180,OpenVoiceV2,1,1.736473560333252,14.500661849975586,2.734322140851733,0.09443766762639838
fake__en__OpenVoiceV2__piratesofersatz_09_leinster_64kb_f000054,OpenVoiceV2,1,4.258596897125244,13.90268898010254,2.7236142966029417,0.9692950878274819
fake__en__OpenVoiceV2__silent_bullet_02_f000082,OpenVoiceV2,1,4.593826770782471,14.390538215637209,2.756193801784505,1.1922354254061511
fake__en__OpenVoiceV2__silent_bullet_02_f000234,OpenVoiceV2,1,0.4677912592887878,13.352232933044434,2.741595426062893,-0.8125522347440604
fake__en__OpenVoiceV2__silent_bullet_06_f000349,OpenVoiceV2,1,4.725996017456055,11.908358573913574,2.573130585034637,0.8553554567126697
fake__en__OpenVoiceV2__silent_bullet_07_f000323,OpenVoiceV2,1,2.469568490982056,12.742523193359377,2.5492070503762583,0.24161444966586476
fake__en__OpenVoiceV2__silent_bullet_08_f000266,OpenVoiceV2,1,-2.079122304916382,13.583406448364258,2.727544800969318,-1.7605338804169957
fake__en__OpenVoiceV2__silent_bullet_09_f000257,OpenVoiceV2,1,3.147275686264038,13.407885551452637,2.715683443137096,0.3693790077540757
fake__en__OpenVoiceV2__silent_bullet_09_f000283,OpenVoiceV2,1,5.124366760253906,12.795937538146973,2.722676236275545,0.9757358015066688
fake__en__OpenVoiceV2__silent_bullet_10_f000271,OpenVoiceV2,1,4.545297145843506,13.114232063293455,2.635657149125425,1.0287389798466438
fake__en__Openaudio-S1-Mini__dorothy_and_wizard_oz_10_f000021,Openaudio-S1-Mini,1,-2.3628509044647217,15.090123176574709,2.678031254941293,-1.392764763926325
fake__en__Openaudio-S1-Mini__dorothy_and_wizard_oz_10_f000027,Openaudio-S1-Mini,1,3.607118368148804,13.819096565246582,2.610349980294901,0.9007538191826113
fake__en__Openaudio-S1-Mini__dorothy_and_wizard_oz_12_f000082,Openaudio-S1-Mini,1,-1.7364662885665894,14.605595588684082,2.7848460293500525,-1.493955694288834
fake__en__Openaudio-S1-Mini__dorothy_and_wizard_oz_13_f000063,Openaudio-S1-Mini,1,1.8152164220809937,13.079577445983888,2.4883824728042474,0.19934297127612263
fake__en__Openaudio-S1-Mini__hunters_space_06_f000061,Openaudio-S1-Mini,1,4.091206073760986,14.5834379196167,2.818293973103101,0.8765606525084537
fake__en__Openaudio-S1-Mini__hunters_space_07_f000049,Openaudio-S1-Mini,1,6.413231372833252,14.636951446533203,2.664010610295898,2.1958772229964483
fake__en__Openaudio-S1-Mini__hunters_space_12_f000073,Openaudio-S1-Mini,1,0.1666026711463928,14.046106338500977,2.5691896626276742,-0.39275888876516996
fake__en__Openaudio-S1-Mini__hunters_space_14_f000033,Openaudio-S1-Mini,1,-2.8034121990203857,14.416507720947266,2.832753541322361,-2.0975888481479306
fake__en__Openaudio-S1-Mini__hunters_space_16_f000122,Openaudio-S1-Mini,1,5.454727649688721,14.91896629333496,2.823903690895074,1.5320337888065738
fake__en__Openaudio-S1-Mini__piratesofersatz_04_leinster_64kb_f000112,Openaudio-S1-Mini,1,1.7920624017715454,13.86667823791504,2.7265342995505293,-0.09588592883574934
fake__en__Openaudio-S1-Mini__piratesofersatz_12_leinster_64kb_f000009,Openaudio-S1-Mini,1,0.6907958984375,15.057059288024902,2.866946052091694,-0.521941281413081
fake__en__Openaudio-S1-Mini__silent_bullet_03_f000008,Openaudio-S1-Mini,1,4.109543800354004,13.631133079528809,2.6290987556914187,1.0188302490159684
fake__en__Openaudio-S1-Mini__silent_bullet_04_f000216,Openaudio-S1-Mini,1,4.5981526374816895,14.594337463378906,2.749427756377583,1.239353891135248
fake__en__Openaudio-S1-Mini__silent_bullet_05_f000083,Openaudio-S1-Mini,1,6.713287353515625,12.705708503723145,2.6994047828448275,1.701707535499384
fake__en__Openaudio-S1-Mini__silent_bullet_05_f000288,Openaudio-S1-Mini,1,1.738101840019226,14.406756401062012,2.741142942881671,0.002664401512231046
fake__en__Openaudio-S1-Mini__silent_bullet_06_f000058,Openaudio-S1-Mini,1,3.4989264011383057,13.534069061279297,2.7254220851063846,0.5296664076463901
fake__en__Openaudio-S1-Mini__silent_bullet_06_f000147,Openaudio-S1-Mini,1,0.6234707236289978,14.2236967086792,2.788180570262805,-0.6174456909574514
fake__en__Openaudio-S1-Mini__silent_bullet_06_f000196,Openaudio-S1-Mini,1,0.7809579372406006,13.881270408630373,2.8095450880712467,-0.6934155783070722
fake__en__Openaudio-S1-Mini__silent_bullet_06_f000294,Openaudio-S1-Mini,1,3.728355646133423,14.529217720031738,2.8588211623483746,0.622472582042148
fake__en__Openaudio-S1-Mini__silent_bullet_07_f000227,Openaudio-S1-Mini,1,2.014490365982056,14.639801025390623,2.758501836076159,0.14751315465997827
fake__en__Openaudio-S1-Mini__silent_bullet_07_f000311,Openaudio-S1-Mini,1,-0.0568369105458259,14.099262237548828,2.7611464173576308,-0.88071279267871
fake__en__Openaudio-S1-Mini__silent_bullet_08_f000034,Openaudio-S1-Mini,1,0.0019110203720629,13.49037742614746,2.7949763372352967,-1.099891373909232
fake__en__Openaudio-S1-Mini__silent_bullet_08_f000103,Openaudio-S1-Mini,1,1.478296160697937,14.21963596343994,2.720682043491162,-0.11565274497281533
fake__en__Openaudio-S1-Mini__silent_bullet_11_f000137,Openaudio-S1-Mini,1,3.162803888320923,14.99216079711914,2.8126520930702044,0.6138841929602473
fake__en__Openaudio-S1-Mini__silent_bullet_12_f000258,Openaudio-S1-Mini,1,-0.6566306352615356,12.751826286315918,2.6555103618370737,-1.2876430581862035
fake__en__OuteTTS__dorothy_and_wizard_oz_03_f000048,OuteTTS,1,0.0811053365468978,12.998116493225098,2.668565633620472,-0.9430234341681619
fake__en__OuteTTS__dorothy_and_wizard_oz_09_f000020,OuteTTS,1,0.6481337547302246,15.15806484222412,2.729068794032196,-0.157600322753562
fake__en__OuteTTS__dorothy_and_wizard_oz_13_f000001,OuteTTS,1,-2.0838563442230225,12.716509819030762,2.518733642806893,-1.6146646625253829
fake__en__OuteTTS__dorothy_and_wizard_oz_14_f000111,OuteTTS,1,-0.7212576866149902,14.463631629943848,2.7675765160431465,-1.0312534308558534
fake__en__OuteTTS__dorothy_and_wizard_oz_15_f000081,OuteTTS,1,2.6977667808532715,11.211113929748535,2.391843389078469,0.18524783298239533
fake__en__OuteTTS__dorothy_and_wizard_oz_18_f000040,OuteTTS,1,8.421732902526855,13.266469955444336,2.8035540000691053,2.3392288207722784
fake__en__OuteTTS__dorothy_and_wizard_oz_18_f000044,OuteTTS,1,6.441577434539795,13.756576538085938,2.712689173455101,1.860435255494526
fake__en__OuteTTS__dorothy_and_wizard_oz_19_f000014,OuteTTS,1,6.412176609039307,11.782752990722656,2.5137491663438074,1.6560727641542583
fake__en__OuteTTS__hunters_space_10_f000022,OuteTTS,1,0.0120516326278448,12.777873992919922,2.522174855557396,-0.7262211834581438
fake__en__OuteTTS__hunters_space_11_f000118,OuteTTS,1,0.7099023461341858,12.483726501464844,2.5115873658878742,-0.5039745957747263
fake__en__OuteTTS__piratesofersatz_06_leinster_64kb_f000139,OuteTTS,1,2.8180177211761475,14.127628326416016,2.700512598169353,0.4876850911863143
fake__en__OuteTTS__piratesofersatz_06_leinster_64kb_f000201,OuteTTS,1,1.3305153846740725,13.193589210510254,2.59908723470255,-0.2096538844433753
fake__en__OuteTTS__piratesofersatz_07_leinster_64kb_f000064,OuteTTS,1,-1.049696683883667,12.576330184936523,2.507876365739263,-1.202824538078019
fake__en__OuteTTS__piratesofersatz_09_leinster_64kb_f000005,OuteTTS,1,1.9720419645309448,14.3014497756958,2.812229521667539,-0.05181341836261806
fake__en__OuteTTS__piratesofersatz_10_leinster_64kb_f000129,OuteTTS,1,3.3984968662261963,12.961067199707031,2.6213545294293423,0.534313848256553
fake__en__OuteTTS__silent_bullet_01_f000016,OuteTTS,1,4.846415042877197,15.134462356567385,2.867054827694623,1.2940529045519624
fake__en__OuteTTS__silent_bullet_03_f000057,OuteTTS,1,0.8410633206367493,14.36113166809082,2.769816152348592,-0.41485470532877955
fake__en__OuteTTS__silent_bullet_03_f000105,OuteTTS,1,1.6774954795837402,11.57555103302002,2.495824652872338,-0.35063911634529377
fake__en__OuteTTS__silent_bullet_03_f000186,OuteTTS,1,1.1460968255996704,14.307853698730469,2.8344053000853497,-0.44293263508226927
fake__en__OuteTTS__silent_bullet_06_f000041,OuteTTS,1,4.055225372314453,14.128596305847168,2.76981180079799,0.8563776376784666
fake__en__OuteTTS__silent_bullet_11_f000249,OuteTTS,1,2.460788488388061,14.925745964050291,2.782163535116075,0.41334228221037583
fake__en__OuteTTS__silent_bullet_12_f000307,OuteTTS,1,-2.5269625186920166,12.039301872253418,2.552193842458306,-2.0846512095122263
fake__en__Qwen2.5-Omni__dorothy_and_wizard_oz_01_f000045,Qwen2.5-Omni,1,-2.655213594436645,12.94949436187744,2.3650730490026604,-1.4437784691338897
fake__en__Qwen2.5-Omni__dorothy_and_wizard_oz_18_f000006,Qwen2.5-Omni,1,6.273547172546387,14.716525077819824,2.809291537406158,1.8801672469128452
fake__en__Qwen2.5-Omni__hunters_space_02_f000032,Qwen2.5-Omni,1,4.612123012542725,13.871368408203123,2.704927388236055,1.1561951737001248
fake__en__Qwen2.5-Omni__hunters_space_02_f000090,Qwen2.5-Omni,1,6.133216381072998,13.99934196472168,2.690266322706824,1.8522289950840005
fake__en__Qwen2.5-Omni__hunters_space_05_f000109,Qwen2.5-Omni,1,5.418397903442383,12.920096397399902,2.578319460524453,1.468052246190223
fake__en__Qwen2.5-Omni__hunters_space_16_f000012,Qwen2.5-Omni,1,7.39185094833374,13.871784210205078,2.698820476099806,2.319854327115154
fake__en__Qwen2.5-Omni__hunters_space_16_f000083,Qwen2.5-Omni,1,1.590937852859497,14.715776443481444,2.769655026084592,0.01914535811942776
fake__en__Qwen2.5-Omni__hunters_space_16_f000117,Qwen2.5-Omni,1,0.1566595882177353,12.34795379638672,2.2483434573041787,-0.22015468185334458
fake__en__Qwen2.5-Omni__piratesofersatz_03_leinster_64kb_f000012,Qwen2.5-Omni,1,7.635767936706543,13.167669296264648,2.574512895468516,2.46533838830242
fake__en__Qwen2.5-Omni__piratesofersatz_08_leinster_64kb_f000045,Qwen2.5-Omni,1,-2.378897428512573,13.015023231506348,2.5521080196083377,-1.6822636887080862
fake__en__Qwen2.5-Omni__silent_bullet_02_f000215,Qwen2.5-Omni,1,8.42924976348877,14.127847671508787,2.7536244425277334,2.714315115764455
fake__en__Qwen2.5-Omni__silent_bullet_03_f000011,Qwen2.5-Omni,1,1.6795867681503296,14.968496322631836,2.718940184725808,0.2294157248003783
fake__en__Qwen2.5-Omni__silent_bullet_04_f000086,Qwen2.5-Omni,1,5.9479851722717285,13.825331687927246,2.6594527637572427,1.7866738754196183
fake__en__Qwen2.5-Omni__silent_bullet_04_f000265,Qwen2.5-Omni,1,1.981483817100525,13.951428413391112,2.677828446171627,0.1434613386643998
fake__en__RVC__dorothy_and_wizard_oz_05_f000049,RVC,1,2.3815834522247314,13.352192878723145,2.682274446745342,0.11389106466726875
fake__en__RVC__dorothy_and_wizard_oz_05_f000058,RVC,1,0.9312887787818908,12.813735961914062,2.366541187368885,0.01419174359079458
fake__en__RVC__dorothy_and_wizard_oz_07_f000014,RVC,1,4.58893632888794,13.408616065979004,2.7176491463488714,0.9699186531889871
fake__en__RVC__dorothy_and_wizard_oz_08_f000016,RVC,1,-1.4606106281280518,13.803711891174316,2.656411693280559,-1.2751022070779106
fake__en__RVC__dorothy_and_wizard_oz_13_f000057,RVC,1,7.119561672210693,14.111318588256836,2.74746828857381,2.1799801864831307
fake__en__RVC__dorothy_and_wizard_oz_18_f000066,RVC,1,3.501835346221924,12.62547492980957,2.5329461240545057,0.6618666481218513
fake__en__RVC__piratesofersatz_04_leinster_64kb_f000090,RVC,1,7.851566791534424,13.442899703979492,2.6066296601887315,2.5679842706355527
fake__en__RVC__piratesofersatz_10_leinster_64kb_f000055,RVC,1,2.7872469425201416,11.784042358398438,2.4739800789660307,0.22072578176589003
fake__en__RVC__silent_bullet_03_f000224,RVC,1,-1.4362540245056152,12.215575218200684,2.606196646490159,-1.669962520135062
fake__en__RVC__silent_bullet_07_f000107,RVC,1,5.1437764167785645,13.210515022277832,2.557882510662618,1.476691477501117
fake__en__RVC__silent_bullet_10_f000337,RVC,1,4.333796977996826,12.531132698059082,2.54028914989776,0.9600136550357204
fake__en__RVC__silent_bullet_12_f000307,RVC,1,-0.6627621054649353,10.605072021484377,2.5012618553154,-1.645242799743954
fake__en__RVC__silent_bullet_12_f000340,RVC,1,4.686304092407227,12.96954345703125,2.651822853873282,1.0091443654150214
fake__en__RVC__silent_bullet_13_f000351,RVC,1,1.933149456977844,12.91469383239746,2.506469962523089,0.1625698220421296
fake__en__Resemble.ai__April_12th__2025___dorothy_and_wizard_oz_01_f000032,"Resemble.ai (April 12th, 2025)",1,-0.6094564199447632,12.754523277282717,2.42153040551201,-0.7682953705300795
fake__en__Resemble.ai__April_12th__2025___dorothy_and_wizard_oz_02_f000008,"Resemble.ai (April 12th, 2025)",1,7.405977725982666,14.702027320861816,2.8503340663224552,2.255278847640819
fake__en__Resemble.ai__April_12th__2025___dorothy_and_wizard_oz_05_f000066,"Resemble.ai (April 12th, 2025)",1,0.051317922770977,12.469351768493652,2.159572519621034,-0.0623522081024152
fake__en__Resemble.ai__April_12th__2025___dorothy_and_wizard_oz_06_f000025,"Resemble.ai (April 12th, 2025)",1,2.635902404785156,12.371378898620604,2.32899223081692,0.6348096310414508
fake__en__Resemble.ai__April_12th__2025___dorothy_and_wizard_oz_09_f000035,"Resemble.ai (April 12th, 2025)",1,8.252972602844238,14.297247886657717,2.7022681552749144,2.7763942210761616
fake__en__Resemble.ai__April_12th__2025___hunters_space_07_f000104,"Resemble.ai (April 12th, 2025)",1,4.5907392501831055,12.977178573608398,2.5095854872357632,1.260468475660832
fake__en__Resemble.ai__April_12th__2025___hunters_space_10_f000046,"Resemble.ai (April 12th, 2025)",1,5.766254425048828,12.12418270111084,2.3750887079215937,1.7563039605271586
fake__en__Resemble.ai__April_12th__2025___piratesofersatz_01_leinster_64kb_f000185,"Resemble.ai (April 12th, 2025)",1,1.8087918758392332,12.228894233703612,2.309872439348021,0.29040059329158313
fake__en__Resemble.ai__April_12th__2025___piratesofersatz_03_leinster_64kb_f000002,"Resemble.ai (April 12th, 2025)",1,3.453655242919922,12.845772743225098,2.638255319480426,0.49901762741857203
fake__en__Resemble.ai__April_12th__2025___piratesofersatz_03_leinster_64kb_f000077,"Resemble.ai (April 12th, 2025)",1,3.8090665340423584,13.916263580322266,2.8047732341438105,0.6335776338863356
fake__en__Resemble.ai__April_12th__2025___piratesofersatz_05_leinster_64kb_f000028,"Resemble.ai (April 12th, 2025)",1,-0.873134195804596,12.463886260986328,2.410530802533937,-0.941345269857336
fake__en__Resemble.ai__April_12th__2025___piratesofersatz_06_leinster_64kb_f000151,"Resemble.ai (April 12th, 2025)",1,4.889685153961182,13.017777442932127,2.491701542159229,1.4308542817747287
fake__en__Resemble.ai__April_12th__2025___piratesofersatz_07_leinster_64kb_f000188,"Resemble.ai (April 12th, 2025)",1,5.116150856018066,15.408462524414062,2.868603037985464,1.4882853639678422
fake__en__Resemble.ai__April_12th__2025___silent_bullet_03_f000080,"Resemble.ai (April 12th, 2025)",1,4.427151203155518,13.85750675201416,2.730429173908652,1.0174639607391045
fake__en__Resemble.ai__April_12th__2025___silent_bullet_06_f000074,"Resemble.ai (April 12th, 2025)",1,4.9296555519104,14.036375045776367,2.836853311281895,1.066244547814059
fake__en__Resemble.ai__April_12th__2025___silent_bullet_07_f000055,"Resemble.ai (April 12th, 2025)",1,1.3091051578521729,11.849425315856934,2.342069153537459,-0.09170011419302054
fake__en__Resemble.ai__April_12th__2025___silent_bullet_08_f000227,"Resemble.ai (April 12th, 2025)",1,8.58790111541748,13.71774196624756,2.651501172903151,2.8422051657443093
fake__en__Resemble.ai__April_12th__2025___silent_bullet_09_f000080,"Resemble.ai (April 12th, 2025)",1,1.5401008129119873,13.151249885559082,2.656023174847101,-0.2316770710261375
fake__en__Ringg_Squirrel_TTS_v1.0__dorothy_and_wizard_oz_02_f000021,Ringg Squirrel TTS v1.0,1,8.974913597106934,13.480093002319336,2.7770852181436707,2.648356746176049
fake__en__Ringg_Squirrel_TTS_v1.0__dorothy_and_wizard_oz_07_f000041,Ringg Squirrel TTS v1.0,1,6.874026775360107,13.33271312713623,2.767622732385341,1.7656144707463892
fake__en__Ringg_Squirrel_TTS_v1.0__dorothy_and_wizard_oz_11_f000015,Ringg Squirrel TTS v1.0,1,8.534199714660645,13.370840072631836,2.694315228641607,2.6104159046521023
fake__en__Ringg_Squirrel_TTS_v1.0__dorothy_and_wizard_oz_12_f000033,Ringg Squirrel TTS v1.0,1,3.535318374633789,13.93567180633545,2.6914029341670385,0.7501949476167076
fake__en__Ringg_Squirrel_TTS_v1.0__hunters_space_04_f000039,Ringg Squirrel TTS v1.0,1,4.812520503997803,13.360011100769045,2.7752437366806344,0.9164713273450744
fake__en__Ringg_Squirrel_TTS_v1.0__hunters_space_05_f000050,Ringg Squirrel TTS v1.0,1,9.296331405639648,14.530583381652832,2.6800935378362647,3.308570893188585
fake__en__Ringg_Squirrel_TTS_v1.0__hunters_space_06_f000100,Ringg Squirrel TTS v1.0,1,6.196115493774414,13.737857818603516,2.7711804520353613,1.6060784136462773
fake__en__Ringg_Squirrel_TTS_v1.0__piratesofersatz_04_leinster_64kb_f000147,Ringg Squirrel TTS v1.0,1,5.50792121887207,14.642916679382324,2.8186060128698136,1.503160117404093
fake__en__Ringg_Squirrel_TTS_v1.0__piratesofersatz_04_leinster_64kb_f000183,Ringg Squirrel TTS v1.0,1,9.111605644226074,13.710611343383787,2.6985407842283933,2.941686804483209
fake__en__Ringg_Squirrel_TTS_v1.0__piratesofersatz_04_leinster_64kb_f000229,Ringg Squirrel TTS v1.0,1,6.350196361541748,12.875723838806152,2.710751942196412,1.531794859040233
fake__en__Ringg_Squirrel_TTS_v1.0__piratesofersatz_04_leinster_64kb_f000253,Ringg Squirrel TTS v1.0,1,5.76577615737915,13.251690864562988,2.753320502928485,1.3186935082422744
fake__en__Ringg_Squirrel_TTS_v1.0__silent_bullet_02_f000308,Ringg Squirrel TTS v1.0,1,8.447340965270996,13.508220672607422,2.7730001569813663,2.4503553141874432
fake__en__Ringg_Squirrel_TTS_v1.0__silent_bullet_04_f000189,Ringg Squirrel TTS v1.0,1,7.6572065353393555,13.13936996459961,2.6482517806459605,2.2789426068222185
fake__en__Ringg_Squirrel_TTS_v1.0__silent_bullet_04_f000238,Ringg Squirrel TTS v1.0,1,4.49727201461792,13.697565078735352,2.811409531261805,0.8149873061924786
fake__en__Ringg_Squirrel_TTS_v1.0__silent_bullet_08_f000122,Ringg Squirrel TTS v1.0,1,6.499568462371826,12.895878791809082,2.8107763988926884,1.3868091139782153
fake__en__Ringg_Squirrel_TTS_v1.0__silent_bullet_09_f000238,Ringg Squirrel TTS v1.0,1,2.001143455505371,13.917736053466797,2.766527424462902,-0.04082141939400702
fake__en__Ringg_Squirrel_TTS_v1.0__silent_bullet_12_f000024,Ringg Squirrel TTS v1.0,1,5.823950290679932,13.263626098632812,2.637436527902295,1.5919015953253404
fake__en__Ringg_Squirrel_TTS_v1.0__silent_bullet_13_f000149,Ringg Squirrel TTS v1.0,1,8.094710350036621,14.133728981018066,2.9099778444131923,2.2084146024074327
fake__en__SoulX-Podcast__dorothy_and_wizard_oz_01_f000044,SoulX-Podcast,1,3.3082497119903564,13.508828163146973,2.645716036044218,0.630190952406394
fake__en__SoulX-Podcast__dorothy_and_wizard_oz_12_f000132,SoulX-Podcast,1,-1.7815216779708862,13.558032035827637,2.685834462192583,-1.5579777269791704
fake__en__SoulX-Podcast__dorothy_and_wizard_oz_13_f000054,SoulX-Podcast,1,4.043581485748291,13.825604438781738,2.517327431621841,1.2964410495921563
fake__en__SoulX-Podcast__hunters_space_10_f000045,SoulX-Podcast,1,2.64942479133606,14.620959281921388,2.754337232979697,0.45656536125014574
fake__en__SoulX-Podcast__hunters_space_15_f000064,SoulX-Podcast,1,5.199549674987793,14.267004013061523,2.683439781972928,1.5618500941209734
fake__en__SoulX-Podcast__piratesofersatz_03_leinster_64kb_f000108,SoulX-Podcast,1,8.949769973754883,14.869614601135254,2.773106800048202,3.1137546726529983
fake__en__SoulX-Podcast__piratesofersatz_04_leinster_64kb_f000283,SoulX-Podcast,1,-0.6610775589942932,13.908183097839355,2.7448828056027565,-1.1114594143895058
fake__en__SoulX-Podcast__piratesofersatz_05_leinster_64kb_f000122,SoulX-Podcast,1,-2.038639068603516,14.40632438659668,2.827213129741097,-1.7099723741957185
fake__en__SoulX-Podcast__silent_bullet_06_f000145,SoulX-Podcast,1,3.4498772621154785,13.89216136932373,2.658780427979848,0.7745645896663952
fake__en__SoulX-Podcast__silent_bullet_08_f000298,SoulX-Podcast,1,-1.1630427837371826,13.809473037719728,2.6385709181356582,-1.1283128195259995
fake__en__SoulX-Podcast__silent_bullet_11_f000198,SoulX-Podcast,1,6.429098606109619,12.904176712036133,2.727068755288041,1.5827870021867532
fake__en__SoulX-Podcast__silent_bullet_13_f000338,SoulX-Podcast,1,3.8252651691436768,14.937407493591309,2.69086132719544,1.1711069848450308
fake__en__Spark-TTS-0.5B__dorothy_and_wizard_oz_04_f000025,Spark-TTS-0.5B,1,1.0569206476211548,13.052423477172852,2.625254983890864,-0.41444546334515203
fake__en__Spark-TTS-0.5B__hunters_space_04_f000044,Spark-TTS-0.5B,1,-1.1360735893249512,13.705035209655762,2.637375486067486,-1.2032588250841747
fake__en__Spark-TTS-0.5B__hunters_space_05_f000110,Spark-TTS-0.5B,1,4.398406028747559,14.404052734375,2.7088125085232675,1.220151426364166
fake__en__Spark-TTS-0.5B__hunters_space_18_f000056,Spark-TTS-0.5B,1,-2.3513457775115967,12.973849296569824,2.362217290942799,-1.3862755324307514
fake__en__Spark-TTS-0.5B__piratesofersatz_01_leinster_64kb_f000219,Spark-TTS-0.5B,1,-3.197707176208496,13.141037940979004,2.433954669246769,-1.8438767369752256
fake__en__Spark-TTS-0.5B__piratesofersatz_02_leinster_64kb_f000143,Spark-TTS-0.5B,1,-1.8169041872024536,13.454358100891112,2.5199329171893874,-1.3344096803695737
fake__en__Spark-TTS-0.5B__piratesofersatz_09_leinster_64kb_f000045,Spark-TTS-0.5B,1,0.8886399865150452,13.436375617980955,2.559751566375518,-0.2559950170563435
fake__en__Spark-TTS-0.5B__silent_bullet_05_f000030,Spark-TTS-0.5B,1,-1.275654673576355,14.426079750061035,2.7690469225309715,-1.3252064540691348
fake__en__Spark-TTS-0.5B__silent_bullet_06_f000002,Spark-TTS-0.5B,1,-0.5825360417366028,12.43978214263916,2.46095368855676,-0.9630982405811636
fake__en__Spark-TTS-0.5B__silent_bullet_06_f000016,Spark-TTS-0.5B,1,-2.6103556156158447,14.100508689880373,2.634442342691207,-1.7236427739046063
fake__en__Spark-TTS-0.5B__silent_bullet_06_f000154,Spark-TTS-0.5B,1,-4.125578880310059,13.716617584228516,2.579465280146884,-2.3700369807070794
fake__en__Spark-TTS-0.5B__silent_bullet_06_f000194,Spark-TTS-0.5B,1,-2.009669065475464,14.700629234313965,2.668822466455591,-1.3713718987019143
fake__en__Spark-TTS-0.5B__silent_bullet_08_f000252,Spark-TTS-0.5B,1,3.8460617065429688,13.83189296722412,2.621994005530884,0.998100888619146
fake__en__Spark-TTS-0.5B__silent_bullet_09_f000270,Spark-TTS-0.5B,1,2.616451501846313,14.879618644714355,2.8778144246534976,0.25501217052938213
fake__en__Spark-TTS-0.5B__silent_bullet_09_f000279,Spark-TTS-0.5B,1,2.1662416458129883,14.368955612182615,2.711735325928744,0.2474322966699497
fake__en__Spark-TTS-0.5B__silent_bullet_10_f000079,Spark-TTS-0.5B,1,-4.427496910095215,14.40250015258789,2.68023341542995,-2.5109971326451794
fake__en__Step-Audio-EditX__dorothy_and_wizard_oz_06_f000016,Step-Audio-EditX,1,4.689010143280029,13.96641731262207,2.61312981362748,1.3998520916633725
fake__en__Step-Audio-EditX__hunters_space_01_f000019,Step-Audio-EditX,1,8.540116310119629,13.047362327575684,2.6196947707710816,2.701385301250944
fake__en__Step-Audio-EditX__hunters_space_07_f000032,Step-Audio-EditX,1,2.369248628616333,13.403903007507324,2.535271332286682,0.437355154772029
fake__en__Step-Audio-EditX__hunters_space_10_f000058,Step-Audio-EditX,1,2.2857437133789062,14.523991584777832,2.6868631799243343,0.4229358279001864
fake__en__Step-Audio-EditX__piratesofersatz_04_leinster_64kb_f000073,Step-Audio-EditX,1,5.4963483810424805,13.197474479675291,2.41324204031722,1.9157943575710763
fake__en__Step-Audio-EditX__piratesofersatz_05_leinster_64kb_f000166,Step-Audio-EditX,1,3.100949764251709,14.432940483093262,2.694446746874679,0.7163525448935845
fake__en__Step-Audio-EditX__piratesofersatz_06_leinster_64kb_f000017,Step-Audio-EditX,1,2.995452642440796,14.379810333251951,2.589474232955021,0.8729128067993294
fake__en__Step-Audio-EditX__piratesofersatz_11_leinster_64kb_f000045,Step-Audio-EditX,1,-0.0105390939861536,12.777541160583496,2.6182648928836736,-0.8994033591847865
fake__en__Step-Audio-EditX__silent_bullet_03_f000215,Step-Audio-EditX,1,7.156530380249023,13.945562362670898,2.6737427654657906,2.285993228581162
fake__en__Step-Audio-EditX__silent_bullet_09_f000124,Step-Audio-EditX,1,1.3244469165802002,13.777361869812012,2.8149767682827656,-0.45758668923533485
fake__en__Step-Audio-EditX__silent_bullet_13_f000126,Step-Audio-EditX,1,2.6412806510925293,14.179193496704102,2.7550546862599816,0.3272221525377312
fake__en__Supertonic__dorothy_and_wizard_oz_01_f000098,Supertonic,1,6.455775737762451,14.37360954284668,2.7047884086921927,2.0512309603251557
fake__en__Supertonic__dorothy_and_wizard_oz_05_f000038,Supertonic,1,6.791393756866455,12.730854988098145,2.411114381989224,2.302359069502735
fake__en__Supertonic__dorothy_and_wizard_oz_16_f000040,Supertonic,1,4.555020332336426,14.019018173217772,2.803547374000688,0.9687551451928443
fake__en__Supertonic__hunters_space_04_f000017,Supertonic,1,6.969250202178955,13.8533296585083,2.669600973712015,2.1803214510152964
fake__en__Supertonic__hunters_space_10_f000114,Supertonic,1,2.778183937072754,14.09397315979004,2.615549542814588,0.6441068512014829
fake__en__Supertonic__piratesofersatz_01_leinster_64kb_f000215,Supertonic,1,6.431825637817383,13.93910312652588,2.589602552111097,2.147514736168943
fake__en__Supertonic__piratesofersatz_03_leinster_64kb_f000146,Supertonic,1,2.426553964614868,13.568827629089355,2.589128075139383,0.3997333011398283
fake__en__Supertonic__piratesofersatz_03_leinster_64kb_f000184,Supertonic,1,5.245899200439453,14.459623336791992,2.671292604999816,1.6488687920480174
fake__en__Supertonic__piratesofersatz_05_leinster_64kb_f000054,Supertonic,1,5.676039218902588,14.43293285369873,2.698390262163239,1.762274101195635
fake__en__Supertonic__piratesofersatz_06_leinster_64kb_f000198,Supertonic,1,7.213233947753906,14.603105545043944,2.7179232792194377,2.4020669308386404
fake__en__Supertonic__silent_bullet_02_f000135,Supertonic,1,7.903316020965576,14.050299644470217,2.5488556203667816,2.8652850378565287
fake__en__Supertonic__silent_bullet_05_f000057,Supertonic,1,8.61470890045166,13.044057846069336,2.521261828252983,2.91759518783416
fake__en__Supertonic__silent_bullet_06_f000273,Supertonic,1,9.30857753753662,14.512744903564451,2.805484337589291,3.0561901213472025
fake__en__Supertonic__silent_bullet_09_f000164,Supertonic,1,7.6806559562683105,13.43161392211914,2.595149746049945,2.498934404984234
fake__en__Supertonic__silent_bullet_13_f000127,Supertonic,1,5.175656795501709,14.32153606414795,2.6471218112959414,1.6286163421705306
fake__en__Supertonic__silent_bullet_13_f000269,Supertonic,1,8.527195930480957,13.503729820251465,2.4086331290647363,3.2447591681148227
fake__en__Veena__dorothy_and_wizard_oz_02_f000066,Veena,1,4.818085193634033,13.00127124786377,2.6296012258962014,1.1151210500476003
fake__en__Veena__dorothy_and_wizard_oz_07_f000043,Veena,1,8.400080680847168,13.427030563354492,2.668279977515771,2.6271983206429383
fake__en__Veena__dorothy_and_wizard_oz_08_f000040,Veena,1,5.909853935241699,12.886507987976074,2.6503719781179544,1.4814087362293247
fake__en__Veena__dorothy_and_wizard_oz_14_f000018,Veena,1,3.6671411991119385,12.852347373962402,2.612995401501602,0.6342873158573643
fake__en__Veena__hunters_space_06_f000077,Veena,1,5.3288350105285645,13.457015991210938,2.8188343488862926,1.067352548641516
fake__en__Veena__hunters_space_07_f000067,Veena,1,6.407071590423584,12.822786331176758,2.630446645231827,1.7063694803872127
fake__en__Veena__hunters_space_14_f000033,Veena,1,5.087713718414307,13.360614776611328,2.695943330296293,1.1971272560476185
fake__en__Veena__piratesofersatz_03_leinster_64kb_f000220,Veena,1,3.57619309425354,15.01313018798828,2.7623485397654632,0.9527734775596324
fake__en__Veena__piratesofersatz_05_leinster_64kb_f000047,Veena,1,7.955113410949707,13.606961250305176,2.6279162197723056,2.5861174161792198
fake__en__Veena__piratesofersatz_09_leinster_64kb_f000093,Veena,1,8.405226707458496,13.569900512695312,2.7771925740066776,2.444884711101027
fake__en__Veena__piratesofersatz_10_leinster_64kb_f000026,Veena,1,4.044217586517334,12.150371551513672,2.557195357459668,0.6878935285107055
fake__en__Veena__piratesofersatz_12_leinster_64kb_f000063,Veena,1,3.309997320175171,12.39069366455078,2.550737099334797,0.47631812722605243
fake__en__Veena__piratesofersatz_12_leinster_64kb_f000072,Veena,1,6.176584243774414,14.773981094360352,2.8184617135283405,1.8218500782139164
fake__en__Veena__silent_bullet_02_f000166,Veena,1,3.348921298980713,12.686786651611328,2.5407689462038325,0.6048208655575597
fake__en__Veena__silent_bullet_03_f000134,Veena,1,4.925312042236328,12.736400604248049,2.662134028303437,1.0085424167658972
fake__en__Veena__silent_bullet_04_f000172,Veena,1,6.126184463500977,12.645957946777344,2.597226097565806,1.6067539993419089
fake__en__VoxCPM-0.5B__dorothy_and_wizard_oz_09_f000014,VoxCPM-0.5B,1,-3.4764115810394287,14.529767036437988,2.763055345530345,-2.200435370498269
fake__en__VoxCPM-0.5B__dorothy_and_wizard_oz_12_f000029,VoxCPM-0.5B,1,-2.7724549770355225,13.84144115447998,2.6077964169685472,-1.777208651040439
fake__en__VoxCPM-0.5B__dorothy_and_wizard_oz_14_f000076,VoxCPM-0.5B,1,4.648186206817627,13.776705741882324,2.5000994732326585,1.55891484289869
fake__en__VoxCPM-0.5B__dorothy_and_wizard_oz_15_f000038,VoxCPM-0.5B,1,-0.7303294539451599,14.724173545837402,2.6470777049157364,-0.74652189377437
fake__en__VoxCPM-0.5B__dorothy_and_wizard_oz_16_f000039,VoxCPM-0.5B,1,1.3219168186187744,14.685023307800291,2.760048688556229,-0.12522140064078013
fake__en__VoxCPM-0.5B__hunters_space_12_f000048,VoxCPM-0.5B,1,0.2207438796758651,13.872133255004885,2.726806974814719,-0.7515090304925897
fake__en__VoxCPM-0.5B__piratesofersatz_01_leinster_64kb_f000105,VoxCPM-0.5B,1,2.513875961303711,12.977924346923828,2.5680754213695542,0.29123160360859934
fake__en__VoxCPM-0.5B__piratesofersatz_01_leinster_64kb_f000137,VoxCPM-0.5B,1,0.3445230722427368,10.065691947937012,2.0793731181558246,-0.43850618493451043
fake__en__VoxCPM-0.5B__piratesofersatz_04_leinster_64kb_f000076,VoxCPM-0.5B,1,3.96073579788208,12.98374080657959,2.57784333916879,0.8832803091695505
fake__en__VoxCPM-0.5B__piratesofersatz_06_leinster_64kb_f000110,VoxCPM-0.5B,1,3.3884122371673584,13.388157844543455,2.7098417966121717,0.48327777477820194
fake__en__VoxCPM-0.5B__piratesofersatz_10_leinster_64kb_f000036,VoxCPM-0.5B,1,-1.036163091659546,14.894107818603516,2.7955416434561284,-1.1345626436240108
fake__en__VoxCPM-0.5B__piratesofersatz_10_leinster_64kb_f000061,VoxCPM-0.5B,1,2.336566209793091,12.832918167114258,2.802314274192548,-0.30924855465823475
fake__en__VoxCPM-0.5B__piratesofersatz_12_leinster_64kb_f000193,VoxCPM-0.5B,1,-2.126394510269165,13.409018516540527,2.595904502265124,-1.6024841321800314
fake__en__VoxCPM-0.5B__silent_bullet_03_f000035,VoxCPM-0.5B,1,2.0775692462921143,15.023076057434082,2.8197899849599293,0.165883631118397
fake__en__VoxCPM-0.5B__silent_bullet_05_f000007,VoxCPM-0.5B,1,-1.4218027591705322,13.670777320861816,2.672884190717055,-1.3902065121273541
fake__en__VoxCPM-0.5B__silent_bullet_05_f000192,VoxCPM-0.5B,1,3.824726104736328,13.944016456604004,2.771888753363063,0.696560918318626
fake__en__VoxCPM-0.5B__silent_bullet_06_f000183,VoxCPM-0.5B,1,0.743989884853363,14.621053695678713,2.7866677896901386,-0.4423116567574206
fake__en__VoxCPM-0.5B__silent_bullet_06_f000355,VoxCPM-0.5B,1,-0.064917467534542,14.93949031829834,2.884721655626904,-0.8963003246613458
fake__en__VoxCPM-0.5B__silent_bullet_07_f000260,VoxCPM-0.5B,1,2.132704019546509,14.395179748535156,2.686789034015432,0.28637139386240434
fake__en__VoxCPM-0.5B__silent_bullet_07_f000325,VoxCPM-0.5B,1,1.069908618927002,13.670507431030272,2.592068201928448,-0.17154315333543452
fake__en__VoxCPM-0.5B__silent_bullet_08_f000005,VoxCPM-0.5B,1,3.667774438858032,13.222742080688477,2.5730832594711623,0.8372126655831394
fake__en__VoxCPM-0.5B__silent_bullet_11_f000116,VoxCPM-0.5B,1,4.546897888183594,12.526612281799316,2.6938329178865463,0.7611808817555706
fake__en__VoxCPM-0.5B__silent_bullet_13_f000157,VoxCPM-0.5B,1,2.068342685699463,14.363539695739746,2.6732252569676174,0.2783032120010347
fake__en__VoxCPM-1.5__dorothy_and_wizard_oz_03_f000029,VoxCPM-1.5,1,-0.2771106362342834,14.780452728271484,2.7978187840270925,-0.8104811714214067
fake__en__VoxCPM-1.5__dorothy_and_wizard_oz_05_f000091,VoxCPM-1.5,1,5.778849124908447,13.365050315856934,2.625313587274746,1.6658711590852004
fake__en__VoxCPM-1.5__dorothy_and_wizard_oz_06_f000051,VoxCPM-1.5,1,-0.5992487668991089,15.149205207824709,2.8285391975809984,-0.898832235771209
fake__en__VoxCPM-1.5__dorothy_and_wizard_oz_12_f000078,VoxCPM-1.5,1,3.0730199813842773,13.610156059265137,2.7828118187090487,0.2773311424283732
fake__en__VoxCPM-1.5__hunters_space_13_f000089,VoxCPM-1.5,1,-3.27752685546875,11.845232963562012,2.342505788437429,-2.009292627003132
fake__en__VoxCPM-1.5__piratesofersatz_04_leinster_64kb_f000166,VoxCPM-1.5,1,-2.180829763412476,11.70730972290039,2.2789180785957166,-1.4585690797336932
fake__en__VoxCPM-1.5__piratesofersatz_09_leinster_64kb_f000043,VoxCPM-1.5,1,0.37040776014328,13.805871963500977,2.577803832524382,-0.3758609598822954
fake__en__VoxCPM-1.5__piratesofersatz_10_leinster_64kb_f000011,VoxCPM-1.5,1,3.2809503078460693,14.568638801574709,2.7519252805925087,0.7154878106750859
fake__en__VoxCPM-1.5__piratesofersatz_10_leinster_64kb_f000137,VoxCPM-1.5,1,0.521210789680481,12.936691284179688,2.6559285431398765,-0.7341611547218835
fake__en__VoxCPM-1.5__silent_bullet_03_f000087,VoxCPM-1.5,1,3.945952653884888,14.45025634765625,2.804123829898284,0.8515590816143697
fake__en__VoxCPM-1.5__silent_bullet_03_f000202,VoxCPM-1.5,1,-2.4028022289276123,13.041595458984377,2.575038037224797,-1.763922995856159
fake__en__VoxCPM-1.5__silent_bullet_06_f000312,VoxCPM-1.5,1,-0.2472271770238876,12.968609809875488,2.6621574162341037,-1.060259581829707
fake__en__VoxCPM-1.5__silent_bullet_12_f000196,VoxCPM-1.5,1,5.7635579109191895,13.929590225219728,2.6500722116547224,1.7773567445867053
fake__en__VoxCPM-1.5__silent_bullet_13_f000235,VoxCPM-1.5,1,0.6995624899864197,13.327290534973145,2.5647303123196643,-0.3539015530891976
fake__en__Voxtream__dorothy_and_wizard_oz_04_f000049,Voxtream,1,4.156458377838135,13.903337478637695,2.766396096076257,0.8414112339472274
fake__en__Voxtream__dorothy_and_wizard_oz_16_f000008,Voxtream,1,-3.074271440505981,13.294328689575195,2.5342454864040724,-1.8668021024968993
fake__en__Voxtream__dorothy_and_wizard_oz_19_f000010,Voxtream,1,4.101573467254639,14.126014709472656,2.633108492713109,1.160456254448361
fake__en__Voxtream__hunters_space_06_f000089,Voxtream,1,2.6572465896606445,14.615107536315918,2.7027636959458268,0.5614161273334691
fake__en__Voxtream__hunters_space_19_f000001,Voxtream,1,1.8583838939666748,14.078709602355955,2.714253598673628,0.0457711436162348
fake__en__Voxtream__piratesofersatz_06_leinster_64kb_f000133,Voxtream,1,4.50329065322876,13.05160427093506,2.4596390256333827,1.3663238954394812
fake__en__Voxtream__piratesofersatz_08_leinster_64kb_f000081,Voxtream,1,1.4544126987457275,13.04600715637207,2.58868596890933,-0.17003038324193703
fake__en__Voxtream__piratesofersatz_08_leinster_64kb_f000122,Voxtream,1,2.6063294410705566,13.738637924194336,2.680466952568663,0.32542328396293596
fake__en__Voxtream__piratesofersatz_08_leinster_64kb_f000140,Voxtream,1,-1.544191598892212,12.904740333557127,2.6433131352624986,-1.5719992344655749
fake__en__Voxtream__silent_bullet_03_f000171,Voxtream,1,-0.8633333444595337,13.88720703125,2.71767626788491,-1.1501408667408444
fake__en__Voxtream__silent_bullet_04_f000122,Voxtream,1,-0.0946587994694709,13.81863784790039,2.6027721883287978,-0.6133294403294499
fake__en__Voxtream__silent_bullet_06_f000034,Voxtream,1,1.908332109451294,13.886895179748535,2.614475755022622,0.2157365680120698
fake__en__Voxtream__silent_bullet_07_f000195,Voxtream,1,1.3095961809158323,12.201478004455566,2.436606452596335,-0.1672297690311242
fake__en__Voxtream__silent_bullet_08_f000248,Voxtream,1,6.096335887908936,12.834487915039062,2.616398599263038,1.6400489052482774
fake__en__Voxtream__silent_bullet_08_f000298,Voxtream,1,5.365733623504639,13.529851913452148,2.72098074604546,1.3270033141091924
fake__en__Voxtream__silent_bullet_09_f000204,Voxtream,1,0.6143538355827332,13.617841720581056,2.726243062886482,-0.633544871956716
fake__en__Voxtream__silent_bullet_10_f000059,Voxtream,1,3.063126802444458,13.716124534606934,2.7057055041209352,0.45649835541004863
fake__en__Voxtream__silent_bullet_12_f000347,Voxtream,1,4.322873115539551,13.048398971557615,2.5535133734406523,1.0962526220642945
fake__en__WhisperSpeech__dorothy_and_wizard_oz_01_f000006,WhisperSpeech,1,5.235518932342529,13.652315139770508,2.752061584849265,1.2424381761528367
fake__en__WhisperSpeech__dorothy_and_wizard_oz_05_f000006,WhisperSpeech,1,3.682347059249878,13.516340255737305,2.3647624912308927,1.3705538720824477
fake__en__WhisperSpeech__dorothy_and_wizard_oz_11_f000073,WhisperSpeech,1,2.3931756019592285,12.855035781860352,2.479002478667536,0.38236447978779686
fake__en__WhisperSpeech__dorothy_and_wizard_oz_14_f000006,WhisperSpeech,1,8.362213134765625,12.649388313293455,2.426100181855092,2.9179834577015313
fake__en__WhisperSpeech__dorothy_and_wizard_oz_15_f000061,WhisperSpeech,1,-2.21086049079895,12.377497673034668,2.5796977635953957,-1.9012240477072262
fake__en__WhisperSpeech__dorothy_and_wizard_oz_15_f000106,WhisperSpeech,1,5.623897075653076,13.578850746154783,2.5946111660006914,1.7139804477284342
fake__en__WhisperSpeech__hunters_space_01_f000009,WhisperSpeech,1,3.3855133056640625,13.360067367553713,2.5905578603639987,0.7200407522742566
fake__en__WhisperSpeech__hunters_space_02_f000032,WhisperSpeech,1,-0.323135644197464,12.831544876098633,2.4672845700689554,-0.732878808838364
fake__en__WhisperSpeech__hunters_space_10_f000037,WhisperSpeech,1,2.6608211994171143,13.289332389831545,2.6412667349186147,0.2883070111348347
fake__en__WhisperSpeech__hunters_space_12_f000006,WhisperSpeech,1,1.793529033660889,14.058608055114746,2.7420611981459126,-0.04307636946822213
fake__en__WhisperSpeech__piratesofersatz_02_leinster_64kb_f000029,WhisperSpeech,1,0.9883914589881896,13.25308609008789,2.605358082254599,-0.3445793310821966
fake__en__WhisperSpeech__piratesofersatz_04_leinster_64kb_f000082,WhisperSpeech,1,0.5496934056282043,13.853035926818848,2.683996275942679,-0.5039763621729545
fake__en__WhisperSpeech__piratesofersatz_04_leinster_64kb_f000092,WhisperSpeech,1,3.030320167541504,12.381516456604004,2.67811950064685,0.07733475850828642
fake__en__WhisperSpeech__piratesofersatz_10_leinster_64kb_f000168,WhisperSpeech,1,-1.8606798648834229,12.539581298828123,2.533417436042384,-1.606114485572769
fake__en__WhisperSpeech__piratesofersatz_12_leinster_64kb_f000007,WhisperSpeech,1,0.9099977612495422,14.23751735687256,2.695578381477502,-0.2566215010643421
fake__en__WhisperSpeech__silent_bullet_02_f000211,WhisperSpeech,1,-0.3576135635375976,12.984752655029297,2.607225423931772,-0.9946237466796486
fake__en__WhisperSpeech__silent_bullet_04_f000071,WhisperSpeech,1,5.8198747634887695,12.23299789428711,2.4335213653214165,1.7105503692293604
fake__en__WhisperSpeech__silent_bullet_04_f000243,WhisperSpeech,1,0.987428903579712,12.697022438049316,2.6145798829987257,-0.5403521492413995
fake__en__WhisperSpeech__silent_bullet_08_f000055,WhisperSpeech,1,3.9247636795043945,13.466891288757324,2.6059328370336385,0.946170290933745
fake__en__WhisperSpeech__silent_bullet_08_f000323,WhisperSpeech,1,-0.699916660785675,12.28418254852295,2.492422042586096,-1.116244382609259
fake__en__WhisperSpeech__silent_bullet_11_f000295,WhisperSpeech,1,0.3683522045612335,12.566679000854492,2.5536103367751704,-0.7108204172098813
fake__en__ZipVoice__dorothy_and_wizard_oz_05_f000027,ZipVoice,1,1.711133599281311,13.82854461669922,2.595820202561463,0.15792672699968957
fake__en__ZipVoice__dorothy_and_wizard_oz_17_f000014,ZipVoice,1,1.153505563735962,14.576740264892578,2.6704629929829915,-0.005056192812809876
fake__en__ZipVoice__dorothy_and_wizard_oz_20_f000018,ZipVoice,1,3.717349529266357,13.196311950683594,2.5509939309683567,0.8975048475672667
fake__en__ZipVoice__hunters_space_16_f000099,ZipVoice,1,1.5280921459197998,13.630659103393556,2.590461263398844,0.03490432885350124
fake__en__ZipVoice__piratesofersatz_03_leinster_64kb_f000077,ZipVoice,1,-0.446837842464447,14.73618221282959,2.777894561795205,-0.8384087045006121
fake__en__ZipVoice__piratesofersatz_06_leinster_64kb_f000015,ZipVoice,1,-0.2871313989162445,12.302693367004396,2.4416236966453564,-0.8094940643224602
fake__en__ZipVoice__piratesofersatz_09_leinster_64kb_f000155,ZipVoice,1,-1.820766925811768,12.882075309753418,2.5441801310489733,-1.4831367226062702
fake__en__ZipVoice__piratesofersatz_10_leinster_64kb_f000058,ZipVoice,1,-1.705597162246704,13.542631149291992,2.6780376264053194,-1.5100224483250377
fake__en__ZipVoice__piratesofersatz_11_leinster_64kb_f000063,ZipVoice,1,6.326179504394531,12.221272468566896,2.458317212533344,1.8833269672083963
fake__en__ZipVoice__piratesofersatz_12_leinster_64kb_f000117,ZipVoice,1,4.107147693634033,13.77721118927002,2.475034944453844,1.3802339866155215
fake__en__ZipVoice__silent_bullet_07_f000210,ZipVoice,1,1.6746866703033447,8.544224739074707,1.2757909765076754,1.2381236128195154
fake__en__ZipVoice__silent_bullet_11_f000303,ZipVoice,1,3.2097585201263428,13.762822151184082,2.656667339123601,0.6405278924982907
fake__en__e2-tts__dorothy_and_wizard_oz_03_f000079,e2-tts,1,6.6901164054870605,14.713682174682615,2.809553908898476,2.0337455222632137
fake__en__e2-tts__hunters_space_02_f000067,e2-tts,1,4.739108562469482,13.729207038879396,2.7357598451924874,1.084266708086637
fake__en__e2-tts__hunters_space_06_f000007,e2-tts,1,-1.9506595134735107,15.022761344909668,2.807864369723512,-1.4630099295354348
fake__en__e2-tts__hunters_space_06_f000064,e2-tts,1,2.137157201766968,14.289977073669434,2.701126986453954,0.24795880502634055
fake__en__e2-tts__hunters_space_06_f000076,e2-tts,1,1.7088170051574707,13.807842254638672,2.815720613999789,-0.3270537975257412
fake__en__e2-tts__hunters_space_11_f000108,e2-tts,1,3.208229780197144,14.132447242736816,2.764264700292734,0.507704168555922
fake__en__e2-tts__hunters_space_13_f000030,e2-tts,1,4.207199096679688,12.655556678771973,2.8203731172606368,0.35194412729482866
fake__en__e2-tts__hunters_space_19_f000028,e2-tts,1,2.4459445476531982,13.062849044799805,2.6366903466159344,0.14433164549346078
fake__en__e2-tts__piratesofersatz_01_leinster_64kb_f000208,e2-tts,1,0.0805817767977714,14.85029125213623,2.75347614337479,-0.5516470746977515
fake__en__e2-tts__piratesofersatz_06_leinster_64kb_f000111,e2-tts,1,1.5942426919937134,11.144590377807615,2.6063997064087414,-0.7266172629712206
fake__en__e2-tts__piratesofersatz_06_leinster_64kb_f000117,e2-tts,1,0.6785715818405151,14.584635734558104,2.8647242451001063,-0.626648209879064
fake__en__e2-tts__piratesofersatz_11_leinster_64kb_f000094,e2-tts,1,0.9962502121925354,14.692898750305176,2.7576825931282785,-0.22776187343071896
fake__en__e2-tts__silent_bullet_04_f000110,e2-tts,1,0.8354350924491882,13.29112720489502,2.748999061227118,-0.7015947312968271
fake__en__e2-tts__silent_bullet_05_f000166,e2-tts,1,1.815679669380188,14.535886764526367,2.844097028243612,-0.12338750394139897
fake__en__e2-tts__silent_bullet_06_f000251,e2-tts,1,2.3317320346832275,15.067477226257324,2.825369854712237,0.29370571126509026
fake__en__e2-tts__silent_bullet_08_f000112,e2-tts,1,-0.1749331355094909,13.735100746154783,2.667591724899475,-0.8091445821805996
fake__en__f5-tts__dorothy_and_wizard_oz_06_f000068,f5-tts,1,-2.2884838581085205,15.5202054977417,2.80760548153724,-1.5109778915452954
fake__en__f5-tts__dorothy_and_wizard_oz_10_f000004,f5-tts,1,3.671856641769409,14.183347702026367,2.609287118587228,1.0412931223643314
fake__en__f5-tts__dorothy_and_wizard_oz_14_f000043,f5-tts,1,-0.7689365744590759,14.875635147094728,2.842414050776476,-1.1250666819876378
fake__en__f5-tts__hunters_space_05_f000015,f5-tts,1,1.722252607345581,13.691051483154297,2.785058698832109,-0.2862279398070501
fake__en__f5-tts__hunters_space_06_f000023,f5-tts,1,3.8567981719970703,13.848395347595217,2.698602717516904,0.8372339050933318
fake__en__f5-tts__hunters_space_15_f000040,f5-tts,1,2.132909059524536,15.082442283630373,2.821055288816584,0.1971069815694132
fake__en__f5-tts__hunters_space_19_f000016,f5-tts,1,0.8878944516181946,14.927196502685549,2.8137412550502527,-0.3538439614054033
fake__en__f5-tts__piratesofersatz_01_leinster_64kb_f000231,f5-tts,1,5.777519702911377,14.94838047027588,2.818430525421699,1.6971130320532275
fake__en__f5-tts__piratesofersatz_02_leinster_64kb_f000189,f5-tts,1,-1.1591734886169434,14.786354064941406,2.7979646028452057,-1.2199950658803882
fake__en__f5-tts__piratesofersatz_05_leinster_64kb_f000112,f5-tts,1,8.097169876098633,13.974081039428713,2.6760633106817773,2.7018963293867873
fake__en__f5-tts__piratesofersatz_09_leinster_64kb_f000134,f5-tts,1,6.670392990112305,14.512003898620604,2.799165390732812,1.991752411051705
fake__en__f5-tts__silent_bullet_02_f000019,f5-tts,1,0.0040016234852373,13.3556547164917,2.710606020897341,-0.9443209209209688
fake__en__f5-tts__silent_bullet_03_f000079,f5-tts,1,-1.8548696041107176,14.357169151306152,2.8855592832663244,-1.8167219093284976
fake__en__f5-tts__silent_bullet_09_f000227,f5-tts,1,1.2956305742263794,14.820442199707031,2.7924354096830872,-0.1671529351992464
fake__en__f5-tts__silent_bullet_09_f000325,f5-tts,1,-1.4773790836334229,14.942675590515137,2.832118861366127,-1.3824212403682046
fake__en__f5-tts__silent_bullet_10_f000321,f5-tts,1,6.205507278442383,14.877917289733888,2.7764568880269014,1.9460628556802928
fake__en__f5-tts__silent_bullet_13_f000357,f5-tts,1,1.7146637439727783,14.266172409057615,2.751921734855121,-0.05954209463507499
fake__en__facebook_mms-tts-eng__dorothy_and_wizard_oz_03_f000108,facebook_mms-tts-eng,1,4.099826335906982,14.326375007629396,2.7616587789526275,0.9493684286438417
fake__en__facebook_mms-tts-eng__dorothy_and_wizard_oz_04_f000066,facebook_mms-tts-eng,1,3.40663743019104,12.291627883911133,2.585177477700895,0.42789812930953514
fake__en__facebook_mms-tts-eng__dorothy_and_wizard_oz_15_f000110,facebook_mms-tts-eng,1,7.566525936126709,13.002702713012695,2.556253635283299,2.3970878445840045
fake__en__facebook_mms-tts-eng__dorothy_and_wizard_oz_15_f000116,facebook_mms-tts-eng,1,5.786840438842773,13.357748985290527,2.736056205280309,1.4046233694600634
fake__en__facebook_mms-tts-eng__dorothy_and_wizard_oz_16_f000027,facebook_mms-tts-eng,1,3.5728988647460938,14.293455123901367,2.6800776053556024,0.8925339826514076
fake__en__facebook_mms-tts-eng__dorothy_and_wizard_oz_18_f000067,facebook_mms-tts-eng,1,7.853908538818359,14.794537544250488,2.7970133818881857,2.548446949535564
fake__en__facebook_mms-tts-eng__hunters_space_11_f000073,facebook_mms-tts-eng,1,5.022069454193115,14.888065338134766,2.858583145928004,1.292510036616907
fake__en__facebook_mms-tts-eng__piratesofersatz_02_leinster_64kb_f000061,facebook_mms-tts-eng,1,3.829610586166382,14.42229175567627,2.768512936688597,0.8532479927454588
fake__en__facebook_mms-tts-eng__piratesofersatz_04_leinster_64kb_f000049,facebook_mms-tts-eng,1,7.529087543487549,13.251049995422363,2.632918950751756,2.2972705743150956
fake__en__facebook_mms-tts-eng__piratesofersatz_09_leinster_64kb_f000166,facebook_mms-tts-eng,1,8.330143928527832,14.858861923217772,2.833145487759564,2.6875381005144687
fake__en__facebook_mms-tts-eng__piratesofersatz_12_leinster_64kb_f000182,facebook_mms-tts-eng,1,5.687449932098389,13.624330520629885,2.5294302465764478,1.8687598957420828
fake__en__facebook_mms-tts-eng__silent_bullet_03_f000022,facebook_mms-tts-eng,1,5.0152764320373535,14.756661415100098,2.645612659678235,1.6897873853502559
fake__en__facebook_mms-tts-eng__silent_bullet_04_f000072,facebook_mms-tts-eng,1,7.006267547607422,13.4996919631958,2.686057471172167,2.047766525422036
fake__en__facebook_mms-tts-eng__silent_bullet_05_f000014,facebook_mms-tts-eng,1,5.602739810943604,14.18632984161377,2.7480704408784464,1.549828359180015
fake__en__facebook_mms-tts-eng__silent_bullet_07_f000027,facebook_mms-tts-eng,1,6.285764694213867,13.786145210266112,2.818846204634021,1.5645439519055595
fake__en__facebook_mms-tts-eng__silent_bullet_08_f000053,facebook_mms-tts-eng,1,7.119895458221436,14.20974063873291,2.7667357544088977,2.1379952497508
fake__en__facebook_mms-tts-eng__silent_bullet_09_f000127,facebook_mms-tts-eng,1,2.092200994491577,14.880189895629885,2.7883715827078297,0.23812909968165574
fake__en__facebook_mms-tts-eng__silent_bullet_11_f000008,facebook_mms-tts-eng,1,8.005569458007812,13.782000541687012,2.70015468712839,2.51042595092681
fake__en__griffin_lim__dorothy_and_wizard_oz_03_f000114,griffin_lim,1,-0.6671368479728699,15.092548370361328,2.7569720078750386,-0.7806819015305122
fake__en__griffin_lim__dorothy_and_wizard_oz_04_f000072,griffin_lim,1,-1.6830023527145386,13.660244941711426,2.698739749137732,-1.5254280082148681
fake__en__griffin_lim__dorothy_and_wizard_oz_15_f000076,griffin_lim,1,-0.0316029265522956,14.305468559265137,2.652841340016642,-0.5354826938305407
fake__en__griffin_lim__hunters_space_02_f000037,griffin_lim,1,-0.8246545195579529,13.71167278289795,2.69547640623518,-1.144530360915885
fake__en__griffin_lim__hunters_space_15_f000064,griffin_lim,1,3.157374620437622,13.789015769958496,2.8041249154919345,0.3027062792959681
fake__en__griffin_lim__piratesofersatz_03_leinster_64kb_f000115,griffin_lim,1,0.5723287463188171,12.91403865814209,2.621240301589868,-0.6503603596656614
fake__en__griffin_lim__piratesofersatz_04_leinster_64kb_f000118,griffin_lim,1,5.348206520080566,12.669055938720703,2.7449067236474445,0.9941803068542688
fake__en__griffin_lim__piratesofersatz_08_leinster_64kb_f000108,griffin_lim,1,3.1125524044036865,13.89334201812744,2.7320042518348964,0.4736058998049115
fake__en__griffin_lim__piratesofersatz_11_leinster_64kb_f000035,griffin_lim,1,7.097726345062256,14.181416511535645,2.835394693029479,1.9995247980853201
fake__en__griffin_lim__piratesofersatz_12_leinster_64kb_f000104,griffin_lim,1,1.3107357025146484,13.565777778625488,2.797427106896232,-0.5221270577531028
fake__en__griffin_lim__silent_bullet_05_f000182,griffin_lim,1,-0.8108587265014648,12.725098609924316,2.5670310926501805,-1.167937332343595
fake__en__griffin_lim__silent_bullet_06_f000011,griffin_lim,1,5.523397445678711,13.718794822692873,2.7817781226288747,1.3153777131044722
fake__en__griffin_lim__silent_bullet_07_f000208,griffin_lim,1,1.6401598453521729,13.25033950805664,2.463056764093922,0.2440789249653879
fake__en__griffin_lim__silent_bullet_10_f000232,griffin_lim,1,4.717279434204102,11.82945728302002,2.7034328837726638,0.558820110858604
fake__en__griffin_lim__silent_bullet_11_f000305,griffin_lim,1,1.088098645210266,12.456585884094238,2.734992367455906,-0.8260702343804188
fake__en__kokoro__dorothy_and_wizard_oz_08_f000034,kokoro,1,4.314907073974609,14.44538402557373,2.786002923635368,1.0211092241614568
fake__en__kokoro__dorothy_and_wizard_oz_10_f000039,kokoro,1,2.9928319454193115,14.907161712646484,2.7258028210281924,0.731446490609675
fake__en__kokoro__dorothy_and_wizard_oz_12_f000058,kokoro,1,4.306793212890625,13.46035385131836,2.379778473323386,1.5464774781358759
fake__en__kokoro__dorothy_and_wizard_oz_16_f000025,kokoro,1,3.6525275707244873,14.901034355163574,2.6957760936331314,1.058933802238061
fake__en__kokoro__hunters_space_08_f000074,kokoro,1,5.128952980041504,14.387185096740724,2.6302416972742955,1.6468987396879573
fake__en__kokoro__hunters_space_10_f000029,kokoro,1,6.852081775665283,14.647902488708496,2.737822951687898,2.2108385623526217
fake__en__kokoro__hunters_space_18_f000058,kokoro,1,5.3172125816345215,14.59177303314209,2.786556434063652,1.470967737515133
fake__en__kokoro__piratesofersatz_04_leinster_64kb_f000235,kokoro,1,9.033516883850098,15.57418727874756,2.811282865578866,3.2183689534661126
fake__en__kokoro__piratesofersatz_05_leinster_64kb_f000229,kokoro,1,6.239644527435303,14.749820709228516,2.7182742050090973,2.0283569378331365
fake__en__kokoro__piratesofersatz_06_leinster_64kb_f000009,kokoro,1,5.768742084503174,14.352477073669434,2.618458089300705,1.9218867823720633
fake__en__kokoro__piratesofersatz_06_leinster_64kb_f000034,kokoro,1,7.039317607879639,14.668004035949709,2.69117409297181,2.3857769486296174
fake__en__kokoro__piratesofersatz_06_leinster_64kb_f000162,kokoro,1,2.862134456634521,12.049039840698242,2.168067606208236,0.9774639755892147
fake__en__kokoro__piratesofersatz_07_leinster_64kb_f000004,kokoro,1,5.541060447692871,13.750171661376951,2.550531774598586,1.7933312133690984
fake__en__kokoro__piratesofersatz_09_leinster_64kb_f000120,kokoro,1,7.400645732879639,15.16983127593994,2.8634590985008064,2.332987242767584
fake__en__kokoro__silent_bullet_06_f000090,kokoro,1,6.646553039550781,15.499863624572754,2.830813315824241,2.183279111328099
fake__en__kokoro__silent_bullet_08_f000113,kokoro,1,5.815086841583252,14.244361877441406,2.7368753594685837,1.6747591323956004
fake__en__kokoro__silent_bullet_09_f000294,kokoro,1,2.620129346847534,14.375571250915527,2.734648463443264,0.4110294803285385
fake__en__kokoro__silent_bullet_11_f000036,kokoro,1,3.617883920669556,14.464205741882324,2.6884119453470023,0.9357006075864913
fake__en__kokoro__silent_bullet_12_f000039,kokoro,1,7.255110740661621,15.31301975250244,2.8391400347951623,2.36243462495171
fake__en__microsoft_speecht5_tts__hunters_space_06_f000023,microsoft_speecht5_tts,1,3.581899881362915,13.42801284790039,2.622065146592204,0.7638809906462639
fake__en__microsoft_speecht5_tts__hunters_space_10_f000085,microsoft_speecht5_tts,1,2.3919289112091064,12.589707374572754,2.315189108131448,0.642881121969638
fake__en__microsoft_speecht5_tts__hunters_space_12_f000034,microsoft_speecht5_tts,1,3.9334888458251953,14.242722511291504,2.5150238061106744,1.3651344460705117
fake__en__microsoft_speecht5_tts__piratesofersatz_01_leinster_64kb_f000138,microsoft_speecht5_tts,1,-0.519722044467926,14.199640274047852,2.7298324008605555,-0.9180756017644366
fake__en__microsoft_speecht5_tts__piratesofersatz_04_leinster_64kb_f000274,microsoft_speecht5_tts,1,-0.4336070418357849,12.814470291137695,2.522463236771453,-0.8742266761614401
fake__en__microsoft_speecht5_tts__silent_bullet_02_f000173,microsoft_speecht5_tts,1,0.9011289477348328,14.131855964660645,2.7632440116813286,-0.41890700443568574
fake__en__microsoft_speecht5_tts__silent_bullet_03_f000048,microsoft_speecht5_tts,1,3.303393602371216,12.140512466430664,2.109551430912278,1.3003742022162506
fake__en__microsoft_speecht5_tts__silent_bullet_05_f000237,microsoft_speecht5_tts,1,3.485958814620972,12.25247573852539,2.2703673947730394,1.0850583153307463
fake__en__microsoft_speecht5_tts__silent_bullet_06_f000271,microsoft_speecht5_tts,1,2.296276092529297,13.836474418640137,2.755608335655527,0.08505743041915768
fake__en__microsoft_speecht5_tts__silent_bullet_08_f000139,microsoft_speecht5_tts,1,3.216872453689575,13.336767196655272,2.679390704983185,0.47086182771269663
fake__en__microsoft_speecht5_tts__silent_bullet_10_f000301,microsoft_speecht5_tts,1,5.193422317504883,2.1877329349517822,0.4408019357752189,2.5000016404658942
fake__en__microsoft_speecht5_tts__silent_bullet_13_f000358,microsoft_speecht5_tts,1,2.0790250301361084,13.484207153320312,2.6025151768551944,0.19952874292007733
fake__en__minimax_speech-02-turbo__dorothy_and_wizard_oz_01_f000079,minimax_speech-02-turbo,1,8.46411418914795,14.054960250854492,2.691383770009094,2.814856098959699
fake__en__minimax_speech-02-turbo__dorothy_and_wizard_oz_02_f000143,minimax_speech-02-turbo,1,5.367979049682617,13.791421890258787,2.81412007240202,1.2153161040887364
fake__en__minimax_speech-02-turbo__dorothy_and_wizard_oz_03_f000079,minimax_speech-02-turbo,1,1.48821759223938,11.711522102355955,2.122018582673959,0.4183308315390968
fake__en__minimax_speech-02-turbo__dorothy_and_wizard_oz_05_f000032,minimax_speech-02-turbo,1,5.52346658706665,13.293967247009276,2.5175054128348564,1.7369574684680118
fake__en__minimax_speech-02-turbo__dorothy_and_wizard_oz_11_f000011,minimax_speech-02-turbo,1,6.841096878051758,13.375553131103516,2.734182748976304,1.8596692591805388
fake__en__minimax_speech-02-turbo__dorothy_and_wizard_oz_13_f000074,minimax_speech-02-turbo,1,3.269369840621948,14.292089462280272,2.7216966671677656,0.6912549323016561
fake__en__minimax_speech-02-turbo__hunters_space_06_f000099,minimax_speech-02-turbo,1,5.018228054046631,12.85389518737793,2.5354381894419644,1.3623518121732212
fake__en__minimax_speech-02-turbo__piratesofersatz_01_leinster_64kb_f000195,minimax_speech-02-turbo,1,4.652116298675537,14.87297248840332,2.758733015480817,1.3556099730304936
fake__en__minimax_speech-02-turbo__piratesofersatz_10_leinster_64kb_f000158,minimax_speech-02-turbo,1,2.231451749801636,14.050393104553224,2.7615162088067464,0.11222588376793721
fake__en__minimax_speech-02-turbo__silent_bullet_05_f000095,minimax_speech-02-turbo,1,6.540463447570801,14.902129173278809,2.867165991035054,1.9179638810199549
fake__en__minimax_speech-02-turbo__silent_bullet_12_f000293,minimax_speech-02-turbo,1,9.039599418640137,14.832895278930664,2.81571818809043,3.0281706060587923
fake__en__minimax_speech-2.6-hd__dorothy_and_wizard_oz_03_f000044,minimax_speech-2.6-hd,1,-0.2777889370918274,13.487260818481444,2.8319312113238664,-1.24458829677876
fake__en__minimax_speech-2.6-hd__hunters_space_12_f000069,minimax_speech-2.6-hd,1,-2.460319757461548,12.342649459838867,2.4657631945963177,-1.7380534897238307
fake__en__minimax_speech-2.6-hd__hunters_space_13_f000011,minimax_speech-2.6-hd,1,5.03464937210083,14.04464340209961,2.637056928781944,1.5287587890529448
fake__en__minimax_speech-2.6-hd__hunters_space_14_f000003,minimax_speech-2.6-hd,1,7.682765483856201,14.135878562927246,2.6422317034223357,2.641347292752551
fake__en__minimax_speech-2.6-hd__piratesofersatz_05_leinster_64kb_f000208,minimax_speech-2.6-hd,1,2.9573309421539307,10.812040328979492,2.3055823753763627,0.3656493388659934
fake__en__minimax_speech-2.6-hd__piratesofersatz_08_leinster_64kb_f000157,minimax_speech-2.6-hd,1,8.839302062988281,15.686023712158203,2.8701781834351845,3.12210613343524
fake__en__minimax_speech-2.6-hd__piratesofersatz_12_leinster_64kb_f000043,minimax_speech-2.6-hd,1,8.213486671447754,14.052074432373049,2.6837095518028007,2.7489651306376848
fake__en__minimax_speech-2.6-hd__silent_bullet_03_f000175,minimax_speech-2.6-hd,1,7.39132833480835,14.566461563110352,2.575384951138398,2.791880828177747
fake__en__minimax_speech-2.6-hd__silent_bullet_04_f000223,minimax_speech-2.6-hd,1,0.3838547468185425,12.547027587890623,2.403333506984896,-0.36918219496482246
fake__en__minimax_speech-2.6-hd__silent_bullet_09_f000048,minimax_speech-2.6-hd,1,5.618216514587402,13.383177757263184,2.699053010860436,1.4382457865516238
fake__en__minimax_speech-2.6-hd__silent_bullet_10_f000272,minimax_speech-2.6-hd,1,5.6653923988342285,14.180946350097656,2.6603107374641786,1.7831894481473363
fake__en__minimax_speech-2.6-hd__silent_bullet_13_f000117,minimax_speech-2.6-hd,1,7.48463249206543,13.64027976989746,2.628569943670516,2.435610894910961
fake__en__optispeech__dorothy_and_wizard_oz_05_f000024,optispeech,1,6.052348136901856,14.775106430053713,2.863722504890237,1.6852992705705174
fake__en__optispeech__dorothy_and_wizard_oz_15_f000027,optispeech,1,8.69162654876709,14.738344192504885,2.756171013742299,2.971304515700068
fake__en__optispeech__dorothy_and_wizard_oz_15_f000103,optispeech,1,0.1375169903039932,10.398659706115724,1.6677568714767586,0.38298489897262505
fake__en__optispeech__dorothy_and_wizard_oz_16_f000090,optispeech,1,5.643970966339111,14.162779808044434,2.81309711822619,1.4399587968663534
fake__en__optispeech__hunters_space_01_f000040,optispeech,1,5.160426616668701,8.211381912231445,1.2606312205726646,2.6152648635559883
fake__en__optispeech__hunters_space_02_f000053,optispeech,1,7.1888837814331055,14.785932540893556,2.7834176027718245,2.315286230353052
fake__en__optispeech__hunters_space_05_f000042,optispeech,1,5.187700748443604,13.623502731323242,2.6709741701235887,1.3805174440636196
fake__en__optispeech__piratesofersatz_01_leinster_64kb_f000012,optispeech,1,6.093643665313721,14.66372776031494,2.773446118753144,1.8510455897971365
fake__en__optispeech__piratesofersatz_08_leinster_64kb_f000097,optispeech,1,3.787797451019287,14.646059036254885,2.8326639286090223,0.7827605291871077
fake__en__optispeech__silent_bullet_02_f000197,optispeech,1,5.041567325592041,14.529125213623049,2.7784937301204207,1.3706227667815774
fake__en__optispeech__silent_bullet_03_f000250,optispeech,1,7.147158145904541,12.6881685256958,2.5986624773057763,2.053214534126867
fake__en__optispeech__silent_bullet_06_f000223,optispeech,1,6.770733833312988,13.9636869430542,2.7886957017456093,1.8918012223617489
fake__en__optispeech__silent_bullet_07_f000158,optispeech,1,4.6354193687438965,14.174509048461914,2.7989733577751186,1.0589264230095332
fake__en__optispeech__silent_bullet_08_f000070,optispeech,1,5.761820316314697,14.554030418395996,2.753011867175021,1.7240585436015257
fake__en__orpheus-tts-0.1-finetune__dorothy_and_wizard_oz_01_f000048,orpheus-tts-0.1-finetune,1,5.405826091766357,13.375941276550291,2.5003783464431595,1.7519636447523579
fake__en__orpheus-tts-0.1-finetune__dorothy_and_wizard_oz_07_f000030,orpheus-tts-0.1-finetune,1,7.173096179962158,13.441564559936523,2.794096662644696,1.890877120212274
fake__en__orpheus-tts-0.1-finetune__dorothy_and_wizard_oz_18_f000044,orpheus-tts-0.1-finetune,1,6.194246768951416,13.902372360229492,2.7481083545827985,1.7239609461987182
fake__en__orpheus-tts-0.1-finetune__hunters_space_14_f000044,orpheus-tts-0.1-finetune,1,6.274312973022461,13.665656089782717,2.697658903534081,1.789108800743548
fake__en__orpheus-tts-0.1-finetune__piratesofersatz_03_leinster_64kb_f000197,orpheus-tts-0.1-finetune,1,8.108649253845215,13.132689476013184,2.3944543932179814,3.0062803196749814
fake__en__orpheus-tts-0.1-finetune__piratesofersatz_05_leinster_64kb_f000168,orpheus-tts-0.1-finetune,1,6.529449939727783,12.729514122009276,2.665138751614542,1.6767040292098097
fake__en__orpheus-tts-0.1-finetune__piratesofersatz_06_leinster_64kb_f000188,orpheus-tts-0.1-finetune,1,0.662909984588623,12.503562927246094,2.543501543662902,-0.5489070841972123
fake__en__orpheus-tts-0.1-finetune__piratesofersatz_12_leinster_64kb_f000081,orpheus-tts-0.1-finetune,1,3.844001054763794,11.929207801818848,2.3726830395971605,0.9351775118757344
fake__en__orpheus-tts-0.1-finetune__silent_bullet_04_f000198,orpheus-tts-0.1-finetune,1,6.932338714599609,13.937617301940918,2.797840947451369,1.9349562008738794
fake__en__orpheus-tts-0.1-finetune__silent_bullet_09_f000208,orpheus-tts-0.1-finetune,1,7.838279724121094,14.136393547058104,2.769799928777975,2.4250958862696885
fake__en__orpheus-tts-0.1-finetune__silent_bullet_11_f000026,orpheus-tts-0.1-finetune,1,6.456663131713867,12.856908798217772,2.3607930964163493,2.313914066596418
fake__en__parler_tts_large_v1__dorothy_and_wizard_oz_09_f000010,parler_tts_large_v1,1,4.846216201782227,13.9133939743042,2.843943101925964,0.9547471363965537
fake__en__parler_tts_large_v1__dorothy_and_wizard_oz_12_f000106,parler_tts_large_v1,1,3.388042688369751,13.44031047821045,2.7962885801224897,0.31522800005897594
fake__en__parler_tts_large_v1__dorothy_and_wizard_oz_16_f000024,parler_tts_large_v1,1,6.204061031341553,15.05160140991211,2.8432907429105816,1.8584062830345687
fake__en__parler_tts_large_v1__hunters_space_08_f000081,parler_tts_large_v1,1,6.038775444030762,13.638636589050291,2.800123997335415,1.4516975641468035
fake__en__parler_tts_large_v1__hunters_space_11_f000076,parler_tts_large_v1,1,7.051384449005127,14.940287590026855,2.7975960573863774,2.2679481347590604
fake__en__parler_tts_large_v1__hunters_space_13_f000091,parler_tts_large_v1,1,4.543192386627197,14.210411071777344,2.839620876441516,0.9305041684675007
fake__en__parler_tts_large_v1__piratesofersatz_04_leinster_64kb_f000100,parler_tts_large_v1,1,3.428329467773437,14.91201400756836,2.7302797668842165,0.9202603261248786
fake__en__parler_tts_large_v1__piratesofersatz_06_leinster_64kb_f000082,parler_tts_large_v1,1,4.111863613128662,12.975852012634276,2.763799537894099,0.5386149861703545
fake__en__parler_tts_large_v1__piratesofersatz_10_leinster_64kb_f000105,parler_tts_large_v1,1,4.409628868103027,13.45341682434082,2.700661878571725,0.9398642584593501
fake__en__parler_tts_large_v1__silent_bullet_03_f000095,parler_tts_large_v1,1,6.785740375518799,13.51892375946045,2.740987221697094,1.8461413366351975
fake__en__parler_tts_large_v1__silent_bullet_07_f000171,parler_tts_large_v1,1,3.286374092102051,14.264852523803713,2.7659112020125,0.5893830863918185
fake__en__parler_tts_large_v1__silent_bullet_07_f000236,parler_tts_large_v1,1,6.317446231842041,13.966663360595703,2.773837795913095,1.721402939300442
fake__en__parler_tts_large_v1__silent_bullet_09_f000183,parler_tts_large_v1,1,4.409297466278076,13.65237522125244,2.6014415169361635,1.210801109579029
fake__en__parler_tts_large_v1__silent_bullet_12_f000301,parler_tts_large_v1,1,3.63446307182312,13.66504955291748,2.83055749448115,0.4118332772821132
fake__en__parler_tts_mini_v0.1__dorothy_and_wizard_oz_03_f000021,parler_tts_mini_v0.1,1,5.118935585021973,13.0587797164917,2.6787592797443733,1.158970181034067
fake__en__parler_tts_mini_v0.1__dorothy_and_wizard_oz_14_f000074,parler_tts_mini_v0.1,1,7.686188220977783,14.746380805969238,2.850301125691373,2.3740472701343993
fake__en__parler_tts_mini_v0.1__hunters_space_04_f000001,parler_tts_mini_v0.1,1,6.242119789123535,12.87641143798828,2.6165508761093554,1.690826775076228
fake__en__parler_tts_mini_v0.1__hunters_space_04_f000089,parler_tts_mini_v0.1,1,5.5099406242370605,13.539262771606444,2.7835080932552545,1.25045724817084
fake__en__parler_tts_mini_v0.1__hunters_space_08_f000078,parler_tts_mini_v0.1,1,4.620461940765381,14.72189998626709,2.741058435934705,1.3377058760723617
fake__en__parler_tts_mini_v0.1__hunters_space_16_f000018,parler_tts_mini_v0.1,1,7.563211441040039,12.473596572875977,2.633803361402692,2.0718895114876417
fake__en__parler_tts_mini_v0.1__piratesofersatz_03_leinster_64kb_f000108,parler_tts_mini_v0.1,1,4.362539291381836,13.656082153320312,2.8306462745571963,0.7196455734350005
fake__en__parler_tts_mini_v0.1__piratesofersatz_07_leinster_64kb_f000031,parler_tts_mini_v0.1,1,5.51892614364624,13.87929344177246,2.7158554494345117,1.4982872771102251
fake__en__parler_tts_mini_v0.1__piratesofersatz_07_leinster_64kb_f000159,parler_tts_mini_v0.1,1,-2.371022939682007,9.589982986450195,1.8540560687229608,-1.2696402874885262
fake__en__parler_tts_mini_v0.1__piratesofersatz_08_leinster_64kb_f000122,parler_tts_mini_v0.1,1,6.491291046142578,13.60699462890625,2.7645572713608275,1.71188973566681
fake__en__parler_tts_mini_v0.1__piratesofersatz_09_leinster_64kb_f000120,parler_tts_mini_v0.1,1,7.987931251525879,13.727351188659668,2.7675470075451165,2.3550370813049506
fake__en__parler_tts_mini_v0.1__silent_bullet_02_f000014,parler_tts_mini_v0.1,1,5.407338619232178,12.727560997009276,2.698068171601513,1.135294627347071
fake__en__parler_tts_mini_v0.1__silent_bullet_02_f000232,parler_tts_mini_v0.1,1,3.3802947998046875,14.337221145629885,2.8520775454809373,0.4829354224427963
fake__en__parler_tts_mini_v0.1__silent_bullet_03_f000198,parler_tts_mini_v0.1,1,6.016941547393799,12.862627983093262,2.6432998808829056,1.5392561482914588
fake__en__parler_tts_mini_v0.1__silent_bullet_06_f000166,parler_tts_mini_v0.1,1,6.720162868499756,13.934843063354492,2.6498530404643503,2.143045192857165
fake__en__parler_tts_mini_v0.1__silent_bullet_06_f000245,parler_tts_mini_v0.1,1,8.015732765197754,14.56200885772705,2.718288420651927,2.724653681517329
fake__en__parler_tts_mini_v0.1__silent_bullet_11_f000003,parler_tts_mini_v0.1,1,6.80216121673584,14.40276336669922,2.8019125421407134,2.0066035545556105
fake__en__parler_tts_mini_v1__dorothy_and_wizard_oz_02_f000128,parler_tts_mini_v1,1,6.098695755004883,14.874168395996094,2.8323311328582683,1.8068347823784017
fake__en__parler_tts_mini_v1__dorothy_and_wizard_oz_08_f000096,parler_tts_mini_v1,1,4.372172832489014,12.198389053344728,2.724269817225513,0.4986275765180471
fake__en__parler_tts_mini_v1__piratesofersatz_05_leinster_64kb_f000019,parler_tts_mini_v1,1,3.7247474193573,12.999175071716309,2.6456032867185453,0.6463216557661269
fake__en__parler_tts_mini_v1__piratesofersatz_11_leinster_64kb_f000104,parler_tts_mini_v1,1,4.186670303344727,13.485013961791992,2.737480583074856,0.7920015218629886
fake__en__parler_tts_mini_v1__silent_bullet_08_f000173,parler_tts_mini_v1,1,7.40648889541626,12.952614784240724,2.835218749748037,1.7446789760545947
fake__en__parler_tts_mini_v1__silent_bullet_10_f000095,parler_tts_mini_v1,1,2.885097026824951,13.42904567718506,2.784685756835705,0.13960720392963044
fake__en__sesame_csm__dorothy_and_wizard_oz_02_f000090,sesame_csm,1,5.837912082672119,12.606773376464844,2.50884700556654,1.6700309598294765
fake__en__sesame_csm__dorothy_and_wizard_oz_02_f000095,sesame_csm,1,3.1921002864837646,12.55703067779541,2.51508302670714,0.5525049820635244
fake__en__sesame_csm__dorothy_and_wizard_oz_05_f000106,sesame_csm,1,1.8712756633758545,13.377884864807127,2.599248970588908,0.08874800675810451
fake__en__sesame_csm__dorothy_and_wizard_oz_19_f000069,sesame_csm,1,0.7219495177268982,13.034584999084473,2.4581970697265696,-0.19620622141391908
fake__en__sesame_csm__hunters_space_05_f000032,sesame_csm,1,4.463818073272705,13.718099594116213,2.694006636060328,1.063608478769188
fake__en__sesame_csm__hunters_space_19_f000023,sesame_csm,1,4.466162204742432,12.618866920471191,2.665856418275081,0.780682420842979
fake__en__sesame_csm__piratesofersatz_06_leinster_64kb_f000158,sesame_csm,1,6.277761459350586,12.882979393005373,2.819627078678658,1.2869077383295995
fake__en__sesame_csm__piratesofersatz_10_leinster_64kb_f000148,sesame_csm,1,2.078228235244751,13.376152992248535,2.8446220493071457,-0.34004476071242506
fake__en__sesame_csm__silent_bullet_02_f000086,sesame_csm,1,1.408393144607544,12.30931568145752,2.48711250998956,-0.20035720229825615
fake__en__sesame_csm__silent_bullet_05_f000100,sesame_csm,1,6.999802112579346,14.532759666442873,2.6669843701683376,2.4179636979350247
fake__en__sesame_csm__silent_bullet_05_f000229,sesame_csm,1,-1.267637014389038,11.900019645690918,2.0549968130088883,-0.5252183997886949
fake__en__sesame_csm__silent_bullet_08_f000039,sesame_csm,1,1.5820921659469604,14.442804336547852,2.8238352624865004,-0.16811626479052627
fake__en__sesame_csm__silent_bullet_12_f000059,sesame_csm,1,3.1436779499053955,11.680136680603027,2.7293824168727863,-0.18929283852243417
fake__en__suno_bark__dorothy_and_wizard_oz_03_f000011,suno_bark,1,4.914542675018311,13.121373176574709,2.580329066542809,1.301575359896189
fake__en__suno_bark__dorothy_and_wizard_oz_09_f000127,suno_bark,1,-0.6598316431045532,11.48343276977539,2.362636226658729,-1.0604118252502317
fake__en__suno_bark__dorothy_and_wizard_oz_16_f000035,suno_bark,1,0.3073083460330963,12.040377616882324,2.0937697395991988,0.041013656523429934
fake__en__suno_bark__hunters_space_02_f000110,suno_bark,1,4.11010217666626,12.9386625289917,2.285688320557973,1.4994852130098215
fake__en__suno_bark__hunters_space_10_f000009,suno_bark,1,2.3248865604400635,12.265825271606444,2.2376311211568214,0.654921301194567
fake__en__suno_bark__piratesofersatz_06_leinster_64kb_f000013,suno_bark,1,9.17331600189209,13.66624641418457,2.5314226016817805,3.318202227079642
fake__en__suno_bark__piratesofersatz_06_leinster_64kb_f000043,suno_bark,1,1.8166786432266235,12.265097618103027,2.477649572752993,-0.03094589787126155
fake__en__suno_bark__piratesofersatz_07_leinster_64kb_f000203,suno_bark,1,-1.025825262069702,12.133471488952637,2.511583046323054,-1.3088598180968436
fake__en__suno_bark__piratesofersatz_09_leinster_64kb_f000110,suno_bark,1,6.548220157623291,13.38356876373291,2.6184699311961657,1.9784135030600096
fake__en__suno_bark__piratesofersatz_09_leinster_64kb_f000124,suno_bark,1,5.577061176300049,5.3703227043151855,1.1711181221604208,2.011756056289406
fake__en__suno_bark__silent_bullet_03_f000006,suno_bark,1,3.943638563156128,11.949236869812012,2.2510761636744205,1.1984365648912316
fake__en__suno_bark__silent_bullet_03_f000057,suno_bark,1,7.459232330322266,13.799291610717772,2.780560552525138,2.1583984252398176
fake__en__suno_bark__silent_bullet_05_f000187,suno_bark,1,2.290074348449707,12.907696723937988,2.5056615219346368,0.3040121043530717
fake__en__suno_bark__silent_bullet_07_f000290,suno_bark,1,5.48084831237793,14.39857292175293,2.7219239319087323,1.6425427146007805
fake__en__suno_bark-small__dorothy_and_wizard_oz_19_f000074,suno_bark-small,1,2.19421911239624,14.860660552978516,2.823275455478392,0.23108051842611532
fake__en__suno_bark-small__hunters_space_09_f000033,suno_bark-small,1,7.347221851348877,13.493525505065918,2.417179182984169,2.7376721575158505
fake__en__suno_bark-small__piratesofersatz_02_leinster_64kb_f000087,suno_bark-small,1,2.359868288040161,10.812565803527832,1.845507550930607,1.0090320416313783
fake__en__suno_bark-small__piratesofersatz_06_leinster_64kb_f000209,suno_bark-small,1,4.674362659454346,13.846468925476074,2.7657222153271395,1.049977871350006
fake__en__suno_bark-small__piratesofersatz_07_leinster_64kb_f000035,suno_bark-small,1,2.743525981903076,7.250560283660889,1.3768000392332544,1.0041536861528064
fake__en__suno_bark-small__piratesofersatz_07_leinster_64kb_f000161,suno_bark-small,1,5.252992153167725,13.141149520874023,2.723996962640341,1.1526041074671096
fake__en__suno_bark-small__piratesofersatz_08_leinster_64kb_f000081,suno_bark-small,1,3.65885853767395,10.736881256103516,2.26221067967187,0.6811911036747422
fake__en__suno_bark-small__piratesofersatz_09_leinster_64kb_f000072,suno_bark-small,1,5.353596687316895,10.743494987487791,2.1575452950344416,1.5889354975603112
fake__en__suno_bark-small__piratesofersatz_11_leinster_64kb_f000019,suno_bark-small,1,2.149876356124878,8.22537612915039,1.5066947852794863,0.8017270525329152
fake__en__suno_bark-small__silent_bullet_03_f000045,suno_bark-small,1,1.776283621788025,14.689538955688477,2.867779808269473,-0.08287969806825261
fake__en__suno_bark-small__silent_bullet_04_f000151,suno_bark-small,1,6.025859832763672,11.318153381347656,2.4882290459434,1.3783954825565408
fake__en__suno_bark-small__silent_bullet_06_f000066,suno_bark-small,1,6.344969749450684,12.48876667022705,2.6039279558534965,1.6397042883104256
fake__en__suno_bark-small__silent_bullet_10_f000225,suno_bark-small,1,2.200362205505371,12.215336799621582,2.346677977470459,0.37131683183290176
fake__en__suno_bark-small__silent_bullet_11_f000164,suno_bark-small,1,-1.457264065742493,11.944184303283691,2.5184503640082485,-1.5586756333265097
fake__en__vixTTS__dorothy_and_wizard_oz_01_f000033,vixTTS,1,3.765965700149536,13.3386812210083,2.666552792022587,0.7054988387913674
fake__en__vixTTS__dorothy_and_wizard_oz_03_f000104,vixTTS,1,1.2002419233322144,13.44161319732666,2.7946708840001344,-0.5881748358006689
fake__en__vixTTS__dorothy_and_wizard_oz_04_f000043,vixTTS,1,6.290019989013672,13.669897079467772,2.511662083624594,2.180051974162325
fake__en__vixTTS__dorothy_and_wizard_oz_14_f000045,vixTTS,1,2.525662660598755,11.622628211975098,2.4978790353302034,0.005120271539882523
fake__en__vixTTS__dorothy_and_wizard_oz_14_f000118,vixTTS,1,2.709136962890625,12.16486644744873,2.3488827495229985,0.576072060653096
fake__en__vixTTS__hunters_space_11_f000052,vixTTS,1,2.887378454208374,13.16733741760254,2.707644955142685,0.20168196218695889
fake__en__vixTTS__piratesofersatz_02_leinster_64kb_f000082,vixTTS,1,2.0738866329193115,13.800034523010254,2.7532242892997907,-0.02513165218094464
fake__en__vixTTS__piratesofersatz_07_leinster_64kb_f000228,vixTTS,1,4.952658176422119,11.457040786743164,2.598931274069141,0.7288207003123143
fake__en__vixTTS__silent_bullet_07_f000269,vixTTS,1,4.225448131561279,12.214459419250488,2.542183736315732,0.7977610804032746
fake__en__vixTTS__silent_bullet_07_f000300,vixTTS,1,4.6928911209106445,12.364611625671388,2.614743148204326,0.8818170188202096
fake__en__vixTTS__silent_bullet_08_f000114,vixTTS,1,0.6914897561073303,12.45864963531494,2.537040189769688,-0.5604166919169667
fake__en__vixTTS__silent_bullet_08_f000193,vixTTS,1,2.2738230228424072,11.78236484527588,2.381837668469289,0.20313081659454285
fake__en__vixTTS__silent_bullet_09_f000108,vixTTS,1,5.810739040374756,13.374646186828612,2.7346199577793624,1.4086757803851315
fake__en__vixTTS__silent_bullet_12_f000283,vixTTS,1,2.3249351978302,13.522099494934082,2.6809935214556315,0.14322216826882622
fake__en__vixTTS__silent_bullet_13_f000093,vixTTS,1,2.0819900035858154,12.844714164733888,2.496653982492936,0.2210885492932858
fake__en__vixTTS__silent_bullet_13_f000290,vixTTS,1,4.544535160064697,13.639206886291504,2.835860816272311,0.7576022327191457
real__en__dorothy_and_wizard_oz_01_f000006,bonafide,0,-1.0230060815811155,15.42090129852295,2.8638789508721785,-1.00811003142085
real__en__dorothy_and_wizard_oz_01_f000031,bonafide,0,3.704755544662476,13.525876998901367,2.33955557381192,1.4441982170409824
real__en__dorothy_and_wizard_oz_01_f000032,bonafide,0,-2.56070327758789,12.46142864227295,2.334983698257572,-1.4576962878992255
real__en__dorothy_and_wizard_oz_01_f000033,bonafide,0,0.207313522696495,13.764222145080566,2.5624719860853835,-0.3913815266316949
real__en__dorothy_and_wizard_oz_01_f000044,bonafide,0,0.9774471521377563,13.034775733947754,2.4127117369671423,0.010437579142050277
real__en__dorothy_and_wizard_oz_01_f000045,bonafide,0,1.9164880514144895,13.768924713134766,2.4260722614361967,0.6038964719853084
real__en__dorothy_and_wizard_oz_01_f000048,bonafide,0,-0.1817080825567245,14.222663879394531,2.552385914451024,-0.38087666248029384
real__en__dorothy_and_wizard_oz_01_f000079,bonafide,0,3.9771461486816406,14.242667198181152,2.610705279441501,1.204441598099359
real__en__dorothy_and_wizard_oz_01_f000098,bonafide,0,0.361528068780899,14.899155616760254,2.626239248993624,-0.0983577506366743
real__en__dorothy_and_wizard_oz_02_f000008,bonafide,0,1.3256922960281372,14.793027877807615,2.783776270478665,-0.0763703580177005
real__en__dorothy_and_wizard_oz_02_f000009,bonafide,0,0.4915046691894531,14.067386627197266,2.6856059794150573,-0.44171431719367915
real__en__dorothy_and_wizard_oz_02_f000014,bonafide,0,-1.1284029483795166,13.847256660461426,2.7221843357203124,-1.2553869209102997
real__en__dorothy_and_wizard_oz_02_f000021,bonafide,0,-0.8757182955741882,14.577542304992676,2.764867017369614,-1.0075036433120814
real__en__dorothy_and_wizard_oz_02_f000066,bonafide,0,1.0467381477355957,12.520971298217772,2.3125290387188047,0.08815709492949829
real__en__dorothy_and_wizard_oz_02_f000090,bonafide,0,-1.2957258224487305,14.903203964233398,2.6468133682821806,-0.8204295874534334
real__en__dorothy_and_wizard_oz_02_f000095,bonafide,0,1.2358677387237549,13.403352737426758,2.56667331479191,-0.09560463491241843
real__en__dorothy_and_wizard_oz_02_f000105,bonafide,0,-0.3670874834060669,12.723798751831056,2.465811420536593,-0.7552946647919001
real__en__dorothy_and_wizard_oz_02_f000120,bonafide,0,0.4262831807136535,14.917481422424316,2.835330862100688,-0.515578055739964
real__en__dorothy_and_wizard_oz_02_f000128,bonafide,0,0.5436604619026184,14.294707298278809,2.4889473384129546,0.07610359293198153
real__en__dorothy_and_wizard_oz_02_f000143,bonafide,0,-2.455976963043213,14.083572387695312,2.595405216297972,-1.450352062190901
real__en__dorothy_and_wizard_oz_02_f000150,bonafide,0,-0.7633545994758606,11.63680934906006,2.446630066108193,-1.2278965136991185
real__en__dorothy_and_wizard_oz_03_f000008,bonafide,0,3.343713998794556,14.82476043701172,2.758710660437631,0.8147710392154528
real__en__dorothy_and_wizard_oz_03_f000011,bonafide,0,-2.2130990028381348,14.703500747680664,2.695600060352926,-1.365858632406364
real__en__dorothy_and_wizard_oz_03_f000012,bonafide,0,3.2679336071014404,13.774785041809082,2.627679400282331,0.7260204404653544
real__en__dorothy_and_wizard_oz_03_f000016,bonafide,0,-1.4303381443023682,13.80579948425293,2.64765843826698,-1.2322441459190134
real__en__dorothy_and_wizard_oz_03_f000021,bonafide,0,0.7452659606933594,14.283373832702637,2.7364359832094003,-0.3772046269943653
real__en__dorothy_and_wizard_oz_03_f000029,bonafide,0,-0.8268522024154663,14.93608570098877,2.8018996910452283,-0.9511916761254826
real__en__dorothy_and_wizard_oz_03_f000044,bonafide,0,-0.6843557357788086,14.668993949890137,2.746223805845181,-0.8594195215881643
real__en__dorothy_and_wizard_oz_03_f000048,bonafide,0,-1.790959358215332,13.34957504272461,2.687286434321326,-1.6127656384177806
real__en__dorothy_and_wizard_oz_03_f000051,bonafide,0,2.345445394515991,14.461658477783203,2.610745060646122,0.6065028310227367
real__en__dorothy_and_wizard_oz_03_f000057,bonafide,0,-0.862733781337738,14.23638916015625,2.7287432458626277,-1.03480136383905
real__en__dorothy_and_wizard_oz_03_f000061,bonafide,0,0.6338396072387695,14.904769897460938,2.751403207678176,-0.2541340809070815
real__en__dorothy_and_wizard_oz_03_f000069,bonafide,0,4.48236894607544,14.22921657562256,2.699279115664229,1.2166389416894077
real__en__dorothy_and_wizard_oz_03_f000079,bonafide,0,-1.00593101978302,12.276679039001465,2.35580571504089,-0.9250770484428651
real__en__dorothy_and_wizard_oz_03_f000104,bonafide,0,0.8649927973747253,14.878161430358888,2.739940001993788,-0.14335908416991422
real__en__dorothy_and_wizard_oz_03_f000108,bonafide,0,-0.4764415919780731,13.365508079528809,2.545682899086248,-0.7643929235553357
real__en__dorothy_and_wizard_oz_03_f000114,bonafide,0,-2.1648976802825928,15.046759605407717,2.7610755929129054,-1.3759316919467417
real__en__dorothy_and_wizard_oz_03_f000124,bonafide,0,0.8405860066413879,13.777338027954102,2.6412861590406984,-0.29713058327854736
real__en__dorothy_and_wizard_oz_04_f000004,bonafide,0,0.6220878958702087,15.241092681884766,2.8081126755611234,-0.2721655534553598
real__en__dorothy_and_wizard_oz_04_f000021,bonafide,0,-1.4102842807769775,15.51605224609375,2.848483735131597,-1.1029387477961727
real__en__dorothy_and_wizard_oz_04_f000025,bonafide,0,-0.2581740617752075,14.089597702026367,2.732038202760508,-0.8416059438054417
real__en__dorothy_and_wizard_oz_04_f000043,bonafide,0,-1.3233271837234497,14.860788345336914,2.582263635595987,-0.7066314740657184
real__en__dorothy_and_wizard_oz_04_f000049,bonafide,0,1.3695645332336426,15.116613388061523,2.783620146086708,0.046571842667427185
real__en__dorothy_and_wizard_oz_04_f000066,bonafide,0,-0.3851947784423828,13.128482818603516,2.686290091576023,-1.106036317489328
real__en__dorothy_and_wizard_oz_04_f000072,bonafide,0,-0.3677401840686798,13.521658897399902,2.6351929733840502,-0.8618625241761668
real__en__dorothy_and_wizard_oz_05_f000006,bonafide,0,-0.7341816425323486,12.609760284423828,2.294347857221995,-0.5738434307639917
real__en__dorothy_and_wizard_oz_05_f000007,bonafide,0,-0.0140172932296991,14.476091384887695,2.605995632313554,-0.3455104412477839
real__en__dorothy_and_wizard_oz_05_f000024,bonafide,0,-1.5746502876281738,14.461520195007324,2.7189668491756285,-1.23272145333449
real__en__dorothy_and_wizard_oz_05_f000027,bonafide,0,0.6668632626533508,14.6708984375,2.614833547258349,-0.022507971506096763
real__en__dorothy_and_wizard_oz_05_f000032,bonafide,0,1.301015019416809,13.660011291503906,2.513294218792419,0.1288796247686052
real__en__dorothy_and_wizard_oz_05_f000038,bonafide,0,1.5136215686798096,13.206273078918455,2.576930712881101,-0.06756628814040423
real__en__dorothy_and_wizard_oz_05_f000049,bonafide,0,0.7123971581459045,14.64391803741455,2.734559409806594,-0.2700601992811863
real__en__dorothy_and_wizard_oz_05_f000058,bonafide,0,-0.4413694143295288,13.68490219116211,2.5020459730527427,-0.5529003703745279
real__en__dorothy_and_wizard_oz_05_f000066,bonafide,0,3.298924446105957,13.079334259033203,2.254436043517678,1.3165682058078967
real__en__dorothy_and_wizard_oz_05_f000091,bonafide,0,0.9492846131324768,12.35190773010254,2.3435345555509635,-0.07312555395674537
real__en__dorothy_and_wizard_oz_05_f000103,bonafide,0,2.0831174850463867,14.973832130432127,2.7787960625343087,0.3031899027114865
real__en__dorothy_and_wizard_oz_05_f000106,bonafide,0,-2.344566583633423,14.7075834274292,2.698199232195604,-1.424003104643928
real__en__dorothy_and_wizard_oz_06_f000012,bonafide,0,0.7214665412902832,14.058462142944336,2.793495229544879,-0.5823944678531137
real__en__dorothy_and_wizard_oz_06_f000014,bonafide,0,1.1048821210861206,13.66125774383545,2.564837505879798,-0.0619428512615451
real__en__dorothy_and_wizard_oz_06_f000016,bonafide,0,-1.2676172256469729,13.11237335205078,2.3957049902174847,-0.8479111476124541
real__en__dorothy_and_wizard_oz_06_f000021,bonafide,0,1.8238259553909304,14.185721397399902,2.639840200625814,0.24095157842438042
real__en__dorothy_and_wizard_oz_06_f000025,bonafide,0,-0.3696980476379394,14.10642910003662,2.722313437965281,-0.8609510616305781
real__en__dorothy_and_wizard_oz_06_f000040,bonafide,0,-1.1979970932006836,14.335479736328123,2.4837753596900565,-0.613311308534764
real__en__dorothy_and_wizard_oz_06_f000051,bonafide,0,3.4969215393066406,14.091873168945312,2.67072597974896,0.8298074181211722
real__en__dorothy_and_wizard_oz_06_f000062,bonafide,0,-3.037849187850952,13.59481716156006,2.533176313682019,-1.713001303407017
real__en__dorothy_and_wizard_oz_06_f000068,bonafide,0,-0.087409920990467,15.12049674987793,2.8575596866659536,-0.7082500977644592
real__en__dorothy_and_wizard_oz_07_f000014,bonafide,0,3.522899866104126,15.13931941986084,2.798101393143896,0.9051940759309498
real__en__dorothy_and_wizard_oz_07_f000025,bonafide,0,0.4381666779518127,13.381855964660645,2.448827368853162,-0.1760038149793804
real__en__dorothy_and_wizard_oz_07_f000030,bonafide,0,0.2105277925729751,14.173458099365234,2.6796468373494933,-0.5097439799075688
real__en__dorothy_and_wizard_oz_07_f000041,bonafide,0,-0.230388805270195,14.37298583984375,2.656794709234059,-0.576767131507296
real__en__dorothy_and_wizard_oz_07_f000043,bonafide,0,1.1528323888778689,13.702414512634276,2.518860744868572,0.06989422074305267
real__en__dorothy_and_wizard_oz_07_f000046,bonafide,0,-0.5437543988227844,14.167338371276855,2.618180850880749,-0.688631686892509
real__en__dorothy_and_wizard_oz_08_f000005,bonafide,0,0.2048826813697815,14.241865158081056,2.5406923337056604,-0.19109669964818465
real__en__dorothy_and_wizard_oz_08_f000016,bonafide,0,-3.1814911365509038,14.249865531921388,2.686566243316321,-1.8899496479708433
real__en__dorothy_and_wizard_oz_08_f000033,bonafide,0,-1.1383236646652222,14.51040267944336,2.716950546057214,-1.0337753237162337
real__en__dorothy_and_wizard_oz_08_f000034,bonafide,0,-1.9479868412017824,13.501046180725098,2.59360378201081,-1.4266598501714423
real__en__dorothy_and_wizard_oz_08_f000040,bonafide,0,-3.2034659385681152,15.202051162719728,2.821035777112286,-1.8802723306930953
real__en__dorothy_and_wizard_oz_08_f000051,bonafide,0,0.7299943566322327,13.837793350219728,2.680666299351508,-0.4075955806962417
real__en__dorothy_and_wizard_oz_08_f000065,bonafide,0,3.266086339950561,13.713584899902344,2.48077182492322,1.0214212243400742
real__en__dorothy_and_wizard_oz_08_f000096,bonafide,0,2.204880714416504,15.17495346069336,2.796989416225766,0.3789907016506977
real__en__dorothy_and_wizard_oz_08_f000098,bonafide,0,0.3991560339927673,14.52970027923584,2.6632148410481022,-0.2819187801574102
real__en__dorothy_and_wizard_oz_08_f000099,bonafide,0,-3.209112882614136,14.49986457824707,2.691335183645673,-1.8306907230764986
real__en__dorothy_and_wizard_oz_09_f000010,bonafide,0,1.0881599187850952,14.882174491882324,2.837268067761656,-0.259927102457878
real__en__dorothy_and_wizard_oz_09_f000014,bonafide,0,1.755663275718689,14.532776832580566,2.715501316518247,0.16251521374636352
real__en__dorothy_and_wizard_oz_09_f000020,bonafide,0,-1.1523979902267456,15.215811729431152,2.688208300741924,-0.7496421977024748
real__en__dorothy_and_wizard_oz_09_f000025,bonafide,0,-2.8596785068511963,13.910748481750488,2.5223299117787645,-1.5145082642711383
real__en__dorothy_and_wizard_oz_09_f000035,bonafide,0,1.0471919775009155,14.665966987609863,2.6757600639604235,0.0007226673195539352
real__en__dorothy_and_wizard_oz_09_f000102,bonafide,0,3.4301929473876958,14.786182403564451,2.657069041039542,1.056330969015578
real__en__dorothy_and_wizard_oz_09_f000108,bonafide,0,2.63338303565979,15.29482650756836,2.8202867775444425,0.5432437703347321
real__en__dorothy_and_wizard_oz_09_f000114,bonafide,0,-0.3015549480915069,14.938020706176758,2.74382840192496,-0.6104114163388954
real__en__dorothy_and_wizard_oz_09_f000123,bonafide,0,2.527475118637085,13.812555313110352,2.672031465273056,0.3394117969183059
real__en__dorothy_and_wizard_oz_09_f000124,bonafide,0,-1.0853304862976074,15.00327491760254,2.7546139981902846,-0.9336949178977327
real__en__dorothy_and_wizard_oz_09_f000127,bonafide,0,-1.2876144647598269,12.526178359985352,2.3394323067891585,-0.9246230312987211
real__en__dorothy_and_wizard_oz_10_f000004,bonafide,0,0.6740983724594116,14.261065483093262,2.761655987070151,-0.46782115832194116
real__en__dorothy_and_wizard_oz_10_f000020,bonafide,0,-1.2217096090316772,14.989144325256348,2.7554475158864213,-0.9959438776303056
real__en__dorothy_and_wizard_oz_10_f000021,bonafide,0,0.6592206358909607,14.840599060058594,2.673587869412251,-0.09712877818422656
real__en__dorothy_and_wizard_oz_10_f000027,bonafide,0,0.2942161858081817,13.709659576416016,2.647246545354496,-0.5557315840665333
real__en__dorothy_and_wizard_oz_10_f000029,bonafide,0,3.148730993270874,13.78134822845459,2.6367627467637824,0.6597589625776613
real__en__dorothy_and_wizard_oz_10_f000039,bonafide,0,-0.0701285079121589,14.89665699005127,2.7965176893373447,-0.642264690836402
real__en__dorothy_and_wizard_oz_11_f000008,bonafide,0,1.6300787925720217,13.229755401611328,2.575948482953057,-0.010137601558849602
real__en__dorothy_and_wizard_oz_11_f000011,bonafide,0,2.602238178253174,12.877105712890623,2.604476735316237,0.21286816746011938
real__en__dorothy_and_wizard_oz_11_f000014,bonafide,0,-1.5991041660308838,13.401707649230955,2.5663333516500733,-1.2571607111255698
real__en__dorothy_and_wizard_oz_11_f000015,bonafide,0,-1.5938396453857422,14.198734283447266,2.7347060235174774,-1.3594034880183719
real__en__dorothy_and_wizard_oz_11_f000069,bonafide,0,1.1187727451324463,14.92003345489502,2.746911691810867,-0.040816285641652
real__en__dorothy_and_wizard_oz_11_f000073,bonafide,0,-0.7661426067352295,13.99695873260498,2.759266920355852,-1.138281682232605
real__en__dorothy_and_wizard_oz_11_f000081,bonafide,0,2.7248759269714355,14.579438209533691,2.6940269018244223,0.6209643321540907
real__en__dorothy_and_wizard_oz_11_f000083,bonafide,0,-3.1019556522369385,14.279624938964844,2.6603388344940075,-1.7913282111965465
real__en__dorothy_and_wizard_oz_11_f000097,bonafide,0,-0.0987511500716209,15.221765518188477,2.7525004649520635,-0.4542083297704631
real__en__dorothy_and_wizard_oz_12_f000027,bonafide,0,3.413405418395996,14.81861686706543,2.740193878888984,0.8811667698021105
real__en__dorothy_and_wizard_oz_12_f000029,bonafide,0,-3.4320056438446045,13.919536590576172,2.642996245137586,-2.0057136774671718
real__en__dorothy_and_wizard_oz_12_f000033,bonafide,0,-0.1204393878579139,14.270782470703123,2.719204109202383,-0.6989773540092358
real__en__dorothy_and_wizard_oz_12_f000058,bonafide,0,0.8040383458137512,12.800512313842772,2.4447734392697984,-0.2053242472406221
real__en__dorothy_and_wizard_oz_12_f000066,bonafide,0,0.3197566866874695,12.082659721374512,2.47607934248088,-0.7032178135196933
real__en__dorothy_and_wizard_oz_12_f000068,bonafide,0,-2.895080327987671,14.154316902160645,2.760114969075932,-1.9616520087201235
real__en__dorothy_and_wizard_oz_12_f000071,bonafide,0,-1.822853803634644,14.623867988586426,2.640842418762851,-1.1139224617031602
real__en__dorothy_and_wizard_oz_12_f000078,bonafide,0,-0.9668331742286682,13.782360076904297,2.7537597875234234,-1.278067768933676
real__en__dorothy_and_wizard_oz_12_f000082,bonafide,0,2.1228435039520264,15.274577140808104,2.831291565156674,0.3038127726977216
real__en__dorothy_and_wizard_oz_12_f000106,bonafide,0,-1.4567997455596924,14.719091415405272,2.785457877066014,-1.244142792963725
real__en__dorothy_and_wizard_oz_12_f000128,bonafide,0,-0.2756306231021881,15.336181640625,2.8414567092397727,-0.6810107099987597
real__en__dorothy_and_wizard_oz_12_f000132,bonafide,0,-0.5099110007286072,14.212583541870115,2.6207319312316613,-0.6656197945569731
real__en__dorothy_and_wizard_oz_13_f000001,bonafide,0,-1.7567646503448486,13.68221664428711,2.5037498048678715,-1.0964745067367636
real__en__dorothy_and_wizard_oz_13_f000054,bonafide,0,2.347664833068848,13.5335111618042,2.4598654144533554,0.6317947467804712
real__en__dorothy_and_wizard_oz_13_f000057,bonafide,0,1.5078648328781128,14.74875259399414,2.740980062796747,0.07600646813425098
real__en__dorothy_and_wizard_oz_13_f000063,bonafide,0,1.3044850826263428,12.416297912597656,2.3757775883276246,0.023910084360854275
real__en__dorothy_and_wizard_oz_13_f000068,bonafide,0,-1.5862867832183838,12.106582641601562,2.5135641823420296,-1.557184945341061
real__en__dorothy_and_wizard_oz_13_f000074,bonafide,0,1.3866817951202393,14.317737579345703,2.693441677255868,-0.010779409606845133
real__en__dorothy_and_wizard_oz_14_f000006,bonafide,0,1.061108112335205,13.314775466918944,2.613597318085512,-0.29677754184204597
real__en__dorothy_and_wizard_oz_14_f000018,bonafide,0,-2.015005826950073,15.37497329711914,2.837286988519411,-1.3722862831415235
real__en__dorothy_and_wizard_oz_14_f000042,bonafide,0,2.9993796348571777,14.002289772033691,2.742999559411283,0.44151689361025187
real__en__dorothy_and_wizard_oz_14_f000043,bonafide,0,-0.8633489012718201,15.471753120422363,2.8478074204013004,-0.8916768778408757
real__en__dorothy_and_wizard_oz_14_f000045,bonafide,0,0.7920582890510559,12.870474815368652,2.333872109417824,0.05089749957706667
real__en__dorothy_and_wizard_oz_14_f000058,bonafide,0,-0.0955182984471321,14.4826021194458,2.738698017990543,-0.6621997600531202
real__en__dorothy_and_wizard_oz_14_f000074,bonafide,0,0.4468603730201721,14.32006549835205,2.642508956267258,-0.285621903916454
real__en__dorothy_and_wizard_oz_14_f000076,bonafide,0,-0.4783100187778473,11.894296646118164,2.511840481633826,-1.1680756830987624
real__en__dorothy_and_wizard_oz_14_f000082,bonafide,0,1.0593599081039429,14.98214054107666,2.8203392246107977,-0.20299830446708944
real__en__dorothy_and_wizard_oz_14_f000106,bonafide,0,-1.6185626983642578,14.488383293151855,2.677187196845026,-1.1521773793631298
real__en__dorothy_and_wizard_oz_14_f000111,bonafide,0,-1.5846821069717407,15.175098419189451,2.880136249678809,-1.352723028526585
real__en__dorothy_and_wizard_oz_14_f000118,bonafide,0,4.003362655639648,12.406447410583496,2.343361965587869,1.1964241750250169
real__en__dorothy_and_wizard_oz_14_f000119,bonafide,0,-0.2933396995067596,13.50873565673828,2.6691734389813218,-0.9086321696715203
real__en__dorothy_and_wizard_oz_15_f000009,bonafide,0,0.653225839138031,13.082831382751465,2.551510223686132,-0.4053945962995482
real__en__dorothy_and_wizard_oz_15_f000011,bonafide,0,3.938011646270752,14.943804740905762,2.7609057013671623,1.092081740407389
real__en__dorothy_and_wizard_oz_15_f000020,bonafide,0,-0.1861303150653839,14.150513648986816,2.6877994178295506,-0.6972443585236101
real__en__dorothy_and_wizard_oz_15_f000027,bonafide,0,0.432864248752594,14.96688175201416,2.751174097187546,-0.31591670973215386
real__en__dorothy_and_wizard_oz_15_f000038,bonafide,0,-0.120969720184803,13.28881549835205,2.4621204068252904,-0.46380695420754037
real__en__dorothy_and_wizard_oz_15_f000058,bonafide,0,-1.3718340396881104,14.94897747039795,2.7832925685736485,-1.1303363752449365
real__en__dorothy_and_wizard_oz_15_f000061,bonafide,0,2.4634335041046143,15.074265480041504,2.694849256406934,0.6720551197135218
real__en__dorothy_and_wizard_oz_15_f000076,bonafide,0,-0.9658507704734802,14.058917045593262,2.691824349814557,-1.0550423127727988
real__en__dorothy_and_wizard_oz_15_f000081,bonafide,0,-2.1542508602142334,13.851300239562988,2.668953787980717,-1.5599860276636641
real__en__dorothy_and_wizard_oz_15_f000103,bonafide,0,1.0514531135559082,13.828981399536133,2.4677810385320416,0.17912795623519484
real__en__dorothy_and_wizard_oz_15_f000106,bonafide,0,1.3385380506515503,14.534046173095703,2.6581002824415445,0.11543940722153667
real__en__dorothy_and_wizard_oz_15_f000110,bonafide,0,2.424575090408325,13.778639793395996,2.6820224560538044,0.26479065642780353
real__en__dorothy_and_wizard_oz_15_f000116,bonafide,0,-1.2359380722045898,14.550773620605469,2.7411687399406555,-1.112808407974647
real__en__dorothy_and_wizard_oz_16_f000007,bonafide,0,4.425268650054932,14.392409324645996,2.703256496189669,1.237452222020411
real__en__dorothy_and_wizard_oz_16_f000008,bonafide,0,-0.0976010933518409,14.757818222045898,2.6962353975420217,-0.4827430946194604
real__en__dorothy_and_wizard_oz_16_f000024,bonafide,0,0.7679267525672913,14.60835075378418,2.6145327475085485,-0.000669927088734
real__en__dorothy_and_wizard_oz_16_f000025,bonafide,0,-2.5765340328216557,14.98932933807373,2.7114383084589355,-1.4564351434895233
real__en__dorothy_and_wizard_oz_16_f000027,bonafide,0,-0.3091978430747986,13.678631782531738,2.578024486974818,-0.6641675661220662
real__en__dorothy_and_wizard_oz_16_f000031,bonafide,0,-2.515892505645752,12.453917503356934,2.495817724391301,-1.7876587798387233
real__en__dorothy_and_wizard_oz_16_f000035,bonafide,0,2.631324529647827,12.245241165161133,2.35103553827285,0.5655433705536297
real__en__dorothy_and_wizard_oz_16_f000039,bonafide,0,-1.684908390045166,14.354875564575195,2.6818695866039706,-1.2326038931342362
real__en__dorothy_and_wizard_oz_16_f000040,bonafide,0,-3.289217233657837,14.34766674041748,2.6872383679107124,-1.9039177368773188
real__en__dorothy_and_wizard_oz_16_f000050,bonafide,0,0.2000625282526016,14.287501335144045,2.608218461838168,-0.32354080494941634
real__en__dorothy_and_wizard_oz_16_f000083,bonafide,0,0.3029369115829468,13.793264389038086,2.6939104741902797,-0.625482766706462
real__en__dorothy_and_wizard_oz_16_f000090,bonafide,0,-1.9053921699523928,14.21022129058838,2.662789667163183,-1.3286951149863688
real__en__dorothy_and_wizard_oz_16_f000104,bonafide,0,2.491010427474976,14.39154815673828,2.6473052727321886,0.5648570719262395
real__en__dorothy_and_wizard_oz_17_f000014,bonafide,0,5.02803373336792,14.417584419250488,2.599466255976565,1.715818061381584
real__en__dorothy_and_wizard_oz_17_f000038,bonafide,0,-0.4636939167976379,13.137882232666016,2.652019153386281,-1.0614609640471036
real__en__dorothy_and_wizard_oz_18_f000005,bonafide,0,-1.3318712711334229,14.192462921142578,2.6512481869893296,-1.074589863467845
real__en__dorothy_and_wizard_oz_18_f000006,bonafide,0,-1.4547220468521118,14.37094497680664,2.638041370192605,-1.038819999667306
real__en__dorothy_and_wizard_oz_18_f000014,bonafide,0,0.1410659253597259,14.23020839691162,2.676703425454644,-0.5135292307112735
real__en__dorothy_and_wizard_oz_18_f000040,bonafide,0,0.4015946984291076,14.41486358642578,2.699144079044693,-0.3953216895311338
real__en__dorothy_and_wizard_oz_18_f000044,bonafide,0,-1.4468733072280884,13.49803638458252,2.665727894337072,-1.3773930001432089
real__en__dorothy_and_wizard_oz_18_f000066,bonafide,0,2.469484329223633,12.643888473510742,2.4649387262227664,0.3831550044486871
real__en__dorothy_and_wizard_oz_18_f000067,bonafide,0,2.6234290599823,14.682830810546877,2.8823435652890828,0.20782038553174853
real__en__dorothy_and_wizard_oz_18_f000071,bonafide,0,-0.6774007678031921,14.265681266784668,2.764997761046347,-1.0273522966224282
real__en__dorothy_and_wizard_oz_18_f000077,bonafide,0,1.4548370838165283,12.444464683532717,2.291634810445677,0.27559221725408406
real__en__dorothy_and_wizard_oz_19_f000002,bonafide,0,-1.1066008806228638,14.28864574432373,2.481279004540003,-0.5856321462741354
real__en__dorothy_and_wizard_oz_19_f000010,bonafide,0,3.5159804821014404,15.066590309143066,2.714282525085097,1.059107096817871
real__en__dorothy_and_wizard_oz_19_f000014,bonafide,0,0.2381512820720672,14.184540748596191,2.7067492317378914,-0.5531282326137368
real__en__dorothy_and_wizard_oz_19_f000025,bonafide,0,2.921621084213257,14.1517915725708,2.66970193711714,0.6156288917653718
real__en__dorothy_and_wizard_oz_19_f000041,bonafide,0,-1.369554042816162,13.455215454101562,2.5171690023057147,-1.0400561090208817
real__en__dorothy_and_wizard_oz_19_f000066,bonafide,0,-1.6482548713684082,14.049077987670898,2.575789297915486,-1.0883186543371692
real__en__dorothy_and_wizard_oz_19_f000068,bonafide,0,-1.3801028728485107,14.045485496520996,2.688084559846021,-1.221100438976253
real__en__dorothy_and_wizard_oz_19_f000069,bonafide,0,1.3424681425094604,13.308889389038086,2.4334241956683966,0.20410758718570982
real__en__dorothy_and_wizard_oz_19_f000074,bonafide,0,-2.83663010597229,14.52798557281494,2.763496677361695,-1.8241506157628096
real__en__dorothy_and_wizard_oz_20_f000018,bonafide,0,-1.093636989593506,14.371302604675291,2.74212784998598,-1.114586935773085
real__en__dorothy_and_wizard_oz_20_f000022,bonafide,0,0.8733442425727844,14.76494312286377,2.672891100160925,-0.032346164009637524
real__en__hunters_space_01_f000007,bonafide,0,-0.9880973100662231,14.70345401763916,2.7853675507390334,-1.0569331335955494
real__en__hunters_space_01_f000009,bonafide,0,-1.9946770668029783,13.445440292358398,2.575201647565312,-1.4241963188034128
real__en__hunters_space_01_f000019,bonafide,0,1.0896786451339722,9.87630558013916,2.4884498991407416,-1.1277133908077168
real__en__hunters_space_01_f000040,bonafide,0,2.2470381259918213,14.756911277770996,2.858875124381228,0.12800294753862684
real__en__hunters_space_02_f000017,bonafide,0,-2.810988187789917,13.942598342895508,2.702579593944309,-1.8719101923914125
real__en__hunters_space_02_f000032,bonafide,0,-0.912011444568634,12.156588554382324,2.4473591961349435,-1.122318411937189
real__en__hunters_space_02_f000037,bonafide,0,-1.824009895324707,13.705240249633787,2.62289380694896,-1.372823357359119
real__en__hunters_space_02_f000038,bonafide,0,0.2777465879917145,14.78332233428955,2.8242287828182167,-0.5959497370513412
real__en__hunters_space_02_f000053,bonafide,0,0.5729473829269409,12.230700492858888,2.5060466042530822,-0.6160433157819677
real__en__hunters_space_02_f000067,bonafide,0,-0.1900789886713028,13.311690330505373,2.504060835463925,-0.5749302232759622
real__en__hunters_space_02_f000090,bonafide,0,-0.6462529301643372,15.165677070617676,2.8763909224621647,-0.9631515288671806
real__en__hunters_space_02_f000106,bonafide,0,-0.9416180849075316,12.965802192687988,2.580533780631942,-1.1592120330236073
real__en__hunters_space_02_f000110,bonafide,0,-0.2594203650951385,13.58152198791504,2.5821908460720366,-0.6841287945645758
real__en__hunters_space_03_f000065,bonafide,0,1.5014837980270386,11.325562477111816,2.093571485471024,0.35888705396593135
real__en__hunters_space_03_f000076,bonafide,0,0.8219966888427734,13.663704872131348,2.6720945043163424,-0.40774826198773473
real__en__hunters_space_04_f000001,bonafide,0,-2.201359272003174,11.58228588104248,2.2899922712495213,-1.497939745606181
real__en__hunters_space_04_f000017,bonafide,0,-4.176999568939209,13.847213745117188,2.692418340834608,-2.4406821647426606
real__en__hunters_space_04_f000018,bonafide,0,0.9593644738197328,13.478123664855955,2.5949902612810587,-0.24563745709215018
real__en__hunters_space_04_f000021,bonafide,0,-0.0963050350546836,12.74571132659912,2.37389586990098,-0.439566566297801
real__en__hunters_space_04_f000039,bonafide,0,-0.7558436989784241,14.463340759277344,2.860851089766817,-1.20173329641857
real__en__hunters_space_04_f000044,bonafide,0,3.314673662185669,12.981974601745604,2.707363543678994,0.3174552726841443
real__en__hunters_space_04_f000089,bonafide,0,1.6233088970184326,13.099451065063477,2.6157005714352293,-0.1405370177539368
real__en__hunters_space_05_f000015,bonafide,0,0.5379984974861145,12.233473777770996,2.3803056308894344,-0.35904414394844486
real__en__hunters_space_05_f000032,bonafide,0,0.7709975838661194,14.223017692565918,2.858886744351436,-0.6495236859488938
real__en__hunters_space_05_f000042,bonafide,0,1.8362770080566408,13.070707321166992,2.608971770291247,-0.04808660891086712
real__en__hunters_space_05_f000050,bonafide,0,0.1184053197503089,12.94059944152832,2.541402053704682,-0.6488110404548006
real__en__hunters_space_05_f000072,bonafide,0,2.622652292251587,13.219226837158203,2.5460695456939244,0.4574680686059409
real__en__hunters_space_05_f000074,bonafide,0,-3.546818971633911,13.521170616149902,2.669505880667556,-2.238583649943531
real__en__hunters_space_05_f000109,bonafide,0,0.2033663690090179,13.983266830444336,2.6775996915516,-0.5697722738906719
real__en__hunters_space_05_f000110,bonafide,0,-3.7139909267425537,12.229707717895508,2.376240971951596,-2.0939611977923867
real__en__hunters_space_05_f000123,bonafide,0,-1.1601557731628418,12.533194541931152,2.413199924673261,-1.0287706096904612
real__en__hunters_space_05_f000127,bonafide,0,-3.7682559490203857,13.177253723144531,2.4816515797403187,-2.0365209393061146
real__en__hunters_space_06_f000007,bonafide,0,-0.950653076171875,13.32838249206543,2.589599984035755,-1.0651763351314072
real__en__hunters_space_06_f000014,bonafide,0,0.5874063372612,13.588945388793944,2.7344155886546675,-0.6620852977112321
real__en__hunters_space_06_f000023,bonafide,0,-0.5587278008460999,12.308209419250488,2.409572388388302,-0.8472537972283285
real__en__hunters_space_06_f000036,bonafide,0,-1.4409003257751465,12.489182472229004,2.486738030182409,-1.3162033741197072
real__en__hunters_space_06_f000061,bonafide,0,-0.613118052482605,13.7407808303833,2.669391878733357,-0.9651160267207115
real__en__hunters_space_06_f000064,bonafide,0,-2.9799487590789795,13.034011840820312,2.615696943878965,-2.0480769715199645
real__en__hunters_space_06_f000070,bonafide,0,1.2879987955093384,12.898508071899414,2.693706520460672,-0.5106810819250165
real__en__hunters_space_06_f000076,bonafide,0,-2.5680148601531982,12.65382194519043,2.534521632554802,-1.8276197083874954
real__en__hunters_space_06_f000077,bonafide,0,1.4799079895019531,14.77436351776123,2.8815159997239963,-0.22941211661562
real__en__hunters_space_06_f000089,bonafide,0,-2.327289342880249,14.19654655456543,2.7954836046660647,-1.791385421614826
real__en__hunters_space_06_f000099,bonafide,0,-0.7891508936882019,13.542555809020996,2.627363087440433,-1.0109581256437414
real__en__hunters_space_06_f000100,bonafide,0,-0.520047128200531,13.36614227294922,2.7070416332594327,-1.1290826705886807
real__en__hunters_space_07_f000003,bonafide,0,-4.4126877784729,13.46088409423828,2.7645177011109427,-2.817241516184615
real__en__hunters_space_07_f000004,bonafide,0,3.788414716720581,13.63167667388916,2.7738129763086508,0.5787565167462474
real__en__hunters_space_07_f000032,bonafide,0,-2.59736704826355,11.905055046081545,2.120155592530368,-1.1905990228805514
real__en__hunters_space_07_f000049,bonafide,0,-0.4378327429294586,14.121944427490234,2.443968122026161,-0.28523333478477225
real__en__hunters_space_07_f000061,bonafide,0,0.1995628625154495,14.000957489013672,2.7153803350164343,-0.6468636354707715
real__en__hunters_space_07_f000067,bonafide,0,-2.724940776824951,12.367918968200684,2.602421473238294,-2.130399174254756
real__en__hunters_space_07_f000074,bonafide,0,-3.8428590297698975,12.294458389282228,2.659199526212741,-2.734377854564445
real__en__hunters_space_07_f000081,bonafide,0,0.3563985526561737,13.55259132385254,2.778299112032744,-0.8628835797614847
real__en__hunters_space_07_f000104,bonafide,0,0.1998882740736007,12.506637573242188,2.481894562830586,-0.6277570772431835
real__en__hunters_space_08_f000019,bonafide,0,-3.807029962539673,13.795239448547363,2.531034516454819,-1.9587965871101616
real__en__hunters_space_08_f000029,bonafide,0,-1.2949360609054563,12.414392471313477,2.466995208124493,-1.2381107617272595
real__en__hunters_space_08_f000059,bonafide,0,-3.5380709171295166,13.776443481445312,2.7747385271436,-2.3787772186751184
real__en__hunters_space_08_f000069,bonafide,0,-2.84980845451355,13.266329765319824,2.631636820419055,-1.9539097855379943
real__en__hunters_space_08_f000074,bonafide,0,-2.79440975189209,12.378623008728027,2.435815753245564,-1.7970962132907318
real__en__hunters_space_08_f000076,bonafide,0,-2.0363516807556152,14.22614288330078,2.6302875264479937,-1.3073129044450664
real__en__hunters_space_08_f000078,bonafide,0,-1.3748903274536133,12.94290256500244,2.681877428121446,-1.5621231721731235
real__en__hunters_space_08_f000081,bonafide,0,0.6981467604637146,13.56910514831543,2.783844379213292,-0.7294234576221692
real__en__hunters_space_08_f000103,bonafide,0,-2.496864557266236,14.269987106323242,2.811135208081848,-1.870791233144969
real__en__hunters_space_09_f000033,bonafide,0,-3.132721424102783,13.267828941345217,2.5379260601606632,-1.8678224962233465
real__en__hunters_space_10_f000009,bonafide,0,-0.2648747265338897,13.652426719665527,2.741712531102752,-1.006512354789361
real__en__hunters_space_10_f000017,bonafide,0,-2.71631407737732,13.951908111572266,2.7549323169870807,-1.9426952420068242
real__en__hunters_space_10_f000022,bonafide,0,-1.0312411785125732,13.039569854736328,2.513965149594505,-1.0289215409739239
real__en__hunters_space_10_f000029,bonafide,0,-0.4065141081809997,11.915716171264648,2.3602684869652526,-0.8057506642486082
real__en__hunters_space_10_f000037,bonafide,0,-2.308871030807495,11.89993381500244,2.355922097876468,-1.5810811747063849
real__en__hunters_space_10_f000045,bonafide,0,-1.4760243892669678,10.935328483581545,2.2437661137644604,-1.310472162870883
real__en__hunters_space_10_f000046,bonafide,0,-3.044477224349976,11.828685760498049,2.41244674606872,-2.0271301769940493
real__en__hunters_space_10_f000058,bonafide,0,-0.0202257428318262,13.350648880004885,2.698576138749319,-0.911062059438167
real__en__hunters_space_10_f000085,bonafide,0,-2.054939985275269,13.43539047241211,2.6950248852742704,-1.7098385780488383
real__en__hunters_space_10_f000106,bonafide,0,0.9683311581611632,13.2572021484375,2.583377685487502,-0.2884209812205137
real__en__hunters_space_10_f000114,bonafide,0,0.5680062174797058,12.22091293334961,2.42571135189657,-0.4484601931418416
real__en__hunters_space_11_f000004,bonafide,0,-2.0259134769439697,11.68567180633545,2.4782902011847,-1.7975765300631326
real__en__hunters_space_11_f000037,bonafide,0,0.5761573910713196,13.036094665527344,2.6789002483992266,-0.7260594528526667
real__en__hunters_space_11_f000045,bonafide,0,2.196225643157959,12.619722366333008,2.5454043815763265,0.09030817361693166
real__en__hunters_space_11_f000052,bonafide,0,-1.7389891147613523,12.614940643310549,2.5953234840335875,-1.6312247921202931
real__en__hunters_space_11_f000073,bonafide,0,-1.1239657402038574,13.878076553344728,2.661765245097841,-1.113663230566262
real__en__hunters_space_11_f000076,bonafide,0,0.752799928188324,12.59337329864502,2.607919271840935,-0.6441665188573579
real__en__hunters_space_11_f000081,bonafide,0,-3.6092684268951416,11.613743782043455,2.339223205938546,-2.170599617564705
real__en__hunters_space_11_f000102,bonafide,0,-3.729231595993042,13.116379737854004,2.538303787539332,-2.162050761325318
real__en__hunters_space_11_f000108,bonafide,0,-0.6554270386695862,12.109137535095217,2.6017667321136733,-1.3645902972527526
real__en__hunters_space_11_f000109,bonafide,0,-4.344897747039795,11.620279312133787,2.5381869447524146,-2.8978436767883338
real__en__hunters_space_11_f000118,bonafide,0,-2.3392367362976074,12.967570304870604,2.4307604879802147,-1.409267150365019
real__en__hunters_space_12_f000006,bonafide,0,-3.019129514694214,11.94277572631836,2.385818829948912,-1.9225858663775508
real__en__hunters_space_12_f000017,bonafide,0,2.756129026412964,12.90723705291748,2.4241364236015164,0.6735225573496239
real__en__hunters_space_12_f000024,bonafide,0,1.838115096092224,13.285852432250977,2.5711285324175543,0.10361885662971884
real__en__hunters_space_12_f000034,bonafide,0,1.584843397140503,13.750329971313477,2.6816325725653543,-0.08764176592980476
real__en__hunters_space_12_f000038,bonafide,0,-2.111384391784668,13.407269477844238,2.4869857335726056,-1.294643232515697
real__en__hunters_space_12_f000048,bonafide,0,2.5063393115997314,12.65896701812744,2.4785838493966894,0.373787619652106
real__en__hunters_space_12_f000054,bonafide,0,-3.164255857467652,11.692132949829102,2.4447861248463267,-2.1899181902278086
real__en__hunters_space_12_f000065,bonafide,0,-2.6038622856140137,13.110426902770996,2.507147795871334,-1.6358001223768561
real__en__hunters_space_12_f000069,bonafide,0,-3.646404266357422,12.787712097167969,2.6118419410300007,-2.392534217590247
real__en__hunters_space_12_f000073,bonafide,0,1.853796124458313,13.797727584838867,2.81652386500917,-0.25220438443606563
real__en__hunters_space_13_f000011,bonafide,0,5.507413387298584,13.162796974182127,2.384959594221933,1.9678711732357481
real__en__hunters_space_13_f000029,bonafide,0,0.4529570937156677,13.2814359664917,2.524656086913878,-0.36549322135321416
real__en__hunters_space_13_f000030,bonafide,0,0.1004369184374809,12.16751480102539,2.5842678422350005,-0.9983319967979685
real__en__hunters_space_13_f000035,bonafide,0,-0.232040598988533,13.562905311584473,2.471050634380863,-0.4399049764644368
real__en__hunters_space_13_f000054,bonafide,0,-2.822036027908325,12.43814182281494,2.440578097252864,-1.799414660834702
real__en__hunters_space_13_f000058,bonafide,0,1.4730260372161863,12.869261741638184,2.392990087182421,0.20242012046569263
real__en__hunters_space_13_f000089,bonafide,0,-2.9314944744110107,13.25154972076416,2.62645626304734,-1.9810216712340314
real__en__hunters_space_13_f000091,bonafide,0,0.5232383608818054,13.601865768432615,2.774721768895025,-0.7708876272955844
real__en__hunters_space_13_f000101,bonafide,0,-2.268719434738159,13.261922836303713,2.505333881806764,-1.445574853969709
real__en__hunters_space_14_f000003,bonafide,0,1.386277675628662,13.72364616394043,2.6725136481669867,-0.15802920443153323
real__en__hunters_space_14_f000033,bonafide,0,3.68389630317688,12.774218559265137,2.653550231868533,0.5173183359211553
real__en__hunters_space_14_f000042,bonafide,0,1.6595350503921509,12.825553894042969,2.5608374967491905,-0.09626235648122584
real__en__hunters_space_14_f000044,bonafide,0,-0.392969012260437,12.853415489196776,2.5737605092484386,-0.9561508808761685
real__en__hunters_space_14_f000055,bonafide,0,-1.7294377088546753,12.702618598937988,2.6246489760332703,-1.6620297216660294
real__en__hunters_space_14_f000057,bonafide,0,-0.8462399840354919,11.807476997375488,2.557286177048194,-1.44466106700779
real__en__hunters_space_15_f000008,bonafide,0,-2.991992712020874,12.55524444580078,2.522354362576404,-2.0070698784723033
real__en__hunters_space_15_f000020,bonafide,0,-1.7104661464691162,13.166641235351562,2.5958646344054106,-1.442313705361531
real__en__hunters_space_15_f000027,bonafide,0,-1.2599714994430542,14.55758571624756,2.757353439616975,-1.1552621111599604
real__en__hunters_space_15_f000040,bonafide,0,-1.056062936782837,14.488283157348633,2.798421560011095,-1.1824327586436247
real__en__hunters_space_15_f000064,bonafide,0,2.280669450759888,13.758045196533203,2.806500299895111,-0.06854786047233698
real__en__hunters_space_16_f000003,bonafide,0,-3.304772138595581,13.215890884399414,2.600691635643812,-2.090108029984783
real__en__hunters_space_16_f000012,bonafide,0,-4.2522406578063965,13.65391731262207,2.664110563561899,-2.4731358169544735
real__en__hunters_space_16_f000018,bonafide,0,-2.2626097202301025,13.247151374816896,2.719600217382463,-1.908658343681078
real__en__hunters_space_16_f000070,bonafide,0,0.7967086434364319,13.56422996520996,2.531533762521108,-0.14797889419873522
real__en__hunters_space_16_f000078,bonafide,0,-2.072307825088501,13.892888069152832,2.6408517812798795,-1.4525218027703826
real__en__hunters_space_16_f000083,bonafide,0,-0.0932582840323448,14.25376796722412,2.688532278949067,-0.6273758994810937
real__en__hunters_space_16_f000099,bonafide,0,-1.3089659214019775,12.310783386230469,2.5535101944104506,-1.463424088523948
real__en__hunters_space_16_f000103,bonafide,0,-1.8542609214782717,12.313770294189451,2.637620595150146,-1.8668087731904337
real__en__hunters_space_16_f000117,bonafide,0,-3.142921209335327,13.146830558776855,2.523888554294731,-1.8809361102474091
real__en__hunters_space_16_f000122,bonafide,0,-1.3459804058074951,12.496943473815918,2.4927193197044515,-1.287659933980639
real__en__hunters_space_16_f000126,bonafide,0,0.5076400637626648,13.18869686126709,2.522935270798188,-0.36936976300889024
real__en__hunters_space_17_f000018,bonafide,0,-0.1602603793144226,11.006568908691406,2.3218378123291386,-0.9161493546942235
real__en__hunters_space_17_f000032,bonafide,0,0.0953981205821037,12.96629524230957,2.5218261393596824,-0.6078299420249715
real__en__hunters_space_18_f000010,bonafide,0,0.2588504254817962,12.777801513671877,2.4457102152272947,-0.43809710584724315
real__en__hunters_space_18_f000024,bonafide,0,3.501173496246338,14.308708190917969,2.716521338906792,0.8031714782828485
real__en__hunters_space_18_f000056,bonafide,0,0.060035727918148,10.71494960784912,2.272681607079892,-0.8144475902953245
real__en__hunters_space_18_f000058,bonafide,0,-3.85291051864624,11.924924850463867,2.3499802802634413,-2.192960414117649
real__en__hunters_space_19_f000001,bonafide,0,-1.043100357055664,12.0341215133667,2.334901064378816,-0.9737786548707932
real__en__hunters_space_19_f000016,bonafide,0,-3.325955867767334,14.144525527954102,2.706760918366498,-2.0266426053252453
real__en__hunters_space_19_f000023,bonafide,0,0.212193563580513,13.510025024414062,2.596020351469804,-0.5437242319458625
real__en__hunters_space_19_f000028,bonafide,0,-3.7192678451538086,12.99815273284912,2.6490726186966844,-2.4344196210124727
real__en__hunters_space_19_f000042,bonafide,0,-0.3696381449699402,14.219736099243164,2.8357389889627096,-1.0682281343057458
real__en__piratesofersatz_01_leinster_64kb_f000004,bonafide,0,-2.130908966064453,13.213144302368164,2.419195894446009,-1.219620604146415
real__en__piratesofersatz_01_leinster_64kb_f000012,bonafide,0,1.6483218669891355,12.755950927734377,2.610021673905058,-0.22914056487607737
real__en__piratesofersatz_01_leinster_64kb_f000050,bonafide,0,-2.4843249320983887,12.774039268493652,2.55923421637955,-1.8076011136310808
real__en__piratesofersatz_01_leinster_64kb_f000068,bonafide,0,2.0445730686187744,13.690006256103516,2.650365248768694,0.14849275645284343
real__en__piratesofersatz_01_leinster_64kb_f000069,bonafide,0,1.7172926664352417,14.380817413330078,2.628718809076924,0.2842951863348674
real__en__piratesofersatz_01_leinster_64kb_f000105,bonafide,0,-2.1216089725494385,11.384029388427734,2.329627204347181,-1.6146033076854998
real__en__piratesofersatz_01_leinster_64kb_f000107,bonafide,0,2.8240785598754883,14.011109352111816,2.7663346115934875,0.3223457938747748
real__en__piratesofersatz_01_leinster_64kb_f000113,bonafide,0,-1.3232755661010742,12.421451568603516,2.5656777479632886,-1.459672850946416
real__en__piratesofersatz_01_leinster_64kb_f000118,bonafide,0,-0.485097736120224,13.309182167053224,2.6309568979004,-0.9695467100309763
real__en__piratesofersatz_01_leinster_64kb_f000137,bonafide,0,0.7569255828857422,13.413773536682127,2.7529920770402474,-0.6892086333323231
real__en__piratesofersatz_01_leinster_64kb_f000138,bonafide,0,-0.3288865387439728,12.406495094299316,2.5047833260134778,-0.926051577904195
real__en__piratesofersatz_01_leinster_64kb_f000195,bonafide,0,-1.6835973262786863,14.9091157913208,2.801861937869295,-1.3109201667572388
real__en__piratesofersatz_01_leinster_64kb_f000208,bonafide,0,1.6851346492767334,14.18427848815918,2.700493609968505,0.05320611567282048
real__en__piratesofersatz_01_leinster_64kb_f000215,bonafide,0,-0.049448050558567,14.112361907958984,2.7370137176141816,-0.759411229998971
real__en__piratesofersatz_01_leinster_64kb_f000217,bonafide,0,-0.0104360673576593,13.076536178588867,2.6560380753532646,-0.9041973407371071
real__en__piratesofersatz_01_leinster_64kb_f000219,bonafide,0,-0.4760183990001678,13.806601524353027,2.751382401557112,-1.063983554503373
real__en__piratesofersatz_01_leinster_64kb_f000223,bonafide,0,5.556205749511719,13.99714183807373,2.8083199254284894,1.3471441243445648
real__en__piratesofersatz_01_leinster_64kb_f000228,bonafide,0,1.854259133338928,13.274981498718262,2.642884038626662,-0.04760109496327862
real__en__piratesofersatz_01_leinster_64kb_f000231,bonafide,0,0.1431829929351806,13.64031982421875,2.78667645325069,-0.9399087409789207
real__en__piratesofersatz_02_leinster_64kb_f000017,bonafide,0,-2.9237253665924072,13.182387351989746,2.727528577436814,-2.2175715944761554
real__en__piratesofersatz_02_leinster_64kb_f000023,bonafide,0,-1.8558809757232664,14.38608455657959,2.7528462376776344,-1.4452220422156203
real__en__piratesofersatz_02_leinster_64kb_f000029,bonafide,0,3.889714956283569,13.115673065185549,2.702848215865887,0.6060447199643144
real__en__piratesofersatz_02_leinster_64kb_f000030,bonafide,0,-3.6896238327026367,12.60278606414795,2.6102164776351544,-2.466543365580689
real__en__piratesofersatz_02_leinster_64kb_f000061,bonafide,0,2.4538302421569824,11.957751274108888,2.5483041053730697,-0.024404334014918663
real__en__piratesofersatz_02_leinster_64kb_f000082,bonafide,0,0.541161835193634,13.130619049072266,2.590977340132329,-0.5207459590020558
real__en__piratesofersatz_02_leinster_64kb_f000087,bonafide,0,1.1815614700317385,12.724413871765137,2.6871783052366984,-0.5965500683828047
real__en__piratesofersatz_02_leinster_64kb_f000108,bonafide,0,-1.5137810707092283,12.743901252746582,2.7391097118319374,-1.8064710848154426
real__en__piratesofersatz_02_leinster_64kb_f000114,bonafide,0,-3.164654493331909,13.043007850646973,2.504058635541847,-1.880765090208049
real__en__piratesofersatz_02_leinster_64kb_f000138,bonafide,0,-2.65967059135437,12.663519859313965,2.602237864663782,-2.007677628752293
real__en__piratesofersatz_02_leinster_64kb_f000139,bonafide,0,-1.0741885900497437,14.063404083251951,2.6916373139034038,-1.0975854498506445
real__en__piratesofersatz_02_leinster_64kb_f000143,bonafide,0,-0.6497213244438171,12.52231502532959,2.3217676917391072,-0.6264768999674816
real__en__piratesofersatz_02_leinster_64kb_f000174,bonafide,0,-2.692044496536255,12.073965072631836,2.298858275151303,-1.5591082875992155
real__en__piratesofersatz_02_leinster_64kb_f000178,bonafide,0,3.5395500659942627,13.770472526550291,2.788619276970158,0.48980821664450397
real__en__piratesofersatz_02_leinster_64kb_f000179,bonafide,0,-0.1882655471563339,12.600022315979004,2.578400912239833,-0.9641763485548851
real__en__piratesofersatz_02_leinster_64kb_f000189,bonafide,0,-1.162778377532959,13.879974365234377,2.7773591815017102,-1.377556421170677
real__en__piratesofersatz_02_leinster_64kb_f000191,bonafide,0,-1.7436563968658447,12.21906566619873,2.424723231362964,-1.3942385262006223
real__en__piratesofersatz_02_leinster_64kb_f000202,bonafide,0,-1.666578769683838,12.060983657836914,2.3033723324929527,-1.152783827230252
real__en__piratesofersatz_02_leinster_64kb_f000206,bonafide,0,-2.6782915592193604,12.923418998718262,2.3495503491610035,-1.3878314674378214
real__en__piratesofersatz_02_leinster_64kb_f000226,bonafide,0,-3.795182943344116,12.858187675476074,2.4669821104624945,-2.11917315451426
real__en__piratesofersatz_03_leinster_64kb_f000002,bonafide,0,3.2255446910858154,12.879663467407228,2.614359751325124,0.4478677702547931
real__en__piratesofersatz_03_leinster_64kb_f000012,bonafide,0,0.726349949836731,12.629035949707031,2.526610000582356,-0.46860698597663886
real__en__piratesofersatz_03_leinster_64kb_f000023,bonafide,0,-0.4754121303558349,12.060614585876465,2.529966784615384,-1.1520943158254464
real__en__piratesofersatz_03_leinster_64kb_f000032,bonafide,0,4.430643558502197,13.467323303222656,2.764672537857857,0.8084542078830914
real__en__piratesofersatz_03_leinster_64kb_f000039,bonafide,0,3.5199637413024902,12.705734252929688,2.5301371346204067,0.6934139327224504
real__en__piratesofersatz_03_leinster_64kb_f000043,bonafide,0,1.1707937717437744,12.562110900878906,2.5782179224469264,-0.41910629733379123
real__en__piratesofersatz_03_leinster_64kb_f000055,bonafide,0,-2.5181734561920166,13.110315322875977,2.570141926321288,-1.7361994786312036
real__en__piratesofersatz_03_leinster_64kb_f000077,bonafide,0,-1.2339622974395752,13.487256050109863,2.738235093988073,-1.4495663024127
real__en__piratesofersatz_03_leinster_64kb_f000078,bonafide,0,1.705571174621582,14.519533157348633,2.832349559009156,-0.11359363945355024
real__en__piratesofersatz_03_leinster_64kb_f000083,bonafide,0,0.9321874976158142,13.05262279510498,2.5459653441731445,-0.28892024610007855
real__en__piratesofersatz_03_leinster_64kb_f000102,bonafide,0,-2.2130534648895264,13.201201438903809,2.548898948379008,-1.5360898916616332
real__en__piratesofersatz_03_leinster_64kb_f000103,bonafide,0,-0.3820152282714844,14.352059364318848,2.711457199147994,-0.7632287830604847
real__en__piratesofersatz_03_leinster_64kb_f000108,bonafide,0,0.1416597217321396,14.188539505004885,2.7246784768666377,-0.6299364270240395
real__en__piratesofersatz_03_leinster_64kb_f000111,bonafide,0,1.296281814575195,13.761828422546388,2.66173288235899,-0.15937756781593138
real__en__piratesofersatz_03_leinster_64kb_f000115,bonafide,0,0.3868319988250732,13.326040267944336,2.5484351197858133,-0.4293088744768618
real__en__piratesofersatz_03_leinster_64kb_f000122,bonafide,0,-2.5189242362976074,12.635564804077148,2.53578108987086,-1.816114545020099
real__en__piratesofersatz_03_leinster_64kb_f000146,bonafide,0,-2.0818893909454346,12.25199031829834,2.3326128272737283,-1.3241017820529906
real__en__piratesofersatz_03_leinster_64kb_f000157,bonafide,0,-1.1160831451416016,11.169346809387209,2.228432900697893,-1.054326714870155
real__en__piratesofersatz_03_leinster_64kb_f000164,bonafide,0,0.6294450759887695,12.266520500183104,2.32191941405888,-0.1853164813458149
real__en__piratesofersatz_03_leinster_64kb_f000184,bonafide,0,1.035104751586914,12.624207496643066,2.3615149968592144,0.011418640634356256
real__en__piratesofersatz_03_leinster_64kb_f000197,bonafide,0,-1.736480474472046,12.102740287780762,2.4048064445075457,-1.386076457827307
real__en__piratesofersatz_03_leinster_64kb_f000220,bonafide,0,-0.0266135428100824,13.768592834472656,2.82813987700649,-1.0571878588972834
real__en__piratesofersatz_03_leinster_64kb_f000260,bonafide,0,-1.0131163597106934,12.649055480957031,2.590407371463052,-1.3121628050988647
real__en__piratesofersatz_04_leinster_64kb_f000049,bonafide,0,-1.249543309211731,10.048956871032717,1.762097817592551,-0.46836212214448847
real__en__piratesofersatz_04_leinster_64kb_f000064,bonafide,0,0.6288557052612305,14.153456687927246,2.675628923594497,-0.336141718470388
real__en__piratesofersatz_04_leinster_64kb_f000073,bonafide,0,-0.3347451090812683,13.723081588745115,2.6684845617134743,-0.8548119231637642
real__en__piratesofersatz_04_leinster_64kb_f000076,bonafide,0,3.9633536338806152,12.747879028320312,2.5712208199031767,0.8003831701131043
real__en__piratesofersatz_04_leinster_64kb_f000082,bonafide,0,-0.0991034880280494,11.856706619262695,2.4298273308894136,-0.8484520872958119
real__en__piratesofersatz_04_leinster_64kb_f000086,bonafide,0,-2.366304636001587,13.739953994750977,2.7424344123154185,-1.8409178524251655
real__en__piratesofersatz_04_leinster_64kb_f000090,bonafide,0,1.3561666011810305,13.863237380981444,2.680187264226633,-0.1417364867574502
real__en__piratesofersatz_04_leinster_64kb_f000092,bonafide,0,2.205089807510376,12.893397331237791,2.604945618073116,0.054378349390821305
real__en__piratesofersatz_04_leinster_64kb_f000093,bonafide,0,0.517149031162262,13.34084129333496,2.590585398554884,-0.4617702750024939
real__en__piratesofersatz_04_leinster_64kb_f000096,bonafide,0,2.812865972518921,13.3654146194458,2.667481309043453,0.3215710548302212
real__en__piratesofersatz_04_leinster_64kb_f000100,bonafide,0,6.128322601318359,12.311759948730469,2.4898406226946106,1.7215807385449937
real__en__piratesofersatz_04_leinster_64kb_f000112,bonafide,0,0.7347298860549927,12.63295841217041,2.618153994136688,-0.6607833688302366
real__en__piratesofersatz_04_leinster_64kb_f000118,bonafide,0,2.673471450805664,12.644107818603516,2.781954779501232,-0.2149706038297372
real__en__piratesofersatz_04_leinster_64kb_f000126,bonafide,0,-0.0281122867017984,12.835454940795898,2.5251244746046724,-0.7078431351389308
real__en__piratesofersatz_04_leinster_64kb_f000145,bonafide,0,1.4443126916885376,11.927474975585938,2.560470733717661,-0.47405448085531354
real__en__piratesofersatz_04_leinster_64kb_f000147,bonafide,0,0.6907645463943481,13.590089797973633,2.633399261689682,-0.4021093080500344
real__en__piratesofersatz_04_leinster_64kb_f000166,bonafide,0,1.582710027694702,13.196910858154297,2.526945008453919,0.06522014834377325
real__en__piratesofersatz_04_leinster_64kb_f000183,bonafide,0,1.313040256500244,12.490958213806152,2.615577444572375,-0.4641680490922331
real__en__piratesofersatz_04_leinster_64kb_f000229,bonafide,0,-0.7570217251777649,14.601390838623049,2.728498135390978,-0.8729347153843967
real__en__piratesofersatz_04_leinster_64kb_f000235,bonafide,0,0.8292245268821716,13.655317306518556,2.708170780075268,-0.48508565902285905
real__en__piratesofersatz_04_leinster_64kb_f000246,bonafide,0,0.2611541152000427,12.906590461730955,2.653393516520717,-0.8421638165262519
real__en__piratesofersatz_04_leinster_64kb_f000253,bonafide,0,-1.299935817718506,13.600220680236816,2.732366846093752,-1.4274554714923877
real__en__piratesofersatz_04_leinster_64kb_f000264,bonafide,0,-3.0953543186187744,12.133875846862791,2.2764955204429875,-1.656916487180504
real__en__piratesofersatz_04_leinster_64kb_f000265,bonafide,0,1.750547170639038,13.704392433166504,2.7138350959949453,-0.10384693343957956
real__en__piratesofersatz_04_leinster_64kb_f000272,bonafide,0,-2.3221938610076904,10.34037971496582,2.1630598880408285,-1.6760272484352783
real__en__piratesofersatz_04_leinster_64kb_f000274,bonafide,0,-0.7124578952789307,12.776885032653809,2.4497273069104546,-0.8450693843397873
real__en__piratesofersatz_04_leinster_64kb_f000283,bonafide,0,0.1437151730060577,13.638572692871094,2.7084554513950296,-0.7720298922462336
real__en__piratesofersatz_05_leinster_64kb_f000005,bonafide,0,0.550116240978241,12.42963695526123,2.4732268852098267,-0.4904918596842507
real__en__piratesofersatz_05_leinster_64kb_f000019,bonafide,0,0.9146768450737,13.219964027404783,2.5566833132503684,-0.26503860864144624
real__en__piratesofersatz_05_leinster_64kb_f000020,bonafide,0,0.920825183391571,12.42265510559082,2.384875610697984,-0.15082264713566584
real__en__piratesofersatz_05_leinster_64kb_f000027,bonafide,0,-2.090172290802002,13.087624549865724,2.557963946941968,-1.5419533371504348
real__en__piratesofersatz_05_leinster_64kb_f000028,bonafide,0,-2.436564683914185,11.376784324645996,2.310050627231368,-1.703910685507527
real__en__piratesofersatz_05_leinster_64kb_f000047,bonafide,0,1.0183186531066897,12.89791774749756,2.378832714253961,0.05579673453315047
real__en__piratesofersatz_05_leinster_64kb_f000054,bonafide,0,-0.3859300017356872,13.40407371520996,2.744170988896106,-1.1417096186476285
real__en__piratesofersatz_05_leinster_64kb_f000065,bonafide,0,6.008464336395264,14.230406761169434,2.7833897870644404,1.661516676067434
real__en__piratesofersatz_05_leinster_64kb_f000108,bonafide,0,-0.3025833964347839,11.851837158203123,2.519953693320785,-1.1272413743005527
real__en__piratesofersatz_05_leinster_64kb_f000112,bonafide,0,0.0951718911528587,13.603839874267578,2.6368335338694022,-0.6491197431268344
real__en__piratesofersatz_05_leinster_64kb_f000122,bonafide,0,-1.3856725692749023,12.819934844970703,2.7054798130473867,-1.6570623157249778
real__en__piratesofersatz_05_leinster_64kb_f000128,bonafide,0,-0.309367299079895,11.958636283874512,2.467143006223488,-0.981911958263697
real__en__piratesofersatz_05_leinster_64kb_f000149,bonafide,0,-3.62404990196228,12.860933303833008,2.636403058449145,-2.412520516874239
real__en__piratesofersatz_05_leinster_64kb_f000166,bonafide,0,3.24541449546814,12.093149185180664,2.606960979316521,0.21761163969120773
real__en__piratesofersatz_05_leinster_64kb_f000168,bonafide,0,1.2125792503356934,13.739559173583984,2.683737201594873,-0.24820241886374073
real__en__piratesofersatz_05_leinster_64kb_f000201,bonafide,0,-1.1096384525299072,14.165647506713867,2.686878941437843,-1.06881973244568
real__en__piratesofersatz_05_leinster_64kb_f000208,bonafide,0,3.871833086013794,11.647480964660645,2.4907543384705293,0.5801317900247251
real__en__piratesofersatz_05_leinster_64kb_f000217,bonafide,0,-1.2078142166137695,13.263325691223145,2.719115561963841,-1.4701370597815002
real__en__piratesofersatz_05_leinster_64kb_f000229,bonafide,0,-1.529426097869873,12.907556533813477,2.5775366782126867,-1.412479791015847
real__en__piratesofersatz_05_leinster_64kb_f000230,bonafide,0,-1.9523155689239504,12.863346099853516,2.336630539497916,-1.081968632300404
real__en__piratesofersatz_06_leinster_64kb_f000009,bonafide,0,-0.0873889401555061,13.176281929016112,2.5177925143729323,-0.6061632349369376
real__en__piratesofersatz_06_leinster_64kb_f000013,bonafide,0,1.9316740036010744,12.896862030029297,2.649371324688371,-0.1520895786401935
real__en__piratesofersatz_06_leinster_64kb_f000015,bonafide,0,-2.87862491607666,12.250314712524414,2.5778876397373605,-2.1786405187879065
real__en__piratesofersatz_06_leinster_64kb_f000017,bonafide,0,-0.2745735645294189,14.325016975402832,2.78492912258252,-0.8859557579363324
real__en__piratesofersatz_06_leinster_64kb_f000034,bonafide,0,-0.0805210396647453,12.195161819458008,2.440702850858821,-0.7547907070019821
real__en__piratesofersatz_06_leinster_64kb_f000035,bonafide,0,4.1584954261779785,14.30893611907959,2.839668189481452,0.8077666746520656
real__en__piratesofersatz_06_leinster_64kb_f000043,bonafide,0,-0.316008448600769,13.563767433166504,2.809508774405308,-1.2019393894389578
real__en__piratesofersatz_06_leinster_64kb_f000046,bonafide,0,0.6108925938606262,12.058564186096191,2.4036289206330905,-0.4358878039098582
real__en__piratesofersatz_06_leinster_64kb_f000082,bonafide,0,0.7309775948524475,12.815842628479004,2.6058117657821844,-0.5766436593450506
real__en__piratesofersatz_06_leinster_64kb_f000089,bonafide,0,-0.4661921858787536,12.56089973449707,2.400935733675692,-0.7090541910505663
real__en__piratesofersatz_06_leinster_64kb_f000110,bonafide,0,1.4770666360855105,11.29817008972168,2.316394660459686,-0.13918974585658117
real__en__piratesofersatz_06_leinster_64kb_f000111,bonafide,0,1.2476681470870972,8.24230670928955,1.887018618160773,-0.29784013783738716
real__en__piratesofersatz_06_leinster_64kb_f000117,bonafide,0,-1.812893629074097,12.233169555664062,2.5871349141281814,-1.767341236391753
real__en__piratesofersatz_06_leinster_64kb_f000124,bonafide,0,-4.463819980621338,13.556671142578123,2.6469671640686383,-2.5544139193504236
real__en__piratesofersatz_06_leinster_64kb_f000131,bonafide,0,1.5436007976531982,14.06940460205078,2.8888732109291184,-0.44707468901972325
real__en__piratesofersatz_06_leinster_64kb_f000133,bonafide,0,-1.028499722480774,12.89228343963623,2.600053801555112,-1.2605677714214336
real__en__piratesofersatz_06_leinster_64kb_f000139,bonafide,0,2.9287374019622803,13.95545768737793,2.769404653162606,0.3406374592863263
real__en__piratesofersatz_06_leinster_64kb_f000151,bonafide,0,3.1760544776916504,13.611934661865234,2.4314179240108214,1.057801953975191
real__en__piratesofersatz_06_leinster_64kb_f000162,bonafide,0,0.4203721582889557,12.855143547058104,2.407006366796532,-0.2636604459986259
real__en__piratesofersatz_06_leinster_64kb_f000166,bonafide,0,1.142054319381714,13.499199867248535,2.578210287823465,-0.12786966012580858
real__en__piratesofersatz_06_leinster_64kb_f000180,bonafide,0,-3.2963666915893555,13.378604888916016,2.563618842065206,-1.954321276736384
real__en__piratesofersatz_06_leinster_64kb_f000182,bonafide,0,-2.5409786701202397,13.631525039672852,2.708635342530123,-1.8748677599547148
real__en__piratesofersatz_06_leinster_64kb_f000188,bonafide,0,-0.2853363752365112,13.330151557922363,2.545537439728373,-0.6971984106666916
real__en__piratesofersatz_06_leinster_64kb_f000198,bonafide,0,-2.9312565326690674,12.480977058410645,2.5847599213905994,-2.140406349349587
real__en__piratesofersatz_06_leinster_64kb_f000201,bonafide,0,-0.955794394016266,13.447556495666504,2.5283741800709048,-0.8970745786768115
real__en__piratesofersatz_06_leinster_64kb_f000209,bonafide,0,-3.301713228225708,13.936370849609377,2.7654633257938435,-2.210260745943461
real__en__piratesofersatz_07_leinster_64kb_f000004,bonafide,0,2.277477979660034,12.622418403625488,2.4718097768359977,0.2827525893044437
real__en__piratesofersatz_07_leinster_64kb_f000031,bonafide,0,-1.2278282642364502,12.126036643981934,2.304015196256688,-0.9533347757832504
real__en__piratesofersatz_07_leinster_64kb_f000035,bonafide,0,2.478288412094116,12.298230171203612,2.433225914821993,0.34320106011354606
real__en__piratesofersatz_07_leinster_64kb_f000062,bonafide,0,0.9877956509590148,13.87262725830078,2.6988536749861813,-0.3298015245778484
real__en__piratesofersatz_07_leinster_64kb_f000064,bonafide,0,0.2582679688930511,12.843512535095217,2.5345722491958416,-0.6081996249752736
real__en__piratesofersatz_07_leinster_64kb_f000092,bonafide,0,3.847579479217529,13.827688217163086,2.5600423346216283,1.1261250530097582
real__en__piratesofersatz_07_leinster_64kb_f000145,bonafide,0,0.3312376141548157,13.268940925598145,2.647276826989068,-0.683127100932665
real__en__piratesofersatz_07_leinster_64kb_f000159,bonafide,0,-0.3278020024299621,14.009363174438477,2.7774052397271385,-0.9936504682506158
real__en__piratesofersatz_07_leinster_64kb_f000161,bonafide,0,1.7719193696975708,13.990623474121094,2.6771622064214617,0.07633135334959572
real__en__piratesofersatz_07_leinster_64kb_f000188,bonafide,0,4.09891939163208,14.309124946594238,2.691950695271668,1.1011018407416924
real__en__piratesofersatz_07_leinster_64kb_f000202,bonafide,0,1.47489333152771,12.104731559753418,2.5134556008445417,-0.3030958242966001
real__en__piratesofersatz_07_leinster_64kb_f000203,bonafide,0,3.482928991317749,13.00024127960205,2.5371512277607438,0.7583781028639955
real__en__piratesofersatz_07_leinster_64kb_f000220,bonafide,0,3.389028787612915,13.302923202514648,2.681851596850736,0.506567967615353
real__en__piratesofersatz_07_leinster_64kb_f000228,bonafide,0,6.720449924468994,12.772916793823242,2.6742054200723584,1.7168377590088102
real__en__piratesofersatz_07_leinster_64kb_f000235,bonafide,0,0.7997520565986633,12.970465660095217,2.556624606514804,-0.39268044494046694
real__en__piratesofersatz_08_leinster_64kb_f000012,bonafide,0,2.0819132328033447,12.896265983581545,2.410139047484973,0.42378880047206746
real__en__piratesofersatz_08_leinster_64kb_f000033,bonafide,0,3.4800617694854736,14.673834800720217,2.864042830592125,0.59531321672008
real__en__piratesofersatz_08_leinster_64kb_f000045,bonafide,0,3.0504696369171143,12.75656032562256,2.5718205603726965,0.42780569513667177
real__en__piratesofersatz_08_leinster_64kb_f000050,bonafide,0,0.9447430968284608,13.95807647705078,2.7421399473710064,-0.412908589917349
real__en__piratesofersatz_08_leinster_64kb_f000058,bonafide,0,2.835148334503174,13.0949068069458,2.596386508345143,0.3961362377624718
real__en__piratesofersatz_08_leinster_64kb_f000081,bonafide,0,2.404350519180298,12.653488159179688,2.630555487772566,0.0033844784459903937
real__en__piratesofersatz_08_leinster_64kb_f000084,bonafide,0,4.227427959442139,14.309893608093262,2.774539307864985,0.9763935916569967
real__en__piratesofersatz_08_leinster_64kb_f000086,bonafide,0,1.557680606842041,13.701577186584473,2.7358518769914317,-0.23114312970543271
real__en__piratesofersatz_08_leinster_64kb_f000088,bonafide,0,1.1153417825698853,12.96373176574707,2.75592012049988,-0.6941449972395509
real__en__piratesofersatz_08_leinster_64kb_f000097,bonafide,0,2.103773832321167,13.36898136138916,2.515683067229722,0.35860668539588125
real__en__piratesofersatz_08_leinster_64kb_f000103,bonafide,0,0.0296578612178564,12.085721015930176,2.5355351873554084,-0.948977290712252
real__en__piratesofersatz_08_leinster_64kb_f000108,bonafide,0,1.6937826871871948,13.520872116088867,2.7234439382547446,-0.20711320207329353
real__en__piratesofersatz_08_leinster_64kb_f000122,bonafide,0,1.6051068305969238,14.432024955749512,2.761141201753569,-0.02991421040920643
real__en__piratesofersatz_08_leinster_64kb_f000139,bonafide,0,0.034997634589672,13.062957763671877,2.5763700989662937,-0.7186316911872823
real__en__piratesofersatz_08_leinster_64kb_f000140,bonafide,0,-0.3757273852825165,11.040863037109377,2.486155795899301,-1.3467476758805415
real__en__piratesofersatz_08_leinster_64kb_f000157,bonafide,0,5.948967456817627,15.060589790344238,2.7646918903060658,1.945778364642883
real__en__piratesofersatz_08_leinster_64kb_f000166,bonafide,0,0.7261075973510742,12.506771087646484,2.482850354131288,-0.41412780220499074
real__en__piratesofersatz_08_leinster_64kb_f000176,bonafide,0,-0.1296657025814056,12.856127738952637,2.524953245002441,-0.7424065672467055
real__en__piratesofersatz_09_leinster_64kb_f000005,bonafide,0,3.381021499633789,13.443095207214355,2.577782895816628,0.7724246428905217
real__en__piratesofersatz_09_leinster_64kb_f000008,bonafide,0,1.7008249759674072,14.26134204864502,2.826403645420171,-0.18623432435271536
real__en__piratesofersatz_09_leinster_64kb_f000043,bonafide,0,1.7492083311080933,13.435961723327637,2.478515186931152,0.3149000873482107
real__en__piratesofersatz_09_leinster_64kb_f000045,bonafide,0,0.244324117898941,13.615008354187012,2.80249080970735,-0.9406569545043182
real__en__piratesofersatz_09_leinster_64kb_f000054,bonafide,0,1.2812058925628662,13.523350715637209,2.72407333123978,-0.3767369895504818
real__en__piratesofersatz_09_leinster_64kb_f000057,bonafide,0,1.0375648736953735,14.273215293884276,2.7749563277773057,-0.343550477136158
real__en__piratesofersatz_09_leinster_64kb_f000061,bonafide,0,-0.3370691239833832,12.179405212402344,2.3754623335030645,-0.7247081196164687
real__en__piratesofersatz_09_leinster_64kb_f000072,bonafide,0,-0.3726587295532226,12.668116569519045,2.5021095385393504,-0.8536463552506662
real__en__piratesofersatz_09_leinster_64kb_f000073,bonafide,0,1.8769530057907104,12.678982734680176,2.436777481803641,0.21225126425293994
real__en__piratesofersatz_09_leinster_64kb_f000093,bonafide,0,1.637694001197815,11.32075309753418,2.581247094025895,-0.635667411587388
real__en__piratesofersatz_09_leinster_64kb_f000103,bonafide,0,4.060140132904053,14.361981391906738,2.834614124472854,0.7954823511486481
real__en__piratesofersatz_09_leinster_64kb_f000110,bonafide,0,0.249175027012825,14.125381469726562,2.72762111444972,-0.6126273013661526
real__en__piratesofersatz_09_leinster_64kb_f000120,bonafide,0,-2.4605367183685303,12.873095512390137,2.6644397260928665,-1.9920838875874674
real__en__piratesofersatz_09_leinster_64kb_f000124,bonafide,0,-0.5261518359184265,13.248204231262209,2.666471772711688,-1.0824669165132519
real__en__piratesofersatz_09_leinster_64kb_f000134,bonafide,0,2.386354684829712,13.536870956420898,2.720873273429629,0.08740048722914766
real__en__piratesofersatz_09_leinster_64kb_f000155,bonafide,0,0.6624495387077332,12.544877052307127,2.575471247442755,-0.6270881119740814
real__en__piratesofersatz_09_leinster_64kb_f000158,bonafide,0,3.5086240768432617,14.587053298950195,2.7907819631622304,0.736516223723385
real__en__piratesofersatz_09_leinster_64kb_f000166,bonafide,0,5.039644718170166,14.639909744262695,2.8833433636817505,1.1819434922825587
real__en__piratesofersatz_09_leinster_64kb_f000176,bonafide,0,-0.3268516063690185,13.94955062866211,2.856601078831429,-1.1829229446947325
real__en__piratesofersatz_09_leinster_64kb_f000178,bonafide,0,1.3776321411132812,12.715213775634766,2.7043017871112984,-0.5560027245819997
real__en__piratesofersatz_09_leinster_64kb_f000191,bonafide,0,2.7886788845062256,13.849855422973633,2.7029005470766907,0.39212372594053335
real__en__piratesofersatz_09_leinster_64kb_f000198,bonafide,0,-0.9089022278785706,12.971293449401855,2.644336150617142,-1.2812460318814036
real__en__piratesofersatz_09_leinster_64kb_f000208,bonafide,0,-1.1936219930648804,11.431673049926758,2.414951746759016,-1.4024173668427233
real__en__piratesofersatz_09_leinster_64kb_f000209,bonafide,0,-3.816183567047119,12.890084266662598,2.6154434639001285,-2.4367534831267306
real__en__piratesofersatz_10_leinster_64kb_f000005,bonafide,0,3.8831067085266113,13.94211483001709,2.5756612047153027,1.1440918444528165
real__en__piratesofersatz_10_leinster_64kb_f000011,bonafide,0,5.193801403045654,13.82664394378662,2.6686988577745545,1.4437797437770976
real__en__piratesofersatz_10_leinster_64kb_f000015,bonafide,0,7.829832553863525,13.43890380859375,2.635307651202881,2.4704513798396834
real__en__piratesofersatz_10_leinster_64kb_f000023,bonafide,0,2.439947366714477,12.179256439208984,2.429542098766136,0.2969428460767961
real__en__piratesofersatz_10_leinster_64kb_f000026,bonafide,0,-0.7609046697616577,11.816479682922363,2.253899402495197,-0.7543026870247307
real__en__piratesofersatz_10_leinster_64kb_f000029,bonafide,0,5.4983625411987305,12.637925148010254,2.5353905563798764,1.4709268781692213
real__en__piratesofersatz_10_leinster_64kb_f000036,bonafide,0,1.339797019958496,13.054033279418944,2.648087382617123,-0.3410564746810709
real__en__piratesofersatz_10_leinster_64kb_f000040,bonafide,0,3.2330434322357178,12.743703842163086,2.4256382638204723,0.8128527531012555
real__en__piratesofersatz_10_leinster_64kb_f000042,bonafide,0,4.031207084655762,12.726009368896484,2.686268612889272,0.5736907421070572
real__en__piratesofersatz_10_leinster_64kb_f000055,bonafide,0,1.3953388929367063,12.220152854919434,2.497495959817247,-0.2640530266404163
real__en__piratesofersatz_10_leinster_64kb_f000058,bonafide,0,3.6174280643463135,12.79325008392334,2.602541226357114,0.6059359775860182
real__en__piratesofersatz_10_leinster_64kb_f000061,bonafide,0,-0.8767862915992737,11.98019027709961,2.700679227362369,-1.7097214987321194
real__en__piratesofersatz_10_leinster_64kb_f000074,bonafide,0,-1.219517707824707,13.055456161499023,2.661937061098724,-1.4191747146235751
real__en__piratesofersatz_10_leinster_64kb_f000105,bonafide,0,3.564944267272949,13.88429355621338,2.757341166293756,0.6042855437461678
real__en__piratesofersatz_10_leinster_64kb_f000129,bonafide,0,0.9758776426315308,12.4513578414917,2.416971475028672,-0.18800858800686038
real__en__piratesofersatz_10_leinster_64kb_f000130,bonafide,0,6.888134002685547,13.530899047851562,2.579302855619832,2.2347408339487047
real__en__piratesofersatz_10_leinster_64kb_f000137,bonafide,0,1.3677417039871216,12.593046188354492,2.6200527913378693,-0.41836756324321694
real__en__piratesofersatz_10_leinster_64kb_f000148,bonafide,0,1.3716667890548706,11.997762680053713,2.509410248782649,-0.37128457066073367
real__en__piratesofersatz_10_leinster_64kb_f000158,bonafide,0,2.949585199356079,13.244681358337402,2.552207127709607,0.5864739822571486
real__en__piratesofersatz_10_leinster_64kb_f000168,bonafide,0,-0.6928437352180481,11.326448440551758,2.235292939564967,-0.844842040284827
real__en__piratesofersatz_11_leinster_64kb_f000019,bonafide,0,2.1511597633361816,12.596617698669434,2.726173030514328,-0.32439956973295125
real__en__piratesofersatz_11_leinster_64kb_f000035,bonafide,0,6.818540573120117,13.86642837524414,2.813240981182791,1.8115935065326587
real__en__piratesofersatz_11_leinster_64kb_f000045,bonafide,0,2.9022762775421143,13.172146797180176,2.701917562819444,0.2216596585141623
real__en__piratesofersatz_11_leinster_64kb_f000049,bonafide,0,4.667349338531494,12.055508613586426,2.637024490763283,0.7234857807549164
real__en__piratesofersatz_11_leinster_64kb_f000060,bonafide,0,7.264542102813721,13.8964262008667,2.6753436560537502,2.300630178101541
real__en__piratesofersatz_11_leinster_64kb_f000063,bonafide,0,2.9308269023895264,12.149235725402832,2.6539292060699182,0.005818384612823316
real__en__piratesofersatz_11_leinster_64kb_f000084,bonafide,0,5.195376396179199,13.339326858520508,2.741534715986925,1.1302123676113365
real__en__piratesofersatz_11_leinster_64kb_f000087,bonafide,0,6.38796854019165,14.06447696685791,2.730651246557589,1.8768056729479343
real__en__piratesofersatz_11_leinster_64kb_f000094,bonafide,0,1.2518310546875,12.05894947052002,2.5658996915525947,-0.5220972807035228
real__en__piratesofersatz_11_leinster_64kb_f000098,bonafide,0,1.4897451400756836,12.613821029663086,2.5243215683443783,-0.15576996767082435
real__en__piratesofersatz_11_leinster_64kb_f000101,bonafide,0,5.714166641235352,14.567712783813477,2.8155020260205483,1.5809173229722124
real__en__piratesofersatz_11_leinster_64kb_f000104,bonafide,0,5.728429794311523,13.991732597351074,2.747367981249942,1.5470575867847567
real__en__piratesofersatz_11_leinster_64kb_f000105,bonafide,0,6.677812576293945,13.6148681640625,2.7014228398852627,1.9130659625416604
real__en__piratesofersatz_11_leinster_64kb_f000109,bonafide,0,2.5997536182403564,13.723362922668455,2.8438178029300447,-0.029259861894942188
real__en__piratesofersatz_11_leinster_64kb_f000113,bonafide,0,3.791547536849976,13.320578575134276,2.743085835898452,0.5455333563249293
real__en__piratesofersatz_11_leinster_64kb_f000130,bonafide,0,6.866590976715088,14.19047737121582,2.6828248494686577,2.2165409151313606
real__en__piratesofersatz_11_leinster_64kb_f000134,bonafide,0,3.2366888523101807,12.922605514526367,2.6360434584862658,0.41968544893649656
real__en__piratesofersatz_12_leinster_64kb_f000007,bonafide,0,1.0704894065856934,13.745049476623535,2.7834168767441225,-0.5190304846567493
real__en__piratesofersatz_12_leinster_64kb_f000008,bonafide,0,1.432965874671936,13.093079566955566,2.657142983039356,-0.3097266098674236
real__en__piratesofersatz_12_leinster_64kb_f000009,bonafide,0,1.6601779460906982,14.240975379943848,2.7187534565271045,0.02204085698756207
real__en__piratesofersatz_12_leinster_64kb_f000033,bonafide,0,-0.0336897745728492,13.44787311553955,2.684466190873986,-0.8547976460482899
real__en__piratesofersatz_12_leinster_64kb_f000043,bonafide,0,2.710667610168457,13.525606155395508,2.7665282703432417,0.11847198758689297
real__en__piratesofersatz_12_leinster_64kb_f000044,bonafide,0,0.3960164487361908,13.566187858581545,2.7740097532751093,-0.8330272092238011
real__en__piratesofersatz_12_leinster_64kb_f000063,bonafide,0,2.254814624786377,12.787602424621582,2.65322018567686,-0.06327383483441662
real__en__piratesofersatz_12_leinster_64kb_f000072,bonafide,0,0.1191914901137352,14.057337760925291,2.7909667742502475,-0.8241290885924155
real__en__piratesofersatz_12_leinster_64kb_f000073,bonafide,0,-2.011244773864746,13.830204963684082,2.7523211991955736,-1.687497661872437
real__en__piratesofersatz_12_leinster_64kb_f000081,bonafide,0,-2.442277669906616,12.98232078552246,2.6279761419064487,-1.8708643754718035
real__en__piratesofersatz_12_leinster_64kb_f000093,bonafide,0,1.6531050205230713,14.002989768981934,2.7142837559093813,-0.04819489176196298
real__en__piratesofersatz_12_leinster_64kb_f000104,bonafide,0,0.5211865901947021,13.46968936920166,2.7813402578250543,-0.8287002524675872
real__en__piratesofersatz_12_leinster_64kb_f000110,bonafide,0,1.4612590074539185,13.56704330444336,2.719293895310229,-0.2785458555861414
real__en__piratesofersatz_12_leinster_64kb_f000117,bonafide,0,-2.886902093887329,13.497983932495115,2.5432829203268352,-1.7041897458589674
real__en__piratesofersatz_12_leinster_64kb_f000181,bonafide,0,1.5076415538787842,12.693361282348633,2.6351175439225347,-0.361000562894517
real__en__piratesofersatz_12_leinster_64kb_f000182,bonafide,0,0.7102557420730591,12.065089225769045,2.513498814971957,-0.6293507953609176
real__en__piratesofersatz_12_leinster_64kb_f000189,bonafide,0,-2.152817964553833,12.014972686767578,2.516668877127741,-1.8256443653018453
real__en__piratesofersatz_12_leinster_64kb_f000193,bonafide,0,2.37195897102356,12.547930717468262,2.562181587662958,0.10302781206092321
real__en__piratesofersatz_12_leinster_64kb_f000215,bonafide,0,-0.3744537830352783,11.15574073791504,2.2135294698136283,-0.7227586093642167
real__en__piratesofersatz_12_leinster_64kb_f000228,bonafide,0,-2.900848388671875,12.750829696655272,2.701227846496451,-2.2911726331801012
real__en__silent_bullet_01_f000009,bonafide,0,-1.475106716156006,12.174427032470703,2.4676137207036155,-1.3908640722750276
real__en__silent_bullet_01_f000016,bonafide,0,4.536161422729492,12.94563102722168,2.837309258326917,0.526795458987442
real__en__silent_bullet_01_f000025,bonafide,0,4.365588665008545,13.426956176757812,2.8073088215312203,0.6770472642091923
real__en__silent_bullet_02_f000003,bonafide,0,-1.9503660202026367,13.069879531860352,2.380916410028238,-1.1096326168749904
real__en__silent_bullet_02_f000014,bonafide,0,0.0150334890931844,12.32933521270752,2.6294651971261658,-1.0782104797420062
real__en__silent_bullet_02_f000019,bonafide,0,-0.5740519762039185,12.752667427062988,2.601254626215568,-1.122063541769319
real__en__silent_bullet_02_f000043,bonafide,0,-0.9030091166496276,13.079354286193848,2.7007327731912683,-1.3651799448279767
real__en__silent_bullet_02_f000052,bonafide,0,-2.416809320449829,11.750287055969238,2.339286052394967,-1.637922070545203
real__en__silent_bullet_02_f000074,bonafide,0,0.6325076222419739,13.75290870666504,2.8338236756822406,-0.8043788998435216
real__en__silent_bullet_02_f000078,bonafide,0,-0.4700490236282348,13.344120979309082,2.632182712802185,-0.9547190441435323
real__en__silent_bullet_02_f000082,bonafide,0,-2.1262667179107666,13.426599502563477,2.619866193656983,-1.5802705946625095
real__en__silent_bullet_02_f000086,bonafide,0,1.7640671730041504,13.448851585388184,2.5583835007503115,0.15338848698765173
real__en__silent_bullet_02_f000103,bonafide,0,3.406707525253296,14.32814884185791,2.8497668882793032,0.48418178497769326
real__en__silent_bullet_02_f000119,bonafide,0,-0.4482615292072296,12.0380277633667,2.5279991315361383,-1.1440396317676227
real__en__silent_bullet_02_f000125,bonafide,0,6.506436824798584,13.064398765563965,2.6192804393062468,1.8415081116971876
real__en__silent_bullet_02_f000135,bonafide,0,4.842121601104736,13.601577758789062,2.76126934627955,1.0278043315556866
real__en__silent_bullet_02_f000159,bonafide,0,-1.9459327459335327,11.709006309509276,2.4555651404363275,-1.7083823668938634
real__en__silent_bullet_02_f000166,bonafide,0,-2.608922481536865,12.905274391174316,2.6096795013450023,-1.9247169817689493
real__en__silent_bullet_02_f000168,bonafide,0,3.966585874557495,11.89625644683838,2.209367334198186,1.3045635952067423
real__en__silent_bullet_02_f000173,bonafide,0,1.109476923942566,13.354680061340332,2.708809924754616,-0.46882217052752684
real__en__silent_bullet_02_f000197,bonafide,0,3.1964235305786133,13.743163108825684,2.7008151087618466,0.5292023982490991
real__en__silent_bullet_02_f000206,bonafide,0,-2.102179765701294,13.661148071289062,2.7277947796064272,-1.7266773569278486
real__en__silent_bullet_02_f000208,bonafide,0,-3.57480525970459,12.790337562561035,2.5640019383669395,-2.25945753043894
real__en__silent_bullet_02_f000211,bonafide,0,-1.4334373474121094,13.303681373596191,2.783621460970616,-1.6882769110352156
real__en__silent_bullet_02_f000215,bonafide,0,1.1703486442565918,13.275601387023926,2.649754494548038,-0.34243919142293755
real__en__silent_bullet_02_f000232,bonafide,0,-0.2317713648080825,14.46529769897461,2.82349977729525,-0.9060092433279139
real__en__silent_bullet_02_f000234,bonafide,0,0.2794039845466614,13.40302276611328,2.6931122371548653,-0.7595900666514681
real__en__silent_bullet_02_f000283,bonafide,0,-2.5495758056640625,13.610857009887695,2.800982915160121,-2.0836805309957693
real__en__silent_bullet_02_f000308,bonafide,0,2.083146810531616,12.85659408569336,2.5514890701441555,0.10747298611491791
real__en__silent_bullet_03_f000006,bonafide,0,3.168783664703369,13.174344062805176,2.695563146257731,0.3452494257066305
real__en__silent_bullet_03_f000008,bonafide,0,-0.70674729347229,11.72575855255127,2.4797100224304,-1.247081683483066
real__en__silent_bullet_03_f000011,bonafide,0,1.5205661058425903,15.071081161499023,2.817173852591316,0.021566933877830638
real__en__silent_bullet_03_f000018,bonafide,0,3.2790277004241943,13.991602897644045,2.722585193117685,0.5965636636604408
real__en__silent_bullet_03_f000022,bonafide,0,-0.9591674208641052,12.970744132995604,2.519563559869172,-1.033680370389617
real__en__silent_bullet_03_f000035,bonafide,0,1.7582263946533203,14.29860496520996,2.8595444596370414,-0.2219371513775208
real__en__silent_bullet_03_f000037,bonafide,0,-3.9461843967437744,13.238288879394531,2.636637856937881,-2.423020558022896
real__en__silent_bullet_03_f000041,bonafide,0,0.8179421424865723,12.88687229156494,2.6628066227856864,-0.6406151766411875
real__en__silent_bullet_03_f000045,bonafide,0,-1.6434152126312256,14.27736473083496,2.865169568252704,-1.634875869125523
real__en__silent_bullet_03_f000048,bonafide,0,-1.9779877662658687,13.49130630493164,2.5949698480153702,-1.4450412646756359
real__en__silent_bullet_03_f000057,bonafide,0,-0.8507802486419678,13.701546669006348,2.725062374945735,-1.1949221016373146
real__en__silent_bullet_03_f000066,bonafide,0,-2.5778658390045166,12.606051445007324,2.59021306977871,-1.966875216154017
real__en__silent_bullet_03_f000079,bonafide,0,-0.6132811903953552,12.982992172241213,2.829771307805506,-1.55512493315279
real__en__silent_bullet_03_f000080,bonafide,0,2.178908109664917,14.346161842346191,2.757533126528693,0.18522306913705278
real__en__silent_bullet_03_f000087,bonafide,0,-0.873669445514679,13.297882080078123,2.7345139264609197,-1.3551494402255935
real__en__silent_bullet_03_f000095,bonafide,0,0.3461874425411224,14.45319652557373,2.793796479995294,-0.6091965313926346
real__en__silent_bullet_03_f000101,bonafide,0,-0.7044315338134766,13.594208717346191,2.696117411709631,-1.1074054206111696
real__en__silent_bullet_03_f000105,bonafide,0,-1.5304840803146362,11.555225372314451,2.5268360473699145,-1.7411357495039252
real__en__silent_bullet_03_f000116,bonafide,0,-1.6094598770141602,11.73134708404541,2.476491104531084,-1.6082784012476037
real__en__silent_bullet_03_f000123,bonafide,0,0.5968993902206421,14.118264198303224,2.6955267829807195,-0.4034095915108832
real__en__silent_bullet_03_f000134,bonafide,0,-1.1676008701324463,13.375988960266112,2.654765329026875,-1.2788348553307438
real__en__silent_bullet_03_f000171,bonafide,0,-4.269764423370361,13.868365287780762,2.7554341609907675,-2.607382269902509
real__en__silent_bullet_03_f000175,bonafide,0,1.4912798404693604,13.08410358428955,2.5980949067330057,-0.16174065999122678
real__en__silent_bullet_03_f000183,bonafide,0,-1.771710991859436,13.621387481689451,2.6958459763642435,-1.5353987290969284
real__en__silent_bullet_03_f000186,bonafide,0,2.50001072883606,13.37466812133789,2.69539342257814,0.13632770782556897
real__en__silent_bullet_03_f000194,bonafide,0,-1.7067803144454956,13.252046585083008,2.657788182535349,-1.5463640130089769
real__en__silent_bullet_03_f000198,bonafide,0,-0.6274197697639465,13.468215942382812,2.665984981634683,-1.0517806386186572
real__en__silent_bullet_03_f000201,bonafide,0,0.2336736470460891,13.519659042358398,2.8320189072841293,-1.0393560983202021
real__en__silent_bullet_03_f000202,bonafide,0,-0.6327434182167053,13.239879608154297,2.6010594707956742,-0.9881605124465811
real__en__silent_bullet_03_f000207,bonafide,0,-0.9012855291366576,12.761104583740234,2.476376162130305,-0.9848645583677904
real__en__silent_bullet_03_f000215,bonafide,0,4.230135440826416,12.90583610534668,2.699709141044382,0.6844496399465436
real__en__silent_bullet_03_f000224,bonafide,0,-1.2944450378417969,14.066370010375977,2.643442452721776,-1.0832362014495736
real__en__silent_bullet_03_f000250,bonafide,0,-1.5335495471954346,12.620444297790527,2.668196839218777,-1.7019820697001384
real__en__silent_bullet_03_f000263,bonafide,0,0.5090115070343018,12.710180282592772,2.617139348481941,-0.7261304795614905
real__en__silent_bullet_03_f000267,bonafide,0,0.2118174433708191,12.878888130187988,2.537219557701717,-0.6214898960789248
real__en__silent_bullet_04_f000016,bonafide,0,-0.5373197197914124,11.23147201538086,2.255078992638454,-0.8543715713865068
real__en__silent_bullet_04_f000018,bonafide,0,3.9394843578338623,13.891847610473633,2.8235276832480025,0.6178686905880828
real__en__silent_bullet_04_f000027,bonafide,0,4.879724979400635,11.519036293029783,2.448685191959263,1.0421047892669062
real__en__silent_bullet_04_f000054,bonafide,0,-1.8277764320373533,12.63769245147705,2.3206748855255226,-1.0695808851595088
real__en__silent_bullet_04_f000071,bonafide,0,-0.9708995223045348,12.911788940429688,2.562542124507605,-1.149982311722545
real__en__silent_bullet_04_f000072,bonafide,0,-2.1083321571350098,12.33982753753662,2.418492903997365,-1.4912343097374798
real__en__silent_bullet_04_f000086,bonafide,0,2.0948073863983154,12.63560390472412,2.569224547189205,0.002653930674133248
real__en__silent_bullet_04_f000097,bonafide,0,-0.9994248747825624,12.740789413452148,2.472197900082179,-1.0226642278007434
real__en__silent_bullet_04_f000110,bonafide,0,-1.5409748554229736,12.213491439819336,2.4087257065916368,-1.2785781415679844
real__en__silent_bullet_04_f000122,bonafide,0,1.9196785688400269,12.764381408691406,2.4999482076855424,0.12151481912084937
real__en__silent_bullet_04_f000141,bonafide,0,0.0862437114119529,12.757051467895508,2.7385312587616664,-1.1452940411084256
real__en__silent_bullet_04_f000147,bonafide,0,-0.5348320007324219,12.84954833984375,2.542652043450169,-0.9486326281059145
real__en__silent_bullet_04_f000151,bonafide,0,2.329096794128418,12.979418754577637,2.78982097706724,-0.2645916487095513
real__en__silent_bullet_04_f000172,bonafide,0,-0.2793136835098266,12.443367958068848,2.6329257014724003,-1.1694033469953047
real__en__silent_bullet_04_f000189,bonafide,0,1.1538900136947632,12.090581893920898,2.460555517347734,-0.32544694059278917
real__en__silent_bullet_04_f000202,bonafide,0,-1.849842548370361,13.589959144592283,2.715880188241892,-1.6206651007018487
real__en__silent_bullet_04_f000216,bonafide,0,-1.672862529754639,12.6962890625,2.465197827983104,-1.2979691583624517
real__en__silent_bullet_04_f000223,bonafide,0,-2.6253468990325928,11.355335235595703,2.4912435460372806,-2.177889703267855
real__en__silent_bullet_04_f000238,bonafide,0,1.264750599861145,13.465693473815918,2.7067498163993826,-0.36486636696908215
real__en__silent_bullet_04_f000243,bonafide,0,1.3116228580474854,12.656862258911133,2.6461427975635665,-0.4768408824744349
real__en__silent_bullet_04_f000265,bonafide,0,1.98026180267334,13.090006828308104,2.54288460105777,0.15928792473518438
real__en__silent_bullet_04_f000278,bonafide,0,-2.7694785594940186,12.059045791625977,2.212914718710624,-1.4108301500033968
real__en__silent_bullet_05_f000007,bonafide,0,2.281621217727661,13.441085815429688,2.7863046862960967,-0.12720957104522967
real__en__silent_bullet_05_f000014,bonafide,0,-0.4620806872844696,13.198759078979492,2.6233116774404595,-0.9793763918735916
real__en__silent_bullet_05_f000015,bonafide,0,-1.5672980546951294,11.593060493469238,2.492262287551166,-1.6696324165530259
real__en__silent_bullet_05_f000030,bonafide,0,-3.4684700965881348,13.766826629638672,2.6200471260707814,-2.0206782699399124
real__en__silent_bullet_05_f000057,bonafide,0,-2.8082306385040283,12.000935554504396,2.438253143671026,-1.9301230102884035
real__en__silent_bullet_05_f000083,bonafide,0,1.8252713680267332,12.892010688781738,2.804218838460195,-0.530283576318504
real__en__silent_bullet_05_f000095,bonafide,0,3.219085454940796,14.10524082183838,2.7813749988906427,0.4823071980939923
real__en__silent_bullet_05_f000100,bonafide,0,2.9356935024261475,11.783147811889648,2.441662455129696,0.3459527880469292
real__en__silent_bullet_05_f000107,bonafide,0,1.6381924152374268,12.762555122375488,2.576247732288066,-0.15852037167129973
real__en__silent_bullet_05_f000111,bonafide,0,0.4527599215507507,11.90960693359375,2.559418893924078,-0.8839024442463612
real__en__silent_bullet_05_f000127,bonafide,0,-1.0917600393295288,13.17719554901123,2.5526407521623216,-1.0923995872795864
real__en__silent_bullet_05_f000128,bonafide,0,3.16670823097229,14.014785766601562,2.8502123456311663,0.2835508963772313
real__en__silent_bullet_05_f000137,bonafide,0,2.636296033859253,13.955201148986816,2.8475590688315027,0.052631231060316294
real__en__silent_bullet_05_f000166,bonafide,0,-0.8438356518745422,11.928851127624512,2.469196411769349,-1.2149808899724432
real__en__silent_bullet_05_f000179,bonafide,0,2.327266216278076,14.0684232711792,2.7868878337388887,0.0930840587788022
real__en__silent_bullet_05_f000182,bonafide,0,-0.2874821424484253,12.904224395751951,2.6005190503757434,-0.9540426070402925
real__en__silent_bullet_05_f000187,bonafide,0,-0.8709490895271301,12.675600051879885,2.595470830514645,-1.2562102803389417
real__en__silent_bullet_05_f000188,bonafide,0,0.216988980770111,14.158811569213867,2.803873274751246,-0.7789991009045192
real__en__silent_bullet_05_f000192,bonafide,0,-0.169215053319931,12.13584327697754,2.4892983516877845,-0.9148287266602024
real__en__silent_bullet_05_f000207,bonafide,0,3.2366843223571777,13.196365356445312,2.74808318502229,0.267243063929626
real__en__silent_bullet_05_f000229,bonafide,0,-0.3211856484413147,12.526272773742676,2.6739783793342493,-1.248045647568581
real__en__silent_bullet_05_f000237,bonafide,0,-0.8295749425888062,12.517585754394531,2.386619625299644,-0.8411825913276004
real__en__silent_bullet_05_f000240,bonafide,0,0.6199649572372437,13.474035263061523,2.659771193390417,-0.5253642294024189
real__en__silent_bullet_05_f000253,bonafide,0,2.074159383773804,13.238786697387695,2.646043533422511,0.02401462344540635
real__en__silent_bullet_05_f000282,bonafide,0,2.622581720352173,13.0968656539917,2.5694703730160025,0.367548102323657
real__en__silent_bullet_05_f000288,bonafide,0,1.394792079925537,12.836644172668455,2.794502233359743,-0.7036967108745076
real__en__silent_bullet_06_f000002,bonafide,0,-3.4108104705810547,11.77430248260498,2.3964172503225765,-2.16036191795979
real__en__silent_bullet_06_f000011,bonafide,0,2.070568799972534,13.579681396484377,2.768892078979297,-0.13143592597016984
real__en__silent_bullet_06_f000016,bonafide,0,2.5353105068206787,15.07180118560791,2.7742365174015133,0.5299792115296706
real__en__silent_bullet_06_f000034,bonafide,0,-0.4904433488845825,12.399503707885742,2.486335277534651,-0.9548420038352625
real__en__silent_bullet_06_f000039,bonafide,0,-0.8668369054794312,13.63129425048828,2.7519476118688075,-1.2820380057396101
real__en__silent_bullet_06_f000041,bonafide,0,1.6350758075714111,14.6022310256958,2.810042489612123,-0.06776817757126126
real__en__silent_bullet_06_f000045,bonafide,0,-1.1763665676116943,13.631669998168944,2.661675334817258,-1.2146162932529645
real__en__silent_bullet_06_f000058,bonafide,0,3.9764328002929688,14.638248443603516,2.810112442433134,0.9032019408185709
real__en__silent_bullet_06_f000060,bonafide,0,-1.0735251903533936,12.725164413452148,2.607026532493194,-1.3480509381429229
real__en__silent_bullet_06_f000066,bonafide,0,1.2282233238220217,12.241228103637695,2.730103562417181,-0.8259781775547437
real__en__silent_bullet_06_f000074,bonafide,0,-1.598253846168518,12.374337196350098,2.578888135277458,-1.6160021631393646
real__en__silent_bullet_06_f000090,bonafide,0,-1.2151505947113037,13.317039489746094,2.7365560126711,-1.4932839301387486
real__en__silent_bullet_06_f000104,bonafide,0,1.5515358448028564,9.785426139831545,1.78893480522775,0.53657747554957
real__en__silent_bullet_06_f000137,bonafide,0,-1.4948829412460327,11.718196868896484,2.3927598428863184,-1.3855011077056412
real__en__silent_bullet_06_f000145,bonafide,0,3.7401282787323,12.648042678833008,2.4815899197055264,0.8693900331825793
real__en__silent_bullet_06_f000147,bonafide,0,0.4361074566841125,13.156889915466309,2.653594701420355,-0.6899700195836882
real__en__silent_bullet_06_f000153,bonafide,0,1.3766640424728394,12.103278160095217,2.405419493732137,-0.11147215149528912
real__en__silent_bullet_06_f000154,bonafide,0,1.8674722909927368,12.94541072845459,2.5921138527903484,-0.03956083288055755
real__en__silent_bullet_06_f000162,bonafide,0,-2.893696546554565,12.483402252197266,2.5064481020494225,-1.9558093251624278
real__en__silent_bullet_06_f000166,bonafide,0,2.882204055786133,13.50111484527588,2.672364791324008,0.383359949737899
real__en__silent_bullet_06_f000168,bonafide,0,1.981785774230957,14.281030654907228,2.862410673659404,-0.14217046726037674
real__en__silent_bullet_06_f000178,bonafide,0,-1.6249306201934814,12.19426727294922,2.409495847469924,-1.3208549591993792
real__en__silent_bullet_06_f000183,bonafide,0,4.263608932495117,13.119019508361816,2.749017597455916,0.6610523786930276
real__en__silent_bullet_06_f000194,bonafide,0,0.0075227529741823,13.826190948486328,2.7236932256793307,-0.7999475120084968
real__en__silent_bullet_06_f000196,bonafide,0,-3.6558055877685542,13.382332801818848,2.6775532404167475,-2.3454444550832108
real__en__silent_bullet_06_f000222,bonafide,0,1.9858603477478027,13.018545150756836,2.637735053850175,-0.06551391770491256
real__en__silent_bullet_06_f000223,bonafide,0,0.4253072440624237,14.236893653869627,2.7720415577752786,-0.5999257242624267
real__en__silent_bullet_06_f000229,bonafide,0,0.9693275690078736,14.14914608001709,2.798433744653776,-0.46212177128035703
real__en__silent_bullet_06_f000231,bonafide,0,4.842813014984131,14.62709617614746,2.7821860702968406,1.314693379708591
real__en__silent_bullet_06_f000244,bonafide,0,1.0404094457626345,12.595221519470217,2.718675866183074,-0.7639063993229607
real__en__silent_bullet_06_f000245,bonafide,0,3.5448873043060303,12.873345375061035,2.6597725979127684,0.47902270892664844
real__en__silent_bullet_06_f000251,bonafide,0,4.092433452606201,14.761564254760742,2.759221077258655,1.100060474153427
real__en__silent_bullet_06_f000271,bonafide,0,-3.175072431564331,12.732559204101562,2.690548545676523,-2.386488249012632
real__en__silent_bullet_06_f000273,bonafide,0,0.2709537148475647,13.032859802246094,2.6497896187187826,-0.7895694763843565
real__en__silent_bullet_06_f000275,bonafide,0,0.6237162351608276,12.648358345031738,2.6159937006013134,-0.69665070233765
real__en__silent_bullet_06_f000294,bonafide,0,0.421400249004364,13.087041854858398,2.6329805386440035,-0.6742477912062602
real__en__silent_bullet_06_f000312,bonafide,0,3.3980014324188232,14.226128578186035,2.7614194913134145,0.6376309107518762
real__en__silent_bullet_06_f000323,bonafide,0,-0.1134629622101783,12.298081398010254,2.3247712861736605,-0.48568444807197675
real__en__silent_bullet_06_f000339,bonafide,0,2.8296797275543213,13.572509765625,2.7445963405862006,0.22957605934253655
real__en__silent_bullet_06_f000349,bonafide,0,3.616882085800171,12.937064170837402,2.5625792734089328,0.7381569647315295
real__en__silent_bullet_06_f000353,bonafide,0,0.1362182945013046,13.45796012878418,2.643467266882896,-0.6937345946772852
real__en__silent_bullet_06_f000355,bonafide,0,4.351996421813965,12.389772415161133,2.7878667946393096,0.37792811685811684
real__en__silent_bullet_07_f000027,bonafide,0,2.1957082748413086,13.439943313598633,2.7087708897930742,0.003962124958174593
real__en__silent_bullet_07_f000055,bonafide,0,-2.6426796913146973,13.128875732421877,2.451332686474174,-1.5257035074641354
real__en__silent_bullet_07_f000078,bonafide,0,0.7079110741615295,12.935477256774902,2.703451242897875,-0.7574015827501319
real__en__silent_bullet_07_f000093,bonafide,0,0.9939720630645752,10.921072959899902,2.3688417837781035,-0.5718845735509687
real__en__silent_bullet_07_f000105,bonafide,0,2.5807578563690186,13.648978233337402,2.6729477972758686,0.3063851908640774
real__en__silent_bullet_07_f000107,bonafide,0,0.213714525103569,13.49954319000244,2.589277709605024,-0.5319891018977687
real__en__silent_bullet_07_f000129,bonafide,0,-0.3483854830265045,13.508533477783203,2.734824419948061,-1.0724470055341329
real__en__silent_bullet_07_f000145,bonafide,0,-0.4282230734825134,13.110003471374512,2.7742379754309985,-1.3187889216391915
real__en__silent_bullet_07_f000158,bonafide,0,3.2395496368408203,12.247382164001465,2.498758103291636,0.4977838793373361
real__en__silent_bullet_07_f000171,bonafide,0,1.014474391937256,13.653131484985352,2.655557159437551,-0.2967248141369452
real__en__silent_bullet_07_f000177,bonafide,0,-3.4288642406463623,11.175603866577148,2.137402791845574,-1.8042945135868074
real__en__silent_bullet_07_f000195,bonafide,0,-0.7304022312164307,11.7794189453125,2.570781535439181,-1.4352874198935992
real__en__silent_bullet_07_f000208,bonafide,0,0.3935288190841675,13.223910331726074,2.5001232443817085,-0.3556854162877734
real__en__silent_bullet_07_f000210,bonafide,0,0.811358630657196,14.381512641906738,2.810570718402184,-0.4778256837490872
real__en__silent_bullet_07_f000213,bonafide,0,2.190654754638672,14.009990692138672,2.7861355305396307,0.01982586368450444
real__en__silent_bullet_07_f000227,bonafide,0,0.8359100222587585,12.248496055603027,2.4215842397073795,-0.3208800856489033
real__en__silent_bullet_07_f000236,bonafide,0,-1.7316761016845703,11.867934226989746,2.448164532710487,-1.553277524668062
real__en__silent_bullet_07_f000260,bonafide,0,2.7302029132843018,13.330097198486328,2.596338643889535,0.4292793870916624
real__en__silent_bullet_07_f000266,bonafide,0,-0.2951328456401825,14.860060691833496,2.7424787423784487,-0.6300845546718834
real__en__silent_bullet_07_f000269,bonafide,0,0.045800469815731,10.85431671142578,2.3228653030910573,-0.8831456493344559
real__en__silent_bullet_07_f000290,bonafide,0,1.4394789934158323,13.732461929321287,2.639677154177298,-0.06275745426328373
real__en__silent_bullet_07_f000299,bonafide,0,1.7877812385559082,11.07443618774414,2.3991071424875727,-0.26208785347897834
real__en__silent_bullet_07_f000300,bonafide,0,2.397430181503296,13.170902252197266,2.634651437723819,0.15903982061376506
real__en__silent_bullet_07_f000304,bonafide,0,-0.0216289851814508,12.222886085510254,2.560659921908748,-0.9796779288944837
real__en__silent_bullet_07_f000311,bonafide,0,2.369618654251098,13.028721809387209,2.632696547917462,0.10587459829539028
real__en__silent_bullet_07_f000319,bonafide,0,-0.5098024606704712,12.41867446899414,2.432675419397101,-0.8411732449322828
real__en__silent_bullet_07_f000323,bonafide,0,3.743205308914185,12.836655616760254,2.5093911884107114,0.8718462300793812
real__en__silent_bullet_07_f000325,bonafide,0,2.1961233615875244,13.49668025970459,2.535967890778552,0.3941155654982904
real__en__silent_bullet_08_f000005,bonafide,0,-1.7048628330230713,11.558695793151855,2.1781166171180573,-1.0615010162191953
real__en__silent_bullet_08_f000034,bonafide,0,-2.1989762783050537,12.523816108703612,2.3975245088015087,-1.4237934641175747
real__en__silent_bullet_08_f000039,bonafide,0,-0.7136602401733398,14.01780128479004,2.730523860040511,-1.0482193505484567
real__en__silent_bullet_08_f000053,bonafide,0,-3.496382713317871,13.278314590454102,2.7104775466231605,-2.3845555496095554
real__en__silent_bullet_08_f000055,bonafide,0,-4.366160392761231,12.804078102111816,2.618874843361648,-2.697319681395873
real__en__silent_bullet_08_f000070,bonafide,0,0.377786636352539,12.770909309387209,2.4497568695263405,-0.40028916552705374
real__en__silent_bullet_08_f000103,bonafide,0,-0.3289112448692322,13.229145050048828,2.6752106289719064,-1.026595612608038
real__en__silent_bullet_08_f000112,bonafide,0,-0.2192353457212448,12.37045192718506,2.4764670441998,-0.831873013057894
real__en__silent_bullet_08_f000113,bonafide,0,2.7591259479522705,12.734776496887209,2.5015554363505133,0.45248655610881555
real__en__silent_bullet_08_f000114,bonafide,0,-1.734656572341919,13.759860038757324,2.7387608717850496,-1.5677351965266522
real__en__silent_bullet_08_f000122,bonafide,0,-2.567978620529175,13.237700462341309,2.656312427274341,-1.9007429953219608
real__en__silent_bullet_08_f000130,bonafide,0,0.2347391992807388,13.157320022583008,2.6354131708509727,-0.7332484760227089
real__en__silent_bullet_08_f000138,bonafide,0,3.722720623016357,11.71174430847168,2.4155445067479424,0.7015549239600413
real__en__silent_bullet_08_f000139,bonafide,0,4.449691295623779,13.99992561340332,2.852922749561301,0.7986760413733416
real__en__silent_bullet_08_f000173,bonafide,0,0.935335338115692,13.045607566833496,2.682550091199181,-0.5836440083980445
real__en__silent_bullet_08_f000186,bonafide,0,0.1706583052873611,12.624556541442873,2.599143702980581,-0.8537689286556112
real__en__silent_bullet_08_f000193,bonafide,0,-1.9602293968200684,11.708144187927246,2.368969261398198,-1.528282734528615
real__en__silent_bullet_08_f000224,bonafide,0,0.2985808849334717,13.750329971313477,2.731051442855279,-0.7210272900788648
real__en__silent_bullet_08_f000227,bonafide,0,1.7720054388046265,13.551680564880373,2.654567318213157,-0.016967166434237818
real__en__silent_bullet_08_f000248,bonafide,0,-1.561628818511963,12.380454063415527,2.633371744522048,-1.7161905669560122
real__en__silent_bullet_08_f000257,bonafide,0,-3.0159714221954346,13.27572536468506,2.752484036388068,-2.278864030886527
real__en__silent_bullet_08_f000266,bonafide,0,-2.8056304454803467,12.874465942382812,2.735570263182661,-2.286034813405106
real__en__silent_bullet_08_f000278,bonafide,0,3.15369725227356,13.908905982971191,2.8048368065278706,0.3415707191601062
real__en__silent_bullet_08_f000288,bonafide,0,0.0888245031237602,13.585689544677734,2.6011073334039065,-0.5807551692504814
real__en__silent_bullet_08_f000294,bonafide,0,-0.3311465680599212,11.273724555969238,2.599997730765542,-1.498019178306945
real__en__silent_bullet_08_f000297,bonafide,0,1.5569368600845337,12.754840850830078,2.768723128484145,-0.6082591892941267
real__en__silent_bullet_08_f000298,bonafide,0,-0.8099851608276367,14.034825325012209,2.6531574639338262,-0.9158004896154336
real__en__silent_bullet_08_f000314,bonafide,0,2.682569742202759,14.795133590698242,2.85548058957547,0.326140526301569
real__en__silent_bullet_08_f000323,bonafide,0,-0.2028042525053024,13.108114242553713,2.5813266795033347,-0.8121405419912532
real__en__silent_bullet_09_f000012,bonafide,0,3.3260245323181152,13.41691780090332,2.680025553269028,0.5215352650533118
real__en__silent_bullet_09_f000048,bonafide,0,3.735433578491211,13.894475936889648,2.7890715823418906,0.6092025608294882
real__en__silent_bullet_09_f000052,bonafide,0,3.5717406272888184,14.070137977600098,2.7339463492022964,0.7174753853467171
real__en__silent_bullet_09_f000078,bonafide,0,1.1944578886032104,12.968964576721191,2.4361060551700398,0.027775125208546733
real__en__silent_bullet_09_f000080,bonafide,0,0.8458257913589478,13.087299346923828,2.679082077103999,-0.5993854573199643
real__en__silent_bullet_09_f000105,bonafide,0,0.1286287605762481,12.884747505187988,2.504816322410381,-0.5839976917862211
real__en__silent_bullet_09_f000108,bonafide,0,0.8066577315330505,13.341010093688965,2.6494996216144413,-0.46978031804967124
real__en__silent_bullet_09_f000124,bonafide,0,-2.343456506729126,13.5994234085083,2.70447337807659,-1.7953531053226306
real__en__silent_bullet_09_f000127,bonafide,0,-0.2800813913345337,14.25015926361084,2.809256055090952,-0.9647358760066485
real__en__silent_bullet_09_f000157,bonafide,0,-2.428727149963379,11.014705657958984,2.0053996880263494,-1.1625767845637613
real__en__silent_bullet_09_f000158,bonafide,0,1.0999363660812378,13.468698501586914,2.5161730484994624,-0.021571503253734206
real__en__silent_bullet_09_f000164,bonafide,0,2.518876314163208,13.52111530303955,2.809642457449904,-0.054298409739596834
real__en__silent_bullet_09_f000183,bonafide,0,0.3401121497154236,11.46772289276123,2.2016302734418267,-0.3034665908863474
real__en__silent_bullet_09_f000197,bonafide,0,-1.2803444862365725,12.38231372833252,2.618521370908123,-1.5683826559949015
real__en__silent_bullet_09_f000204,bonafide,0,-1.8394856452941892,12.793693542480469,2.415686077610512,-1.2282734398285322
real__en__silent_bullet_09_f000208,bonafide,0,0.9210302829742432,13.15372371673584,2.575738262040648,-0.3248335352652229
real__en__silent_bullet_09_f000213,bonafide,0,-0.1570421904325485,13.081263542175291,2.7550326242738845,-1.1756493761988556
real__en__silent_bullet_09_f000227,bonafide,0,0.4516231715679168,11.903365135192873,2.354943037054328,-0.44663132342607426
real__en__silent_bullet_09_f000237,bonafide,0,3.1991331577301025,13.557361602783203,2.6153006862119623,0.6541471463816607
real__en__silent_bullet_09_f000238,bonafide,0,1.0456664562225342,13.605469703674316,2.7767755730790964,-0.5600512900952443
real__en__silent_bullet_09_f000245,bonafide,0,-3.756677865982056,13.37467098236084,2.6113432476700345,-2.2468644519988734
real__en__silent_bullet_09_f000257,bonafide,0,0.2258573323488235,13.332530975341797,2.6848165900271783,-0.7864849296222733
real__en__silent_bullet_09_f000270,bonafide,0,4.160686492919922,13.509998321533203,2.784414666124395,0.6691675171878688
real__en__silent_bullet_09_f000279,bonafide,0,1.9899260997772217,13.868023872375488,2.800456852631851,-0.13913510634220194
real__en__silent_bullet_09_f000280,bonafide,0,5.265535831451416,13.669923782348633,2.672794429178724,1.4136942265055132
real__en__silent_bullet_09_f000283,bonafide,0,1.3956091403961182,11.58405590057373,2.356352086177276,-0.1660667836801918
real__en__silent_bullet_09_f000291,bonafide,0,-0.8443446159362793,12.96857738494873,2.7661729500193024,-1.5176967192008677
real__en__silent_bullet_09_f000294,bonafide,0,-0.3837965130805969,13.24323558807373,2.5907170213943487,-0.8628154262421638
real__en__silent_bullet_09_f000304,bonafide,0,-1.59913969039917,13.232080459594728,2.6230656457936554,-1.4340334458850803
real__en__silent_bullet_09_f000325,bonafide,0,-0.7578657865524292,13.402271270751951,2.7148504750289413,-1.2316515356009798
real__en__silent_bullet_10_f000059,bonafide,0,2.2789666652679443,13.78962516784668,2.786670077790644,-0.016386826774738808
real__en__silent_bullet_10_f000079,bonafide,0,1.3811819553375244,13.697575569152832,2.754592897065434,-0.3450704471159964
real__en__silent_bullet_10_f000095,bonafide,0,0.9053013920783995,12.721153259277344,2.5941017545263456,-0.5106394478867574
real__en__silent_bullet_10_f000110,bonafide,0,2.456038236618042,14.08450984954834,2.8108014169217275,0.09962586603105515
real__en__silent_bullet_10_f000141,bonafide,0,2.88469672203064,11.701416015625,2.624302433924098,-0.09416641408469513
real__en__silent_bullet_10_f000144,bonafide,0,2.752193689346313,13.9239501953125,2.679297548794918,0.45189172909801256
real__en__silent_bullet_10_f000160,bonafide,0,2.857689380645752,13.184545516967772,2.6674915013554856,0.2814354628085454
real__en__silent_bullet_10_f000190,bonafide,0,7.727322101593018,14.314545631408691,2.7927918738312623,2.3728795962532656
real__en__silent_bullet_10_f000225,bonafide,0,1.3599119186401367,13.237452507019045,2.686419845323859,-0.3559464557267261
real__en__silent_bullet_10_f000232,bonafide,0,2.160761594772339,13.98625373840332,2.8847298153400525,-0.21214066571318096
real__en__silent_bullet_10_f000250,bonafide,0,2.009763479232788,12.336063385009766,2.596420095547664,-0.18753772760114124
real__en__silent_bullet_10_f000271,bonafide,0,6.357720375061035,12.939499855041504,2.75936689086906,1.4389039029565982
real__en__silent_bullet_10_f000272,bonafide,0,2.6508262157440186,14.018661499023438,2.7265653087252404,0.3393195667794607
real__en__silent_bullet_10_f000284,bonafide,0,4.4413886070251465,13.440296173095703,2.6594543962925417,1.0304055092726885
real__en__silent_bullet_10_f000287,bonafide,0,2.9466335773468018,14.833742141723633,2.846227502742279,0.4667361446964223
real__en__silent_bullet_10_f000301,bonafide,0,4.223748207092285,13.483602523803713,2.656305152346657,0.9619932605546181
real__en__silent_bullet_10_f000320,bonafide,0,2.2101476192474365,12.293087005615234,2.434134918565499,0.22970056300519992
real__en__silent_bullet_10_f000321,bonafide,0,3.8076963424682617,12.787206649780272,2.520575939662393,0.8582310640801819
real__en__silent_bullet_10_f000337,bonafide,0,3.634496927261353,13.424857139587402,2.4980734585163007,1.0418271233802918
real__en__silent_bullet_11_f000003,bonafide,0,2.981417417526245,13.252581596374512,2.6033933412317167,0.4919896767391748
real__en__silent_bullet_11_f000008,bonafide,0,2.090852975845337,13.138299942016602,2.5402191285328044,0.2259550943565315
real__en__silent_bullet_11_f000017,bonafide,0,-1.8706376552581787,13.318519592285156,2.694281950001902,-1.6705036675666185
real__en__silent_bullet_11_f000026,bonafide,0,0.7189905047416687,12.53071403503418,2.5090197273979022,-0.4655837120234021
real__en__silent_bullet_11_f000034,bonafide,0,-1.6141979694366455,12.9309663772583,2.6081255070711284,-1.505435243314159
real__en__silent_bullet_11_f000036,bonafide,0,3.4146993160247803,13.136137962341309,2.3952730370675903,1.0794884346111713
real__en__silent_bullet_11_f000040,bonafide,0,0.8131341338157654,12.45361042022705,2.517129090725605,-0.46937517147192587
real__en__silent_bullet_11_f000116,bonafide,0,-0.4190458655357361,11.95296859741211,2.538956122730276,-1.1831347804953751
real__en__silent_bullet_11_f000137,bonafide,0,-2.9698143005371094,13.605731964111328,2.632327747600528,-1.8948314419665155
real__en__silent_bullet_11_f000141,bonafide,0,0.3163264989852905,13.594696998596191,2.7443787422113006,-0.7927397627873244
real__en__silent_bullet_11_f000164,bonafide,0,4.534244537353516,12.146636962890623,2.572561567235572,0.8370424746565496
real__en__silent_bullet_11_f000198,bonafide,0,-1.86669397354126,11.284276008605955,2.328989619049932,-1.5410235424895589
real__en__silent_bullet_11_f000237,bonafide,0,2.298537492752075,12.97845458984375,2.702698197208392,-0.09005617506119425
real__en__silent_bullet_11_f000245,bonafide,0,-0.464077353477478,11.673873901367188,2.350921509986539,-0.8874347715852093
real__en__silent_bullet_11_f000249,bonafide,0,6.782127380371094,14.54629898071289,2.744882667787554,2.163514851334547
real__en__silent_bullet_11_f000252,bonafide,0,-1.101027011871338,13.380952835083008,2.669661414460178,-1.2819844594242784
real__en__silent_bullet_11_f000256,bonafide,0,-1.5746468305587769,11.7515287399292,2.4889098933605576,-1.6141951134551127
real__en__silent_bullet_11_f000261,bonafide,0,-1.5008792877197266,11.665053367614746,2.4201523763905177,-1.4640533879072033
real__en__silent_bullet_11_f000273,bonafide,0,4.302868366241455,13.271096229553224,2.7143093798861115,0.8009581043240431
real__en__silent_bullet_11_f000295,bonafide,0,-2.383077383041382,12.175058364868164,2.4822726340412924,-1.7942672639435562
real__en__silent_bullet_11_f000303,bonafide,0,1.9967055320739744,11.995262145996094,2.4691606408738678,-0.029393127998914095
real__en__silent_bullet_11_f000305,bonafide,0,0.0444063767790794,12.722928047180176,2.737547040406716,-1.1713554720371193
real__en__silent_bullet_11_f000313,bonafide,0,2.946509838104248,14.391949653625488,2.8393762612307807,0.3385712565721639
real__en__silent_bullet_11_f000332,bonafide,0,2.457170963287353,12.719528198242188,2.736525720111127,-0.18152113011435378
real__en__silent_bullet_11_f000346,bonafide,0,2.4056317806243896,13.124869346618652,2.5935343460457068,0.23594485826161077
real__en__silent_bullet_12_f000002,bonafide,0,1.208202838897705,14.461772918701172,2.8506389417598945,-0.37542247186041056
real__en__silent_bullet_12_f000024,bonafide,0,0.9085519909858704,13.260296821594238,2.658392654632212,-0.4732481527287178
real__en__silent_bullet_12_f000035,bonafide,0,-1.118465542793274,13.371318817138672,2.6614863927262205,-1.2746641469504658
real__en__silent_bullet_12_f000059,bonafide,0,2.685545921325684,13.916672706604004,2.7392108018898345,0.2933745632887815
real__en__silent_bullet_12_f000065,bonafide,0,2.315768003463745,13.614315032958984,2.8574194641531783,-0.21014734641070787
real__en__silent_bullet_12_f000074,bonafide,0,-3.783754587173462,12.842455863952637,2.556336421897144,-2.31174607612315
real__en__silent_bullet_12_f000090,bonafide,0,2.04034686088562,14.177186012268066,2.71552243752908,0.1641550896634006
real__en__silent_bullet_12_f000150,bonafide,0,-3.553515672683716,12.596990585327148,2.5154247642501844,-2.2087775100057643
real__en__silent_bullet_12_f000180,bonafide,0,-4.694851398468018,14.108712196350098,2.7532794190116907,-2.699232849884907
real__en__silent_bullet_12_f000188,bonafide,0,-0.9206514358520508,14.439587593078612,2.765895165626851,-1.0727343196415327
real__en__silent_bullet_12_f000196,bonafide,0,1.141053557395935,12.739622116088867,2.645881076921557,-0.5194168434598989
real__en__silent_bullet_12_f000197,bonafide,0,-2.355959177017212,13.318997383117676,2.6577620394734125,-1.7906897695539548
real__en__silent_bullet_12_f000211,bonafide,0,3.4880712032318115,12.983245849609377,2.830083479350887,0.12499650714555104
real__en__silent_bullet_12_f000219,bonafide,0,2.31762170791626,14.655107498168944,2.84183403600974,0.16065990372927003
real__en__silent_bullet_12_f000223,bonafide,0,-2.2007434368133545,12.488533973693848,2.3850703082874887,-1.409141152747803
real__en__silent_bullet_12_f000243,bonafide,0,0.1506736427545547,14.171525955200195,2.6081269974132897,-0.3810827528426125
real__en__silent_bullet_12_f000258,bonafide,0,-1.013672113418579,11.939414024353027,2.5207958631114717,-1.392135655289665
real__en__silent_bullet_12_f000283,bonafide,0,6.167508602142334,13.667254447937012,2.7197972691494328,1.6813679493532276
real__en__silent_bullet_12_f000293,bonafide,0,5.416404247283936,14.417186737060549,2.8046465200798845,1.4335713913397503
real__en__silent_bullet_12_f000301,bonafide,0,1.762041449546814,13.203920364379885,2.497527453092716,0.20424233413933218
real__en__silent_bullet_12_f000307,bonafide,0,-2.46795392036438,12.224699020385742,2.560399207570037,-1.9810210187760149
real__en__silent_bullet_12_f000317,bonafide,0,3.0342743396759038,11.565874099731444,2.12629825352752,0.994334311037091
real__en__silent_bullet_12_f000338,bonafide,0,4.492340564727783,14.93129825592041,2.848475750078449,1.126866560059993
real__en__silent_bullet_12_f000340,bonafide,0,0.2863316833972931,14.52000617980957,2.6133026313012344,-0.22394454447378576
real__en__silent_bullet_12_f000347,bonafide,0,-0.275373250246048,12.799833297729492,2.6184796672667168,-1.0214611012662398
real__en__silent_bullet_13_f000036,bonafide,0,3.9762585163116455,13.685436248779297,2.655253616233824,0.9280956109309122
real__en__silent_bullet_13_f000064,bonafide,0,0.7808244824409485,12.34483242034912,2.7179775306507388,-0.9497415424056854
real__en__silent_bullet_13_f000092,bonafide,0,-1.248875617980957,11.755388259887695,2.3981509612589518,-1.2842576684692175
real__en__silent_bullet_13_f000093,bonafide,0,-1.217935562133789,12.655874252319336,2.4803477585687683,-1.157192509392314
real__en__silent_bullet_13_f000107,bonafide,0,0.9325295090675354,13.39298152923584,2.7854410231649567,-0.6937562101015822
real__en__silent_bullet_13_f000117,bonafide,0,-2.975713014602661,13.996567726135254,2.768259700377712,-2.063217729445628
real__en__silent_bullet_13_f000126,bonafide,0,-2.5285890102386475,11.889013290405272,2.4478004166258738,-1.8722491135206731
real__en__silent_bullet_13_f000127,bonafide,0,1.610672116279602,14.256176948547363,2.7157393658923894,0.01315115362289919
real__en__silent_bullet_13_f000132,bonafide,0,0.5691932439804077,14.47699737548828,2.80949269361882,-0.5438712809048691
real__en__silent_bullet_13_f000149,bonafide,0,1.4474904537200928,13.190509796142578,2.5162616895916465,0.0307142620812884
real__en__silent_bullet_13_f000157,bonafide,0,1.6264625787734983,14.294278144836426,2.789474022332813,-0.12663553905191632
real__en__silent_bullet_13_f000198,bonafide,0,-2.8566267490386963,12.242996215820312,2.54040253268254,-2.0913749581702756
real__en__silent_bullet_13_f000235,bonafide,0,-0.0327923372387886,12.80158233642578,2.6854576752341712,-1.0655332770397097
real__en__silent_bullet_13_f000238,bonafide,0,-2.087455034255981,12.455331802368164,2.5068627246254667,-1.6353841377829608
real__en__silent_bullet_13_f000248,bonafide,0,-0.5915548205375671,13.447184562683104,2.6970935258394237,-1.110787118510281
real__en__silent_bullet_13_f000264,bonafide,0,0.7713144421577454,13.49357795715332,2.7037306964500063,-0.5515644850796185
real__en__silent_bullet_13_f000266,bonafide,0,0.3388912975788116,11.760004997253418,2.344042334132641,-0.5157385836939684
real__en__silent_bullet_13_f000268,bonafide,0,-0.2065828740596771,14.45346736907959,2.8131104358132477,-0.8771685565264227
real__en__silent_bullet_13_f000269,bonafide,0,-0.9270496964454652,13.576016426086426,2.690528298559969,-1.192495147370931
real__en__silent_bullet_13_f000280,bonafide,0,-2.7310574054718018,11.49521541595459,2.0916810568711006,-1.316663090803219
real__en__silent_bullet_13_f000290,bonafide,0,0.133953720331192,14.642951011657717,2.820317366559599,-0.6918506953446524
real__en__silent_bullet_13_f000338,bonafide,0,2.028594732284546,13.893590927124023,2.6824798987870024,0.13870456332124514
real__en__silent_bullet_13_f000351,bonafide,0,1.2779088020324707,12.478693008422852,2.382814144578972,0.018060907892267095
real__en__silent_bullet_13_f000357,bonafide,0,-0.4121537506580353,13.338913917541504,2.6965572369761537,-1.0711243476606203
real__en__silent_bullet_13_f000358,bonafide,0,1.7546474933624268,11.572223663330078,2.5592162051706566,-0.45904963614834426
