sample_id,system_id,label,n_nodes,n_edges,analysis_type,best_f1,best_tau,best_precision,best_recall,density_agg,density_input,n_pairs,density_matched_f1
0,A05,1,36,305,trained,0.16241299303944315,0.07105892426664738,0.2777777777777778,0.11475409836065574,0.1,0.24206349206349206,1260,0.155440414507772
1,-,0,42,365,trained,0.16874135546334718,0.028709441877699853,0.17039106145251395,0.16712328767123288,0.20789779326364694,0.21196283391405343,1722,0.16874135546334718
2,A06,1,20,145,trained,0.3228699551569507,0.04333751530023058,0.46153846153846156,0.2482758620689655,0.20526315789473684,0.3815789473684211,380,0.3228699551569507
3,A03,1,54,485,trained,0.16221562809099901,0.029248867995075613,0.155893536121673,0.16907216494845362,0.18378756114605171,0.1694619147449336,2862,0.14241486068111456
4,A06,1,24,185,trained,0.271523178807947,0.03965945082665978,0.3504273504273504,0.22162162162162163,0.21195652173913043,0.3351449275362319,552,0.271523178807947
5,A03,1,53,475,trained,0.14792299898682879,0.03017955947555911,0.142578125,0.15368421052631578,0.18577648766328012,0.1723512336719884,2756,0.12684989429175475
6,A06,1,41,355,trained,0.21173104434907009,0.03398947373091364,0.21511627906976744,0.2084507042253521,0.2097560975609756,0.21646341463414634,1640,0.21173104434907009
7,A03,1,56,505,trained,0.15486307837582622,0.029452605949730475,0.148014440433213,0.16237623762376238,0.17987012987012987,0.16396103896103897,3080,0.13596059113300493
8,A06,1,27,215,trained,0.24043715846994534,0.04513032839041554,0.2913907284768212,0.20465116279069767,0.2150997150997151,0.30626780626780625,702,0.24043715846994534
9,-,0,43,375,trained,0.16331994645247658,0.032136767166309574,0.1639784946236559,0.16266666666666665,0.2059800664451827,0.20764119601328904,1806,0.16331994645247658
10,A05,1,15,95,trained,0.44444444444444436,0.05797987686663906,0.75,0.3157894736842105,0.19047619047619047,0.4523809523809524,210,0.44444444444444436
11,A01,1,41,355,trained,0.20314735336194564,0.028638769022786358,0.2063953488372093,0.2,0.2097560975609756,0.21646341463414634,1640,0.20314735336194564
12,A01,1,51,455,trained,0.1853035143769968,0.029420345085722426,0.1797520661157025,0.1912087912087912,0.18980392156862744,0.1784313725490196,2550,0.16703296703296702
13,A02,1,54,485,trained,0.152324431256182,0.030804864561801155,0.14638783269961977,0.15876288659793814,0.18378756114605171,0.1694619147449336,2862,0.12796697626418987
14,-,0,38,325,trained,0.16586921850079744,0.02859950371331993,0.17218543046357615,0.16,0.2147937411095306,0.23115220483641535,1406,0.16586921850079744
15,A03,1,59,535,trained,0.16091954022988506,0.030340999822374988,0.15268456375838926,0.17009345794392525,0.17416715371127994,0.15634132086499122,3422,0.13818860877684408
16,A04,1,37,315,trained,0.175787728026534,0.032635038506035656,0.1840277777777778,0.16825396825396827,0.21621621621621623,0.23648648648648649,1332,0.175787728026534
17,A05,1,27,215,trained,0.20765027322404372,0.03657981172209512,0.25165562913907286,0.17674418604651163,0.2150997150997151,0.30626780626780625,702,0.20765027322404372
18,A02,1,51,455,trained,0.1661341853035144,0.03118292157777931,0.16115702479338842,0.17142857142857143,0.18980392156862744,0.1784313725490196,2550,0.15824175824175823
19,A02,1,58,525,trained,0.14453477868112014,0.031432632629508475,0.13745704467353953,0.1523809523809524,0.17604355716878403,0.1588021778584392,3306,0.12964728312678742
20,A03,1,44,385,trained,0.18417639429312582,0.03034289818456318,0.18393782383419688,0.18441558441558442,0.2040169133192389,0.20348837209302326,1892,0.18417639429312582
21,A05,1,7,21,trained,0.4444444444444445,0.4651052636578999,1.0,0.2857142857142857,0.14285714285714285,0.5,42,0.4444444444444445
22,A01,1,56,505,trained,0.17186024551463647,0.030180409733318342,0.16425992779783394,0.1801980198019802,0.17987012987012987,0.16396103896103897,3080,0.14975369458128077
23,A03,1,47,415,trained,0.1447212336892052,0.03199656677124586,0.1425233644859813,0.14698795180722893,0.19796484736355227,0.19195189639222943,2162,0.1390887290167866
24,A03,1,53,475,trained,0.1519756838905775,0.031746647044822295,0.146484375,0.15789473684210525,0.18577648766328012,0.1723512336719884,2756,0.12262156448202959
25,A05,1,52,465,trained,0.13291796469366562,0.031022783782563942,0.1285140562248996,0.13763440860215054,0.18778280542986425,0.1753393665158371,2652,0.12004287245444802
26,A06,1,31,255,trained,0.17864923747276687,0.032219989378293894,0.20098039215686275,0.1607843137254902,0.21935483870967742,0.27419354838709675,930,0.17864923747276687
27,A04,1,41,355,trained,0.19170243204577972,0.03180031066972541,0.19476744186046513,0.18873239436619718,0.2097560975609756,0.21646341463414634,1640,0.19170243204577972
28,A04,1,48,425,trained,0.16489988221436985,0.03359211015676485,0.1650943396226415,0.16470588235294117,0.1879432624113475,0.18838652482269502,2256,0.16489988221436985
29,-,0,28,225,trained,0.1897810218978102,0.14797382230046904,0.5306122448979592,0.11555555555555555,0.06481481481481481,0.2976190476190476,756,0.16966580976863754
30,A01,1,48,425,trained,0.17993079584775087,0.029446492588251827,0.17647058823529413,0.18352941176470589,0.19592198581560283,0.18838652482269502,2256,0.16725559481743227
31,A01,1,58,525,trained,0.14634146341463414,0.030079655300831898,0.13917525773195877,0.15428571428571428,0.17604355716878403,0.1588021778584392,3306,0.1277407054337464
32,A06,1,46,405,trained,0.14163614163614166,0.028729960704121378,0.14009661835748793,0.14320987654320988,0.2,0.1956521739130435,2070,0.13316892725030827
33,-,0,46,405,trained,0.1758241758241758,0.030498974809979103,0.17391304347826086,0.17777777777777778,0.2,0.1956521739130435,2070,0.17016029593094945
34,A03,1,56,505,trained,0.15486307837582622,0.02987540181588958,0.148014440433213,0.16237623762376238,0.17987012987012987,0.16396103896103897,3080,0.13004926108374384
35,A06,1,28,225,trained,0.22107969151670953,0.030386605705528744,0.2621951219512195,0.19111111111111112,0.21693121693121692,0.2976190476190476,756,0.22107969151670953
36,A01,1,49,435,trained,0.15712682379349044,0.02985810342899766,0.15350877192982457,0.16091954022988506,0.19387755102040816,0.18494897959183673,2352,0.14203894616265753
37,A02,1,57,515,trained,0.1458910433979686,0.032011830871236005,0.13908450704225353,0.1533980582524272,0.17794486215538846,0.1613408521303258,3192,0.12280701754385966
38,A02,1,20,145,trained,0.31390134529147984,0.053235326284705786,0.44871794871794873,0.2413793103448276,0.20526315789473684,0.3815789473684211,380,0.31390134529147984
39,A04,1,44,385,trained,0.1971465629053178,0.029696547420962158,0.19689119170984457,0.1974025974025974,0.2040169133192389,0.20348837209302326,1892,0.1971465629053178
40,A04,1,47,415,trained,0.1708185053380783,0.03270941837725551,0.16822429906542055,0.17349397590361446,0.19796484736355227,0.19195189639222943,2162,0.17026378896882494
41,A06,1,50,445,trained,0.1530054644808743,0.03125423541206325,0.14893617021276595,0.15730337078651685,0.19183673469387755,0.1816326530612245,2450,0.15107102593010144
42,A02,1,20,145,trained,0.30493273542600896,0.03403109789320657,0.4358974358974359,0.23448275862068965,0.20526315789473684,0.3815789473684211,380,0.30493273542600896
43,A04,1,42,365,trained,0.17704011065006917,0.0340348657536645,0.1787709497206704,0.17534246575342466,0.20789779326364694,0.21196283391405343,1722,0.17704011065006917
44,-,0,47,415,trained,0.1779359430604982,0.03135730597814152,0.17523364485981308,0.18072289156626506,0.19796484736355227,0.19195189639222943,2162,0.1726618705035971
45,A05,1,39,335,trained,0.17511520737327188,0.03183006908744697,0.18037974683544303,0.1701492537313433,0.21322537112010798,0.22604588394062078,1482,0.17511520737327188
46,A04,1,53,475,trained,0.1580547112462006,0.03323852909607375,0.15234375,0.16421052631578947,0.18577648766328012,0.1723512336719884,2756,0.13530655391120508
47,A04,1,50,445,trained,0.17486338797814208,0.02955142869596538,0.1702127659574468,0.1797752808988764,0.19183673469387755,0.1816326530612245,2450,0.15783540022547912
48,A03,1,44,385,trained,0.1815823605706874,0.030024053612089284,0.18134715025906736,0.18181818181818182,0.2040169133192389,0.20348837209302326,1892,0.1815823605706874
49,A01,1,51,455,trained,0.13205537806176784,0.03225793795681289,0.128099173553719,0.13626373626373625,0.18980392156862744,0.1784313725490196,2550,0.11868131868131866
50,A06,1,29,235,trained,0.176271186440678,0.10070087153942142,0.43333333333333335,0.11063829787234042,0.07389162561576355,0.2894088669950739,812,0.1650485436893204
51,A02,1,46,405,trained,0.16849816849816848,0.03255806792714727,0.16666666666666666,0.17037037037037037,0.2,0.1956521739130435,2070,0.1627620221948212
52,A04,1,61,555,trained,0.15267175572519082,0.03131440202155104,0.14423076923076922,0.16216216216216217,0.17049180327868851,0.15163934426229508,3660,0.1141304347826087
53,A04,1,54,485,trained,0.16221562809099901,0.029465078165869095,0.155893536121673,0.16907216494845362,0.18378756114605171,0.1694619147449336,2862,0.14860681114551083
54,A05,1,36,305,trained,0.17962003454231432,0.036296861017582255,0.1897810218978102,0.17049180327868851,0.21746031746031746,0.24206349206349206,1260,0.17962003454231432
55,A02,1,27,215,trained,0.20765027322404372,0.037289209939761966,0.25165562913907286,0.17674418604651163,0.2150997150997151,0.30626780626780625,702,0.20765027322404372
56,A02,1,43,375,trained,0.17567567567567566,0.033988877588147025,0.1780821917808219,0.17333333333333334,0.20210409745293467,0.20764119601328904,1806,0.1740294511378849
57,A05,1,20,145,trained,0.334841628959276,0.041849726705682426,0.4868421052631579,0.25517241379310346,0.2,0.3815789473684211,380,0.33183856502242154
58,-,0,35,295,trained,0.1473087818696884,0.12509755125434838,0.4482758620689655,0.08813559322033898,0.04873949579831933,0.24789915966386555,1190,0.14054054054054055
59,A01,1,62,565,trained,0.1396508728179551,0.03194928040592221,0.13166144200626959,0.1486725663716814,0.16869381279746165,0.1493918561607615,3782,0.11180124223602483
60,A01,1,46,405,trained,0.1807081807081807,0.03286026986095017,0.178743961352657,0.18271604938271604,0.2,0.1956521739130435,2070,0.17262638717632553
61,A05,1,44,385,trained,0.16342412451361868,0.03206933919662694,0.16321243523316062,0.16363636363636364,0.2040169133192389,0.20348837209302326,1892,0.16342412451361868
62,A03,1,45,395,trained,0.17280813214739518,0.03422994658220851,0.17346938775510204,0.17215189873417722,0.19797979797979798,0.1994949494949495,1980,0.17280813214739518
63,A06,1,33,275,trained,0.1927710843373494,0.03783177206129363,0.21524663677130046,0.17454545454545456,0.21117424242424243,0.2604166666666667,1056,0.18934911242603553
64,A01,1,56,505,trained,0.15675165250236073,0.032006906233573815,0.14981949458483754,0.16435643564356436,0.17987012987012987,0.16396103896103897,3080,0.13793103448275862
65,A06,1,29,235,trained,0.196078431372549,0.046750269560967936,0.23121387283236994,0.1702127659574468,0.21305418719211822,0.2894088669950739,812,0.1941747572815534
66,A01,1,39,335,trained,0.1781874039938556,0.030503428580515527,0.18354430379746836,0.17313432835820897,0.21322537112010798,0.22604588394062078,1482,0.1781874039938556
67,-,0,35,295,trained,0.17158176943699732,0.10743046613146265,0.41025641025641024,0.10847457627118644,0.06554621848739496,0.24789915966386555,1190,0.16216216216216217
68,A02,1,53,475,trained,0.15400202634245186,0.030216436419550505,0.1484375,0.16,0.18577648766328012,0.1723512336719884,2756,0.1416490486257928
69,A06,1,35,295,trained,0.21621621621621623,0.037528631721050754,0.23076923076923078,0.2033898305084746,0.2184873949579832,0.24789915966386555,1190,0.21621621621621623
70,A05,1,27,215,trained,0.1967213114754098,0.04151720310205928,0.23841059602649006,0.16744186046511628,0.2150997150997151,0.30626780626780625,702,0.1967213114754098
71,A02,1,43,375,trained,0.15528781793842034,0.03229393466112122,0.15591397849462366,0.15466666666666667,0.2059800664451827,0.20764119601328904,1806,0.15528781793842034
72,A05,1,34,285,trained,0.20535714285714285,0.05441043918807849,0.2822085889570552,0.16140350877192983,0.14527629233511585,0.2540106951871658,1122,0.19962335216572505
73,A01,1,52,465,trained,0.16822429906542055,0.03135229262539167,0.16265060240963855,0.17419354838709677,0.18778280542986425,0.1753393665158371,2652,0.15862808145766344
74,A04,1,37,315,trained,0.1890547263681592,0.034803392317140525,0.19791666666666666,0.18095238095238095,0.21621621621621623,0.23648648648648649,1332,0.1890547263681592
75,A06,1,30,245,trained,0.1931034482758621,0.03410749957418312,0.22105263157894736,0.17142857142857143,0.21839080459770116,0.28160919540229884,870,0.1931034482758621
76,A03,1,43,375,trained,0.18206157965194109,0.03233665029598077,0.1827956989247312,0.18133333333333335,0.2059800664451827,0.20764119601328904,1806,0.18206157965194109
77,A02,1,52,465,trained,0.16199376947040497,0.031484260143081116,0.1566265060240964,0.16774193548387098,0.18778280542986425,0.1753393665158371,2652,0.15219721329046088
78,-,0,55,495,trained,0.17004830917874394,0.031024502953736925,0.16296296296296298,0.17777777777777778,0.18181818181818182,0.16666666666666666,2970,0.1471774193548387
79,-,0,40,345,trained,0.16296296296296295,0.031072907624764504,0.16666666666666666,0.15942028985507245,0.21153846153846154,0.22115384615384615,1560,0.16296296296296295
80,A01,1,56,505,trained,0.15648854961832062,0.0344692123031721,0.15101289134438306,0.16237623762376238,0.1762987012987013,0.16396103896103897,3080,0.13793103448275862
81,A03,1,57,515,trained,0.18836565096952912,0.031190664768731755,0.1795774647887324,0.19805825242718447,0.17794486215538846,0.1613408521303258,3192,0.15984405458089668
82,A04,1,48,425,trained,0.20069204152249137,0.02988420116619664,0.19683257918552036,0.20470588235294118,0.19592198581560283,0.18838652482269502,2256,0.18845700824499412
83,A05,1,42,365,trained,0.13554633471645922,0.03399789425356692,0.13687150837988826,0.13424657534246576,0.20789779326364694,0.21196283391405343,1722,0.13554633471645922
84,A05,1,27,215,trained,0.21311475409836064,0.03248836345749925,0.2582781456953642,0.1813953488372093,0.2150997150997151,0.30626780626780625,702,0.21311475409836064
85,-,0,52,465,trained,0.1640706126687435,0.02788850094586781,0.15863453815261044,0.16989247311827957,0.18778280542986425,0.1753393665158371,2652,0.1564844587352626
86,A03,1,42,365,trained,0.14937759336099588,0.031566700714807244,0.15083798882681565,0.14794520547945206,0.20789779326364694,0.21196283391405343,1722,0.14937759336099588
87,A04,1,50,445,trained,0.14426229508196725,0.03119215569833417,0.14042553191489363,0.14831460674157304,0.19183673469387755,0.1816326530612245,2450,0.133032694475761
88,-,0,54,485,trained,0.142433234421365,0.0275434957348666,0.13688212927756654,0.14845360824742268,0.18378756114605171,0.1694619147449336,2862,0.11764705882352941
89,A05,1,34,285,trained,0.18455743879472694,0.04171238160061557,0.1991869918699187,0.17192982456140352,0.2192513368983957,0.2540106951871658,1122,0.18455743879472694
90,A02,1,29,235,trained,0.21359223300970875,0.03444029946321462,0.24858757062146894,0.18723404255319148,0.21798029556650247,0.2894088669950739,812,0.21359223300970875
91,-,0,30,245,trained,0.23448275862068965,0.0374419455182734,0.26842105263157895,0.20816326530612245,0.21839080459770116,0.28160919540229884,870,0.23448275862068965
92,A04,1,30,245,trained,0.2712643678160919,0.03349521753248995,0.3105263157894737,0.24081632653061225,0.21839080459770116,0.28160919540229884,870,0.2712643678160919
93,-,0,34,285,trained,0.1544256120527307,0.03494871972365316,0.16666666666666666,0.14385964912280702,0.2192513368983957,0.2540106951871658,1122,0.1544256120527307
94,A02,1,46,405,trained,0.1758241758241758,0.03146858091391472,0.17391304347826086,0.17777777777777778,0.2,0.1956521739130435,2070,0.17262638717632553
95,A04,1,26,205,trained,0.24633431085043986,0.04427742561121446,0.3088235294117647,0.2048780487804878,0.20923076923076922,0.3153846153846154,650,0.24418604651162792
96,-,0,28,225,trained,0.2262210796915167,0.038442027934520576,0.2682926829268293,0.19555555555555557,0.21693121693121692,0.2976190476190476,756,0.2262210796915167
97,A02,1,55,495,trained,0.13333333333333333,0.03238363209533456,0.12777777777777777,0.1393939393939394,0.18181818181818182,0.16666666666666666,2970,0.12096774193548387
98,A04,1,41,355,trained,0.19170243204577972,0.03365937028495933,0.19476744186046513,0.18873239436619718,0.2097560975609756,0.21646341463414634,1640,0.19170243204577972
99,A04,1,46,405,trained,0.1758241758241758,0.028809407725630107,0.17391304347826086,0.17777777777777778,0.2,0.1956521739130435,2070,0.17262638717632553
100,A02,1,20,145,trained,0.30493273542600896,0.06093224155720889,0.4358974358974359,0.23448275862068965,0.20526315789473684,0.3815789473684211,380,0.30493273542600896
101,A05,1,39,335,trained,0.19354838709677422,0.0364182503134807,0.19936708860759494,0.1880597014925373,0.21322537112010798,0.22604588394062078,1482,0.19354838709677422
102,A02,1,40,345,trained,0.16,0.03322951678481337,0.16363636363636364,0.1565217391304348,0.21153846153846154,0.22115384615384615,1560,0.16
103,A06,1,40,345,trained,0.16167664670658682,0.035255440288627315,0.16718266253869968,0.1565217391304348,0.20705128205128207,0.22115384615384615,1560,0.16
104,A06,1,29,235,trained,0.24271844660194175,0.040893740272564524,0.2824858757062147,0.2127659574468085,0.21798029556650247,0.2894088669950739,812,0.24271844660194175
105,A03,1,39,335,trained,0.19969278033794166,0.032436773506137294,0.20569620253164558,0.19402985074626866,0.21322537112010798,0.22604588394062078,1482,0.19969278033794166
106,A05,1,41,355,trained,0.15736766809728184,0.034856197397733504,0.15988372093023256,0.15492957746478872,0.2097560975609756,0.21646341463414634,1640,0.15736766809728184
107,A05,1,41,355,trained,0.1459227467811159,0.032825821008858495,0.14825581395348839,0.14366197183098592,0.2097560975609756,0.21646341463414634,1640,0.1459227467811159
108,A06,1,33,275,trained,0.1775147928994083,0.031098023741317645,0.1939655172413793,0.16363636363636364,0.2196969696969697,0.2604166666666667,1056,0.1775147928994083
109,A06,1,20,145,trained,0.31390134529147984,0.04042731909621198,0.44871794871794873,0.2413793103448276,0.20526315789473684,0.3815789473684211,380,0.31390134529147984
110,-,0,28,225,trained,0.2262210796915167,0.035038197169751345,0.2682926829268293,0.19555555555555557,0.21693121693121692,0.2976190476190476,756,0.2262210796915167
111,A02,1,49,435,trained,0.13916947250280584,0.030653491259646063,0.13596491228070176,0.1425287356321839,0.19387755102040816,0.18494897959183673,2352,0.1328751431844215
112,A06,1,42,365,trained,0.1521438450899032,0.028864431120315323,0.15363128491620112,0.1506849315068493,0.20789779326364694,0.21196283391405343,1722,0.1521438450899032
113,A01,1,53,475,trained,0.15602836879432622,0.032119343757047,0.150390625,0.16210526315789472,0.18577648766328012,0.1723512336719884,2756,0.13953488372093023
114,A05,1,7,21,trained,0.4444444444444445,0.46534648514845395,1.0,0.2857142857142857,0.14285714285714285,0.5,42,0.4444444444444445
115,A06,1,31,255,trained,0.16403785488958988,0.1253028017685533,0.41935483870967744,0.10196078431372549,0.06666666666666667,0.27419354838709675,930,0.1568627450980392
116,A02,1,43,375,trained,0.14725568942436412,0.027789521023943636,0.1478494623655914,0.14666666666666667,0.2059800664451827,0.20764119601328904,1806,0.14725568942436412
117,A01,1,58,525,trained,0.15356820234869017,0.030452061405170833,0.14604810996563575,0.1619047619047619,0.17604355716878403,0.1588021778584392,3306,0.1391801715919924
118,A02,1,53,475,trained,0.1580547112462006,0.0316067403960682,0.15234375,0.16421052631578947,0.18577648766328012,0.1723512336719884,2756,0.1416490486257928
119,-,0,27,215,trained,0.2240437158469945,0.04049546609559114,0.271523178807947,0.19069767441860466,0.2150997150997151,0.30626780626780625,702,0.2240437158469945
120,A01,1,55,495,trained,0.16231884057971016,0.03195282005531079,0.15555555555555556,0.1696969696969697,0.18181818181818182,0.16666666666666666,2970,0.15120967741935484
121,A02,1,59,535,trained,0.14854111405835543,0.0323289956383883,0.14093959731543623,0.15700934579439252,0.17416715371127994,0.15634132086499122,3422,0.12511671335200747
122,A06,1,21,155,trained,0.2892561983471075,0.04312139447852843,0.40229885057471265,0.22580645161290322,0.20714285714285716,0.36904761904761907,420,0.2892561983471075
123,A03,1,60,545,trained,0.16103896103896104,0.028886776245329357,0.15245901639344261,0.1706422018348624,0.17231638418079095,0.153954802259887,3540,0.13711151736745888
124,-,0,26,205,trained,0.25219941348973607,0.04157400227909123,0.3161764705882353,0.2097560975609756,0.20923076923076922,0.3153846153846154,650,0.25
125,A01,1,59,535,trained,0.16268788682581786,0.030610549401109535,0.15436241610738255,0.17196261682242991,0.17416715371127994,0.15634132086499122,3422,0.1437908496732026
126,A06,1,43,375,trained,0.19812583668005357,0.029586438768612736,0.1989247311827957,0.19733333333333333,0.2059800664451827,0.20764119601328904,1806,0.19812583668005357
127,-,0,25,195,trained,0.26006191950464397,0.03466358057228074,0.328125,0.2153846153846154,0.21333333333333335,0.325,600,0.26006191950464397
128,A05,1,47,415,trained,0.14946619217081847,0.03380718211693273,0.14719626168224298,0.15180722891566265,0.19796484736355227,0.19195189639222943,2162,0.14148681055155876
129,-,0,40,345,trained,0.16296296296296295,0.031874317522111006,0.16666666666666666,0.15942028985507245,0.21153846153846154,0.22115384615384615,1560,0.16296296296296295
130,-,0,35,295,trained,0.20183486238532108,0.029793846016350763,0.22,0.1864406779661017,0.21008403361344538,0.24789915966386555,1190,0.19819819819819823
131,-,0,44,385,trained,0.16342412451361868,0.0333396034053361,0.16321243523316062,0.16363636363636364,0.2040169133192389,0.20348837209302326,1892,0.16342412451361868
132,A03,1,47,415,trained,0.16844602609727163,0.03026465772427666,0.1658878504672897,0.1710843373493976,0.19796484736355227,0.19195189639222943,2162,0.16546762589928057
133,A03,1,60,545,trained,0.1489177489177489,0.02941427539237628,0.14098360655737704,0.1577981651376147,0.17231638418079095,0.153954802259887,3540,0.12614259597806218
134,A06,1,44,385,trained,0.1815823605706874,0.03240432906944056,0.18134715025906736,0.18181818181818182,0.2040169133192389,0.20348837209302326,1892,0.1815823605706874
135,A01,1,46,405,trained,0.16849816849816848,0.02977452710024443,0.16666666666666666,0.17037037037037037,0.2,0.1956521739130435,2070,0.1627620221948212
136,A05,1,30,245,trained,0.2022988505747126,0.04156470532420253,0.23157894736842105,0.17959183673469387,0.21839080459770116,0.28160919540229884,870,0.2022988505747126
137,A02,1,23,175,trained,0.23487544483985767,0.04824822239052644,0.3113207547169811,0.18857142857142858,0.20948616600790515,0.3458498023715415,506,0.23487544483985767
138,A06,1,33,275,trained,0.1972386587771203,0.037482296386936564,0.21551724137931033,0.18181818181818182,0.2196969696969697,0.2604166666666667,1056,0.1972386587771203
139,A04,1,49,435,trained,0.15937149270482603,0.031065671586136198,0.15570175438596492,0.1632183908045977,0.19387755102040816,0.18494897959183673,2352,0.15120274914089346
140,-,0,38,325,trained,0.1818181818181818,0.03515393716211146,0.18874172185430463,0.1753846153846154,0.2147937411095306,0.23115220483641535,1406,0.1818181818181818
141,A03,1,45,395,trained,0.16352201257861637,0.03190853326104687,0.1625,0.16455696202531644,0.20202020202020202,0.1994949494949495,1980,0.15247776365946633
142,A04,1,51,455,trained,0.1661341853035144,0.03267165017850399,0.16115702479338842,0.17142857142857143,0.18980392156862744,0.1784313725490196,2550,0.15604395604395604
143,-,0,22,165,trained,0.28352490421455945,0.047397846946130306,0.3854166666666667,0.22424242424242424,0.2077922077922078,0.35714285714285715,462,0.28352490421455945
144,A06,1,29,235,trained,0.22815533980582525,0.037597163613906685,0.2655367231638418,0.2,0.21798029556650247,0.2894088669950739,812,0.22815533980582525
145,A03,1,39,335,trained,0.20890937019969275,0.030087595869600026,0.21518987341772153,0.20298507462686566,0.21322537112010798,0.22604588394062078,1482,0.20890937019969275
146,A02,1,24,185,trained,0.2052980132450331,0.044080452953698744,0.26495726495726496,0.16756756756756758,0.21195652173913043,0.3351449275362319,552,0.2052980132450331
147,A01,1,52,465,trained,0.1412253374870197,0.03362667880166899,0.13654618473895583,0.14623655913978495,0.18778280542986425,0.1753393665158371,2652,0.12433011789924973
148,A01,1,47,415,trained,0.1779359430604982,0.030890450817207194,0.17523364485981308,0.18072289156626506,0.19796484736355227,0.19195189639222943,2162,0.17026378896882494
149,A04,1,54,485,trained,0.1582591493570722,0.029006436690354905,0.1520912547528517,0.16494845360824742,0.18378756114605171,0.1694619147449336,2862,0.14035087719298245
150,A01,1,45,395,trained,0.15597484276729562,0.033419803218565525,0.155,0.1569620253164557,0.20202020202020202,0.1994949494949495,1980,0.15247776365946633
151,-,0,45,395,trained,0.1861635220125786,0.029877379341017397,0.185,0.18734177215189873,0.20202020202020202,0.1994949494949495,1980,0.1829733163913596
152,A05,1,9,36,trained,0.5,0.08138244199725653,1.0,0.3333333333333333,0.16666666666666666,0.5,72,0.5
153,A02,1,47,415,trained,0.13048635824436539,0.03299448739492742,0.12850467289719625,0.13253012048192772,0.19796484736355227,0.19195189639222943,2162,0.11990407673860912
154,A01,1,58,525,trained,0.14092140921409216,0.031428995294908404,0.13402061855670103,0.14857142857142858,0.17604355716878403,0.1588021778584392,3306,0.11820781696854146
155,A01,1,57,515,trained,0.1717451523545706,0.03276754422708502,0.1637323943661972,0.18058252427184465,0.17794486215538846,0.1613408521303258,3192,0.1442495126705653
156,A06,1,29,235,trained,0.1911764705882353,0.03510953843346334,0.2254335260115607,0.16595744680851063,0.21305418719211822,0.2894088669950739,812,0.18932038834951456
157,A05,1,18,125,trained,0.3870967741935483,0.04624097710620677,0.5901639344262295,0.288,0.19934640522875818,0.4084967320261438,306,0.3870967741935483
158,A06,1,20,145,trained,0.34977578475336324,0.03839906992586215,0.5,0.2689655172413793,0.20526315789473684,0.3815789473684211,380,0.34977578475336324
159,-,0,30,245,trained,0.19770114942528733,0.03574776473947521,0.22631578947368422,0.17551020408163265,0.21839080459770116,0.28160919540229884,870,0.19770114942528733
160,-,0,55,495,trained,0.15845410628019324,0.029990389937383864,0.15185185185185185,0.16565656565656567,0.18181818181818182,0.16666666666666666,2970,0.13709677419354838
161,A06,1,34,285,trained,0.17702448210922786,0.03850886360041,0.1910569105691057,0.1649122807017544,0.2192513368983957,0.2540106951871658,1122,0.17702448210922786
162,-,0,41,355,trained,0.17167381974248927,0.03136013230156513,0.1744186046511628,0.16901408450704225,0.2097560975609756,0.21646341463414634,1640,0.17167381974248927
163,A05,1,40,345,trained,0.16592592592592595,0.03250140416478308,0.1696969696969697,0.16231884057971013,0.21153846153846154,0.22115384615384615,1560,0.16592592592592595
164,A02,1,49,435,trained,0.15937149270482603,0.030789416913335636,0.15570175438596492,0.1632183908045977,0.19387755102040816,0.18494897959183673,2352,0.15578465063001146
165,-,0,34,285,trained,0.1807909604519774,0.03323699774832241,0.1951219512195122,0.16842105263157894,0.2192513368983957,0.2540106951871658,1122,0.1807909604519774
166,-,0,24,185,trained,0.2175732217573222,0.1151572086954446,0.48148148148148145,0.14054054054054055,0.09782608695652174,0.3351449275362319,552,0.2052980132450331
167,A05,1,28,225,trained,0.21079691516709512,0.042738724516925376,0.25,0.18222222222222223,0.21693121693121692,0.2976190476190476,756,0.21079691516709512
168,A04,1,46,405,trained,0.16117216117216118,0.03136190991238218,0.15942028985507245,0.16296296296296298,0.2,0.1956521739130435,2070,0.15782983970406905
169,A05,1,9,36,trained,0.5,0.30476340721877426,1.0,0.3333333333333333,0.16666666666666666,0.5,72,0.5
170,A05,1,21,155,trained,0.32231404958677684,0.04606788209561576,0.4482758620689655,0.25161290322580643,0.20714285714285716,0.36904761904761907,420,0.32231404958677684
171,A02,1,23,175,trained,0.2846975088967972,0.04420285005624522,0.37735849056603776,0.22857142857142856,0.20948616600790515,0.3458498023715415,506,0.2846975088967972
172,A02,1,54,485,trained,0.16023738872403562,0.03177162358702823,0.15399239543726237,0.1670103092783505,0.18378756114605171,0.1694619147449336,2862,0.14241486068111456
173,A05,1,31,255,trained,0.18021978021978022,0.03529530491492215,0.205,0.1607843137254902,0.21505376344086022,0.27419354838709675,930,0.17864923747276687
174,A02,1,50,445,trained,0.15737704918032785,0.03415517628881904,0.15319148936170213,0.16179775280898875,0.19183673469387755,0.1816326530612245,2450,0.14205186020293123
175,A06,1,30,245,trained,0.17471264367816092,0.03449602765485482,0.2,0.15510204081632653,0.21839080459770116,0.28160919540229884,870,0.17471264367816092
176,A03,1,55,495,trained,0.15265700483091788,0.03033107111314499,0.14629629629629629,0.1595959595959596,0.18181818181818182,0.16666666666666666,2970,0.13911290322580644
177,A01,1,43,375,trained,0.1783783783783784,0.032197649290851005,0.18082191780821918,0.176,0.20210409745293467,0.20764119601328904,1806,0.17670682730923695
178,A02,1,26,205,trained,0.23837209302325582,0.04938136296144627,0.2949640287769784,0.2,0.21384615384615385,0.3153846153846154,650,0.23837209302325582
179,A05,1,43,375,trained,0.1740294511378849,0.0330529121362776,0.17473118279569894,0.17333333333333334,0.2059800664451827,0.20764119601328904,1806,0.1740294511378849
180,-,0,25,195,trained,0.21935483870967742,0.051447364141123955,0.2956521739130435,0.17435897435897435,0.19166666666666668,0.325,600,0.21671826625386995
181,A02,1,48,425,trained,0.17531718569780855,0.032649792928655205,0.17194570135746606,0.17882352941176471,0.19592198581560283,0.18838652482269502,2256,0.16725559481743227
182,A02,1,58,525,trained,0.13550135501355012,0.031338421262385896,0.12886597938144329,0.14285714285714285,0.17604355716878403,0.1588021778584392,3306,0.11058150619637751
183,A06,1,17,115,trained,0.4023668639053255,0.06857156495078803,0.6296296296296297,0.2956521739130435,0.19852941176470587,0.4227941176470588,272,0.4023668639053255
184,A03,1,39,335,trained,0.19969278033794166,0.029254880710948825,0.20569620253164558,0.19402985074626866,0.21322537112010798,0.22604588394062078,1482,0.19969278033794166
185,A06,1,33,275,trained,0.19521912350597612,0.0348037335791328,0.21585903083700442,0.1781818181818182,0.21496212121212122,0.2604166666666667,1056,0.19329388560157795
186,A03,1,30,245,trained,0.1931034482758621,0.037593261698840516,0.22105263157894736,0.17142857142857143,0.21839080459770116,0.28160919540229884,870,0.1931034482758621
187,-,0,29,235,trained,0.1941747572815534,0.03360469986317014,0.22598870056497175,0.1702127659574468,0.21798029556650247,0.2894088669950739,812,0.1941747572815534
188,-,0,31,255,trained,0.20043572984749455,0.03483730558674991,0.22549019607843138,0.1803921568627451,0.21935483870967742,0.27419354838709675,930,0.20043572984749455
189,A04,1,39,335,trained,0.20890937019969275,0.03014981650514369,0.21518987341772153,0.20298507462686566,0.21322537112010798,0.22604588394062078,1482,0.20890937019969275
190,A05,1,32,265,trained,0.1987577639751553,0.03686741904242147,0.22018348623853212,0.1811320754716981,0.21975806451612903,0.26713709677419356,992,0.1987577639751553
191,A06,1,27,215,trained,0.2240437158469945,0.04326740885294693,0.271523178807947,0.19069767441860466,0.2150997150997151,0.30626780626780625,702,0.2240437158469945
192,A03,1,46,405,trained,0.17826617826617824,0.03179637233603029,0.17632850241545894,0.18024691358024691,0.2,0.1956521739130435,2070,0.17509247842170161
193,A04,1,40,345,trained,0.17777777777777776,0.035047900179269786,0.18181818181818182,0.17391304347826086,0.21153846153846154,0.22115384615384615,1560,0.17777777777777776
194,A05,1,13,75,trained,0.5,0.1199277115485057,0.896551724137931,0.3466666666666667,0.1858974358974359,0.4807692307692308,156,0.5
195,A04,1,26,205,trained,0.19767441860465115,0.03335919176377501,0.2446043165467626,0.16585365853658537,0.21384615384615385,0.3153846153846154,650,0.19767441860465115
196,A02,1,31,255,trained,0.18736383442265797,0.03707541354821002,0.2107843137254902,0.16862745098039217,0.21935483870967742,0.27419354838709675,930,0.18736383442265797
197,A01,1,35,295,trained,0.19819819819819823,0.03445616051011379,0.21153846153846154,0.1864406779661017,0.2184873949579832,0.24789915966386555,1190,0.19819819819819823
198,A02,1,49,435,trained,0.15039281705948374,0.028486310507486255,0.14692982456140352,0.15402298850574714,0.19387755102040816,0.18494897959183673,2352,0.1443298969072165
199,A01,1,52,465,trained,0.16614745586708204,0.032233642663592216,0.1606425702811245,0.17204301075268819,0.18778280542986425,0.1753393665158371,2652,0.15219721329046088
200,A04,1,39,335,trained,0.19969278033794166,0.03666969389886004,0.20569620253164558,0.19402985074626866,0.21322537112010798,0.22604588394062078,1482,0.19969278033794166
201,A02,1,29,235,trained,0.22549019607843138,0.04466286807746028,0.2658959537572254,0.19574468085106383,0.21305418719211822,0.2894088669950739,812,0.22330097087378642
202,A02,1,38,325,trained,0.17543859649122806,0.03537383054789516,0.18211920529801323,0.16923076923076924,0.2147937411095306,0.23115220483641535,1406,0.17543859649122806
203,A05,1,24,185,trained,0.2450331125827815,0.04899209850914299,0.3162393162393162,0.2,0.21195652173913043,0.3351449275362319,552,0.2450331125827815
204,A01,1,46,405,trained,0.18387909319899243,0.03177243778685631,0.18766066838046272,0.18024691358024691,0.18792270531400967,0.1956521739130435,2070,0.18249075215782984
205,A05,1,29,235,trained,0.21359223300970875,0.03305467747741729,0.24858757062146894,0.18723404255319148,0.21798029556650247,0.2894088669950739,812,0.21359223300970875
206,A04,1,40,345,trained,0.16592592592592595,0.03200173029042464,0.1696969696969697,0.16231884057971013,0.21153846153846154,0.22115384615384615,1560,0.16592592592592595
207,A03,1,42,365,trained,0.18533886583679116,0.031415944737593564,0.1871508379888268,0.18356164383561643,0.20789779326364694,0.21196283391405343,1722,0.18533886583679116
208,A04,1,51,455,trained,0.1703940362087327,0.030765671173497926,0.1652892561983471,0.17582417582417584,0.18980392156862744,0.1784313725490196,2550,0.15384615384615385
209,A01,1,57,515,trained,0.15143120960295472,0.03309723951433993,0.1443661971830986,0.15922330097087378,0.17794486215538846,0.1613408521303258,3192,0.12085769980506822
210,A03,1,36,305,trained,0.19860627177700346,0.03301956270975892,0.21189591078066913,0.18688524590163935,0.21349206349206348,0.24206349206349206,1260,0.19689119170984454
211,A03,1,65,595,trained,0.14274509803921573,0.030980497638853285,0.1338235294117647,0.15294117647058825,0.16346153846153846,0.14302884615384615,4160,0.11735121542330261
212,A04,1,40,345,trained,0.18666666666666668,0.033438838209761,0.19090909090909092,0.1826086956521739,0.21153846153846154,0.22115384615384615,1560,0.18666666666666668
213,A05,1,54,485,trained,0.13452027695351138,0.032812855641052574,0.12927756653992395,0.1402061855670103,0.18378756114605171,0.1694619147449336,2862,0.1197110423116615
214,-,0,25,195,trained,0.225,0.03473931925721482,0.288,0.18461538461538463,0.20833333333333334,0.325,600,0.22291021671826627
215,A05,1,38,325,trained,0.1977671451355662,0.03366462772542031,0.2052980132450331,0.19076923076923077,0.2147937411095306,0.23115220483641535,1406,0.1977671451355662
216,A06,1,37,315,trained,0.24212271973466,0.03130923080915679,0.2534722222222222,0.23174603174603176,0.21621621621621623,0.23648648648648649,1332,0.24212271973466
217,A06,1,40,345,trained,0.1812688821752266,0.033672705855152356,0.1892744479495268,0.17391304347826086,0.2032051282051282,0.22115384615384615,1560,0.17777777777777776
218,-,0,29,235,trained,0.2815533980582524,0.03706716123443231,0.327683615819209,0.24680851063829787,0.21798029556650247,0.2894088669950739,812,0.2815533980582524
219,A04,1,40,345,trained,0.16888888888888887,0.034877927689239474,0.17272727272727273,0.16521739130434782,0.21153846153846154,0.22115384615384615,1560,0.16888888888888887
220,A01,1,49,435,trained,0.14814814814814817,0.03522819083784484,0.14473684210526316,0.15172413793103448,0.19387755102040816,0.18494897959183673,2352,0.13745704467353953
221,A03,1,65,595,trained,0.15372549019607842,0.02977861473103615,0.14411764705882352,0.16470588235294117,0.16346153846153846,0.14302884615384615,4160,0.12238055322715843
222,A01,1,50,445,trained,0.17049180327868851,0.03252780502218879,0.16595744680851063,0.1752808988764045,0.19183673469387755,0.1816326530612245,2450,0.14656144306651636
223,A06,1,21,155,trained,0.3083333333333333,0.048845252419664476,0.43529411764705883,0.23870967741935484,0.20238095238095238,0.36904761904761907,420,0.30578512396694213
224,A03,1,45,395,trained,0.17358490566037735,0.030025439913092783,0.1725,0.17468354430379746,0.20202020202020202,0.1994949494949495,1980,0.17026683608640406
225,A06,1,31,255,trained,0.2309368191721133,0.031478831316361894,0.25980392156862747,0.20784313725490197,0.21935483870967742,0.27419354838709675,930,0.2309368191721133
226,A04,1,46,405,trained,0.18002466091245375,0.031434922372964136,0.17980295566502463,0.18024691358024691,0.1961352657004831,0.1956521739130435,2070,0.18002466091245375
227,A01,1,51,455,trained,0.14909478168264112,0.03253248718807059,0.1446280991735537,0.15384615384615385,0.18980392156862744,0.1784313725490196,2550,0.13846153846153847
228,A03,1,47,415,trained,0.15895610913404506,0.03040672646213879,0.15654205607476634,0.1614457831325301,0.19796484736355227,0.19195189639222943,2162,0.15347721822541968
229,A01,1,48,425,trained,0.17301038062283738,0.03150165882224133,0.16968325791855204,0.17647058823529413,0.19592198581560283,0.18838652482269502,2256,0.16489988221436985
230,A01,1,53,475,trained,0.1398176291793313,0.029000334947893804,0.134765625,0.14526315789473684,0.18577648766328012,0.1723512336719884,2756,0.11416490486257927
231,A06,1,32,265,trained,0.22360248447204972,0.040057096284180194,0.24770642201834864,0.2037735849056604,0.21975806451612903,0.26713709677419356,992,0.22360248447204972
232,A02,1,63,575,trained,0.14995925020374898,0.03152239524885819,0.1411042944785276,0.16,0.16692268305171531,0.1472094214029698,3906,0.12010443864229764
233,A03,1,44,385,trained,0.16342412451361868,0.028919014772802162,0.16321243523316062,0.16363636363636364,0.2040169133192389,0.20348837209302326,1892,0.16342412451361868
234,A05,1,24,185,trained,0.2450331125827815,0.02919874972051631,0.3162393162393162,0.2,0.21195652173913043,0.3351449275362319,552,0.2450331125827815
235,A01,1,47,415,trained,0.15895610913404506,0.03089046869913723,0.15654205607476634,0.1614457831325301,0.19796484736355227,0.19195189639222943,2162,0.14868105515587526
236,A01,1,55,495,trained,0.14492753623188404,0.031014592272155687,0.1388888888888889,0.15151515151515152,0.18181818181818182,0.16666666666666666,2970,0.13306451612903228
237,A02,1,28,225,trained,0.23650385604113114,0.04154431523377006,0.2804878048780488,0.20444444444444446,0.21693121693121692,0.2976190476190476,756,0.23650385604113114
238,A06,1,37,315,trained,0.1691542288557214,0.030207023939980406,0.17708333333333334,0.1619047619047619,0.21621621621621623,0.23648648648648649,1332,0.1691542288557214
239,A01,1,49,435,trained,0.18181818181818185,0.030402600726295467,0.17763157894736842,0.18620689655172415,0.19387755102040816,0.18494897959183673,2352,0.17640320733104237
240,A03,1,58,525,trained,0.16260162601626016,0.029733542948748866,0.15463917525773196,0.17142857142857143,0.17604355716878403,0.1588021778584392,3306,0.14871306005719734
241,A06,1,34,285,trained,0.23032629558541265,0.03235716158821497,0.2542372881355932,0.21052631578947367,0.2103386809269162,0.2540106951871658,1122,0.2297551789077213
242,A06,1,38,325,trained,0.16586921850079744,0.03270674711429091,0.17218543046357615,0.16,0.2147937411095306,0.23115220483641535,1406,0.16586921850079744
243,A02,1,26,205,trained,0.2558139534883721,0.046383425071639284,0.31654676258992803,0.2146341463414634,0.21384615384615385,0.3153846153846154,650,0.2558139534883721
244,A04,1,54,485,trained,0.1740850642927794,0.031582589119375434,0.16730038022813687,0.18144329896907216,0.18378756114605171,0.1694619147449336,2862,0.14654282765737872
245,A06,1,13,75,trained,0.5,0.04847760948449625,0.896551724137931,0.3466666666666667,0.1858974358974359,0.4807692307692308,156,0.5
246,A02,1,46,405,trained,0.188034188034188,0.0315409053448412,0.1859903381642512,0.19012345679012346,0.2,0.1956521739130435,2070,0.1849568434032059
247,A04,1,32,265,trained,0.22360248447204972,0.037443542505331,0.24770642201834864,0.2037735849056604,0.21975806451612903,0.26713709677419356,992,0.22360248447204972
248,A06,1,34,285,trained,0.192090395480226,0.03131288292167253,0.2073170731707317,0.17894736842105263,0.2192513368983957,0.2540106951871658,1122,0.192090395480226
249,A03,1,38,325,trained,0.2041467304625199,0.03389393256047554,0.2119205298013245,0.19692307692307692,0.2147937411095306,0.23115220483641535,1406,0.2041467304625199
250,A01,1,52,465,trained,0.16614745586708204,0.03270242990423024,0.1606425702811245,0.17204301075268819,0.18778280542986425,0.1753393665158371,2652,0.14147909967845662
251,A05,1,26,205,trained,0.22287390029325513,0.04294672073511765,0.27941176470588236,0.18536585365853658,0.20923076923076922,0.3153846153846154,650,0.22093023255813954
252,-,0,19,135,trained,0.3529411764705882,0.06173453375906013,0.5217391304347826,0.26666666666666666,0.20175438596491227,0.39473684210526316,342,0.3529411764705882
253,A05,1,24,185,trained,0.1986754966887417,0.0498345073799915,0.2564102564102564,0.16216216216216217,0.21195652173913043,0.3351449275362319,552,0.1986754966887417
254,A01,1,49,435,trained,0.15937149270482603,0.030618263413069995,0.15570175438596492,0.1632183908045977,0.19387755102040816,0.18494897959183673,2352,0.14891179839633448
255,A03,1,52,465,trained,0.18483904465212878,0.029233879444698428,0.178714859437751,0.1913978494623656,0.18778280542986425,0.1753393665158371,2652,0.16934619506966775
256,A05,1,31,255,trained,0.2440087145969499,0.04046415030200726,0.27450980392156865,0.2196078431372549,0.21935483870967742,0.27419354838709675,930,0.2440087145969499
257,A05,1,18,125,trained,0.3567567567567568,0.040569146596395704,0.55,0.264,0.19607843137254902,0.4084967320261438,306,0.3548387096774193
258,A04,1,49,435,trained,0.15192743764172334,0.034916373250650404,0.14988814317673377,0.15402298850574714,0.19005102040816327,0.18494897959183673,2352,0.14203894616265753
259,A04,1,48,425,trained,0.15455594002306805,0.03184393776368019,0.1515837104072398,0.15764705882352942,0.19592198581560283,0.18838652482269502,2256,0.15076560659599525
260,A05,1,22,165,trained,0.2681992337164751,0.04966837388566941,0.3645833333333333,0.21212121212121213,0.2077922077922078,0.35714285714285715,462,0.2681992337164751
261,A01,1,39,335,trained,0.2150537634408602,0.0286264714571065,0.22151898734177214,0.208955223880597,0.21322537112010798,0.22604588394062078,1482,0.2150537634408602
262,A05,1,32,265,trained,0.23188405797101452,0.032538018222114405,0.25688073394495414,0.21132075471698114,0.21975806451612903,0.26713709677419356,992,0.23188405797101452
263,A03,1,61,555,trained,0.15436810856658184,0.030408469495440717,0.14583333333333334,0.16396396396396395,0.17049180327868851,0.15163934426229508,3660,0.13768115942028983
264,A03,1,58,525,trained,0.15176151761517617,0.03099763114709394,0.14432989690721648,0.16,0.17604355716878403,0.1588021778584392,3306,0.14108674928503337
265,A01,1,52,465,trained,0.16614745586708204,0.03192971224806719,0.1606425702811245,0.17204301075268819,0.18778280542986425,0.1753393665158371,2652,0.15005359056806
266,-,0,44,385,trained,0.1608300907911803,0.03056891369967773,0.16062176165803108,0.16103896103896104,0.2040169133192389,0.20348837209302326,1892,0.1608300907911803
267,A04,1,45,395,trained,0.1861635220125786,0.03045636893071109,0.185,0.18734177215189873,0.20202020202020202,0.1994949494949495,1980,0.1829733163913596
268,A03,1,67,615,trained,0.15721844293272866,0.03223251321470805,0.14689265536723164,0.16910569105691056,0.16010854816824965,0.1390773405698779,4422,0.12254901960784313
269,A06,1,43,375,trained,0.1713520749665328,0.0318807994293336,0.17204301075268819,0.17066666666666666,0.2059800664451827,0.20764119601328904,1806,0.1713520749665328
270,A02,1,44,385,trained,0.15045395590142668,0.02942121375206206,0.15025906735751296,0.15064935064935064,0.2040169133192389,0.20348837209302326,1892,0.15045395590142668
271,A03,1,49,435,trained,0.18406285072951742,0.02986583576465207,0.17982456140350878,0.18850574712643678,0.19387755102040816,0.18494897959183673,2352,0.17869415807560138
272,A02,1,42,365,trained,0.16044260027662516,0.03329287219466912,0.16201117318435754,0.1589041095890411,0.20789779326364694,0.21196283391405343,1722,0.16044260027662516
273,A03,1,42,365,trained,0.17427385892116182,0.033394613270796875,0.17597765363128492,0.1726027397260274,0.20789779326364694,0.21196283391405343,1722,0.17427385892116182
274,A01,1,55,495,trained,0.14299516908212562,0.031948514518730195,0.13703703703703704,0.1494949494949495,0.18181818181818182,0.16666666666666666,2970,0.125
275,A03,1,45,395,trained,0.1962264150943396,0.030768753402499453,0.195,0.19746835443037974,0.20202020202020202,0.1994949494949495,1980,0.1829733163913596
276,A01,1,49,435,trained,0.16386083052749717,0.03279649651790073,0.1600877192982456,0.167816091954023,0.19387755102040816,0.18494897959183673,2352,0.15807560137457044
277,-,0,33,275,trained,0.21301775147928992,0.03426949080724736,0.23275862068965517,0.19636363636363635,0.2196969696969697,0.2604166666666667,1056,0.21301775147928992
278,A04,1,48,425,trained,0.17993079584775087,0.030292410785016707,0.17647058823529413,0.18352941176470589,0.19592198581560283,0.18838652482269502,2256,0.1696113074204947
279,A06,1,20,145,trained,0.30493273542600896,0.026912314799748573,0.4358974358974359,0.23448275862068965,0.20526315789473684,0.3815789473684211,380,0.30493273542600896
280,A01,1,63,575,trained,0.13528932355338222,0.031756870409998764,0.1273006134969325,0.1443478260869565,0.16692268305171531,0.1472094214029698,3906,0.1114012184508268
281,A05,1,18,125,trained,0.3763440860215054,0.051188981752014015,0.5737704918032787,0.28,0.19934640522875818,0.4084967320261438,306,0.3763440860215054
282,A06,1,21,155,trained,0.2809917355371901,0.046665416914902134,0.39080459770114945,0.21935483870967742,0.20714285714285716,0.36904761904761907,420,0.2809917355371901
283,A05,1,20,145,trained,0.29596412556053814,0.04034585381504761,0.4230769230769231,0.22758620689655173,0.20526315789473684,0.3815789473684211,380,0.29596412556053814
284,-,0,30,245,trained,0.20689655172413793,0.04345408805851739,0.23684210526315788,0.1836734693877551,0.21839080459770116,0.28160919540229884,870,0.20689655172413793
285,A02,1,42,365,trained,0.17427385892116182,0.030815749078897045,0.17597765363128492,0.1726027397260274,0.20789779326364694,0.21196283391405343,1722,0.17427385892116182
286,A04,1,35,295,trained,0.2018018018018018,0.038344206363919886,0.2153846153846154,0.18983050847457628,0.2184873949579832,0.24789915966386555,1190,0.2018018018018018
287,A02,1,41,355,trained,0.1659513590844063,0.03220433321780036,0.1686046511627907,0.16338028169014085,0.2097560975609756,0.21646341463414634,1640,0.1659513590844063
288,A03,1,40,345,trained,0.20444444444444446,0.03048736568432648,0.20909090909090908,0.2,0.21153846153846154,0.22115384615384615,1560,0.20444444444444446
289,A06,1,43,375,trained,0.15528781793842034,0.034369294171110246,0.15591397849462366,0.15466666666666667,0.2059800664451827,0.20764119601328904,1806,0.15528781793842034
290,A02,1,41,355,trained,0.15450643776824036,0.0320711518663336,0.1569767441860465,0.15211267605633802,0.2097560975609756,0.21646341463414634,1640,0.15450643776824036
291,A04,1,40,345,trained,0.16,0.03451086861904113,0.16363636363636364,0.1565217391304348,0.21153846153846154,0.22115384615384615,1560,0.16
292,-,0,21,155,trained,0.29166666666666663,0.04549948370458539,0.4117647058823529,0.22580645161290322,0.20238095238095238,0.36904761904761907,420,0.2892561983471075
293,-,0,23,175,trained,0.2846975088967972,0.03645376221682807,0.37735849056603776,0.22857142857142856,0.20948616600790515,0.3458498023715415,506,0.2846975088967972
294,A03,1,45,395,trained,0.16100628930817612,0.03194803914879036,0.16,0.1620253164556962,0.20202020202020202,0.1994949494949495,1980,0.15501905972045746
295,A02,1,55,495,trained,0.17004830917874394,0.03214471717673869,0.16296296296296298,0.17777777777777778,0.18181818181818182,0.16666666666666666,2970,0.1471774193548387
296,-,0,11,55,trained,0.5135135135135135,0.16312518674588705,1.0,0.34545454545454546,0.17272727272727273,0.5,110,0.5135135135135135
297,A04,1,44,385,trained,0.20492866407263297,0.029965496440353828,0.20466321243523317,0.2051948051948052,0.2040169133192389,0.20348837209302326,1892,0.20492866407263297
298,A03,1,58,525,trained,0.15718157181571812,0.03082492078947298,0.14948453608247422,0.1657142857142857,0.17604355716878403,0.1588021778584392,3306,0.1315538608198284
299,A03,1,44,385,trained,0.1556420233463035,0.031167269174365922,0.15544041450777202,0.15584415584415584,0.2040169133192389,0.20348837209302326,1892,0.1556420233463035
300,A02,1,51,455,trained,0.14909478168264112,0.03349991180097383,0.1446280991735537,0.15384615384615385,0.18980392156862744,0.1784313725490196,2550,0.13406593406593406
301,A04,1,46,405,trained,0.16117216117216118,0.032105320088540626,0.15942028985507245,0.16296296296296298,0.2,0.1956521739130435,2070,0.15782983970406905
302,-,0,35,295,trained,0.2018018018018018,0.033164201721208375,0.2153846153846154,0.18983050847457628,0.2184873949579832,0.24789915966386555,1190,0.2018018018018018
303,A06,1,32,265,trained,0.1878914405010438,0.03840344724038927,0.2102803738317757,0.16981132075471697,0.2157258064516129,0.26713709677419356,992,0.1863354037267081
304,A04,1,40,345,trained,0.20148148148148148,0.032078273429364715,0.20606060606060606,0.19710144927536233,0.21153846153846154,0.22115384615384615,1560,0.20148148148148148
305,A06,1,40,345,trained,0.1748148148148148,0.02913571766145454,0.1787878787878788,0.17101449275362318,0.21153846153846154,0.22115384615384615,1560,0.1748148148148148
306,A04,1,51,455,trained,0.17252396166134187,0.03016972046120415,0.16735537190082644,0.17802197802197803,0.18980392156862744,0.1784313725490196,2550,0.16263736263736264
307,A05,1,36,305,trained,0.15889464594127806,0.03264262844203565,0.1678832116788321,0.15081967213114755,0.21746031746031746,0.24206349206349206,1260,0.15889464594127806
308,A03,1,53,475,trained,0.14994934143870314,0.030116369244144438,0.14453125,0.15578947368421053,0.18577648766328012,0.1723512336719884,2756,0.13530655391120508
309,A04,1,47,415,trained,0.14709371293001186,0.030615574839870464,0.14485981308411214,0.1493975903614458,0.19796484736355227,0.19195189639222943,2162,0.14388489208633093
310,A05,1,22,165,trained,0.29343629343629346,0.04620361240794464,0.40425531914893614,0.23030303030303031,0.20346320346320346,0.35714285714285715,462,0.29118773946360155
311,A04,1,45,395,trained,0.14842767295597484,0.03267158910472068,0.1475,0.14936708860759493,0.20202020202020202,0.1994949494949495,1980,0.1423125794155019
312,A05,1,29,235,trained,0.22330097087378642,0.047796103380662903,0.2598870056497175,0.19574468085106383,0.21798029556650247,0.2894088669950739,812,0.22330097087378642
313,A03,1,58,525,trained,0.16260162601626016,0.03200476964196955,0.15463917525773196,0.17142857142857143,0.17604355716878403,0.1588021778584392,3306,0.12964728312678742
314,A03,1,52,465,trained,0.16822429906542055,0.028660727042532447,0.16265060240963855,0.17419354838709677,0.18778280542986425,0.1753393665158371,2652,0.15862808145766344
315,A04,1,42,365,trained,0.16874135546334718,0.03254340752035435,0.17039106145251395,0.16712328767123288,0.20789779326364694,0.21196283391405343,1722,0.16874135546334718
316,A04,1,33,275,trained,0.22950819672131148,0.03747132205290231,0.26291079812206575,0.20363636363636364,0.20170454545454544,0.2604166666666667,1056,0.22879684418145954
317,A05,1,29,235,trained,0.18932038834951456,0.04202887529851418,0.22033898305084745,0.16595744680851063,0.21798029556650247,0.2894088669950739,812,0.18932038834951456
318,A04,1,40,345,trained,0.21333333333333332,0.034116111799837055,0.21818181818181817,0.20869565217391303,0.21153846153846154,0.22115384615384615,1560,0.21333333333333332
319,A01,1,42,365,trained,0.20193637621023516,0.03470021540051131,0.20391061452513967,0.2,0.20789779326364694,0.21196283391405343,1722,0.20193637621023516
320,-,0,38,325,trained,0.17862838915470494,0.03001569962940711,0.18543046357615894,0.1723076923076923,0.2147937411095306,0.23115220483641535,1406,0.17862838915470494
321,-,0,31,255,trained,0.2197802197802198,0.0383032961078949,0.25,0.19607843137254902,0.21505376344086022,0.27419354838709675,930,0.21786492374727667
322,-,0,30,245,trained,0.21149425287356322,0.040809219612925954,0.24210526315789474,0.18775510204081633,0.21839080459770116,0.28160919540229884,870,0.21149425287356322
323,A04,1,32,265,trained,0.1946169772256729,0.038432493123779506,0.21559633027522937,0.17735849056603772,0.21975806451612903,0.26713709677419356,992,0.1946169772256729
324,A02,1,28,225,trained,0.19740259740259739,0.041650353371641156,0.2375,0.1688888888888889,0.21164021164021163,0.2976190476190476,756,0.1953727506426735
325,A04,1,40,345,trained,0.20444444444444446,0.033580701930736465,0.20909090909090908,0.2,0.21153846153846154,0.22115384615384615,1560,0.20444444444444446
326,A05,1,28,225,trained,0.21593830334190234,0.046357952649524185,0.25609756097560976,0.18666666666666668,0.21693121693121692,0.2976190476190476,756,0.21593830334190234
327,A02,1,43,375,trained,0.19277108433734938,0.03102874331137352,0.1935483870967742,0.192,0.2059800664451827,0.20764119601328904,1806,0.19277108433734938
328,A02,1,44,385,trained,0.17898832684824903,0.03193555773275086,0.17875647668393782,0.17922077922077922,0.2040169133192389,0.20348837209302326,1892,0.17898832684824903
329,A03,1,52,465,trained,0.1827622014537902,0.030715560992176268,0.17670682730923695,0.18924731182795698,0.18778280542986425,0.1753393665158371,2652,0.16934619506966775
330,A04,1,45,395,trained,0.15597484276729562,0.03284502838519557,0.155,0.1569620253164557,0.20202020202020202,0.1994949494949495,1980,0.14993646759847523
331,A03,1,52,465,trained,0.15991692627206647,0.031059493902090687,0.15461847389558234,0.16559139784946236,0.18778280542986425,0.1753393665158371,2652,0.14576634512325828
332,-,0,33,275,trained,0.23529411764705885,0.03243285895711548,0.26605504587155965,0.2109090909090909,0.20643939393939395,0.2604166666666667,1056,0.23274161735700197
333,A03,1,57,515,trained,0.16620498614958448,0.030855460622636242,0.15845070422535212,0.17475728155339806,0.17794486215538846,0.1613408521303258,3192,0.14230019493177387
334,-,0,45,395,trained,0.15345911949685534,0.03222008319335529,0.1525,0.15443037974683543,0.20202020202020202,0.1994949494949495,1980,0.14739517153748413
335,A06,1,23,175,trained,0.26334519572953735,0.05396451546233182,0.3490566037735849,0.21142857142857144,0.20948616600790515,0.3458498023715415,506,0.26334519572953735
336,A01,1,55,495,trained,0.15458937198067632,0.03189166371588796,0.14814814814814814,0.16161616161616163,0.18181818181818182,0.16666666666666666,2970,0.13709677419354838
337,A01,1,46,405,trained,0.18315018315018314,0.030015543000232216,0.18115942028985507,0.18518518518518517,0.2,0.1956521739130435,2070,0.18002466091245375
338,-,0,37,315,trained,0.21775544388609713,0.034607577819120536,0.23049645390070922,0.20634920634920634,0.21171171171171171,0.23648648648648649,1332,0.21558872305140958
339,A01,1,49,435,trained,0.15488215488215487,0.032181207848042875,0.1513157894736842,0.15862068965517243,0.19387755102040816,0.18494897959183673,2352,0.1466208476517755
340,A01,1,52,465,trained,0.1536863966770509,0.03163073737187379,0.14859437751004015,0.15913978494623657,0.18778280542986425,0.1753393665158371,2652,0.14362272240085744
341,A02,1,39,335,trained,0.16282642089093705,0.03239429899557203,0.16772151898734178,0.1582089552238806,0.21322537112010798,0.22604588394062078,1482,0.16282642089093705
342,A01,1,46,405,trained,0.19536019536019536,0.029428948339302465,0.1932367149758454,0.19753086419753085,0.2,0.1956521739130435,2070,0.187422934648582
343,A03,1,32,265,trained,0.21946169772256727,0.03277037521411173,0.24311926605504589,0.2,0.21975806451612903,0.26713709677419356,992,0.21946169772256727
344,A06,1,31,255,trained,0.161993769470405,0.11280906187444581,0.3939393939393939,0.10196078431372549,0.07096774193548387,0.27419354838709675,930,0.1437908496732026
345,A05,1,22,165,trained,0.27586206896551724,0.05559426867867487,0.375,0.21818181818181817,0.2077922077922078,0.35714285714285715,462,0.27586206896551724
346,A06,1,48,425,trained,0.14302191464821223,0.02839821798708285,0.14027149321266968,0.14588235294117646,0.19592198581560283,0.18838652482269502,2256,0.14134275618374556
347,A05,1,25,195,trained,0.2348484848484848,0.08314458564878935,0.4492753623188406,0.15897435897435896,0.115,0.325,600,0.22910216718266255
348,-,0,37,315,trained,0.19430485762144056,0.03327338655999898,0.20567375886524822,0.18412698412698414,0.21171171171171171,0.23648648648648649,1332,0.19237147595356552
349,A01,1,49,435,trained,0.16610549943883277,0.03382547176858465,0.16228070175438597,0.17011494252873563,0.19387755102040816,0.18494897959183673,2352,0.16036655211912945
0,A05,1,36,305,random_baseline,0.19163763066202094,0.03663644824402442,0.20446096654275092,0.18032786885245902,0.21349206349206348,0.24206349206349206,1260,0.1899827288428325
1,-,0,42,365,random_baseline,0.2336182336182336,0.03569402875229934,0.2433234421364985,0.22465753424657534,0.1957026713124274,0.21196283391405343,1722,0.22959889349930845
2,A06,1,20,145,random_baseline,0.2780269058295964,0.04879262666967855,0.3974358974358974,0.21379310344827587,0.20526315789473684,0.3815789473684211,380,0.2780269058295964
3,A03,1,54,485,random_baseline,0.18799999999999997,0.031354955996958825,0.1825242718446602,0.19381443298969073,0.17994409503843467,0.1694619147449336,2862,0.18369453044375642
4,A06,1,24,185,random_baseline,0.27814569536423844,0.04518864283649796,0.358974358974359,0.22702702702702704,0.21195652173913043,0.3351449275362319,552,0.27814569536423844
5,A03,1,53,475,random_baseline,0.19655521783181357,0.030382000541199793,0.189453125,0.20421052631578948,0.18577648766328012,0.1723512336719884,2756,0.18816067653276958
6,A06,1,41,355,random_baseline,0.20809248554913296,0.0340162406477417,0.21364985163204747,0.2028169014084507,0.20548780487804877,0.21646341463414634,1640,0.20600858369098715
7,A03,1,56,505,random_baseline,0.17357762777242045,0.03205202091281311,0.16917293233082706,0.1782178217821782,0.17272727272727273,0.16396103896103897,3080,0.16945812807881777
8,A06,1,27,215,random_baseline,0.2622950819672131,0.04795337731005161,0.31788079470198677,0.22325581395348837,0.2150997150997151,0.30626780626780625,702,0.2622950819672131
9,-,0,43,375,random_baseline,0.19812583668005357,0.0323627302177964,0.1989247311827957,0.19733333333333333,0.2059800664451827,0.20764119601328904,1806,0.19812583668005357
10,A05,1,15,95,random_baseline,0.28571428571428575,0.10153921834573086,0.5,0.2,0.18095238095238095,0.4523809523809524,210,0.28148148148148144
11,A01,1,41,355,random_baseline,0.24320457796852643,0.03157290502745831,0.24709302325581395,0.23943661971830985,0.2097560975609756,0.21646341463414634,1640,0.24320457796852643
12,A01,1,51,455,random_baseline,0.16826411075612355,0.030378158572790172,0.16322314049586778,0.17362637362637362,0.18980392156862744,0.1784313725490196,2550,0.16263736263736264
13,A02,1,54,485,random_baseline,0.1582591493570722,0.03190913947541989,0.1520912547528517,0.16494845360824742,0.18378756114605171,0.1694619147449336,2862,0.14654282765737872
14,-,0,38,325,random_baseline,0.20095693779904306,0.027972931157113183,0.20860927152317882,0.19384615384615383,0.2147937411095306,0.23115220483641535,1406,0.20095693779904306
15,A03,1,59,535,random_baseline,0.1803713527851459,0.030040726675454238,0.17114093959731544,0.19065420560747665,0.17416715371127994,0.15634132086499122,3422,0.16619981325863678
16,A04,1,37,315,random_baseline,0.27197346600331673,0.03394461476558822,0.2847222222222222,0.26031746031746034,0.21621621621621623,0.23648648648648649,1332,0.27197346600331673
17,A05,1,27,215,random_baseline,0.32786885245901637,0.04082815468017635,0.3973509933774834,0.27906976744186046,0.2150997150997151,0.30626780626780625,702,0.32786885245901637
18,A02,1,51,455,random_baseline,0.1810436634717785,0.03195394451158375,0.1756198347107438,0.18681318681318682,0.18980392156862744,0.1784313725490196,2550,0.16923076923076924
19,A02,1,58,525,random_baseline,0.16605166051660517,0.03372753375664691,0.16100178890876565,0.17142857142857143,0.16908650937689051,0.1588021778584392,3306,0.16587225929456628
20,A03,1,44,385,random_baseline,0.22827496757457846,0.03300081929610123,0.22797927461139897,0.22857142857142856,0.2040169133192389,0.20348837209302326,1892,0.22827496757457846
21,A05,1,7,21,random_baseline,0.16,0.7966356671006373,0.5,0.09523809523809523,0.09523809523809523,0.5,42,0.14814814814814814
22,A01,1,56,505,random_baseline,0.15675165250236073,0.029809264283353926,0.14981949458483754,0.16435643564356436,0.17987012987012987,0.16396103896103897,3080,0.1438423645320197
23,A03,1,47,415,random_baseline,0.2182254196642686,0.03340305602503604,0.2171837708830549,0.21927710843373494,0.19380203515263644,0.19195189639222943,2162,0.2182254196642686
24,A03,1,53,475,random_baseline,0.17831813576494426,0.0332839468257791,0.171875,0.18526315789473685,0.18577648766328012,0.1723512336719884,2756,0.17336152219873147
25,A05,1,52,465,random_baseline,0.2180685358255452,0.03057760011658093,0.21084337349397592,0.22580645161290322,0.18778280542986425,0.1753393665158371,2652,0.20793140407288319
26,A06,1,31,255,random_baseline,0.22818791946308728,0.03850694659752413,0.265625,0.2,0.2064516129032258,0.27419354838709675,930,0.22657952069716775
27,A04,1,41,355,random_baseline,0.21387283236994223,0.03758746073426888,0.2195845697329377,0.2084507042253521,0.20548780487804877,0.21646341463414634,1640,0.21173104434907009
28,A04,1,48,425,random_baseline,0.2029988465974625,0.03465034262185445,0.19909502262443438,0.20705882352941177,0.19592198581560283,0.18838652482269502,2256,0.1978798586572438
29,-,0,28,225,random_baseline,0.20051413881748073,0.03531422879107401,0.23780487804878048,0.17333333333333334,0.21693121693121692,0.2976190476190476,756,0.20051413881748073
30,A01,1,48,425,random_baseline,0.17762399077277968,0.031046459444982393,0.17420814479638008,0.1811764705882353,0.19592198581560283,0.18838652482269502,2256,0.17196702002355713
31,A01,1,58,525,random_baseline,0.15537488708220418,0.03127673237219102,0.14776632302405499,0.16380952380952382,0.17604355716878403,0.1588021778584392,3306,0.14489990467111533
32,A06,1,46,405,random_baseline,0.18396846254927723,0.038880091157581925,0.19662921348314608,0.1728395061728395,0.17198067632850242,0.1956521739130435,2070,0.18002466091245375
33,-,0,46,405,random_baseline,0.19536019536019536,0.03165719484530945,0.1932367149758454,0.19753086419753085,0.2,0.1956521739130435,2070,0.19482120838471023
34,A03,1,56,505,random_baseline,0.16241737488196412,0.029916247271293855,0.1552346570397112,0.1702970297029703,0.17987012987012987,0.16396103896103897,3080,0.15960591133004923
35,A06,1,28,225,random_baseline,0.21593830334190234,0.0352933580805297,0.25609756097560976,0.18666666666666668,0.21693121693121692,0.2976190476190476,756,0.21593830334190234
36,A01,1,49,435,random_baseline,0.1866028708133971,0.03601893737505414,0.19451371571072318,0.1793103448275862,0.17049319727891157,0.18494897959183673,2352,0.18098510882016036
37,A02,1,57,515,random_baseline,0.18470149253731344,0.033584070372846914,0.17773788150807898,0.19223300970873786,0.17449874686716793,0.1613408521303258,3192,0.17348927875243664
38,A02,1,20,145,random_baseline,0.23318385650224216,0.06587553305960457,0.3333333333333333,0.1793103448275862,0.20526315789473684,0.3815789473684211,380,0.23318385650224216
39,A04,1,44,385,random_baseline,0.1971465629053178,0.033340827562062386,0.19689119170984457,0.1974025974025974,0.2040169133192389,0.20348837209302326,1892,0.1971465629053178
40,A04,1,47,415,random_baseline,0.19691577698695137,0.032740422685230586,0.1939252336448598,0.2,0.19796484736355227,0.19195189639222943,2162,0.19424460431654675
41,A06,1,50,445,random_baseline,0.17049180327868851,0.03280581635152274,0.16595744680851063,0.1752808988764045,0.19183673469387755,0.1816326530612245,2450,0.16234498308906425
42,A02,1,20,145,random_baseline,0.2385321100917431,0.05084008467025945,0.3561643835616438,0.1793103448275862,0.19210526315789472,0.3815789473684211,380,0.23318385650224216
43,A04,1,42,365,random_baseline,0.19917012448132781,0.03568967053875911,0.2011173184357542,0.19726027397260273,0.20789779326364694,0.21196283391405343,1722,0.19917012448132781
44,-,0,47,415,random_baseline,0.2277580071174377,0.03493611511165369,0.22429906542056074,0.23132530120481928,0.19796484736355227,0.19195189639222943,2162,0.22541966426858515
45,A05,1,39,335,random_baseline,0.18740399385560674,0.032301383566345127,0.1930379746835443,0.18208955223880596,0.21322537112010798,0.22604588394062078,1482,0.18740399385560674
46,A04,1,53,475,random_baseline,0.19665271966527198,0.03624406177354624,0.19542619542619544,0.19789473684210526,0.17452830188679244,0.1723512336719884,2756,0.19238900634249476
47,A04,1,50,445,random_baseline,0.1879781420765027,0.029347832910369263,0.1829787234042553,0.19325842696629214,0.19183673469387755,0.1816326530612245,2450,0.17361894024802704
48,A03,1,44,385,random_baseline,0.20752269779507132,0.031213948372445215,0.20725388601036268,0.2077922077922078,0.2040169133192389,0.20348837209302326,1892,0.20752269779507132
49,A01,1,51,455,random_baseline,0.1740139211136891,0.04111255450778141,0.18427518427518427,0.16483516483516483,0.1596078431372549,0.1784313725490196,2550,0.17142857142857143
50,A06,1,29,235,random_baseline,0.29126213592233013,0.038118088129105186,0.3389830508474576,0.2553191489361702,0.21798029556650247,0.2894088669950739,812,0.29126213592233013
51,A02,1,46,405,random_baseline,0.2148962148962149,0.03336767321182698,0.21256038647342995,0.21728395061728395,0.2,0.1956521739130435,2070,0.20715166461159062
52,A04,1,61,555,random_baseline,0.1594571670907549,0.030355628103911812,0.15064102564102563,0.16936936936936936,0.17049180327868851,0.15163934426229508,3660,0.1539855072463768
53,A04,1,54,485,random_baseline,0.16033755274261605,0.033741031017164476,0.16414686825053995,0.15670103092783505,0.16177498252969952,0.1694619147449336,2862,0.1568627450980392
54,A05,1,36,305,random_baseline,0.22107081174438686,0.03841589173768077,0.23357664233576642,0.2098360655737705,0.21746031746031746,0.24206349206349206,1260,0.22107081174438686
55,A02,1,27,215,random_baseline,0.25136612021857924,0.04059516392130352,0.304635761589404,0.21395348837209302,0.2150997150997151,0.30626780626780625,702,0.25136612021857924
56,A02,1,43,375,random_baseline,0.21686746987951808,0.03125109106018702,0.21774193548387097,0.216,0.2059800664451827,0.20764119601328904,1806,0.21686746987951808
57,A05,1,20,145,random_baseline,0.23318385650224216,0.05794400617958732,0.3333333333333333,0.1793103448275862,0.20526315789473684,0.3815789473684211,380,0.23318385650224216
58,-,0,35,295,random_baseline,0.21755725190839695,0.03781851222938803,0.24890829694323144,0.19322033898305085,0.19243697478991598,0.24789915966386555,1190,0.2126126126126126
59,A01,1,62,565,random_baseline,0.14796342477140484,0.03337302476108863,0.13949843260188088,0.15752212389380532,0.16869381279746165,0.1493918561607615,3782,0.14209591474245117
60,A01,1,46,405,random_baseline,0.1807081807081807,0.032308059262794495,0.178743961352657,0.18271604938271604,0.2,0.1956521739130435,2070,0.18002466091245375
61,A05,1,44,385,random_baseline,0.2178988326848249,0.03477831636613031,0.21761658031088082,0.21818181818181817,0.2040169133192389,0.20348837209302326,1892,0.2178988326848249
62,A03,1,45,395,random_baseline,0.20132450331125828,0.03867043670175831,0.2111111111111111,0.19240506329113924,0.18181818181818182,0.1994949494949495,1980,0.19567979669631513
63,A06,1,33,275,random_baseline,0.24457593688362916,0.03815633080205063,0.2672413793103448,0.22545454545454546,0.2196969696969697,0.2604166666666667,1056,0.24457593688362916
64,A01,1,56,505,random_baseline,0.18696883852691218,0.032143223287986605,0.17870036101083034,0.19603960396039605,0.17987012987012987,0.16396103896103897,3080,0.17733990147783252
65,A06,1,29,235,random_baseline,0.2815533980582524,0.05365459977388355,0.327683615819209,0.24680851063829787,0.21798029556650247,0.2894088669950739,812,0.2815533980582524
66,A01,1,39,335,random_baseline,0.2445141065830721,0.03562329813541183,0.25742574257425743,0.23283582089552238,0.20445344129554655,0.22604588394062078,1482,0.23963133640552994
67,-,0,35,295,random_baseline,0.2306306306306306,0.036734373563095335,0.24615384615384617,0.21694915254237288,0.2184873949579832,0.24789915966386555,1190,0.2306306306306306
68,A02,1,53,475,random_baseline,0.17629179331306993,0.029533621380349734,0.169921875,0.1831578947368421,0.18577648766328012,0.1723512336719884,2756,0.16913319238900634
69,A06,1,35,295,random_baseline,0.24504504504504507,0.040335557161761196,0.26153846153846155,0.2305084745762712,0.2184873949579832,0.24789915966386555,1190,0.24504504504504507
70,A05,1,27,215,random_baseline,0.23497267759562843,0.04276966511236773,0.2847682119205298,0.2,0.2150997150997151,0.30626780626780625,702,0.23497267759562843
71,A02,1,43,375,random_baseline,0.2021857923497268,0.03656942842465662,0.20728291316526612,0.19733333333333333,0.19767441860465115,0.20764119601328904,1806,0.20080321285140562
72,A05,1,34,285,random_baseline,0.23032629558541265,0.03999059832548897,0.2542372881355932,0.21052631578947367,0.2103386809269162,0.2540106951871658,1122,0.2297551789077213
73,A01,1,52,465,random_baseline,0.1972717733473242,0.034093294861431055,0.19262295081967212,0.2021505376344086,0.18401206636500755,0.1753393665158371,2652,0.19078242229367628
74,A04,1,37,315,random_baseline,0.21105527638190955,0.039720412402647336,0.22340425531914893,0.2,0.21171171171171171,0.23648648648648649,1332,0.20895522388059704
75,A06,1,30,245,random_baseline,0.2758620689655173,0.03455906428120331,0.3157894736842105,0.24489795918367346,0.21839080459770116,0.28160919540229884,870,0.2758620689655173
76,A03,1,43,375,random_baseline,0.2162162162162162,0.03375914760129548,0.2191780821917808,0.21333333333333335,0.20210409745293467,0.20764119601328904,1806,0.21419009370816602
77,A02,1,52,465,random_baseline,0.1640706126687435,0.0320081338746247,0.15863453815261044,0.16989247311827957,0.18778280542986425,0.1753393665158371,2652,0.1564844587352626
78,-,0,55,495,random_baseline,0.19903381642512075,0.030664961091332942,0.19074074074074074,0.2080808080808081,0.18181818181818182,0.16666666666666666,2970,0.1935483870967742
79,-,0,40,345,random_baseline,0.2074074074074074,0.03203410183610059,0.21212121212121213,0.2028985507246377,0.21153846153846154,0.22115384615384615,1560,0.2074074074074074
80,A01,1,56,505,random_baseline,0.18319169027384322,0.03506338803107359,0.17509025270758122,0.19207920792079208,0.17987012987012987,0.16396103896103897,3080,0.17339901477832512
81,A03,1,57,515,random_baseline,0.1551246537396122,0.03271532506200123,0.14788732394366197,0.16310679611650486,0.17794486215538846,0.1613408521303258,3192,0.1481481481481481
82,A04,1,48,425,random_baseline,0.1864801864801865,0.03401721289777671,0.18475750577367206,0.18823529411764706,0.19193262411347517,0.18838652482269502,2256,0.1837455830388693
83,A05,1,42,365,random_baseline,0.22478386167146977,0.04011165457894914,0.23708206686930092,0.2136986301369863,0.1910569105691057,0.21196283391405343,1722,0.22130013831258644
84,A05,1,27,215,random_baseline,0.2677595628415301,0.033221221494944525,0.32450331125827814,0.22790697674418606,0.2150997150997151,0.30626780626780625,702,0.2677595628415301
85,-,0,52,465,random_baseline,0.19724284199363737,0.03117592005475829,0.19456066945606695,0.2,0.18024132730015083,0.1753393665158371,2652,0.19506966773847806
86,A03,1,42,365,random_baseline,0.2434301521438451,0.03276907106992459,0.24581005586592178,0.2410958904109589,0.20789779326364694,0.21196283391405343,1722,0.2434301521438451
87,A04,1,50,445,random_baseline,0.17486338797814208,0.03163032232829213,0.1702127659574468,0.1797752808988764,0.19183673469387755,0.1816326530612245,2450,0.1691093573844419
88,-,0,54,485,random_baseline,0.16759776536312848,0.04194823841553391,0.18292682926829268,0.15463917525773196,0.143256464011181,0.1694619147449336,2862,0.16511867905056762
89,A05,1,34,285,random_baseline,0.26744186046511625,0.047815322170578475,0.2987012987012987,0.24210526315789474,0.20588235294117646,0.2540106951871658,1122,0.263653483992467
90,A02,1,29,235,random_baseline,0.23267326732673269,0.04172130076247305,0.2781065088757396,0.2,0.20812807881773399,0.2894088669950739,812,0.22815533980582525
91,-,0,30,245,random_baseline,0.2320185614849188,0.042453624813168576,0.26881720430107525,0.20408163265306123,0.21379310344827587,0.28160919540229884,870,0.22988505747126436
92,A04,1,30,245,random_baseline,0.26206896551724135,0.04135567687339836,0.3,0.23265306122448978,0.21839080459770116,0.28160919540229884,870,0.26206896551724135
93,-,0,34,285,random_baseline,0.2380038387715931,0.03677860560582602,0.2627118644067797,0.21754385964912282,0.2103386809269162,0.2540106951871658,1122,0.2335216572504708
94,A02,1,46,405,random_baseline,0.188034188034188,0.031714557869241905,0.1859903381642512,0.19012345679012346,0.2,0.1956521739130435,2070,0.18249075215782984
95,A04,1,26,205,random_baseline,0.3546511627906977,0.04589511907445669,0.43884892086330934,0.2975609756097561,0.21384615384615385,0.3153846153846154,650,0.3546511627906977
96,-,0,28,225,random_baseline,0.23896103896103899,0.040833811347420576,0.2875,0.20444444444444446,0.21164021164021163,0.2976190476190476,756,0.23650385604113114
97,A02,1,55,495,random_baseline,0.17578124999999997,0.03370568269016657,0.17013232514177692,0.18181818181818182,0.17811447811447811,0.16666666666666666,2970,0.17338709677419353
98,A04,1,41,355,random_baseline,0.2088698140200286,0.03273468116001742,0.21220930232558138,0.2056338028169014,0.2097560975609756,0.21646341463414634,1640,0.2088698140200286
99,A04,1,46,405,random_baseline,0.21197007481296756,0.0325158066680441,0.2141057934508816,0.20987654320987653,0.19178743961352657,0.1956521739130435,2070,0.2096177558569667
100,A02,1,20,145,random_baseline,0.2690582959641255,0.06958297236500481,0.38461538461538464,0.20689655172413793,0.20526315789473684,0.3815789473684211,380,0.2690582959641255
101,A05,1,39,335,random_baseline,0.2058371735791091,0.03722711629068719,0.2120253164556962,0.2,0.21322537112010798,0.22604588394062078,1482,0.2058371735791091
102,A02,1,40,345,random_baseline,0.24,0.03359570718509014,0.24545454545454545,0.23478260869565218,0.21153846153846154,0.22115384615384615,1560,0.24
103,A06,1,40,345,random_baseline,0.21925925925925924,0.03357956944531494,0.22424242424242424,0.2144927536231884,0.21153846153846154,0.22115384615384615,1560,0.21925925925925924
104,A06,1,29,235,random_baseline,0.26960784313725494,0.04647170822035092,0.3179190751445087,0.23404255319148937,0.21305418719211822,0.2894088669950739,812,0.26699029126213597
105,A03,1,39,335,random_baseline,0.2278481012658228,0.037037446929673604,0.24242424242424243,0.21492537313432836,0.20040485829959515,0.22604588394062078,1482,0.22734254992319508
106,A05,1,41,355,random_baseline,0.21173104434907009,0.034570404472867376,0.21511627906976744,0.2084507042253521,0.2097560975609756,0.21646341463414634,1640,0.21173104434907009
107,A05,1,41,355,random_baseline,0.2317596566523605,0.034520165673039734,0.23546511627906977,0.22816901408450704,0.2097560975609756,0.21646341463414634,1640,0.2317596566523605
108,A06,1,33,275,random_baseline,0.2682445759368836,0.03634472876607702,0.29310344827586204,0.24727272727272728,0.2196969696969697,0.2604166666666667,1056,0.2682445759368836
109,A06,1,20,145,random_baseline,0.30493273542600896,0.05217008514132435,0.4358974358974359,0.23448275862068965,0.20526315789473684,0.3815789473684211,380,0.30493273542600896
110,-,0,28,225,random_baseline,0.2519280205655527,0.0395253431856429,0.29878048780487804,0.21777777777777776,0.21693121693121692,0.2976190476190476,756,0.2519280205655527
111,A02,1,49,435,random_baseline,0.1836734693877551,0.03184374146265027,0.18120805369127516,0.18620689655172415,0.19005102040816327,0.18494897959183673,2352,0.17869415807560138
112,A06,1,42,365,random_baseline,0.21300138312586447,0.02888725814009095,0.21508379888268156,0.21095890410958903,0.20789779326364694,0.21196283391405343,1722,0.21300138312586447
113,A01,1,53,475,random_baseline,0.182370820668693,0.033021405651207245,0.17578125,0.18947368421052632,0.18577648766328012,0.1723512336719884,2756,0.16913319238900634
114,A05,1,7,21,random_baseline,0.37037037037037035,0.30738001611449395,0.8333333333333334,0.23809523809523808,0.14285714285714285,0.5,42,0.37037037037037035
115,A06,1,31,255,random_baseline,0.27886710239651413,0.034407541979989034,0.3137254901960784,0.25098039215686274,0.21935483870967742,0.27419354838709675,930,0.27886710239651413
116,A02,1,43,375,random_baseline,0.21151271753681392,0.02975973231585828,0.21236559139784947,0.21066666666666667,0.2059800664451827,0.20764119601328904,1806,0.21151271753681392
117,A01,1,58,525,random_baseline,0.17705510388437215,0.029439119588916294,0.16838487972508592,0.18666666666666668,0.17604355716878403,0.1588021778584392,3306,0.16396568160152525
118,A02,1,53,475,random_baseline,0.18642350557244175,0.03246123837670411,0.1796875,0.1936842105263158,0.18577648766328012,0.1723512336719884,2756,0.17547568710359407
119,-,0,27,215,random_baseline,0.2677595628415301,0.04304346205263933,0.32450331125827814,0.22790697674418606,0.2150997150997151,0.30626780626780625,702,0.2677595628415301
120,A01,1,55,495,random_baseline,0.18945312500000003,0.03136966640178841,0.1833648393194707,0.19595959595959597,0.17811447811447811,0.16666666666666666,2970,0.17943548387096775
121,A02,1,59,535,random_baseline,0.1892130857648099,0.032435406127004004,0.17953020134228187,0.2,0.17416715371127994,0.15634132086499122,3422,0.1811391223155929
122,A06,1,21,155,random_baseline,0.23333333333333334,0.047708074258650514,0.32941176470588235,0.18064516129032257,0.20238095238095238,0.36904761904761907,420,0.23140495867768596
123,A03,1,60,545,random_baseline,0.2077922077922078,0.03018253148100371,0.19672131147540983,0.22018348623853212,0.17231638418079095,0.153954802259887,3540,0.19926873857404023
124,-,0,26,205,random_baseline,0.24418604651162792,0.043890349562960174,0.302158273381295,0.2048780487804878,0.21384615384615385,0.3153846153846154,650,0.24418604651162792
125,A01,1,59,535,random_baseline,0.1876675603217158,0.03456834544129458,0.1797945205479452,0.19626168224299065,0.1706604324956166,0.15634132086499122,3422,0.17927170868347336
126,A06,1,43,375,random_baseline,0.19544846050870146,0.02893891407375486,0.19623655913978494,0.19466666666666665,0.2059800664451827,0.20764119601328904,1806,0.19544846050870146
127,-,0,25,195,random_baseline,0.2786377708978328,0.03931947452193422,0.3515625,0.23076923076923078,0.21333333333333335,0.325,600,0.2786377708978328
128,A05,1,47,415,random_baseline,0.1909424724602203,0.03700880415615026,0.19402985074626866,0.18795180722891566,0.18593894542090658,0.19195189639222943,2162,0.18705035971223022
129,-,0,40,345,random_baseline,0.2162962962962963,0.033178358629026544,0.22121212121212122,0.21159420289855072,0.21153846153846154,0.22115384615384615,1560,0.2162962962962963
130,-,0,35,295,random_baseline,0.2594594594594595,0.03104252808712306,0.27692307692307694,0.2440677966101695,0.2184873949579832,0.24789915966386555,1190,0.2594594594594595
131,-,0,44,385,random_baseline,0.2204928664072633,0.03571102744306109,0.22020725388601037,0.22077922077922077,0.2040169133192389,0.20348837209302326,1892,0.2204928664072633
132,A03,1,47,415,random_baseline,0.23724792408066428,0.03175664313903849,0.2336448598130841,0.24096385542168675,0.19796484736355227,0.19195189639222943,2162,0.23501199040767387
133,A03,1,60,545,random_baseline,0.1696969696969697,0.030863862042073243,0.16065573770491803,0.1798165137614679,0.17231638418079095,0.153954802259887,3540,0.16453382084095067
134,A06,1,44,385,random_baseline,0.23086900129701682,0.030004968055932956,0.23056994818652848,0.23116883116883116,0.2040169133192389,0.20348837209302326,1892,0.23086900129701682
135,A01,1,46,405,random_baseline,0.17380352644836272,0.032462979560514554,0.17737789203084833,0.17037037037037037,0.18792270531400967,0.1956521739130435,2070,0.17262638717632553
136,A05,1,30,245,random_baseline,0.24367816091954023,0.04164015390571146,0.2789473684210526,0.2163265306122449,0.21839080459770116,0.28160919540229884,870,0.24367816091954023
137,A02,1,23,175,random_baseline,0.27046263345195726,0.055047728721616035,0.3584905660377358,0.21714285714285714,0.20948616600790515,0.3458498023715415,506,0.27046263345195726
138,A06,1,33,275,random_baseline,0.2589641434262948,0.04250844006971693,0.28634361233480177,0.23636363636363636,0.21496212121212122,0.2604166666666667,1056,0.25641025641025644
139,A04,1,49,435,random_baseline,0.17732884399551072,0.03142920043577538,0.17324561403508773,0.18160919540229886,0.19387755102040816,0.18494897959183673,2352,0.17640320733104237
140,-,0,38,325,random_baseline,0.22988505747126436,0.04119284455953413,0.24647887323943662,0.2153846153846154,0.2019914651493599,0.23115220483641535,1406,0.2296650717703349
141,A03,1,45,395,random_baseline,0.2362002567394095,0.03513763818715854,0.23958333333333334,0.23291139240506328,0.19393939393939394,0.1994949494949495,1980,0.2337992376111817
142,A04,1,51,455,random_baseline,0.18260869565217389,0.03450587586481377,0.18064516129032257,0.18461538461538463,0.18235294117647058,0.1784313725490196,2550,0.17802197802197803
143,-,0,22,165,random_baseline,0.25287356321839083,0.05690431049931159,0.34375,0.2,0.2077922077922078,0.35714285714285715,462,0.25287356321839083
144,A06,1,29,235,random_baseline,0.24509803921568626,0.04056445852719162,0.28901734104046245,0.2127659574468085,0.21305418719211822,0.2894088669950739,812,0.24271844660194175
145,A03,1,39,335,random_baseline,0.17984496124031008,0.033282372811901766,0.1870967741935484,0.17313432835820897,0.20917678812415655,0.22604588394062078,1482,0.1781874039938556
146,A02,1,24,185,random_baseline,0.2408026755852843,0.0474628161979405,0.3157894736842105,0.1945945945945946,0.20652173913043478,0.3351449275362319,552,0.23841059602649006
147,A01,1,52,465,random_baseline,0.18899273104880582,0.031907385825000245,0.1827309236947791,0.1956989247311828,0.18778280542986425,0.1753393665158371,2652,0.17792068595927119
148,A01,1,47,415,random_baseline,0.22276621787025702,0.03558307786700861,0.2263681592039801,0.21927710843373494,0.18593894542090658,0.19195189639222943,2162,0.22062350119904076
149,A04,1,54,485,random_baseline,0.176,0.030537839799283546,0.170873786407767,0.18144329896907216,0.17994409503843467,0.1694619147449336,2862,0.17337461300309598
150,A01,1,45,395,random_baseline,0.22641509433962267,0.03214129503117109,0.225,0.22784810126582278,0.20202020202020202,0.1994949494949495,1980,0.2261753494282084
151,-,0,45,395,random_baseline,0.1861635220125786,0.031746566366800885,0.185,0.18734177215189873,0.20202020202020202,0.1994949494949495,1980,0.1804320203303685
152,A05,1,9,36,random_baseline,0.2608695652173913,0.275510972851594,0.6,0.16666666666666666,0.1388888888888889,0.5,72,0.25
153,A02,1,47,415,random_baseline,0.2009685230024213,0.035444430794138,0.20194647201946472,0.2,0.19010175763182238,0.19195189639222943,2162,0.19904076738609114
154,A01,1,58,525,random_baseline,0.1680365296803653,0.03536008642456451,0.16140350877192983,0.17523809523809525,0.1724137931034483,0.1588021778584392,3306,0.16396568160152525
155,A01,1,57,515,random_baseline,0.17913204062788549,0.03179619078534966,0.17077464788732394,0.1883495145631068,0.17794486215538846,0.1613408521303258,3192,0.17348927875243664
156,A06,1,29,235,random_baseline,0.24271844660194175,0.034005626140904445,0.2824858757062147,0.2127659574468085,0.21798029556650247,0.2894088669950739,812,0.24271844660194175
157,A05,1,18,125,random_baseline,0.29032258064516125,0.06942486479146043,0.4426229508196721,0.216,0.19934640522875818,0.4084967320261438,306,0.29032258064516125
158,A06,1,20,145,random_baseline,0.2690582959641255,0.04760782233681594,0.38461538461538464,0.20689655172413793,0.20526315789473684,0.3815789473684211,380,0.2690582959641255
159,-,0,30,245,random_baseline,0.2552204176334107,0.039969541889146004,0.2956989247311828,0.22448979591836735,0.21379310344827587,0.28160919540229884,870,0.2528735632183908
160,-,0,55,495,random_baseline,0.18743961352657007,0.03125408073264215,0.17962962962962964,0.19595959595959597,0.18181818181818182,0.16666666666666666,2970,0.17943548387096775
161,A06,1,34,285,random_baseline,0.23728813559322032,0.04000460377047643,0.25609756097560976,0.22105263157894736,0.2192513368983957,0.2540106951871658,1122,0.23728813559322032
162,-,0,41,355,random_baseline,0.2374821173104435,0.034085356867552735,0.24127906976744187,0.23380281690140844,0.2097560975609756,0.21646341463414634,1640,0.2374821173104435
163,A05,1,40,345,random_baseline,0.2305389221556886,0.034056296337106495,0.23839009287925697,0.22318840579710145,0.20705128205128207,0.22115384615384615,1560,0.22814814814814813
164,A02,1,49,435,random_baseline,0.1930415263748597,0.029663309518280785,0.18859649122807018,0.19770114942528735,0.19387755102040816,0.18494897959183673,2352,0.1901489117983963
165,-,0,34,285,random_baseline,0.22598870056497175,0.03326015972993414,0.24390243902439024,0.21052631578947367,0.2192513368983957,0.2540106951871658,1122,0.22598870056497175
166,-,0,24,185,random_baseline,0.27814569536423844,0.032578739275699375,0.358974358974359,0.22702702702702704,0.21195652173913043,0.3351449275362319,552,0.27814569536423844
167,A05,1,28,225,random_baseline,0.23650385604113114,0.043681724509532956,0.2804878048780488,0.20444444444444446,0.21693121693121692,0.2976190476190476,756,0.23650385604113114
168,A04,1,46,405,random_baseline,0.1876606683804627,0.038099488555484465,0.19571045576407506,0.18024691358024691,0.18019323671497584,0.1956521739130435,2070,0.1849568434032059
169,A05,1,9,36,random_baseline,0.20833333333333334,0.4059005647801361,0.4166666666666667,0.1388888888888889,0.16666666666666666,0.5,72,0.20833333333333334
170,A05,1,21,155,random_baseline,0.23333333333333334,0.05411614399157245,0.32941176470588235,0.18064516129032257,0.20238095238095238,0.36904761904761907,420,0.23140495867768596
171,A02,1,23,175,random_baseline,0.2206405693950178,0.058233454384314834,0.29245283018867924,0.17714285714285713,0.20948616600790515,0.3458498023715415,506,0.2206405693950178
172,A02,1,54,485,random_baseline,0.18595450049455983,0.03167751271258826,0.17870722433460076,0.19381443298969073,0.18378756114605171,0.1694619147449336,2862,0.17956656346749222
173,A05,1,31,255,random_baseline,0.24367816091954025,0.045363600946472675,0.29444444444444445,0.20784313725490197,0.1935483870967742,0.27419354838709675,930,0.23965141612200436
174,A02,1,50,445,random_baseline,0.20758928571428573,0.03505255571115545,0.20620842572062084,0.20898876404494382,0.1840816326530612,0.1816326530612245,2450,0.20293122886133033
175,A06,1,30,245,random_baseline,0.22068965517241376,0.03492519282011237,0.25263157894736843,0.19591836734693877,0.21839080459770116,0.28160919540229884,870,0.22068965517241376
176,A03,1,55,495,random_baseline,0.16231884057971016,0.031391653517371776,0.15555555555555556,0.1696969696969697,0.18181818181818182,0.16666666666666666,2970,0.14919354838709678
177,A01,1,43,375,random_baseline,0.22757697456492637,0.03201214001923585,0.22849462365591397,0.22666666666666666,0.2059800664451827,0.20764119601328904,1806,0.22757697456492637
178,A02,1,26,205,random_baseline,0.25,0.052780734645546126,0.30935251798561153,0.2097560975609756,0.21384615384615385,0.3153846153846154,650,0.25
179,A05,1,43,375,random_baseline,0.17670682730923695,0.03406185133421551,0.1774193548387097,0.176,0.2059800664451827,0.20764119601328904,1806,0.17670682730923695
180,-,0,25,195,random_baseline,0.2786377708978328,0.049632677688008504,0.3515625,0.23076923076923078,0.21333333333333335,0.325,600,0.2786377708978328
181,A02,1,48,425,random_baseline,0.16171224732461356,0.036128400099189675,0.16346153846153846,0.16,0.18439716312056736,0.18838652482269502,2256,0.160188457008245
182,A02,1,58,525,random_baseline,0.1933152664859982,0.03171438127294679,0.18384879725085912,0.2038095238095238,0.17604355716878403,0.1588021778584392,3306,0.1811248808388942
183,A06,1,17,115,random_baseline,0.26035502958579876,0.07338461456863926,0.4074074074074074,0.19130434782608696,0.19852941176470587,0.4227941176470588,272,0.26035502958579876
184,A03,1,39,335,random_baseline,0.20276497695852536,0.032293007654277464,0.2088607594936709,0.19701492537313434,0.21322537112010798,0.22604588394062078,1482,0.20276497695852536
185,A06,1,33,275,random_baseline,0.26294820717131473,0.03357278694567379,0.2907488986784141,0.24,0.21496212121212122,0.2604166666666667,1056,0.2603550295857988
186,A03,1,30,245,random_baseline,0.22988505747126436,0.04245086629311885,0.2631578947368421,0.20408163265306123,0.21839080459770116,0.28160919540229884,870,0.22988505747126436
187,-,0,29,235,random_baseline,0.18446601941747573,0.035167607704082476,0.21468926553672316,0.16170212765957448,0.21798029556650247,0.2894088669950739,812,0.18446601941747573
188,-,0,31,255,random_baseline,0.26373626373626374,0.03951532740951688,0.3,0.23529411764705882,0.21505376344086022,0.27419354838709675,930,0.26143790849673204
189,A04,1,39,335,random_baseline,0.21812596006144394,0.0331979056839886,0.22468354430379747,0.21194029850746268,0.21322537112010798,0.22604588394062078,1482,0.21812596006144394
190,A05,1,32,265,random_baseline,0.26086956521739135,0.038880420482804746,0.2889908256880734,0.23773584905660378,0.21975806451612903,0.26713709677419356,992,0.26086956521739135
191,A06,1,27,215,random_baseline,0.28415300546448086,0.04218073816537336,0.3443708609271523,0.24186046511627907,0.2150997150997151,0.30626780626780625,702,0.28415300546448086
192,A03,1,46,405,random_baseline,0.1807081807081807,0.03276730677482637,0.178743961352657,0.18271604938271604,0.2,0.1956521739130435,2070,0.1775585696670777
193,A04,1,40,345,random_baseline,0.23952095808383234,0.037846740657436186,0.2476780185758514,0.2318840579710145,0.20705128205128207,0.22115384615384615,1560,0.23703703703703702
194,A05,1,13,75,random_baseline,0.3137254901960784,0.0929831620537979,0.5925925925925926,0.21333333333333335,0.17307692307692307,0.4807692307692308,156,0.3076923076923077
195,A04,1,26,205,random_baseline,0.31085043988269795,0.040478432593852524,0.3897058823529412,0.25853658536585367,0.20923076923076922,0.3153846153846154,650,0.3081395348837209
196,A02,1,31,255,random_baseline,0.24836601307189546,0.03929458487535595,0.27941176470588236,0.2235294117647059,0.21935483870967742,0.27419354838709675,930,0.24836601307189546
197,A01,1,35,295,random_baseline,0.23783783783783782,0.03799622688169897,0.25384615384615383,0.22372881355932203,0.2184873949579832,0.24789915966386555,1190,0.23783783783783782
198,A02,1,49,435,random_baseline,0.18518518518518517,0.03316822095214722,0.1864801864801865,0.1839080459770115,0.18239795918367346,0.18494897959183673,2352,0.18327605956471935
199,A01,1,52,465,random_baseline,0.15384615384615385,0.03652092552090327,0.15502183406113537,0.15268817204301074,0.1726998491704374,0.1753393665158371,2652,0.15219721329046088
200,A04,1,39,335,random_baseline,0.23963133640552994,0.035931551539186965,0.2468354430379747,0.23283582089552238,0.21322537112010798,0.22604588394062078,1482,0.23963133640552994
201,A02,1,29,235,random_baseline,0.2184466019417476,0.04821316772785583,0.2542372881355932,0.19148936170212766,0.21798029556650247,0.2894088669950739,812,0.2184466019417476
202,A02,1,38,325,random_baseline,0.2232854864433812,0.033814643330221134,0.23178807947019867,0.2153846153846154,0.2147937411095306,0.23115220483641535,1406,0.2232854864433812
203,A05,1,24,185,random_baseline,0.2582781456953643,0.055641763470304736,0.3333333333333333,0.21081081081081082,0.21195652173913043,0.3351449275362319,552,0.2582781456953643
204,A01,1,46,405,random_baseline,0.16876574307304787,0.035926693289358075,0.17223650385604114,0.1654320987654321,0.18792270531400967,0.1956521739130435,2070,0.1652281134401973
205,A05,1,29,235,random_baseline,0.26213592233009714,0.0362687963403981,0.3050847457627119,0.2297872340425532,0.21798029556650247,0.2894088669950739,812,0.26213592233009714
206,A04,1,40,345,random_baseline,0.2548148148148148,0.03228281445660784,0.2606060606060606,0.2492753623188406,0.21153846153846154,0.22115384615384615,1560,0.2548148148148148
207,A03,1,42,365,random_baseline,0.21576763485477177,0.034366007377565455,0.21787709497206703,0.2136986301369863,0.20789779326364694,0.21196283391405343,1722,0.21576763485477177
208,A04,1,51,455,random_baseline,0.18956336528221515,0.030658921873449846,0.18388429752066116,0.1956043956043956,0.18980392156862744,0.1784313725490196,2550,0.18461538461538463
209,A01,1,57,515,random_baseline,0.19021237303785782,0.03295191698641593,0.1813380281690141,0.2,0.17794486215538846,0.1613408521303258,3192,0.17348927875243664
210,A03,1,36,305,random_baseline,0.22107081174438686,0.03113011484037019,0.23357664233576642,0.2098360655737705,0.21746031746031746,0.24206349206349206,1260,0.22107081174438686
211,A03,1,65,595,random_baseline,0.17287866772402855,0.03344453603029857,0.16366366366366367,0.18319327731092436,0.16009615384615383,0.14302884615384615,4160,0.16429170159262366
212,A04,1,40,345,random_baseline,0.21333333333333332,0.03183579231038539,0.21818181818181817,0.20869565217391303,0.21153846153846154,0.22115384615384615,1560,0.21333333333333332
213,A05,1,54,485,random_baseline,0.18199802176063304,0.03231925210890601,0.17490494296577946,0.18969072164948453,0.18378756114605171,0.1694619147449336,2862,0.17337461300309598
214,-,0,25,195,random_baseline,0.23529411764705885,0.03057107656850823,0.296875,0.19487179487179487,0.21333333333333335,0.325,600,0.23529411764705885
215,A05,1,38,325,random_baseline,0.1990049751243781,0.04227226209486779,0.2158273381294964,0.18461538461538463,0.19772403982930298,0.23115220483641535,1406,0.1977671451355662
216,A06,1,37,315,random_baseline,0.21254355400696864,0.038228952433960836,0.23552123552123552,0.19365079365079366,0.19444444444444445,0.23648648648648649,1332,0.20895522388059704
217,A06,1,40,345,random_baseline,0.21925925925925924,0.033230386581161495,0.22424242424242424,0.2144927536231884,0.21153846153846154,0.22115384615384615,1560,0.21925925925925924
218,-,0,29,235,random_baseline,0.22330097087378642,0.048029559551210355,0.2598870056497175,0.19574468085106383,0.21798029556650247,0.2894088669950739,812,0.22330097087378642
219,A04,1,40,345,random_baseline,0.2459259259259259,0.033770736202546975,0.2515151515151515,0.24057971014492754,0.21153846153846154,0.22115384615384615,1560,0.2459259259259259
220,A01,1,49,435,random_baseline,0.17957351290684623,0.035481176360575295,0.17543859649122806,0.1839080459770115,0.19387755102040816,0.18494897959183673,2352,0.17640320733104237
221,A03,1,65,595,random_baseline,0.1631372549019608,0.029020867590847908,0.15294117647058825,0.17478991596638654,0.16346153846153846,0.14302884615384615,4160,0.14920368818105614
222,A01,1,50,445,random_baseline,0.1989071038251366,0.03216685155596416,0.19361702127659575,0.20449438202247192,0.19183673469387755,0.1816326530612245,2450,0.19165727170236754
223,A06,1,21,155,random_baseline,0.3553719008264463,0.049829648606778826,0.4942528735632184,0.27741935483870966,0.20714285714285716,0.36904761904761907,420,0.3553719008264463
224,A03,1,45,395,random_baseline,0.19195849546044103,0.03280201448842769,0.19680851063829788,0.18734177215189873,0.1898989898989899,0.1994949494949495,1980,0.19059720457433288
225,A06,1,31,255,random_baseline,0.2618510158013544,0.045052972227026956,0.30851063829787234,0.22745098039215686,0.2021505376344086,0.27419354838709675,930,0.26143790849673204
226,A04,1,46,405,random_baseline,0.17826617826617824,0.03141807940670219,0.17632850241545894,0.18024691358024691,0.2,0.1956521739130435,2070,0.1775585696670777
227,A01,1,51,455,random_baseline,0.19079685746352412,0.03943329505350694,0.19495412844036697,0.18681318681318682,0.17098039215686275,0.1784313725490196,2550,0.18681318681318682
228,A03,1,47,415,random_baseline,0.1826809015421115,0.0315792395535788,0.17990654205607476,0.1855421686746988,0.19796484736355227,0.19195189639222943,2162,0.17985611510791366
229,A01,1,48,425,random_baseline,0.183115338882283,0.03517861807348248,0.18509615384615385,0.1811764705882353,0.18439716312056736,0.18838652482269502,2256,0.18138987043580684
230,A01,1,53,475,random_baseline,0.16413373860182373,0.02957701108719829,0.158203125,0.1705263157894737,0.18577648766328012,0.1723512336719884,2756,0.160676532769556
231,A06,1,32,265,random_baseline,0.26086956521739135,0.03748575659653022,0.2889908256880734,0.23773584905660378,0.21975806451612903,0.26713709677419356,992,0.26086956521739135
232,A02,1,63,575,random_baseline,0.15484922575387122,0.03422190009481467,0.14570552147239263,0.16521739130434782,0.16692268305171531,0.1472094214029698,3906,0.14273281114012187
233,A03,1,44,385,random_baseline,0.22308690012970167,0.029533501208580556,0.22279792746113988,0.22337662337662337,0.2040169133192389,0.20348837209302326,1892,0.22308690012970167
234,A05,1,24,185,random_baseline,0.20833333333333334,0.04947531904067597,0.2912621359223301,0.16216216216216217,0.18659420289855072,0.3351449275362319,552,0.2052980132450331
235,A01,1,47,415,random_baseline,0.21115065243179124,0.030965713247590818,0.20794392523364486,0.21445783132530122,0.19796484736355227,0.19195189639222943,2162,0.20863309352517986
236,A01,1,55,495,random_baseline,0.17584541062801934,0.03211924374980547,0.1685185185185185,0.18383838383838383,0.18181818181818182,0.16666666666666666,2970,0.17338709677419353
237,A02,1,28,225,random_baseline,0.24678663239074553,0.04548530946268312,0.2926829268292683,0.21333333333333335,0.21693121693121692,0.2976190476190476,756,0.24678663239074553
238,A06,1,37,315,random_baseline,0.24455611390284757,0.03228619475748349,0.25886524822695034,0.23174603174603176,0.21171171171171171,0.23648648648648649,1332,0.24212271973466
239,A01,1,49,435,random_baseline,0.19931271477663234,0.03383813159877051,0.19863013698630136,0.2,0.18622448979591838,0.18494897959183673,2352,0.19931271477663234
240,A03,1,58,525,random_baseline,0.16440831074977416,0.030500702353392514,0.1563573883161512,0.17333333333333334,0.17604355716878403,0.1588021778584392,3306,0.14680648236415633
241,A06,1,34,285,random_baseline,0.23728813559322032,0.03362685672392099,0.25609756097560976,0.22105263157894736,0.2192513368983957,0.2540106951871658,1122,0.23728813559322032
242,A06,1,38,325,random_baseline,0.23188405797101452,0.03390367787868231,0.24324324324324326,0.22153846153846155,0.21052631578947367,0.23115220483641535,1406,0.2296650717703349
243,A02,1,26,205,random_baseline,0.27906976744186046,0.05515098323516087,0.34532374100719426,0.23414634146341465,0.21384615384615385,0.3153846153846154,650,0.27906976744186046
244,A04,1,54,485,random_baseline,0.1641938674579624,0.031455022420947644,0.15779467680608364,0.1711340206185567,0.18378756114605171,0.1694619147449336,2862,0.1568627450980392
245,A06,1,13,75,random_baseline,0.28846153846153844,0.0738371879054326,0.5172413793103449,0.2,0.1858974358974359,0.4807692307692308,156,0.28846153846153844
246,A02,1,46,405,random_baseline,0.19047619047619047,0.03267820598324542,0.18840579710144928,0.1925925925925926,0.2,0.1956521739130435,2070,0.187422934648582
247,A04,1,32,265,random_baseline,0.23188405797101452,0.0390530307587976,0.25688073394495414,0.21132075471698114,0.21975806451612903,0.26713709677419356,992,0.23188405797101452
248,A06,1,34,285,random_baseline,0.2448210922787194,0.03250801099522123,0.26422764227642276,0.22807017543859648,0.2192513368983957,0.2540106951871658,1122,0.2448210922787194
249,A03,1,38,325,random_baseline,0.2169059011164274,0.035422150774933596,0.2251655629139073,0.20923076923076922,0.2147937411095306,0.23115220483641535,1406,0.2169059011164274
250,A01,1,52,465,random_baseline,0.19522326064382137,0.03260457059087256,0.18875502008032127,0.2021505376344086,0.18778280542986425,0.1753393665158371,2652,0.18649517684887457
251,A05,1,26,205,random_baseline,0.25,0.04314775548035941,0.30935251798561153,0.2097560975609756,0.21384615384615385,0.3153846153846154,650,0.25
252,-,0,19,135,random_baseline,0.24630541871921183,0.06383714060472004,0.36764705882352944,0.18518518518518517,0.19883040935672514,0.39473684210526316,342,0.24509803921568626
253,A05,1,24,185,random_baseline,0.28093645484949836,0.050404545211443656,0.3684210526315789,0.22702702702702704,0.20652173913043478,0.3351449275362319,552,0.27814569536423844
254,A01,1,49,435,random_baseline,0.2016036655211913,0.03436469028047095,0.2009132420091324,0.20229885057471264,0.18622448979591838,0.18494897959183673,2352,0.2016036655211913
255,A03,1,52,465,random_baseline,0.1640706126687435,0.028258603870049907,0.15863453815261044,0.16989247311827957,0.18778280542986425,0.1753393665158371,2652,0.15005359056806
256,A05,1,31,255,random_baseline,0.2440087145969499,0.04150403421881264,0.27450980392156865,0.2196078431372549,0.21935483870967742,0.27419354838709675,930,0.2440087145969499
257,A05,1,18,125,random_baseline,0.25,0.05596140708806639,0.3898305084745763,0.184,0.19281045751633988,0.4084967320261438,306,0.24731182795698925
258,A04,1,49,435,random_baseline,0.2042648709315376,0.034668269705009455,0.19956140350877194,0.20919540229885059,0.19387755102040816,0.18494897959183673,2352,0.19702176403207333
259,A04,1,48,425,random_baseline,0.20046620046620048,0.03365837469254388,0.19861431870669746,0.2023529411764706,0.19193262411347517,0.18838652482269502,2256,0.20023557126030625
260,A05,1,22,165,random_baseline,0.27586206896551724,0.053819934822822754,0.375,0.21818181818181817,0.2077922077922078,0.35714285714285715,462,0.27586206896551724
261,A01,1,39,335,random_baseline,0.2150537634408602,0.03130598190683099,0.22151898734177214,0.208955223880597,0.21322537112010798,0.22604588394062078,1482,0.2150537634408602
262,A05,1,32,265,random_baseline,0.2689804772234274,0.0392395027822759,0.3163265306122449,0.2339622641509434,0.1975806451612903,0.26713709677419356,992,0.2567287784679089
263,A03,1,61,555,random_baseline,0.18680377035132817,0.03270375512234193,0.1781045751633987,0.1963963963963964,0.16721311475409836,0.15163934426229508,3660,0.16666666666666666
264,A03,1,58,525,random_baseline,0.17343173431734318,0.032877392353839276,0.16815742397137745,0.17904761904761904,0.16908650937689051,0.1588021778584392,3306,0.16777883698760723
265,A01,1,52,465,random_baseline,0.19106957424714432,0.033159318408033524,0.18473895582329317,0.1978494623655914,0.18778280542986425,0.1753393665158371,2652,0.18863879957127547
266,-,0,44,385,random_baseline,0.2149410222804718,0.031170062467090837,0.21693121693121692,0.21298701298701297,0.19978858350951373,0.20348837209302326,1892,0.2127107652399481
267,A04,1,45,395,random_baseline,0.21132075471698114,0.0334215899453258,0.21,0.21265822784810126,0.20202020202020202,0.1994949494949495,1980,0.20584498094027956
268,A03,1,67,615,random_baseline,0.14514896867838042,0.03297004504942443,0.13688760806916425,0.15447154471544716,0.15694255992763456,0.1390773405698779,4422,0.1258169934640523
269,A06,1,43,375,random_baseline,0.19812583668005357,0.03423142265504878,0.1989247311827957,0.19733333333333333,0.2059800664451827,0.20764119601328904,1806,0.19812583668005357
270,A02,1,44,385,random_baseline,0.17639429312581062,0.03133488408931021,0.17616580310880828,0.17662337662337663,0.2040169133192389,0.20348837209302326,1892,0.17639429312581062
271,A03,1,49,435,random_baseline,0.19977553310886642,0.031223104781282325,0.19517543859649122,0.2045977011494253,0.19387755102040816,0.18494897959183673,2352,0.1901489117983963
272,A02,1,42,365,random_baseline,0.23743016759776533,0.03728583738898646,0.24216524216524216,0.2328767123287671,0.2038327526132404,0.21196283391405343,1722,0.2351313969571231
273,A03,1,42,365,random_baseline,0.19020172910662825,0.03848031312402685,0.2006079027355623,0.18082191780821918,0.1910569105691057,0.21196283391405343,1722,0.18810511756569848
274,A01,1,55,495,random_baseline,0.1642512077294686,0.03236475936403821,0.1574074074074074,0.1717171717171717,0.18181818181818182,0.16666666666666666,2970,0.1532258064516129
275,A03,1,45,395,random_baseline,0.16772554002541296,0.03462135321890926,0.1683673469387755,0.1670886075949367,0.19797979797979798,0.1994949494949495,1980,0.16772554002541296
276,A01,1,49,435,random_baseline,0.2042648709315376,0.033706453953325256,0.19956140350877194,0.20919540229885059,0.19387755102040816,0.18494897959183673,2352,0.19931271477663234
277,-,0,33,275,random_baseline,0.23123732251521298,0.03869740992020654,0.26146788990825687,0.20727272727272728,0.20643939393939395,0.2604166666666667,1056,0.22879684418145954
278,A04,1,48,425,random_baseline,0.17531718569780855,0.030341532132842918,0.17194570135746606,0.17882352941176471,0.19592198581560283,0.18838652482269502,2256,0.17196702002355713
279,A06,1,20,145,random_baseline,0.23318385650224216,0.03778021993381304,0.3333333333333333,0.1793103448275862,0.20526315789473684,0.3815789473684211,380,0.23318385650224216
280,A01,1,63,575,random_baseline,0.1499176276771005,0.03235408953203772,0.14241001564945227,0.1582608695652174,0.16359447004608296,0.1472094214029698,3906,0.1462140992167102
281,A05,1,18,125,random_baseline,0.2688172043010753,0.052173646794951165,0.4098360655737705,0.2,0.19934640522875818,0.4084967320261438,306,0.2688172043010753
282,A06,1,21,155,random_baseline,0.29166666666666663,0.05461155198402299,0.4117647058823529,0.22580645161290322,0.20238095238095238,0.36904761904761907,420,0.2892561983471075
283,A05,1,20,145,random_baseline,0.26008968609865474,0.04754940893534512,0.3717948717948718,0.2,0.20526315789473684,0.3815789473684211,380,0.26008968609865474
284,-,0,30,245,random_baseline,0.22988505747126436,0.04682295038151556,0.2631578947368421,0.20408163265306123,0.21839080459770116,0.28160919540229884,870,0.22988505747126436
285,A02,1,42,365,random_baseline,0.21300138312586447,0.03188249394589264,0.21508379888268156,0.21095890410958903,0.20789779326364694,0.21196283391405343,1722,0.21300138312586447
286,A04,1,35,295,random_baseline,0.22545454545454546,0.04155388544477674,0.24313725490196078,0.21016949152542372,0.21428571428571427,0.24789915966386555,1190,0.22342342342342342
287,A02,1,41,355,random_baseline,0.2088698140200286,0.034016200132509763,0.21220930232558138,0.2056338028169014,0.2097560975609756,0.21646341463414634,1640,0.2088698140200286
288,A03,1,40,345,random_baseline,0.20059880239520958,0.03208918069464064,0.20743034055727555,0.19420289855072465,0.20705128205128207,0.22115384615384615,1560,0.1985185185185185
289,A06,1,43,375,random_baseline,0.2203626220362622,0.04013822452802431,0.2309941520467836,0.21066666666666667,0.1893687707641196,0.20764119601328904,1806,0.21419009370816602
290,A02,1,41,355,random_baseline,0.21173104434907009,0.03132246261500764,0.21511627906976744,0.2084507042253521,0.2097560975609756,0.21646341463414634,1640,0.21173104434907009
291,A04,1,40,345,random_baseline,0.2311111111111111,0.035177394147346594,0.23636363636363636,0.22608695652173913,0.21153846153846154,0.22115384615384615,1560,0.2311111111111111
292,-,0,21,155,random_baseline,0.2583333333333333,0.06928047215210666,0.36470588235294116,0.2,0.20238095238095238,0.36904761904761907,420,0.256198347107438
293,-,0,23,175,random_baseline,0.21352313167259787,0.04086925267091131,0.2830188679245283,0.17142857142857143,0.20948616600790515,0.3458498023715415,506,0.21352313167259787
294,A03,1,45,395,random_baseline,0.1962264150943396,0.031196660966229323,0.195,0.19746835443037974,0.20202020202020202,0.1994949494949495,1980,0.193138500635324
295,A02,1,55,495,random_baseline,0.17971014492753623,0.03183051799930624,0.17222222222222222,0.18787878787878787,0.18181818181818182,0.16666666666666666,2970,0.16935483870967744
296,-,0,11,55,random_baseline,0.273972602739726,0.22334279806821672,0.5555555555555556,0.18181818181818182,0.16363636363636364,0.5,110,0.2702702702702703
297,A04,1,44,385,random_baseline,0.20492866407263297,0.033279211387722545,0.20466321243523317,0.2051948051948052,0.2040169133192389,0.20348837209302326,1892,0.20492866407263297
298,A03,1,58,525,random_baseline,0.16982836495031617,0.030945129668015534,0.16151202749140894,0.17904761904761904,0.17604355716878403,0.1588021778584392,3306,0.1563393708293613
299,A03,1,44,385,random_baseline,0.1957671957671958,0.03397525150085033,0.19946091644204852,0.19220779220779222,0.19608879492600423,0.20348837209302326,1892,0.1945525291828794
300,A02,1,51,455,random_baseline,0.16826411075612355,0.03402331409325614,0.16322314049586778,0.17362637362637362,0.18980392156862744,0.1784313725490196,2550,0.16483516483516483
301,A04,1,46,405,random_baseline,0.21245421245421242,0.032871722179543775,0.21014492753623187,0.21481481481481482,0.2,0.1956521739130435,2070,0.20715166461159062
302,-,0,35,295,random_baseline,0.23423423423423426,0.031136944146735013,0.25,0.22033898305084745,0.2184873949579832,0.24789915966386555,1190,0.23423423423423426
303,A06,1,32,265,random_baseline,0.3064182194616977,0.0350317495527399,0.3394495412844037,0.2792452830188679,0.21975806451612903,0.26713709677419356,992,0.3064182194616977
304,A04,1,40,345,random_baseline,0.23206106870229007,0.04040292520625406,0.24516129032258063,0.22028985507246376,0.1987179487179487,0.22115384615384615,1560,0.2311111111111111
305,A06,1,40,345,random_baseline,0.2311111111111111,0.02943853417347425,0.23636363636363636,0.22608695652173913,0.21153846153846154,0.22115384615384615,1560,0.2311111111111111
306,A04,1,51,455,random_baseline,0.19169329073482427,0.03207283223800677,0.1859504132231405,0.1978021978021978,0.18980392156862744,0.1784313725490196,2550,0.1912087912087912
307,A05,1,36,305,random_baseline,0.24041811846689892,0.03361881095954996,0.25650557620817843,0.2262295081967213,0.21349206349206348,0.24206349206349206,1260,0.2383419689119171
308,A03,1,53,475,random_baseline,0.21073961499493413,0.031724241186999964,0.203125,0.21894736842105264,0.18577648766328012,0.1723512336719884,2756,0.20507399577167024
309,A04,1,47,415,random_baseline,0.22301304863582444,0.031534737519365766,0.21962616822429906,0.22650602409638554,0.19796484736355227,0.19195189639222943,2162,0.2158273381294964
310,A05,1,22,165,random_baseline,0.3065134099616858,0.05445248755875229,0.4166666666666667,0.24242424242424243,0.2077922077922078,0.35714285714285715,462,0.3065134099616858
311,A04,1,45,395,random_baseline,0.21635220125786161,0.0322928353952214,0.215,0.21772151898734177,0.20202020202020202,0.1994949494949495,1980,0.20584498094027956
312,A05,1,29,235,random_baseline,0.2475728155339806,0.04491868518060445,0.288135593220339,0.2170212765957447,0.21798029556650247,0.2894088669950739,812,0.2475728155339806
313,A03,1,58,525,random_baseline,0.2005420054200542,0.032147400236045204,0.19072164948453607,0.21142857142857144,0.17604355716878403,0.1588021778584392,3306,0.19447092469018112
314,A03,1,52,465,random_baseline,0.18899273104880582,0.028774613886244794,0.1827309236947791,0.1956989247311828,0.18778280542986425,0.1753393665158371,2652,0.18649517684887457
315,A04,1,42,365,random_baseline,0.22130013831258644,0.034046566333288494,0.22346368715083798,0.2191780821917808,0.20789779326364694,0.21196283391405343,1722,0.22130013831258644
316,A04,1,33,275,random_baseline,0.29191321499013806,0.03536686976781059,0.31896551724137934,0.2690909090909091,0.2196969696969697,0.2604166666666667,1056,0.29191321499013806
317,A05,1,29,235,random_baseline,0.25728155339805825,0.043134448599739916,0.2994350282485876,0.225531914893617,0.21798029556650247,0.2894088669950739,812,0.25728155339805825
318,A04,1,40,345,random_baseline,0.20359281437125748,0.037549783359862206,0.21052631578947367,0.19710144927536233,0.20705128205128207,0.22115384615384615,1560,0.20148148148148148
319,A01,1,42,365,random_baseline,0.1921397379912664,0.045389444820085646,0.20496894409937888,0.18082191780821918,0.18699186991869918,0.21196283391405343,1722,0.1908713692946058
320,-,0,38,325,random_baseline,0.2073365231259968,0.031648844003023695,0.2152317880794702,0.2,0.2147937411095306,0.23115220483641535,1406,0.2073365231259968
321,-,0,31,255,random_baseline,0.2305986696230599,0.04588136477863425,0.2653061224489796,0.20392156862745098,0.210752688172043,0.27419354838709675,930,0.22657952069716775
322,-,0,30,245,random_baseline,0.2574712643678161,0.04634903770224351,0.29473684210526313,0.22857142857142856,0.21839080459770116,0.28160919540229884,870,0.2574712643678161
323,A04,1,32,265,random_baseline,0.22360248447204972,0.040287617937879425,0.24770642201834864,0.2037735849056604,0.21975806451612903,0.26713709677419356,992,0.22360248447204972
324,A02,1,28,225,random_baseline,0.2805194805194805,0.047451200379072474,0.3375,0.24,0.21164021164021163,0.2976190476190476,756,0.27763496143958866
325,A04,1,40,345,random_baseline,0.2074074074074074,0.036343050070389085,0.21212121212121213,0.2028985507246377,0.21153846153846154,0.22115384615384615,1560,0.2074074074074074
326,A05,1,28,225,random_baseline,0.2570694087403599,0.04478055390356239,0.3048780487804878,0.2222222222222222,0.21693121693121692,0.2976190476190476,756,0.2570694087403599
327,A02,1,43,375,random_baseline,0.20883534136546184,0.031068852024617455,0.20967741935483872,0.208,0.2059800664451827,0.20764119601328904,1806,0.20883534136546184
328,A02,1,44,385,random_baseline,0.2,0.03694024008139512,0.2084507042253521,0.19220779220779222,0.1876321353065539,0.20348837209302326,1892,0.19974059662775615
329,A03,1,52,465,random_baseline,0.17860851505711317,0.030917115398060288,0.17269076305220885,0.18494623655913978,0.18778280542986425,0.1753393665158371,2652,0.17148981779206862
330,A04,1,45,395,random_baseline,0.19119496855345913,0.032428445536189135,0.19,0.19240506329113924,0.20202020202020202,0.1994949494949495,1980,0.19059720457433288
331,A03,1,52,465,random_baseline,0.16822429906542055,0.031174382699465673,0.16265060240963855,0.17419354838709677,0.18778280542986425,0.1753393665158371,2652,0.1607717041800643
332,-,0,33,275,random_baseline,0.26429980276134124,0.03218717120582018,0.28879310344827586,0.24363636363636362,0.2196969696969697,0.2604166666666667,1056,0.26429980276134124
333,A03,1,57,515,random_baseline,0.18470149253731344,0.03283300773078747,0.17773788150807898,0.19223300970873786,0.17449874686716793,0.1613408521303258,3192,0.17153996101364521
334,-,0,45,395,random_baseline,0.1861635220125786,0.031965617890770695,0.185,0.18734177215189873,0.20202020202020202,0.1994949494949495,1980,0.1804320203303685
335,A06,1,23,175,random_baseline,0.23487544483985767,0.05975940616423986,0.3113207547169811,0.18857142857142858,0.20948616600790515,0.3458498023715415,506,0.23487544483985767
336,A01,1,55,495,random_baseline,0.16231884057971016,0.032496185145672304,0.15555555555555556,0.1696969696969697,0.18181818181818182,0.16666666666666666,2970,0.15524193548387097
337,A01,1,46,405,random_baseline,0.19536019536019536,0.03157430637289887,0.1932367149758454,0.19753086419753085,0.2,0.1956521739130435,2070,0.18988902589395806
338,-,0,37,315,random_baseline,0.24543946932006633,0.03381189892633411,0.2569444444444444,0.23492063492063492,0.21621621621621623,0.23648648648648649,1332,0.24543946932006633
339,A01,1,49,435,random_baseline,0.202020202020202,0.03222399460164954,0.19736842105263158,0.20689655172413793,0.19387755102040816,0.18494897959183673,2352,0.1901489117983963
340,A01,1,52,465,random_baseline,0.1869158878504673,0.031637552351103264,0.18072289156626506,0.1935483870967742,0.18778280542986425,0.1753393665158371,2652,0.17577706323687028
341,A02,1,39,335,random_baseline,0.23255813953488375,0.0331380212134307,0.24193548387096775,0.22388059701492538,0.20917678812415655,0.22604588394062078,1482,0.23041474654377878
342,A01,1,46,405,random_baseline,0.18315018315018314,0.030740154306554357,0.18115942028985507,0.18518518518518517,0.2,0.1956521739130435,2070,0.18002466091245375
343,A03,1,32,265,random_baseline,0.26086956521739135,0.03899337460475162,0.2889908256880734,0.23773584905660378,0.21975806451612903,0.26713709677419356,992,0.26086956521739135
344,A06,1,31,255,random_baseline,0.27015250544662306,0.03246265040635682,0.30392156862745096,0.24313725490196078,0.21935483870967742,0.27419354838709675,930,0.27015250544662306
345,A05,1,22,165,random_baseline,0.25882352941176473,0.05959489271763498,0.36666666666666664,0.2,0.19480519480519481,0.35714285714285715,462,0.25287356321839083
346,A06,1,48,425,random_baseline,0.19607843137254902,0.030671183118878204,0.19230769230769232,0.2,0.19592198581560283,0.18838652482269502,2256,0.18845700824499412
347,A05,1,25,195,random_baseline,0.2476780185758514,0.05207404363995135,0.3125,0.20512820512820512,0.21333333333333335,0.325,600,0.2476780185758514
348,-,0,37,315,random_baseline,0.22962962962962966,0.04628167073420439,0.27555555555555555,0.19682539682539682,0.16891891891891891,0.23648648648648649,1332,0.2222222222222222
349,A01,1,49,435,random_baseline,0.17732884399551072,0.03468246687414202,0.17324561403508773,0.18160919540229886,0.19387755102040816,0.18494897959183673,2352,0.17640320733104237
0,A05,1,36,305,uniform_attn,0.12089810017271156,0.037196428571428575,0.12773722627737227,0.11475409836065574,0.21746031746031746,0.24206349206349206,1260,0.12089810017271156
1,-,0,42,365,uniform_attn,0.10773480662983426,0.036000000000000004,0.10863509749303621,0.10684931506849316,0.20847851335656215,0.21196283391405343,1722,0.10773480662983426
2,A06,1,20,145,uniform_attn,0.29596412556053814,0.03891666666666667,0.4230769230769231,0.22758620689655173,0.20526315789473684,0.3815789473684211,380,0.29596412556053814
3,A03,1,54,485,uniform_attn,0.11317073170731709,0.036,0.10740740740740741,0.11958762886597939,0.18867924528301888,0.1694619147449336,2862,0.06398348813209494
4,A06,1,24,185,uniform_attn,0.19141914191419143,0.04500000000000002,0.2457627118644068,0.15675675675675677,0.213768115942029,0.3351449275362319,552,0.19141914191419143
5,A03,1,53,475,uniform_attn,0.11388611388611389,0.036,0.10836501901140684,0.12,0.19085631349782292,0.1723512336719884,2756,0.06553911205073996
6,A06,1,41,355,uniform_attn,0.11126961483594865,0.036000000000000004,0.11271676300578035,0.10985915492957747,0.21097560975609755,0.21646341463414634,1640,0.11126961483594865
7,A03,1,56,505,uniform_attn,0.10830999066293186,0.036,0.10247349823321555,0.11485148514851486,0.18376623376623377,0.16396103896103897,3080,0.05742574257425743
8,A06,1,27,215,uniform_attn,0.15977961432506887,0.04662333333333333,0.19594594594594594,0.13488372093023257,0.21082621082621084,0.30626780626780625,702,0.15803814713896458
9,-,0,43,375,uniform_attn,0.13333333333333336,0.036,0.13076923076923078,0.136,0.2159468438538206,0.20764119601328904,1806,0.10455764075067024
10,A05,1,15,95,uniform_attn,0.44444444444444436,0.03976752645502646,0.75,0.3157894736842105,0.19047619047619047,0.4523809523809524,210,0.44444444444444436
11,A01,1,41,355,uniform_attn,0.11126961483594865,0.036000000000000004,0.11271676300578035,0.10985915492957747,0.21097560975609755,0.21646341463414634,1640,0.11126961483594865
12,A01,1,51,455,uniform_attn,0.11542497376705142,0.036,0.11044176706827309,0.12087912087912088,0.1952941176470588,0.1784313725490196,2550,0.07692307692307693
13,A02,1,54,485,uniform_attn,0.11317073170731709,0.036,0.10740740740740741,0.11958762886597939,0.18867924528301888,0.1694619147449336,2862,0.06398348813209494
14,-,0,38,325,uniform_attn,0.11483253588516745,0.036055555555555556,0.11920529801324503,0.11076923076923077,0.2147937411095306,0.23115220483641535,1406,0.11483253588516745
15,A03,1,59,535,uniform_attn,0.10341805433829974,0.036,0.09735973597359736,0.1102803738317757,0.17708942139099942,0.15634132086499122,3422,0.05390334572490706
16,A04,1,37,315,uniform_attn,0.11940298507462688,0.03668055555555555,0.125,0.11428571428571428,0.21621621621621623,0.23648648648648649,1332,0.11940298507462688
17,A05,1,27,215,uniform_attn,0.15977961432506887,0.04662333333333333,0.19594594594594594,0.13488372093023257,0.21082621082621084,0.30626780626780625,702,0.15803814713896458
18,A02,1,51,455,uniform_attn,0.11542497376705142,0.036,0.11044176706827309,0.12087912087912088,0.1952941176470588,0.1784313725490196,2550,0.07692307692307693
19,A02,1,58,525,uniform_attn,0.10554561717352416,0.036,0.09949409780775717,0.11238095238095239,0.1793708408953418,0.1588021778584392,3306,0.05502846299810246
20,A03,1,44,385,uniform_attn,0.1318124207858048,0.036,0.12871287128712872,0.13506493506493505,0.2135306553911205,0.20348837209302326,1892,0.10143042912873863
21,A05,1,7,21,uniform_attn,0.4444444444444445,0.4791666666666667,1.0,0.2857142857142857,0.14285714285714285,0.5,42,0.4444444444444445
22,A01,1,56,505,uniform_attn,0.10830999066293186,0.036,0.10247349823321555,0.11485148514851486,0.18376623376623377,0.16396103896103897,3080,0.05742574257425743
23,A03,1,47,415,uniform_attn,0.12775842044134728,0.036,0.12331838565022421,0.13253012048192772,0.2062904717853839,0.19195189639222943,2162,0.09307875894988069
24,A03,1,53,475,uniform_attn,0.11388611388611389,0.036,0.10836501901140684,0.12,0.19085631349782292,0.1723512336719884,2756,0.06553911205073996
25,A05,1,52,465,uniform_attn,0.11463664278403275,0.036,0.109375,0.12043010752688173,0.19306184012066366,0.1753393665158371,2652,0.07717041800643087
26,A06,1,31,255,uniform_attn,0.1309255079006772,0.04701095238095239,0.15425531914893617,0.11372549019607843,0.2021505376344086,0.27419354838709675,930,0.12636165577342048
27,A04,1,41,355,uniform_attn,0.11126961483594865,0.036000000000000004,0.11271676300578035,0.10985915492957747,0.21097560975609755,0.21646341463414634,1640,0.11126961483594865
28,A04,1,48,425,uniform_attn,0.12231030577576443,0.036,0.11790393013100436,0.12705882352941175,0.20301418439716312,0.18838652482269502,2256,0.09080325960419093
29,-,0,28,225,uniform_attn,0.15064935064935067,0.04535690476190476,0.18125,0.1288888888888889,0.21164021164021163,0.2976190476190476,756,0.14720812182741116
30,A01,1,48,425,uniform_attn,0.12231030577576443,0.036,0.11790393013100436,0.12705882352941175,0.20301418439716312,0.18838652482269502,2256,0.09080325960419093
31,A01,1,58,525,uniform_attn,0.10554561717352416,0.036,0.09949409780775717,0.11238095238095239,0.1793708408953418,0.1588021778584392,3306,0.05502846299810246
32,A06,1,46,405,uniform_attn,0.12903225806451615,0.036,0.125,0.13333333333333333,0.20869565217391303,0.1956521739130435,2070,0.09570552147239264
33,-,0,46,405,uniform_attn,0.12903225806451615,0.036,0.125,0.13333333333333333,0.20869565217391303,0.1956521739130435,2070,0.09570552147239264
34,A03,1,56,505,uniform_attn,0.10830999066293186,0.036,0.10247349823321555,0.11485148514851486,0.18376623376623377,0.16396103896103897,3080,0.05742574257425743
35,A06,1,28,225,uniform_attn,0.15064935064935067,0.04535690476190476,0.18125,0.1288888888888889,0.21164021164021163,0.2976190476190476,756,0.14720812182741116
36,A01,1,49,435,uniform_attn,0.11920529801324505,0.036,0.11464968152866242,0.12413793103448276,0.2002551020408163,0.18494897959183673,2352,0.08101851851851852
37,A02,1,57,515,uniform_attn,0.1060329067641682,0.036,0.1001727115716753,0.11262135922330097,0.18139097744360902,0.1613408521303258,3192,0.056201550387596895
38,A02,1,20,145,uniform_attn,0.29596412556053814,0.03891666666666667,0.4230769230769231,0.22758620689655173,0.20526315789473684,0.3815789473684211,380,0.29596412556053814
39,A04,1,44,385,uniform_attn,0.1318124207858048,0.036,0.12871287128712872,0.13506493506493505,0.2135306553911205,0.20348837209302326,1892,0.10143042912873863
40,A04,1,47,415,uniform_attn,0.12775842044134728,0.036,0.12331838565022421,0.13253012048192772,0.2062904717853839,0.19195189639222943,2162,0.09307875894988069
41,A06,1,50,445,uniform_attn,0.11827956989247311,0.036,0.1134020618556701,0.12359550561797752,0.19795918367346937,0.1816326530612245,2450,0.07891770011273956
42,A02,1,20,145,uniform_attn,0.29596412556053814,0.03891666666666667,0.4230769230769231,0.22758620689655173,0.20526315789473684,0.3815789473684211,380,0.29596412556053814
43,A04,1,42,365,uniform_attn,0.10773480662983426,0.036000000000000004,0.10863509749303621,0.10684931506849316,0.20847851335656215,0.21196283391405343,1722,0.10773480662983426
44,-,0,47,415,uniform_attn,0.12775842044134728,0.036,0.12331838565022421,0.13253012048192772,0.2062904717853839,0.19195189639222943,2162,0.09307875894988069
45,A05,1,39,335,uniform_attn,0.11854103343465046,0.036000000000000004,0.12074303405572756,0.11641791044776119,0.21794871794871795,0.22604588394062078,1482,0.11854103343465046
46,A04,1,53,475,uniform_attn,0.11388611388611389,0.036,0.10836501901140684,0.12,0.19085631349782292,0.1723512336719884,2756,0.06553911205073996
47,A04,1,50,445,uniform_attn,0.11827956989247311,0.036,0.1134020618556701,0.12359550561797752,0.19795918367346937,0.1816326530612245,2450,0.07891770011273956
48,A03,1,44,385,uniform_attn,0.1318124207858048,0.036,0.12871287128712872,0.13506493506493505,0.2135306553911205,0.20348837209302326,1892,0.10143042912873863
49,A01,1,51,455,uniform_attn,0.11542497376705142,0.036,0.11044176706827309,0.12087912087912088,0.1952941176470588,0.1784313725490196,2550,0.07692307692307693
50,A06,1,29,235,uniform_attn,0.14356435643564355,0.046010476190476206,0.17159763313609466,0.12340425531914893,0.20812807881773399,0.2894088669950739,812,0.13942307692307693
51,A02,1,46,405,uniform_attn,0.12903225806451615,0.036,0.125,0.13333333333333333,0.20869565217391303,0.1956521739130435,2070,0.09570552147239264
52,A04,1,61,555,uniform_attn,0.10260723296888141,0.036,0.09621451104100946,0.10990990990990991,0.173224043715847,0.15163934426229508,3660,0.05248868778280543
53,A04,1,54,485,uniform_attn,0.11317073170731709,0.036,0.10740740740740741,0.11958762886597939,0.18867924528301888,0.1694619147449336,2862,0.06398348813209494
54,A05,1,36,305,uniform_attn,0.12089810017271156,0.037196428571428575,0.12773722627737227,0.11475409836065574,0.21746031746031746,0.24206349206349206,1260,0.12089810017271156
55,A02,1,27,215,uniform_attn,0.15977961432506887,0.04662333333333333,0.19594594594594594,0.13488372093023257,0.21082621082621084,0.30626780626780625,702,0.15803814713896458
56,A02,1,43,375,uniform_attn,0.13333333333333336,0.036,0.13076923076923078,0.136,0.2159468438538206,0.20764119601328904,1806,0.10455764075067024
57,A05,1,20,145,uniform_attn,0.29596412556053814,0.03891666666666667,0.4230769230769231,0.22758620689655173,0.20526315789473684,0.3815789473684211,380,0.29596412556053814
58,-,0,35,295,uniform_attn,0.12252252252252253,0.03831084656084656,0.13076923076923078,0.1152542372881356,0.2184873949579832,0.24789915966386555,1190,0.12252252252252253
59,A01,1,62,565,uniform_attn,0.10222588623248144,0.036,0.09567901234567901,0.10973451327433628,0.1713379164463247,0.1493918561607615,3782,0.05146406388642413
60,A01,1,46,405,uniform_attn,0.12903225806451615,0.036,0.125,0.13333333333333333,0.20869565217391303,0.1956521739130435,2070,0.09570552147239264
61,A05,1,44,385,uniform_attn,0.1318124207858048,0.036,0.12871287128712872,0.13506493506493505,0.2135306553911205,0.20348837209302326,1892,0.10143042912873863
62,A03,1,45,395,uniform_attn,0.1303813038130381,0.036,0.12679425837320574,0.1341772151898734,0.2111111111111111,0.1994949494949495,1980,0.09848484848484848
63,A06,1,33,275,uniform_attn,0.12228796844181458,0.04090310846560847,0.1336206896551724,0.11272727272727273,0.2196969696969697,0.2604166666666667,1056,0.12228796844181458
64,A01,1,56,505,uniform_attn,0.10830999066293186,0.036,0.10247349823321555,0.11485148514851486,0.18376623376623377,0.16396103896103897,3080,0.05742574257425743
65,A06,1,29,235,uniform_attn,0.14356435643564355,0.046010476190476206,0.17159763313609466,0.12340425531914893,0.20812807881773399,0.2894088669950739,812,0.13942307692307693
66,A01,1,39,335,uniform_attn,0.11854103343465046,0.036000000000000004,0.12074303405572756,0.11641791044776119,0.21794871794871795,0.22604588394062078,1482,0.11854103343465046
67,-,0,35,295,uniform_attn,0.12252252252252253,0.03831084656084656,0.13076923076923078,0.1152542372881356,0.2184873949579832,0.24789915966386555,1190,0.12252252252252253
68,A02,1,53,475,uniform_attn,0.11388611388611389,0.036,0.10836501901140684,0.12,0.19085631349782292,0.1723512336719884,2756,0.06553911205073996
69,A06,1,35,295,uniform_attn,0.12252252252252253,0.03831084656084656,0.13076923076923078,0.1152542372881356,0.2184873949579832,0.24789915966386555,1190,0.12252252252252253
70,A05,1,27,215,uniform_attn,0.15977961432506887,0.04662333333333333,0.19594594594594594,0.13488372093023257,0.21082621082621084,0.30626780626780625,702,0.15803814713896458
71,A02,1,43,375,uniform_attn,0.13333333333333336,0.036,0.13076923076923078,0.136,0.2159468438538206,0.20764119601328904,1806,0.10455764075067024
72,A05,1,34,285,uniform_attn,0.12429378531073446,0.03891005291005291,0.13414634146341464,0.11578947368421053,0.2192513368983957,0.2540106951871658,1122,0.12429378531073446
73,A01,1,52,465,uniform_attn,0.11463664278403275,0.036,0.109375,0.12043010752688173,0.19306184012066366,0.1753393665158371,2652,0.07717041800643087
74,A04,1,37,315,uniform_attn,0.11940298507462688,0.03668055555555555,0.125,0.11428571428571428,0.21621621621621623,0.23648648648648649,1332,0.11940298507462688
75,A06,1,30,245,uniform_attn,0.1367924528301887,0.046227857142857154,0.16201117318435754,0.11836734693877551,0.2057471264367816,0.28160919540229884,870,0.1324200913242009
76,A03,1,43,375,uniform_attn,0.13333333333333336,0.036,0.13076923076923078,0.136,0.2159468438538206,0.20764119601328904,1806,0.10455764075067024
77,A02,1,52,465,uniform_attn,0.11463664278403275,0.036,0.109375,0.12043010752688173,0.19306184012066366,0.1753393665158371,2652,0.07717041800643087
78,-,0,55,495,uniform_attn,0.11248808388941849,0.036,0.10649819494584838,0.1191919191919192,0.18653198653198652,0.16666666666666666,2970,0.058704453441295545
79,-,0,40,345,uniform_attn,0.11487481590574375,0.036000000000000004,0.11676646706586827,0.11304347826086956,0.2141025641025641,0.22115384615384615,1560,0.11487481590574375
80,A01,1,56,505,uniform_attn,0.10830999066293186,0.036,0.10247349823321555,0.11485148514851486,0.18376623376623377,0.16396103896103897,3080,0.05742574257425743
81,A03,1,57,515,uniform_attn,0.1060329067641682,0.036,0.1001727115716753,0.11262135922330097,0.18139097744360902,0.1613408521303258,3192,0.056201550387596895
82,A04,1,48,425,uniform_attn,0.12231030577576443,0.036,0.11790393013100436,0.12705882352941175,0.20301418439716312,0.18838652482269502,2256,0.09080325960419093
83,A05,1,42,365,uniform_attn,0.10773480662983426,0.036000000000000004,0.10863509749303621,0.10684931506849316,0.20847851335656215,0.21196283391405343,1722,0.10773480662983426
84,A05,1,27,215,uniform_attn,0.15977961432506887,0.04662333333333333,0.19594594594594594,0.13488372093023257,0.21082621082621084,0.30626780626780625,702,0.15803814713896458
85,-,0,52,465,uniform_attn,0.11463664278403275,0.036,0.109375,0.12043010752688173,0.19306184012066366,0.1753393665158371,2652,0.07717041800643087
86,A03,1,42,365,uniform_attn,0.10773480662983426,0.036000000000000004,0.10863509749303621,0.10684931506849316,0.20847851335656215,0.21196283391405343,1722,0.10773480662983426
87,A04,1,50,445,uniform_attn,0.11827956989247311,0.036,0.1134020618556701,0.12359550561797752,0.19795918367346937,0.1816326530612245,2450,0.07891770011273956
88,-,0,54,485,uniform_attn,0.11317073170731709,0.036,0.10740740740740741,0.11958762886597939,0.18867924528301888,0.1694619147449336,2862,0.06398348813209494
89,A05,1,34,285,uniform_attn,0.12429378531073446,0.03891005291005291,0.13414634146341464,0.11578947368421053,0.2192513368983957,0.2540106951871658,1122,0.12429378531073446
90,A02,1,29,235,uniform_attn,0.14356435643564355,0.046010476190476206,0.17159763313609466,0.12340425531914893,0.20812807881773399,0.2894088669950739,812,0.13942307692307693
91,-,0,30,245,uniform_attn,0.1367924528301887,0.046227857142857154,0.16201117318435754,0.11836734693877551,0.2057471264367816,0.28160919540229884,870,0.1324200913242009
92,A04,1,30,245,uniform_attn,0.1367924528301887,0.046227857142857154,0.16201117318435754,0.11836734693877551,0.2057471264367816,0.28160919540229884,870,0.1324200913242009
93,-,0,34,285,uniform_attn,0.12429378531073446,0.03891005291005291,0.13414634146341464,0.11578947368421053,0.2192513368983957,0.2540106951871658,1122,0.12429378531073446
94,A02,1,46,405,uniform_attn,0.12903225806451615,0.036,0.125,0.13333333333333333,0.20869565217391303,0.1956521739130435,2070,0.09570552147239264
95,A04,1,26,205,uniform_attn,0.1686046511627907,0.0450654761904762,0.20863309352517986,0.14146341463414633,0.21384615384615385,0.3153846153846154,650,0.1686046511627907
96,-,0,28,225,uniform_attn,0.15064935064935067,0.04535690476190476,0.18125,0.1288888888888889,0.21164021164021163,0.2976190476190476,756,0.14720812182741116
97,A02,1,55,495,uniform_attn,0.11248808388941849,0.036,0.10649819494584838,0.1191919191919192,0.18653198653198652,0.16666666666666666,2970,0.058704453441295545
98,A04,1,41,355,uniform_attn,0.11126961483594865,0.036000000000000004,0.11271676300578035,0.10985915492957747,0.21097560975609755,0.21646341463414634,1640,0.11126961483594865
99,A04,1,46,405,uniform_attn,0.12903225806451615,0.036,0.125,0.13333333333333333,0.20869565217391303,0.1956521739130435,2070,0.09570552147239264
100,A02,1,20,145,uniform_attn,0.29596412556053814,0.03891666666666667,0.4230769230769231,0.22758620689655173,0.20526315789473684,0.3815789473684211,380,0.29596412556053814
101,A05,1,39,335,uniform_attn,0.11854103343465046,0.036000000000000004,0.12074303405572756,0.11641791044776119,0.21794871794871795,0.22604588394062078,1482,0.11854103343465046
102,A02,1,40,345,uniform_attn,0.11487481590574375,0.036000000000000004,0.11676646706586827,0.11304347826086956,0.2141025641025641,0.22115384615384615,1560,0.11487481590574375
103,A06,1,40,345,uniform_attn,0.11487481590574375,0.036000000000000004,0.11676646706586827,0.11304347826086956,0.2141025641025641,0.22115384615384615,1560,0.11487481590574375
104,A06,1,29,235,uniform_attn,0.14356435643564355,0.046010476190476206,0.17159763313609466,0.12340425531914893,0.20812807881773399,0.2894088669950739,812,0.13942307692307693
105,A03,1,39,335,uniform_attn,0.11854103343465046,0.036000000000000004,0.12074303405572756,0.11641791044776119,0.21794871794871795,0.22604588394062078,1482,0.11854103343465046
106,A05,1,41,355,uniform_attn,0.11126961483594865,0.036000000000000004,0.11271676300578035,0.10985915492957747,0.21097560975609755,0.21646341463414634,1640,0.11126961483594865
107,A05,1,41,355,uniform_attn,0.11126961483594865,0.036000000000000004,0.11271676300578035,0.10985915492957747,0.21097560975609755,0.21646341463414634,1640,0.11126961483594865
108,A06,1,33,275,uniform_attn,0.12228796844181458,0.04090310846560847,0.1336206896551724,0.11272727272727273,0.2196969696969697,0.2604166666666667,1056,0.12228796844181458
109,A06,1,20,145,uniform_attn,0.29596412556053814,0.03891666666666667,0.4230769230769231,0.22758620689655173,0.20526315789473684,0.3815789473684211,380,0.29596412556053814
110,-,0,28,225,uniform_attn,0.15064935064935067,0.04535690476190476,0.18125,0.1288888888888889,0.21164021164021163,0.2976190476190476,756,0.14720812182741116
111,A02,1,49,435,uniform_attn,0.11920529801324505,0.036,0.11464968152866242,0.12413793103448276,0.2002551020408163,0.18494897959183673,2352,0.08101851851851852
112,A06,1,42,365,uniform_attn,0.10773480662983426,0.036000000000000004,0.10863509749303621,0.10684931506849316,0.20847851335656215,0.21196283391405343,1722,0.10773480662983426
113,A01,1,53,475,uniform_attn,0.11388611388611389,0.036,0.10836501901140684,0.12,0.19085631349782292,0.1723512336719884,2756,0.06553911205073996
114,A05,1,7,21,uniform_attn,0.4444444444444445,0.4791666666666667,1.0,0.2857142857142857,0.14285714285714285,0.5,42,0.4444444444444445
115,A06,1,31,255,uniform_attn,0.1309255079006772,0.04701095238095239,0.15425531914893617,0.11372549019607843,0.2021505376344086,0.27419354838709675,930,0.12636165577342048
116,A02,1,43,375,uniform_attn,0.13333333333333336,0.036,0.13076923076923078,0.136,0.2159468438538206,0.20764119601328904,1806,0.10455764075067024
117,A01,1,58,525,uniform_attn,0.10554561717352416,0.036,0.09949409780775717,0.11238095238095239,0.1793708408953418,0.1588021778584392,3306,0.05502846299810246
118,A02,1,53,475,uniform_attn,0.11388611388611389,0.036,0.10836501901140684,0.12,0.19085631349782292,0.1723512336719884,2756,0.06553911205073996
119,-,0,27,215,uniform_attn,0.15977961432506887,0.04662333333333333,0.19594594594594594,0.13488372093023257,0.21082621082621084,0.30626780626780625,702,0.15803814713896458
120,A01,1,55,495,uniform_attn,0.11248808388941849,0.036,0.10649819494584838,0.1191919191919192,0.18653198653198652,0.16666666666666666,2970,0.058704453441295545
121,A02,1,59,535,uniform_attn,0.10341805433829974,0.036,0.09735973597359736,0.1102803738317757,0.17708942139099942,0.15634132086499122,3422,0.05390334572490706
122,A06,1,21,155,uniform_attn,0.2644628099173554,0.04063161375661376,0.367816091954023,0.2064516129032258,0.20714285714285716,0.36904761904761907,420,0.2644628099173554
123,A03,1,60,545,uniform_attn,0.10300429184549356,0.036,0.0967741935483871,0.11009174311926606,0.1751412429378531,0.153954802259887,3540,0.053554939981532775
124,-,0,26,205,uniform_attn,0.1686046511627907,0.0450654761904762,0.20863309352517986,0.14146341463414633,0.21384615384615385,0.3153846153846154,650,0.1686046511627907
125,A01,1,59,535,uniform_attn,0.10341805433829974,0.036,0.09735973597359736,0.1102803738317757,0.17708942139099942,0.15634132086499122,3422,0.05390334572490706
126,A06,1,43,375,uniform_attn,0.13333333333333336,0.036,0.13076923076923078,0.136,0.2159468438538206,0.20764119601328904,1806,0.10455764075067024
127,-,0,25,195,uniform_attn,0.17956656346749225,0.04513095238095238,0.2265625,0.14871794871794872,0.21333333333333335,0.325,600,0.17956656346749225
128,A05,1,47,415,uniform_attn,0.12775842044134728,0.036,0.12331838565022421,0.13253012048192772,0.2062904717853839,0.19195189639222943,2162,0.09307875894988069
129,-,0,40,345,uniform_attn,0.11487481590574375,0.036000000000000004,0.11676646706586827,0.11304347826086956,0.2141025641025641,0.22115384615384615,1560,0.11487481590574375
130,-,0,35,295,uniform_attn,0.12252252252252253,0.03831084656084656,0.13076923076923078,0.1152542372881356,0.2184873949579832,0.24789915966386555,1190,0.12252252252252253
131,-,0,44,385,uniform_attn,0.1318124207858048,0.036,0.12871287128712872,0.13506493506493505,0.2135306553911205,0.20348837209302326,1892,0.10143042912873863
132,A03,1,47,415,uniform_attn,0.12775842044134728,0.036,0.12331838565022421,0.13253012048192772,0.2062904717853839,0.19195189639222943,2162,0.09307875894988069
133,A03,1,60,545,uniform_attn,0.10300429184549356,0.036,0.0967741935483871,0.11009174311926606,0.1751412429378531,0.153954802259887,3540,0.053554939981532775
134,A06,1,44,385,uniform_attn,0.1318124207858048,0.036,0.12871287128712872,0.13506493506493505,0.2135306553911205,0.20348837209302326,1892,0.10143042912873863
135,A01,1,46,405,uniform_attn,0.12903225806451615,0.036,0.125,0.13333333333333333,0.20869565217391303,0.1956521739130435,2070,0.09570552147239264
136,A05,1,30,245,uniform_attn,0.1367924528301887,0.046227857142857154,0.16201117318435754,0.11836734693877551,0.2057471264367816,0.28160919540229884,870,0.1324200913242009
137,A02,1,23,175,uniform_attn,0.2078853046594982,0.04561000000000001,0.27884615384615385,0.1657142857142857,0.20553359683794467,0.3458498023715415,506,0.2056737588652482
138,A06,1,33,275,uniform_attn,0.12228796844181458,0.04090310846560847,0.1336206896551724,0.11272727272727273,0.2196969696969697,0.2604166666666667,1056,0.12228796844181458
139,A04,1,49,435,uniform_attn,0.11920529801324505,0.036,0.11464968152866242,0.12413793103448276,0.2002551020408163,0.18494897959183673,2352,0.08101851851851852
140,-,0,38,325,uniform_attn,0.11483253588516745,0.036055555555555556,0.11920529801324503,0.11076923076923077,0.2147937411095306,0.23115220483641535,1406,0.11483253588516745
141,A03,1,45,395,uniform_attn,0.1303813038130381,0.036,0.12679425837320574,0.1341772151898734,0.2111111111111111,0.1994949494949495,1980,0.09848484848484848
142,A04,1,51,455,uniform_attn,0.11542497376705142,0.036,0.11044176706827309,0.12087912087912088,0.1952941176470588,0.1784313725490196,2550,0.07692307692307693
143,-,0,22,165,uniform_attn,0.2298850574712644,0.042083333333333334,0.3125,0.18181818181818182,0.2077922077922078,0.35714285714285715,462,0.2298850574712644
144,A06,1,29,235,uniform_attn,0.14356435643564355,0.046010476190476206,0.17159763313609466,0.12340425531914893,0.20812807881773399,0.2894088669950739,812,0.13942307692307693
145,A03,1,39,335,uniform_attn,0.11854103343465046,0.036000000000000004,0.12074303405572756,0.11641791044776119,0.21794871794871795,0.22604588394062078,1482,0.11854103343465046
146,A02,1,24,185,uniform_attn,0.19141914191419143,0.04500000000000002,0.2457627118644068,0.15675675675675677,0.213768115942029,0.3351449275362319,552,0.19141914191419143
147,A01,1,52,465,uniform_attn,0.11463664278403275,0.036,0.109375,0.12043010752688173,0.19306184012066366,0.1753393665158371,2652,0.07717041800643087
148,A01,1,47,415,uniform_attn,0.12775842044134728,0.036,0.12331838565022421,0.13253012048192772,0.2062904717853839,0.19195189639222943,2162,0.09307875894988069
149,A04,1,54,485,uniform_attn,0.11317073170731709,0.036,0.10740740740740741,0.11958762886597939,0.18867924528301888,0.1694619147449336,2862,0.06398348813209494
150,A01,1,45,395,uniform_attn,0.1303813038130381,0.036,0.12679425837320574,0.1341772151898734,0.2111111111111111,0.1994949494949495,1980,0.09848484848484848
151,-,0,45,395,uniform_attn,0.1303813038130381,0.036,0.12679425837320574,0.1341772151898734,0.2111111111111111,0.1994949494949495,1980,0.09848484848484848
152,A05,1,9,36,uniform_attn,0.5,0.075,1.0,0.3333333333333333,0.16666666666666666,0.5,72,0.5
153,A02,1,47,415,uniform_attn,0.12775842044134728,0.036,0.12331838565022421,0.13253012048192772,0.2062904717853839,0.19195189639222943,2162,0.09307875894988069
154,A01,1,58,525,uniform_attn,0.10554561717352416,0.036,0.09949409780775717,0.11238095238095239,0.1793708408953418,0.1588021778584392,3306,0.05502846299810246
155,A01,1,57,515,uniform_attn,0.1060329067641682,0.036,0.1001727115716753,0.11262135922330097,0.18139097744360902,0.1613408521303258,3192,0.056201550387596895
156,A06,1,29,235,uniform_attn,0.14356435643564355,0.046010476190476206,0.17159763313609466,0.12340425531914893,0.20812807881773399,0.2894088669950739,812,0.13942307692307693
157,A05,1,18,125,uniform_attn,0.3548387096774193,0.03891005291005291,0.5409836065573771,0.264,0.19934640522875818,0.4084967320261438,306,0.3548387096774193
158,A06,1,20,145,uniform_attn,0.29596412556053814,0.03891666666666667,0.4230769230769231,0.22758620689655173,0.20526315789473684,0.3815789473684211,380,0.29596412556053814
159,-,0,30,245,uniform_attn,0.1367924528301887,0.046227857142857154,0.16201117318435754,0.11836734693877551,0.2057471264367816,0.28160919540229884,870,0.1324200913242009
160,-,0,55,495,uniform_attn,0.11248808388941849,0.036,0.10649819494584838,0.1191919191919192,0.18653198653198652,0.16666666666666666,2970,0.058704453441295545
161,A06,1,34,285,uniform_attn,0.12429378531073446,0.03891005291005291,0.13414634146341464,0.11578947368421053,0.2192513368983957,0.2540106951871658,1122,0.12429378531073446
162,-,0,41,355,uniform_attn,0.11126961483594865,0.036000000000000004,0.11271676300578035,0.10985915492957747,0.21097560975609755,0.21646341463414634,1640,0.11126961483594865
163,A05,1,40,345,uniform_attn,0.11487481590574375,0.036000000000000004,0.11676646706586827,0.11304347826086956,0.2141025641025641,0.22115384615384615,1560,0.11487481590574375
164,A02,1,49,435,uniform_attn,0.11920529801324505,0.036,0.11464968152866242,0.12413793103448276,0.2002551020408163,0.18494897959183673,2352,0.08101851851851852
165,-,0,34,285,uniform_attn,0.12429378531073446,0.03891005291005291,0.13414634146341464,0.11578947368421053,0.2192513368983957,0.2540106951871658,1122,0.12429378531073446
166,-,0,24,185,uniform_attn,0.19141914191419143,0.04500000000000002,0.2457627118644068,0.15675675675675677,0.213768115942029,0.3351449275362319,552,0.19141914191419143
167,A05,1,28,225,uniform_attn,0.15064935064935067,0.04535690476190476,0.18125,0.1288888888888889,0.21164021164021163,0.2976190476190476,756,0.14720812182741116
168,A04,1,46,405,uniform_attn,0.12903225806451615,0.036,0.125,0.13333333333333333,0.20869565217391303,0.1956521739130435,2070,0.09570552147239264
169,A05,1,9,36,uniform_attn,0.5,0.075,1.0,0.3333333333333333,0.16666666666666666,0.5,72,0.5
170,A05,1,21,155,uniform_attn,0.2644628099173554,0.04063161375661376,0.367816091954023,0.2064516129032258,0.20714285714285716,0.36904761904761907,420,0.2644628099173554
171,A02,1,23,175,uniform_attn,0.2078853046594982,0.04561000000000001,0.27884615384615385,0.1657142857142857,0.20553359683794467,0.3458498023715415,506,0.2056737588652482
172,A02,1,54,485,uniform_attn,0.11317073170731709,0.036,0.10740740740740741,0.11958762886597939,0.18867924528301888,0.1694619147449336,2862,0.06398348813209494
173,A05,1,31,255,uniform_attn,0.1309255079006772,0.04701095238095239,0.15425531914893617,0.11372549019607843,0.2021505376344086,0.27419354838709675,930,0.12636165577342048
174,A02,1,50,445,uniform_attn,0.11827956989247311,0.036,0.1134020618556701,0.12359550561797752,0.19795918367346937,0.1816326530612245,2450,0.07891770011273956
175,A06,1,30,245,uniform_attn,0.1367924528301887,0.046227857142857154,0.16201117318435754,0.11836734693877551,0.2057471264367816,0.28160919540229884,870,0.1324200913242009
176,A03,1,55,495,uniform_attn,0.11248808388941849,0.036,0.10649819494584838,0.1191919191919192,0.18653198653198652,0.16666666666666666,2970,0.058704453441295545
177,A01,1,43,375,uniform_attn,0.13333333333333336,0.036,0.13076923076923078,0.136,0.2159468438538206,0.20764119601328904,1806,0.10455764075067024
178,A02,1,26,205,uniform_attn,0.1686046511627907,0.0450654761904762,0.20863309352517986,0.14146341463414633,0.21384615384615385,0.3153846153846154,650,0.1686046511627907
179,A05,1,43,375,uniform_attn,0.13333333333333336,0.036,0.13076923076923078,0.136,0.2159468438538206,0.20764119601328904,1806,0.10455764075067024
180,-,0,25,195,uniform_attn,0.17956656346749225,0.04513095238095238,0.2265625,0.14871794871794872,0.21333333333333335,0.325,600,0.17956656346749225
181,A02,1,48,425,uniform_attn,0.12231030577576443,0.036,0.11790393013100436,0.12705882352941175,0.20301418439716312,0.18838652482269502,2256,0.09080325960419093
182,A02,1,58,525,uniform_attn,0.10554561717352416,0.036,0.09949409780775717,0.11238095238095239,0.1793708408953418,0.1588021778584392,3306,0.05502846299810246
183,A06,1,17,115,uniform_attn,0.3905325443786983,0.038903439153439155,0.6111111111111112,0.28695652173913044,0.19852941176470587,0.4227941176470588,272,0.3905325443786983
184,A03,1,39,335,uniform_attn,0.11854103343465046,0.036000000000000004,0.12074303405572756,0.11641791044776119,0.21794871794871795,0.22604588394062078,1482,0.11854103343465046
185,A06,1,33,275,uniform_attn,0.12228796844181458,0.04090310846560847,0.1336206896551724,0.11272727272727273,0.2196969696969697,0.2604166666666667,1056,0.12228796844181458
186,A03,1,30,245,uniform_attn,0.1367924528301887,0.046227857142857154,0.16201117318435754,0.11836734693877551,0.2057471264367816,0.28160919540229884,870,0.1324200913242009
187,-,0,29,235,uniform_attn,0.14356435643564355,0.046010476190476206,0.17159763313609466,0.12340425531914893,0.20812807881773399,0.2894088669950739,812,0.13942307692307693
188,-,0,31,255,uniform_attn,0.1309255079006772,0.04701095238095239,0.15425531914893617,0.11372549019607843,0.2021505376344086,0.27419354838709675,930,0.12636165577342048
189,A04,1,39,335,uniform_attn,0.11854103343465046,0.036000000000000004,0.12074303405572756,0.11641791044776119,0.21794871794871795,0.22604588394062078,1482,0.11854103343465046
190,A05,1,32,265,uniform_attn,0.12446351931330475,0.04543809523809523,0.14427860696517414,0.10943396226415095,0.20262096774193547,0.26713709677419356,992,0.12422360248447205
191,A06,1,27,215,uniform_attn,0.15977961432506887,0.04662333333333333,0.19594594594594594,0.13488372093023257,0.21082621082621084,0.30626780626780625,702,0.15803814713896458
192,A03,1,46,405,uniform_attn,0.12903225806451615,0.036,0.125,0.13333333333333333,0.20869565217391303,0.1956521739130435,2070,0.09570552147239264
193,A04,1,40,345,uniform_attn,0.11487481590574375,0.036000000000000004,0.11676646706586827,0.11304347826086956,0.2141025641025641,0.22115384615384615,1560,0.11487481590574375
194,A05,1,13,75,uniform_attn,0.5,0.041666666666666664,0.896551724137931,0.3466666666666667,0.1858974358974359,0.4807692307692308,156,0.5
195,A04,1,26,205,uniform_attn,0.1686046511627907,0.0450654761904762,0.20863309352517986,0.14146341463414633,0.21384615384615385,0.3153846153846154,650,0.1686046511627907
196,A02,1,31,255,uniform_attn,0.1309255079006772,0.04701095238095239,0.15425531914893617,0.11372549019607843,0.2021505376344086,0.27419354838709675,930,0.12636165577342048
197,A01,1,35,295,uniform_attn,0.12252252252252253,0.03831084656084656,0.13076923076923078,0.1152542372881356,0.2184873949579832,0.24789915966386555,1190,0.12252252252252253
198,A02,1,49,435,uniform_attn,0.11920529801324505,0.036,0.11464968152866242,0.12413793103448276,0.2002551020408163,0.18494897959183673,2352,0.08101851851851852
199,A01,1,52,465,uniform_attn,0.11463664278403275,0.036,0.109375,0.12043010752688173,0.19306184012066366,0.1753393665158371,2652,0.07717041800643087
200,A04,1,39,335,uniform_attn,0.11854103343465046,0.036000000000000004,0.12074303405572756,0.11641791044776119,0.21794871794871795,0.22604588394062078,1482,0.11854103343465046
201,A02,1,29,235,uniform_attn,0.14356435643564355,0.046010476190476206,0.17159763313609466,0.12340425531914893,0.20812807881773399,0.2894088669950739,812,0.13942307692307693
202,A02,1,38,325,uniform_attn,0.11483253588516745,0.036055555555555556,0.11920529801324503,0.11076923076923077,0.2147937411095306,0.23115220483641535,1406,0.11483253588516745
203,A05,1,24,185,uniform_attn,0.19141914191419143,0.04500000000000002,0.2457627118644068,0.15675675675675677,0.213768115942029,0.3351449275362319,552,0.19141914191419143
204,A01,1,46,405,uniform_attn,0.12903225806451615,0.036,0.125,0.13333333333333333,0.20869565217391303,0.1956521739130435,2070,0.09570552147239264
205,A05,1,29,235,uniform_attn,0.14356435643564355,0.046010476190476206,0.17159763313609466,0.12340425531914893,0.20812807881773399,0.2894088669950739,812,0.13942307692307693
206,A04,1,40,345,uniform_attn,0.11487481590574375,0.036000000000000004,0.11676646706586827,0.11304347826086956,0.2141025641025641,0.22115384615384615,1560,0.11487481590574375
207,A03,1,42,365,uniform_attn,0.10773480662983426,0.036000000000000004,0.10863509749303621,0.10684931506849316,0.20847851335656215,0.21196283391405343,1722,0.10773480662983426
208,A04,1,51,455,uniform_attn,0.11542497376705142,0.036,0.11044176706827309,0.12087912087912088,0.1952941176470588,0.1784313725490196,2550,0.07692307692307693
209,A01,1,57,515,uniform_attn,0.1060329067641682,0.036,0.1001727115716753,0.11262135922330097,0.18139097744360902,0.1613408521303258,3192,0.056201550387596895
210,A03,1,36,305,uniform_attn,0.12089810017271156,0.037196428571428575,0.12773722627737227,0.11475409836065574,0.21746031746031746,0.24206349206349206,1260,0.12089810017271156
211,A03,1,65,595,uniform_attn,0.0967238689547582,0.036,0.09024745269286755,0.10420168067226891,0.16514423076923077,0.14302884615384615,4160,0.04873949579831933
212,A04,1,40,345,uniform_attn,0.11487481590574375,0.036000000000000004,0.11676646706586827,0.11304347826086956,0.2141025641025641,0.22115384615384615,1560,0.11487481590574375
213,A05,1,54,485,uniform_attn,0.11317073170731709,0.036,0.10740740740740741,0.11958762886597939,0.18867924528301888,0.1694619147449336,2862,0.06398348813209494
214,-,0,25,195,uniform_attn,0.17956656346749225,0.04513095238095238,0.2265625,0.14871794871794872,0.21333333333333335,0.325,600,0.17956656346749225
215,A05,1,38,325,uniform_attn,0.11483253588516745,0.036055555555555556,0.11920529801324503,0.11076923076923077,0.2147937411095306,0.23115220483641535,1406,0.11483253588516745
216,A06,1,37,315,uniform_attn,0.11940298507462688,0.03668055555555555,0.125,0.11428571428571428,0.21621621621621623,0.23648648648648649,1332,0.11940298507462688
217,A06,1,40,345,uniform_attn,0.11487481590574375,0.036000000000000004,0.11676646706586827,0.11304347826086956,0.2141025641025641,0.22115384615384615,1560,0.11487481590574375
218,-,0,29,235,uniform_attn,0.14356435643564355,0.046010476190476206,0.17159763313609466,0.12340425531914893,0.20812807881773399,0.2894088669950739,812,0.13942307692307693
219,A04,1,40,345,uniform_attn,0.11487481590574375,0.036000000000000004,0.11676646706586827,0.11304347826086956,0.2141025641025641,0.22115384615384615,1560,0.11487481590574375
220,A01,1,49,435,uniform_attn,0.11920529801324505,0.036,0.11464968152866242,0.12413793103448276,0.2002551020408163,0.18494897959183673,2352,0.08101851851851852
221,A03,1,65,595,uniform_attn,0.0967238689547582,0.036,0.09024745269286755,0.10420168067226891,0.16514423076923077,0.14302884615384615,4160,0.04873949579831933
222,A01,1,50,445,uniform_attn,0.11827956989247311,0.036,0.1134020618556701,0.12359550561797752,0.19795918367346937,0.1816326530612245,2450,0.07891770011273956
223,A06,1,21,155,uniform_attn,0.2644628099173554,0.04063161375661376,0.367816091954023,0.2064516129032258,0.20714285714285716,0.36904761904761907,420,0.2644628099173554
224,A03,1,45,395,uniform_attn,0.1303813038130381,0.036,0.12679425837320574,0.1341772151898734,0.2111111111111111,0.1994949494949495,1980,0.09848484848484848
225,A06,1,31,255,uniform_attn,0.1309255079006772,0.04701095238095239,0.15425531914893617,0.11372549019607843,0.2021505376344086,0.27419354838709675,930,0.12636165577342048
226,A04,1,46,405,uniform_attn,0.12903225806451615,0.036,0.125,0.13333333333333333,0.20869565217391303,0.1956521739130435,2070,0.09570552147239264
227,A01,1,51,455,uniform_attn,0.11542497376705142,0.036,0.11044176706827309,0.12087912087912088,0.1952941176470588,0.1784313725490196,2550,0.07692307692307693
228,A03,1,47,415,uniform_attn,0.12775842044134728,0.036,0.12331838565022421,0.13253012048192772,0.2062904717853839,0.19195189639222943,2162,0.09307875894988069
229,A01,1,48,425,uniform_attn,0.12231030577576443,0.036,0.11790393013100436,0.12705882352941175,0.20301418439716312,0.18838652482269502,2256,0.09080325960419093
230,A01,1,53,475,uniform_attn,0.11388611388611389,0.036,0.10836501901140684,0.12,0.19085631349782292,0.1723512336719884,2756,0.06553911205073996
231,A06,1,32,265,uniform_attn,0.12446351931330475,0.04543809523809523,0.14427860696517414,0.10943396226415095,0.20262096774193547,0.26713709677419356,992,0.12422360248447205
232,A02,1,63,575,uniform_attn,0.10185933710590137,0.036,0.09516616314199396,0.10956521739130434,0.16948284690220175,0.1472094214029698,3906,0.050478677110530897
233,A03,1,44,385,uniform_attn,0.1318124207858048,0.036,0.12871287128712872,0.13506493506493505,0.2135306553911205,0.20348837209302326,1892,0.10143042912873863
234,A05,1,24,185,uniform_attn,0.19141914191419143,0.04500000000000002,0.2457627118644068,0.15675675675675677,0.213768115942029,0.3351449275362319,552,0.19141914191419143
235,A01,1,47,415,uniform_attn,0.12775842044134728,0.036,0.12331838565022421,0.13253012048192772,0.2062904717853839,0.19195189639222943,2162,0.09307875894988069
236,A01,1,55,495,uniform_attn,0.11248808388941849,0.036,0.10649819494584838,0.1191919191919192,0.18653198653198652,0.16666666666666666,2970,0.058704453441295545
237,A02,1,28,225,uniform_attn,0.15064935064935067,0.04535690476190476,0.18125,0.1288888888888889,0.21164021164021163,0.2976190476190476,756,0.14720812182741116
238,A06,1,37,315,uniform_attn,0.11940298507462688,0.03668055555555555,0.125,0.11428571428571428,0.21621621621621623,0.23648648648648649,1332,0.11940298507462688
239,A01,1,49,435,uniform_attn,0.11920529801324505,0.036,0.11464968152866242,0.12413793103448276,0.2002551020408163,0.18494897959183673,2352,0.08101851851851852
240,A03,1,58,525,uniform_attn,0.10554561717352416,0.036,0.09949409780775717,0.11238095238095239,0.1793708408953418,0.1588021778584392,3306,0.05502846299810246
241,A06,1,34,285,uniform_attn,0.12429378531073446,0.03891005291005291,0.13414634146341464,0.11578947368421053,0.2192513368983957,0.2540106951871658,1122,0.12429378531073446
242,A06,1,38,325,uniform_attn,0.11483253588516745,0.036055555555555556,0.11920529801324503,0.11076923076923077,0.2147937411095306,0.23115220483641535,1406,0.11483253588516745
243,A02,1,26,205,uniform_attn,0.1686046511627907,0.0450654761904762,0.20863309352517986,0.14146341463414633,0.21384615384615385,0.3153846153846154,650,0.1686046511627907
244,A04,1,54,485,uniform_attn,0.11317073170731709,0.036,0.10740740740740741,0.11958762886597939,0.18867924528301888,0.1694619147449336,2862,0.06398348813209494
245,A06,1,13,75,uniform_attn,0.5,0.041666666666666664,0.896551724137931,0.3466666666666667,0.1858974358974359,0.4807692307692308,156,0.5
246,A02,1,46,405,uniform_attn,0.12903225806451615,0.036,0.125,0.13333333333333333,0.20869565217391303,0.1956521739130435,2070,0.09570552147239264
247,A04,1,32,265,uniform_attn,0.12446351931330475,0.04543809523809523,0.14427860696517414,0.10943396226415095,0.20262096774193547,0.26713709677419356,992,0.12422360248447205
248,A06,1,34,285,uniform_attn,0.12429378531073446,0.03891005291005291,0.13414634146341464,0.11578947368421053,0.2192513368983957,0.2540106951871658,1122,0.12429378531073446
249,A03,1,38,325,uniform_attn,0.11483253588516745,0.036055555555555556,0.11920529801324503,0.11076923076923077,0.2147937411095306,0.23115220483641535,1406,0.11483253588516745
250,A01,1,52,465,uniform_attn,0.11463664278403275,0.036,0.109375,0.12043010752688173,0.19306184012066366,0.1753393665158371,2652,0.07717041800643087
251,A05,1,26,205,uniform_attn,0.1686046511627907,0.0450654761904762,0.20863309352517986,0.14146341463414633,0.21384615384615385,0.3153846153846154,650,0.1686046511627907
252,-,0,19,135,uniform_attn,0.32352941176470584,0.03891005291005291,0.4782608695652174,0.24444444444444444,0.20175438596491227,0.39473684210526316,342,0.32352941176470584
253,A05,1,24,185,uniform_attn,0.19141914191419143,0.04500000000000002,0.2457627118644068,0.15675675675675677,0.213768115942029,0.3351449275362319,552,0.19141914191419143
254,A01,1,49,435,uniform_attn,0.11920529801324505,0.036,0.11464968152866242,0.12413793103448276,0.2002551020408163,0.18494897959183673,2352,0.08101851851851852
255,A03,1,52,465,uniform_attn,0.11463664278403275,0.036,0.109375,0.12043010752688173,0.19306184012066366,0.1753393665158371,2652,0.07717041800643087
256,A05,1,31,255,uniform_attn,0.1309255079006772,0.04701095238095239,0.15425531914893617,0.11372549019607843,0.2021505376344086,0.27419354838709675,930,0.12636165577342048
257,A05,1,18,125,uniform_attn,0.3548387096774193,0.03891005291005291,0.5409836065573771,0.264,0.19934640522875818,0.4084967320261438,306,0.3548387096774193
258,A04,1,49,435,uniform_attn,0.11920529801324505,0.036,0.11464968152866242,0.12413793103448276,0.2002551020408163,0.18494897959183673,2352,0.08101851851851852
259,A04,1,48,425,uniform_attn,0.12231030577576443,0.036,0.11790393013100436,0.12705882352941175,0.20301418439716312,0.18838652482269502,2256,0.09080325960419093
260,A05,1,22,165,uniform_attn,0.2298850574712644,0.042083333333333334,0.3125,0.18181818181818182,0.2077922077922078,0.35714285714285715,462,0.2298850574712644
261,A01,1,39,335,uniform_attn,0.11854103343465046,0.036000000000000004,0.12074303405572756,0.11641791044776119,0.21794871794871795,0.22604588394062078,1482,0.11854103343465046
262,A05,1,32,265,uniform_attn,0.12446351931330475,0.04543809523809523,0.14427860696517414,0.10943396226415095,0.20262096774193547,0.26713709677419356,992,0.12422360248447205
263,A03,1,61,555,uniform_attn,0.10260723296888141,0.036,0.09621451104100946,0.10990990990990991,0.173224043715847,0.15163934426229508,3660,0.05248868778280543
264,A03,1,58,525,uniform_attn,0.10554561717352416,0.036,0.09949409780775717,0.11238095238095239,0.1793708408953418,0.1588021778584392,3306,0.05502846299810246
265,A01,1,52,465,uniform_attn,0.11463664278403275,0.036,0.109375,0.12043010752688173,0.19306184012066366,0.1753393665158371,2652,0.07717041800643087
266,-,0,44,385,uniform_attn,0.1318124207858048,0.036,0.12871287128712872,0.13506493506493505,0.2135306553911205,0.20348837209302326,1892,0.10143042912873863
267,A04,1,45,395,uniform_attn,0.1303813038130381,0.036,0.12679425837320574,0.1341772151898734,0.2111111111111111,0.1994949494949495,1980,0.09848484848484848
268,A03,1,67,615,uniform_attn,0.09480812641083522,0.036,0.08823529411764706,0.1024390243902439,0.1614654002713704,0.1390773405698779,4422,0.047039740470397405
269,A06,1,43,375,uniform_attn,0.13333333333333336,0.036,0.13076923076923078,0.136,0.2159468438538206,0.20764119601328904,1806,0.10455764075067024
270,A02,1,44,385,uniform_attn,0.1318124207858048,0.036,0.12871287128712872,0.13506493506493505,0.2135306553911205,0.20348837209302326,1892,0.10143042912873863
271,A03,1,49,435,uniform_attn,0.11920529801324505,0.036,0.11464968152866242,0.12413793103448276,0.2002551020408163,0.18494897959183673,2352,0.08101851851851852
272,A02,1,42,365,uniform_attn,0.10773480662983426,0.036000000000000004,0.10863509749303621,0.10684931506849316,0.20847851335656215,0.21196283391405343,1722,0.10773480662983426
273,A03,1,42,365,uniform_attn,0.10773480662983426,0.036000000000000004,0.10863509749303621,0.10684931506849316,0.20847851335656215,0.21196283391405343,1722,0.10773480662983426
274,A01,1,55,495,uniform_attn,0.11248808388941849,0.036,0.10649819494584838,0.1191919191919192,0.18653198653198652,0.16666666666666666,2970,0.058704453441295545
275,A03,1,45,395,uniform_attn,0.1303813038130381,0.036,0.12679425837320574,0.1341772151898734,0.2111111111111111,0.1994949494949495,1980,0.09848484848484848
276,A01,1,49,435,uniform_attn,0.11920529801324505,0.036,0.11464968152866242,0.12413793103448276,0.2002551020408163,0.18494897959183673,2352,0.08101851851851852
277,-,0,33,275,uniform_attn,0.12228796844181458,0.04090310846560847,0.1336206896551724,0.11272727272727273,0.2196969696969697,0.2604166666666667,1056,0.12228796844181458
278,A04,1,48,425,uniform_attn,0.12231030577576443,0.036,0.11790393013100436,0.12705882352941175,0.20301418439716312,0.18838652482269502,2256,0.09080325960419093
279,A06,1,20,145,uniform_attn,0.29596412556053814,0.03891666666666667,0.4230769230769231,0.22758620689655173,0.20526315789473684,0.3815789473684211,380,0.29596412556053814
280,A01,1,63,575,uniform_attn,0.10185933710590137,0.036,0.09516616314199396,0.10956521739130434,0.16948284690220175,0.1472094214029698,3906,0.050478677110530897
281,A05,1,18,125,uniform_attn,0.3548387096774193,0.03891005291005291,0.5409836065573771,0.264,0.19934640522875818,0.4084967320261438,306,0.3548387096774193
282,A06,1,21,155,uniform_attn,0.2644628099173554,0.04063161375661376,0.367816091954023,0.2064516129032258,0.20714285714285716,0.36904761904761907,420,0.2644628099173554
283,A05,1,20,145,uniform_attn,0.29596412556053814,0.03891666666666667,0.4230769230769231,0.22758620689655173,0.20526315789473684,0.3815789473684211,380,0.29596412556053814
284,-,0,30,245,uniform_attn,0.1367924528301887,0.046227857142857154,0.16201117318435754,0.11836734693877551,0.2057471264367816,0.28160919540229884,870,0.1324200913242009
285,A02,1,42,365,uniform_attn,0.10773480662983426,0.036000000000000004,0.10863509749303621,0.10684931506849316,0.20847851335656215,0.21196283391405343,1722,0.10773480662983426
286,A04,1,35,295,uniform_attn,0.12252252252252253,0.03831084656084656,0.13076923076923078,0.1152542372881356,0.2184873949579832,0.24789915966386555,1190,0.12252252252252253
287,A02,1,41,355,uniform_attn,0.11126961483594865,0.036000000000000004,0.11271676300578035,0.10985915492957747,0.21097560975609755,0.21646341463414634,1640,0.11126961483594865
288,A03,1,40,345,uniform_attn,0.11487481590574375,0.036000000000000004,0.11676646706586827,0.11304347826086956,0.2141025641025641,0.22115384615384615,1560,0.11487481590574375
289,A06,1,43,375,uniform_attn,0.13333333333333336,0.036,0.13076923076923078,0.136,0.2159468438538206,0.20764119601328904,1806,0.10455764075067024
290,A02,1,41,355,uniform_attn,0.11126961483594865,0.036000000000000004,0.11271676300578035,0.10985915492957747,0.21097560975609755,0.21646341463414634,1640,0.11126961483594865
291,A04,1,40,345,uniform_attn,0.11487481590574375,0.036000000000000004,0.11676646706586827,0.11304347826086956,0.2141025641025641,0.22115384615384615,1560,0.11487481590574375
292,-,0,21,155,uniform_attn,0.2644628099173554,0.04063161375661376,0.367816091954023,0.2064516129032258,0.20714285714285716,0.36904761904761907,420,0.2644628099173554
293,-,0,23,175,uniform_attn,0.2078853046594982,0.04561000000000001,0.27884615384615385,0.1657142857142857,0.20553359683794467,0.3458498023715415,506,0.2056737588652482
294,A03,1,45,395,uniform_attn,0.1303813038130381,0.036,0.12679425837320574,0.1341772151898734,0.2111111111111111,0.1994949494949495,1980,0.09848484848484848
295,A02,1,55,495,uniform_attn,0.11248808388941849,0.036,0.10649819494584838,0.1191919191919192,0.18653198653198652,0.16666666666666666,2970,0.058704453441295545
296,-,0,11,55,uniform_attn,0.5135135135135135,0.05275297619047619,1.0,0.34545454545454546,0.17272727272727273,0.5,110,0.5135135135135135
297,A04,1,44,385,uniform_attn,0.1318124207858048,0.036,0.12871287128712872,0.13506493506493505,0.2135306553911205,0.20348837209302326,1892,0.10143042912873863
298,A03,1,58,525,uniform_attn,0.10554561717352416,0.036,0.09949409780775717,0.11238095238095239,0.1793708408953418,0.1588021778584392,3306,0.05502846299810246
299,A03,1,44,385,uniform_attn,0.1318124207858048,0.036,0.12871287128712872,0.13506493506493505,0.2135306553911205,0.20348837209302326,1892,0.10143042912873863
300,A02,1,51,455,uniform_attn,0.11542497376705142,0.036,0.11044176706827309,0.12087912087912088,0.1952941176470588,0.1784313725490196,2550,0.07692307692307693
301,A04,1,46,405,uniform_attn,0.12903225806451615,0.036,0.125,0.13333333333333333,0.20869565217391303,0.1956521739130435,2070,0.09570552147239264
302,-,0,35,295,uniform_attn,0.12252252252252253,0.03831084656084656,0.13076923076923078,0.1152542372881356,0.2184873949579832,0.24789915966386555,1190,0.12252252252252253
303,A06,1,32,265,uniform_attn,0.12446351931330475,0.04543809523809523,0.14427860696517414,0.10943396226415095,0.20262096774193547,0.26713709677419356,992,0.12422360248447205
304,A04,1,40,345,uniform_attn,0.11487481590574375,0.036000000000000004,0.11676646706586827,0.11304347826086956,0.2141025641025641,0.22115384615384615,1560,0.11487481590574375
305,A06,1,40,345,uniform_attn,0.11487481590574375,0.036000000000000004,0.11676646706586827,0.11304347826086956,0.2141025641025641,0.22115384615384615,1560,0.11487481590574375
306,A04,1,51,455,uniform_attn,0.11542497376705142,0.036,0.11044176706827309,0.12087912087912088,0.1952941176470588,0.1784313725490196,2550,0.07692307692307693
307,A05,1,36,305,uniform_attn,0.12089810017271156,0.037196428571428575,0.12773722627737227,0.11475409836065574,0.21746031746031746,0.24206349206349206,1260,0.12089810017271156
308,A03,1,53,475,uniform_attn,0.11388611388611389,0.036,0.10836501901140684,0.12,0.19085631349782292,0.1723512336719884,2756,0.06553911205073996
309,A04,1,47,415,uniform_attn,0.12775842044134728,0.036,0.12331838565022421,0.13253012048192772,0.2062904717853839,0.19195189639222943,2162,0.09307875894988069
310,A05,1,22,165,uniform_attn,0.2298850574712644,0.042083333333333334,0.3125,0.18181818181818182,0.2077922077922078,0.35714285714285715,462,0.2298850574712644
311,A04,1,45,395,uniform_attn,0.1303813038130381,0.036,0.12679425837320574,0.1341772151898734,0.2111111111111111,0.1994949494949495,1980,0.09848484848484848
312,A05,1,29,235,uniform_attn,0.14356435643564355,0.046010476190476206,0.17159763313609466,0.12340425531914893,0.20812807881773399,0.2894088669950739,812,0.13942307692307693
313,A03,1,58,525,uniform_attn,0.10554561717352416,0.036,0.09949409780775717,0.11238095238095239,0.1793708408953418,0.1588021778584392,3306,0.05502846299810246
314,A03,1,52,465,uniform_attn,0.11463664278403275,0.036,0.109375,0.12043010752688173,0.19306184012066366,0.1753393665158371,2652,0.07717041800643087
315,A04,1,42,365,uniform_attn,0.10773480662983426,0.036000000000000004,0.10863509749303621,0.10684931506849316,0.20847851335656215,0.21196283391405343,1722,0.10773480662983426
316,A04,1,33,275,uniform_attn,0.12228796844181458,0.04090310846560847,0.1336206896551724,0.11272727272727273,0.2196969696969697,0.2604166666666667,1056,0.12228796844181458
317,A05,1,29,235,uniform_attn,0.14356435643564355,0.046010476190476206,0.17159763313609466,0.12340425531914893,0.20812807881773399,0.2894088669950739,812,0.13942307692307693
318,A04,1,40,345,uniform_attn,0.11487481590574375,0.036000000000000004,0.11676646706586827,0.11304347826086956,0.2141025641025641,0.22115384615384615,1560,0.11487481590574375
319,A01,1,42,365,uniform_attn,0.10773480662983426,0.036000000000000004,0.10863509749303621,0.10684931506849316,0.20847851335656215,0.21196283391405343,1722,0.10773480662983426
320,-,0,38,325,uniform_attn,0.11483253588516745,0.036055555555555556,0.11920529801324503,0.11076923076923077,0.2147937411095306,0.23115220483641535,1406,0.11483253588516745
321,-,0,31,255,uniform_attn,0.1309255079006772,0.04701095238095239,0.15425531914893617,0.11372549019607843,0.2021505376344086,0.27419354838709675,930,0.12636165577342048
322,-,0,30,245,uniform_attn,0.1367924528301887,0.046227857142857154,0.16201117318435754,0.11836734693877551,0.2057471264367816,0.28160919540229884,870,0.1324200913242009
323,A04,1,32,265,uniform_attn,0.12446351931330475,0.04543809523809523,0.14427860696517414,0.10943396226415095,0.20262096774193547,0.26713709677419356,992,0.12422360248447205
324,A02,1,28,225,uniform_attn,0.15064935064935067,0.04535690476190476,0.18125,0.1288888888888889,0.21164021164021163,0.2976190476190476,756,0.14720812182741116
325,A04,1,40,345,uniform_attn,0.11487481590574375,0.036000000000000004,0.11676646706586827,0.11304347826086956,0.2141025641025641,0.22115384615384615,1560,0.11487481590574375
326,A05,1,28,225,uniform_attn,0.15064935064935067,0.04535690476190476,0.18125,0.1288888888888889,0.21164021164021163,0.2976190476190476,756,0.14720812182741116
327,A02,1,43,375,uniform_attn,0.13333333333333336,0.036,0.13076923076923078,0.136,0.2159468438538206,0.20764119601328904,1806,0.10455764075067024
328,A02,1,44,385,uniform_attn,0.1318124207858048,0.036,0.12871287128712872,0.13506493506493505,0.2135306553911205,0.20348837209302326,1892,0.10143042912873863
329,A03,1,52,465,uniform_attn,0.11463664278403275,0.036,0.109375,0.12043010752688173,0.19306184012066366,0.1753393665158371,2652,0.07717041800643087
330,A04,1,45,395,uniform_attn,0.1303813038130381,0.036,0.12679425837320574,0.1341772151898734,0.2111111111111111,0.1994949494949495,1980,0.09848484848484848
331,A03,1,52,465,uniform_attn,0.11463664278403275,0.036,0.109375,0.12043010752688173,0.19306184012066366,0.1753393665158371,2652,0.07717041800643087
332,-,0,33,275,uniform_attn,0.12228796844181458,0.04090310846560847,0.1336206896551724,0.11272727272727273,0.2196969696969697,0.2604166666666667,1056,0.12228796844181458
333,A03,1,57,515,uniform_attn,0.1060329067641682,0.036,0.1001727115716753,0.11262135922330097,0.18139097744360902,0.1613408521303258,3192,0.056201550387596895
334,-,0,45,395,uniform_attn,0.1303813038130381,0.036,0.12679425837320574,0.1341772151898734,0.2111111111111111,0.1994949494949495,1980,0.09848484848484848
335,A06,1,23,175,uniform_attn,0.2078853046594982,0.04561000000000001,0.27884615384615385,0.1657142857142857,0.20553359683794467,0.3458498023715415,506,0.2056737588652482
336,A01,1,55,495,uniform_attn,0.11248808388941849,0.036,0.10649819494584838,0.1191919191919192,0.18653198653198652,0.16666666666666666,2970,0.058704453441295545
337,A01,1,46,405,uniform_attn,0.12903225806451615,0.036,0.125,0.13333333333333333,0.20869565217391303,0.1956521739130435,2070,0.09570552147239264
338,-,0,37,315,uniform_attn,0.11940298507462688,0.03668055555555555,0.125,0.11428571428571428,0.21621621621621623,0.23648648648648649,1332,0.11940298507462688
339,A01,1,49,435,uniform_attn,0.11920529801324505,0.036,0.11464968152866242,0.12413793103448276,0.2002551020408163,0.18494897959183673,2352,0.08101851851851852
340,A01,1,52,465,uniform_attn,0.11463664278403275,0.036,0.109375,0.12043010752688173,0.19306184012066366,0.1753393665158371,2652,0.07717041800643087
341,A02,1,39,335,uniform_attn,0.11854103343465046,0.036000000000000004,0.12074303405572756,0.11641791044776119,0.21794871794871795,0.22604588394062078,1482,0.11854103343465046
342,A01,1,46,405,uniform_attn,0.12903225806451615,0.036,0.125,0.13333333333333333,0.20869565217391303,0.1956521739130435,2070,0.09570552147239264
343,A03,1,32,265,uniform_attn,0.12446351931330475,0.04543809523809523,0.14427860696517414,0.10943396226415095,0.20262096774193547,0.26713709677419356,992,0.12422360248447205
344,A06,1,31,255,uniform_attn,0.1309255079006772,0.04701095238095239,0.15425531914893617,0.11372549019607843,0.2021505376344086,0.27419354838709675,930,0.12636165577342048
345,A05,1,22,165,uniform_attn,0.2298850574712644,0.042083333333333334,0.3125,0.18181818181818182,0.2077922077922078,0.35714285714285715,462,0.2298850574712644
346,A06,1,48,425,uniform_attn,0.12231030577576443,0.036,0.11790393013100436,0.12705882352941175,0.20301418439716312,0.18838652482269502,2256,0.09080325960419093
347,A05,1,25,195,uniform_attn,0.17956656346749225,0.04513095238095238,0.2265625,0.14871794871794872,0.21333333333333335,0.325,600,0.17956656346749225
348,-,0,37,315,uniform_attn,0.11940298507462688,0.03668055555555555,0.125,0.11428571428571428,0.21621621621621623,0.23648648648648649,1332,0.11940298507462688
349,A01,1,49,435,uniform_attn,0.11920529801324505,0.036,0.11464968152866242,0.12413793103448276,0.2002551020408163,0.18494897959183673,2352,0.08101851851851852
