winner,rho_discovery,rho_confirm,p_confirm
sd_along,0.6734149054505005,0.519758064516129,0.002728675467877165
sd_along,0.6164627363737486,0.5395161290322582,0.0017350017706922764
sd_along,0.7837597330367074,0.39193548387096777,0.029211724819509337
rog_L0,0.6711902113459399,0.2024193548387097,0.27480545678838686
sd_along,0.4197997775305895,0.7225806451612904,4.427493757062001e-06
rog_L0,0.6355951056729701,0.30120967741935484,0.09963139006107524
vel_entropy_L9,0.5982202447163515,0.19153225806451615,0.3019884668012518
sd_along,0.6934371523915461,0.4540322580645162,0.010298085168880085
sd_along,0.44249165739710794,0.6572580645161291,5.8961360205279714e-05
sd_along,0.6093437152391545,0.5387096774193548,0.0017683180294158951
sd_along,0.5537263626251391,0.6096774193548388,0.0002716618685124425
twonn_id_L9,0.5719688542825361,0.26209677419354843,0.15434090113804516
vel_entropy_L9,0.6449388209121245,0.005645161290322581,0.9759558205230285
sd_along,0.5208008898776418,0.6270161290322582,0.0001602728388574267
sd_along,0.592880978865406,0.597983870967742,0.00038125302238245046
sd_along,0.6191323692992213,0.5766129032258065,0.0006855708517682637
sd_along,0.6418242491657397,0.49233870967741944,0.004900174152318256
top1_frac_L9,0.5101223581757508,0.2931451612903226,0.10949265005876845
sd_along,0.6120133481646273,0.6262096774193548,0.00016436987349705858
vel_entropy_L12,0.5012235817575084,0.08750000000000001,0.6397426728359816
sd_along,0.6489432703003337,0.5072580645161291,0.003584618769492466
sd_along,0.5461624026696329,0.6278225806451613,0.00015626694870501487
sd_along,0.7388209121245829,0.3951612903225806,0.02779445823156319
sd_along,0.7410456062291434,0.49314516129032265,0.004819754533586758
sd_along,0.5092324805339266,0.6072580645161291,0.0002917105751477041
vel_entropy_L12,0.49543937708565067,0.1625,0.38244118465280597
sd_along,0.5906562847608453,0.6455645161290323,8.79106000596636e-05
sd_along,0.6511679644048943,0.5391129032258064,0.001751590984031058
sd_along,0.6338153503893215,0.4955645161290323,0.004585241636179438
sd_along,0.531924360400445,0.6975806451612904,1.291297257568241e-05
sd_along,0.6453837597330366,0.5951612903225807,0.0004129486777852597
sd_along,0.48075639599555064,0.6705645161290322,3.663950354220075e-05
sd_along,0.5977753058954393,0.565725806451613,0.0009105439605025415
top1_frac_L9,0.5875417130144606,0.1866935483870968,0.31459517166493095
sd_along,0.5684093437152391,0.6270161290322582,0.0001602728388574267
sd_along,0.6529477196885429,0.4713709677419356,0.0074338445130868
sd_along,0.47452725250278077,0.705241935483871,9.410110433556976e-06
sd_along,0.4785317018909899,0.690725806451613,1.700126661891879e-05
top1_frac_L9,0.546607341490545,0.26532258064516134,0.14914763732741515
sd_along,0.7984427141268076,0.41330645161290325,0.020830462334677866
sd_along,0.5385984427141268,0.6032258064516131,0.0003280500098890114
sd_along,0.4580645161290322,0.6887096774193548,1.8407982171367082e-05
sd_along,0.6814238042269187,0.4758064516129033,0.006820952377219746
sd_along,0.7535038932146829,0.3798387096774194,0.035059972631180464
sd_along,0.5127919911012235,0.6483870967741936,7.995278514264417e-05
top1_frac_L9,0.6008898776418242,0.20846774193548392,0.2604106965644874
sd_along,0.5839822024471636,0.5891129032258066,0.0004888164609926302
sd_along,0.6600667408231368,0.5193548387096775,0.0027532392005429245
rog_L0,0.5661846496106785,0.23145161290322586,0.21027620819409898
sd_along,0.6195773081201335,0.526209677419355,0.0023606460158050327
sd_along,0.5443826473859844,0.6254032258064517,0.0001685598486234186
sd_along,0.6658509454949945,0.49959677419354837,0.004216107402971584
sd_along,0.6008898776418242,0.5725806451612904,0.0007624264137441109
sd_along,0.5230255839822024,0.6100806451612903,0.0002684419476625354
sd_along,0.6409343715239153,0.46048387096774196,0.009139411043685418
sd_along,0.6284760845383759,0.5169354838709678,0.002904674105003213
sd_along,0.6476084538375974,0.565725806451613,0.0009105439605025415
rog_L0,0.5635150166852058,0.39274193548387104,0.028852006245988427
sd_along,0.621357063403782,0.5947580645161291,0.0004176616332491363
sd_along,0.6231368186874304,0.5842741935483872,0.0005581059889551699
mu_norm_L12,0.5728587319243604,0.1092741935483871,0.5584350923614545
sd_along,0.6436040044493881,0.5387096774193548,0.0017683180294158951
sd_along,0.6057842046718577,0.590725806451613,0.00046746993386774456
sd_along,0.593325917686318,0.5866935483870969,0.0005224492288080065
sd_along,0.5568409343715239,0.5903225806451613,0.0004727279367623175
sd_along,0.56440489432703,0.5528225806451614,0.0012589209649930084
rog_L0,0.6444938820912125,0.18508064516129033,0.3188691450129383
sd_along,0.6422691879866518,0.5205645161290323,0.00268011592089785
sd_along,0.6516129032258065,0.563709677419355,0.0009586544255454401
sd_along,0.6551724137931034,0.503225806451613,0.00390599519313091
sd_along,0.7312569521690767,0.3778225806451614,0.03612082368882216
sd_along,0.6195773081201335,0.5774193548387098,0.0006710450909207813
vel_entropy_L9,0.6938820912124583,0.06088709677419355,0.744896584140021
sd_along,0.7481646273637375,0.36330645161290326,0.04454614728097123
sd_along,0.696551724137931,0.4750000000000001,0.006929075214598532
sd_along,0.592880978865406,0.5415322580645162,0.0016540900991739809
sd_along,0.7419354838709676,0.4758064516129033,0.006820952377219746
sd_along,0.7833147942157953,0.3713709677419355,0.039690801012647874
top1_frac_L9,0.47141268075639603,0.2717741935483871,0.1391422136321092
sd_along,0.48609566184649605,0.6520161290322581,7.067018657934322e-05
sd_along,0.6017797552836485,0.5306451612903227,0.0021333126735382573
vel_entropy_L9,0.6106785317018909,0.031854838709677424,0.8649199545149776
sd_along,0.5314794215795328,0.6544354838709678,6.502992748745868e-05
sd_along,0.6538375973303671,0.5540322580645162,0.0012219341801767859
sd_along,0.5546162402669632,0.567741935483871,0.0008645637978923987
sd_along,0.6271412680756396,0.5673387096774194,0.000873593305829856
top1_frac_L9,0.49365962180200224,0.29838709677419356,0.1030033808687638
sd_along,0.6422691879866518,0.4875,0.005407224307021956
sd_along,0.6378197997775306,0.5701612903225807,0.0008120864260345733
sd_along,0.6338153503893215,0.5661290322580645,0.000901180115435121
sd_along,0.5127919911012235,0.7048387096774194,9.570494620963599e-06
sd_along,0.6329254727474972,0.522983870967742,0.0025388941064868093
sd_along,0.6235817575083425,0.5020161290322581,0.004007111447569066
sd_along,0.6476084538375974,0.5173387096774195,0.0028789463367107884
sd_along,0.43670745272525024,0.6891129032258065,1.8118529767370056e-05
sd_along,0.5657397107897664,0.6467741935483872,8.44173422004109e-05
twonn_id_L9,0.5301446051167964,0.22137096774193551,0.23138080743046993
vel_entropy_L9,0.517686318131257,0.21008064516129035,0.2566571759390197
sd_along,0.5630700778642936,0.6318548387096775,0.0001375438192293269
rog_L0,0.6622914349276974,0.07379032258064516,0.6932102605295571
vel_entropy_L9,0.7050055617352614,0.07177419354838711,0.7012044094745088
vel_entropy_L9,0.6671857619577308,0.022580645161290325,0.9040297757655772
sd_along,0.539043381535039,0.6245967741935484,0.00017284458966362534
top1_frac_L9,0.5537263626251391,0.2733870967741936,0.13671921695690384
sd_along,0.5768631813125694,0.6076612903225808,0.0002882807276302504
sd_along,0.6249165739710789,0.403225806451613,0.024495455654071113
sd_along,0.7406006674082313,0.4673387096774194,0.008030980257678467
sd_along,0.5350389321468298,0.6866935483870968,1.9918681196418417e-05
sd_along,0.7054505005561735,0.48870967741935495,0.005276436178392421
vel_entropy_L9,0.49321468298109006,0.297983870967742,0.10349202435733829
sd_along,0.6151279199110122,0.5725806451612904,0.0007624264137441109
sd_along,0.6106785317018909,0.5048387096774194,0.0037745908109266396
sd_along,0.6249165739710789,0.567741935483871,0.0008645637978923987
vel_entropy_L9,0.48075639599555064,0.2270161290322581,0.21939342327301328
rog_L0,0.4642936596218019,0.3713709677419355,0.039690801012647874
sd_along,0.6867630700778643,0.5020161290322581,0.004007111447569066
sd_along,0.6240266963292548,0.5524193548387096,0.0012714653630320318
vel_entropy_L9,0.48075639599555064,0.217741935483871,0.2393153966834326
sd_along,0.671635150166852,0.5604838709677421,0.0010402703030454334
sd_along,0.6120133481646273,0.5362903225806452,0.001871628635480281
sd_along,0.6440489432703003,0.6096774193548388,0.0002716618685124425
sd_along,0.7067853170189099,0.42822580645161296,0.01624579923540243
sd_along,0.46651835372636263,0.6689516129032258,3.886335956856708e-05
sd_along,0.49365962180200224,0.656451612903226,6.0641230802020824e-05
dist_bona_centroid_L12,0.4838709677419355,0.05161290322580646,0.7827454610710354
vel_entropy_L9,0.6164627363737486,0.11209677419354838,0.5482546425888183
sd_along,0.6164627363737486,0.4044354838709678,0.024029539557076093
sd_along,0.5457174638487208,0.6346774193548388,0.0001256546306387652
s_along,0.6053392658509456,0.051209677419354845,0.784402860023638
sd_along,0.5123470522803114,0.49435483870967745,0.0047012453469172585
sd_along,0.5719688542825361,0.5689516129032259,0.0008379646541111086
twonn_id_L9,0.4304783092324805,0.13709677419354843,0.4620729162761894
rog_L0,0.6507230255839822,0.2685483870967742,0.14408187701688063
sd_along,0.6244716351501668,0.5935483870967742,0.000432086891455326
sd_along,0.5737486095661846,0.6403225806451613,0.00010458773034544912
rog_L0,0.5977753058954393,0.22217741935483873,0.22964189356543735
part_ratio_L9,0.4776418242491657,0.2520161290322581,0.1714063664396801
sd_along,0.6284760845383759,0.5665322580645162,0.0008919008225942311
sd_along,0.6889877641824249,0.4596774193548387,0.009277928335924135
sd_along,0.5345939933259177,0.6556451612903226,6.236382986015398e-05
sd_along,0.47986651835372635,0.7173387096774194,5.5931847712721635e-06
sd_along,0.5568409343715239,0.5822580645161292,0.000589440413964126
sd_along,0.7628476084538376,0.4112903225806452,0.021524765639491288
rog_L12,0.5523915461624027,0.04233870967741936,0.821087921070589
sd_along,0.5003337041156841,0.6197580645161291,0.00020064914559172697
vel_entropy_L12,0.5906562847608453,0.07620967741935485,0.6836598807274448
sd_along,0.6413793103448275,0.5036290322580645,0.0038727808838366026
sd_along,0.5457174638487208,0.6120967741935485,0.00025284450730183276
sd_along,0.5199110122358176,0.6294354838709677,0.0001485215628043359
sd_along,0.5684093437152391,0.5842741935483872,0.0005581059889551699
sd_along,0.6084538375973303,0.565725806451613,0.0009105439605025415
rog_L0,0.4460511679644049,0.3975806451612903,0.026768769868337036
sd_along,0.6204671857619577,0.5068548387096775,0.0036156969490646336
rog_L0,0.5047830923248053,0.328225806451613,0.07143542219257844
part_ratio_L9,0.6235817575083425,0.10040322580645164,0.5909843569018906
sd_along,0.5773081201334815,0.5673387096774194,0.000873593305829856
sd_along,0.5563959955506118,0.6286290322580647,0.0001523504361012025
rog_L0,0.6885428253615128,0.22862903225806452,0.21604749734808074
sd_along,0.717908787541713,0.5286290322580646,0.0022341748171797074
sd_along,0.582202447163515,0.5665322580645162,0.0008919008225942311
sd_along,0.5190211345939933,0.6245967741935484,0.00017284458966362534
sd_along,0.5256952169076751,0.5822580645161292,0.000589440413964126
sd_along,0.5377085650723026,0.6596774193548388,5.41688808254073e-05
sd_along,0.6333704115684093,0.5322580645161291,0.0020554912511308427
sd_along,0.6266963292547274,0.644758064516129,9.03106277363137e-05
sd_along,0.6387096774193549,0.5266129032258065,0.0023391464628047614
sd_along,0.5434927697441602,0.6286290322580647,0.0001523504361012025
sd_along,0.5728587319243604,0.5588709677419356,0.0010833131476520063
sd_along,0.6360400444938822,0.5330645161290323,0.0020175133997510845
sd_along,0.5937708565072302,0.44274193548387103,0.01262361465034036
sd_along,0.5946607341490544,0.5588709677419356,0.0010833131476520063
sd_along,0.5399332591768632,0.6697580645161292,3.773672898963305e-05
sd_along,0.7637374860956618,0.35887096774193555,0.04741218357779175
rog_L0,0.5706340378197998,0.31935483870967746,0.0799097948269037
sd_along,0.453615127919911,0.672983870967742,3.3517545990962306e-05
sd_along,0.5163515016685205,0.6366935483870968,0.00011773240711924201
sd_along,0.4874304783092325,0.6995967741935485,1.189239181610008e-05
vel_entropy_L9,0.6275862068965516,0.09435483870967742,0.6136391321439627
sd_along,0.54972191323693,0.6451612903225807,8.910339465950835e-05
sd_along,0.47630700778642937,0.728225806451613,3.4220384873734877e-06
sd_along,0.5648498331479421,0.6068548387096775,0.0002951765339656357
sd_along,0.6845383759733037,0.5088709677419355,0.0034625944638663627
sd_along,0.5759733036707452,0.5842741935483872,0.0005581059889551699
sd_along,0.6912124582869855,0.4673387096774194,0.008030980257678467
sd_along,0.5167964404894326,0.49314516129032265,0.004819754533586758
sd_along,0.6209121245828698,0.5254032258064516,0.0024041592776355854
sd_along,0.5604004449388209,0.5778225806451613,0.0006638842610966035
vel_entropy_L12,0.5399332591768632,0.22540322580645164,0.22277440722193506
vel_entropy_L9,0.5412680756395996,0.2745967741935484,0.13492230862073065
rog_L0,0.6155728587319244,0.18266129032258066,0.3253472540271345
sd_along,0.5114571746384872,0.6423387096774195,9.786587010590443e-05
sd_along,0.6169076751946607,0.5427419354838711,0.0016071370338005542
sd_along,0.6849833147942158,0.5060483870967742,0.0036785496473568428
rog_L0,0.6836484983314793,0.29838709677419356,0.1030033808687638
sd_along,0.6129032258064516,0.5705645161290324,0.0008036176662982177
sd_along,0.6769744160177975,0.5048387096774194,0.0037745908109266396
rog_L0,0.6307007786429366,0.30120967741935484,0.09963139006107524
sd_along,0.578642936596218,0.6576612903225807,5.813715599993983e-05
twonn_id_L12,0.4981090100111235,0.30322580645161296,0.0972743596820805
sd_along,0.5906562847608453,0.5939516129032258,0.0004272303291038951
vel_entropy_L9,0.47497219132369295,0.09838709677419355,0.5984954304286771
sd_along,0.7450500556173526,0.48266129032258065,0.0059584513176847535
sd_along,0.385539488320356,0.7092741935483872,7.934704847469962e-06
sd_along,0.6129032258064516,0.5141129032258065,0.003090393380745318
sd_along,0.657842046718576,0.5092741935483871,0.00343265354213763
sd_along,0.689432703003337,0.4584677419354839,0.009489026834670858
sd_along,0.6124582869855395,0.5205645161290323,0.00268011592089785
vel_entropy_L12,0.5087875417130144,0.1649193548387097,0.37529921962674617
sd_along,0.6462736373748609,0.5576612903225807,0.00111661034313501
sd_along,0.5408231368186874,0.6350806451612904,0.00012403319884108662
rog_L0,0.582202447163515,0.24798387096774194,0.1785936053713657
vel_entropy_L9,0.6186874304783093,0.0778225806451613,0.6773193820965928
sd_along,0.5141268075639599,0.6346774193548388,0.0001256546306387652
sd_along,0.6560622914349278,0.5100806451612904,0.0033734402435038014
sd_along,0.4967741935483871,0.6919354838709678,1.6204478473823746e-05
sd_along,0.6053392658509456,0.5935483870967742,0.000432086891455326
sd_along,0.6226918798665184,0.5520161290322582,0.0012841188124116294
sd_along,0.6622914349276974,0.5104838709677421,0.00334416513687456
sd_along,0.6849833147942158,0.44112903225806455,0.012989226631661653
sd_along,0.5817575083426029,0.5814516129032258,0.0006024016032662373
sd_along,0.6413793103448275,0.5540322580645162,0.0012219341801767859
sd_along,0.5136818687430478,0.6120967741935485,0.00025284450730183276
sd_along,0.5105672969966629,0.6572580645161291,5.8961360205279714e-05
sd_along,0.6907675194660734,0.48225806451612907,0.006006475556142377
sd_along,0.6275862068965516,0.5528225806451614,0.0012589209649930084
sd_along,0.5537263626251391,0.5745967741935484,0.0007231016131104286
sd_along,0.5630700778642936,0.6306451612903227,0.0001429388438004281
rog_L0,0.6476084538375974,0.27137096774193553,0.13975282477007553
sd_along,0.7050055617352614,0.5072580645161291,0.003584618769492466
sd_along,0.6685205784204672,0.5120967741935485,0.003229243435826459
sd_along,0.489210233592881,0.7302419354838711,3.1164905674176414e-06
sd_along,0.6302558398220245,0.5455645161290323,0.0015020691147294572
sd_along,0.6507230255839822,0.4560483870967743,0.009923405674103478
top1_frac_L9,0.553281423804227,0.14919354838709678,0.4231103795680946
sd_along,0.643159065628476,0.6403225806451613,0.00010458773034544912
sd_along,0.6903225806451613,0.492741935483871,0.0048598219075855755
part_ratio_L9,0.5159065628476084,0.23669354838709677,0.19984039600013045
sd_along,0.4829810901001112,0.6508064516129033,7.36511918645998e-05
sd_along,0.7050055617352614,0.540725806451613,0.0016860516447434143
sd_along,0.5844271412680757,0.5459677419354839,0.001487559366847387
sd_along,0.6471635150166852,0.5024193548387098,0.003973159003157109
sd_along,0.5403781979977753,0.6919354838709678,1.6204478473823746e-05
sd_along,0.5884315906562848,0.47862903225806447,0.006453749007721673
sd_along,0.7975528364849833,0.41975806451612907,0.018731747151068553
vel_entropy_L12,0.5323692992213571,0.13548387096774192,0.4674071774476669
sd_along,0.5991101223581757,0.5673387096774194,0.000873593305829856
sd_along,0.5296996662958843,0.6383064516129032,0.00011171866894359364
sd_along,0.6231368186874304,0.5004032258064517,0.0041454261302619
rog_L0,0.5724137931034483,0.2766129032258065,0.13196596843619465
sd_along,0.5719688542825361,0.6254032258064517,0.0001685598486234186
sd_along,0.7023359288097887,0.483467741935484,0.005863384669614579
sd_along,0.5759733036707452,0.5939516129032258,0.0004272303291038951
sd_along,0.6409343715239153,0.5112903225806452,0.003286271230954059
sd_along,0.6355951056729701,0.503225806451613,0.00390599519313091
sd_along,0.6654060066740823,0.4165322580645161,0.01975807881079949
sd_along,0.7147942157953281,0.47822580645161294,0.006505152678558188
sd_along,0.6729699666295884,0.4875,0.005407224307021956
vel_entropy_L9,0.5283648498331479,0.23306451612903228,0.20702620826443913
sd_along,0.48209121245828696,0.6298387096774194,0.00014663945545338708
sd_along,0.4905450500556173,0.5939516129032258,0.0004272303291038951
sd_along,0.5443826473859844,0.6491935483870969,7.780067584325238e-05
sd_along,0.5830923248053392,0.5842741935483872,0.0005581059889551699
sd_along,0.6004449388209121,0.5665322580645162,0.0008919008225942311
rog_L0,0.7437152391546161,0.21048387096774193,0.25572438396307856
sd_along,0.6925472747497218,0.5479838709677419,0.0014168286589648696
sd_along,0.6800889877641824,0.5044354838709678,0.00380708014542501
sd_along,0.5773081201334815,0.6306451612903227,0.0001429388438004281
sd_along,0.4709677419354839,0.6064516129032259,0.00029867893151724694
sd_along,0.7054505005561735,0.5834677419354839,0.0005704590745120392
rog_L0,0.692992213570634,0.13104838709677422,0.48224158377655446
top1_frac_L9,0.5942157953281423,0.20483870967741938,0.2689870418183756
sd_along,0.6240266963292548,0.5133064516129032,0.003145302380233932
sd_along,0.5216907675194661,0.46895161290322585,0.0077874221950131805
sd_along,0.593325917686318,0.5629032258064516,0.0009785136021088585
sd_along,0.6146829810901,0.5870967741935484,0.0005167059398963794
sd_along,0.5305895439377085,0.720967741935484,4.760243193000151e-06
sd_along,0.6084538375973303,0.45282258064516134,0.010528561561051728
rog_L0,0.6689655172413793,0.22137096774193551,0.23138080743046993
sd_along,0.5808676307007786,0.6294354838709677,0.0001485215628043359
sd_along,0.5105672969966629,0.6137096774193549,0.00024095102788642192
sd_along,0.6244716351501668,0.5403225806451613,0.0017022330438186731
twonn_id_L9,0.44560622914349274,0.20524193548387096,0.2680251540777635
sd_along,0.5661846496106785,0.5153225806451613,0.0030095813628393314
vel_entropy_L9,0.5550611790878754,0.13266129032258067,0.4768193896351455
sd_along,0.6164627363737486,0.5963709677419355,0.0003990905095940342
sd_along,0.6249165739710789,0.5548387096774194,0.001197807178009531
sd_along,0.7339265850945496,0.3338709677419355,0.06641715289824215
sd_along,0.5995550611790879,0.5572580645161291,0.0011279066320742136
eff_rank_L9,0.43804226918798667,0.3181451612903226,0.08112289942387478
sd_along,0.5515016685205784,0.5467741935483872,0.0014589060628762357
top1_frac_L12,0.5572858731924359,0.08427419354838711,0.6521769610520185
vel_entropy_L12,0.43759733036707454,0.23145161290322586,0.21027620819409898
sd_along,0.5835372636262514,0.5560483870967743,0.0011623975171298525
sd_along,0.6511679644048943,0.5161290322580646,0.0029567259704205064
sd_along,0.7196885428253615,0.3899193548387097,0.030127027885966925
sd_along,0.6284760845383759,0.526209677419355,0.0023606460158050327
vel_entropy_L9,0.6097886540600668,0.04274193548387097,0.8194117265731522
vel_entropy_L9,0.5056729699666296,0.27217741935483875,0.13853355016350638
rog_L12,0.611123470522803,0.030645161290322586,0.870005486611063
sd_along,0.6449388209121245,0.5625,0.0009885776702318481
sd_along,0.6636262513904337,0.45725806451612905,0.009704165760823644
tortuosity_L9,0.5875417130144606,0.11088709677419356,0.5526070423345822
sd_along,0.6582869855394883,0.5076612903225807,0.0035537708271211024
sd_along,0.5924360400444939,0.5088709677419355,0.0034625944638663627
sd_along,0.5906562847608453,0.6266129032258065,0.00016230985155176912
sd_along,0.7058954393770857,0.4588709677419355,0.009418214705819605
sd_along,0.5590656284760844,0.5814516129032258,0.0006024016032662373
sd_along,0.7432703003337041,0.5383064516129034,0.0017851838622681602
sd_along,0.5879866518353727,0.533467741935484,0.0019987540485259417
sd_along,0.7708565072302558,0.42701612903225805,0.016583144047176
sd_along,0.5083426028921022,0.6423387096774195,9.786587010590443e-05
sd_along,0.6378197997775306,0.5717741935483871,0.0007786748080537085
rog_L0,0.4602892102335928,0.4116935483870968,0.021384400048134706
sd_along,0.44827586206896547,0.7391129032258066,2.044642955985308e-06
sd_along,0.5181312569521691,0.6290322580645162,0.0001504251520684225
sd_along,0.5519466073414906,0.6149193548387099,0.00023235948378030446
sd_along,0.7290322580645161,0.49354838709677423,0.004779970398075464
sd_along,0.7388209121245829,0.4326612903225807,0.0150573150714796
sd_along,0.6458286985539488,0.5185483870967742,0.0028029406724288286
sd_along,0.56440489432703,0.5826612903225807,0.000583052410572352
sd_along,0.6538375973303671,0.4794354838709678,0.006351978644921556
sd_along,0.7419354838709676,0.39798387096774196,0.026600869753074144
sd_along,0.5911012235817574,0.5161290322580646,0.0029567259704205064
sd_along,0.6698553948832036,0.517741935483871,0.0028534156721904207
sd_along,0.5737486095661846,0.5750000000000001,0.000715454214655684
sd_along,0.5986651835372636,0.5544354838709679,0.0012098181112603359
sd_along,0.6823136818687431,0.5862903225806452,0.0005282487305093542
sd_along,0.6088987764182424,0.5564516129032259,0.001150799473509473
sd_along,0.6685205784204672,0.49758064516129036,0.004397352827599969
sd_along,0.593325917686318,0.4911290322580646,0.005022956533796517
sd_along,0.4638487208008899,0.6358870967741936,0.00012084618906177042
sd_along,0.5403781979977753,0.6709677419354839,3.610170537934059e-05
sd_along,0.6320355951056729,0.5661290322580645,0.000901180115435121
sd_along,0.6400444938820912,0.540725806451613,0.0016860516447434143
top1_frac_L12,0.6943270300333704,0.07983870967741936,0.6694241531619162
sd_along,0.531924360400445,0.6153225806451614,0.0002295566866386782
top1_frac_L9,0.589321468298109,0.1733870967741936,0.3509238624248171
sd_along,0.45272525027808674,0.7068548387096775,8.792560993510406e-06
rog_L0,0.49543937708565067,0.3685483870967742,0.04133927979879279
sd_along,0.49410456062291436,0.6415322580645162,0.00010050686565943552
sd_along,0.6480533926585095,0.5508064516129032,0.0013227414579442252
sd_along,0.6729699666295884,0.4790322580645162,0.006402691620522424
sd_along,0.5781979977753059,0.5548387096774194,0.001197807178009531
dist_bona_centroid_L9,0.6235817575083425,0.2584677419354839,0.1603374230892852
sd_along,0.6137931034482759,0.5479838709677419,0.0014168286589648696
sd_along,0.7187986651835372,0.5108870967741936,0.0033151092491751012
rog_L0,0.6347052280311457,0.25000000000000006,0.17497390386838463
rog_L0,0.5986651835372636,0.21330645161290326,0.24925735106855243
sd_along,0.7624026696329255,0.37459677419354837,0.037871945756536955
rog_L0,0.4473859844271412,0.4294354838709678,0.015914182950657794
sd_along,0.657842046718576,0.4955645161290323,0.004585241636179438
sd_along,0.44783092324805335,0.6467741935483872,8.44173422004109e-05
sd_along,0.5372636262513905,0.6060483870967743,0.0003022180976760291
sd_along,0.49766407119021133,0.6653225806451614,4.43159539126028e-05
vel_entropy_L12,0.5612903225806452,0.055645161290322584,0.7662239346637291
sd_along,0.7441601779755282,0.34959677419354845,0.05387879761022681
sd_along,0.6102335928809789,0.5568548387096774,0.001139302761069697
sd_along,0.6409343715239153,0.5209677419354839,0.002656117688769655
vel_entropy_L9,0.49855394883203563,0.2588709677419355,0.15966303012682567
sd_along,0.5902113459399333,0.6032258064516131,0.0003280500098890114
sd_along,0.7739710789766406,0.4225806451612903,0.01787030276521233
twonn_id_L9,0.5630700778642936,0.19193548387096776,0.300952493306611
part_ratio_L9,0.4958843159065628,0.36733870967741944,0.04206236997903893
sd_along,0.5399332591768632,0.6233870967741936,0.00017945345385461065
sd_along,0.5016685205784205,0.6971774193548388,1.3126325533015808e-05
sd_along,0.567964404894327,0.6141129032258065,0.00023805636972397957
sd_along,0.6698553948832036,0.5447580645161291,0.0015314591592821055
sd_along,0.6057842046718577,0.6213709677419356,0.00019096877224171404
sd_along,0.6151279199110122,0.5318548387096774,0.002074711823545391
sd_along,0.6378197997775306,0.49435483870967745,0.0047012453469172585
sd_along,0.681868743047831,0.515725806451613,0.002983052591137402
sd_along,0.45272525027808674,0.7338709677419355,2.6281248438127704e-06
sd_along,0.5550611790878754,0.656451612903226,6.0641230802020824e-05
sd_along,0.5951056729699666,0.5770161290322582,0.0006782737721880305
sd_along,0.7446051167964404,0.44193548387096776,0.01280532762876042
sd_along,0.4562847608453838,0.5778225806451613,0.0006638842610966035
sd_along,0.6885428253615128,0.4504032258064517,0.011002561746831625
rog_L0,0.6008898776418242,0.2717741935483871,0.1391422136321092
sd_along,0.6649610678531702,0.4633064516129032,0.008668278566133069
sd_along,0.5003337041156841,0.6548387096774194,6.41301074585284e-05
sd_along,0.6747497219132369,0.535483870967742,0.0019072120696535773
sd_along,0.6422691879866518,0.5213709677419355,0.0026323055486747473
rog_L0,0.6044493882091213,0.2633064516129032,0.1523783979551179
top1_frac_L9,0.49276974416017794,0.2834677419354839,0.12226978475463005
sd_along,0.6084538375973303,0.5576612903225807,0.00111661034313501
sd_along,0.7134593993325918,0.36814516129032265,0.0415791937487799
top1_frac_L9,0.5537263626251391,0.2733870967741936,0.13671921695690384
sd_along,0.4122358175750834,0.35564516129032264,0.04958732291684796
sd_along,0.6355951056729701,0.4225806451612903,0.01787030276521233
sd_along,0.7223581757508343,0.48266129032258065,0.0059584513176847535
sd_along,0.44694104560622916,0.6826612903225806,2.3279373497527786e-05
vel_entropy_L9,0.5492769744160179,0.046774193548387105,0.8026939061851267
sd_along,0.5105672969966629,0.6689516129032258,3.886335956856708e-05
sd_along,0.5443826473859844,0.6133064516129033,0.00024387687941376668
sd_along,0.6409343715239153,0.5036290322580645,0.0038727808838366026
sd_along,0.4834260289210234,0.6830645161290324,2.292173819868463e-05
rog_L0,0.489210233592881,0.35403225806451616,0.05070421857999218
sd_along,0.5230255839822024,0.6580645161290324,5.732328559098074e-05
sd_along,0.6453837597330366,0.605241935483871,0.00030940806759170074
sd_along,0.5968854282536151,0.49395161290322587,0.00474046787548493
sd_along,0.6493882091212457,0.5524193548387096,0.0012714653630320318
sd_along,0.6587319243604004,0.49758064516129036,0.004397352827599969
sd_along,0.6004449388209121,0.5520161290322582,0.0012841188124116294
rog_L0,0.6832035595105673,0.2451612903225807,0.18374934751551816
sd_along,0.6280311457174638,0.5294354838709678,0.002193344432048514
twonn_id_L9,0.607119021134594,0.1455645161290323,0.4346033734489133
sd_along,0.6240266963292548,0.5383064516129034,0.0017851838622681602
sd_along,0.5959955506117909,0.6302419354838711,0.0001447786189085976
sd_along,0.657842046718576,0.4629032258064517,0.008734297945144227
sd_along,0.47274749721913245,0.697983870967742,1.2702752587115407e-05
sd_along,0.6645161290322581,0.595967741935484,0.00040366351837276275
sd_along,0.5274749721913237,0.6330645161290324,0.00013233097475890958
sd_along,0.6,0.6197580645161291,0.00020064914559172697
sd_along,0.6520578420467186,0.5709677419354839,0.0007952265463181841
rog_L0,0.5790878754171301,0.2592741935483871,0.15899067128859198
sd_along,0.4398220244716351,0.653225806451613,6.779758818070172e-05
sd_along,0.42380422691879865,0.6366935483870968,0.00011773240711924201
sd_along,0.5381535038932147,0.6419354838709678,9.917851935625792e-05
sd_along,0.6747497219132369,0.39032258064516134,0.02994212464121209
sd_along,0.4771968854282535,0.6576612903225807,5.813715599993983e-05
sd_along,0.5519466073414906,0.5971774193548388,0.00039008164297835905
sd_along,0.6542825361512792,0.48145161290322586,0.006103514908719531
rog_L0,0.578642936596218,0.2750000000000001,0.13432719773846194
sd_along,0.5123470522803114,0.5568548387096774,0.001139302761069697
sd_along,0.6164627363737486,0.5693548387096774,0.0008292593050945716
sd_along,0.4625139043381535,0.6588709677419355,5.572609181828998e-05
sd_along,0.7530589543937708,0.4350806451612904,0.014440213598854628
rog_L0,0.5105672969966629,0.32620967741935486,0.07329727017483427
top1_frac_L9,0.5781979977753059,0.24314516129032263,0.1874953537757531
sd_along,0.6048943270300334,0.5504032258064516,0.001335839124837388
sd_along,0.5248053392658508,0.6391129032258066,0.00010881584567825931
sd_along,0.6649610678531702,0.47741935483870973,0.006609006394313817
vel_entropy_L9,0.5795328142380423,0.11935483870967743,0.5224825746823831
vel_entropy_L9,0.7334816462736374,0.08508064516129032,0.6490596265532764
sd_along,0.5537263626251391,0.6278225806451613,0.00015626694870501487
vel_entropy_L9,0.589321468298109,0.15403225806451612,0.4080519939140673
sd_along,0.6048943270300334,0.5544354838709679,0.0012098181112603359
sd_along,0.6026696329254727,0.5310483870967743,0.002113621482553722
sd_along,0.6244716351501668,0.49879032258064526,0.004287820776272444
sd_along,0.6413793103448275,0.480241935483871,0.00625157847532328
top1_frac_L12,0.5114571746384872,0.23225806451612907,0.2086468649506737
sd_along,0.6734149054505005,0.49717741935483883,0.004434392887625281
sd_along,0.47141268075639603,0.7258064516129034,3.824394073221475e-06
sd_along,0.6387096774193549,0.5826612903225807,0.000583052410572352
sd_along,0.657842046718576,0.5504032258064516,0.001335839124837388
sd_along,0.7174638487208009,0.4866935483870969,0.005495947049761195
sd_along,0.6422691879866518,0.5693548387096774,0.0008292593050945716
part_ratio_L9,0.5078976640711901,0.3270161290322581,0.07254807235495975
curvature_L9,0.5261401557285873,0.4919354838709678,0.004940812906721152
sd_along,0.5648498331479421,0.5713709677419355,0.0007869124607574608
sd_along,0.5915461624026696,0.5036290322580645,0.0038727808838366026
sd_along,0.6796440489432702,0.4955645161290323,0.004585241636179438
sd_along,0.6329254727474972,0.5572580645161291,0.0011279066320742136
sd_along,0.5345939933259177,0.6524193548387097,6.970078185594613e-05
sd_along,0.6182424916573971,0.5725806451612904,0.0007624264137441109
top1_frac_L9,0.5341490545050055,0.039112903225806454,0.8345247551697359
sd_along,0.5657397107897664,0.5463709677419355,0.0014731719717632923
sd_along,0.7526140155728587,0.322983870967742,0.07635414290197155
sd_along,0.5537263626251391,0.6258064516129033,0.00016645313010422852
vel_entropy_L9,0.6017797552836485,0.011693548387096776,0.950217692547473
sd_along,0.5759733036707452,0.6072580645161291,0.0002917105751477041
sd_along,0.5617352614015573,0.6000000000000001,0.00035994976250327095
sd_along,0.6627363737486095,0.5512096774193549,0.001309756056379129
sd_along,0.5835372636262514,0.6125,0.000249823325575368
sd_along,0.5403781979977753,0.6189516129032258,0.000205650910203096
rog_L0,0.6004449388209121,0.1721774193548387,0.3543465547606558
recurrence_L9,0.4472467506350597,0.3536922237828124,0.05094221110410316
sd_along,0.592880978865406,0.5713709677419355,0.0007869124607574608
sd_along,0.6333704115684093,0.5612903225806452,0.0010193160173189502
rog_L0,0.5092324805339266,0.33467741935483875,0.06572329357384654
sd_along,0.6413793103448275,0.4830645161290323,0.005910754956321137
sd_along,0.5630700778642936,0.5750000000000001,0.000715454214655684
sd_along,0.4923248053392658,0.6725806451612905,3.4020671719308726e-05
sd_along,0.5572858731924359,0.6096774193548388,0.0002716618685124425
sd_along,0.7406006674082313,0.4459677419354839,0.011918221524150067
sd_along,0.5764182424916573,0.5770161290322582,0.0006782737721880305
sd_along,0.4883203559510568,0.6463709677419355,8.556772298832535e-05
top1_frac_L9,0.5167964404894326,0.30282258064516127,0.09774235531418328
sd_along,0.5501668520578421,0.5455645161290323,0.0015020691147294572
rog_L0,0.5047830923248053,0.29435483870967744,0.10796864769303649
sd_along,0.47319243604004446,0.6439516129032259,9.276902070596494e-05
rog_L0,0.521245828698554,0.31088709677419357,0.08870115395933176
sd_along,0.5417130144605116,0.6036290322580645,0.0003242440191878279
sd_along,0.5394883203559511,0.6495967741935484,7.674416985654115e-05
sd_along,0.5755283648498332,0.6221774193548388,0.0001862861117317046
sd_along,0.6373748609566184,0.5762096774193548,0.0006929368800658185
sd_along,0.5159065628476084,0.5858870967741936,0.0005341049149034341
vel_entropy_L9,0.6333704115684093,0.07701612903225806,0.6804869573574756
vel_entropy_L9,0.6093437152391545,0.1536290322580645,0.40929517833582896
sd_along,0.6614015572858732,0.4991935483870968,0.004251834314511518
sd_along,0.47230255839822033,0.6842741935483871,2.1878297987848047e-05
sd_along,0.4562847608453838,0.6645161290322581,4.561704970003301e-05
sd_along,0.5741935483870967,0.6725806451612905,3.4020671719308726e-05
sd_along,0.4785317018909899,0.6741935483870969,3.204801380145682e-05
sd_along,0.503448275862069,0.6012096774193549,0.0003476795072766063
sd_along,0.6992213570634038,0.4846774193548387,0.0057232123367668124
sd_along,0.6124582869855395,0.565725806451613,0.0009105439605025415
sd_along,0.6057842046718577,0.5225806451612904,0.0025619737651357715
sd_along,0.5310344827586206,0.6358870967741936,0.00012084618906177042
sd_along,0.6800889877641824,0.43064516129032265,0.01558822080862778
sd_along,0.5670745272525028,0.605241935483871,0.00030940806759170074
sd_along,0.7174638487208009,0.530241935483871,0.0021531628507509876
sd_along,0.6774193548387096,0.5350806451612904,0.0019252232115908425
sd_along,0.5826473859844271,0.6056451612903225,0.00030579436476928614
sd_along,0.6760845383759733,0.5282258064516129,0.0022548360196515435
sd_along,0.6266963292547274,0.5778225806451613,0.0006638842610966035
sd_along,0.5773081201334815,0.5955645161290324,0.00040828277410368766
sd_along,0.7290322580645161,0.48588709677419356,0.005585910451137035
sd_along,0.6275862068965516,0.5165322580645162,0.0029306002299648174
vel_entropy_L9,0.5203559510567297,0.18870967741935485,0.30930312482867467
sd_along,0.6569521690767519,0.5129032258064516,0.003173071078426723
vel_entropy_L9,0.5377085650723026,0.18346774193548387,0.3231789373788506
sd_along,0.5617352614015573,0.5826612903225807,0.000583052410572352
sd_along,0.5101223581757508,0.6395161290322581,0.0001073898303401414
sd_along,0.5808676307007786,0.605241935483871,0.00030940806759170074
sd_along,0.596440489432703,0.5750000000000001,0.000715454214655684
sd_along,0.5279199110122358,0.6411290322580645,0.0001018510726435104
sd_along,0.5065628476084539,0.590725806451613,0.00046746993386774456
sd_along,0.5555061179087876,0.6133064516129033,0.00024387687941376668
sd_along,0.6587319243604004,0.5072580645161291,0.003584618769492466
sd_along,0.5541713014460512,0.590725806451613,0.00046746993386774456
sd_along,0.5924360400444939,0.5491935483870968,0.0013758138900375992
sd_along,0.5724137931034483,0.6403225806451613,0.00010458773034544912
sd_along,0.6978865406006673,0.4721774193548387,0.007319056247452057
mu_norm_L12,0.5853170189098998,0.056854838709677426,0.761286690944497
sd_along,0.6351501668520578,0.5221774193548387,0.002585234772643832
rog_L0,0.6235817575083425,0.26653225806451614,0.14723310998438371
top1_frac_L9,0.4687430478309232,0.39032258064516134,0.02994212464121209
vel_entropy_L12,0.5007786429365962,0.12459677419354842,0.5042438807488963
sd_along,0.5537263626251391,0.6641129032258065,4.628035636554899e-05
rog_L0,0.5982202447163515,0.3125,0.08697213967851597
vel_entropy_L9,0.6258064516129032,0.05524193548387097,0.7678716935426563
vel_entropy_L12,0.4353726362625139,0.22056451612903227,0.23312855744665079
sd_along,0.507007786429366,0.5254032258064516,0.0024041592776355854
sd_along,0.5688542825361512,0.6201612903225807,0.00019818904138671706
rog_L0,0.507007786429366,0.2830645161290323,0.12282511613567898
sd_along,0.6093437152391545,0.5754032258064516,0.0007078780021976461
sd_along,0.6569521690767519,0.5508064516129032,0.0013227414579442252
sd_along,0.5830923248053392,0.5540322580645162,0.0012219341801767859
vel_entropy_L12,0.6458286985539488,0.0931451612903226,0.6182132468532753
sd_along,0.6832035595105673,0.5092741935483871,0.00343265354213763
top1_frac_L9,0.5083426028921022,0.31088709677419357,0.08870115395933176
sd_along,0.5314794215795328,0.6423387096774195,9.786587010590443e-05
sd_along,0.6769744160177975,0.44112903225806455,0.012989226631661653
sd_along,0.5701890989988877,0.6314516129032258,0.00013932164903651505
sd_along,0.5982202447163515,0.535483870967742,0.0019072120696535773
vel_entropy_L9,0.44916573971078977,0.2830645161290323,0.12282511613567898
sd_along,0.4562847608453838,0.6842741935483871,2.1878297987848047e-05
sd_along,0.5328142380422692,0.6451612903225807,8.910339465950835e-05
sd_along,0.6565072302558399,0.5439516129032259,0.0015613491344227887
sd_along,0.7423804226918799,0.43306451612903224,0.014952964208320858
sd_along,0.6992213570634038,0.4673387096774194,0.008030980257678467
sd_along,0.6293659621802001,0.5943548387096775,0.00042242204717475243
sd_along,0.7744160177975528,0.36895161290322587,0.04110047720642462
sd_along,0.6155728587319244,0.5620967741935485,0.0009987323025433814
sd_along,0.6560622914349278,0.49314516129032265,0.004819754533586758
sd_along,0.6106785317018909,0.6060483870967743,0.0003022180976760291
sd_along,0.6596218020022246,0.5838709677419356,0.0005642527470602676
sd_along,0.585761957730812,0.6221774193548388,0.0001862861117317046
sd_along,0.6627363737486095,0.45282258064516134,0.010528561561051728
rog_L0,0.6004449388209121,0.1620967741935484,0.3836391341168396
sd_along,0.5639599555061179,0.6076612903225808,0.0002882807276302504
sd_along,0.6186874304783093,0.5556451612903226,0.0011740976440319899
vel_entropy_L9,0.6551724137931034,0.05524193548387097,0.7678716935426563
sd_along,0.6342602892102336,0.5620967741935485,0.0009987323025433814
mu_norm_L12,0.5323692992213571,0.13709677419354843,0.4620729162761894
sd_along,0.6489432703003337,0.4810483870967742,0.006152533662369507
sd_along,0.45850945494994433,0.7322580645161291,2.835886431461313e-06
sd_along,0.6302558398220245,0.6391129032258066,0.00010881584567825931
mu_norm_L12,0.575083426028921,0.015725806451612905,0.9330846610247484
sd_along,0.6302558398220245,0.5524193548387096,0.0012714653630320318
sd_along,0.6507230255839822,0.5036290322580645,0.0038727808838366026
vel_entropy_L9,0.5483870967741935,0.1548387096774194,0.40557202807360526
sd_along,0.6311457174638487,0.515725806451613,0.002983052591137402
sd_along,0.4887652947719689,0.6693548387096775,3.829632574069027e-05
mu_norm_L12,0.5995550611790879,0.08911290322580646,0.6335610242106571
sd_along,0.6355951056729701,0.5298387096774194,0.002173173079882185
sd_along,0.6204671857619577,0.5185483870967742,0.0028029406724288286
sd_along,0.6511679644048943,0.5133064516129032,0.003145302380233932
part_ratio_L9,0.5648498331479421,0.2088709677419355,0.2594689622317088
s_along,0.49766407119021133,0.03669354838709678,0.8446327163520038
sd_along,0.4616240266963292,0.7330645161290323,2.7302137051897652e-06
sd_along,0.6191323692992213,0.563709677419355,0.0009586544255454401
sd_along,0.6182424916573971,0.5733870967741936,0.0007464766257705166
sd_along,0.5799777530589544,0.5725806451612904,0.0007624264137441109
sd_along,0.7156840934371523,0.4750000000000001,0.006929075214598532
sd_along,0.6992213570634038,0.47701612903225804,0.006661460218346726
sd_along,0.7401557285873193,0.4709677419354839,0.007491809422434443
sd_along,0.4420467185761958,0.6725806451612905,3.4020671719308726e-05
sd_along,0.6338153503893215,0.5596774193548387,0.001061600782999506
sd_along,0.5982202447163515,0.5173387096774195,0.0028789463367107884
sd_along,0.7397107897664071,0.5471774193548388,0.00144476077836368
rog_L0,0.5715239154616241,0.3233870967741936,0.07596673839260024
sd_along,0.5439377085650723,0.6278225806451613,0.00015626694870501487
vel_entropy_L9,0.5866518353726363,0.08508064516129032,0.6490596265532764
sd_along,0.6600667408231368,0.5870967741935484,0.0005167059398963794
top1_frac_L9,0.5777530589543938,0.14274193548387099,0.4436590974387419
sd_along,0.5670745272525028,0.5822580645161292,0.000589440413964126
vel_entropy_L9,0.5888765294771968,0.06612903225806453,0.7237529012874481
sd_along,0.52880978865406,0.5629032258064516,0.0009785136021088585
sd_along,0.6088987764182424,0.5584677419354839,0.0010943143335156126
vel_entropy_L12,0.5452725250278087,0.12500000000000003,0.5028542101272221
vel_entropy_L9,0.4794215795328142,0.23306451612903228,0.20702620826443913
rog_L0,0.689432703003337,0.12016129032258066,0.5196558831397389
sd_along,0.4958843159065628,0.642741935483871,9.656875570428806e-05
sd_along,0.511012235817575,0.5463709677419355,0.0014731719717632923
rog_L0,0.611123470522803,0.25685483870967746,0.16305538630281866
rog_L0,0.5804226918798664,0.310483870967742,0.08913747804425161
sd_along,0.5755283648498332,0.6443548387096775,9.153245179723052e-05
sd_along,0.657842046718576,0.480241935483871,0.00625157847532328
sd_along,0.5159065628476084,0.6487903225806452,7.887016778712051e-05
sd_along,0.611123470522803,0.5326612903225807,0.0020364254561312783
sd_along,0.6427141268075639,0.5560483870967743,0.0011623975171298525
sd_along,0.6160177975528365,0.5661290322580645,0.000901180115435121
sd_along,0.5986651835372636,0.6181451612903227,0.0002107631484623094
sd_along,0.6685205784204672,0.5298387096774194,0.002173173079882185
rog_L0,0.6747497219132369,0.21290322580645166,0.2501745204554868
sd_along,0.6093437152391545,0.6044354838709678,0.0003167491320213091
sd_along,0.5768631813125694,0.5987903225806452,0.00037260154033782496
sd_along,0.6338153503893215,0.5588709677419356,0.0010833131476520063
sd_along,0.6698553948832036,0.5048387096774194,0.0037745908109266396
vel_entropy_L9,0.5216907675194661,0.0995967741935484,0.5939838584151786
sd_along,0.5377085650723026,0.6092741935483872,0.0002749159865572194
sd_along,0.5074527252502781,0.6443548387096775,9.153245179723052e-05
twonn_id_L12,0.40778642936596216,0.2451612903225807,0.18374934751551816
sd_along,0.6921023359288097,0.4625000000000001,0.008800742138208936
sd_along,0.6137931034482759,0.7302419354838711,3.1164905674176414e-06
curvature_L12,0.7548387096774194,0.3423387096774194,0.05941030406343727
sd_along,0.6400444938820912,0.5012096774193548,0.004075764822480031
sd_along,0.5105672969966629,0.681451612903226,2.438260352775944e-05
vel_entropy_L12,0.6502780867630701,0.08548387096774195,0.6475031358911192
mu_norm_L12,0.4295884315906563,0.2778225806451613,0.13021513815651406
sd_along,0.4771968854282535,0.5766129032258065,0.0006855708517682637
vel_entropy_L12,0.47986651835372635,0.18225806451612905,0.3264347652272521
sd_along,0.6031145717463848,0.5625,0.0009885776702318481
sd_along,0.6364849833147942,0.5145161290322581,0.0030632504719631517
sd_along,0.7739710789766406,0.42500000000000004,0.01715831925080065
top1_frac_L12,0.5724137931034483,0.04395161290322581,0.8143878586132712
sd_along,0.5652947719688542,0.5580645161290323,0.0011054131551958269
sd_along,0.5719688542825361,0.6681451612903228,4.0020086779680745e-05
rog_L0,0.6707452725250278,0.13951612903225807,0.4541322584746682
sd_along,0.44471635150166855,0.6899193548387097,1.755189132476884e-05
sd_along,0.5087875417130144,0.6439516129032259,9.276902070596494e-05
sd_along,0.546607341490545,0.553225806451613,0.0012464848261650482
sd_along,0.6293659621802001,0.6709677419354839,3.610170537934059e-05
sd_along,0.54972191323693,0.6540322580645161,6.594103154040757e-05
sd_along,0.6809788654060066,0.49798387096774194,0.004360578489817127
sd_along,0.760622914349277,0.49153225806451617,0.00498173981643126
sd_along,0.6013348164627365,0.5153225806451613,0.0030095813628393314
sd_along,0.5942157953281423,0.5971774193548388,0.00039008164297835905
vel_entropy_L12,0.4411568409343715,0.18548387096774197,0.31779729227486475
vel_entropy_L12,0.4834260289210234,0.21330645161290326,0.24925735106855243
sd_along,0.6235817575083425,0.5084677419354839,0.003492760064000302
sd_along,0.6307007786429366,0.44354838709677424,0.012444067537828292
sd_along,0.6756395995550611,0.453225806451613,0.010451258312259605
sd_along,0.5924360400444939,0.527016129032258,0.0023178167990075206
sd_along,0.5243604004449388,0.6290322580645162,0.0001504251520684225
sd_along,0.4580645161290322,0.7008064516129033,1.1315560344776209e-05
sd_along,0.5528364849833148,0.6681451612903228,4.0020086779680745e-05
sd_along,0.5635150166852058,0.5911290322580646,0.00046226361608250123
sd_along,0.6333704115684093,0.5370967741935484,0.001836623716286878
sd_along,0.6934371523915461,0.5540322580645162,0.0012219341801767859
sd_along,0.5194660734149055,0.6399193548387098,0.00010598051552787065
vel_entropy_L9,0.5844271412680757,0.1629032258064516,0.38124541004978496
sd_along,0.54972191323693,0.6879032258064517,1.899941433989235e-05
vel_entropy_L12,0.560845383759733,0.11975806451612905,0.5210682941323059
sd_along,0.6889877641824249,0.44556451612903236,0.012004544160291631
sd_along,0.6484983314794216,0.49879032258064526,0.004287820776272444
rog_L0,0.6689655172413793,0.2693548387096774,0.14283519548566553
sd_along,0.5461624026696329,0.6798387096774194,2.5926689877822473e-05
sd_along,0.5457174638487208,0.5685483870967742,0.0008467501023021788
vel_entropy_L9,0.6462736373748609,0.08588709677419355,0.6459481037891261
vel_entropy_L9,0.6240266963292548,0.04717741935483871,0.8010266902667218
sd_along,0.7210233592880979,0.44919354838709685,0.011246212696609177
sd_along,0.5919911012235817,0.5467741935483872,0.0014589060628762357
sd_along,0.6934371523915461,0.4705645161290323,0.007550157521994875
sd_along,0.5301446051167964,0.6302419354838711,0.0001447786189085976
sd_along,0.5902113459399333,0.6012096774193549,0.0003476795072766063
sd_along,0.5790878754171301,0.5951612903225807,0.0004129486777852597
sd_along,0.6022246941045606,0.5342741935483871,0.0019616893542442754
sd_along,0.7775305895439377,0.4185483870967743,0.019111320719884934
sd_along,0.5648498331479421,0.6100806451612903,0.0002684419476625354
sd_along,0.6489432703003337,0.5036290322580645,0.0038727808838366026
sd_along,0.6338153503893215,0.48064516129032264,0.006201887572190285
sd_along,0.44649610678531704,0.6802419354838711,2.553264187216683e-05
sd_along,0.7067853170189099,0.4112903225806452,0.021524765639491288
rog_L0,0.6934371523915461,0.23225806451612907,0.2086468649506737
sd_along,0.6369299221357063,0.480241935483871,0.00625157847532328
sd_along,0.6556173526140155,0.5500000000000002,0.0013490498720056157
top1_frac_L9,0.6591768631813125,0.06733870967741935,0.7189011751841445
sd_along,0.6551724137931034,0.5580645161290323,0.0011054131551958269
sd_along,0.6413793103448275,0.5161290322580646,0.0029567259704205064
rog_L0,0.6649610678531702,0.13911290322580647,0.455450617312125
vel_entropy_L9,0.6587319243604004,0.056854838709677426,0.761286690944497
twonn_id_L9,0.5328142380422692,0.2556451612903226,0.1651153390522969
sd_along,0.5951056729699666,0.5600806451612904,0.0010508881646706415
sd_along,0.5790878754171301,0.6064516129032259,0.00029867893151724694
rog_L12,0.5995550611790879,0.028629032258064516,0.8784926040429533
sd_along,0.6956618464961067,0.4633064516129032,0.008668278566133069
sd_along,0.5399332591768632,0.6173387096774193,0.00021598796760505804
sd_along,0.6373748609566184,0.45766129032258074,0.00963200012282693
sd_along,0.5773081201334815,0.660483870967742,5.265077137319616e-05
vel_entropy_L9,0.46117908787541706,0.19637096774193552,0.28970499833184016
sd_along,0.649833147942158,0.5258064516129033,0.002382316578667928
sd_along,0.5595105672969966,0.5903225806451613,0.0004727279367623175
twonn_id_L9,0.3899888765294772,0.11370967741935485,0.5424765201717012
sd_along,0.6404894327030033,0.47862903225806447,0.006453749007721673
sd_along,0.582202447163515,0.6383064516129032,0.00011171866894359364
sd_along,0.6791991101223581,0.44354838709677424,0.012444067537828292
sd_along,0.6129032258064516,0.572983870967742,0.0007544144877416011
sd_along,0.5862068965517241,0.580241935483871,0.0006223139790898504
sd_along,0.6596218020022246,0.4318548387096775,0.015267838983082555
sd_along,0.5301446051167964,0.6116935483870968,0.00025589805660342644
sd_along,0.5804226918798664,0.6120967741935485,0.00025284450730183276
sd_along,0.6275862068965516,0.5754032258064516,0.0007078780021976461
sd_along,0.54972191323693,0.6161290322580645,0.00022404097697020252
sd_along,0.6823136818687431,0.5225806451612904,0.0025619737651357715
sd_along,0.4407119021134594,0.7108870967741936,7.405610496919695e-06
dist_bona_centroid_L12,0.4758620689655172,0.09274193548387098,0.6197410829999634
sd_along,0.6182424916573971,0.5887096774193549,0.0004942856244001755
sd_along,0.47185761957730815,0.7044354838709678,9.733343346378069e-06
sd_along,0.5021134593993326,0.6141129032258065,0.00023805636972397957
mu_norm_L12,0.5381535038932147,0.029435483870967744,0.8750961161944117
sd_along,0.5604004449388209,0.6181451612903227,0.0002107631484623094
vel_entropy_L12,0.5559510567296997,0.1548387096774194,0.40557202807360526
sd_along,0.6916573971078976,0.46814516129032263,0.00790840635684242
top1_frac_L9,0.578642936596218,0.2612903225806452,0.1556593000996866
sd_along,0.6680756395995551,0.4907258064516129,0.0050644647178861545
sd_along,0.5119021134593993,0.6274193548387097,0.00015825861183081826
sd_along,0.4616240266963292,0.753225806451613,1.009106640423115e-06
sd_along,0.46696329254727476,0.6850806451612904,2.1206627198058172e-05
vel_entropy_L9,0.6654060066740823,0.08467741935483872,0.6506175701532939
sd_along,0.6275862068965516,0.5298387096774194,0.002173173079882185
sd_along,0.5256952169076751,0.6366935483870968,0.00011773240711924201
sd_along,0.6160177975528365,0.585483870967742,0.0005400182550694499
rog_L0,0.6307007786429366,0.21612903225806454,0.24289952333783013
sd_along,0.5052280311457175,0.5931451612903227,0.0004369921495394461
sd_along,0.6,0.505241935483871,0.0037423402399068624
sd_along,0.611123470522803,0.5088709677419355,0.0034625944638663627
sd_along,0.6898776418242492,0.48266129032258065,0.0059584513176847535
sd_along,0.6097886540600668,0.6298387096774194,0.00014663945545338708
sd_along,0.681868743047831,0.4766129032258065,0.006714267884258436
sd_along,0.5808676307007786,0.5862903225806452,0.0005282487305093542
vel_entropy_L9,0.5795328142380423,0.28548387096774197,0.11952097174701456
sd_along,0.5363737486095662,0.6241935483870968,0.00017502307598488205
sd_along,0.5986651835372636,0.5548387096774194,0.001197807178009531
sd_along,0.5528364849833148,0.5701612903225807,0.0008120864260345733
vel_entropy_L9,0.5328142380422692,0.18911290322580646,0.30825144245323804
sd_along,0.6088987764182424,0.5778225806451613,0.0006638842610966035
rog_L0,0.5977753058954393,0.3157258064516129,0.08359152476421079
rog_L0,0.7076751946607341,0.20967741935483872,0.25759220254381493
sd_along,0.7103448275862069,0.4741935483870969,0.007038651850576193
vel_entropy_L9,0.5190211345939933,0.24838709677419357,0.17786547856329232
sd_along,0.6845383759733037,0.5745967741935484,0.0007231016131104286
vel_entropy_L9,0.5301446051167964,0.11572580645161293,0.5352945604489174
sd_along,0.6084538375973303,0.5766129032258065,0.0006855708517682637
sd_along,0.5381535038932147,0.4866935483870969,0.005495947049761195
sd_along,0.5617352614015573,0.6362903225806452,0.0001192802371147856
rog_L0,0.4616240266963292,0.3931451612903226,0.028673505690117902
sd_along,0.5132369299221357,0.683467741935484,2.256905418678442e-05
sd_along,0.6400444938820912,0.622983870967742,0.0001817058205519022
sd_along,0.5666295884315907,0.6358870967741936,0.00012084618906177042
sd_along,0.48476084538375974,0.6883064516129033,1.8701592772602118e-05
sd_along,0.5862068965517241,0.6758064516129033,3.017872657358296e-05
sd_along,0.6525027808676307,0.5258064516129033,0.002382316578667928
sd_along,0.5746384872080088,0.6681451612903228,4.0020086779680745e-05
sd_along,0.5550611790878754,0.6213709677419356,0.00019096877224171404
rog_L0,0.5047830923248053,0.3790322580645161,0.03548124975303315
sd_along,0.6124582869855395,0.5911290322580646,0.00046226361608250123
sd_along,0.7486095661846496,0.38185483870967746,0.0340244472775602
sd_along,0.646718576195773,0.5322580645161291,0.0020554912511308427
sd_along,0.6053392658509456,0.5471774193548388,0.00144476077836368
sd_along,0.5759733036707452,0.6358870967741936,0.00012084618906177042
sd_along,0.7041156840934372,0.4717741935483871,0.007376260787779503
sd_along,0.6845383759733037,0.5072580645161291,0.003584618769492466
sd_along,0.6471635150166852,0.5060483870967742,0.0036785496473568428
vel_entropy_L9,0.5372636262513905,0.1342741935483871,0.47142898795379495
top1_frac_L12,0.4967741935483871,0.15000000000000002,0.4205794798521948
sd_along,0.5817575083426029,0.6346774193548388,0.0001256546306387652
sd_along,0.7615127919911011,0.5266129032258065,0.0023391464628047614
sd_along,0.7281423804226919,0.45443548387096777,0.010222210636900925
sd_along,0.7192436040044494,0.465725806451613,0.008280963529035675
sd_along,0.7139043381535038,0.4149193548387097,0.020288419199866282
sd_along,0.5541713014460512,0.5786290322580646,0.0006497639858748745
sd_along,0.6022246941045606,0.5487903225806452,0.0013893688139272754
sd_along,0.5488320355951056,0.7080645161290323,8.35368838474059e-06
sd_along,0.5377085650723026,0.6516129032258065,7.165163571701632e-05
sd_along,0.5595105672969966,0.5915322580645161,0.0004571085474415951
sd_along,0.6685205784204672,0.5298387096774194,0.002173173079882185
sd_along,0.5781979977753059,0.5879032258064517,0.0005053861366196939
top1_frac_L9,0.5661846496106785,0.21330645161290326,0.24925735106855243
sd_along,0.6235817575083425,0.5987903225806452,0.00037260154033782496
top1_frac_L9,0.5515016685205784,0.192741935483871,0.29888728197452197
sd_along,0.531924360400445,0.6745967741935485,3.157119207369524e-05
sd_along,0.7450500556173526,0.38266129032258067,0.0336172317345596
sd_along,0.6084538375973303,0.5701612903225807,0.0008120864260345733
sd_along,0.771301446051168,0.45443548387096777,0.010222210636900925
recurrence_L12,0.48410673451410813,0.19866539817368145,0.2839934402257126
top1_frac_L9,0.4883203559510568,0.3278225806451613,0.0718048242479239
sd_along,0.6191323692992213,0.5762096774193548,0.0006929368800658185
vel_entropy_L9,0.6315906562847609,0.06048387096774194,0.7465308117000464
vel_entropy_L9,0.5461624026696329,0.1620967741935484,0.3836391341168396
vel_entropy_L12,0.575083426028921,0.10564516129032257,0.5716506341346818
sd_along,0.5830923248053392,0.6008064516129032,0.00035172781893361913
sd_along,0.578642936596218,0.5778225806451613,0.0006638842610966035
rog_L0,0.6040044493882092,0.21935483870967742,0.23576677017623443
sd_along,0.6529477196885429,0.5403225806451613,0.0017022330438186731
sd_along,0.696551724137931,0.4669354838709678,0.008092868522795787
sd_along,0.6057842046718577,0.6326612903225807,0.00013404868210251025
sd_along,0.660956618464961,0.492741935483871,0.0048598219075855755
sd_along,0.37085650723025576,0.6326612903225807,0.00013404868210251025
sd_along,0.6533926585094549,0.6068548387096775,0.0002951765339656357
sd_along,0.5884315906562848,0.5604838709677421,0.0010402703030454334
vel_entropy_L9,0.5194660734149055,0.19112903225806452,0.3030266852328359
sd_along,0.6044493882091213,0.6149193548387099,0.00023235948378030446
sd_along,0.5590656284760844,0.6185483870967743,0.00020819308919908263
sd_along,0.56440489432703,0.6225806451612904,0.00018398329238349017
sd_along,0.5065628476084539,0.655241935483871,6.32414487671724e-05
sd_along,0.560845383759733,0.572983870967742,0.0007544144877416011
sd_along,0.7357063403781979,0.39233870967741935,0.029031411519508634
sd_along,0.73615127919911,0.4338709677419355,0.014746071238596895
sd_along,0.6066740823136819,0.5665322580645162,0.0008919008225942311
sd_along,0.6516129032258065,0.5459677419354839,0.001487559366847387
rog_L0,0.7348164627363738,0.1903225806451613,0.30510985593974327
sd_along,0.5870967741935484,0.5983870967741935,0.00037690533153599096
sd_along,0.7183537263626251,0.48145161290322586,0.006103514908719531
sd_along,0.6422691879866518,0.5254032258064516,0.0024041592776355854
sd_along,0.6591768631813125,0.46814516129032263,0.00790840635684242
sd_along,0.5528364849833148,0.6443548387096775,9.153245179723052e-05
sd_along,0.4024471635150167,0.7395161290322582,2.0050487715640065e-06
sd_along,0.5844271412680757,0.597983870967742,0.00038125302238245046
sd_along,0.6974416017797552,0.4870967741935484,0.005451431463745854
sd_along,0.6008898776418242,0.505241935483871,0.0037423402399068624
sd_along,0.6827586206896552,0.5080645161290323,0.003523151722893524
top1_frac_L12,0.5408231368186874,0.06370967741935485,0.7334877907712755
sd_along,0.5942157953281423,0.4947580645161291,0.004662301200132668
sd_along,0.596440489432703,0.6544354838709678,6.502992748745868e-05
rog_L0,0.56440489432703,0.31088709677419357,0.08870115395933176
sd_along,0.49632925472747497,0.4879032258064517,0.0053633238527600385
sd_along,0.5897664071190212,0.567741935483871,0.0008645637978923987
sd_along,0.5790878754171301,0.5923387096774194,0.00044695042869370585
sd_along,0.6925472747497218,0.5520161290322582,0.0012841188124116294
sd_along,0.54972191323693,0.5108870967741936,0.0033151092491751012
sd_along,0.6507230255839822,0.5798387096774194,0.0006290789885898019
sd_along,0.4647385984427141,0.6189516129032258,0.000205650910203096
sd_along,0.5506117908787541,0.6620967741935484,4.972841472814334e-05
sd_along,0.6538375973303671,0.4338709677419355,0.014746071238596895
sd_along,0.5163515016685205,0.6185483870967743,0.00020819308919908263
vel_entropy_L12,0.553281423804227,0.1532258064516129,0.41054049416218064
rog_L0,0.578642936596218,0.2911290322580646,0.11206835848914636
sd_along,0.7317018909899888,0.4600806451612903,0.00920844965945017
sd_along,0.6053392658509456,0.4012096774193548,0.02528843657176633
top1_frac_L9,0.5626251390433815,0.15927419354838712,0.39208552690474663
sd_along,0.5007786429365962,0.6189516129032258,0.000205650910203096
rog_L0,0.5546162402669632,0.13104838709677422,0.48224158377655446
sd_along,0.6907675194660734,0.5080645161290323,0.003523151722893524
sd_along,0.6649610678531702,0.4633064516129032,0.008668278566133069
sd_along,0.5684093437152391,0.6362903225806452,0.0001192802371147856
sd_along,0.6235817575083425,0.6080645161290323,0.00028488666640687997
sd_along,0.699666295884316,0.4516129032258065,0.010763365991634938
sd_along,0.5568409343715239,0.7225806451612904,4.427493757062001e-06
sd_along,0.4852057842046719,0.6568548387096774,5.9796013135327476e-05
sd_along,0.6258064516129032,0.5201612903225807,0.002704301445266275
dist_bona_centroid_L12,0.6231368186874304,0.13588709677419356,0.46607058942998725
sd_along,0.6805339265850945,0.4709677419354839,0.007491809422434443
sd_along,0.585761957730812,0.6205645161290323,0.00019575578024521478
sd_along,0.44649610678531704,0.6766129032258065,2.9281337548614307e-05
sd_along,0.6743047830923248,0.5318548387096774,0.002074711823545391
sd_along,0.6244716351501668,0.5645161290322581,0.0009391493479969051
sd_along,0.5710789766407119,0.6020161290322581,0.00033970637682785256
sd_along,0.5710789766407119,0.6516129032258065,7.165163571701632e-05
sd_along,0.560845383759733,0.6068548387096775,0.0002951765339656357
sd_along,0.6533926585094549,0.4625000000000001,0.008800742138208936
sd_along,0.6409343715239153,0.5500000000000002,0.0013490498720056157
sd_along,0.657842046718576,0.563709677419355,0.0009586544255454401
sd_along,0.696551724137931,0.4701612903225807,0.007608890825057611
sd_along,0.6547274749721913,0.5173387096774195,0.0028789463367107884
sd_along,0.5715239154616241,0.6112903225806452,0.000258984272670501
sd_along,0.6925472747497218,0.4584677419354839,0.009489026834670858
sd_along,0.6631813125695216,0.5072580645161291,0.003584618769492466
sd_along,0.5595105672969966,0.4963709677419355,0.004509276418456722
sd_along,0.5403781979977753,0.6310483870967742,0.00014111992248569288
vel_entropy_L9,0.42602892102335926,0.330241935483871,0.06961048543693168
sd_along,0.5955506117908788,0.6504032258064517,7.466956420230177e-05
sd_along,0.6364849833147942,0.5798387096774194,0.0006290789885898019
sd_along,0.617797552836485,0.5120967741935485,0.003229243435826459
sd_along,0.5977753058954393,0.5572580645161291,0.0011279066320742136
sd_along,0.5501668520578421,0.6165322580645163,0.00022132750811398814
vel_entropy_L9,0.607119021134594,0.06895161290322582,0.7124488925248612
top1_frac_L9,0.44249165739710794,0.307258064516129,0.09268723812758556
sd_along,0.6476084538375974,0.5310483870967743,0.002113621482553722
sd_along,0.5884315906562848,0.595967741935484,0.00040366351837276275
sd_along,0.6137931034482759,0.5294354838709678,0.002193344432048514
vel_entropy_L9,0.5973303670745272,0.17258064516129035,0.35320344533668246
sd_along,0.5701890989988877,0.5903225806451613,0.0004727279367623175
sd_along,0.5412680756395996,0.6322580645161291,0.00013578623053391627
sd_along,0.6369299221357063,0.5395161290322582,0.0017350017706922764
sd_along,0.7423804226918799,0.4375,0.013844370427363209
part_ratio_L9,0.49766407119021133,0.2056451612903226,0.2670655075690904
sd_along,0.6863181312569522,0.5419354838709677,0.0016383080972380282
sd_along,0.6013348164627365,0.6342741935483872,0.00012729493233956709
sd_along,0.6231368186874304,0.5685483870967742,0.0008467501023021788
sd_along,0.521245828698554,0.6568548387096774,5.9796013135327476e-05
rog_L0,0.6182424916573971,0.23104838709677425,0.21109414125561937
sd_along,0.6947719688542825,0.4584677419354839,0.009489026834670858
sd_along,0.4682981090100112,0.7600806451612905,7.040064923545693e-07
sd_along,0.5799777530589544,0.5580645161290323,0.0011054131551958269
sd_along,0.567964404894327,0.5903225806451613,0.0004727279367623175
sd_along,0.6751946607341489,0.45806451612903226,0.009560287895093314
sd_along,0.49276974416017794,0.6685483870967742,3.9437917338212684e-05
sd_along,0.5897664071190212,0.605241935483871,0.00030940806759170074
sd_along,0.5839822024471636,0.6012096774193549,0.0003476795072766063
sd_along,0.5163515016685205,0.6701612903225808,3.7184483308626554e-05
sd_along,0.5942157953281423,0.5786290322580646,0.0006497639858748745
vel_entropy_L12,0.4967741935483871,0.2016129032258065,0.2767628754985213
sd_along,0.5225806451612903,0.6096774193548388,0.0002716618685124425
sd_along,0.7784204671857619,0.4141129032258065,0.020557965972714004
sd_along,0.6333704115684093,0.5524193548387096,0.0012714653630320318
sd_along,0.5279199110122358,0.6548387096774194,6.41301074585284e-05
sd_along,0.396662958843159,0.7024193548387098,1.0585744505550017e-05
sd_along,0.5675194660734149,0.6625000000000001,4.9020932681572716e-05
sd_along,0.517686318131257,0.5556451612903226,0.0011740976440319899
sd_along,0.5746384872080088,0.6189516129032258,0.000205650910203096
vel_mean_L9,0.44827586206896547,0.06693548387096775,0.7205172359200274
sd_along,0.5661846496106785,0.5947580645161291,0.0004176616332491363
sd_along,0.614238042269188,0.6112903225806452,0.000258984272670501
sd_along,0.5773081201334815,0.5427419354838711,0.0016071370338005542
sd_along,0.6360400444938822,0.5471774193548388,0.00144476077836368
sd_along,0.6476084538375974,0.5629032258064516,0.0009785136021088585
rog_L0,0.5888765294771968,0.21975806451612906,0.23488515275558358
part_ratio_L9,0.4562847608453838,0.28790322580645167,0.11628323502043882
sd_along,0.7236929922135705,0.3875,0.0312560523096286
sd_along,0.6569521690767519,0.5495967741935484,0.0013623745190090792
sd_along,0.7041156840934372,0.4370967741935484,0.013942225537691987
sd_along,0.7050055617352614,0.525,0.0024261752445481374
sd_along,0.5781979977753059,0.6169354838709679,0.000218643262599039
sd_along,0.6333704115684093,0.5411290322580646,0.0016700043066008052
sd_along,0.41090100111234706,0.744758064516129,1.5499200728872398e-06
sd_along,0.5555061179087876,0.6298387096774194,0.00014663945545338708
mu_norm_L12,0.5866518353726363,0.12419354838709679,0.505635467500221
sd_along,0.5457174638487208,0.5608870967741936,0.001029746488927218
sd_along,0.5141268075639599,0.6298387096774194,0.00014663945545338708
sd_along,0.7147942157953281,0.3995967741935484,0.025937858835227857
sd_along,0.49899888765294764,0.6758064516129033,3.017872657358296e-05
rog_L0,0.4576195773081201,0.42338709677419356,0.01763030180420697
sd_along,0.5617352614015573,0.6306451612903227,0.0001429388438004281
sd_along,0.7588431590656284,0.48185483870967744,0.0060548294810557155
rog_L0,0.503448275862069,0.4790322580645162,0.006402691620522424
twonn_id_L9,0.5056729699666296,0.1842741935483871,0.3210195660694439
sd_along,0.5790878754171301,0.6084677419354839,0.0002815280688845499
sd_along,0.5265850945494994,0.6358870967741936,0.00012084618906177042
sd_along,0.7183537263626251,0.3266129032258065,0.07292192572278498
sd_along,0.6040044493882092,0.5330645161290323,0.0020175133997510845
sd_along,0.5047830923248053,0.6540322580645161,6.594103154040757e-05
sd_along,0.6355951056729701,0.5129032258064516,0.003173071078426723
sd_along,0.5474972191323693,0.5846774193548387,0.0005520183110067999
sd_along,0.46651835372636263,0.597983870967742,0.00038125302238245046
sd_along,0.5052280311457175,0.6362903225806452,0.0001192802371147856
sd_along,0.5190211345939933,0.665725806451613,4.367797218587459e-05
top1_frac_L9,0.6262513904338153,0.2516129032258065,0.17211571434023892
sd_along,0.6800889877641824,0.42298387096774204,0.01774996577345879
sd_along,0.5733036707452726,0.7076612903225807,8.49772873972189e-06
rog_L0,0.6987764182424916,0.2342741935483871,0.20461148211311314
top1_frac_L9,0.525250278086763,0.28508064516129034,0.12006703233052249
sd_along,0.5123470522803114,0.6314516129032258,0.00013932164903651505
sd_along,0.5572858731924359,0.6040322580645161,0.00032047717567739575
sd_along,0.6302558398220245,0.5495967741935484,0.0013623745190090792
sd_along,0.5261401557285873,0.605241935483871,0.00030940806759170074
vel_entropy_L9,0.5635150166852058,0.15725806451612906,0.39818350888121823
sd_along,0.54972191323693,0.6471774193548387,8.328080323792211e-05
rog_L0,0.6422691879866518,0.2088709677419355,0.2594689622317088
top1_frac_L9,0.46918798665183536,0.42822580645161296,0.01624579923540243
rog_L0,0.4705228031145718,0.39798387096774196,0.026600869753074144
sd_along,0.5510567296996662,0.47862903225806447,0.006453749007721673
sd_along,0.6102335928809789,0.5754032258064516,0.0007078780021976461
rog_L0,0.6053392658509456,0.33830645161290324,0.06267067867059958
sd_along,0.6364849833147942,0.5439516129032259,0.0015613491344227887
sd_along,0.6146829810901,0.5237903225806452,0.0024932741556497346
sd_along,0.5657397107897664,0.6116935483870968,0.00025589805660342644
sd_along,0.7187986651835372,0.48951612903225816,0.005190754762226629
sd_along,0.5599555061179087,0.6403225806451613,0.00010458773034544912
sd_along,0.5332591768631813,0.6197580645161291,0.00020064914559172697
sd_along,0.6533926585094549,0.5641129032258064,0.0009488579608991707
part_ratio_L9,0.5906562847608453,0.09838709677419355,0.5984954304286771
sd_along,0.6395995550611792,0.522983870967742,0.0025388941064868093
sd_along,0.43893214682981085,0.7036290322580646,1.006656915181174e-05
sd_along,0.6440489432703003,0.5399193548387098,0.001718549439051703
sd_along,0.4113459399332592,0.6975806451612904,1.291297257568241e-05
sd_along,0.593325917686318,0.6790322580645162,2.673123367772197e-05
sd_along,0.6008898776418242,0.5669354838709678,0.0008827054340509772
sd_along,0.43359288097886545,0.7217741935483871,4.591139593249853e-06
sd_along,0.5292547274749722,0.6544354838709678,6.502992748745868e-05
sd_along,0.7245828698553948,0.525,0.0024261752445481374
sd_along,0.44160177975528364,0.5544354838709679,0.0012098181112603359
vel_entropy_L9,0.5248053392658508,0.13346774193548389,0.4741202014405085
mu_norm_L12,0.5657397107897664,0.07701612903225806,0.6804869573574756
sd_along,0.5853170189098998,0.5294354838709678,0.002193344432048514
sd_along,0.6182424916573971,0.5782258064516129,0.0006567907393641607
sd_along,0.6649610678531702,0.48508064516129046,0.005677128462525362
sd_along,0.6338153503893215,0.5649193548387098,0.0009295279188975286
mu_norm_L12,0.5595105672969966,0.014112903225806453,0.9399347744299826
sd_along,0.5314794215795328,0.6504032258064517,7.466956420230177e-05
sd_along,0.575083426028921,0.5536290322580646,0.0012341561589324507
sd_along,0.6462736373748609,0.5467741935483872,0.0014589060628762357
sd_along,0.5982202447163515,0.5431451612903226,0.0015917461466616416
sd_along,0.689432703003337,0.530241935483871,0.0021531628507509876
sd_along,0.7027808676307008,0.5056451612903227,0.0037103269955476195
sd_along,0.6369299221357063,0.5387096774193548,0.0017683180294158951
sd_along,0.5839822024471636,0.5899193548387097,0.0004780380637412753
sd_along,0.5572858731924359,0.6100806451612903,0.0002684419476625354
vel_entropy_L9,0.6031145717463848,0.05645161290322581,0.762931426686061
sd_along,0.5862068965517241,0.5592741935483871,0.0010724088714448216
sd_along,0.6031145717463848,0.5471774193548388,0.00144476077836368
sd_along,0.6369299221357063,0.5338709677419355,0.001980146374306878
sd_along,0.49410456062291436,0.6310483870967742,0.00014111992248569288
part_ratio_L9,0.4638487208008899,0.3995967741935484,0.025937858835227857
rog_L0,0.5119021134593993,0.2995967741935484,0.10154787342356654
rog_L12,0.33704115684093433,0.10483870967741936,0.5746064280071872
sd_along,0.6186874304783093,0.5842741935483872,0.0005581059889551699
sd_along,0.5363737486095662,0.6629032258064517,4.832248690061787e-05
sd_along,0.6943270300333704,0.5778225806451613,0.0006638842610966035
sd_along,0.6400444938820912,0.5387096774193548,0.0017683180294158951
sd_along,0.4189098998887653,0.6866935483870968,1.9918681196418417e-05
sd_along,0.7303670745272525,0.4637096774193549,0.008602681851867213
sd_along,0.7317018909899888,0.4766129032258065,0.006714267884258436
sd_along,0.531924360400445,0.5366935483870968,0.0018540543552610326
sd_along,0.6765294771968854,0.5076612903225807,0.0035537708271211024
sd_along,0.5301446051167964,0.6487903225806452,7.887016778712051e-05
sd_along,0.5902113459399333,0.5983870967741935,0.00037690533153599096
sd_along,0.7010011123470522,0.519758064516129,0.002728675467877165
sd_along,0.6533926585094549,0.505241935483871,0.0037423402399068624
sd_along,0.6738598442714127,0.5201612903225807,0.002704301445266275
rog_L0,0.6347052280311457,0.3415322580645162,0.060051478973584205
vel_cv_L12,0.47497219132369295,0.011290322580645162,0.9519323200315777
rog_L0,0.5915461624026696,0.25725806451612904,0.16237283181287626
sd_along,0.6685205784204672,0.5024193548387098,0.003973159003157109
top1_frac_L9,0.6658509454949945,0.10685483870967745,0.5672298326794336
sd_along,0.6373748609566184,0.5411290322580646,0.0016700043066008052
sd_along,0.5862068965517241,0.6088709677419356,0.00027820461487016747
vel_entropy_L12,0.5817575083426029,0.07217741935483872,0.6996030385342898
sd_along,0.592880978865406,0.540725806451613,0.0016860516447434143
rog_L0,0.6209121245828698,0.22983870967741934,0.2135610049271245
rog_L0,0.6186874304783093,0.2588709677419355,0.15966303012682567
sd_along,0.6560622914349278,0.5612903225806452,0.0010193160173189502
sd_along,0.6182424916573971,0.5173387096774195,0.0028789463367107884
s_along,0.5688542825361512,0.020967741935483872,0.9108566601908678
sd_along,0.4589543937708565,0.6600806451612903,5.340499283398397e-05
sd_along,0.6307007786429366,0.5681451612903227,0.0008556162741209188
sd_along,0.6102335928809789,0.5899193548387097,0.0004780380637412753
sd_along,0.6280311457174638,0.5233870967741936,0.0025159946252415744
sd_along,0.5808676307007786,0.5862903225806452,0.0005282487305093542
sd_along,0.5537263626251391,0.625,0.00017069025815549582
sd_along,0.5715239154616241,0.5701612903225807,0.0008120864260345733
sd_along,0.5733036707452726,0.5790322580645162,0.0006428034642671197
twonn_id_L9,0.46206896551724136,0.05080645161290323,0.7860611857054489
top1_frac_L12,0.5087875417130144,0.09354838709677421,0.616686972815505
sd_along,0.5697441601779756,0.5798387096774194,0.0006290789885898019
eff_rank_L9,0.5141268075639599,0.07338709677419356,0.6948065369338483
sd_along,0.4278086763070078,0.6943548387096774,1.471105153017845e-05
sd_along,0.6124582869855395,0.6314516129032258,0.00013932164903651505
sd_along,0.5341490545050055,0.6165322580645163,0.00022132750811398814
sd_along,0.657842046718576,0.533467741935484,0.0019987540485259417
part_ratio_L9,0.5986651835372636,0.1467741935483871,0.4307535369103874
sd_along,0.4197997775305895,0.710483870967742,7.534804830485714e-06
vel_entropy_L12,0.4909899888765294,0.21129032258064515,0.25386550119551804
sd_along,0.5208008898776418,0.5778225806451613,0.0006638842610966035
sd_along,0.5746384872080088,0.47741935483870973,0.006609006394313817
sd_along,0.5773081201334815,0.5298387096774194,0.002173173079882185
sd_along,0.6734149054505005,0.4713709677419356,0.0074338445130868
rog_L0,0.6458286985539488,0.23145161290322586,0.21027620819409898
sd_along,0.6409343715239153,0.49959677419354837,0.004216107402971584
sd_along,0.5977753058954393,0.5616935483870968,0.0010089781874067462
sd_along,0.6542825361512792,0.5427419354838711,0.0016071370338005542
sd_along,0.6596218020022246,0.5213709677419355,0.0026323055486747473
sd_along,0.5065628476084539,0.617741935483871,0.0002133613524269401
sd_along,0.7219132369299222,0.4592741935483872,0.009347849280010409
vel_entropy_L9,0.5817575083426029,0.12661290322580646,0.4973147635433742
sd_along,0.6796440489432702,0.527016129032258,0.0023178167990075206
sd_along,0.6062291434927697,0.5399193548387098,0.001718549439051703
sd_along,0.48209121245828696,0.653225806451613,6.779758818070172e-05
sd_along,0.5550611790878754,0.5750000000000001,0.000715454214655684
sd_along,0.5421579532814237,0.6068548387096775,0.0002951765339656357
sd_along,0.6129032258064516,0.4959677419354839,0.004547123027724173
sd_along,0.5341490545050055,0.682258064516129,2.36420213982151e-05
sd_along,0.54972191323693,0.5620967741935485,0.0009987323025433814
sd_along,0.5203559510567297,0.6266129032258065,0.00016230985155176912
vel_entropy_L12,0.5448275862068965,0.06169354838709678,0.7416313964579807
sd_along,0.5452725250278087,0.6100806451612903,0.0002684419476625354
sd_along,0.5541713014460512,0.5991935483870968,0.00036834126721738066
sd_along,0.5817575083426029,0.6165322580645163,0.00022132750811398814
sd_along,0.639154616240267,0.5806451612903226,0.0006156130905792169
sd_along,0.5741935483870967,0.6048387096774195,0.00031305954341894295
sd_along,0.5261401557285873,0.6846774193548388,2.1540106377915263e-05
sd_along,0.5256952169076751,0.5887096774193549,0.0004942856244001755
sd_along,0.6008898776418242,0.5830645161290323,0.0005767254637687327
sd_along,0.6364849833147942,0.5459677419354839,0.001487559366847387
sd_along,0.5604004449388209,0.5870967741935484,0.0005167059398963794
sd_along,0.746384872080089,0.44435483870967746,0.012266666246868124
sd_along,0.6983314794215795,0.5169354838709678,0.002904674105003213
vel_entropy_L12,0.4794215795328142,0.12540322580645163,0.5014664593811892
sd_along,0.617797552836485,0.5899193548387097,0.0004780380637412753
sd_along,0.5977753058954393,0.6391129032258066,0.00010881584567825931
sd_along,0.5061179087875418,0.6153225806451614,0.0002295566866386782
sd_along,0.5105672969966629,0.5685483870967742,0.0008467501023021788
sd_along,0.5844271412680757,0.6133064516129033,0.00024387687941376668
sd_along,0.5261401557285873,0.5810483870967743,0.000608975803894823
vel_entropy_L12,0.649833147942158,0.06129032258064517,0.7432634435518759
sd_along,0.6137931034482759,0.5709677419354839,0.0007952265463181841
sd_along,0.6787541713014461,0.5189516129032259,0.0027779938609010456
vel_entropy_L12,0.4967741935483871,0.18790322580645163,0.3114132177677687
sd_along,0.6329254727474972,0.6116935483870968,0.00025589805660342644
sd_along,0.6409343715239153,0.5701612903225807,0.0008120864260345733
sd_along,0.546607341490545,0.5963709677419355,0.0003990905095940342
rog_L0,0.6062291434927697,0.29153225806451616,0.11154963094645272
sd_along,0.5234705228031146,0.6318548387096775,0.0001375438192293269
sd_along,0.5150166852057843,0.6383064516129032,0.00011171866894359364
sd_along,0.6569521690767519,0.48145161290322586,0.006103514908719531
sd_along,0.6565072302558399,0.565725806451613,0.0009105439605025415
sd_along,0.6685205784204672,0.4556451612903226,0.009997407526931899
sd_along,0.657397107897664,0.553225806451613,0.0012464848261650482
sd_along,0.7112347052280311,0.5427419354838711,0.0016071370338005542
sd_along,0.6849833147942158,0.5072580645161291,0.003584618769492466
sd_along,0.6885428253615128,0.5516129032258066,0.0012968821097917086
vel_entropy_L9,0.5728587319243604,0.13104838709677422,0.48224158377655446
sd_along,0.793103448275862,0.4459677419354839,0.011918221524150067
sd_along,0.6480533926585095,0.46129032258064523,0.00900264520269875
sd_along,0.585761957730812,0.590725806451613,0.00046746993386774456
sd_along,0.5314794215795328,0.6217741935483871,0.0001886145229233685
sd_along,0.5733036707452726,0.5774193548387098,0.0006710450909207813
vel_entropy_L12,0.6097886540600668,0.01693548387096774,0.9279501281173965
sd_along,0.6685205784204672,0.4866935483870969,0.005495947049761195
mu_norm_L12,0.6489432703003337,0.10241935483870969,0.5835146386097445
sd_along,0.5804226918798664,0.5395161290322582,0.0017350017706922764
vel_entropy_L9,0.6106785317018909,0.14435483870967744,0.4384719550239963
sd_along,0.7139043381535038,0.5181451612903226,0.0028280808644581914
rog_L0,0.5955506117908788,0.3641129032258065,0.04404024344288902
sd_along,0.5719688542825361,0.5798387096774194,0.0006290789885898019
sd_along,0.5452725250278087,0.6568548387096774,5.9796013135327476e-05
vel_entropy_L12,0.5061179087875418,0.09596774193548388,0.607562426948085
sd_along,0.7370411568409344,0.45000000000000007,0.011083280537589162
sd_along,0.5519466073414906,0.6217741935483871,0.0001886145229233685
sd_along,0.6044493882091213,0.5842741935483872,0.0005581059889551699
sd_along,0.5181312569521691,0.5645161290322581,0.0009391493479969051
sd_along,0.6934371523915461,0.48185483870967744,0.0060548294810557155
sd_along,0.43804226918798667,0.6274193548387097,0.00015825861183081826
sd_along,0.5968854282536151,0.5947580645161291,0.0004176616332491363
sd_along,0.5181312569521691,0.6576612903225807,5.813715599993983e-05
sd_along,0.5519466073414906,0.6733870967741936,3.3021113355426216e-05
sd_along,0.5781979977753059,0.6362903225806452,0.0001192802371147856
sd_along,0.6387096774193549,0.5600806451612904,0.0010508881646706415
sd_along,0.6293659621802001,0.5120967741935485,0.003229243435826459
rog_L0,0.5323692992213571,0.355241935483871,0.04986469756652654
sd_along,0.6155728587319244,0.5766129032258065,0.0006855708517682637
sd_along,0.5759733036707452,0.5866935483870969,0.0005224492288080065
sd_along,0.5096774193548387,0.7072580645161292,8.644009302918693e-06
rog_L0,0.47185761957730815,0.39798387096774196,0.026600869753074144
top1_frac_L9,0.5114571746384872,0.12903225806451615,0.4890637048008697
sd_along,0.5145717463848721,0.6608870967741937,5.1906108875073576e-05
sd_along,0.6502780867630701,0.5314516129032258,0.002094088217517718
s_along,0.5114571746384872,0.04233870967741936,0.821087921070589
sd_along,0.5163515016685205,0.6318548387096775,0.0001375438192293269
sd_along,0.6088987764182424,0.553225806451613,0.0012464848261650482
rog_L0,0.5194660734149055,0.4322580645161291,0.01516227243216439
rog_L0,0.657397107897664,0.13991935483870968,0.4528159402963061
sd_along,0.5906562847608453,0.5850806451612903,0.000545989227278087
sd_along,0.6080088987764182,0.5645161290322581,0.0009391493479969051
sd_along,0.4838709677419355,0.6673387096774194,4.1207615965636e-05
sd_along,0.5274749721913237,0.5951612903225807,0.0004129486777852597
top1_frac_L9,0.48031145717463847,0.307258064516129,0.09268723812758556
sd_along,0.5897664071190212,0.5653225806451614,0.0009199930096951157
sd_along,0.5973303670745272,0.5362903225806452,0.001871628635480281
sd_along,0.5759733036707452,0.5693548387096774,0.0008292593050945716
sd_along,0.5092324805339266,0.5951612903225807,0.0004129486777852597
sd_along,0.5457174638487208,0.5866935483870969,0.0005224492288080065
sd_along,0.6462736373748609,0.5096774193548388,0.0034029359246675575
sd_along,0.6338153503893215,0.5487903225806452,0.0013893688139272754
sd_along,0.54972191323693,0.6411290322580645,0.0001018510726435104
sd_along,0.6529477196885429,0.4104838709677419,0.021807775464991887
sd_along,0.6858731924360401,0.4540322580645162,0.010298085168880085
dist_bona_centroid_L12,0.585761957730812,0.14354838709677423,0.44106138766139225
sd_along,0.5839822024471636,0.6088709677419356,0.00027820461487016747
sd_along,0.6858731924360401,0.5129032258064516,0.003173071078426723
sd_along,0.6311457174638487,0.5604838709677421,0.0010402703030454334
rog_L0,0.5670745272525028,0.2838709677419355,0.12171631382605971
sd_along,0.567964404894327,0.49233870967741944,0.004900174152318256
dist_bona_centroid_L12,0.5746384872080088,0.01693548387096774,0.9279501281173965
sd_along,0.7761957730812012,0.4495967741935484,0.0111644967251276
sd_along,0.6471635150166852,0.5834677419354839,0.0005704590745120392
sd_along,0.5185761957730812,0.6560483870967743,6.149713030906937e-05
sd_along,0.628921023359288,0.5145161290322581,0.0030632504719631517
top1_frac_L9,0.628921023359288,0.053225806451612914,0.7761252686216561
sd_along,0.5185761957730812,0.6088709677419356,0.00027820461487016747
sd_along,0.6614015572858732,0.5209677419354839,0.002656117688769655
sd_along,0.6315906562847609,0.5241935483870969,0.002470731537650846
rog_L0,0.5363737486095662,0.3479838709677419,0.05507138203607578
sd_along,0.582202447163515,0.5983870967741935,0.00037690533153599096
vel_entropy_L9,0.6182424916573971,0.08306451612903226,0.6568637608973711
twonn_id_L9,0.5982202447163515,0.3209677419354839,0.07831409664073877
sd_along,0.5875417130144606,0.5790322580645162,0.0006428034642671197
sd_along,0.5991101223581757,0.585483870967742,0.0005400182550694499
sd_along,0.6947719688542825,0.6008064516129032,0.00035172781893361913
sd_along,0.5875417130144606,0.5814516129032258,0.0006024016032662373
sd_along,0.639154616240267,0.5169354838709678,0.002904674105003213
sd_along,0.5888765294771968,0.5536290322580646,0.0012341561589324507
sd_along,0.6471635150166852,0.36774193548387096,0.041820222619948846
sd_along,0.5746384872080088,0.5838709677419356,0.0005642527470602676
rog_L0,0.5777530589543938,0.3096774193548388,0.09001503564331985
sd_along,0.589321468298109,0.5737903225806452,0.0007386122448999072
rog_L12,0.657397107897664,0.041935483870967745,0.8227648897685568
sd_along,0.5652947719688542,0.6487903225806452,7.887016778712051e-05
sd_along,0.6124582869855395,0.4338709677419355,0.014746071238596895
sd_along,0.6222469410456063,0.5471774193548388,0.00144476077836368
sd_along,0.6080088987764182,0.48508064516129046,0.005677128462525362
sd_along,0.5221357063403782,0.6919354838709678,1.6204478473823746e-05
sd_along,0.5657397107897664,0.5536290322580646,0.0012341561589324507
sd_along,0.5092324805339266,0.6048387096774195,0.00031305954341894295
sd_along,0.5038932146829811,0.6241935483870968,0.00017502307598488205
sd_along,0.5661846496106785,0.3112903225806452,0.08826646162875494
rog_L0,0.6146829810901,0.25967741935483873,0.15832034404754308
sd_along,0.5911012235817574,0.5995967741935484,0.0003641241333221141
sd_along,0.5488320355951056,0.6100806451612903,0.0002684419476625354
vel_entropy_L9,0.6057842046718577,0.002419354838709678,0.9896941453309824
sd_along,0.5719688542825361,0.651209677419355,7.264526012588472e-05
sd_along,0.5190211345939933,0.6080645161290323,0.00028488666640687997
curvature_L12,0.43270300333704115,0.11370967741935485,0.5424765201717012
sd_along,0.5586206896551724,0.5830645161290323,0.0005767254637687327
sd_along,0.6244716351501668,0.49959677419354837,0.004216107402971584
vel_entropy_L12,0.4100111234705228,0.21088709677419357,0.2547938259450247
sd_along,0.575083426028921,0.6802419354838711,2.553264187216683e-05
vel_entropy_L9,0.578642936596218,0.20080645161290328,0.27872927179347395
sd_along,0.6307007786429366,0.5338709677419355,0.001980146374306878
vel_entropy_L12,0.5350389321468298,0.13346774193548389,0.4741202014405085
sd_along,0.6249165739710789,0.540725806451613,0.0016860516447434143
sd_along,0.47630700778642937,0.6786290322580647,2.7141863544367876e-05
sd_along,0.6364849833147942,0.5500000000000002,0.0013490498720056157
sd_along,0.6293659621802001,0.5870967741935484,0.0005167059398963794
sd_along,0.47541713014460507,0.6544354838709678,6.502992748745868e-05
vel_entropy_L12,0.6120133481646273,0.001209677419354839,0.9948469708704886
vel_entropy_L9,0.4331479421579533,0.25040322580645163,0.17425623224424613
sd_along,0.6969966629588431,0.45806451612903226,0.009560287895093314
sd_along,0.7076751946607341,0.5056451612903227,0.0037103269955476195
sd_along,0.6956618464961067,0.5322580645161291,0.0020554912511308427
sd_along,0.5559510567296997,0.5923387096774194,0.00044695042869370585
sd_along,0.5225806451612903,0.6802419354838711,2.553264187216683e-05
sd_along,0.40289210233592887,0.7354838709677419,2.4342653579640227e-06
vel_entropy_L9,0.6008898776418242,0.0866935483870968,0.6428424376702615
sd_along,0.5853170189098998,0.4870967741935484,0.005451431463745854
rog_L0,0.6053392658509456,0.2681451612903226,0.14470817186394935
dist_bona_centroid_L9,0.539043381535039,0.1463709677419355,0.4320347285809347
sd_along,0.5377085650723026,0.5806451612903226,0.0006156130905792169
sd_along,0.6969966629588431,0.5443548387096775,0.0015463412131948373
rog_L0,0.7156840934371523,0.13629032258064516,0.4647360144635305
top1_frac_L9,0.5541713014460512,0.180241935483871,0.33190582189606566
sd_along,0.5470522803114571,0.6088709677419356,0.00027820461487016747
sd_along,0.6511679644048943,0.45000000000000007,0.011083280537589162
sd_along,0.5604004449388209,0.6536290322580646,6.686354344543988e-05
sd_along,0.6694104560622914,0.5475806451612903,0.0014307352611649792
sd_along,0.5061179087875418,0.6310483870967742,0.00014111992248569288
sd_along,0.6525027808676307,0.5560483870967743,0.0011623975171298525
rog_L0,0.49187986651835364,0.27822580645161293,0.12963533908689412
vel_entropy_L9,0.546607341490545,0.1403225806451613,0.451501665737158
sd_along,0.5604004449388209,0.6241935483870968,0.00017502307598488205
sd_along,0.7165739710789767,0.3560483870967742,0.049311175034709526
sd_along,0.48565072302558404,0.6201612903225807,0.00019818904138671706
rog_L0,0.6404894327030033,0.2270161290322581,0.21939342327301328
sd_along,0.5915461624026696,0.651209677419355,7.264526012588472e-05
sd_along,0.6484983314794216,0.5528225806451614,0.0012589209649930084
sd_along,0.5492769744160179,0.617741935483871,0.0002133613524269401
sd_along,0.585761957730812,0.5399193548387098,0.001718549439051703
sd_along,0.5599555061179087,0.6137096774193549,0.00024095102788642192
sd_along,0.5417130144605116,0.6395161290322581,0.0001073898303401414
sd_along,0.44916573971078977,0.710483870967742,7.534804830485714e-06
vel_entropy_L9,0.5759733036707452,0.15443548387096775,0.4068109430996396
vel_entropy_L12,0.5879866518353727,0.06774193548387096,0.7172863041779624
rog_L0,0.6351501668520578,0.26612903225806456,0.14786929798930423
sd_along,0.5635150166852058,0.5713709677419355,0.0007869124607574608
sd_along,0.5208008898776418,0.5955645161290324,0.00040828277410368766
sd_along,0.6907675194660734,0.4705645161290323,0.007550157521994875
sd_along,0.5839822024471636,0.5991935483870968,0.00036834126721738066
vel_entropy_L12,0.49499443826473855,0.18306451612903227,0.32426197785567756
sd_along,0.6271412680756396,0.5375,0.0018193357375254448
rog_L0,0.6493882091212457,0.12338709677419356,0.5084243743035575
sd_along,0.5590656284760844,0.6354838709677421,0.0001224304475740157
sd_along,0.5568409343715239,0.6100806451612903,0.0002684419476625354
sd_along,0.5639599555061179,0.6153225806451614,0.0002295566866386782
sd_along,0.5007786429365962,0.6354838709677421,0.0001224304475740157
sd_along,0.6235817575083425,0.5540322580645162,0.0012219341801767859
top1_frac_L9,0.5470522803114571,0.22822580645161292,0.21688069706471844
sd_along,0.5884315906562848,0.5971774193548388,0.00039008164297835905
sd_along,0.5666295884315907,0.5899193548387097,0.0004780380637412753
sd_along,0.7085650723025584,0.4620967741935485,0.008867613301827242
sd_along,0.5052280311457175,0.6036290322580645,0.0003242440191878279
sd_along,0.5701890989988877,0.5975806451612904,0.00038564499718007477
sd_along,0.46607341490545046,0.4625000000000001,0.008800742138208936
sd_along,0.5675194660734149,0.6266129032258065,0.00016230985155176912
rog_L0,0.6409343715239153,0.30201612903225805,0.09868345535021689
sd_along,0.6658509454949945,0.5512096774193549,0.001309756056379129
sd_along,0.6008898776418242,0.580241935483871,0.0006223139790898504
sd_along,0.5710789766407119,0.5870967741935484,0.0005167059398963794
sd_along,0.5737486095661846,0.5564516129032259,0.001150799473509473
sd_along,0.6053392658509456,0.5891129032258066,0.0004888164609926302
sd_along,0.5737486095661846,0.6471774193548387,8.328080323792211e-05
sd_along,0.5234705228031146,0.6713709677419356,3.557100534668273e-05
vel_entropy_L12,0.5701890989988877,0.05604838709677419,0.7645771768166629
sd_along,0.6925472747497218,0.5556451612903226,0.0011740976440319899
sd_along,0.4883203559510568,0.6911290322580645,1.6731833469462846e-05
sd_along,0.6462736373748609,0.5084677419354839,0.003492760064000302
sd_along,0.7081201334816463,0.45645161290322583,0.009849866275477322
vel_entropy_L9,0.5323692992213571,0.20443548387096774,0.26995117121922096
rog_L0,0.5764182424916573,0.32217741935483873,0.07713352725830035
sd_along,0.48075639599555064,0.681451612903226,2.438260352775944e-05
rog_L0,0.6502780867630701,0.26370967741935486,0.15172824511430447
sd_along,0.6173526140155728,0.5592741935483871,0.0010724088714448216
sd_along,0.7005561735261402,0.5350806451612904,0.0019252232115908425
sd_along,0.7259176863181313,0.3806451612903226,0.03464274759240261
top1_frac_L9,0.5768631813125694,0.20846774193548392,0.2604106965644874
sd_along,0.6849833147942158,0.43669354838709684,0.014040657987464608
rog_L0,0.6876529477196887,0.23588709677419356,0.2014221271478866
vel_entropy_L9,0.49499443826473855,0.24435483870967747,0.18524139796889774
vel_entropy_L9,0.44382647385984425,0.2911290322580646,0.11206835848914636
top1_frac_L9,0.5937708565072302,0.13870967741935486,0.4567710138270421
sd_along,0.5230255839822024,0.4766129032258065,0.006714267884258436
vel_entropy_L9,0.5248053392658508,0.192741935483871,0.29888728197452197
sd_along,0.5879866518353727,0.540725806451613,0.0016860516447434143
sd_along,0.5595105672969966,0.555241935483871,0.0011859006106983943
sd_along,0.7228031145717464,0.4475806451612904,0.011578122417099173
rog_L0,0.5399332591768632,0.30322580645161296,0.0972743596820805
sd_along,0.5417130144605116,0.6056451612903225,0.00030579436476928614
dist_bona_centroid_L12,0.5216907675194661,0.08629032258064517,0.644394535852695
sd_along,0.6796440489432702,0.4391129032258065,0.013458671315386824
sd_along,0.5363737486095662,0.6322580645161291,0.00013578623053391627
sd_along,0.4696329254727475,0.6068548387096775,0.0002951765339656357
vel_entropy_L9,0.6249165739710789,0.10645161290322583,0.5687017083310181
sd_along,0.5866518353726363,0.6165322580645163,0.00022132750811398814
sd_along,0.5719688542825361,0.5822580645161292,0.000589440413964126
sd_along,0.5523915461624027,0.6048387096774195,0.00031305954341894295
rog_L0,0.5946607341490544,0.2455645161290323,0.18300649213676862
sd_along,0.5635150166852058,0.5673387096774194,0.000873593305829856
sd_along,0.575083426028921,0.5681451612903227,0.0008556162741209188
twonn_id_L12,0.5523915461624027,0.41370967741935494,0.020693843955550663
sd_along,0.6017797552836485,0.5592741935483871,0.0010724088714448216
vel_entropy_L9,0.6209121245828698,0.15685483870967742,0.39940956458872723
sd_along,0.5844271412680757,0.5411290322580646,0.0016700043066008052
rog_L0,0.5617352614015573,0.3814516129032258,0.03422954701101581
sd_along,0.625361512791991,0.6258064516129033,0.00016645313010422852
sd_along,0.5012235817575084,0.6467741935483872,8.44173422004109e-05
sd_along,0.5203559510567297,0.614516129032258,0.00023519261694715385
sd_along,0.5145717463848721,0.6379032258064516,0.00011319582612062699
sd_along,0.5884315906562848,0.6072580645161291,0.0002917105751477041
sd_along,0.6974416017797552,0.519758064516129,0.002728675467877165
vel_entropy_L9,0.5563959955506118,0.16612903225806452,0.37175771088919307
sd_along,0.6351501668520578,0.5504032258064516,0.001335839124837388
sd_along,0.5007786429365962,0.6411290322580645,0.0001018510726435104
sd_along,0.6413793103448275,0.505241935483871,0.0037423402399068624
sd_along,0.5448275862068965,0.6270161290322582,0.0001602728388574267
sd_along,0.5087875417130144,0.6669354838709678,4.181315555861351e-05
sd_along,0.7810901001112347,0.3931451612903226,0.028673505690117902
sd_along,0.4682981090100112,0.5911290322580646,0.00046226361608250123
sd_along,0.6195773081201335,0.5750000000000001,0.000715454214655684
sd_along,0.6591768631813125,0.5274193548387097,0.0022966559093208277
sd_along,0.6658509454949945,0.49798387096774194,0.004360578489817127
part_ratio_L9,0.6440489432703003,0.011693548387096776,0.950217692547473
rog_L0,0.6115684093437151,0.24475806451612908,0.18449431543516437
sd_along,0.6453837597330366,0.5423387096774195,0.0016226573805435851
sd_along,0.5733036707452726,0.6705645161290322,3.663950354220075e-05
sd_along,0.6404894327030033,0.553225806451613,0.0012464848261650482
sd_along,0.5666295884315907,0.6387096774193549,0.00011025873392172195
rog_L0,0.5915461624026696,0.2862903225806452,0.11843438144213894
rog_L0,0.596440489432703,0.30120967741935484,0.09963139006107524
sd_along,0.5728587319243604,0.6342741935483872,0.00012729493233956709
sd_along,0.5537263626251391,0.5322580645161291,0.0020554912511308427
vel_entropy_L9,0.553281423804227,0.23225806451612907,0.2086468649506737
sd_along,0.607119021134594,0.5379032258064517,0.0018021894430989766
sd_along,0.5172413793103449,0.6995967741935485,1.189239181610008e-05
sd_along,0.5688542825361512,0.5556451612903226,0.0011740976440319899
sd_along,0.5701890989988877,0.5947580645161291,0.0004176616332491363
sd_along,0.6507230255839822,0.6754032258064516,3.0636623539433875e-05
sd_along,0.47497219132369295,0.5931451612903227,0.0004369921495394461
sd_along,0.7383759733036708,0.3794354838709678,0.03527010295246455
sd_along,0.5692992213570635,0.6024193548387097,0.00033578083497099126
sd_along,0.582202447163515,0.5487903225806452,0.0013893688139272754
sd_along,0.5684093437152391,0.6395161290322581,0.0001073898303401414
sd_along,0.6956618464961067,0.4548387096774194,0.010146807718489234
sd_along,0.56440489432703,0.6717741935483872,3.50473208017529e-05
sd_along,0.5795328142380423,0.6137096774193549,0.00024095102788642192
sd_along,0.5604004449388209,0.467741935483871,0.007969493559158308
sd_along,0.5724137931034483,0.6620967741935484,4.972841472814334e-05
sd_along,0.5973303670745272,0.5834677419354839,0.0005704590745120392
sd_along,0.6542825361512792,0.4830645161290323,0.005910754956321137
sd_along,0.6004449388209121,0.5786290322580646,0.0006497639858748745
vel_entropy_L9,0.6026696329254727,0.17903225806451614,0.3352152290902075
twonn_id_L9,0.5092324805339266,0.2459677419354839,0.1822657472117537
rog_L0,0.6311457174638487,0.16975806451612904,0.3612515851458483
sd_along,0.7081201334816463,0.41330645161290325,0.020830462334677866
sd_along,0.5083426028921022,0.5415322580645162,0.0016540900991739809
part_ratio_L9,0.5595105672969966,0.2274193548387097,0.21855365859950476
sd_along,0.5261401557285873,0.5096774193548388,0.0034029359246675575
sd_along,0.7348164627363738,0.34959677419354845,0.05387879761022681
sd_along,0.5808676307007786,0.5467741935483872,0.0014589060628762357
rog_L0,0.6333704115684093,0.16935483870967744,0.3624101405071598
sd_along,0.6222469410456063,0.5693548387096774,0.0008292593050945716
top1_frac_L9,0.5813125695216907,0.36572580645161296,0.04304221573839155
sd_along,0.7165739710789767,0.5193548387096775,0.0027532392005429245
sd_along,0.6102335928809789,0.5237903225806452,0.0024932741556497346
sd_along,0.681868743047831,0.5112903225806452,0.003286271230954059
sd_along,0.6360400444938822,0.555241935483871,0.0011859006106983943
sd_along,0.48565072302558404,0.5745967741935484,0.0007231016131104286
rog_L0,0.5759733036707452,0.21290322580645166,0.2501745204554868
vel_entropy_L12,0.43403781979977757,0.2967741935483871,0.10496842530252788
vel_entropy_L9,0.4331479421579533,0.32459677419354843,0.07481363187588175
sd_along,0.5256952169076751,0.6411290322580645,0.0001018510726435104
sd_along,0.6347052280311457,0.5459677419354839,0.001487559366847387
rog_L0,0.56440489432703,0.28225806451612906,0.12394137276817191
sd_along,0.5911012235817574,0.5520161290322582,0.0012841188124116294
sd_along,0.7494994438264738,0.4750000000000001,0.006929075214598532
sd_along,0.5528364849833148,0.6060483870967743,0.0003022180976760291
sd_along,0.45272525027808674,0.6883064516129033,1.8701592772602118e-05
sd_along,0.7325917686318131,0.5024193548387098,0.003973159003157109
sd_along,0.4291434927697442,0.7439516129032259,1.6131864800122171e-06
rog_L0,0.6044493882091213,0.3237903225806452,0.07558085414567038
rog_L0,0.5439377085650723,0.3471774193548387,0.05567543732934172
sd_along,0.5248053392658508,0.6439516129032259,9.276902070596494e-05
sd_along,0.6974416017797552,0.4709677419354839,0.007491809422434443
sd_along,0.5154616240266964,0.6245967741935484,0.00017284458966362534
sd_along,0.4883203559510568,0.6362903225806452,0.0001192802371147856
rog_L0,0.5830923248053392,0.2907258064516129,0.11258888553295968
sd_along,0.6698553948832036,0.5431451612903226,0.0015917461466616416
sd_along,0.6916573971078976,0.455241935483871,0.01007187411298241
sd_along,0.5430478309232479,0.585483870967742,0.0005400182550694499
sd_along,0.5190211345939933,0.7504032258064517,1.1664668487883842e-06
sd_along,0.6654060066740823,0.5153225806451613,0.0030095813628393314
sd_along,0.7018909899888766,0.47741935483870973,0.006609006394313817
sd_along,0.696551724137931,0.5044354838709678,0.00380708014542501
s_along,0.6146829810901,0.09596774193548388,0.607562426948085
top1_frac_L9,0.589321468298109,0.22419354838709676,0.22533320460270215
sd_along,0.6195773081201335,0.5725806451612904,0.0007624264137441109
sd_along,0.5795328142380423,0.5983870967741935,0.00037690533153599096
sd_along,0.48654060066740823,0.6995967741935485,1.189239181610008e-05
sd_along,0.6849833147942158,0.5608870967741936,0.001029746488927218
vel_entropy_L9,0.4767519466073415,0.2701612903225806,0.14159637281783494
sd_along,0.6164627363737486,0.5665322580645162,0.0008919008225942311
sd_along,0.7374860956618465,0.4431451612903226,0.012533571616296849
sd_along,0.7018909899888766,0.6028225806451614,0.0003318954976669348
sd_along,0.5292547274749722,0.6129032258064516,0.00024683421450174414
sd_along,0.7268075639599554,0.44072580645161297,0.01308200222303903
sd_along,0.6151279199110122,0.5786290322580646,0.0006497639858748745
vel_entropy_L9,0.48698553948832035,0.28024193548387105,0.12676479037493313
sd_along,0.7312569521690767,0.453225806451613,0.010451258312259605
sd_along,0.4705228031145718,0.6112903225806452,0.000258984272670501
sd_along,0.6013348164627365,0.4391129032258065,0.013458671315386824
sd_along,0.6791991101223581,0.3879032258064516,0.031065530877592815
s_along,0.5021134593993326,0.047580645161290326,0.7993603323613843
dist_bona_centroid_L12,0.4295884315906563,0.09516129032258065,0.6105976029597585
top1_frac_L9,0.5853170189098998,0.2754032258064516,0.13373401123778375
sd_along,0.4923248053392658,0.6467741935483872,8.44173422004109e-05
s_along,0.6427141268075639,0.14153225806451614,0.44757113305322027
vel_entropy_L12,0.521245828698554,0.17016129032258065,0.3600952324334131
sd_along,0.6373748609566184,0.5733870967741936,0.0007464766257705166
dist_bona_centroid_L12,0.5439377085650723,0.00806451612903226,0.9656562979054862
sd_along,0.6244716351501668,0.525,0.0024261752445481374
sd_along,0.7454949944382647,0.5076612903225807,0.0035537708271211024
sd_along,0.6088987764182424,0.5475806451612903,0.0014307352611649792
sd_along,0.42869855394883205,0.5923387096774194,0.00044695042869370585
sd_along,0.5310344827586206,0.6701612903225808,3.7184483308626554e-05
top1_frac_L9,0.6004449388209121,0.17943548387096778,0.3341098641288649
sd_along,0.6863181312569522,0.4512096774193548,0.010842606843012532
top1_frac_L9,0.41713014460511677,0.27862903225806457,0.12905744050543946
sd_along,0.5372636262513905,0.6225806451612904,0.00018398329238349017
sd_along,0.6943270300333704,0.3959677419354839,0.02744905704908114
sd_along,0.6738598442714127,0.4669354838709678,0.008092868522795787
vel_entropy_L9,0.7294771968854282,0.1733870967741936,0.3509238624248171
sd_along,0.5479421579532814,0.49717741935483883,0.004434392887625281
sd_along,0.5256952169076751,0.5588709677419356,0.0010833131476520063
sd_along,0.6302558398220245,0.642741935483871,9.656875570428806e-05
vel_entropy_L12,0.582202447163515,0.04274193548387097,0.8194117265731522
sd_along,0.6783092324805339,0.48266129032258065,0.0059584513176847535
sd_along,0.5256952169076751,0.6165322580645163,0.00022132750811398814
vel_entropy_L12,0.611123470522803,0.017741935483870968,0.9245286715887115
sd_along,0.6195773081201335,0.5814516129032258,0.0006024016032662373
sd_along,0.6155728587319244,0.5383064516129034,0.0017851838622681602
sd_along,0.625361512791991,0.5375,0.0018193357375254448
sd_along,0.4829810901001112,0.6322580645161291,0.00013578623053391627
vel_entropy_L12,0.6507230255839822,0.03427419354838711,0.8547649670335881
sd_along,0.6765294771968854,0.4750000000000001,0.006929075214598532
sd_along,0.6129032258064516,0.5810483870967743,0.000608975803894823
sd_along,0.6191323692992213,0.47862903225806447,0.006453749007721673
sd_along,0.5879866518353727,0.5870967741935484,0.0005167059398963794
rog_L0,0.7196885428253615,0.13225806451612906,0.4781719659775525
top1_frac_L9,0.4771968854282535,0.330241935483871,0.06961048543693168
sd_along,0.6943270300333704,0.417741935483871,0.019367888970383166
rog_L0,0.6164627363737486,0.19838709677419356,0.2846823443722704
sd_along,0.5724137931034483,0.6108870967741936,0.0002621034569744805
sd_along,0.6329254727474972,0.5185483870967742,0.0028029406724288286
sd_along,0.7784204671857619,0.4294354838709678,0.015914182950657794
sd_along,0.6017797552836485,0.5987903225806452,0.00037260154033782496
sd_along,0.6044493882091213,0.5810483870967743,0.000608975803894823
sd_along,0.6097886540600668,0.5673387096774194,0.000873593305829856
sd_along,0.614238042269188,0.5616935483870968,0.0010089781874067462
sd_along,0.5862068965517241,0.5572580645161291,0.0011279066320742136
rog_L0,0.37486095661846497,0.4919354838709678,0.004940812906721152
part_ratio_L9,0.6160177975528365,0.16733870967741937,0.3682359086473028
sd_along,0.5715239154616241,0.6048387096774195,0.00031305954341894295
vel_entropy_L12,0.5350389321468298,0.10766129032258066,0.564291279155818
sd_along,0.6409343715239153,0.5383064516129034,0.0017851838622681602
sd_along,0.717908787541713,0.4274193548387098,0.016470054659067528
vel_entropy_L12,0.5368186874304783,0.03225806451612904,0.8632259438532187
rog_L0,0.5483870967741935,0.3189516129032258,0.08031260167212455
vel_entropy_L12,0.5546162402669632,0.07056451612903226,0.7060160474637789
sd_along,0.5942157953281423,0.5733870967741936,0.0007464766257705166
curvature_L12,0.5555061179087876,0.30282258064516127,0.09774235531418328
sd_along,0.5506117908787541,0.6004032258064517,0.0003558177813016893
twonn_id_L9,0.6066740823136819,0.292741935483871,0.11000421247813971
sd_along,0.6088987764182424,0.563709677419355,0.0009586544255454401
sd_along,0.6231368186874304,0.5911290322580646,0.00046226361608250123
sd_along,0.5710789766407119,0.5830645161290323,0.0005767254637687327
sd_along,0.6418242491657397,0.5560483870967743,0.0011623975171298525
sd_along,0.7245828698553948,0.4504032258064517,0.011002561746831625
sd_along,0.6266963292547274,0.5701612903225807,0.0008120864260345733
sd_along,0.7281423804226919,0.4116935483870968,0.021384400048134706
sd_along,0.546607341490545,0.5709677419354839,0.0007952265463181841
sd_along,0.6805339265850945,0.47822580645161294,0.006505152678558188
sd_along,0.5145717463848721,0.6620967741935484,4.972841472814334e-05
rog_L0,0.6129032258064516,0.2826612903225807,0.123382311099498
sd_along,0.7165739710789767,0.4637096774193549,0.008602681851867213
rog_L0,0.5937708565072302,0.31774193548387103,0.0815303975486866
twonn_id_L9,0.5746384872080088,0.18709677419354842,0.3135322789997913
sd_along,0.5951056729699666,0.6520161290322581,7.067018657934322e-05
sd_along,0.6707452725250278,0.48185483870967744,0.0060548294810557155
sd_along,0.6137931034482759,0.5403225806451613,0.0017022330438186731
rog_L0,0.46696329254727476,0.36693548387096775,0.042305639395927304
sd_along,0.5581757508342603,0.6189516129032258,0.000205650910203096
vel_entropy_L12,0.4958843159065628,0.17983870967741938,0.33300672811998067
sd_along,0.4829810901001112,0.6790322580645162,2.673123367772197e-05
sd_along,0.7081201334816463,0.4754032258064516,0.00687483303961631
sd_along,0.5937708565072302,0.5891129032258066,0.0004888164609926302
sd_along,0.5310344827586206,0.6350806451612904,0.00012403319884108662
rog_L0,0.5181312569521691,0.3858870967741936,0.03202765307460971
sd_along,0.6329254727474972,0.572983870967742,0.0007544144877416011
rog_L0,0.4981090100111235,0.3266129032258065,0.07292192572278498
vel_mean_L9,0.4558398220244716,0.041129032258064524,0.8261211215689793
vel_entropy_L9,0.4923248053392658,0.2806451612903226,0.12619634864235157
sd_along,0.6164627363737486,0.5987903225806452,0.00037260154033782496
vel_entropy_L12,0.6084538375973303,0.058467741935483875,0.754718024894828
sd_along,0.6120133481646273,0.5225806451612904,0.0025619737651357715
sd_along,0.657397107897664,0.5213709677419355,0.0026323055486747473
vel_entropy_L9,0.5648498331479421,0.22016129032258067,0.2340057488789249
sd_along,0.689432703003337,0.3794354838709678,0.03527010295246455
sd_along,0.5661846496106785,0.5383064516129034,0.0017851838622681602
vel_entropy_L12,0.6249165739710789,0.03387096774193548,0.8564559280836276
sd_along,0.696106785317019,0.32540322580645165,0.07405244694534319
sd_along,0.5626251390433815,0.5987903225806452,0.00037260154033782496
sd_along,0.6124582869855395,0.5072580645161291,0.003584618769492466
sd_along,0.5261401557285873,0.5237903225806452,0.0024932741556497346
sd_along,0.5670745272525028,0.6137096774193549,0.00024095102788642192
sd_along,0.5870967741935484,0.5919354838709677,0.0004520042949751892
sd_along,0.6671857619577308,0.5016129032258065,0.004041312891382657
sd_along,0.5025583982202447,0.644758064516129,9.03106277363137e-05
sd_along,0.6694104560622914,0.505241935483871,0.0037423402399068624
sd_along,0.6952169076751946,0.4665322580645162,0.008155160432059974
sd_along,0.6275862068965516,0.40766129032258075,0.022822556599547933
sd_along,0.6476084538375974,0.43629032258064515,0.014139670392290258
sd_along,0.6814238042269187,0.4737903225806452,0.007093990203359156
sd_along,0.5635150166852058,0.6068548387096775,0.0002951765339656357
sd_along,0.592880978865406,0.5479838709677419,0.0014168286589648696
vel_entropy_L12,0.47230255839822033,0.15120967741935487,0.4167989657486697
sd_along,0.4634037819799778,0.6056451612903225,0.00030579436476928614
sd_along,0.4602892102335928,0.7016129032258065,1.0945163133235452e-05
sd_along,0.6956618464961067,0.4225806451612903,0.01787030276521233
sd_along,0.5563959955506118,0.5649193548387098,0.0009295279188975286
vel_cv_L12,0.5884315906562848,0.19637096774193552,0.28970499833184016
twonn_id_L9,0.5350389321468298,0.2588709677419355,0.15966303012682567
rog_L0,0.5911012235817574,0.2830645161290323,0.12282511613567898
sd_along,0.4589543937708565,0.6391129032258066,0.00010881584567825931
sd_along,0.5563959955506118,0.6084677419354839,0.0002815280688845499
sd_along,0.5621802002224694,0.5572580645161291,0.0011279066320742136
sd_along,0.7254727474972191,0.5641129032258064,0.0009488579608991707
vel_entropy_L12,0.5474972191323693,0.056854838709677426,0.761286690944497
sd_along,0.48120133481646277,0.628225806451613,0.00015429762951797685
sd_along,0.5510567296996662,0.5645161290322581,0.0009391493479969051
sd_along,0.6,0.5383064516129034,0.0017851838622681602
sd_along,0.5457174638487208,0.6737903225806452,3.253129522458599e-05
sd_along,0.5412680756395996,0.6072580645161291,0.0002917105751477041
sd_along,0.5439377085650723,0.5725806451612904,0.0007624264137441109
sd_along,0.6,0.6185483870967743,0.00020819308919908263
rog_L0,0.49454949944382637,0.39879032258064523,0.026267652844579055
sd_along,0.47897664071190205,0.6725806451612905,3.4020671719308726e-05
sd_along,0.6026696329254727,0.3951612903225806,0.02779445823156319
sd_along,0.6155728587319244,0.572983870967742,0.0007544144877416011
sd_along,0.5550611790878754,0.6483870967741936,7.995278514264417e-05
sd_along,0.6222469410456063,0.5862903225806452,0.0005282487305093542
sd_along,0.5764182424916573,0.5774193548387098,0.0006710450909207813
sd_along,0.5074527252502781,0.6395161290322581,0.0001073898303401414
sd_along,0.6151279199110122,0.5838709677419356,0.0005642527470602676
rog_L0,0.5194660734149055,0.35766129032258065,0.04821877834843798
sd_along,0.6983314794215795,0.45000000000000007,0.011083280537589162
sd_along,0.5563959955506118,0.6370967741935485,0.00011620251602664142
rog_L12,0.5781979977753059,0.020564516129032262,0.9125643747275991
sd_along,0.7081201334816463,0.47741935483870973,0.006609006394313817
sd_along,0.6004449388209121,0.6540322580645161,6.594103154040757e-05
sd_along,0.6823136818687431,0.5012096774193548,0.004075764822480031
sd_along,0.49454949944382637,0.6745967741935485,3.157119207369524e-05
sd_along,0.5372636262513905,0.6491935483870969,7.780067584325238e-05
sd_along,0.7094549499443825,0.49233870967741944,0.004900174152318256
sd_along,0.7450500556173526,0.45282258064516134,0.010528561561051728
sd_along,0.48787541713014465,0.6483870967741936,7.995278514264417e-05
sd_along,0.560845383759733,0.6798387096774194,2.5926689877822473e-05
sd_along,0.5942157953281423,0.5782258064516129,0.0006567907393641607
sd_along,0.5657397107897664,0.6221774193548388,0.0001862861117317046
sd_along,0.6907675194660734,0.49717741935483883,0.004434392887625281
vel_entropy_L9,0.44649610678531704,0.28588709677419355,0.11897675584362465
sd_along,0.5550611790878754,0.540725806451613,0.0016860516447434143
rog_L0,0.5661846496106785,0.2967741935483871,0.10496842530252788
sd_along,0.5675194660734149,0.6879032258064517,1.899941433989235e-05
sd_along,0.5350389321468298,0.6298387096774194,0.00014663945545338708
sd_along,0.5021134593993326,0.7274193548387098,3.551677064354962e-06
sd_along,0.4540600667408231,0.6205645161290323,0.00019575578024521478
sd_along,0.6627363737486095,0.4592741935483872,0.009347849280010409
sd_along,0.5848720800889877,0.6233870967741936,0.00017945345385461065
vel_entropy_L12,0.567964404894327,0.012903225806451615,0.9450751499131311
sd_along,0.6169076751946607,0.34475806451612906,0.057519008145660105
sd_along,0.5612903225806452,0.6411290322580645,0.0001018510726435104
sd_along,0.6560622914349278,0.5487903225806452,0.0013893688139272754
rog_L0,0.49543937708565067,0.43588709677419357,0.014239265374826185
sd_along,0.6725250278086763,0.5544354838709679,0.0012098181112603359
sd_along,0.6671857619577308,0.5104838709677421,0.00334416513687456
rog_L0,0.5746384872080088,0.3116935483870968,0.08783339750600865
vel_entropy_L12,0.5697441601779756,0.05604838709677419,0.7645771768166629
sd_along,0.5710789766407119,0.6165322580645163,0.00022132750811398814
sd_along,0.6093437152391545,0.5584677419354839,0.0010943143335156126
sd_along,0.6907675194660734,0.45241935483870976,0.010606345698193444
sd_along,0.6062291434927697,0.5774193548387098,0.0006710450909207813
sd_along,0.6284760845383759,0.580241935483871,0.0006223139790898504
vel_entropy_L9,0.4994438264738598,0.20322580645161292,0.27285701338158
sd_along,0.5537263626251391,0.5834677419354839,0.0005704590745120392
sd_along,0.5523915461624027,0.6346774193548388,0.0001256546306387652
sd_along,0.5866518353726363,0.5762096774193548,0.0006929368800658185
sd_along,0.7076751946607341,0.5221774193548387,0.002585234772643832
rog_L0,0.5265850945494994,0.3548387096774194,0.05014330262874804
rog_L0,0.7090100111234705,0.13629032258064516,0.4647360144635305
rog_L0,0.6133481646273637,0.25766129032258067,0.1616923214352559
sd_along,0.6155728587319244,0.530241935483871,0.0021531628507509876
sd_along,0.7058954393770857,0.4104838709677419,0.021807775464991887
sd_along,0.5434927697441602,0.6125,0.000249823325575368
vel_entropy_L9,0.667630700778643,0.09354838709677421,0.616686972815505
sd_along,0.6146829810901,0.6096774193548388,0.0002716618685124425
sd_along,0.6191323692992213,0.527016129032258,0.0023178167990075206
sd_along,0.5737486095661846,0.6100806451612903,0.0002684419476625354
sd_along,0.6413793103448275,0.5306451612903227,0.0021333126735382573
sd_along,0.525250278086763,0.6645161290322581,4.561704970003301e-05
sd_along,0.5337041156840934,0.6201612903225807,0.00019818904138671706
sd_along,0.6044493882091213,0.580241935483871,0.0006223139790898504
sd_along,0.717908787541713,0.4588709677419355,0.009418214705819605
sd_along,0.5506117908787541,0.6576612903225807,5.813715599993983e-05
sd_along,0.4794215795328142,0.6895161290322581,1.783318336260304e-05
sd_along,0.5830923248053392,0.6016129032258066,0.00034367248085539044
rog_L0,0.5697441601779756,0.2548387096774194,0.16649890634193867
sd_along,0.746384872080089,0.42137096774193555,0.018235380477056105
sd_along,0.667630700778643,0.45282258064516134,0.010528561561051728
sd_along,0.6858731924360401,0.5181451612903226,0.0028280808644581914
sd_along,0.6787541713014461,0.4794354838709678,0.006351978644921556
sd_along,0.7975528364849833,0.4108870967741936,0.021665889763544416
sd_along,0.49321468298109006,0.6633064516129032,4.76329758205458e-05
rog_L0,0.5537263626251391,0.34959677419354845,0.05387879761022681
sd_along,0.4981090100111235,0.6193548387096776,0.00020313634910574974
vel_entropy_L12,0.582202447163515,0.09556451612903226,0.6090792182133721
sd_along,0.6596218020022246,0.5411290322580646,0.0016700043066008052
sd_along,0.6565072302558399,0.5322580645161291,0.0020554912511308427
vel_entropy_L9,0.6017797552836485,0.15927419354838712,0.39208552690474663
sd_along,0.531924360400445,0.5862903225806452,0.0005282487305093542
sd_along,0.7187986651835372,0.4741935483870969,0.007038651850576193
sd_along,0.582202447163515,0.5576612903225807,0.00111661034313501
sd_along,0.5479421579532814,0.555241935483871,0.0011859006106983943
rog_L0,0.6222469410456063,0.2866935483870968,0.1178938453565775
rog_L0,0.5230255839822024,0.36733870967741944,0.04206236997903893
sd_along,0.5692992213570635,0.5479838709677419,0.0014168286589648696
sd_along,0.5764182424916573,0.622983870967742,0.0001817058205519022
sd_along,0.7081201334816463,0.4294354838709678,0.015914182950657794
sd_along,0.6983314794215795,0.5064516129032258,0.0036470067711554836
sd_along,0.6565072302558399,0.5915322580645161,0.0004571085474415951
sd_along,0.5968854282536151,0.5673387096774194,0.000873593305829856
sd_along,0.7112347052280311,0.47258064516129034,0.007262228900150819
rog_L12,0.5216907675194661,0.1810483870967742,0.32971070202871466
sd_along,0.6342602892102336,0.5512096774193549,0.001309756056379129
sd_along,0.43759733036707454,0.625,0.00017069025815549582
sd_along,0.5274749721913237,0.43669354838709684,0.014040657987464608
vel_entropy_L12,0.6235817575083425,0.001209677419354839,0.9948469708704886
sd_along,0.6013348164627365,0.5709677419354839,0.0007952265463181841
sd_along,0.6947719688542825,0.5020161290322581,0.004007111447569066
sd_along,0.5866518353726363,0.6056451612903225,0.00030579436476928614
sd_along,0.5510567296996662,0.5423387096774195,0.0016226573805435851
sd_along,0.6542825361512792,0.5016129032258065,0.004041312891382657
sd_along,0.531924360400445,0.622983870967742,0.0001817058205519022
sd_along,0.6547274749721913,0.5217741935483872,0.0026086783061865368
sd_along,0.6218020022246942,0.5754032258064516,0.0007078780021976461
sd_along,0.5461624026696329,0.5524193548387096,0.0012714653630320318
sd_along,0.6880978865406007,0.49435483870967745,0.0047012453469172585
vel_entropy_L9,0.6004449388209121,0.13709677419354843,0.4620729162761894
vel_entropy_L9,0.7023359288097887,0.06290322580645162,0.7367418811700881
sd_along,0.614238042269188,0.5241935483870969,0.002470731537650846
vel_entropy_L12,0.5555061179087876,0.11008064516129033,0.5555175321771062
sd_along,0.703670745272525,0.42822580645161296,0.01624579923540243
sd_along,0.6734149054505005,0.4766129032258065,0.006714267884258436
sd_along,0.5577308120133482,0.6217741935483871,0.0001886145229233685
s_along,0.5474972191323693,0.009677419354838712,0.9587928628951107
sd_along,0.6605116796440489,0.5358870967741935,0.001889347543147768
sd_along,0.607119021134594,0.563709677419355,0.0009586544255454401
sd_along,0.6854282536151279,0.4794354838709678,0.006351978644921556
sd_along,0.6115684093437151,0.5717741935483871,0.0007786748080537085
sd_along,0.5434927697441602,0.5858870967741936,0.0005341049149034341
sd_along,0.6284760845383759,0.5786290322580646,0.0006497639858748745
sd_along,0.6823136818687431,0.5141129032258065,0.003090393380745318
rog_L0,0.5844271412680757,0.19112903225806452,0.3030266852328359
sd_along,0.4384872080088987,0.675,3.1100753807146644e-05
sd_along,0.5141268075639599,0.5967741935483871,0.0003945633495877493
rog_L0,0.5719688542825361,0.3766129032258065,0.03676967088121242
sd_along,0.5661846496106785,0.6080645161290323,0.00028488666640687997
sd_along,0.6,0.6068548387096775,0.0002951765339656357
s_along,0.6747497219132369,0.20080645161290328,0.27872927179347395
sd_along,0.639154616240267,0.5411290322580646,0.0016700043066008052
sd_along,0.699666295884316,0.44798387096774195,0.011494383294294412
sd_along,0.5755283648498332,0.5733870967741936,0.0007464766257705166
sd_along,0.7886540600667409,0.3399193548387097,0.0613501198980395
sd_along,0.6925472747497218,0.45000000000000007,0.011083280537589162
sd_along,0.5163515016685205,0.6149193548387099,0.00023235948378030446
top1_frac_L12,0.5056729699666296,0.19596774193548389,0.29071626762763747
rog_L0,0.6462736373748609,0.24717741935483872,0.1800561540791485
sd_along,0.5488320355951056,0.628225806451613,0.00015429762951797685
sd_along,0.49276974416017794,0.6810483870967742,2.476066366647621e-05
rog_L0,0.575083426028921,0.2834677419354839,0.12226978475463005
vel_entropy_L9,0.5443826473859844,0.16572580645161292,0.37293602625639866
top1_frac_L9,0.6422691879866518,0.21008064516129035,0.2566571759390197
sd_along,0.5181312569521691,0.6354838709677421,0.0001224304475740157
rog_L0,0.48120133481646277,0.4112903225806452,0.021524765639491288
sd_along,0.5332591768631813,0.6790322580645162,2.673123367772197e-05
sd_along,0.6080088987764182,0.5935483870967742,0.000432086891455326
rog_L0,0.639154616240267,0.2588709677419355,0.15966303012682567
sd_along,0.5737486095661846,0.6044354838709678,0.0003167491320213091
sd_along,0.607563959955506,0.5987903225806452,0.00037260154033782496
vel_entropy_L12,0.5546162402669632,0.11048387096774194,0.5540614012210079
sd_along,0.5866518353726363,0.5806451612903226,0.0006156130905792169
sd_along,0.5568409343715239,0.5221774193548387,0.002585234772643832
sd_along,0.5372636262513905,0.5471774193548388,0.00144476077836368
sd_along,0.6520578420467186,0.49435483870967745,0.0047012453469172585
mu_norm_L12,0.5345939933259177,0.054838709677419356,0.7695204467568884
sd_along,0.5813125695216907,0.6129032258064516,0.00024683421450174414
sd_along,0.43804226918798667,0.7237903225806452,4.191914508448348e-06
sd_along,0.6409343715239153,0.4350806451612904,0.014440213598854628
sd_along,0.531924360400445,0.705241935483871,9.410110433556976e-06
sd_along,0.5581757508342603,0.5919354838709677,0.0004520042949751892
sd_along,0.44471635150166855,0.5399193548387098,0.001718549439051703
sd_along,0.6489432703003337,0.5080645161290323,0.003523151722893524
sd_along,0.5372636262513905,0.6245967741935484,0.00017284458966362534
sd_along,0.6102335928809789,0.5592741935483871,0.0010724088714448216
sd_along,0.5506117908787541,0.5145161290322581,0.0030632504719631517
sd_along,0.5096774193548387,0.6314516129032258,0.00013932164903651505
sd_along,0.4909899888765294,0.675,3.1100753807146644e-05
sd_along,0.589321468298109,0.5415322580645162,0.0016540900991739809
vel_entropy_L9,0.531924360400445,0.20120967741935486,0.27774495131732646
sd_along,0.7374860956618465,0.4592741935483872,0.009347849280010409
sd_along,0.6707452725250278,0.4391129032258065,0.013458671315386824
sd_along,0.6249165739710789,0.5758064516129033,0.0007003724110353352
sd_along,0.5991101223581757,0.6322580645161291,0.00013578623053391627
sd_along,0.5194660734149055,0.6673387096774194,4.1207615965636e-05
sd_along,0.7112347052280311,0.4830645161290323,0.005910754956321137
sd_along,0.5911012235817574,0.5846774193548387,0.0005520183110067999
sd_along,0.7423804226918799,0.3612903225806452,0.045831233561117596
rog_L0,0.6511679644048943,0.20927419354838714,0.2585294644300142
sd_along,0.7072302558398219,0.48629032258064525,0.0055407727987261965
sd_along,0.6044493882091213,0.6076612903225808,0.0002882807276302504
sd_along,0.5506117908787541,0.527016129032258,0.0023178167990075206
rog_L0,0.5412680756395996,0.2750000000000001,0.13432719773846194
sd_along,0.4562847608453838,0.6983870967741936,1.249562469689617e-05
twonn_id_L9,0.5337041156840934,0.1713709677419355,0.35663940348354806
sd_along,0.41045606229143494,0.7064516129032259,8.943415100463028e-06
sd_along,0.6600667408231368,0.5076612903225807,0.0035537708271211024
sd_along,0.5692992213570635,0.5866935483870969,0.0005224492288080065
sd_along,0.6867630700778643,0.4750000000000001,0.006929075214598532
sd_along,0.6743047830923248,0.5209677419354839,0.002656117688769655
mu_norm_L12,0.47630700778642937,0.049193548387096775,0.7927036191007251
sd_along,0.6703003337041158,0.49758064516129036,0.004397352827599969
sd_along,0.6315906562847609,0.5274193548387097,0.0022966559093208277
sd_along,0.6013348164627365,0.5693548387096774,0.0008292593050945716
rog_L0,0.5813125695216907,0.28911290322580646,0.11468905409982422
vel_entropy_L9,0.657397107897664,0.0778225806451613,0.6773193820965928
sd_along,0.5292547274749722,0.6725806451612905,3.4020671719308726e-05
sd_along,0.7557285873192436,0.44516129032258067,0.012091390847470126
sd_along,0.539043381535039,0.6366935483870968,0.00011773240711924201
vel_entropy_L12,0.4794215795328142,0.07459677419354839,0.6900215804573002
sd_along,0.7041156840934372,0.48991935483870974,0.005148362156183011
vel_entropy_L9,0.6195773081201335,0.04274193548387097,0.8194117265731522
sd_along,0.8064516129032258,0.3189516129032258,0.08031260167212455
sd_along,0.6751946607341489,0.39919354838709686,0.026102329589491834
sd_along,0.5225806451612903,0.656451612903226,6.0641230802020824e-05
sd_along,0.6711902113459399,0.5814516129032258,0.0006024016032662373
sd_along,0.5688542825361512,0.5875,0.0005110183970323942
sd_along,0.5350389321468298,0.6637096774193549,4.695229885041651e-05
s_along,0.5657397107897664,0.028225806451612906,0.8801916465025955
sd_along,0.6462736373748609,0.49717741935483883,0.004434392887625281
sd_along,0.5599555061179087,0.5879032258064517,0.0005053861366196939
sd_along,0.6800889877641824,0.472983870967742,0.007205776761023742
sd_along,0.5599555061179087,0.622983870967742,0.0001817058205519022
vel_entropy_L12,0.5394883203559511,0.13185483870967743,0.479526526029906
sd_along,0.5359288097886541,0.5766129032258065,0.0006855708517682637
sd_along,0.4758620689655172,0.6270161290322582,0.0001602728388574267
sd_along,0.5733036707452726,0.5810483870967743,0.000608975803894823
sd_along,0.5248053392658508,0.6762096774193549,2.9726988971688014e-05
rog_L0,0.5875417130144606,0.32459677419354843,0.07481363187588175
sd_along,0.6671857619577308,0.5475806451612903,0.0014307352611649792
vel_entropy_L9,0.5332591768631813,0.10725806451612906,0.5657596880755809
sd_along,0.6720800889877642,0.5024193548387098,0.003973159003157109
sd_along,0.7134593993325918,0.43830645161290327,0.0136503817978844
sd_along,0.6004449388209121,0.5991935483870968,0.00036834126721738066
sd_along,0.5612903225806452,0.610483870967742,0.00026525591328090863
sd_along,0.607563959955506,0.5786290322580646,0.0006497639858748745
sd_along,0.7423804226918799,0.4104838709677419,0.021807775464991887
top1_frac_L9,0.5092324805339266,0.340725806451613,0.060698074433432204
sd_along,0.6694104560622914,0.519758064516129,0.002728675467877165
rog_L0,0.6333704115684093,0.2274193548387097,0.21855365859950476
sd_along,0.5804226918798664,0.6112903225806452,0.000258984272670501
sd_along,0.5426028921023358,0.6790322580645162,2.673123367772197e-05
sd_along,0.6146829810901,0.5782258064516129,0.0006567907393641607
sd_along,0.5617352614015573,0.6778225806451613,2.798017966136064e-05
rog_L0,0.489210233592881,0.35322580645161294,0.05127009996662466
sd_along,0.6760845383759733,0.4891129032258064,0.005233445538687401
rog_L0,0.5755283648498332,0.29475806451612907,0.10746419746308655
sd_along,0.6004449388209121,0.5133064516129032,0.003145302380233932
sd_along,0.52880978865406,0.5149193548387097,0.003036313562221151
sd_along,0.7552836484983315,0.41330645161290325,0.020830462334677866
sd_along,0.5159065628476084,0.5508064516129032,0.0013227414579442252
sd_along,0.7276974416017797,0.4508064516129033,0.010922337972892745
sd_along,0.44293659621801995,0.6709677419354839,3.610170537934059e-05
sd_along,0.7521690767519467,0.43024193548387096,0.015696251186576974
rog_L0,0.45494994438264746,0.3782258064516129,0.03590660665123075
sd_along,0.5773081201334815,0.5217741935483872,0.0026086783061865368
vel_entropy_L12,0.4901001112347052,0.13870967741935486,0.4567710138270421
sd_along,0.6351501668520578,0.5419354838709677,0.0016383080972380282
twonn_id_L12,0.5577308120133482,0.3951612903225806,0.02779445823156319
sd_along,0.4473859844271412,0.6875000000000001,1.930150021799623e-05
vel_entropy_L9,0.5105672969966629,0.20362903225806453,0.2718861566199884
rog_L0,0.611123470522803,0.23709677419354844,0.19905276089342025
sd_along,0.6529477196885429,0.526209677419355,0.0023606460158050327
sd_along,0.6057842046718577,0.4346774193548387,0.014541572120835561
rog_L0,0.6195773081201335,0.2903225806451613,0.11311121535219387
sd_along,0.553281423804227,0.6685483870967742,3.9437917338212684e-05
sd_along,0.553281423804227,0.6366935483870968,0.00011773240711924201
sd_along,0.6511679644048943,0.5266129032258065,0.0023391464628047614
part_ratio_L9,0.44649610678531704,0.2846774193548387,0.1206149407645317
sd_along,0.8260289210233593,0.3342741935483871,0.06606951253802207
sd_along,0.4282536151279199,0.6955645161290324,1.4011900874183515e-05
sd_along,0.7236929922135705,0.4758064516129033,0.006820952377219746
sd_along,0.6903225806451613,0.5076612903225807,0.0035537708271211024
sd_along,0.5955506117908788,0.614516129032258,0.00023519261694715385
sd_along,0.603559510567297,0.6036290322580645,0.0003242440191878279
sd_along,0.6053392658509456,0.6125,0.000249823325575368
sd_along,0.6355951056729701,0.5362903225806452,0.001871628635480281
sd_along,0.6031145717463848,0.5625,0.0009885776702318481
twonn_id_L9,0.35706340378198,0.011693548387096776,0.950217692547473
sd_along,0.6631813125695216,0.6016129032258066,0.00034367248085539044
sd_along,0.6627363737486095,0.5806451612903226,0.0006156130905792169
sd_along,0.5968854282536151,0.580241935483871,0.0006223139790898504
sd_along,0.5902113459399333,0.5762096774193548,0.0006929368800658185
sd_along,0.7152391546162402,0.4350806451612904,0.014440213598854628
vel_entropy_L9,0.560845383759733,0.25685483870967746,0.16305538630281866
sd_along,0.7045606229143493,0.4741935483870969,0.007038651850576193
sd_along,0.5234705228031146,0.5600806451612904,0.0010508881646706415
sd_along,0.6124582869855395,0.5161290322580646,0.0029567259704205064
sd_along,0.5221357063403782,0.6625000000000001,4.9020932681572716e-05
sd_along,0.6667408231368186,0.515725806451613,0.002983052591137402
vel_entropy_L9,0.5270300333704115,0.13185483870967743,0.479526526029906
sd_along,0.6934371523915461,0.45241935483870976,0.010606345698193444
rog_L0,0.3984427141268076,0.4375,0.013844370427363209
sd_along,0.5519466073414906,0.6548387096774194,6.41301074585284e-05
vel_entropy_L12,0.6685205784204672,0.03951612903225807,0.8328425648949725
sd_along,0.5541713014460512,0.6637096774193549,4.695229885041651e-05
sd_along,0.7908787541713014,0.42096774193548386,0.01835843819378296
sd_along,0.5710789766407119,0.5923387096774194,0.00044695042869370585
rog_L0,0.5145717463848721,0.355241935483871,0.04986469756652654
sd_along,0.692992213570634,0.595967741935484,0.00040366351837276275
sd_along,0.6778642936596218,0.5096774193548388,0.0034029359246675575
sd_along,0.6516129032258065,0.4983870967741937,0.004324068321463571
sd_along,0.5515016685205784,0.5298387096774194,0.002173173079882185
sd_along,0.5408231368186874,0.6379032258064516,0.00011319582612062699
sd_along,0.6489432703003337,0.5411290322580646,0.0016700043066008052
sd_along,0.6271412680756396,0.5794354838709679,0.0006359086416504386
sd_along,0.6258064516129032,0.4903225806451614,0.005106266034500858
sd_along,0.46651835372636263,0.675,3.1100753807146644e-05
sd_along,0.681868743047831,0.4395161290322581,0.013363663915318942
rog_L0,0.5599555061179087,0.2737903225806452,0.13611831529952007
sd_along,0.6364849833147942,0.5000000000000001,0.004180638514954576
rog_L0,0.5016685205784205,0.4092741935483872,0.0222380325739601
sd_along,0.5372636262513905,0.6629032258064517,4.832248690061787e-05
sd_along,0.6591768631813125,0.5189516129032259,0.0027779938609010456
vel_entropy_L9,0.5977753058954393,0.1556451612903226,0.4031006140025407
sd_along,0.6026696329254727,0.5689516129032259,0.0008379646541111086
s_orth,0.5955506117908788,0.11572580645161293,0.5352945604489174
vel_entropy_L12,0.6342602892102336,0.03588709677419356,0.8480075108780614
sd_along,0.6805339265850945,0.3629032258064517,0.04480083428113311
sd_along,0.5559510567296997,0.5891129032258066,0.0004888164609926302
sd_along,0.4460511679644049,0.6879032258064517,1.899941433989235e-05
sd_along,0.5528364849833148,0.5911290322580646,0.00046226361608250123
sd_along,0.596440489432703,0.6225806451612904,0.00018398329238349017
sd_along,0.6622914349276974,0.5806451612903226,0.0006156130905792169
sd_along,0.6800889877641824,0.48870967741935495,0.005276436178392421
sd_along,0.5234705228031146,0.6072580645161291,0.0002917105751477041
sd_along,0.7130144605116796,0.46451612903225814,0.008472747856283103
sd_along,0.5879866518353727,0.5322580645161291,0.0020554912511308427
rog_L0,0.5559510567296997,0.23669354838709677,0.19984039600013045
vel_entropy_L12,0.4242491657397108,0.15443548387096775,0.4068109430996396
sd_along,0.6258064516129032,0.567741935483871,0.0008645637978923987
sd_along,0.6124582869855395,0.5649193548387098,0.0009295279188975286
sd_along,0.5982202447163515,0.5709677419354839,0.0007952265463181841
sd_along,0.5870967741935484,0.6375000000000001,0.000114690382343424
rog_L0,0.6320355951056729,0.22096774193548388,0.23225357734187269
rog_L0,0.6,0.35040322580645167,0.05329020976512388
sd_along,0.5853170189098998,0.5616935483870968,0.0010089781874067462
vel_entropy_L12,0.5577308120133482,0.08064516129032259,0.6662756688558149
sd_along,0.7116796440489432,0.5366935483870968,0.0018540543552610326
sd_along,0.5537263626251391,0.6338709677419355,0.00012895429492330068
sd_along,0.49899888765294764,0.6669354838709678,4.181315555861351e-05
sd_along,0.6298109010011124,0.5516129032258066,0.0012968821097917086
sd_along,0.5185761957730812,0.6774193548387097,2.840800422472819e-05
sd_along,0.567964404894327,0.5846774193548387,0.0005520183110067999
sd_along,0.4709677419354839,0.6963709677419355,1.3562596171927883e-05
sd_along,0.6978865406006673,0.4705645161290323,0.007550157521994875
sd_along,0.5292547274749722,0.6524193548387097,6.970078185594613e-05
sd_along,0.7481646273637375,0.39395161290322583,0.02831920552200202
sd_along,0.3704115684093437,0.6310483870967742,0.00014111992248569288
sd_along,0.4487208008898776,0.660483870967742,5.265077137319616e-05
sd_along,0.52880978865406,0.6504032258064517,7.466956420230177e-05
sd_along,0.589321468298109,0.6012096774193549,0.0003476795072766063
sd_along,0.6680756395995551,0.4713709677419356,0.0074338445130868
rog_L0,0.5862068965517241,0.3310483870967742,0.06889074329695447
sd_along,0.6302558398220245,0.47338709677419355,0.007149697852314932
sd_along,0.5208008898776418,0.563709677419355,0.0009586544255454401
sd_along,0.6551724137931034,0.483467741935484,0.005863384669614579
rog_L0,0.5025583982202447,0.3971774193548388,0.026937535408084096
sd_along,0.6756395995550611,0.35040322580645167,0.05329020976512388
sd_along,0.6329254727474972,0.5141129032258065,0.003090393380745318
sd_along,0.5394883203559511,0.6217741935483871,0.0001886145229233685
sd_along,0.607563959955506,0.5254032258064516,0.0024041592776355854
sd_along,0.6360400444938822,0.45000000000000007,0.011083280537589162
sd_along,0.6791991101223581,0.5455645161290323,0.0015020691147294572
sd_along,0.714349276974416,0.3584677419354839,0.047679845983255184
sd_along,0.4909899888765294,0.6762096774193549,2.9726988971688014e-05
sd_along,0.5314794215795328,0.6592741935483872,5.4942543943113604e-05
sd_along,0.671635150166852,0.5266129032258065,0.0023391464628047614
sd_along,0.593325917686318,0.5504032258064516,0.001335839124837388
sd_along,0.6565072302558399,0.49717741935483883,0.004434392887625281
sd_along,0.4829810901001112,0.6806451612903226,2.5143988238190644e-05
sd_along,0.6476084538375974,0.5895161290322581,0.000483400756804689
top1_frac_L9,0.5368186874304783,0.23629032258064517,0.2006301841627385
vel_entropy_L9,0.6200222469410456,0.10241935483870969,0.5835146386097445
vel_entropy_L12,0.5007786429365962,0.1536290322580645,0.40929517833582896
sd_along,0.7543937708565073,0.4125000000000001,0.02110593231596367
sd_along,0.6734149054505005,0.530241935483871,0.0021531628507509876
top1_frac_L9,0.6529477196885429,0.09596774193548388,0.607562426948085
sd_along,0.5888765294771968,0.5903225806451613,0.0004727279367623175
vel_entropy_L9,0.6186874304783093,0.0653225806451613,0.7269932495537902
sd_along,0.6974416017797552,0.46612903225806457,0.00821785807018161
sd_along,0.47630700778642937,0.6504032258064517,7.466956420230177e-05
sd_along,0.5773081201334815,0.6254032258064517,0.0001685598486234186
rog_L0,0.5799777530589544,0.3233870967741936,0.07596673839260024
sd_along,0.5759733036707452,0.6181451612903227,0.0002107631484623094
sd_along,0.511012235817575,0.6354838709677421,0.0001224304475740157
sd_along,0.5991101223581757,0.5463709677419355,0.0014731719717632923
rog_L0,0.6271412680756396,0.3629032258064517,0.04480083428113311
sd_along,0.5915461624026696,0.572983870967742,0.0007544144877416011
sd_along,0.5813125695216907,0.5592741935483871,0.0010724088714448216
sd_along,0.7695216907675194,0.3298387096774194,0.06997254186540158
sd_along,0.5630700778642936,0.6084677419354839,0.0002815280688845499
sd_along,0.33348164627363736,0.7411290322580646,1.8535357840083123e-06
sd_along,0.49276974416017794,0.6830645161290324,2.292173819868463e-05
sd_along,0.5684093437152391,0.5911290322580646,0.00046226361608250123
sd_along,0.4309232480533926,0.7205645161290323,4.846892037421836e-06
sd_along,0.5572858731924359,0.5899193548387097,0.0004780380637412753
sd_along,0.5141268075639599,0.6318548387096775,0.0001375438192293269
sd_along,0.5733036707452726,0.6020161290322581,0.00033970637682785256
sd_along,0.6627363737486095,0.5145161290322581,0.0030632504719631517
sd_along,0.6151279199110122,0.5927419354838711,0.0004419465215729832
sd_along,0.553281423804227,0.5681451612903227,0.0008556162741209188
sd_along,0.6355951056729701,0.49395161290322587,0.00474046787548493
sd_along,0.6026696329254727,0.5858870967741936,0.0005341049149034341
sd_along,0.6240266963292548,0.435483870967742,0.0143394455647705
sd_along,0.6551724137931034,0.5290322580645163,0.0022136779838087843
vel_entropy_L12,0.4402669632925473,0.20040322580645165,0.2797158371639872
sd_along,0.6329254727474972,0.535483870967742,0.0019072120696535773
sd_along,0.5648498331479421,0.610483870967742,0.00026525591328090863
sd_along,0.5586206896551724,0.565725806451613,0.0009105439605025415
sd_along,0.5430478309232479,0.6298387096774194,0.00014663945545338708
s_along,0.5385984427141268,0.08064516129032259,0.6662756688558149
sd_along,0.5448275862068965,0.6286290322580647,0.0001523504361012025
sd_along,0.4887652947719689,0.6838709677419356,2.222126079277197e-05
sd_along,0.6743047830923248,0.42096774193548386,0.01835843819378296
vel_entropy_L12,0.43715239154616237,0.2548387096774194,0.16649890634193867
vel_entropy_L12,0.703670745272525,0.10645161290322583,0.5687017083310181
sd_along,0.7650723025583982,0.4088709677419355,0.022382995156207112
sd_along,0.5617352614015573,0.6125,0.000249823325575368
sd_along,0.5052280311457175,0.6645161290322581,4.561704970003301e-05
sd_along,0.6,0.6245967741935484,0.00017284458966362534
sd_along,0.5261401557285873,0.6213709677419356,0.00019096877224171404
